Origin,question_options,answer_corr,data_source_corr,New_Sentences
ID0589,"What Is Your Diagnosis?

A: Pseudoxanthoma elasticum  
B: Inherited cutis laxa syndrome  
C: Pseudoxanthoma elasticum–like disorder with coagulation deficiency  
D: Pseudoxanthoma elasticum/pseudoxanthoma elasticum–like overlap syndrome",C,jama,"A skin biopsy specimen was obtained from her neck for histopathologic examination (Figure, B).A, Clinical image of the neck, axillae, and abdomen. However, her younger sister had developed the same skin symptoms"
ID0021,"What Would You Do Next?

A: Obtain a corneal culture  
B: Human immunodeficiency virus testing and lymphocyte analysis  
C: Discontinue oral acyclovir and start topical trifluridine  
D: Perform corneal topography",B,jama,His pediatrician prescribed oral acyclovir and ibuprofen as needed for pain.
ID1148,"What Is Your Diagnosis?

A: Cutaneous T-cell lymphoma (mycosis fungoides [MF])  
B: Scleromyxedema  
C: Lepromatous leprosy  
D: Scleroderma",B,jama,". Skin sensation was intact.A, Clinical image of the exaggerated skin folds of the forehead and glabella"
ID0395,"What Would You Do Next?

A: Order magnetic resonance imaging of the orbit  
B: Refer to oncology for metastatic workups  
C: Start oral prednisone therapy  
D: Schedule transscleral or transvitreal biopsy",C,jama,
ID0769,"What Would You Do Next?

A: Perform a skin biopsy with indirect immunofluorescence  
B: Obtain serum antinuclear antibody and lupus anticoagulant assay  
C: Obtain a bacterial culture of the skin lesions  
D: Obtain a urine drug screen",B,jama,
ID0809,"What Would You Do Next?

A: Start diuretic, β-blocker, and angiotensin-converting enzyme inhibitor  
B: Start diuretic, implant cardioverter defibrillator, and evaluate for cardiac transplantation  
C: Discontinue flecainide, start amiodarone and warfarin  
D: Proceed with electrophysiology study and AF ablation",B,jama,"B, Four-chamber view of transthoracic echocardiogram"
ID1150,"What Would You Do Next?

A: Computed tomographic scan of the orbits with contrast  
B: Myasthenia gravis testing  
C: Referral for strabismus surgery  
D: Thyroid function testing",A,jama,
ID0199,"What Would You Do Next?

A: Topical apraclonidine test  
B: Urgent MRI  
C: Offer carbamazepine and routine MRI  
D: Extraocular muscle surgery",C,jama,
ID1032,"What Would You Do Next?

A: Increase topical steroids  
B: Inject intravitreal antibiotics  
C: Perform vitrectomy  
D: Inject antifungal drug",A,jama,
ID0278,"What Is Your Diagnosis?

A: Mesenteric cyst  
B: Gastric duplication cyst  
C: Pancreatic pseudocyst  
D: Walled-off pancreatic necrosis",C,jama,
ID1570,"Which of the following is most strongly associated with this patient's condition?

A. Cardiac rhabdomyoma  
B. Glaucoma  
C. Optic glioma  
D. Polyostotic fibrous dysplasia",A,medbullets,
ID0852,"Which of the following is the most likely diagnosis?

A. Cerebral salt wasting  
B. Diuretic overuse  
C. Primary polydipsia  
D. Syndrome of inappropriate anti-diuretic hormone",A,medbullets,
ID0699,"What Would You Do Next?  
A: Add immunosuppressant to corticosteroid therapy  
B: Increase the prednisone dose  
C: Obtain cerebral magnetic resonance venography or computed tomographic venography  
D: Perform catheter cerebral angiography",C,jama,
ID1919,"Which of the following is the most likely diagnosis?

A. Decreased metabolism of bilirubin  
B. Increased enterohepatic circulation of bilirubin  
C. Obstruction of the extrahepatic biliary tree  
D. Obstruction of the intrahepatic biliary tree",C,medbullets,
ID0801,"This patient is most likely to have experienced a deletion on which of the following chromosomes?

A. 4p  
B. 5p  
C. 7q  
D. 15q",B,medbullets,The patient was born at 39 weeks of gestation to a 30-year-old primigravid via vaginal delivery
ID0790,"Which of the following is the most appropriate next step in management?

A. Aspirin  
B. Cardiac troponins  
C. Heparin  
D. Ventilation perfusion scan",C,medbullets,"His temperature is 99.5°F (37.5°C), blood pressure is 130/87 mmHg, pulse is 120/min, respirations are 15/min, and oxygen saturation is 93% on room air. His cardiac exam is notable for tachycardia. Pulmonary exam reveals bilateral air movement without any wheezes or crackles. The patient has a medical history of obesity, diabetes, diabetic nephropathy, hypertension, and a 40-pack-year smoking history"
ID1279,"Which of the following is the most likely diagnosis in this patient?

A. Amyotrophic lateral sclerosis  
B. Carpal tunnel syndrome  
C. Cervical spondylosis  
D. Syringomyelia",C,medbullets,"The patient’s temperature is 99.6°F (37.6°C), blood pressure is 134/80 mmHg, pulse is 90/min, and respirations are 16/min. There is no spasticity"
ID1488,"Which of the following is the most appropriate treatment for this patient's tremor?

A. Alcoholics anonymous  
B. Aripiprazole  
C. Phenobarbital  
D. Propranolol",D,medbullets,
ID0314,"Which of the following is the most appropriate next diagnostic step?

A. CYP17 gene work-up  
B. Gonadotrophin-releasing hormone stimulation test  
C. Karotype  
D. Luteinizing hormone levels",C,medbullets,Her medical history is significant for asthma and atopic dermatitis. The patient reports she is doing well in school and is on the varsity basketball team. The patient’s older sister had her first period at age 14
ID1536,"Which of the following is the most likely diagnosis?

A. Chalazion  
B. Foreign body  
C. Hordeolum  
D. Meibomian cell carcinoma",A,medbullets,
ID1051,"Which of the following arteries is most likely involved in this patient’s presentation?

A. Anterior spinal artery  
B. Lenticulostriate branches of the middle cerebral artery  
C. Pontine perforators of the basilar artery  
D. Posterior inferior cerebellar artery",A,medbullets,
ID0529,"Which of the following is the most appropriate next step in management?

A. CT scan abdomen and pelvis with contrast  
B. Renal biopsy  
C. Repeat urinalysis  
D. Urine dipstick in the morning and in the afternoon",D,medbullets,"His physical exam is unremarkable. He eats solids and drinks liquids without difficulty. His temperature is 98.6°F (37°C), blood pressure is 110/70 mmHg, pulse is 76/min, and respirations are 15/min."
ID1489,"Which of the following is the most appropriate next step in management for the most likely underlying diagnosis?

A. Blood cultures  
B. CT scan  
C. Ultrasound  
D. Vancomycin and gentamicin",A,medbullets,
ID1081,"Which of the following is the most appropriate next step in management?

A. Add lithium to treatment regimen  
B. Change treatment to duloxetine  
C. Change treatment to lithium  
D. Continue current therapy",D,medbullets,
ID1974,"Which of the following medications should this patient be started on?

A. Alprazolam  
B. Primidone  
C. Propranolol  
D. Topiramate",C,medbullets,His medical history is otherwise notable for hypertension and hyperlipidemia. His family history is significant for Parkinson disease in his father.
ID1130,"Which of the following medications is most appropriate for treating her condition?

A. Acyclovir  
B. Amoxicillin  
C. Fluconazole  
D. Trimethoprim-sulfamethoxazole",A,medbullets,
ID1153,"Which of the following is the most appropriate next step in management?

A. Lumbar puncture, ceftriaxone, vancomycin, and methylprednisolone  
B. MRI brain  
C. Vancomycin and ceftriaxone  
D. Vancomycin, ceftriaxone, and dexamethasone",A,medbullets,
ID1983,"Which of the following is the most appropriate initial therapy?

A. Benztropine  
B. Electroconvulsive therapy  
C. Haloperidol  
D. Lorazepam",D,medbullets,"When he tried to move her, she would remain in whatever position she was placed."
ID0600,"Which of the following is the most appropriate initial step in management?

A. Alprazolam  
B. Iron studies  
C. Pramipexole  
D. Supportive therapy and an exercise routine",B,medbullets,
ID0715,"What is the most appropriate next step in management?

A. Amputation  
B. Escharotomy  
C. Fasciotomy  
D. Intravenous fluid infusion based on Parkland formula",B,medbullets,
ID1900,"What Would You Do Next?

A: Administer intravenous broad-spectrum antibiotics  
B: Start a topical steroid  
C: Perform skin scraping of burrows from multiple sites  
D: Do nothing and reassure the parents",C,jama,
ID0713,"Which of the following is the most appropriate next step in management?

A. Aspirin  
B. CT angiography of the chest, abdomen, and pelvis  
C. Echocardiography  
D. Lorazepam",B,medbullets,
ID1845,"Which of the following is the most appropriate next step in management?

A. CT scan of the abdomen and pelvis  
B. CT scan of the chest  
C. HIDA scan  
D. Smoking cessation advice and primary care follow up",A,medbullets,
ID1599,"Which of the following is the most likely diagnosis?

A. Alzheimer disease  
B. Creutzfeldt-Jacob disease  
C. Frontotemporal dementia  
D. Subcortical leukoencephalopathy",B,medbullets,. His medical history is significant for gastroesophageal reflux disease for which he takes omeprazole
ID0673,"Which of the following is the most likely underlying etiology of this patient's symptoms?

A. Adhesions  
B. Enteric nervous system damage  
C. Impacted stool  
D. Twisting of the bowel",A,medbullets,He decided to come in when his symptoms worsened. Physical exam reveals a systolic murmur heard loudest along the left upper sternal border
ID0564,"Which of the following regions of his brain is most likely affected?

A. Lateral medulla  
B. Lateral pons  
C. Posterior limb of internal capsule  
D. Midbrain",D,medbullets,
ID1047,"What Would You Do Next?  
A: Order magnetic resonance imaging of the brain  
B: Order a hormone profile (thyrotropin, adrenocorticotrophic hormone, growth hormone, and testosterone) and consult endocrinology  
C: Perform a peripheral blood smear examination  
D: Order targeted genetic testing",B,jama,"The results of an optic nerve examination revealed bilateral pale optic discs with no evidence of edema and normal retinal vasculature. His color vision was defective, and his pupils were slow reactive to light"
ID1632,"Which of the following parameters including forced expiratory volume in 1 second (FEV1), forced vital capacity (FVC), and diffusing capacity of carbon monoxide (DLCO) most appropriately describes this patient's underlying pathology?

A. Increased FVC  
B. Decreased airway tone  
C. Normal DLCO  
D. Increased FEV1/FVC",C,medbullets,"Her temperature is 99.5°F (37.5°C), blood pressure is 127/68 mmHg, pulse is 120/min, respirations are 22/min, and oxygen saturation is 90% on room air"
ID1824,"Which of the following is the most likely indication to discontinue this patient's treatment?

A. Peripheral neuropathy  
B. Red body excretions  
C. Hyperuricemia  
D. Elevated liver enzymes",D,medbullets,
ID0496,"Which of the following findings is the most likely to be positive in this patient?

A. Anti-cyclic citrullinated peptide antibodies  
B. Degenerated cartilage in weight bearing joints  
C. Anti-dsDNA antibodies  
D. Anti-histone antibodies",C,medbullets,
ID1955,"Which of the following is the pathophysiology of this patient's condition?

A. Decreased gamma aminobutyric acid (GABA) levels  
B. Vitamin B6 deficiency  
C. Excess of corticotropin releasing hormone  
D. Anti-N-methyl-D-aspartate (NMDA) receptor antibodies",C,medbullets,
ID1898,"Which of the following therapies is most likely to improve survival for this patient's disease process?

A. Dextromethorphan and quinidine  
B. Tizanidine  
C. Riluzole  
D. Edaravone",C,medbullets,"When tapping the mandible at the chin while the mouth is held open, there is pronounced upward movement of the lower jaw"
ID0949,"Which of the following is the most likely cause of this patient's symptoms?

A. Alcohol intoxication  
B. Cannabinoid use  
C. Juvenile myoclonic epilepsy  
D. Absence seizures",C,medbullets,He has not noticed any other symptoms
ID0325,"What diagnostic test should this patient receive?

A. Chest radiograph  
B. Mammography  
C. Colonoscopy  
D. Vitamin D level",B,medbullets,
ID1963,"Which of the following is the most likely diagnosis?

A. Spondylolisthesis  
B. Lumbosacral strain  
C. Herniated disc  
D. Multiple myeloma",B,medbullets,
ID0619,"Which of the following is the most appropriate next step in management?

A. Botulinum toxin injection  
B. Ondansetron  
C. Diphenhydramine  
D. Observation",C,medbullets,
ID1821,"Which of the following is the most likely underlying etiology for this patient’s chief concern?

A. Hypocalcemia  
B. Hypothyroidism  
C. Hyponatremia  
D. Hypomagnesemia  

##",D,medbullets,
ID1157,"Which of the following is the most likely diagnosis?

A. Distal radius fracture  
B. Both bone forearm fracture  
C. Supracondylar humerus fracture  
D. Olecranon fracture",C,medbullets,
ID0221,"Which of the following is most likely to be present in this patient?

A. Continuous lesion beginning in the rectum  
B. Fistulae and stricture formation  
C. Worse disease severity near the ileocecal valve  
D. Perianal disease",A,medbullets,
ID0321,"What Would You Do Next?

A: Check stool for Echinococcus granulosus eggs  
B: Obtain serologic testing for E granulosus antibodies  
C: Order a lung biopsy  
D: Perform a liver biopsy",B,jama,.
ID0788,"Which of the following is the most appropriate next step in management?

A. Clindamycin  
B. Amoxicillin-clavulanate  
C. Clindamycin plus doxycycline  
D. Wound closure and amoxicillin-clavulanate",B,medbullets,
ID1508,"She can follow the command to “give me the ball and then close the door.” Which of the following is abnormal in this patient?

A. Fine motor skills  
B. Social and receptive language skills  
C. This child is developmentally normal  
D. Expressive language skills",D,medbullets,She has a vocabulary of 10-25 words that she uses in the form of 1 word commands
ID1480,"Which of the following is the most appropriate next step in management?

A. Switch to paroxetine  
B. Switch to phenelzine  
C. Electroconvulsive therapy  
D. Add mirtazapine",D,medbullets,
ID0924,"Which of the following is the most appropriate next step in management?

A. CT scan of the abdomen and pelvis with contrast  
B. FAST exam  
C. Norepinephrine infusion  
D. Diagnostic peritoneal lavage",B,medbullets,Infusion of packed red blood cells is initiated. Significant bruising is noted over the abdomen.
ID1200,"Which of the following is the most likely diagnosis in this patient?

A. Polycystic ovary syndrome  
B. Adrenal tumor  
C. Ovarian tumor  
D. Ovarian hyperthecosis",C,medbullets,17-hydroxyprogesterone: 214 ng/dL (Normal: < 200 ng/dL) Her last menstrual period was over 3 months ago and her periods have been irregular over the last year. Testosterone: 256 ng/dL Ultrasound findings are shown in Figure A.
ID0182,"Which of the following is the most appropriate treatment for this patient's condition?

A. Low-salt diet  
B. Thiamine  
C. Epley maneuver  
D. Meclizine",A,medbullets,
ID1819,"What Would You Do Next?

A: Discharge to general practitioner with no clinical recommendations  
B: Pharmacotherapy with low-dose atypical antipsychotics  
C: Clinical follow-up for at least 3 years and indicated primary prevention  
D: Treatment with ω-3 fish oil dietary supplementation",C,jama,
ID0048,"Which of the following is the most appropriate next step in management?

A. Combined oral contraceptive  
B. Increase levothyroxine dose  
C. Brain MRI  
D. Estradiol patch with oral medroxyprogesterone",D,medbullets,
ID1602,"Which of the following is the most appropriate next step in treatment for this patient?

A. Supportive therapy only  
B. Vancomycin and clindamycin  
C. Cefoxitin and doxycycline  
D. Vancomycin and gentamicin",A,medbullets,"The next morning, the patient experiences chills and a light red voluminous discharge from her vagina."
ID0046,"Which of the following is most likely to be abnormal in this patient?

A. IgA and IgG  
B. Calcium  
C. T-cells  
D. IgM",D,medbullets,"There are large, non-tender palpable lymph nodes in the patient's inguinal region. The patient also endorses increased sweating at night and new-onset headaches. He currently feels dizzy"
ID0215,"What Would You Do Next?

A: Increase her topical corticosteroid dosage  
B: Further taper her corticosteroid dosage and start a cycloplegic agent to break posterior synechiae  
C: Perform AC paracentesis and send fluid for viral polymerase chain reaction analysis  
D: Perform urgent peripheral iridotomy given IOP asymmetry",B,jama,
ID0495,"Which of the following is the most appropriate next step in management?

A. Interferon-gamma release assay  
B. CT of the chest without contrast  
C. Barium swallow  
D. Serum immunoglobulin levels",B,medbullets,He is sexually active with his wife. Physical exam is notable for decreased breath sounds on the right side without wheezing and increased dullness to percussion on the right side. A chest radiograph is ordered and reveals a consolidation in the right middle lobe
ID0662,"Which of the following is this patient most likely demonstrating?

A. Intellectualization  
B. Pessimism  
C. Rationalization  
D. Optimism",A,medbullets,A CT scan of the abdomen is performed demonstrating a mass in the colon with multiple metastatic lesions scattered throughout the abdomen. A 57-year-old man presents to the emergency department for weight loss and abdominal pain
ID0115,"Which of the following is most likely to be found on histology?

A. Crypt abscesses in the large intestine  
B. Mucosal defect in the stomach  
C. Noncaseating granulomas in the small intestine  
D. Urease-producing organism in the small intestine",D,medbullets,
ID1496,"Which of the following is the most appropriate next step in management?

A. Emergent surgical intervention  
B. Wound closure  
C. Observation  
D. CT scan of the left lower extremity",A,medbullets,"Pressure is removed from the wound, and pulsatile bleeding from the wound is noted."
ID1439,"Which of the following is the most likely cause of this patient's amenorrhea?

A. Hypothyroidism  
B. Functional hypothalamic amenorrhea  
C. Anorexia nervosa  
D. Polycystic ovarian syndrome",B,medbullets,"She denies alcohol use, smoking, and recreational drugs"
ID1116,"Which of the following is the most appropriate next step in management?

A. Barium swallow  
B. Upper endoscopy  
C. Helicobacter pylori stool antigen test  
D. Trial of lansoprazole",B,medbullets,
ID1685,"Which of the following is the most appropriate next step in management?

A. Doxycycline  
B. Ampicillin and sulbactam  
C. Amoxicillin and clavulanate  
D. Flucanozole",B,medbullets,
ID0247,"Which of the following is most likely deficient in this patient?

A. Thiamine  
B. Vitamin C  
C. Zinc  
D. Riboflavin",C,medbullets,
ID1158,"Which of the following is the most appropriate next step in management?

A. Upper gastrointestinal series  
B. Sweat testing  
C. Abdominal radiograph  
D. Abdominal CT",C,medbullets,
ID0974,"Which of the following would most likely be seen on a peripheral blood smear in this patient?

A. Schistocytes  
B. Codocytes  
C. Acanthocytes  
D. Degmacytes",D,medbullets,
ID1271,"Which of the following is the most appropriate therapy for this patient?

A. Ceftriaxone  
B. Ofloxacin ear drops  
C. Amoxicillin  
D. Vancomycin and piperacillin-tazobactam",D,medbullets,
ID1553,"Which of the following is the most appropriate next step in management?

A. Reassurance and counseling on positioning  
B. Switch to hydrolyzed formula  
C. Recommend modification of mother’s diet  
D. Initiate proton pump inhibitor",A,medbullets,"His abdomen is soft, non-tender and non-distended. She reports that about 2 weeks ago the patient began regurgitating breastmilk through his nose and mouth after some feeds. She denies any diarrhea, hematochezia, or family history of food allergies."
ID1093,"Which of the following is an additional milestone associated with this child’s age?  
A. Cuts with scissors  
B. Turns pages in book  
C. Follows two-step commands  
D. Points to one body part",C,medbullets,"On physical exam, she appears well developed and well nourished, and she is following along her growth curves."
ID0693,"Which of the following is the most appropriate test in making the diagnosis?

A. Lower endoscopy  
B. Bowel wall biopsy  
C. CT scan of the abdomen  
D. Stool ova and parasite assay",D,medbullets,
ID1895,"Which of the following is the most likely diagnosis?

A. Ankylosing spondylitis  
B. Osteomyelitis  
C. Degenerative spine disease  
D. Metastatic tumor",B,medbullets,.
ID1218,"What is the most likely cause of this presentation?

A. Iatrogenic hypoparathyroidism  
B. Somatization  
C. Multiple endocrine neoplasia  
D. Hyperkalemia",A,medbullets,Her visual acuity is decreased bilaterally
ID0893,"Which of the following is the most appropriate next step for definitively determining whether this patient’s fetus has Down syndrome?

A. Anatomy ultrasound  
B. Genetic testing of patient’s sister  
C. Nuchal translucency test  
D. Chorionic villus sampling",D,medbullets,
ID1384,"Which of the following is the most appropriate next step in management?

A. Reassurance  
B. Vaginal culture  
C. Warm water irrigation of the vagina  
D. Report to child protective services",A,medbullets,
ID1833,"Which of the following is the most likely diagnosis?

A. Idiopathic intracranial hypertension  
B. Meniere disease  
C. Giant cell arteritis  
D. Cerebrovascular accident",A,medbullets,Neurological exam reveals papilledema upon examination of both eyes.
ID0249,"This condition is most likely associated with which of the following additional findings?

A. Ventricular septal defect  
B. Bicuspid aortic valve  
C. A normal cardiac exam  
D. Tetralogy of Fallot",C,medbullets,
ID1945,"Which of the following is the most accurate test to confirm this patient’s diagnosis?

A. Serum creatine kinase  
B. Muscle biopsy  
C. Electromyography  
D. Serum aldolase",B,medbullets,She has 3/5 strength to shoulder abduction and hip flexion bilaterally. No skin rashes are noted. Her medical history is significant for hypertension treated with lifestyle modification and gastroesophageal reflux disease (GERD)
ID0238,"Which of the following is the most appropriate next step in management?

A. Abdominal ultrasound  
B. Thickening feeds  
C. MRI of the head  
D. Intravenous hydration",D,medbullets,
ID0759,"Which of the following is the most appropriate next step in management?

A. Provide reassurance  
B. Counsel on positioning and thickening feeds  
C. Obtain abdominal ultrasound  
D. Initiate proton pump inhibitor",B,medbullets,
ID0844,"This patient is at increased future risk of which of the following?

A. Endometrial carcinoma  
B. Ovarian cancer  
C. Type 1 diabetes mellitus  
D. Virilization",A,medbullets,
ID1494,"Which of the following is the most likely diagnosis?

A. Atopic dermatitis  
B. Lichen planus  
C. Scabies  
D. Psoriasis",B,medbullets,
ID0152,"Which of the following cardiac findings would be expected on physical exam?

A. Heart sound after S2  
B. Holosystolic murmur at the apex  
C. Heart sound before S1  
D. Fixed splitting of S1 and S2",C,medbullets,
ID1338,"Which of the following is the most likely diagnosis?

A. Normal aging  
B. Delayed sleep phase disorder  
C. Chronic insomnia  
D. Advanced sleep phase disorder",D,medbullets,
ID1718,"Which of the following is the most appropriate next step in management?

A. Elective surgical management  
B. Immediate surgical management  
C. Expectant management  
D. Histopathologic evaluation",C,medbullets,
ID1468,"This child is most likely to develop which of the following complications?

A. Thromboembolic stroke  
B. Wilms tumor  
C. Osteoarthritis  
D. Aortic dissection",A,medbullets,
ID1539,"Which of the following is the most likely cause of this patient’s symptoms?

A. Extra copy of sex chromosome  
B. Mutation of RET proto-oncogene  
C. Defective metabolism of methionine  
D. Mutation of chromosome 15",D,medbullets,His medical history is otherwise significant for scoliosis which is managed by an orthopedic surgeon.
ID0244,"Which of the following is the most likely diagnosis?

A. Normal pressure hydrocephalus  
B. Frontotemporal dementia  
C. Alzheimer dementia  
D. Creutzfeldt-Jakob disease",C,medbullets,
ID0185,"Which of the following is the most appropriate next step in management?

A. Intensive phototherapy  
B. Incision and drainage  
C. Red blood cell transfusion  
D. Observation only",D,medbullets,
ID0887,"Which of the following is the most appropriate next step in management?

A. Abdominal CT  
B. Colonoscopy  
C. Ultrasound of abdomen  
D. Barium enema",B,medbullets,
ID1394,"Which of the following physiological changes would most likely be seen in this patient?

A. Increased dopamine  
B. Decreased orexin  
C. Decreased melatonin  
D. Increased norepinephrine",C,medbullets,
ID1378,"Which of the following is the most appropriate next step in management?

A. Edrophonium  
B. Plasmapheresis  
C. Thymectomy  
D. Atropine",B,medbullets,"pH: 7.30 His temperature is 99.0°F (37.2°C), blood pressure is 128/78 mmHg, pulse is 92/min, and respirations are 28/min with an oxygen saturation of 86% O2 on room air."
ID0470,"Which of the following is the most likely diagnosis?

A. Pyloric stenosis  
B. Intestinal malrotation  
C. Hirschsprung disease  
D. Meconium ileus",C,medbullets,
ID0885,"Which of the following is the most likely etiology of this patient’s presentation?

A. CGG trinucleotide repeat disorder  
B. Anabolic steroid use  
C. Failure of neuronal migration  
D. Meiotic nondisjunction",D,medbullets,Laboratory testing is performed and reveals the following: Luteinizing hormone (LH): 38 mIU/mL
ID1704,"Which of the following is the most likely diagnosis?

A. Brief psychotic disorder  
B. Schizoid personality disorder  
C. Schizotypal personality disorder  
D. Schizophrenia",C,medbullets,"A 25-year-old man presents to his primary care physician with a chief complaint of ""failing health."" He states that he typically can converse with animals via telepathy but is having trouble right now due to the weather."
ID1228,"Which of the following is the most appropriate next step in management?

A. Lactated ringer bolus  
B. N-acetylcysteine  
C. Charcoal  
D. Syrup of ipecac",B,medbullets,
ID1413,"Which of the following is the most likely diagnosis?

A. Plantar fasciitis  
B. Vitamin B12 deficiency  
C. Tarsal tunnel syndrome  
D. Herniated disc",C,medbullets,"On physical exam, the patient states that he is currently not experiencing any pain in his foot but rather is experiencing numbness/tingling along the plantar surface of his foot. When running and at rest he has a burning and aching pain along the bottom of his foot that sometimes turns to numbness"
ID1142,"Which of the following treatments most directly addresses the underlying cause of this patient's symptoms?

A. Fluconazole  
B. Dexamethasone  
C. Acyclovir  
D. Amphotericin B and 5-flucytosine",D,medbullets,"India ink stain: Positive A review of systems is significant for a low-grade fever, night sweats, cough, malaise, poor appetite, and unintentional weight loss of 12 pounds in the last 2 months. On physical exam, pain is elicited upon passive flexion of the patient’s neck"
ID1822,"Which of the following is the most appropriate next step in management?

A. Testicular ultrasound  
B. Radiograph of the hand and wrist  
C. Karyotyping  
D. Reassurance with close follow-up",B,medbullets,
ID0032,"Which of the following is the most likely diagnosis?

A. Ductal carcinoma in situ  
B. Mammary duct ectasia  
C. Invasive ductal carcinoma  
D. Intraductal papilloma",D,medbullets,
ID1073,"What Would You Do Next?  
A: Ultrasound biomicroscopy  
B: Uveitis workup and steroids  
C: Thyroid profile  
D: Magnetic resonance imaging with magnetic resonance angiography or digital subtraction angiography",D,jama,Intraocular pressure was 16 mm Hg by Goldman applanation tonometry in both eyes. Pupillary reaction and color vision were normal in both eyes
ID1452,"Which of the following is the most likely underlying pathophysiology?

A. Anti-platelet antibodies  
B. Von Willebrand factor deficiency  
C. GP1b deficiency  
D. Factor 8 deficiency",D,medbullets,Partial thromboplastin time (PTT): 56 seconds A 6-year-old boy presents to the emergency department after falling from his scooter. Laboratory tests are performed and reveal the following: His parents deny that he has an abnormal number of nosebleeds or bleeding from the gums
ID0111,"Which of the following is most likely to confirm the diagnosis?

A. Hysteroscopy  
B. Abdominal ultrasound  
C. Hysterosalpingogram  
D. Laparoscopy",D,medbullets,
ID1343,"Which of the following is the most appropriate next step in management?

A. Repeat HIV serology and initiate triple antiretroviral therapy if negative  
B. Immediately initiate triple antiretroviral therapy  
C. Repeat HIV serology and initiate triple antiretroviral therapy if positive  
D. Repeat HIV serology and initiate triple antiretroviral therapy immediately",D,medbullets,
ID0923,"Which of the following is the most likely etiology of this patient's symptoms?

A. Arsenic  
B. Cyanide  
C. Acetaminophen  
D. Iron",A,medbullets,"A 27-year-old man presents to the emergency department with altered mental status. His temperature is 98.3°F (36.8°C), blood pressure is 107/75 mmHg, pulse is 110/min, respirations are 22/min, and oxygen saturation is 99% on room air"
ID1202,"Which of the following most appropriately would have prevented this infant's condition?

A. Topical erythromycin  
B. Topical bacitracin  
C. Artificial tears  
D. Oral erythromycin",A,medbullets,
ID0029,"Which of the following is most likely to be seen on further workup?

A. Dorsal striatum atrophy on head CT  
B. Neurofibrillary tangles on brain biopsy  
C. Alpha-synuclein aggregates on brain biopsy  
D. Frontotemporal atrophy on head CT",A,medbullets,"The patient met his mother once and never knew his father but was told he died in his 50s. The patient’s medical history is significant for hypertension, for which he takes lisinopril. Whereas he was previously outgoing and “the life of the party,” the patient is now irritable and withdrawn. His family history is unknown as he was adopted"
ID0403,"Which of the following is a likely complication of this patient’s condition?

A. Endometrial cancer  
B. Iron deficiency anemia  
C. Uterine prolapse  
D. Uterine sarcoma",B,medbullets,
ID1880,"This patient’s condition affects the space in between which of the following brain layers?

A. Periosteum and galea aponeurosis  
B. Arachnoid mater and pia mater  
C. Dura mater and arachnoid mater  
D. Skull and dura mater",B,medbullets,
ID1927,"Which of the following is the most appropriate initial step in management?

A. Polysomnography
B. Sleep hygiene education
C. Alprazolam
D. Melatonin",B,medbullets,"A 25-year-old man presents to his primary care physician with anxiety and fatigue. On physical exam, the patient is a tired and anxious appearing young man. Otherwise, the patient has no significant medical history and is not taking any medications"
ID0034,"Which of the following is the most likely disorder that this patient is suffering from?

A. Paranoid personality disorder  
B. Borderline personality disorder  
C. Narcissistic personality disorder  
D. Schizoid personality disorder",A,medbullets,
ID0987,"Which of the following is most likely to prevent future episodes of headache in this patient?

A. Verapamil  
B. Sumatriptan  
C. Carbamazepine  
D. High-flow oxygen",A,medbullets,
ID1262,"Which of the following is the most appropriate treatment for this patient during these episodes?

A. Topiramate  
B. Sumatriptan  
C. Acetazolamide  
D. High-flow oxygen",B,medbullets,
ID1846,"Which of the following is the most likely diagnosis?

A. Subarachnoid hemorrhage  
B. Fat-soluble vitamin overuse  
C. Migraine headache  
D. Bacterial meningitis",B,medbullets,
ID0438,"In most states, which of the following is the most appropriate next step in the management for this patient?

A. Prescribe misoprostol pill  
B. Prescribe levonorgestrel pill  
C. Obtain parental consent before providing emergency contraception  
D. Prescribe high-dose oral contraceptives",B,medbullets,
ID1269,"Which of the following is the most appropriate initial step in management?

A. Ethosuximide  
B. Zolpidem  
C. Bright light therapy and decreased light at night  
D. Modafinil",C,medbullets,
ID0305,"Which of the following is the most appropriate next step in management?

A. Laparoscopy  
B. ERCP with manometry  
C. Analgesics and await resolution of symptoms  
D. MRI of the abdomen",B,medbullets,
ID0835,"Which of the following is the most appropriate next step in management?

A. Clozapine  
B. Thioridazine  
C. Chlorpromazine  
D. Fluphenazine",A,medbullets,
ID0198,"Which of the following is the most likely diagnosis?

A. Nephrotic syndrome  
B. Factor V Leiden  
C. Liver failure  
D. Antithrombin III deficiency",A,medbullets,Creatinine: 1.7 mg/dL Urea nitrogen: 22 mg/dL Laboratory studies are shown below
ID1534,"Which of the following is the most appropriate next step in management?

A. Metronidazole  
B. Nitrofurantoin  
C. Vaginal moisturizers  
D. Topical clobetasol",C,medbullets,She has a history of chlamydial infection in her 20's and has had 3 urinary tract infections over the past year
ID1475,"Which of the following is the most likely cause of this patient’s infertility?

A. Klinefelter syndrome  
B. Cryptorchidism  
C. Anabolic steroid use  
D. Excess growth hormone use",C,medbullets,"Glucose: 110 mg/dL Aspartate aminotransferase (AST, GOT): 410 U/L Serum:"
ID0546,"Which of the following components of this patient’s history most strongly predisposed him to this condition?

A. Low BMI  
B. Scuba diving  
C. Alcohol use  
D. History of sickle cell disease",D,medbullets,
ID1024,"Which of the following is the most appropriate next step in management for this patient?

A. Perform a Bielschowsky head tilt test  
B. Brain MRI  
C. Patch the left eye  
D. Patch the right eye",D,medbullets,
ID1245,"Which of the following tests will most appropriately assess this patient’s future risk of foot ulcers?

A. Knee reflex testing  
B. Monofilament testing  
C. Contrast-enhanced foot magnetic resonance imaging  
D. Ankle-brachial index",B,medbullets,"His temperature is 98.6°F (37.0°C), blood pressure is 115/70 mmHg, pulse is 70/min, and respirations are 12/min."
ID0468,"Which of the following factors plays the earliest role in the progression towards this patient’s presentation?

A. Increased cerebrospinal fluid  
B. Aneurysmal rupture  
C. Cerebral atrophy  
D. Hypertension",C,medbullets,"While she was talking to him, he fell asleep and was difficult to rouse"
ID1637,"Which of the following is most likely to confirm the diagnosis?

A. CT imaging of abdomen and pelvis  
B. Rectal swab for selective anaerobic culture  
C. Abdominal radiograph  
D. Stool toxin assay",D,medbullets,
ID0810,"Which of the following is the most appropriate screening test for nephropathy in this patient?

A. Creatinine clearance  
B. Oral glucose tolerance test  
C. Urine albumin-to-creatinine ratio  
D. Hemoglobin A1c",C,medbullets,K+: 4.4 mEq/L HCO3-: 21 mEq/L Laboratory studies are performed and show: Serum:
ID1246,"Which of the following is most likely to be present in this patient?

A. Increased serum methylmalonic acid level  
B. Microcytes  
C. Decreased serum homocysteine level  
D. Prolonged partial thromboplastin time",A,medbullets,
ID1137,"This fetus is most likely at increased risk for which of the following complications?

A. Neonatal hyperglycemia  
B. Neural tube defect  
C. Oligohydramnios  
D. Post-term delivery",B,medbullets,
ID0732,"8. Which of the following is the correct vaccination plan for this infant in terms of the vaccinations below?

- Diphtheria, Tetanus, and acellular Pertussis - DTaP
- Hepatitis A - HAV
- Hepatitis B - HBV
- Haemophilus influenzae type B conjugate - HiB
- Pneumococcal conjugate - PCV 13

A. Delay all vaccines for 2 months due to the infant's history of NRDS  
B. Administer DTaP, HAV, HBV, HiB, PCV 13, poliovirus, and rotavirus vaccines  
C. Administer DTaP, HBV, HiB, PCV 13, poliovirus, and rotavirus vaccines  
D. Delay all vaccines for 2 months because the infant was born 2 months premature",C,medbullets,"Her temperature is 98.6°F (37.0°C), blood pressure is 80/50 mmHg, pulse is 120/min, and respirations are 25/min"
ID0447,"Which of the following is the most likely diagnosis?

A. Celiac disease  
B. Crohn disease  
C. Whipple disease  
D. Tropical sprue",D,medbullets,"Mean corpuscular volume (MCV): 116 µm^3 Leukocyte count: 4,500/mm^3 Labs are obtained and show the following results: Her medical history is significant for mild intermittent asthma for which she uses an albuterol inhaler as needed."
ID0841,"Which of the following is the most appropriate management?

A. Atropine  
B. Flumazenil  
C. Observation  
D. Naloxone",C,medbullets,
ID0177,"Which of the following is the most appropriate next step in management?

A. Propylthiouracil  
B. Fine needle aspiration  
C. Radioiodine ablation  
D. Surgical removal of the mass",B,medbullets,
ID1307,"Which of the following vaccine regimens is indicated in this patient?

A. Tetanus, diphtheria, acellular pertussis, and influenza  
B. Tetanus and diphtheria  
C. Influenza  
D. Tetanus, diphtheria, and acellular pertussis",D,medbullets,
ID1422,"Which of the following is the most likely cause of this patient's symptoms?

A. Erosion into a gastric vessel  
B. Submucosal esophageal tear  
C. Vascular malformation  
D. Malignancy",C,medbullets,
ID1249,"Which of the following is the most appropriate next step in management?

A. Lateral canthotomy  
B. Cyclopentolate  
C. Topical timolol and pilocarpine  
D. Orbital ultrasound",A,medbullets,The patient is otherwise healthy and does not take any medications
ID0861,"Which of the following is the most appropriate next step in management?

A. Vancomycin  
B. Ampicillin-sulbactam  
C. Rifampin, isoniazid, pyrazinamide, and ethambutol (RIPE) therapy  
D. Itraconazole",C,medbullets,
ID1329,"Which of the following is the most likely diagnosis?

A. Cerebellar stroke  
B. Essential tremor  
C. Lacunar stroke  
D. Parkinson disease",D,medbullets,
ID1278,"Which of the following is the most appropriate next step in management?

A. Refer to genetic testing  
B. Speech and language assessment  
C. Audiometry testing  
D. Parent and teacher ADHD rating scales",C,medbullets,
ID0623,"Which of the following is the most likely diagnosis?

A. Stable angina  
B. Costochondritis  
C. ST elevation myocardial infarction  
D. Unstable angina",A,medbullets,
ID1345,"Which of the following is the most appropriate treatment for this patient?

A. Methylphenidate  
B. Fluoxetine  
C. Haloperidol  
D. Dextroamphetamine",C,medbullets,
ID1636,"Which of the following is the most appropriate prophylactic treatment?

A. Sumatriptan  
B. Verapamil  
C. Ibuprofen  
D. Propranolol",B,medbullets,
ID0067,"Which of the following is the most appropriate course of action for the medical student?

A. Ask the resident if the patient’s family or the patient has been consented for this procedure  
B. Contact the patient's family to ask for permission to perform the procedure  
C. Intubate the patient with the resident's supervision  
D. Report the resident to hospital administration",A,medbullets,A medical student rotating in the intensive care unit asked if she can practice performing intubations during her rotation
ID1838,"Which of the following is the most likely etiology of this patient’s symptoms?

A. Insulin overdose  
B. Beta cell tumor  
C. Sulfonylurea overdose  
D. Beta cell destruction",B,medbullets,"C-peptide level: 55 ng/mL (normal < 5 ng/mL) Sulfonylurea level: undetectable She lives with her mother who has diabetes whose medications include metformin, insulin, lisinopril, amlodipine, and glyburide. Glucose: 29 mg/dL This has happened several times this past month with increasing frequency"
ID1768,"Which of the following is the most appropriate next step in management?

A. Change medication to bupropion  
B. Increase dose of current medication  
C. Maintain dose of current medication  
D. Change medication to escitalopram",C,medbullets,He started taking fluoxetine 3 weeks ago when he was diagnosed with major depressive disorder after a divorce.
ID0599,"Which of the following is the most appropriate next step in management?

A. Prednisone  
B. Epley maneuver  
C. MRI brain  
D. CT head",A,medbullets,"His temperature is 98.0°F (36.7°C), blood pressure is 122/84 mmHg, pulse is 80/min, respirations are 16/min, and oxygen saturation is 98% on room air. He has no past medical history and takes no medications"
ID0082,"Which of the following is the most likely etiology of this patient’s symptoms?

A. Amiodarone  
B. Digoxin  
C. Diltiazem  
D. Procainamide",B,medbullets,
ID0526,"Which of the following is the most likely diagnosis?

A. Acute lymphoblastic leukemia  
B. Chronic lymphocytic leukemia  
C. Multiple myeloma  
D. Chronic myelogenous leukemia",D,medbullets,"Leukocyte count: 57,500/mm^3 with 35% blasts His temperature is 100°F (37.8°C), blood pressure is 122/90 mmHg, pulse is 84/min, respirations are 16/min, and oxygen saturation is 99% on room air."
ID1313,"Which of the following is the most effective therapy for this patient?

A. Diphenhydramine  
B. Dexamethasone  
C. Fresh frozen plasma  
D. Epinephrine",C,medbullets,
ID1552,"Which of the following is the most appropriate next step in management?

A. Stool PCR
B. Ciprofloxacin
C. Stool ova and parasite study
D. Rest and oral rehydration",D,medbullets,A 30-year-old man presents to the emergency department with diarrhea.
ID0396,"Which of the following is the most appropriate treatment?

A. Sacubitril and valsartan  
B. Furosemide  
C. Ivabradine  
D. Metoprolol",B,medbullets,
ID0382,"Which of the following is the most appropriate treatment for this patient?

A. Electroconvulsive therapy  
B. Mirtazapine  
C. Bupropion  
D. Phenelzine",C,medbullets,
ID1371,"Which of the following is the most likely underlying pathophysiology of this patient’s condition?

A. Alpha cell tumor  
B. Hypercortisolism  
C. Beta cell destruction  
D. Insulin resistance",A,medbullets,He states that the rash is painful
ID1693,"Which of the following is the most likely diagnosis?

A. Restrictive cardiomyopathy  
B. Myocardial infarction  
C. Constrictive pericarditis  
D. Pulmonary embolism",C,medbullets,A 55-year-old man presents to the emergency department with worsening dyspnea over the past 48 hours.
ID0833,"Which of the following is the most likely diagnosis?

A. Diffuse axonal injury  
B. Epidural hematoma  
C. Concussion  
D. Subarachnoid hemorrhage",C,medbullets,
ID0309,"Which of the following is the most appropriate next step in management?

A. Magnesium  
B. Labetalol  
C. Ondansetron and morphine  
D. CT head",A,medbullets,"Her temperature is 98.0°F (36.7°C), blood pressure is 194/104 mmHg, pulse is 100/min, respirations are 18/min, and oxygen saturation is 98% on room air."
ID0901,"Which of the following is the most appropriate management?

A. Diazepam  
B. Observation  
C. Sumatriptan  
D. CT head",B,medbullets,"She has taken him to a free health clinic to have him seen by a doctor who prescribed medication; however, she has been unable to fill the prescription. After the episode, the child was non-responsive but was breathing on his own"
ID0601,"Which of the following is the most appropriate management for this patient?

A. Testing for HIV, fecal occult blood, and sexually transmitted diseases  
B. CT scan of the abdomen and pelvis  
C. Surgical excision  
D. Topical lidocaine, sitz baths, and fiber supplements",A,medbullets,
ID1882,"Which of the following should be administered first?

A. Penicillin  
B. Piperacillin-tazobactam  
C. Meropenem  
D. Clindamycin",D,medbullets,
ID0784,"Which of the following is the most appropriate next step in management?

A. Prednisone taper  
B. Bilateral adrenalectomy, prednisone, and fludrocortisone  
C. Rifamycin, isoniazid, pyrazinamide, ethambutol, and hydrocortisone therapy  
D. Hydrocortisone and immunoglobulin therapy",C,medbullets,Cl-: 96 mEq/L His physical exam is significant for hyperpigmentation of the oral mucosa and temporal muscle wasting.
ID1668,"Which of the following is the most appropriate next step in management?

A. Digoxin  
B. Albuterol and prednisone  
C. Intubation  
D. Metoprolol",A,medbullets,"The patient is started on BiPAP, and his oxygen saturation improves to 94%."
ID0845,"Which of the following is most likely to confirm the underlying cause of this patient's symptoms?

A. Perform an echocardiogram  
B. Administer glucagon  
C. Check serum TSH and free T4 levels  
D. Perform a CT scan of the head",C,medbullets,"The patient has dementia at baseline and is minimally interactive. This morning, she was found to be obtunded. Physical exam reveals an obtunded woman who only withdraws her extremities to pain."
ID0330,"Which of the following is the most likely diagnosis?

A. Vagal event  
B. Seizure  
C. Blood vessel narrowing  
D. Stroke",C,medbullets,
ID1565,"Which of the following is the most appropriate next step in management?

A. Increase fiber in diet  
B. Colonoscopy  
C. Observation  
D. Sigmoidoscopy",B,medbullets,
ID0028,"Which of the following is the most likely diagnosis?

A. Chronic lymphocytic leukemia  
B. Acute lymphoblastic leukemia  
C. Hairy cell leukemia  
D. Chronic myelogenous leukemia",A,medbullets,"Leukocyte count: 67,500/mm^3 He states that he has been a bit more fatigued lately but believes it is secondary to poor sleep at his new house. Platelet count: 119,000/mm^3 His temperature is 98.0°F (36.7°C), blood pressure is 141/90 mmHg, pulse is 82/min, respirations are 16/min, and oxygen saturation is 98% on room air"
ID1541,"Which of the following is the most appropriate management of this patient's elevated troponin?

A. Aspirin, heparin, clopidogrel, and cardiac catheterization  
B. Ringer lactate bolus  
C. Metoprolol and aspirin  
D. Obtain a urinalysis and creatine phosphokinase level",B,medbullets,Troponin: 0.10 mcg/L (normal < 0.01 mcg/L) A 75-year-old man presents to the emergency department with fatigue.
ID1402,"What Would You Do Next?

A: Perform laser iridotomy  
B: Perform an emergent pars plana vitrectomy/lensectomy  
C: Instill atropine and IOP-lowering drops and place the patient in a supine position  
D: Instill pilocarpine and IOP-lowering drops",C,jama,Her lenses had been observed for years without intervention
ID0473,"Which of the following is the most appropriate initial step in management?

A. Octreotide  
B. Ceftriaxone  
C. Nadolol  
D. Platelet transfusion",A,medbullets,
ID0363,"Which of the following is the most likely etiology of this patient's symptoms?

A. Intracerebral hemorrhage  
B. Subdural hematoma  
C. Subarachnoid hemorrhage  
D. Epidural hematoma",A,medbullets,A fingerstick blood glucose is 122 mg/dL
ID1738,"Which of the following is the most likely diagnosis?

A. Premenstrual dysophoric disorder  
B. Premenstrual syndrome  
C. Major depressive disorder  
D. Generalized anxiety disorder",A,medbullets,
ID1526,"Which of the following is the most likely diagnosis?

A. Overflow incontinence  
B. Urge incontinence  
C. Stress incontinence  
D. Mixed urinary incontinence",B,medbullets,
ID1938,"Which of the following is contraindicated in the management of this patient?

A. Loperamide  
B. Norepinephrine  
C. Ceftriaxone  
D. Normal saline",A,medbullets,
ID0535,"Which of the following is the most likely diagnosis?

A. Osteoarthritis  
B. Vertebral compression fracture  
C. Lumbar strain  
D. Disc herniation",C,medbullets,. A 42-year-old man presents to the urgent care clinic with low back pain. There is tenderness to palpation of his paravertebral lumbar region bilaterally
ID0162,"Which of the following is the most likely diagnosis?

A. Urethral diverticulum  
B. Overflow incontinence  
C. Stress urinary incontinence  
D. Pelvic organ prolapse",A,medbullets,
ID1193,"What Would You Do Next?

A: Evaluate for congenital adrenal hyperplasia with serum 17-hydroxyprogesterone.
B: Evaluate for primary adrenal insufficiency with a 250-μg corticotropin stimulation test.
C: Evaluate for a pituitary adenoma with magnetic resonance imaging.
D: Evaluate for a laboratory error by repeating tests for serum adrenocorticotropic hormone and cortisol.",B,jama,
ID1070,"What Would You Do Next?

A: Check angiotensin-converting enzyme level  
B: Stop azathioprine  
C: Commence corticosteroids  
D: Perform a punch skin biopsy",B,jama,
ID1204,"What Is Your Diagnosis?

A: Fibroepithelial polyps  
B: External hemorrhoids  
C: Granulomatous manifestation of inflammatory bowel disease  
D: Condyloma acuminata",C,jama,
ID0216,"What is the next best step in managing this patient’s condition?

A. Repeating the urine dipstick test  
B. 24-hour urine collection  
C. Referring to a nephrologist immediately  
D. Ordering a renal biopsy  
E. Performing a kidney ultrasound  
F. Prescribing a low-protein diet  
G. Testing for urinary Bence Jones proteins  
H. Starting captopril  
I. Measuring serum albumin and creatinine  
J. Initiating corticosteroid therapy",A,medxpert,"A 43-year-old male patient attends a routine primary care visit where urinalysis reveals 3+ protein and 1–2 red blood cells per high-power field, with no other abnormalities"
ID0207,"The most likely location of the damaged structure is:

A. At the sacroiliac joint  
B. Between T12 and L1  
C. Between L3 and L5  
D. Between L4 and L5  
E. Between L1 and L2  
F. At the coccygeal plexus  
G. Between L5 and S1  
H. Within the piriformis muscle  
I. Between L2 and L3  
J. Between L3 and L4",J,medxpert,
ID0860,"What is the most likely diagnosis?

A. Anticholinergic toxicity  
B. Exertional heat stroke  
C. Malignant hyperthermia  
D. Neuroleptic malignant syndrome  
E. Central nervous system infection  
F. Drug-induced hyperthermia  
G. Septic shock  
H. Nonexertional heat stroke  
I. Thyroid storm  
J. Status epilepticus",B,medxpert,He underwent an appendectomy two months ago
ID0478,"What Would You Do Next?

A: Perform a serum test for autoantibodies  
B: Perform a tensilon test  
C: Perform magnetic resonance venography  
D: Restart antibiotic treatment and arrange for an otorhinolaryngology follow-up examination",A,jama,
ID0416,"What is the most likely diagnosis for this patient?

A. T4 NRRSR  
B. T5 NSLSL  
C. T2–T6 NSLRR  
D. T5 ERRSL  
E. T6 FRLSR  
F. T5 NRRSL  
G. T6 ERLSL  
H. T4 FRLSL  
I. T5 FRRSR  
J. T6 FRRSL",I,medxpert,
ID1664,"What Would You Do Next?

A: Observe the patient  
B: Perform pars plana vitrectomy  
C: Treat with systemic chemotherapy  
D: Treat with combined systemic chemotherapy and pars plana vitrectomy",D,jama,
ID0831,"Which of the following is the most appropriate next step in management?

A. MRI with contrast  
B. Empiric broad-spectrum antibiotics  
C. CT-guided needle aspiration  
D. Bone scan  
E. Surgical debridement  
F. Bone biopsy of the right femur  
G. Anti-inflammatory therapy  
H. Nafcillin therapy  
I. Arthrocentesis  
J. Blood culture and observation",F,medxpert,
ID1717,"What is the most appropriate next step in managing this patient?

A. Dual-energy x-ray absorptiometry  
B. Transesophageal echocardiography  
C. Carotid doppler ultrasound  
D. Mammography screening  
E. 24-hour ambulatory blood pressure monitoring  
F. Spirometry testing  
G. Stress echocardiography  
H. Low-dose CT scan of the chest  
I. Comprehensive metabolic panel  
J. Serum alcohol level measurement",A,medxpert,
ID0581,"What is the most appropriate next step in managing this patient?

A. Surgical thrombectomy  
B. Inferior vena cava filter  
C. Unfractionated heparin therapy  
E. Aspirin therapy only  
F. Prophylactic antibiotics for cellulitis  
G. Oral warfarin therapy  
H. Compression stockings and observation  
J. Low molecular weight heparin therapy",B,medxpert,
ID0957,"What is the most likely underlying pathology in this case?

A. Tetralogy of Fallot  
B. Patent ductus arteriosus  
C. Double outlet right ventricle  
D. Hypoplastic left heart syndrome  
E. Ebstein anomaly  
F. Total anomalous pulmonary venous connection  
G. Tricuspid atresia  
H. Transposition of the great arteries  
I. Atrioventricular septal defect  
J. Truncus arteriosus",J,medxpert,"Current vital signs show: temperature 98.6 ºF, blood pressure 80/40 mmHg, heart rate 200/min, and respiratory rate 70/min."
ID1713,"What Would You Do Next?  

A: Do nothing; it will resolve with time  
B: Prescribe topical steroids  
C: Prescribe oral anthelmintic therapy  
D: Prescribe oral antibiotics",C,jama,
ID1684,"Which of the following vaccines should be administered to this patient at this time?

A. Tetanus/Diphtheria/Pertussis vaccine  
B. Rabies vaccine  
D. Live-attenuated influenza vaccine  
E. Varicella vaccine  
G. Intramuscular flu vaccine  
H. Pneumococcal conjugate vaccine  
I. Hepatitis A vaccine  
J. Hepatitis B vaccine",G,medxpert,She has no immunization records and does not recall receiving any vaccines
ID0492,"What Is Your Diagnosis?

A: Desmoid fibromatosis  
B: Inflammatory myofibroblastic tumor  
C: Nodular fasciitis  
D: Leiomyosarcoma",C,jama,". Ultrasonography demonstrated a hypoechoic lesion measuring 3.3 × 3.6 cm with internal echoes and no significant flow (Figure 1A). Her case was presented at the soft tissue tumor board, and given that the patient was asymptomatic and pregnant, the decision was made to closely watch the progression of this lesion with serial imaging with a planned resection after delivery.Unfortunately, she developed premature rupture of membranes and lost the pregnancy."
ID0671,"What Is the Diagnosis?

A: Sweet syndrome  
B: Herpes genitalis  
C: Deep fungal or atypical mycobacterial infection  
D: Perivulvar neutrophilic eccrine hidradenitis",D,jama,"Examination revealed edematous labia and multiple perivulvar tender nodules on violaceous and indurated plaques sparing the vaginal mucosa and inguinal creases (Figure, A). B, Spongiosis and hyperplasia of the epidermis with neutrophilic infiltrate within the dermis (hematoxylin-eosin, original magnification ×10)"
ID1915,"Which of the following management strategies is the most appropriate for this patient?

A. Replace hydrochlorothiazide with dapagliflozin  
B. Add hydralazine to current therapy  
C. Add losartan to current therapy  
D. Increase lisinopril dosage beyond 40 mg daily  
E. Add metoprolol to current therapy  
F. Replace hydrochlorothiazide with canagliflozin  
G. Add amlodipine to current therapy  
H. Replace lisinopril with spironolactone  
I. Replace hydrochlorothiazide with furosemide  
J. Initiate sodium bicarbonate therapy",G,medxpert,
ID0919,"What is the most significant risk associated with this patient's condition?

A. Hemorrhage  
B. Sepsis  
C. Chronic anemia  
D. Cardiac malformations  
E. Thrombosis  
F. Developmental delay  
G. Fractures  
H. Renal failure  
I. Pulmonary embolism  
J. Immunodeficiency",A,medxpert,"The patient is feeding well with normal urine and stool output, is vigorous, and independently wakes for feeds"
ID0133,"What Would You Do Next?

A: Empirically treat with a topical steroid  
B: Initiate treatment with valacyclovir and send culture for further studies  
C: Order laboratory studies to rule out syphilis  
D: Obtain a biopsy of the lesion for pathological examination",D,jama,
ID1947,"What is the most likely diagnosis in this case?

A. Primary hypothyroidism with secondary precocious puberty  
B. Benign premature adrenarche  
C. Gonadotropin-independent precocious puberty  
D. Central precocious puberty related to a central nervous system lesion  
E. Familial male-limited precocious puberty  
F. Idiopathic central precocious puberty  
G. Late-onset congenital adrenal hyperplasia  
H. McCune-Albright syndrome  
I. Precocious puberty related to a peripheral androgen-secreting tumor  
J. Adrenal carcinoma causing androgen excess",D,medxpert,
ID1172,"Which one of the following next steps is most appropriate in this patient's evaluation?

A. Biophysical profile testing  
B. Maternal serum screening for PAPP-A  
C. Genetic amniocentesis  
D. Nonstress testing  
E. Middle cerebral artery Doppler assessment  
F. Umbilical artery Doppler flow velocimetry  
G. Repeat ultrasound in 2 weeks  
H. Daily fetal movement counts  
I. Immediate delivery by cesarean section  
J. Serial fundal height measurements only",F,medxpert,
ID1009,"What is the most appropriate management strategy for this patient?

A. Switch amiodarone to dofetilide without additional treatment  
B. Continue amiodarone and add oral prednisone  
C. Perform a bronchoscopy and continue amiodarone until confirmed diagnosis  
D. Stop amiodarone and start oral prednisone plus another antiarrhythmic agent  
E. Stop amiodarone and give no additional treatment  
F. Initiate diuretic therapy to manage suspected pulmonary edema  
G. Start high-dose intravenous methylprednisolone without stopping amiodarone  
H. Discontinue all medications and initiate mechanical ventilation  
I. Stop amiodarone and initiate bronchodilator therapy with albuterol  
J. Stop amiodarone and start high-dose intravenous methylprednisolone plus another antiarrhythmic agent",D,medxpert,
ID1255,"What is the most likely diagnosis for this patient?

A. Bipolar I disorder with psychotic features  
B. Major depressive disorder with psychotic features  
C. Substance/medication-induced psychotic disorder  
D. Delusional disorder  
E. Schizophreniform disorder  
F. Borderline personality disorder  
G. Psychotic disorder due to another medical condition  
H. Schizophrenia  
I. Schizoaffective disorder",I,medxpert,
ID1892,"What is the most appropriate initial management step?

A. Topical erythromycin ointment and discharge  
B. Surgical consultation  
C. Oral trimethoprim-sulfamethoxazole and close follow-up  
F. Oral amoxicillin-clavulanic acid and discharge home  
G. Immediate ophthalmology consultation and admission  
H. Intravenous vancomycin and ceftriaxone  
I. Intravenous clindamycin monotherapy  
J. Intravenous dexamethasone and antihistamines",H,medxpert,
ID0701,"What is the most probable diagnosis?

A. Central cord syndrome  
B. Transverse myelitis  
C. Lumbar spinal stenosis  
D. Spinal epidural hematoma  
E. Anterior cord syndrome  
F. Brown-Séquard syndrome  
G. Cauda equina syndrome  
H. Conus medullaris syndrome  
I. Spinal cord infarction  
J. Sacral plexopathy",H,medxpert,
ID0509,"What is the most appropriate next step in management?

A. Intramuscular dexamethasone  
B. High-flow nasal cannula oxygen therapy  
C. Titrated oxygen therapy  
D. Oral azithromycin therapy  
E. Nebulized racemic epinephrine therapy  
F. Inhaled ipratropium bromide  
G. Nebulized albuterol and oral prednisone therapy  
H. Intravenous antibiotics and chest physiotherapy  
I. Nebulized hypertonic saline solution  
J. No therapy is indicated at this time",J,medxpert,
ID1582,"What is the most appropriate next step in managing this patient?

A. Artificial rupture of membranes  
B. Administration of epidural anesthesia  
C. Placement of the patient in a hands-and-knees position  
D. Administration of terbutaline  
E. Lateral positioning of the patient  
F. Expectant management  
G. Emergency cesarean delivery  
H. Augmentation with oxytocin  
I. Application of vacuum extractor  
J. Manual rotation",F,medxpert,
ID0042,"Which of the following is the most likely underlying cause of this patient's symptoms?

A. Impaired neutrophil chemotaxis  
B. Defective beta-2 integrin  
C. Defective NADPH oxidase  
D. Abnormal toll-like receptor function  
E. Defective IL-12 receptor signaling  
F. Defective CD40 ligand  
G. Abnormal neutrophil granule formation  
H. Impaired myeloperoxidase function  
I. Defective neutrophil adhesion molecule expression  
J. Defective interferon-gamma production",B,medxpert,
ID1324,"Which of the following medications operates through the same cellular signaling pathway that was activated in this student's cardiac tissue?

A. Norepinephrine  
B. Epinephrine  
C. Digoxin  
D. Propranolol  
E. Atropine  
F. Clonidine  
G. Adenosine  
H. Verapamil  
I. Dobutamine  
J. Methacholine",F,medxpert,
ID1909,"What Would You Do Next?

A: Fine-needle aspiration biopsy with cytology and cytogenetics  
B: Iodine 125 plaque radiotherapy  
C: Observe with no additional testing or intervention  
D: Cyst paracentesis with complete drainage",C,jama,
ID1280,"What is the most appropriate next intervention for this patient?

A. Perform manual exploration of uterus  
B. Administer methylergonovine intramuscularly  
C. Initiate crystalloid fluid resuscitation  
D. Initiate tranexamic acid infusion  
E. Provide an additional dose of oxytocin intravenously  
F. Begin misoprostol administration  
G. Administer carboprost intramuscularly  
H. Perform immediate hysterectomy  
I. Insert Bakri balloon  
J. Begin fresh frozen plasma transfusion",B,medxpert,"The pregnancy had been uncomplicated, and her only medication is albuterol for asthma."
ID0815,"What is the most appropriate next step in evaluating this patient's condition?

A. Begin clomiphene citrate therapy  
B. Measure her serum human chorionic gonadotropin level  
C. Measure serum testosterone and DHEA-S levels  
D. Perform transvaginal ultrasound to evaluate ovarian structure  
E. Perform endometrial biopsy  
F. Order pelvic MRI to evaluate hypothalamic-pituitary anatomy  
G. Order thyroid function tests and prolactin level  
H. Measure her follicle-stimulating hormone and estradiol levels  
I. Continue to monitor her for one more month  
J. Start progesterone challenge test",I,medxpert,
ID1999,"What is the most likely diagnosis?

A. Premenstrual dysphoric disorder  
B. Persistent depressive disorder  
C. Cyclothymic disorder  
D. Generalized anxiety disorder  
E. Bipolar II disorder  
F. Borderline personality disorder  
G. Adjustment disorder with depressed mood  
H. Bipolar I disorder  
I. Substance-induced mood disorder  
J. Major depressive disorder",C,medxpert,
ID1416,"What Is Your Diagnosis?

A: Blue rubber bleb nevus syndrome  
B: Familial cerebral cavernous malformations  
C: Glomuvenous malformations  
D: Verrucous venous malformations",B,jama,". B and C, Hematoxylin-eosin stain.Sonography of the skin lesions demonstrated intradermal slow-flow vascular malformations with a maximum diameter of 1.2 cm"
ID0519,"Which pathogen is the most probable cause of her presentation?

A. *Mycoplasma genitalium*  
B. *Klebsiella granulomatis*  
C. *Treponema pallidum*  
D. *Chlamydia trachomatis*  
E. *Escherichia coli*  
F. *Ureaplasma urealyticum*  
G. *Actinomyces israelii*  
H. *Trichomonas vaginalis*  
I. *Mycobacterium tuberculosis*  
J. *Neisseria gonorrhoeae*",I,medxpert,
ID1141,"Given the laboratory findings below, which pathogen is the most likely cause of her condition?  
A. *Enterococcus faecalis*  
B. *Echinococcus granulosus*  
C. *Staphylococcus aureus*  
D. *Clonorchis sinensis*  
E. *Ascaris lumbricoides*  
F. *Opisthorchis viverrini*  
G. *Escherichia coli*  
H. Hepatitis C virus  
I. *Klebsiella pneumoniae*  
J. *Salmonella typhi*",G,medxpert,"Given the laboratory findings below, which pathogen is the most likely cause of her condition?"
ID1698,"Which of the following medications most likely contributed to this patient's hypothermia?

A. Clozapine  
B. Fluphenazine  
C. Fluoxetine  
D. Olanzapine  
E. Quetiapine  
F. Risperidone  
G. Haloperidol  
H. Aripiprazole  
I. Lithium  
J. Ziprasidone",B,medxpert,
ID1385,"Given this presentation of acute somatic dysfunction, which cervical spine movement would be most significantly impaired?

A. Rotation  
B. Lateral flexion  
C. Sidebending  
D. Posterior translation  
E. Protraction  
F. Axial compression  
G. Extension  
H. Circumduction  
I. Retraction  
J. Flexion",A,medxpert,Examination reveals increased muscle tension in the left paraspinal region from C2–C4
ID1021,"What Is Your Diagnosis?

A: Disseminated fusariosis  
B: Invasive aspergillosis  
C: Pseudomonal ecthyma gangrenosum  
D: Sweet syndrome",A,jama,
ID0777,"Which of the following symptoms would suggest a severe complication of the patient’s condition?

A. Impaired extraocular eye movements  
B. Unilateral ptosis  
C. Retro-orbital pain  
D. Proptosis with chemosis  
E. Reduced ability to detect odors  
F. Blood-tinged nasal discharge  
G. Diplopia with lateral gaze  
H. Decreased corneal reflex  
I. Altered mental status  
J. Facial numbness in V2 distribution",A,medxpert,"However, she admits to poor compliance with the medications."
ID0045,"Regarding surgical decompression and fixation compared to nonoperative management with bracing, which of the following statements is accurate?

A. Patients treated with surgery return to work earlier.  
B. Bracing is contraindicated in burst fractures with canal stenosis.  
C. All of the above  
D. Patients treated with surgery have increased complication rates.  
E. Surgical treatment provides superior functional outcomes.  
F. Surgery significantly improves canal stenosis compared to bracing.  
G. Surgery significantly reduces pain compared to bracing.  
H. Surgery is required in all cases of burst fractures to prevent long-term deformity.  
I. Surgical decompression is necessary for all ASIA E patients.  
J. Patients treated nonoperatively have higher rates of long-term disability.",D,medxpert,
ID0151,"What should be the immediate next step in this patient's care?

A. Begin empiric antibiotics for suspected pneumonia  
B. Administer intravenous furosemide  
C. Initiate intravenous amiodarone therapy  
D. Perform synchronized cardioversion  
E. Intubate and admit to intensive care unit  
G. Give verapamil immediately and admit to floor  
H. Administer intravenous corticosteroids  
I. Administer albuterol nebulizer treatment  
J. Give oxygen immediately",J,medxpert,"His vital signs show: temperature normal, blood pressure 90/60, heart rate 120, respiratory rate 24, and oxygen saturation 86%."
ID0843,"Which of the following diagnostic tests is most likely to confirm the cause of this patient’s symptoms?

A. Karyotype analysis  
B. Sleep study  
C. Semen analysis  
D. Abdominal ultrasound  
E. Serum cortisol measurement  
F. MRI of the pituitary  
G. Bone density scan  
H. Genetic testing for Klinefelter syndrome  
I. Dynamic pituitary hormone testing  
J. Testicular ultrasound",B,medxpert,
ID0229,"What is the most appropriate next step in management?

A. Renal ultrasound  
B. Observation and repeat urinalysis in 24 hours  
C. Trial of empiric antibiotics for presumed urinary tract infection  
D. CT urography with contrast  
E. Magnetic resonance urography  
F. Noncontrast CT scan of abdomen and pelvis  
G. Cystoscopy with retrograde pyelography  
H. Abdominal X-ray to evaluate for nephrolithiasis  
I. Intravenous pyelogram  
J. Renal radiograph",A,medxpert,
ID0764,"Which of the following best explains the mechanism of action of the most appropriate treatment for her current condition?

A. Inhibitor of xanthine oxidase  
B. Reversible inhibition of cyclooxygenase enzymes  
C. Antagonism of interleukin-1 receptors  
D. Suppression of neutrophil chemotaxis  
E. Inhibition of transcription factors  
F. Irreversible inhibition of cyclooxygenase enzymes  
G. Stabilization of lysosomal membranes  
H. Inhibition of leukotriene synthesis  
I. Blockade of tumor necrosis factor-alpha  
J. Inhibition of microtubule polymerization",B,medxpert,"A 61-year-old female presents with severe pain in her right knee, which has been warm, swollen, and red for the past day."
ID0595,"Which one of the following diagnostic tests is most appropriate to further evaluate this patient’s vision loss?

A. Serum homocysteine level measurement  
B. Retinal fluorescein angiography  
C. CT angiogram of the brain  
D. Visual evoked potential testing  
E. Transcranial Doppler ultrasound  
F. Magnetic resonance angiogram of the brain with gadolinium  
G. Electroretinography  
H. Dilated ophthalmoscopy  
I. Echocardiography with bubble study  
J. Carotid Doppler ultrasound",J,medxpert,
ID0846,"What Would You Do Next?

A: Repeat blood cultures and start antibiotics  
B: Repeat lumbar puncture with cerebrospinal fluid studies  
C: Order anti-GQ1b antibody and start intravenous immune globulin  
D: Start intravenous corticosteroids",C,jama,
ID0577,"What Is Your Diagnosis?

A: Squamous cell carcinoma  
B: Basal cell carcinoma  
C: Melanoma  
D: Merkel cell carcinoma",C,jama,
ID1888,"Which histopathologic finding in the ovary is most consistent with this clinical presentation?

A. Irregularly narrowed tubules with papillary branching  
B. Granulosa cells arranged in a Call-Exner body pattern  
C. Uniformly small, round cells with scant cytoplasm  
D. Mucin-filled glandular structures  
E. Spindle-shaped fibroblast bundle  
F. Sheets of large, pleomorphic cells with necrosis  
G. Signet-ring cells within glandular tissue  
H. Thecal cell hyperplasia  
I. Psammoma bodies surrounded by serous epithelium  
J. Lipid-laden stromal cells",E,medxpert,A 57-year-old postmenopausal woman presents to the clinic with several weeks of vague abdominal discomfort
ID1957,"Which of the following statements is correct regarding this condition?  

A. The condition shows complete penetrance in female carriers  
B. This disease is characterized by B cell maturation problem resulting in B cell adherence  
C. Symptoms rarely start before 2 years of age  
D. The condition shows sporadic mutations in 80% of cases  
E. This diagnosis account for the most common primary immune-deficiencies, almost 50% of them  
F. This disease primarily affects the innate immune system  
G. T-cell dysfunction is the primary immunological defect  
H. This is an autosomal dominant disease  
I. Neutrophil dysfunction is the main pathological finding  
J. The condition primarily affects the complement system",E,medxpert,
ID1773,"Which cancer type most likely explains this clinical presentation?

A. Small-cell lung cancer  
B. Squamous-cell carcinoma of the lung  
C. Adenosquamous carcinoma  
D. Mesothelioma  
E. Mucoepidermoid carcinoma  
F. Non-small cell lung cancer, NOS  
G. Large-cell lung cancer  
H. Pleomorphic carcinoma  
I. Adenocarcinoma of the lung  
J. Bronchial carcinoid tumor",B,medxpert,"| Parathyroid hormone (pg/mL) | 3 | 10–60 | A woman, aged 82, is evaluated at the clinic after her spouse notes several days of disorientation and failure to recognize him, despite normal cognition one week prior"
ID1758,"Based on this diagnosis, where is the most likely location of a discrete area of tenderness in this patient?

A. Right lateral thigh and posterior to the iliotibial band  
B. Distal left tibia  
C. Left lower rib cage  
D. Lumbosacral spine  
E. Right proximal humerus  
F. Midshaft of the left femur  
G. Proximal left femur  
H. Left ischial tuberosity  
I. Right iliac crest  
J. Left greater trochanter",F,medxpert,
ID1841,"What Would You Do Next?

A: Obtain MRI of the left shoulder  
B: Order serum tumor marker testing  
C: Orthopedic surgery evaluation for shoulder replacement surgery  
D: Perform an urgent left shoulder joint aspiration",A,jama,.
ID1074,"Which of the following is the most appropriate initial antibiotic regimen for this patient?

A. Ampicillin, cefotaxime, and acyclovir  
B. Ceftriaxone and gentamicin  
C. Ampicillin, vancomycin, and gentamicin  
D. Ampicillin, gentamicin, and cefotaxime  
E. Ampicillin and ceftriaxone  
F. Ampicillin and meropenem  
G. Vancomycin and ceftriaxone  
H. Vancomycin, ampicillin, and cefotaxime  
I. Vancomycin, gentamicin, and ceftriaxone  
J. Vancomycin, cefotaxime, and acyclovir",D,medxpert,
ID0293,"Which one of the following endotracheal tubes is most appropriate to use on the initial intubation attempt in this patient?

A. 4.5-mm cuffed endotracheal tube  
B. 3.5-mm cuffed endotracheal tube  
C. 4.5-mm uncuffed endotracheal tube  
D. 3.0-mm cuffed endotracheal tube  
E. 3.0-mm reinforced endotracheal tube  
F. 4.0-mm uncuffed endotracheal tube  
G. 3.0-mm uncuffed endotracheal tube  
H. 4.0-mm cuffed endotracheal tube  
I. 2.5-mm cuffed endotracheal tube  
J. 3.5-mm uncuffed endotracheal tube",B,medxpert,
ID0574,"What is the most accurate diagnosis?

A. T2-8 NSRRR  
B. T2-8 ESRRR  
C. T2-8 FSRRL  
D. T2-8 FSLRR  
E. T2-8 NSRLL  
F. T2-8 ESRRL  
G. T2-8 FSRRR  
H. T2-8 NSLRR  
I. T2-8 NSRRL  
J. T2-8 ESLRR",H,medxpert,"During the osteopathic structural examination, the following findings are noted: left midthoracic paraspinal muscles are hypertonic, and the transverse processes from T2 to T8 are more anterior on the left side."
ID0137,"What is the most appropriate treatment for this patient’s condition?

A. Betahistine  
B. Diuretic therapy  
C. Epley maneuver  
D. Low-salt diet  
E. Corticosteroid therapy  
F. CN VIII ablation  
G. Gentamicin intratympanic injection  
H. Meclizine  
I. Vestibular rehabilitation therapy  
J. Endolymphatic sac decompression",D,medxpert,"He also reports worsening hearing loss, particularly on the right side. Initially, he experienced episodes of ""unsteadiness,"" which have progressed to a sensation of ""spinning."""
ID0717,"Among the following measures of central tendency and dispersion, which statistical measure would be least affected by outliers?

A. Standard Deviation  
B. Mode  
C. Variance  
D. Geometric Mean  
E. Mean  
F. Interquartile Range  
G. Standard deviation  
H. Root Mean Square  
I. Harmonic Mean  
J. Median",B,medxpert,
ID1066,"Which treatment approach would be most appropriate for managing her spinal deformity?

A. Combined anterior and posterior spinal fusion  
B. Posterior spinal fusion with instrumentation  
C. Fixation with telescoping rods  
D. Growth-friendly instrumentation without fusion  
E. Physical therapy and postural exercises alone  
F. Observation with radiographic monitoring every 6 months  
G. Custom-molded bracing with serial radiographic and clinical monitoring.  
H. Cast treatment with serial changes  
I. Vertebral body tethering  
J. Schroth method therapy with bracing",B,medxpert,
ID1065,"Among the following factors, which one most strongly predisposes the patient to his current condition?

A. Premature birth  
B. Recent introduction of solid foods  
C. History of cleft lip repair  
D. Presence of older siblings  
E. Parental smoking on the balcony  
F. Incomplete cleft lip  
G. Tobacco exposure  
H. Attendance at swimming classes  
I. Formula feeding  
J. Frequent contact with water",G,medxpert,
ID1980,"Which of the following is the most appropriate next step in management?

A. Cefazolin for GBS prophylaxis due to planned C-section  
B. Observation without antibiotic intervention  
C. Urine culture  
D. Vaginal-rectal culture  
E. Postoperative antibiotics for GBS prophylaxis  
F. Intrapartum penicillin prophylaxis  
G. Standard preoperative antibiotics plus group B streptococcal treatment  
H. Repeat vaginal-rectal culture at delivery  
I. Standard preoperative antibiotics  
J. No intrapartum antibiotics",I,medxpert,"A 25-year-old woman, gravida 1, para 0, at 39 weeks of gestation presents to the obstetrics unit of the hospital for planned C-section."
ID1594,"What Would You Do Next?

A: Observation with systemic cidofovir and CMV immune globulin  
B: Multivirus-specific cytotoxic T lymphocytes (CTLs)  
C: Continued foscarnet and ganciclovir intravitreal injections  
D: Leflunomide initiation",B,jama,
ID1572,"Which of the following should be administered to accelerate the excretion of the ingested medication?

A. Whole bowel irrigation  
B. Calcium gluconate  
C. Vitamin K administration  
D. Hemodialysis  
E. Acetylcysteine  
F. Sodium bicarbonate  
G. Multiple-dose activated charcoal  
H. Gastric lavage  
I. Forced alkaline diuresis  
J. Activated charcoal",F,medxpert,
ID0941,"What is the most appropriate next step in management for this patient?

A. Perform immediate burr hole decompression  
B. Perform a lumbar puncture  
C. Obtain a CT scan of the head  
E. Administer a mannitol bolus  
F. Delay imaging until neurosurgical evaluation  
G. Initiate therapeutic hypothermia  
H. Administer anticonvulsant prophylaxis  
I. Administer hypertonic saline infusion  
J. Administer a bolus of IV corticosteroids",E,medxpert,
ID0193,"Which of the following sleep architecture modifications is most commonly associated with the normal aging process?

A. Reduced REM latency  
B. Prolonged total sleep time  
C. Enhanced sleep efficiency  
D. Increased slow-wave sleep  
E. Reduced rapid eye movement  
F. Preserved sleep architecture  
G. Decreased sleep fragmentation  
H. Increased sleep spindles  
I. Increased delta wave activity  
J. Shortened sleep latency",E,medxpert,
ID0702,"What is the correct diagnosis of her somatic dysfunction?

A. L4 FSRRR  
B. L5 ESLRL  
C. L5 FSRRL  
D. L4 ESRRR  
E. L3 FSRRL  
F. L4 ESRRL  
G. L4 NSRRR  
H. L3 FSRRR  
I. L3 ESRRR  
J. L3 NSRRL",A,medxpert,The asymmetry worsens on extension
ID1320,"What Would You Do Next?

A: Observe, as this is expected inflammation after voretigene neparvovec gene therapy  
B: Perform pars plana vitrectomy  
C: Obtain a sample of the hypopyon through anterior chamber paracentesis and inject intravitreal antibiotics  
D: Await results from systemic laboratory tests and blood culture",C,jama,"A complete blood cell count was ordered, revealing anemia, neutropenia, lymphocytopenia, and monocytopenia in the setting of recent chemotherapy"
ID0605,"What is the most appropriate next step in managing this patient?

A. Perform a biophysical profile to assess fetal well-being  
B. Induce labor with oxytocin infusion  
C. Perform an amniocentesis to assess fetal lung maturity  
D. Administer corticosteroids to promote fetal lung development  
E. Continue with routine prenatal care while awaiting spontaneous labor  
F. Schedule an elective cesarean section at 39 weeks gestation  
G. Perform a trial of labor despite prior uterine surgery  
H. Initiate magnesium sulfate for neuroprotection",E,medxpert,
ID1825,"At this stage, who should the research assistant notify about the experimental test result?

A. The emergency department physician and the surgeon  
B. The surgeon performing the appendectomy  
C. The patient’s insurance provider  
D. The research assistant’s supervisor  
E. The principal investigator of the study, the surgeon, and the patient  
G. The patient and his father  
H. No one else  
I. The patient’s primary care physician  
J. The principal investigator of the study",H,medxpert,"The study involves recruiting patients with abdominal pain, measuring ""serum protein Y"" levels using point-of-care technology, and determining the presence of appendicitis through expert review of clinical, laboratory, imaging, and histopathologic findings"
ID0116,"What Would You Do Next?

A: Review brain MRI and order electroretinogram  
B: Refer for strabismus surgery  
C: Order genetic workup  
D: Treat with clonazepam",A,jama,
ID1886,"Based on these clinical findings and investigations, which of the following statements is accurate?

A. Conservative management is preferred in most cases  
B. Laparoscopy is the not the definitive method of diagnosis  
C. Imaging findings alone are sufficient for diagnosis  
D. The lesions usually appear innocuous  
E. A chocolate cyst is unlikely in this case  
F. Surgical management is the mainstay of treatment  
G. The cystic lesion is most likely malignant  
H. The condition is unlikely to recur after treatment  
I. Hormonal therapy is the first-line treatment for all patients  
J. Pain is unrelated to the menstrual cycle in this condition",F,medxpert,The pain typically begins one week prior to the onset of menstruation
ID1923,"What is the most likely predisposing factor for this patient’s condition?

A. Gastrointestinal instrumentation  
B. Recent urinary catheterization  
C. Recent dental procedure  
D. Colon cancer  
E. Rheumatic heart disease  
F. Bicuspid aortic valve  
G. Chronic kidney disease  
H. Intravenous drug use  
I. Periodontal disease  
J. Valve replacement",D,medxpert,
ID0994,"What is the most appropriate next step in management?

A. Increase dietary fiber intake, and add polyethylene glycol daily  
B. Add a stimulant laxative and continue docusate daily  
C. Stop amitriptyline, and monitor the patient’s depressive symptoms  
D. Initiate bisacodyl suppositories and increase fluid intake  
E. Refer for surgical evaluation of chronic constipation  
F. Perform a colonoscopy to rule out malignancy  
G. Order CT of the abdomen and pelvis with intravenous and oral contrast  
I. Start methylnaltrexone for opioid-induced constipation  
J. Start lubiprostone, and consider senna if no bowel movement in one week",C,medxpert,"Her current medications include daily docusate, prune juice as needed, daily aspirin 81 mg, and amitriptyline 50 mg daily, which was started one month ago for depression."
ID0071,"What is the most likely diagnosis?

A. bilateral sacral extension  
B. bilateral sacral flexion  
C. sacral base posterior  
D. right-on-right sacral torsion  
E. sacral base anterior  
F. right-on-left sacral torsion  
G. unilateral sacral flexion on the right  
H. left-on-left sacral torsion  
I. left-on-right sacral torsion  
J. unilateral sacral extension on the left",D,medxpert,
ID0407,"Which intervention would be most appropriate for this patient?

A. Institution of small, frequent meals  
B. Initiation of metformin therapy  
C. Addition of acarbose with meals  
D. Partial pancreatectomy  
E. Reversal of gastric bypass surgery  
F. Implementation of continuous glucose monitoring  
G. Reduction of the carbohydrate content of meals  
H. Increase in the carbohydrate content of meals  
I. Administration of octreotide before meals  
J. Prescription of glucagon emergency kit",G,medxpert,
ID1294,"What is the most appropriate next step in managing this patient?

A. Perform cervical biopsy immediately  
B. Repeat cervical cytology alone in 12 months  
C. Recommend HPV vaccination and repeat cytology in 3 months  
D. Recommend abstinence and repeat testing in 6 months  
E. Refer for colposcopy  
F. Repeat cervical cytology and human papillomavirus testing in 12 months  
G. Schedule follow-up in 6 months with repeat HPV testing  
H. Perform endocervical curettage  
I. Schedule immediate LEEP procedure  
J. Start antiviral therapy and repeat cytology in 3 months",B,medxpert,
ID0765,"Which of the following adverse effects is this patient most likely to experience after starting the medication?

A. Hepatic steatosis  
B. Gallstones  
C. Acute pancreatitis  
D. Metabolic acidosis  
E. Hyperkalemia  
F. Renal insufficiency  
G. Gastrointestinal bleeding  
H. Facial flushing  
I. Vitamin K deficiency  
J. Fat malabsorption",J,medxpert,
ID1776,"What is the most appropriate next step in management?

A. Serum CA 125 level  
B. Pelvic ultrasound  
C. Referral to infertility specialist  
D. Initiate letrozole  
E. Exploratory laparoscopy  
F. Transvaginal ultrasound-guided biopsy  
G. Endometrial sampling  
H. Empiric treatment with oral contraceptives  
I. Diagnostic hysteroscopy",B,medxpert,
ID0112,"What is the most appropriate recommendation for the parents at this time?

A. Wrap the tooth in a clean tissue and seek dental care immediately  
B. Sterilize tooth and store in cold milk  
C. Place the tooth in hydrogen peroxide for disinfection before replantation  
D. Remove debris and manually replant tooth in socket  
E. Store tooth in tap water and drive to primary care provider  
F. Avoid touching the root of the tooth and store it in the patient’s cheek  
G. Immerse the tooth in saline and wait for dental consultation  
H. Store tooth under the patient's tongue and drive to nearest dentist  
I. Go to emergency department for maxillofacial CT scan  
J. Rinse the tooth with alcohol and consult a dentist for reimplantation",D,medxpert,The parents of a 14-year-old girl contact their primary care provider 10 minutes after their daughter lost her right front tooth during a basketball game.
ID1578,"What is the most appropriate next step in management?

A. Central line placement and immediate chemotherapy administration  
B. Immediate thoracentesis to relieve pressure on the lungs  
C. Emergent tracheostomy and mechanical ventilation  
D. Anticoagulation therapy for suspected superior vena cava thrombosis  
E. Bronchoscopy with biopsy to confirm the diagnosis  
F. Broad-spectrum antibiotics and fluid resuscitation  
G. IV placement and high-dose glucocorticoid therapy  
H. Supplemental oxygen and elevation of the head of the bed  
I. Urethral catheter placement and diuretic therapy  
J. Endotracheal intubation and initiation of positive pressure ventilation",H,medxpert,
ID0483,"What Would You Do Next?

A: Check stool for ova and parasites  
B: Obtain a polymerase chain reaction (PCR) panel for gastrointestinal pathogens  
C: Order measurement of antineutrophil cytoplasmic antibody (ANCA) level  
D: Send blood for fungal culture",A,jama,
ID0770,"What are the characteristics of motion at these spinal levels?  
A. Coupled movements occur only during extension  
B. Pure rotation occurs without associated sidebending  
C. Sidebending occurs with equal translation  
D. Sidebending is limited while rotation remains unrestricted  
E. Sidebending and rotation occur in the same direction.  
F. Rotation precedes sidebending in all movements  
G. Sidebending occurs independently of rotation  
H. Only flexion and extension occur in the specified levels.  
I. Sidebending and rotation occur in opposite directions.  
J. Rotation is limited to 45 degrees bilaterally",E,medxpert,
ID0110,"What Is Your Diagnosis?

A: Papillary carcinoma of the thyroid  
B: High-grade serous carcinoma of gynecological origin  
C: High-grade carcinoma of the breast with occult primary  
D: High-grade papillary carcinoma of unknown primary",B,jama,"A 76-year-old woman presented with a palpable left axillary mass. The patient was treated at an outside hospital with neoadjuvant dose-dense doxorubicin and cyclophosphamide, followed by weekly paclitaxel for 10 weeks."
ID0165,"Which of the following is the most likely diagnosis?

A. Subjective cognitive decline  
B. Early-stage Alzheimer's disease  
C. Vascular cognitive impairment  
D. Pseudodementia  
E. Major depressive disorder  
F. Normal pressure hydrocephalus  
G. Mixed cognitive impairment  
H. Age-associated memory impairment  
I. Dementia  
J. Mild cognitive impairment",I,medxpert,
ID1099,"What Would You Do Next?

A: Aspirate the bullae with a sterile needle and cover with a clean dressing  
B: Perform a skin biopsy for histopathology and direct immunofluorescence  
C: Start oral prednisone (1 mg/kg/d)  
D: Treat with oral cephalexin for 7 days",A,jama,"Results of a basic metabolic panel and complete blood cell count were within reference range except for mild anemia (hemoglobin level, 10.9 g/dL).Patient's right lower extremity with bullae and hyperpigmented macules and patches, characteristic of diabetic dermopathy (left). His extremities were warm with palpable distal pulses. Medications included insulin lispro (sliding scale 3 times daily) and insulin glargine (20 units nightly)"
ID0878,"What Would You Do Next?  

A: Request a magnetic resonance image of orbits and sinuses  
B: Commence high-dose corticosteroids  
C: Commence broad-spectrum antibiotics  
D: Request urgent stroke consult",B,jama,"Dilated fundus examination showed a cherry red spot in the right macula with hyperreflectivity and thickening of the inner retinal layers on optical coherence tomography (Figure 1A and B). Blood tests showed leukocytosis (white blood cell count, 15 000 /µL; to convert to 109 per liter, multiply by 0.001) with neutrophilia (white blood cell count, 12 500 /µL), elevated C-reactive protein (19.4 mg/dL; to convert to milligrams per liter, multiply by 10), elevated plasma viscosity (2.06 mPas), and thrombocytosis (467 ×103/µL; to convert to ×109 per liter, multiply by 1). Kidney function was within normal limits"
ID0303,"Along with betamethasone administration, which of the following is the most appropriate therapeutic intervention?

A. Indomethacin  
B. Cerclage  
C. Amnioinfusion  
D. Progesterone pessary  
E. Magnesium sulfate  
F. Nifedipine  
G. Terbutaline  
H. Ritodrine  
I. Antibiotics for group B streptococcus prophylaxis  
J. Oxytocin",F,medxpert,"A 31-year-old woman, G3P2, presents at 33 weeks' gestation (confirmed by last menstrual period and early ultrasound) with contractions occurring every 10 minutes for the past 5 hours."
ID1929,"Which of the following veins is intended to help prevent this woman's condition from happening?

A. Small saphenous vein  
B. Great saphenous vein  
C. Subcutaneous veins  
D. Anterior tibial vein  
E. Accessory saphenous vein  
F. Perforator veins  
G. Popliteal vein  
H. Inferior vena cava  
I. Deep femoral vein  
J. External iliac vein",F,medxpert,
ID1340,"Which one of the following next steps is best in managing this patient’s type 2 diabetes?

A. Begin a glucagon-like peptide-1 receptor agonist  
B. Initiate sitagliptin  
C. Continue dietary control alone  
E. Start thiazolidinedione therapy  
F. Initiate basal insulin combined with prandial insulin  
G. Initiate metformin  
H. Adjust dietary control and add low-dose insulin  
I. Initiate insulin therapy  
J. Recommend short-acting sulfonylurea therapy",C,medxpert,"She has been controlling her diabetes with dietary measures since diagnosis, and her glycated hemoglobin value has routinely been below 7.0% until last week, when it was 7.4%. A 92-year-old woman presents for management of type 2 diabetes"
ID1722,"Which pathogen is most likely responsible for this clinical presentation?

A. Pseudomonas aeruginosa  
B. Mycoplasma pneumoniae  
C. Haemophilus influenzae  
D. Escherichia coli  
E. Aspergillus fumigatus  
F. Klebsiella pneumoniae  
G. Moraxella catarrhalis  
H. Streptococcus pneumoniae  
I. Burkholderia cepacia  
J. Staphylococcus aureus",J,medxpert,
ID1184,"What is the correct interpretation of this patient’s BP?

A. Borderline BP requiring continued monitoring  
B. Isolated systolic hypertension  
C. Stage 1 hypertension  
D. Secondary hypertension due to renal causes  
E. Stage 2 hypertension  
F. Normal BP for age and height percentile  
G. Normal BP with white coat syndrome  
H. Transient BP elevation due to recent UTI  
I. Stress-induced BP elevation",C,medxpert,
ID1199,"What should be the immediate next step in managing this patient?

A. CT head without contrast  
B. MRI brain with contrast  
C. Echocardiography  
D. Administration of aspirin  
E. Observation and repeat neurological exam in 1 hour  
F. Aspirin  
G. Lumbar puncture  
H. Carotid Doppler ultrasound  
I. CT head with contrast  
J. CT angiogram head and neck",A,medxpert,
ID0357,"What is the mechanism of action of the most likely causative agent?

A. Inhibition of leukotriene receptors  
B. Inhibition of phosphodiesterase  
C. Antagonism of H1 histamine receptors  
D. Antagonism of prostaglandin D2 receptors  
E. Stimulation of adenylyl cyclase  
F. Inhibition of mast cell degranulation  
G. Inhibition of M3 muscarinic receptors  
H. Inhibition of 5-lipoxygenase  
I. Blockade of calcium channels  
J. Activation of beta-2 adrenergic receptors",B,medxpert,
ID1924,"Which diagnostic test would be most appropriate to confirm the suspected diagnosis?

A. Computed tomography of the lumbar spine  
B. Ankle-brachial index  
C. Computerized tomography myelography  
D. Doppler ultrasonography of the lower extremities  
E. Electromyography and nerve conduction studies  
F. Magnetic resonance imaging  
G. X-ray of the lumbosacral spine  
I. Myelography",F,medxpert,
ID1941,"What is the most appropriate management for this patient?

A. Ceftriaxone and azithromycin  
B. Naproxen  
C. Oral clindamycin  
D. Oral doxycycline  
E. Surgical debridement  
F. Dicloxacillin  
G. Warm compresses  
H. Intravenous vancomycin  
I. Observation without treatment  
J. Aspiration and corticosteroid injection",F,medxpert,
ID0902,"What is the most likely diagnosis for this patient?

A. Cuboid somatic dysfunction  
B. Medial tibial torsion  
C. Talus anterior somatic dysfunction  
D. Subtalar joint dysfunction  
E. Distal fibular fracture without displacement  
F. Posterior fibular head dysfunction  
G. Navicular somatic dysfunction  
H. Lateral tibial torsion  
I. Anterior fibular head dysfunction  
J. Plantar fascia strain",I,medxpert,
ID1558,"What Would You Do Next?

A: Obtain serologic test results for Treponema pallidum  
B: Perform a biopsy of the gray-white plaque  
C: Prescribe oral amoxicillin  
D: Start topical nystatin",A,jama,.
ID0758,"Which of the following is the most likely diagnosis in this patient?

A. Renal vein thrombosis  
B. Congestive heart failure  
C. Acute glomerulonephritis  
D. Renal-cell carcinoma  
E. Membranous nephropathy  
F. Nephrotic syndrome  
G. Immunoglobulin A nephropathy  
H. IgA nephropathy  
I. Polycystic kidney disease  
J. Renal-vein thrombosis",D,medxpert,"Her vital signs and cardiopulmonary examination are normal, with no elevation in jugular venous pressure"
ID1299,"What is the most likely cause of this patient’s post-intubation hypotension?

A. Fentanyl  
B. Cisatracurium  
C. Propofol  
D. Atracurium  
E. Etomidate  
F. Ketamine  
G. Rocuronium  
H. Vecuronium  
I. Midazolam  
J. Succinylcholine",E,medxpert,
ID0821,"Which sphenobasilar synchondrosis (SBS) somatic dysfunction most likely explains these findings?

A. Left sidebending and rotation  
B. Right sidebending and rotation  
C. Compression dysfunction  
D. Decompression dysfunction  
E. Bilateral rotation strain  
F. Extension dysfunction  
G. Right torsion  
H. Torsion with right rotation  
I. Flexion dysfunction  
J. Vertical strain superior",A,medxpert,
ID0397,"Which of the following findings is most likely to be identified during further evaluation of this patient?

A. Reduced serum vitamin B12 levels  
B. Positive GM1 ganglioside autoantibodies  
C. Elevated anti-acetylcholine receptor antibodies  
D. Positive ANA with speckled pattern  
E. Positive Campylobacter stool culture  
F. Elevated cerebrospinal fluid protein with normal cell count  
G. Positive anti-acetylcholine receptor antibodies  
H. Positive anti-thyroid peroxidase antibodies  
I. Positive Lyme disease serology  
J. Decreased nerve conduction velocities on electromyography",B,medxpert,
ID1559,"Which of the following is the most appropriate next diagnostic step?

A. Blood cultures and broad-spectrum antibiotics  
B. Serum lipase and amylase testing  
D. Diagnostic peritoneal lavage  
G. Exploratory laparotomy  
H. Admission and serial abdominal exams  
I. Abdominal ultrasound  
J. Chest radiograph",J,medxpert,
ID1108,"What is the most appropriate next step in management?

A. Revision surgery with complete removal of hardware  
B. Observation and repeat imaging in 2 weeks  
C. Administration of broad-spectrum antibiotics without further intervention  
D. Immediate removal of instrumentation and wound irrigation  
E. Surgical debridement followed by delayed closure and retention of instrumentation  
F. Surgical debridement followed by delayed closure and removal of instrumentation  
G. Oral antibiotics and outpatient follow-up  
H. Intravenous antibiotics and hyperbaric oxygen therapy  
I. CT guided aspiration of the fluid collection and cultures  
J. Percutaneous drainage of the fluid collection without surgical intervention",E,medxpert,
ID0737,"After initiating appropriate treatment, what is the most appropriate next step in management?

A. Hepatitis B surface antigen test  
B. Dark-field microscopy  
C. Herpes simplex virus PCR  
D. Liver function tests  
E. CD4+ T-cell count  
F. HIV-1/HIV-2 differentiation immunoassay  
G. Cerebrospinal fluid analysis  
H. Complete blood count with differential  
I. Darkfield microscopy of lesions  
J. NAAT for C. trachomatis and N. gonorrhea",J,medxpert,
ID0786,"Which one of the following cardiac anomalies is most likely to be found on an echocardiogram in this patient?

A. Bicuspid aortic valve  
B. Ventricular septal defect  
C. Tricuspid valve regurgitation  
D. Atrial septal defect  
E. Pulmonary valve stenosis  
F. Hypoplastic left heart syndrome  
G. Mitral valve prolapse  
H. Pulmonary stenosis  
I. Coarctation of the aorta  
J. Aortic root dilation",A,medxpert,
ID1593,"What is the most likely cause of this patient’s pain?

A. Sesamoiditis  
B. Morton's neuroma  
C. Lateral longitudinal arch somatic dysfunction  
D. Plantar fasciitis  
E. Metatarsal stress fractures  
F. Tarsal tunnel syndrome  
G. Peroneal tendinopathy  
H. Flexor hallucis longus tendinitis  
I. Medial tibial stress syndrome  
J. Transverse arch somatic dysfunction",J,medxpert,
ID0063,"What is the most probable diagnosis and what best characterizes this patient's spinal motion pattern?

A. Dextroscoliosis; freedom of motion is sidebent to the right and rotated to the left  
B. Dextroscoliosis; concavity of the curve is to the left and vertebrae rotated to the right  
C. Levoscoliosis; concavity of the curve is to the right and vertebrae rotated to the left  
D. Levoscoliosis; the curve is sidebent to the right and rotated to the left  
E. Levoscoliosis; freedom of motion is sidebent to the right and rotated to the left  
F. Levoscoliosis; restricted with extension and convexity of the curve is to the left  
G. Dextroscoliosis; restricted with flexion and concavity of the curve is to the left  
H. Levoscoliosis; freedom of motion is sidebent to the left and rotated to the right  
I. Dextroscoliosis; convexity of the curve is to the left and vertebrae rotated to the left  
J. Dextroscoliosis; convexity of the curve is to the right and vertebrae rotated to the left",B,medxpert,
ID1284,"Which component of the primary respiratory mechanism is most likely responsible for these new symptoms?

A. Lumbar spine dysfunction  
B. Coccygeal segment dysfunction  
C. Cranial base compression  
D. Thoracic diaphragm restriction  
E. Sphenobasilar synchondrosis restriction  
F. Pelvic diaphragm dysfunction  
G. Peripheral nerves  
H. Sacrum  
I. Reciprocal tension membrane  
J. Autonomic imbalance due to vagus nerve involvement",H,medxpert,"A lumbar puncture reveals elevated opening pressure, significantly increased white blood cell count, reduced glucose levels, and elevated protein levels"
ID0584,"What Would You Do Next?

A: Administer gabapentin  
B: Assess celiac artery flow  
C: Inject a local anesthetic into the area of maximal tenderness  
D: Measure urine porphobilinogen level",C,jama,"She had no associated nausea, vomiting, diarrhea, hematochezia, bloating, or anorexia"
ID1779,"Which finding best explains this patient's prolonged bleeding time?

A. Impaired platelet adhesion to collagen  
B. Vitamin K deficiency  
C. Defective platelet alpha granule release  
D. Decreased fibrinogen  
E. COX-1 and COX-2 inhibition  
F. Impaired von Willebrand factor function  
G. Decreased factor VIII levels  
H. Platelet dysfunction due to uremia  
I. Decreased glycoprotein IIb/IIIa  
J. Decreased thromboxane A2 synthesis",D,medxpert,He reports having a colonoscopy several days ago and denies vomiting blood.
ID1212,"Which therapeutic intervention would be most effective in correcting these metabolic abnormalities?

A. Oral potassium binders to lower serum potassium  
B. Allopurinol to decrease uric acid production  
C. Intravenous saline with mannitol with the goal of a daily urinary output above 2.5 L/day  
D. Calcium gluconate to stabilize cardiac membranes  
E. Phosphate binders to reduce serum phosphorus  
F. Intravenous furosemide to promote diuresis  
G. Intravenous corticosteroids to reduce tumor burden  
H. Sodium bicarbonate infusion to alkalinize the urine  
I. Hemodialysis  
J. Intravenous recombinant uricase enzyme rasburicase",I,medxpert,
ID0965,"What is the most appropriate next step in her management?

A. Administer sodium bicarbonate.  
B. Administer a diuretic to correct hyperglycemia.  
C. Administer dextrose 5% in water.  
D. Perform hemodialysis.  
E. Administer calcium gluconate.  
F. Replace potassium intravenously.  
G. Start IV 5% dextrose.  
H. Administer subcutaneous insulin.  
I. Start IV insulin infusion.  
J. Start continuous bicarbonate infusion.",F,medxpert,| **Finger-stick glucose** | **630 mg/dL** |
ID0658,"When she inquires about her embryo's current developmental stage, which of the following milestones would be expected at this phase of embryological development?

A. Development of the amniotic cavity  
B. Development of somites  
C. Creation of the notochord  
D. Closure of the neural tube  
E. Initial placental development  
F. Cardiac activity visible on ultrasound  
G. Establishment of the yolk sac  
H. Formation of the bilaminar disc  
I. Gastrulation initiation  
J. Formation of the primitive streak",D,medxpert,
ID0992,"Which pathogen is the most probable cause of her cervicitis?

A. *Neisseria gonorrhoeae*  
B. *Mycoplasma genitalium*  
C. *Streptococcus agalactiae*  
D. *Mycoplasma hominis*  
E. *Chlamydia trachomatis*  
F. *Gardnerella vaginalis*  
G. *Ureaplasma urealyticum*  
H. *Candida albicans*  
I. Drug-resistant *Neisseria gonorrhoeae*  
J. *Trichomonas vaginalis*",B,medxpert,
ID1834,"Which spinal level is most likely to demonstrate a sympathetic viscerosomatic reflex associated with this patient's condition?

A. T7  
B. T8  
C. T3  
D. T6  
E. T12  
F. L4  
G. L2  
H. C4  
I. L1  
J. T10",E,medxpert,
ID0680,"What is the most appropriate therapeutic approach for this patient?

A. Surgical resection  
B. Surgical resection, adjuvant chemotherapy, and radiotherapy  
C. Stereotactic body radiation therapy  
D. Immunotherapy with pembrolizumab  
E. Combined chemoradiation therapy  
F. Combination chemotherapy with carboplatin and pemetrexed  
G. Surgical resection and treatment with erlotinib  
H. Palliative care only  
I. Treatment with erlotinib alone  
J. Watchful waiting with regular imaging follow-up",A,medxpert,
ID1058,"Which osteopathic lymphatic technique should be used as the initial treatment for this condition?

A. Sacral rocking technique  
B. Thoracic lymphatic pump  
C. Lymphatic drainage of the lower extremities  
D. Thoracic inlet myofascial release  
E. Rib raising technique  
F. Hepatic pump technique  
G. Pedal pump technique  
H. Upper extremity lymphatic pump  
I. Abdominal diaphragm release  
J. Splenic pump technique",D,medxpert,
ID1117,"What is the most appropriate next step in management?

A. Sputum culture and cytology  
B. Methacholine challenge test  
C. Pulmonary function testing  
D. Omeprazole therapy  
E. High-resolution CT scan of the chest  
F. Empiric antibiotic therapy  
G. Allergy skin testing  
H. Referral for psychiatric evaluation  
I. Trial of inhaled corticosteroids  
J. CT scan of the chest",C,medxpert,
ID0934,"What is the most appropriate treatment for this condition?

A. Ceftriaxone  
B. Penicillin G  
C. Ampicillin  
D. Intravenous immunoglobulin  
E. Acyclovir  
F. Vancomycin plus Piperacillin-Tazobactam  
G. Doxycycline  
H. Ciprofloxacin  
I. Rifampin  
J. Azithromycin",G,medxpert,
ID1746,"Which of the following best characterizes this patient's condition?

A. Vertebrae compressed anteriorly  
B. Aggressive disease course  
C. Vertebrae anteriorly displaced  
D. Vertebrae wedged laterally left  
E. Vertebrae sidebent left  
F. Vertebrae posteriorly displaced  
G. Vertebrae compressed posteriorly  
H. Vertebrae rotated counterclockwise  
I. Vertebrae wedged laterally right  
J. Vertebrae sidebent right",E,medxpert,
ID0141,"What is the most appropriate subsequent step in managing this patient's hyponatremia?

A. Limit intake of free water to 1500 mL daily  
B. Begin oral salt tablets with loop diuretics  
C. Administer isotonic saline infusion  
D. Initiate fluid restriction with urea supplementation  
E. Perform a water deprivation test  
F. Administer hypertonic saline infusion  
G. Discontinue sertraline therapy  
H. Increase dietary sodium intake  
I. Limit intake of all fluids to 1000 mL daily  
J. Administer 1 liter of 0.9% normal saline intravenously",I,medxpert,"A 64-year-old female presents to the emergency department following a fall, resulting in a right distal radius fracture."
ID1396,"Which serum immunoglobulin pattern would most likely be observed if her blood were analyzed?

A. Low IgE, high IgM, and normal IgG  
B. High IgG, high IgE, and low IgM  
C. High IgA, low IgE, and normal IgM  
D. High IgM, low IgA, and low IgE  
E. Normal IgE, low IgG, and high IgM  
F. Low IgG, low IgM, and normal IgA  
G. High IgE, normal IgA, and normal IgG  
H. Normal IgA, high IgE, and low IgM  
I. Low IgA, high IgG, and normal IgE  
J. Low IgA, normal IgG, and normal IgM",J,medxpert,
ID1309,"What is the most accurate diagnosis?

A. T3 FRRSR  
B. T2 FRLSL  
C. T2 ERRSL  
D. T2 FRRSR  
E. T2 ERRSR  
F. T2 ERLSL  
G. T2 FRLSR  
H. T2 NRLSR  
I. T3 ERRSR  
J. T1 FRRSR",D,medxpert,
ID1175,"What Would You Do Next?  
A: Isolate the patient and notify public health authorities  
B: Administer imiquimod  
C: Perform lesion excision by unroofing and curettage  
D: Administer oral acyclovir",A,jama,"He developed a skin rash affecting his trunk, limbs, and genitalia within the previous week."
ID1395,"Given the limited medical resources available, which of the following medications would be most appropriate as the initial treatment?

A. Beta-agonist inhaler  
B. Aspirin  
C. Phenytoin  
D. Mannitol  
E. Furosemide  
F. Supplemental oxygen  
G. Nifedipine  
H. Hypertonic saline  
I. Acetazolamide  
J. Dexamethasone",J,medxpert,
ID0317,"Which combination of diagnostic tests would be most appropriate in this case?

A. Antiphospholipid antibody testing, pelvic ultrasound, and thrombophilia workup  
B. Parental karyotype, thrombophilia workup, and pelvic ultrasound  
C. Antiphospholipid antibody testing, hysterosalpingogram, and thrombophilia workup  
D. Parental karyotype, pelvic ultrasound, and thyroid testing  
E. Antiphospholipid antibody testing, thyroid testing, and parental karyotype  
F. Antiphospholipid antibody testing, hysterosalpingogram, and parental karyotype  
G. Thyroid testing, pelvic ultrasound, and thrombophilia workup  
H. Antiphospholipid antibody testing, pelvic ultrasound, and thyroid testing  
I. Hysterosalpingogram, pelvic ultrasound, and thrombophilia workup  
J. Antiphospholipid antibody testing, thyroid testing, thrombophilia workup, and hysterosalpingogram",F,medxpert,
ID1151,"What is the most appropriate next step in managing this patient's condition?

A. Tramadol and lidocaine patch  
B. Morphine  
C. Morphine and fentanyl patch  
D. Ketamine infusion  
E. Ketorolac and fentanyl  
F. Acetaminophen and gabapentin  
G. Hydromorphone and acetaminophen  
H. Oxycodone and corticosteroids  
I. Buprenorphine patch only  
J. Methadone and ibuprofen",C,medxpert,
ID0753,"What is the most appropriate next step in managing this patient?

A. Administer intravenous metronidazole  
B. Obtain stool culture and sensitivity  
C. Begin oral vancomycin and metronidazole combination therapy  
D. Administer oral metronidazole  
E. Repeat lactic acid level  
F. Start intravenous vancomycin  
G. Computed tomography of abdomen  
H. Perform flexible sigmoidoscopy  
I. Initiate droplet precautions  
J. Initiate total parenteral nutrition",G,medxpert,
ID1171,"What Would You Do Next?

A: Perform B-scan ultrasonography  
B: Genetic testing to assess for ocular diseases  
C: Observation  
D: Obtain fundus autofluorescence",B,jama,". Ocular history included high hyperopia and amblyopia, and abnormal foveal contour was discovered when he was aged 3 years"
ID1913,"Which of the following medications is the most likely cause of this patient’s urinary incontinence?

A. Echinacea  
B. None of the above - this is age-related incontinence  
C. The echinacea supplement  
D. A combination of empagliflozin and doxylamine  
E. Doxylamine  
F. A combination of metformin and empagliflozin  
G. Empagliflozin  
H. Dulaglutide  
I. Metformin  
J. Acetaminophen",E,medxpert,
ID0304,"Among patients with this psychiatric condition, which substance shows the highest rate of use compared to the general population?

A. Inhalants  
B. Marijuana  
C. Alcohol  
D. Benzodiazepines  
E. Synthetic cannabinoids  
F. Prescription opioids  
G. Methamphetamine  
H. Hallucinogens  
I. Nicotine  
J. Cocaine",I,medxpert,"His family became concerned when he began discussing extraterrestrial beings, which has led to job loss and impaired daily functioning"
ID1504,"Which therapeutic intervention is most appropriate for this patient?

A. Watchful waiting with serial echocardiography  
B. Administration of digoxin therapy  
C. Aortic balloon valvuloplasty  
D. Surgical outflow tract repair  
E. Chronic β-blockade therapy  
F. Percutaneous balloon valvuloplasty  
G. Alcohol septal ablation  
H. Dual antiplatelet therapy with aspirin and clopidogrel  
I. Transcatheter mitral valve replacement  
J. Catheter-based ablation of atrial fibrillation",D,medxpert,
ID0907,"What is the next best step in managing this patient?

A. Call a consult for emergent angioembolization of the epigastric arteries  
B. Transfuse fresh frozen plasma  
C. Administer intravenous fluid bolus  
D. Discontinue apixaban immediately and monitor clinically  
E. Obtain CT abdomen and pelvis with intravenous contrast  
F. Administer packed red blood cells immediately  
G. Administer intravenous vitamin K  
H. Initiate broad-spectrum antibiotics for potential infection  
I. Follow serial complete blood counts  
J. Perform bedside ultrasound of the abdomen",C,medxpert,
ID1772,"Antibodies against which viral protein can cross the placenta and potentially cause a false-positive result in this newborn?

A. Tat protein  
B. Vif protein  
C. Pol protein  
D. gp41  
E. gp120  
F. p24  
G. gp160  
H. Integrase  
I. Nef protein  
J. Reverse transcriptase",E,medxpert,
ID1724,"Which of the following is the most likely diagnosis?

A. Normal stress reaction  
B. Acute stress disorder  
C. Bereavement  
D. Situational depression  
E. Substance-induced mood disorder  
F. Acute grief reaction  
G. Adjustment disorder  
H. Generalized anxiety disorder  
I. Major depressive disorder  
J. Dysthymic disorder",A,medxpert,
ID1925,"What Would You Do Next?

A: Administer oral cefazolin  
B: Prescribe hydrocortisone cream  
C: Restart daily oral itraconazole  
D: Treat with oral terbinafine",C,jama,.
ID1656,"Which of the following conditions shares the same pattern of inheritance as this patient's disorder?

A. Angelman syndrome  
B. Turner syndrome  
C. Beckwith-Wiedemann syndrome  
D. Klinefelter syndrome  
E. Prader-Willi syndrome  
F. Alpha-1-antitrypsin deficiency  
G. Cystic fibrosis  
H. Hemophilia A  
I. DiGeorge syndrome  
J. Silver-Russell syndrome",E,medxpert,Physical examination reveals height below the 5th percentile and weight above the 75th percentile.
ID1098,"What Is Your Diagnosis?

A: Intravascular anaplastic large cell lymphoma  
B: Large B-cell lymphoma  
C: Metastatic carcinoma  
D: Natural killer/T-cell lymphoma",A,jama,.
ID1492,"Given this patient's suspected diagnosis, which therapeutic combination would be most appropriate?

A. Aspirin, clopidogrel, beta blockers, and nitrates  
B. Aspirin and beta blockers  
C. Aspirin and clopidogrel  
D. Beta blockers, nitrates, and aspirin  
E. Statins and beta blockers  
F. Calcium channel blockers and nitrates  
G. Low molecular weight heparin and nitrates  
H. ACE inhibitors and aspirin  
I. Nitrates only  
J. Coronary stenting with dual antiplatelet therapy",F,medxpert,
ID0150,"What Is Your Diagnosis?

A: Giant cell arteritis  
B: Anti–transfer RNA synthetase myositis  
C: Immunoglobulin G4–related disease  
D: Myasthenia gravis",A,jama,.
ID0655,"Which of the following is the most likely underlying cause of this patient’s infection?

A. Cross-reactivity between different strains of Plasmodium  
B. Unprotected intercourse with a new partner  
C. Incorrect dosing of chloroquine prophylaxis  
D. Release of dormant hypnozoites from hepatocytes  
E. Infection with parasites resistant to chloroquine  
F. Mixed infection with multiple Plasmodium species  
G. Inadequate duration of chemoprophylaxis  
H. Reactivation of latent merozoites in the bloodstream  
I. Mosquito bites after returning to the United States  
J. Inadequate absorption of chloroquine due to gastrointestinal illness",E,medxpert,
ID0627,"What is the most appropriate next step in management?

A. Repeat esophagogastroduodenoscopy  
B. Stool guaiac testing  
C. Endoscopic hemostasis  
D. Colonoscopy  
E. Empiric proton pump inhibitor therapy  
F. Laparotomy  
G. Capsule endoscopy  
H. Exploratory laparoscopy  
I. Tagged red blood cell scan  
J. Angiography",J,medxpert,| Cl- | 101 mEq/L |
ID0626,"Which food item is most commonly associated with the condition causing these symptoms?

A. Fish  
B. Pasta salad  
C. Raw oysters  
D. Egg salad  
E. Soft cheese  
F. Refried rice  
G. Fresh fruit salad  
H. Undercooked steak  
I. Grilled chicken  
J. Canned tuna",D,medxpert,
ID1757,"What is the most appropriate next step in her management?

A. Discontinue the rivaroxaban if a chest CT scan shows resolution of the pulmonary embolism  
B. Perform a D-dimer test to guide the decision on whether to continue anticoagulation  
C. Continue rivaroxaban indefinitely due to the risk of recurrent pulmonary embolism  
D. Discontinue rivaroxaban and start low-dose aspirin for secondary prevention  
E. Switch to aspirin for long-term prevention of recurrent venous thromboembolism  
F. Transition to warfarin for long-term anticoagulation management  
G. Reduce the rivaroxaban dose to 10 mg daily for extended anticoagulation  
H. Continue the rivaroxaban at the current dose for a total of 6 months of anticoagulation  
I. Perform a thrombophilia workup before discontinuing rivaroxaban  
J. Discontinue the rivaroxaban without further testing",J,medxpert,"She was subsequently transitioned to rivaroxaban at a dose of 15 mg twice daily for 21 days, followed by 20 mg daily"
ID0723,"What Would You Do Next?

A: Electroretinogram  
B: Genetic testing  
C: Observation  
D: Muscle biopsy",B,jama,.
ID1147,"Which additional finding would most likely be present in this patient?

A. Elevated oligoclonal bands in cerebrospinal fluid  
B. Elevated creatine kinase levels  
C. Anti-ganglioside antibodies in serum  
D. Abnormal nerve root potentials on EMG  
E. Pleocytosis on cerebrospinal fluid analysis  
F. Positive titers on a rapid plasma reagin test  
G. Demyelinating lesions on brain MRI  
H. Positive anti-acetylcholine receptor antibodies  
I. Anterior nerve root enhancement on spinal MRI  
J. Decreased peripheral nerve conduction velocity on an electrophysiological examination",E,medxpert,
ID0345,"What Would You Do Next?

A: Check blood lead concentration  
B: Order anti-neutrophil cytoplasmic antibody (ANCA) level  
C: Perform flow cytometry  
D: Perform urine test for porphobilinogen",A,jama,
ID1766,"Which of the following represents the most concerning risk factor for this patient's condition?

A. Chronic urinary tract infections  
B. Vinyl chloride exposure  
C. Exposure to ionizing radiation  
D. Aromatic amine exposure  
E. *Schistosoma haematobium* infection  
F. Chronic alcohol consumption  
G. Benzene exposure  
H. Long-term NSAID use  
I. Family history of pancreatic cancer  
J. Occupational asbestos exposure",D,medxpert,
ID0003,"Which of the following components is essential for culturing the most likely causative organism?

A. Iron  
B. Urea  
C. Magnesium  
D. Cysteine  
E. Glucose  
F. Nicotinamide  
G. Cholesterol  
H. Hemin  
I. Sulfate  
J. Pyridoxine",G,medxpert,
ID0792,"What is the most appropriate breast cancer screening approach for this patient?

A. Annual mammography beginning immediately  
B. Biopsy of breast tissue  
C. Genetic testing for BRCA mutations  
D. Mammography with tomosynthesis  
E. Sentinel node biopsy  
F. MRI of the breasts  
G. Breast ultrasound  
H. Screening mammography starting at age 50  
I. No intervention indicated at this time  
J. Mammography",I,medxpert,A 39-year-old female patient seeks a general health evaluation at her primary care physician's office after a 20-year absence from medical care
ID1550,"What Would You Do Next?

A: Fluorescein angiography  
B: Serum vascular endothelial growth factor  
C: Repeated lumbar puncture  
D: Start acetazolamide",B,jama,. Electromyography suggested a brachial plexopathy
ID0856,"Which of the following describes the mechanism of the drug most likely prescribed in this case?

A. Inhibitor of purine nucleotide synthesis  
B. Inhibitor of microtubule polymerization  
F. Inhibitor of dihydrofolate reductase  
G. Activator of uric acid metabolism by uricase  
H. Inhibitor of proximal tubule reabsorption  
I. Inhibitor of leukocyte migration  
J. Inhibitor of xanthine oxidase",J,medxpert,
ID1976,"Radiographs will most likely show that his humeral head has dislocated in what direction?

A. Inferior  
B. Posterosuperior  
C. Anterior  
D. Medial  
E. Anteroinferior  
F. Posterior  
G. Posteroinferior  
H. Anterosuperior  
I. Lateral  
J. Superior",A,medxpert,
ID0211,"What is the appropriate positioning and activating force for treating this dysfunction using muscle energy?

A. With the shoulder relaxed and the elbow bent, bring the patient’s forearm into supination to the edge of the restrictive barrier and have them pronate against resistance.  
B. With the shoulder abducted and the elbow bent, bring the patient’s forearm into supination to the edge of the restrictive barrier and have them pronate against resistance.  
C. With the shoulder relaxed and the elbow extended, bring the patient’s forearm into pronation to the edge of the restrictive barrier and have them supinate against resistance.  
D. With the shoulder abducted and the elbow bent, bring the patient’s forearm into pronation to the edge of the restrictive barrier and have them supinate against resistance.  
E. With the shoulder relaxed and the elbow bent, bring the patient’s forearm into neutral position and have them pronate against resistance.  
F. With the shoulder relaxed and the elbow bent, bring the patient’s forearm into supination to the edge of the restrictive barrier and have them supinate against resistance.  
G. With the shoulder relaxed and the elbow extended, bring the patient’s forearm into supination to the edge of the restrictive barrier and have them pronate against resistance.  
H. With the shoulder relaxed and the elbow fully bent, extend the elbow to the edge of the restrictive barrier and have them flex their elbow against resistance.  
I. With the shoulder relaxed and the elbow bent, bring the patient’s forearm into pronation to the edge of the restrictive barrier and have them supinate against resistance.  
J. With the shoulder relaxed and the elbow bent, bring the patient’s forearm into neutral position and have them supinate against resistance.",A,medxpert,"Her medical history includes uterine fibroids, for which she underwent a myomectomy 5 years ago, and menopause last year"
ID1946,"In addition to maintaining a patent airway and administering intravenous fluids, which of the following is the most appropriate next step in management?

A. Obtain an ECG  
B. Administer glucagon  
C. Perform immediate hemodialysis  
D. Begin gastric lavage  
E. Give N-acetylcysteine  
F. Administer N-acetylcysteine  
G. Administer sodium bicarbonate  
H. Start benzodiazepine therapy  
I. Administer activated charcoal  
J. Start physostigmine administration",A,medxpert,
ID0805,"Which type of pulmonary malignancy, arising from this scar, is most likely to develop in this patient?

A. Small round blue cells  
B. Lymphocyte-derived cells  
C. Pleomorphic giant cells  
D. Alveolar macrophage-derived cells  
E. Bronchiolar epithelial cells  
F. Neuroendocrine cells  
G. Squamous tumor cells  
H. Undifferentiated basal cells  
I. Spindle-shaped mesenchymal cells  
J. Glandular tumor cells",J,medxpert,
ID0161,"What Is Your Diagnosis?

A: Orbital compartment syndrome  
B: Ocular motor apraxia  
C: Pituitary apoplexy  
D: Cavernous sinus thrombosis",C,jama,.
ID1409,"What is the most likely diagnosis?

A. C4–C5 ERLSR  
B. C4–C6 FRRSR  
C. C4–C6 NSRRR  
D. C5–C6 ERRSR  
E. C4–C6 NSRRL with somatic dysfunction  
F. C4–C6 ERRSR with compensatory rotation  
G. C4–C6 ERRSR  
H. C4–C6 FSRRR  
I. C5–C6 FSRRL  
J. C4–C6 NSRRL",G,medxpert,A 26-year-old man presents with sharp neck pain that began upon waking this morning
ID1904,"What Would You Do Next?

A: Check plasma HIV-1 RNA level  
B: Order testing for hepatitis E virus IgM antibody  
C: Order testing for anti–smooth muscle antibody  
D: Order testing for hepatitis delta virus (HDV) IgM and IgG antibodies and, if positive, test for HDV RNA",D,jama,
ID0359,"Which of the following genetic disorders is most likely in this patient?

A. Triple X syndrome  
B. Turner syndrome  
C. Marfan syndrome  
D. Fragile X syndrome  
E. Beckwith-Wiedemann syndrome  
F. Prader-Willi syndrome  
G. Klinefelter syndrome  
H. Noonan syndrome  
J. Williams syndrome",A,medxpert,"On physical examination, notable findings include epicanthal folds and joint hyperextensibility."
ID0327,"Which of the following best describes the ventilation-perfusion (V/Q) ratio at the lung apex while this patient is running two miles?

A. V/Q = 0.5  
B. V/Q = 4  
C. V/Q = 1  
D. V/Q = 2  
E. V/Q = 3  
F. V/Q = 1.5  
G. V/Q = 0  
H. V/Q = 0.3  
I. V/Q = 1.2  
J. V/Q = 0.8",C,medxpert,
ID0002,"What Would You Do Next?

A: Perform left upper eyelid ptosis repair  
B: Request single-fiber electromyography  
C: Biopsy the left levator palpebrae superioris  
D: Obtain orbital imaging with intravenous contrast",D,jama,
ID1185,"What Would You Do Next?

A: Check thyrotropin and thyroid receptor autoantibody levels and order orbital imaging  
B: Order acetylcholine receptor antibody level titers  
C: Order urgent computed tomography scan and computed tomography angiography of the brain  
D: Perform urgent lumbar puncture",C,jama,
ID1062,"What is the most appropriate immediate management for this patient?

A. Lateral internal sphincterotomy  
B. Application of topical hydrocortisone  
C. Sclerotherapy injection  
D. Hemorrhoidectomy  
E. Elliptical excision  
F. Fistulotomy  
G. Conservative management with sitz baths  
H. Topical nitroglycerin application  
I. Rubber band ligation  
J. Incision and drainage",E,medxpert,
ID0085,"Which of the following findings would most strongly support this diagnosis?

A. Pain that improves with movement  
B. Gentle pressure at the costovertebral angle elicits pain  
C. McBurney's point tenderness  
D. Absent bowel sounds  
E. Shifting dullness on percussion  
F. Murphy's sign positive  
G. Guaiac positive stool  
H. Cullen's sign present  
I. Rebound tenderness on light palpation  
J. Forced cough elicits abdominal pain",J,medxpert,The provider suspects spontaneous bacterial peritonitis.
ID1659,"What Would You Do Next?

A: Perform allergy testing and initiate topical steroids  
B: Check serum vitamin A levels  
C: Obtain corneal herpes simplex viral cultures  
D: Perform therapeutic penetrating keratoplasty of the right eye",B,jama,She did not describe any reduction in visual function or ability to perform low-luminance tasks.The patient was admitted and ophthalmology was consulted. The patient was nonverbal at baseline and exhibited restrictive and repetitive behaviors
ID0827,"Which of the following tests is most likely to establish the diagnosis in this patient?

A. Sputum culture and cytology  
C. Bronchoscopy  
D. Esophageal pH monitoring  
E. Thoracentesis  
F. Flexible laryngoscopy  
G. Methacholine challenge test  
H. High-resolution CT of the thorax  
I. Allergy skin testing  
J. Cardiac stress testing",C,medxpert,
ID0320,"What is the most appropriate next step in managing this patient?

A. Reassure the patient that no immediate treatment is indicated; consider another MRI in 1 to 2 years  
B. Repeat prolactin levels after a dopamine agonist withdrawal period  
C. Initiate high-dose cabergoline therapy to normalize prolactin levels  
D. Begin bromocriptine 2.5 mg daily; remeasure the prolactin level in 1 month  
E. Perform visual field testing to assess for optic chiasm compression  
F. Begin cabergoline 0.25 mg twice weekly; remeasure the prolactin level in 3 months  
G. Refer the patient for radiation therapy to reduce adenoma size  
H. Initiate hormone replacement therapy to normalize estradiol levels  
I. Measure serum cortisol and ACTH levels to rule out subclinical Cushing syndrome  
J. Perform transsphenoidal surgery to remove the pituitary adenoma",A,medxpert,She is not taking any medications or supplements.
ID1208,"Which of the following medication modifications would be most appropriate to improve her blood glucose control?

A. Add acarbose  
B. Add dapagliflozin  
C. Switch to dulaglutide  
D. Add semaglutide  
E. Add pioglitazone  
F. Replace metformin with glipizide  
G. Add sitagliptin  
H. Add glimepiride  
I. Add empagliflozin  
J. Add liraglutide",B,medxpert,
ID0300,"What Would You Do Next?

A: Advise the patient against future COVID-19 mRNA vaccination because of allergy  
B: Prescribe a preloaded epinephrine autoinjector and refer for allergy testing  
C: Prescribe a nonsedating antihistamine at a standard dose and increase to high-dose antihistamine if symptoms persist  
D: Prescribe oral prednisone (60 mg per day for 5 days)",C,jama,
ID0399,"What Would You Do Next?

A: Repeat serial ophthalmic examinations  
B: Diagnose and treat idiopathic intracranial hypertension  
C: Perform bone marrow biopsy  
D: Repeat serial lumbar punctures",C,jama,.
ID1448,"Which of the following interventions is most likely to restore stable ventilation?

B. Prone positioning of the child  
C. Performing a chest X-ray to rule out pneumothorax  
D. Increasing the ventilator rate to compensate for poor tidal volumes  
E. Switching to high-frequency oscillatory ventilation  
F. Administration of intravenous diuretics to reduce pulmonary edema  
G. Changing from volume to pressure control ventilation  
H. Addition of albuterol  
I. Emergent replacement of the valved conduit  
J. Administering corticosteroids to reduce airway inflammation",B,medxpert,"During the first postoperative night, his ventilation is very difficult to control, and he has multiple desaturations, peak pressure alarms, poor tidal volumes, and bag-valve-mask ventilation is required several times to help him recover from severe respiratory distress with desaturations."
ID1102,"Which of the following is the most appropriate next step in management?

A. MRI  
B. Rest and ibuprofen  
C. Physical therapy referral  
D. Immediate surgical referral  
E. Repeat X-ray in 2 weeks  
F. Corticosteroid injection  
G. Complete activity cessation for 6 weeks  
H. Cast immobilization  
I. Bone scan  
J. Splinting",B,medxpert,
ID1389,"What would be the most appropriate initial physician response in this situation?

A. ""Tell me more about your typical daily routine and how alcohol fits into it.""  
B. ""It sounds like you're experiencing several challenges. How can I help?""  
C. ""What would need to happen for you to consider changing your drinking habits?""  
D. ""I'm concerned about your alcohol consumption. Would you be willing to track your daily intake?""  
E. ""I'm sorry that your friend no longer returns your calls. Why do you think this is the case?""  
F. ""I'm sorry to hear you lost your job. I am concerned about the amount of alcohol you are drinking.""  
G. ""Have you noticed any connection between your job loss and your drinking habits?""  
H. ""Your drinking pattern suggests alcohol dependence. Have you considered seeking help?""  
I. ""Many people find that drinking affects their relationships. What are your thoughts about that?""  
J. ""I'm sorry that your friend no longer returns your calls. Do you feel that your drinking has affected your relationship with your friend?""",E,medxpert,He reports consuming 6-7 beers nightly and typically has a shot of whiskey in the morning to relieve headaches
ID1026,"What inheritance pattern is most likely associated with this condition?

A. Variable expressivity  
B. No inheritance pattern  
C. Incomplete penetrance  
D. Autosomal dominant  
E. X-linked dominant  
F. Autosomal recessive  
G. Codominant inheritance  
H. X-linked recessive  
I. Mitochondrial inheritance  
J. Multifactorial inheritance",B,medxpert,
ID0761,"Which of the following is the most likely diagnosis?

A. Munchausen syndrome  
B. Radiculopathy  
C. Neuropraxia  
D. Malingering  
E. Anxiety disorder  
F. Factitious disorder  
G. Psychogenic paresis  
H. Functional neurological symptom disorder  
I. Somatic symptom disorder  
J. Conversion disorder",D,medxpert,
ID1727,"What is the most probable diagnosis?

A. White coat hypertension  
B. Thyroid storm  
C. Renal artery fibromuscular dysplasia  
D. Coarctation of the aorta  
E. Primary hyperaldosteronism  
F. Pheochromocytoma  
G. Essential hypertension  
H. Cushing's syndrome  
I. Renovascular atherosclerosis  
J. Performance-enhancing drug use",C,medxpert,
ID1588,"What Would You Do Next?

A: Investigate liver dysfunction and biliary tract obstruction  
B: Drain the hemorrhage with scleral windows  
C: Treat with plaque brachytherapy  
D: Rule out an occult systemic neoplasm",D,jama,. Her ocular history included bilateral cataract surgery 5 years prior.
ID1712,"While additional test results are pending, which of the following interventions would be most appropriate to initiate at this time?

A. Hydrochlorothiazide  
B. Enoxaparin  
C. Furosemide  
D. Spironolactone  
E. Cephalexin  
F. Warfarin initiation  
G. Torsemide  
H. Compression stockings  
I. Metolazone  
J. Elevation of lower extremities",C,medxpert,
ID0594,"This patient is most likely to develop which of the following adverse effects?

A. Myositis  
B. QT prolongation  
C. Peripheral neuropathy  
D. Rhabdomyolysis  
E. Hyperkalemia  
F. Acute kidney injury  
G. Elevated transaminases  
H. Drug-induced lupus  
I. Bloating  
J. Pancreatitis",G,medxpert,
ID1037,"What Is Your Diagnosis?

A: Eczema  
B: Aquagenic syringeal acrokeratoderma  
C: Hereditary papulotranslucent acrokeratoderma  
D: Progressive symmetric erythrokeratoderma",B,jama,
ID0140,"After initiating IV fluids and obtaining blood cultures, which medication should be administered as the first priority?

A. IV corticosteroids  
B. Ceftriaxone  
C. Vancomycin  
D. Vitamin K  
E. Amphotericin B  
F. Penicillin  
G. Clindamycin  
H. Piperacillin-tazobactam  
I. Meropenem  
J. Fresh frozen plasma",G,medxpert,
ID1761,"What Would You Do Next?

A: Add intravenous amphotericin B  
B: Further surgical debridement  
C: Start hyperbaric oxygen therapy  
D: Start intravenous glucocorticoids",D,jama,.
ID0684,"Which of the following is the most appropriate way to begin obtaining a sexual history?

A. “Do you feel safe in your current relationship?”  
B. “How many sexual partners have you had in the past year?”  
C. “What kind of birth control, if any, are you using?”  
D. “Have you ever experienced any pain or discomfort during intercourse?”  
E. ”Are you currently in a relationship with anyone?”  
F. “Are you satisfied with your current sexual activity and relationships?”  
G. “When was the last time you were tested for sexually transmitted infections?”  
H. “Do you use protection when you have sex?”  
I. “Do you have any concerns about your sexual health?”  
J. “Are you sexually active with men, women, or both?""",J,medxpert,
ID0262,"What is the most appropriate next step in evaluating this patient?

A. Surgical excision of the nodule for histopathology  
B. PET scan to evaluate for malignancy  
C. Thyroid ultrasound and fine-needle aspiration of the nodule  
D. Repeat TSH measurement in 6 weeks  
E. Empirical treatment with antithyroid medication  
F. Measurement of thyroid-stimulating immunoglobulin  
G. CT scan of the neck and chest  
H. Radionuclide scanning with iodine-123  
I. Measurement of free T4 and total T3 levels  
J. Fine-needle aspiration without imaging guidance",H,medxpert,"| --- | --- | --- | | Thyroid-stimulating hormone (μU/mL) | 0.03 | 0.5–4.7 | On examination, her blood pressure is 142/87 mm Hg, heart rate is 92 beats per minute, and temperature is 36.5°C. | Calcium (mg/dL) | 9.4 | 9.0–10.5 | | Phosphorus (mg/dL) | 3.6 | 3.0–4.5 | The complete blood count is within normal limits"
ID0242,"Which of the following is the most appropriate response by the physician?

A. “I will perform cardiopulmonary resuscitation if needed, but I cannot intubate your husband.”  
B. ""I will only provide non-invasive ventilation as a compromise.""  
C. ""We should obtain an emergency court order to override the DNI order.""  
D. ""We should attempt to wake him up to confirm his current wishes.""  
E. ""The advance directive is no longer valid since his condition has changed significantly.""  
F. ""Let's wait until his condition deteriorates further before making any decisions.""  
G. ”I have to respect your husband's wishes and will only provide comfort measures.”  
H. ""I will provide full life support including intubation since you are his next of kin.""  
I. ""Since your husband is incapacitated, you now have the legal authority to override his advance directive.""  
J. ”If you can confirm that this decision is in your husband's best interest, I will provide full life support.”",A,medxpert,
ID0376,"Which of the following medications should be avoided in this patient?

A. Tofacitinab  
B. Leflunomide  
C. Certolizumab  
D. Rituximab  
E. Adalimumab  
F. Etanercept  
G. Tocilizumab  
H. Golimumab  
I. Infliximab  
J. Abatacept",A,medxpert,His rheumatologist plans to add a disease-modifying anti-rheumatic drug (DMARD) to improve symptom control
ID0455,"Which of the following interventions is the most appropriate for this patient?

A. Initiate anticoagulation therapy  
B. Initiate calcium channel blocker  
C. Schedule cardiac catheterization  
D. Increase beta-blocker dosage  
E. Smoking cessation  
F. Add ACE inhibitor therapy  
G. Increase statin dosage  
H. Schedule urgent endovascular repair  
I. Aortic aneurysm repair alone  
J. Aortic valve replacement and aortic aneurysm repair",E,medxpert,
ID1975,"Which of the following is the correct initial setup for muscle energy treatment for this patient?

A. Left lateral recumbent with torso turned prone  
B. Supine with lumbar spine flexed and pelvis rotated right  
C. Seated position with lumbar spine rotated left  
D. Right lateral recumbent with torso turned supine  
E. Right lateral recumbent  
F. Supine with lumbar spine rotated left and flexed  
G. Prone with legs extended and pelvis rotated left  
H. Prone with torso rotated left and pelvis rotated right  
I. Left lateral recumbent with torso turned supine  
J. Right lateral recumbent with lumbar spine extended",A,medxpert,
ID1896,"What is the most appropriate next step in management?

A. Administration of IV antibiotics  
B. Doppler ultrasound of the arm  
C. Radiography  
D. Immediate MRI of the forearm  
E. Surgical hardware removal  
F. CT angiography of the arm  
G. Compartment pressure measurement  
H. Replace the cast with a sling  
I. Pain management and observation  
J. Emergency fasciotomy",J,medxpert,
ID0092,"Which of the following is the best initial therapy for this patient?

A. Intravenous vancomycin  
B. Oral fidaxomicin  
C. Intravenous metronidazole  
D. Intravenous daptomycin  
E. Oral metronidazole  
F. Discontinuation of ceftriaxone without additional therapy  
G. Intravenous fidaxomicin  
H. Oral clindamycin  
I. Oral rifaximin  
J. Oral vancomycin",B,medxpert,
ID0310,"What Would You Do Next?

A: Perform a diagnostic vitrectomy in the right eye  
B: Inject intravitreal antibiotics for endophthalmitis in both eyes  
C: Perform ciliary body–choroidal biopsy in the right eye  
D: Treat the patient with systemic steroids for presumed VKH syndrome",C,jama,"A, Serous retinal detachment (asterisk). The anterior segment was unremarkable in either eye, while the posterior segment examination noted 1+ vitreous cell, asteroid hyalosis, and a multilobulated, serous retinal detachment (RD) in the right eye and trace vitreous cell and a multilobulated, serous RD in the left eye"
ID1743,"Which sphenobasilar synchondrosis (SBS) dysfunction is most likely present?

A. Superior vertical strain  
B. Compression  
C. Lateral strain dysfunction  
D. Flexion dysfunction  
E. Occipital-atlantal dysfunction  
F. Torsion dysfunction  
G. Extension dysfunction  
H. Bilateral temporal bone external rotation  
I. Compression dysfunction  
J. Inferior vertical strain",A,medxpert,
ID0073,"Which of the following would be the most appropriate next diagnostic step?

A. Serum electrolytes and blood glucose  
B. Laboratory evaluation of electrolytes  
C. Abdominal ultrasound  
D. CT of the head  
E. Lumbar puncture  
F. Vestibular function testing  
G. MRI of the brain  
I. Upper gastrointestinal endoscopy  
J. Complete blood count with differential",G,medxpert,
ID1778,"Which of the following is the most likely finding on further evaluation?

A. Orthostatic hypotension  
B. Decreased appetite  
C. Enhanced sensory perception  
D. Tactile hallucinations  
E. Hyperreflexia  
F. Metabolic acidosis  
G. Memory impairment  
H. Decreased pain threshold  
I. Impaired reaction time  
J. Decreased pupillary response",I,medxpert,
ID0148,"What is the most appropriate next step in management?

A. Radiation therapy followed by surgery  
B. Trastuzumab therapy  
C. Surgical resection and chemotherapy  
D. Hormonal therapy alone  
E. Surgical resection and radiotherapy  
F. Hormonal therapy and trastuzumab  
G. Conservative management with close monitoring  
H. Delay treatment until after delivery  
I. Neoadjuvant chemotherapy alone  
J. Mastectomy with lymph node dissection only",C,medxpert,
ID0047,"What Would You Do Next?

A: Obtain HIV and syphilis serology results  
B: Administer 1000 mg of intravenous methylprednisolone  
C: Inject intravitreal foscarnet  
D: Obtain computed tomographic scan of the brain",A,jama,
ID0591,"What is the most probable mechanism causing the patient's upper leg paresthesia?

A. Obturator nerve compression at the obturator canal  
B. Microvascular ischemia of vasa nervorum  
C. Peripheral entrapment by inguinal ligament  
D. Radiculopathy of L3-L4 nerve roots  
E. Femoral nerve entrapment at the iliacus tunnel  
F. Sciatic nerve compression at the piriformis muscle  
G. Compression of lateral femoral cutaneous nerve by adipose tissue  
H. Direct nerve compression by herniated disc  
I. Inflammatory demyelination of peripheral nerves  
J. Diabetic polyradiculopathy",C,medxpert,
ID0336,"Which of the following describes the most appropriate treatment setup for addressing this somatic dysfunction?

A. Knees and hip flexion with slight adduction  
B. Knees and hip flexion with minimal rotation towards  
C. Lumbar extension, sidebending and rotation towards  
D. Lumbar extension, sidebending and rotation away  
E. Knees and hip flexion and marked rotation away  
F. Lumbar flexion, sidebending and rotation towards  
G. Knees and hip flexion and marked rotation towards  
H. Lumbar flexion, sidebending away and rotation towards  
I. Knees and hip flexion with marked rotation away and slight extension  
J. Knees and hip extension with slight abduction",E,medxpert,
ID0870,"What is the most appropriate next step in management?

A. Captopril therapy  
B. Plasmapheresis  
C. Glucocorticoid therapy  
D. Cyclophosphamide therapy  
E. Intravenous immunoglobulin therapy  
F. Mycophenolate mofetil therapy  
G. Hydroxychloroquine therapy  
H. Methotrexate therapy  
I. Azathioprine therapy  
J. Rituximab therapy",A,medxpert,"Schistocytes are present on peripheral blood smear. Physical examination reveals diffuse hypopigmentation on the upper back and posterior arms with perifollicular sparing, stiff skin on hands and fingers, and tender wrist and elbow contractures. For the past year, she has experienced diffuse muscle pain and joint pain in her wrists and elbows, along with skin thickening of her hands and fingers, which she attributes to her warehouse work. A 41-year-old female is evaluated in the emergency department after experiencing sudden headache and nausea for 2 hours"
ID1254,"What is the most appropriate initial response in this situation?  
A. ""Is someone hurting you?""  
B. ""I'm concerned about your safety at home.""  
C. ""I need to report this to the authorities immediately.""  
D. ""Would you like to speak with a counselor today?""  
E. ""Tell me more about what has been happening.""  
F. ""Are you experiencing any bleeding disorders?""  
G. ""Would you like me to examine these bruises more closely?""  
H. ""Do you have a safe place to go if things get out of hand?""  
I. ""These bruises don't look like they're from falling.""  
J. ""I can call the police so that they can protect you.""",E,medxpert,
ID1483,"Which of the following conditions is most likely to occur as a side effect of this medication?

A. Hypocortisolism  
B. Hypomagnesemia  
C. Hypocalcemia  
D. Hypophosphatemia  
E. Hypokalemia  
F. Hypothyroidism  
G. Hypogonadism  
H. Hyperglycemia  
I. Hyponatremia  
J. Hypoparathyroidism",F,medxpert,
ID1567,"What is the most appropriate next step in management?

A. Offering patient education about Kegel exercises  
B. Obtaining urodynamic testing  
C. Monitoring postvoid residual  
D. Recommending pessary placement  
E. Performing a bladder stress test  
F. Initiating anticholinergic therapy  
G. Ordering a pelvic MRI to assess for structural abnormalities  
H. Referring to physical therapy for pelvic floor strengthening  
I. Performing urethropexy  
J. Performing cystoscopy to evaluate for bladder pathology",E,medxpert,
ID1154,"Which of the following antibiotic regimens is the most appropriate for this patient?

A. Piperacillin-tazobactam and vancomycin  
B. Ampicillin-sulbactam  
C. Daptomycin and ceftriaxone  
D. Ampicillin and ceftriaxone  
E. Vancomycin  
F. Ampicillin and gentamicin  
G. Ceftriaxone and gentamicin  
H. Vancomycin and gentamicin  
I. Ampicillin and vancomycin  
J. Ampicillin monotherapy",D,medxpert,"His medical history includes type 2 diabetes, benign prostatic hyperplasia, and recurrent urinary tract infections"
ID1694,"Which of the following is the most appropriate next step in management?

A. Public speaking skills training  
B. Marijuana cessation counseling  
C. Selective serotonin reuptake inhibitor therapy  
D. Lorazepam therapy  
E. Biofeedback therapy  
F. Mindfulness-based stress reduction  
G. Group therapy  
H. Exposure therapy  
I. Propranolol therapy  
J. Cognitive behavioral therapy",J,medxpert,
ID0532,"What is the most appropriate initial treatment for this patient?

A. NPO status with IV hydration  
B. Oral rehydration with a hypo-osmolar solution  
C. Oral rehydration with hyperosmolar solution  
D. Bolus infusion of normal saline  
E. Immediate hospitalization for IV antibiotics  
F. Intravenous maintenance fluids with D5 1/2NS  
G. Oral rehydration with a standard-osmolar solution  
H. Small frequent feeds of breast milk or formula  
I. Oral zinc supplementation with rehydration  
J. Clear liquid diet with sports drinks",B,medxpert,
ID1463,"What is the most appropriate next step in managing this patient?

A. Temporal bone CT with contrast  
B. Oral cefdinir for 7 days  
C. Watchful waiting with follow-up in 48-72 hours  
D. Oral amoxicillin-clavulanate twice daily for 14 days  
E. Oral amoxicillin alone for 10 days  
F. Topical antibiotic ear drops only  
G. Intravenous antibiotics  
H. Myringotomy with tympanostomy tube placement  
I. Intramuscular ceftriaxone single dose  
J. Oral azithromycin for 5 days",G,medxpert,
ID0672,"Which factor from this patient’s history and clinical presentation is most strongly associated with a poor prognosis?

A. Partial pressure of oxygen of 40 mm Hg  
B. Severe metabolic acidosis with lactate of 7 mmol/L  
D. Delayed initiation of advanced life support  
E. Warm water submersion  
F. Intubation during resuscitation efforts  
G. Submersion time of 6 minutes  
H. Cardiopulmonary resuscitation lasting 15 minutes  
I. Hypoxemia with oxygen saturation below reference range  
J. Initial arterial pH of 7.22",G,medxpert,
ID0621,"Which of the following substances, when inhibited, is most likely responsible for this metabolic disruption?

A. Pantothenic acid  
B. Pyruvate dehydrogenase  
C. Lipoic acid  
D. Thiamine  
E. Riboflavin  
F. Alpha-ketoglutarate dehydrogenase  
G. Niacin  
H. Biotin  
J. Coenzyme A",C,medxpert,"His vital signs show: temperature 98.7°F, blood pressure 100/60 mmHg, heart rate 100/min, and respiratory rate 16/min"
ID1540,"What Is Your Diagnosis?

A: Listeriosis  
B: Neuroschistosomiasis  
C: Eosinophilic granulomatosis with polyangiitis  
D: Neuromyelitis optica spectrum disorder",B,jama,.
ID1696,"What is the most appropriate next step in managing this patient?

A. MRI with contrast of the sinuses  
B. CT of the sinuses  
C. Oral antibiotic therapy  
D. Allergy testing  
E. Nasal decongestant spray  
F. Referral to ENT specialist  
G. Saline nasal irrigation  
H. Oral antihistamine therapy  
I. Endoscopic biopsy of the masses  
J. Intranasal glucocorticoid spray",J,medxpert,"On examination, her vital signs are normal, and she is afebrile. She is otherwise healthy, without allergies, and is not on any medications"
ID0668,"What is the most appropriate recommendation for this patient?

A. Ribavirin therapy  
B. Counsel against breastfeeding  
C. Deferral of all treatment until postpartum  
D. Chorionic villus sampling  
E. Direct-acting antiviral therapy during pregnancy  
F. Elective cesarean delivery  
G. Monthly HCV viral load monitoring  
H. Hepatitis A vaccination  
I. Pegylated interferon  
J. Liver biopsy",H,medxpert,
ID1392,"Which diagnostic test should be performed next?

A. Push enteroscopy  
B. Abdominal ultrasound  
C. Nuclear medicine bleeding scan  
D. Small bowel follow-through  
E. Double-balloon enteroscopy  
F. Exploratory laparotomy  
G. Contrast-enhanced CT enterography  
H. MR enterography  
I. Immediate colonoscopy after rapid colonic lavage  
J. Abdominal angiography",J,medxpert,
ID1937,"What Would You Do Next?

A: Discontinue fluorometholone eye drops  
B: Perform systemic workup, including chest imaging  
C: Add netarsudil eye drops every night at bedtime in the left eye  
D: Place a second nonvalved tube in the left eye with adjuvant micropulse laser",B,jama,"MD was −14.23 dB; PSD, 6.36 dB; and VFI, 66%. Slitlamp examination showed mild chemosis and hyperemia in both eyes and a patent Baerveldt tube ostium in the midanterior chamber with normal bleb morphology without a tense capsule. A 24-2 Humphrey visual field showed new glaucoma progression in the left eye (Figure 1).A, A 24-2 Humphrey visual field (HVF) of the left eye after tube shunt showed superior and inferior arcuate defects"
ID1434,"What is the most likely mechanism responsible for these endoscopic findings?

B. Overuse of antacids leading to rebound hyperacidity  
C. Impaired bicarbonate secretion in the duodenum  
D. Urease production  
E. Reduced prostaglandin synthesis  
F. Decreased mucosal blood flow due to smoking  
H. Gastrin-secreting tumor  
I. Increased gastrin secretion due to Zollinger-Ellison syndrome  
J. Cyclooxygenase-1 inhibition",D,medxpert,"- Lymphocytes: 35% - Eosinophils: 1% Physical examination reveals: temperature 97.9°F (36.6°C), blood pressure 100/65 mmHg, pulse 90/min, respirations 18/min, conjunctival pallor, and epigastric tenderness without rebound or guarding."
ID0798,"In the context of congenital rubella syndrome, which cardiac defect most frequently occurs in conjunction with PDA?

A. Ebstein anomaly  
B. Coarctation of aorta  
C. Ventricular septal defect  
D. Coronary artery fistula  
E. Tricuspid atresia  
F. Atrial septal defect  
G. Atrio-ventricular canal defect  
H. Pulmonary artery stenosis  
I. Hypoplastic left heart syndrome  
J. Tetralogy of Fallot",H,medxpert,
ID1190,"What is the most accurate diagnosis?

A. Bilateral sacroiliac dysfunction  
B. Right superior innominate shear  
C. Right innominate posterior rotation  
D. Left superior innominate shear  
E. Left innominate outflare  
F. Left innominate inflare  
G. Sacral flexion dysfunction  
H. Right innominate outflare  
I. Right pubic shear  
J. Right sacral torsion",H,medxpert,
ID1979,"What is the most appropriate next step in management?

A. Treatment with antipsychotics  
B. Implementation of cognitive behavioral therapy  
C. Referral to sports medicine specialist for exercise modification  
D. Regular monitoring with monthly testosterone levels  
E. Outpatient counseling with weekly follow-up  
F. Admission to hospital for monitoring and tapering of culprit drug dose.  
G. Referral to adolescent psychiatrist for comprehensive evaluation  
H. Stopping immediately or monitoring the taper off of the drug.  
I. Prescription of mood stabilizers  
J. Family therapy sessions with behavioral modification",H,medxpert,"He denies depression and suicidal/homicidal thoughts, claiming to feel ""excellent."" When asked to explain his behavior, he struggles to provide clear reasons"
ID0391,"If an evaluation confirms the most likely diagnosis in this patient, which one of the following treatments should be AVOIDED because it could worsen her symptoms?

A. Carbamazepine  
B. Gabapentin  
C. Phenobarbital  
D. Methylprednisolone  
E. Lamotrigine  
F. Oxcarbazepine  
G. Phenytoin  
H. Valproic acid  
I. Methylphenidate  
J. Ethosuximide",A,medxpert,The parents of a developmentally normal 4-year-old girl report that she has been having episodes of behavioral arrest and staring.
ID0651,"What is the most accurate term for this anatomical finding?

A. Myofascial pain point.  
B. Ischemic compression point.  
C. Tender point.  
D. Chapman’s point.  
E. Neuromuscular junction point.  
F. Fascial restriction point.  
G. Active trigger point.  
H. Muscle spindle dysfunction point.  
I. Fibromyalgia tender point.  
J. Viscerosomatic reflex.",C,medxpert,
ID1359,"What Would You Do Next?

A: Transorbital biopsy of the right optic nerve for grading and immunohistochemistry  
B: Transcranial resection of the orbital, canalicular, and prechiasmal optic nerve  
C: Chemotherapy and/or radiation for presumptive optic nerve glioma  
D: Observation given progression to no light perception vision",A,jama,"The second MRI revealed a fusiform expansion of the right optic nerve and enhancement of the orbital, canalicular, and prechiasmatic segments of the right optic nerve, suggestive of an optic nerve glioma."
ID1176,"Which diagnostic test is most likely to confirm the diagnosis?

A. Impedance testing  
B. Barium esophagram  
C. Esophagogastroduodenoscopy  
D. Endoscopic ultrasound  
E. Nuclear medicine scintigraphy  
F. Modified barium swallow study  
G. Esophageal manometry  
H. High-resolution esophageal manometry  
I. 24-hour pH monitoring  
J. Chest X-ray with fluoroscopy",B,medxpert,
ID1067,"What is the next best diagnostic step?

A. Human chorionic gonadotropin stimulation test  
B. Bone age radiograph  
D. Serum cortisol and adrenocorticotropic hormone levels  
E. Genetic testing for Klinefelter syndrome  
F. Serum 17-hydroxyprogesterone levels  
G. Thyroid-stimulating hormone and prolactin levels  
H. Adrenocorticotrophic hormone stimulation test  
I. Testicular ultrasound  
J. Spectral karyotype",G,medxpert,
ID1428,"What is the most appropriate next step in managing this patient?

A. Urinalysis and serum creatinine testing  
B. Empiric treatment with alpha-blockers  
D. Ultrasonography  
E. Bladder scan for post-void residual volume  
F. Digital rectal examination  
G. MRI of the pelvis  
H. Trial of fluid restriction  
I. Cystoscopy  
J. Referral to a urologist without further testing",F,medxpert,
ID0935,"What Is Your Diagnosis?

A: Malignant atrophic papulosis  
B: Disseminated discoid lupus  
C: Scleromyxoedema  
D: Secondary syphilis",A,jama,
ID0094,"What Would You Do Next?

A: Obtain an ultrasound of the neck  
B: Prescribe azithromycin  
C: Recheck a rapid heterophile antibody test  
D: Treat with an oral antifungal medication",C,jama,.
ID0614,"What should be the next step in this patient's management?

A. Urine toxicology  
B. Lumbar puncture  
C. Start antiepileptic medication  
D. Neurology consultation  
E. Sleep-deprived EEG  
G. Serum alcohol level",A,medxpert,
ID0096,"What is the most likely cause of his clinical presentation?

A. Clonazepam  
B. Gamma hydroxybutyrate  
C. Oxycodone  
D. Ethanol  
E. Phenobarbital  
F. Baclofen  
G. Methadone  
H. Propofol  
I. Gabapentin  
J. Ethylene glycol",E,medxpert,"Alcohol: 300 mg/dL A 58-year-old male with multiple comorbidities including alcohol use disorder, type 2 diabetes, benign essential tremor, intravenous drug use, chronic pain, and major depressive disorder is brought to the emergency department with altered consciousness."
ID1750,"What is the most appropriate strategy to prevent hepatitis A virus infection in this traveler?

A. Administer immunoglobulin only, as there is insufficient time for vaccine response  
B. Recommend strict dietary precautions only, as vaccination timing is suboptimal  
C. Complete the full two-dose hepatitis A vaccine series before departure  
D. Delay travel until full vaccination series can be completed  
E. Administer an accelerated vaccine schedule with doses 0, 7, and 21 days  
F. Provide education on safe food practices without additional prophylaxis or testing  
G. Administer combined hepatitis A and B vaccine series  
H. Administer the first dose of hepatitis A vaccine, and administer immunoglobulin the day before departure  
I. Administer the first dose of hepatitis A vaccine now  
J. No intervention needed as risk is minimal for short-term travel",I,medxpert,
ID1318,"What Would You Do Next?

A: Obtain CT angiography of head and neck  
B: Perform lumbar puncture to analyze cellular composition of cerebrospinal fluid  
C: Obtain magnetic resonance imaging of the brain with contrast  
D: Order tests of inflammatory markers: erythrocyte sedimentation rate, C-reactive protein, and complete blood cell count",C,jama,
ID0567,"What is the most likely pathophysiologic mechanism causing this patient's clinical presentation?

A. Microvascular dysfunction  
B. Impaired diastolic relaxation  
C. Increased left ventricular oxygen demand  
D. Left ventricular outflow tract obstruction  
E. Narrowing of the coronary arterial lumen  
F. Endothelial dysfunction due to diabetes  
G. Decreased coronary perfusion pressure  
H. Coronary artery vasospasm  
I. Autonomic dysfunction affecting coronary blood flow  
J. Lymphocytic infiltration of the myocardium",C,medxpert,"Physical examination reveals a well-appearing patient with a weak pulse of 62/min, respiratory rate of 20/min, and blood pressure of 134/90 mm Hg."
ID0828,"Which of the following describes the correct positioning for this treatment?

A. Patient lies prone; physician at the right side of the patient places bilateral thenar eminences over the posterior surface of ribs 4–6  
B. Patient lies supine; physician at the right side of the patient places bilateral thenar eminences over the anterior surface of ribs 4–6  
C. Patient lies supine; physician at the head of the table places bilateral thenar eminences over the anterior surface of ribs 1–3  
D. Patient lies prone; physician at the left side of the patient places bilateral thenar eminences over the posterior surface of ribs 3–5  
E. Patient lies supine; physician at the head of the table places bilateral thenar eminences over the anterior surface of ribs 2–4  
F. Patient lies supine; physician at the head of the table places bilateral thenar eminences over the anterior surface of ribs 5–7  
G. Patient lies prone; physician at the head of the table places bilateral thenar eminences over the posterior surface of ribs 2–4  
H. Patient lies supine; physician at the foot of the table places bilateral thenar eminences over the anterior surface of ribs 3–5  
I. Patient lies supine; physician at the left side of the patient places bilateral thenar eminences over the anterior surface of ribs 5–7  
J. Patient lies supine; physician at the right side of the patient places bilateral thenar eminences over the anterior surface of ribs 6–7",E,medxpert,| Blood pressure | 128/88 mm Hg |
ID1414,"What is the most appropriate next step in evaluating this patient?

A. 24-hour Holter monitoring  
B. MRI and MR angiography of the head and neck  
C. Transthoracic echocardiography  
D. Complete blood count and coagulation profile  
E. Transthoracic echocardiogram  
F. CT perfusion scan of the brain  
G. CT angiography of the head and neck  
I. Carotid Doppler ultrasonography  
J. Urgent neurology consultation",B,medxpert,"An 85-year-old male presents one day after experiencing an episode of speech arrest, facial numbness and weakness, and left arm weakness"
ID0811,"Which diagnosis best explains these symptoms?

A. Focal seizures with nonmotor onset and impaired awareness associated with temporal lobe epilepsy  
B. Focal seizures with secondary generalization associated with structural brain abnormalities  
C. Generalized tonic-clonic seizures associated with juvenile myoclonic epilepsy  
D. Complex partial seizures associated with mesial temporal sclerosis  
E. Generalized absence seizures associated with hyperventilation-induced epilepsy  
F. Absence seizures associated with childhood absence epilepsy  
G. Focal seizures with motor onset and awareness associated with frontal lobe epilepsy  
H. Absence seizures with atypical features associated with Lennox-Gastaut syndrome  
I. Focal seizures with motor onset associated with frontal lobe epilepsy  
J. Psychogenic nonepileptic seizures associated with conversion disorder",A,medxpert,
ID0572,"Choose the best option:

A. Elevated catecholamine metabolites are not typically seen in this condition  
B. Leg weakness and limping are not related to bluish skin nodules in this child  
C. VMA and HVA levels are useful in diagnosis and follow up for response to treatment in these patients  
D. The skin nodules suggest a benign dermatological condition unrelated to the limp  
E. The child’s symptoms are most consistent with an infectious etiology affecting the musculoskeletal system  
F. Imaging studies are unnecessary as the diagnosis can be confirmed clinically  
G. This is a tumor that is one of the less common solid tumors outside of the central nervous system in children  
H. Best prognosis is in children that are 2 years old and above  
I. This child is having a tumor originating in the bladder  
J. This is likely a vascular malformation unrelated to systemic disease",C,medxpert,
ID1820,"What Would You Do Next?

A: Discontinue apixaban  
B: Discontinue minocycline  
C: Order serum iron studies  
D: Order serum niacin levels",B,jama,
ID1020,"What Would You Do Next?

A: Pars plana vitrectomy  
B: Laser barricade  
C: Observation  
D: Genetic testing for the RS1 gene",C,jama,"On examination, her best-corrected distance visual acuity was 20/40 OD and 20/60 OS (baseline 20/40 OU)."
ID0379,"Which underlying pathophysiological mechanism best explains these findings?

A. Defective neutrophil adhesion molecule expression  
B. Defective neutrophil degranulation  
C. A defect in the leukocyte beta integrin family  
D. Abnormal granule protein synthesis  
E. Impaired neutrophil chemotaxis  
F. An abnormal neutrophil oxidative burst  
G. A mutation in the FOXP3 gene resulting in impaired regulatory T-cell function  
H. Defective matrix metalloproteinase production  
I. Dysregulated inflammatory cytokine production  
J. Abnormal collagen cross-linking",C,medxpert,"A newborn female, currently 4 weeks old, was delivered at 39 weeks and 3 days gestation"
ID0598,"What is the most likely finding on this patient’s peripheral blood smear?

A. Acanthocytes  
B. Sickle cells  
C. Degmacytes  
D. Heinz bodies  
E. Target cells  
F. Howell-Jolly bodies  
G. Codocytes  
H. Elliptocytes  
I. Spherocytes  
J. Schistocytes",C,medxpert,
ID0523,"Which of the following is the most appropriate action by the physician?

A. Recommend craniosacral therapy to address lumbar dysfunction  
B. Refer the patient to physical therapy for spinal traction  
C. Recommend counterstrain to the lumbar spine  
D. Recommend indirect myofascial release to the lumbar spine  
E. Advise against osteopathic manipulative treatment and prescribe opioid pain medication  
F. Perform facilitated positional release to the lumbar spine  
G. Recommend balanced ligamentous tension to the lumbar spine  
H. Recommend HVLA to the lumbar spine  
I. Recommend muscle energy to the lumbar spine  
J. Perform direct myofascial release to the lumbar spine",D,medxpert,Past medical history is significant for prostate cancer that was diagnosed 3 years ago and treated with radiation therapy
ID0803,"What Would You Do Next?

A: Complete blood cell count, erythrocyte sedimentation rate, and C-reactive protein tests  
B: Computed tomography or magnetic resonance angiography of the head  
C: Magnetic resonance imaging of the orbits with contrast  
D: Ice pack test",D,jama,
ID1614,"Which cranial dysfunction best explains these findings?

A. Craniosynostosis  
B. Sphenobasilar synchondrosis dysfunction  
C. Lateral strain  
D. Cranial compression  
E. Superior vertical strain  
F. Plagiocephaly  
G. Occipital restriction  
H. Cranial torsion  
I. Cranial flexion  
J. Inferior vertical strain",I,medxpert,"The mother's only concern is that she notices her son's head appears ""somewhat flat."" While her labor was prolonged, there were no other complications during delivery"
ID0284,"What is the most likely diagnosis in this patient?

A. Buerger disease  
B. Atherosclerotic peripheral artery disease  
C. Fibromuscular dysplasia  
D. Polymyalgia rheumatica  
E. Raynaud phenomenon  
F. Subclavian steal syndrome  
G. Thoracic-outlet obstruction  
H. Carotid artery stenosis  
I. Giant-cell arteritis  
J. Takayasu arteritis",I,medxpert,"On physical examination, her blood pressure is 106/74 mm Hg in the right arm and 132/86 mm Hg in the left arm."
ID1858,"What is the most appropriate next step in managing this patient’s hyperkalemia?

A. Switch the lisinopril to hydralazine  
B. Reduce the dose of lisinopril to 10 mg daily  
C. Add patiromer to the medication regimen  
D. Initiate hemodialysis for potassium removal  
E. Switch the torsemide to chlorthalidone  
F. Increase the dose of torsemide  
G. Start sodium polystyrene sulfate  
H. Administer intravenous calcium gluconate  
I. Start a low-dose beta-agonist inhaler  
J. Prescribe a potassium-restricted diet with no other changes",F,medxpert,| Potassium (mEq/liter) | 5.7 | 5.4 | 3.5–5.0 | An electrocardiogram shows normal sinus rhythm with no abnormalities. | Creatinine (mg/dL) | 1.4 | 1.5 | 0.6–1.1 |
ID1997,"What is the most appropriate next step in the management of this patient?

A. Mammography with tomosynthesis  
B. Ultrasonography of the breast  
C. Reassurance and topical diclofenac therapy  
D. Evening primrose oil supplementation  
E. MRI of the breast  
F. Diagnostic core needle biopsy  
G. Watchful waiting for 3 months  
H. Hormonal contraceptive therapy  
I. Referral to breast surgeon  
J. Oral contraceptive therapy",B,medxpert,
ID1085,"What is the most appropriate treatment for this patient?

A. Consult interventional radiologist for IVC filter placement  
B. IV heparin  
C. Inpatient admission for unfractionated heparin  
D. Outpatient anticoagulation with rivaroxaban  
E. Outpatient anticoagulation with warfarin and enoxaparin bridge  
F. Conservative management with aspirin therapy  
G. Outpatient anticoagulation with apixaban  
H. Immediate surgical thrombectomy  
J. Observation for 24 hours with serial troponin measurements",D,medxpert,
ID1380,"What is the most appropriate next step in management?

A. Repeat HIV serology and initiate triple antiretroviral therapy immediately  
B. Begin post-exposure prophylaxis with two antiretroviral drugs  
C. Immediately initiate triple antiretroviral therapy  
D. Perform rapid HIV test and wait for results before initiating therapy  
E. Administer hepatitis B immune globulin and initiate HIV prophylaxis  
F. Defer treatment until baseline HIV serology results are available  
G. Start dual antiretroviral therapy and monitor viral load  
H. Monitor CD4 count and viral load weekly for 4 weeks  
I. Repeat HIV serology and initiate triple antiretroviral therapy if positive  
J. Initiate single-drug prophylaxis with zidovudine",A,medxpert,
ID1840,"Which of the following parameters best supports this recommendation?

A. Urine specific gravity  
B. BUN/Creatinine ratio  
D. Urine output  
F. Serum chloride trend  
G. Urine osmolality  
J. Serum potassium trend",D,medxpert,
ID0979,"What is the most likely diagnosis?

A. Left posterior innominate rotation  
B. Left superior pubic shear  
C. Bilateral pubic compression  
D. Right anterior innominate rotation  
E. Right posterior innominate rotation  
F. Left inferior pubic shear  
G. Sacral torsion on a left oblique axis  
H. Right superior pubic shear  
I. Right inferior innominate shear  
J. Pubic symphysis compression",B,medxpert,
ID0254,"What Is Your Diagnosis?

A: Ichthyosis vulgaris  
B: Netherton syndrome  
C: Pityriasis rubra pilaris  
D: Blau syndrome",D,jama,
ID0590,"What Would You Do Next?

A: Perform vitreous tap and injection of intravitreal antibiotics  
B: Review medical records to see if gentamicin was given intraoperatively  
C: Urgently refer patient to emergency department for embolic stroke workup  
D: Begin valganciclovir hydrochloride therapy and sample intraocular fluid for polymerase chain reaction testing",D,jama,
ID0616,"Which gene mutation is most likely present in this patient?

A. *PTEN*  
B. *KRAS*  
C. *RB1*  
D. *BRCA2*  
E. *BRCA1*  
F. *PALB2*  
G. *CDH1*  
H. *APC*  
I. *TP53*  
J. *MLH1*",I,medxpert,
ID0740,"What Would You Do Next?

A: Perform penetrating keratoplasty  
B: Provide medical management with topical corticosteroids and hypertonic saline solution for an additional 3 months  
C: Obtain an anterior-segment optical coherence tomogram  
D: Perform an endothelial keratoplasty (Descemet stripping and endothelial keratoplasty or Descemet membrane endothelial keratoplasty)",C,jama,
ID1432,"What is the most appropriate treatment for this patient?

A. Empiric broad-spectrum antibiotics  
B. Stool culture and loperamide  
C. Blood cultures and admission  
D. Rapid influenza antigen test  
E. Oral rehydration  
F. Oseltamivir  
G. Intravenous fluid resuscitation  
H. Symptomatic treatment with NSAIDs  
I. Acetaminophen monotherapy  
J. Rest and observation only",E,medxpert,
ID0514,"Following appropriate initial management, which of the following is the most suitable next diagnostic test?

A. Cold agglutinin titer  
B. Bone marrow biopsy  
C. Peripheral blood smear for Heinz bodies  
D. Hemoglobin electrophoresis  
G. Indirect Coombs test  
H. Serum free hemoglobin level  
I. Direct Coombs test  
J. Osmotic fragility test",I,medxpert,"Indirect bilirubin: 2.7 mg/dL D-dimer: <250 ng/mL (Normal: <250 ng/mL) A 35-year-old woman arrives at the emergency department with complaints of fatigue, shortness of breath, and palpitations"
ID1029,"What is the most likely diagnosis?

A. Pancreatitis  
B. Ovarian torsion  
C. Acute cholecystitis  
D. Acute cholangitis  
E. Diverticulitis  
F. HELLP syndrome  
G. Appendicitis  
H. Hepatic abscess  
I. Pyelonephritis  
J. Gastritis",G,medxpert,| Alkaline phosphatase | 79 U/L | She denies tobacco or alcohol use.
ID1538,"What Would You Do Next?  
A: Carry out pathergy test for Behçet disease  
B: Obtain Mycoplasma pneumoniae IgM and IgG levels  
C: Perform an echocardiogram  
D: Test for monkeypox virus",B,jama,. He had targetoid erythematous papules on his face and vesiculobullous lesions on his torso and extremities (Figure).
ID1652,"What Is Your Diagnosis?

A: Aleukemic cutaneous myeloid sarcoma  
B: Cutaneous lymphoma  
C: Lepromatous leprosy  
D: Sarcoidosis",A,jama,.
ID1353,"What Is Your Diagnosis?

A: Lupus pernio  
B: Granulomatous mycosis fungoides  
C: Lupus vulgaris  
D: Leishmania recidivans",C,jama,". There was no local or distant lymphadenopathy; general physical examination findings were unremarkable.A, Clinical findings at presentation in 2008 showed an enlarged and edematous auricle encircled by an indurated erythematous plaque"
ID0942,"Which of the following is the most appropriate next step in managing this patient’s underlying condition?

A. Upper endoscopy with biopsy  
B. Lifestyle modification  
C. Calcium channel blocker therapy  
D. Omeprazole  
E. H2 receptor antagonist therapy  
F. Metoclopramide  
G. Laparoscopic Nissen fundoplication  
H. Surgical gastropexy  
I. Watchful waiting with annual follow-up  
J. Lifestyle modifications and weight loss",H,medxpert,"A 63-year-old male presents to the clinic with complaints of dysphagia and worsening ""heartburn"" over the past year."
ID1551,"What Would You Do Next?

A: Measure fecal calprotectin level  
B: Check for fecal ova and parasites  
C: Measure serum niacin level  
D: Test for serum antitissue transglutaminase antibody",C,jama,.
ID1755,"Which of the following is the most likely diagnosis?

A. Acute right heart failure  
B. Rupture of an emphysematous bleb  
C. Tension pneumothorax  
D. Chemical pneumonitis from inhaled toxins  
E. Methemoglobinemia from chemical exposure  
F. Acute exacerbation of underlying COPD  
G. Right-sided pulmonary embolism  
H. Bronchial obstruction from mucus plugging  
I. Pulmonary edema secondary to decreased cardiac output  
J. Fe3+ hemoglobin in circulating red blood cells",B,medxpert,"Physical examination reveals tachycardia with a systolic murmur best heard at the right upper sternal border, diminished breath sounds over the right upper lobe, and bilateral lower extremity pitting edema."
ID1226,"Based on the examination findings, loss of innervation of which of the following muscles is most likely in this patient?

A. Abductor pollicis longus  
B. Palmaris brevis  
C. Adductor pollicis  
D. Extensor pollicis longus  
E. Flexor pollicis brevis  
F. Extensor pollicis brevis  
G. Abductor pollicis brevis  
H. Opponens pollicis  
I. First dorsal interosseous  
J. Flexor pollicis longus",G,medxpert,
ID1557,"Which posterior Chapman reflex point location would most likely correspond to this patient's condition?

A. Posterior iliac crest  
B. Inferior pubic ramus  
C. Coccyx  
D. Lateral femoral epicondyle  
E. Medial iliotibial band  
F. Sacroiliac joint  
G. Anterior superior iliac spine  
H. Ischial tuberosity  
I. Lateral sacral base  
J. Proximal left iliotibial band",I,medxpert,
ID1288,"What Would You Do Next?

A: Order skin biopsy  
B: Order antinuclear antibody, antineutrophil cytoplasmic antibody, and complement levels  
C: Order lower extremity duplex ultrasound  
D: Order antibiotic therapy",C,jama,
ID1346,"What Would You Do Next?

A: Obtain a brain fluorodeoxyglucose positron emission tomography (FDG-PET) scan.  
B: Order cerebrospinal fluid (CSF) testing for Alzheimer disease biomarkers.  
C: Reassure and address patient’s concerns and follow up in 1 year.  
D: Refer for genetic counseling.",C,jama,His father and maternal great aunt developed dementia in their 70s.
ID0235,"Which of the following is the most appropriate initial treatment?

A. Fecal microbiota transplantation + vancomycin 125 mg PO 4 times per day  
B. Vancomycin 500 mg PO 4 times per day + metronidazole 500 mg intravenously every 8 hours  
C. Bezlotoxumab 10 mg/kg IV once + vancomycin 125 mg PO 4 times per day  
D. Fidaxomicin 200 mg PO 2 times per day  
E. Vancomycin 125 mg PO 4 times per day + metronidazole 500 mg PO three times per day  
F. Vancomycin 500 mg PO 4 times per day alone  
G. Metronidazole 500 mg PO three times per day  
H. Vancomycin 125 mg PO 4 times per day  
I. Tigecycline 100 mg IV loading dose, then 50 mg IV twice daily  
J. Rifaximin 550 mg PO three times per day",B,medxpert,
ID0371,"What is the most appropriate next step in management?

A. Mammogram  
B. Oral ibuprofen and warm compresses  
C. Referral to a lactation consultant  
D. Oral fluconazole for suspected fungal infection  
E. Surgical incision and drainage with IV vancomycin  
F. Needle aspiration and oral dicloxacillin  
G. Observation and follow-up in 1 week  
H. Biopsy of the fluctuant mass  
I. Breast ultrasound to evaluate for malignancy  
J. Cessation of smoking",F,medxpert,
ID0972,"What is the most appropriate next step in management?

A. Repeat urine culture at 37 weeks  
B. Administration of intrapartum cefazolin  
C. Collection of rectovaginal swab for culture  
D. Administration of oral amoxicillin for remainder of pregnancy  
E. Administration of intrapartum penicillin  
F. Collection of urine culture only  
G. No antibiotic prophylaxis needed  
H. Administration of intrapartum vancomycin  
I. Administration of intrapartum clindamycin  
J. Administration of intrapartum erythromycin",B,medxpert,
ID0349,"What is the most appropriate treatment for this patient?

A. Observation with serial ultrasounds  
B. Testicular aspiration  
C. Bilateral surgical procedure  
D. Antibiotic therapy and scrotal elevation  
E. Percutaneous drainage of the testicle  
F. Manual detorsion  
G. Transcutaneous Doppler-guided intervention  
H. Unilateral orchiectomy  
I. Administration of analgesics and anti-inflammatory medication  
J. Surgical debridement",C,medxpert,
ID0973,"What Is Your Diagnosis?

A: Kimura disease  
B: Classic Hodgkin lymphoma  
C: T-cell acute lymphoblastic lymphoma/leukemia  
D: Myeloid/lymphoid neoplasms with eosinophilia and tyrosine kinase gene fusions",D,jama,
ID1931,"What Would You Do Next?

A: Administer empirical broad-spectrum intraperitoneal antibiotics  
B: Administer empirical broad-spectrum intravenous antibiotics  
C: Await peritoneal dialysis fluid culture results before starting intraperitoneal antibiotics  
D: Send blood cultures",A,jama,A 62-year-old woman undergoing peritoneal dialysis (PD) for kidney failure due to IgA nephropathy presented to the PD clinic with a 1-day history of severe abdominal pain and cloudy PD fluid
ID1179,"What is the most likely finding expected on coronary angiography?

A. Coronary artery dissection  
B. Coronary artery ectasia  
C. Coronary artery thrombosis  
D. Spontaneous recanalization  
E. Coronary artery vasospasm  
F. Normal coronary arteries  
G. Coronary artery fistula  
H. Myocardial bridging  
I. Multiple coronary artery aneurysms  
J. Coronary microvascular dysfunction",C,medxpert,
ID0912,"Which axis is associated with this dysfunction?

A. One transverse axis and one anteroposterior axis  
B. One vertical and one transverse axis  
C. Two vertical axes  
D. Two transverse axes  
E. One anteroposterior axis  
F. One transverse axis and two vertical axes  
G. One anteroposterior axis and two vertical axes  
H. One oblique axis and one anteroposterior axis  
I. Two oblique axes  
J. A single sagittal axis",E,medxpert,"On physical examination, the patient appears comfortable, and cranial nerves II-XII are intact"
ID1691,"Which one of the following next steps is most appropriate for this patient?

A. Initiation of zinc acetate therapy without further testing  
B. Testing for Kayser-Fleischer rings via slit-lamp examination  
C. Abdominal ultrasound to evaluate for hepatomegaly  
D. MRI of the brain to evaluate for basal ganglia changes  
E. Liver biopsy  
F. Measurement of 24-hour urinary copper excretion  
G. Serum free copper measurement  
H. Referral for liver transplantation evaluation  
I. Measurement of serum alpha-fetoprotein  
J. Genetic testing for common mutations in the ATP7B gene",F,medxpert,
ID0880,"Which aspect of this patient’s presentation most strongly indicates the need for inpatient hospitalization?

A. Isolated premature ventricular contractions on ECG  
B. BMI of 17.1 kg/m2  
C. Fear of weight gain despite CBT progress  
D. History of intermittent menstruation  
E. Pitting edema without other systemic findings  
F. Lower extremity edema  
G. Recent weight gain  
H. History of anorexia nervosa  
I. Abnormal ECG  
J. Pulse of 55/min",F,medxpert,
ID0922,"Which of the following would be found in this patient?

A. Decreased total iron binding capacity with normal ferritin  
B. Normal RDW with decreased serum iron  
C. Elevated reticulocyte count with normal iron studies  
D. Increased MCV  
E. Decreased oxygen saturation when the patient sleeps  
F. Decreased serum ferritin with normal transferrin saturation  
G. Decreased insulin-like growth factor levels  
H. Increased serum hepcidin levels  
I. Increased RDW and TIBC  
J. Microcytic anemia with normal iron studies",I,medxpert,
ID1591,"Which of these clinical features is the strongest predictor of an unfavorable prognosis?

A. Nonverbal communication skills  
B. Limited eye contact  
C. Normal growth parameters  
D. Macrocephaly  
E. Repetitive behaviors  
F. Functional constipation  
G. Sensory hyperreactivity  
H. Delayed diagnosis  
I. Speech impairment  
J. Fixated interests",I,medxpert,
ID0298,"Which pathogen is the most probable cause of this child's symptoms?

A. *Escherichia coli* O157:H7  
B. *Giardia lamblia*  
C. *Campylobacter jejuni*  
D. *Salmonella enterica*  
E. Rotavirus  
F. *Entamoeba histolytica*  
G. *Cyclospora cayetanensis*  
H. *Cryptosporidium*  
I. *Naegleria fowleri*  
J. *Vibrio cholerae*",H,medxpert,
ID1423,"What is the most likely diagnosis?

A. left-on-left sacral torsion  
B. right-on-left sacral torsion  
C. bilateral sacral flexion  
D. unilateral sacral flexion on the right  
E. unilateral sacral extension on the left  
F. left-on-right sacral torsion  
G. bilateral sacral extension  
H. sacral shear dysfunction on the right  
I. anterior sacral base dysfunction  
J. right-on-right sacral torsion",F,medxpert,
ID1328,"In addition to surgical debridement, which one of the following regimens, if any, should be initiated in this patient?

A. Vancomycin and ceftriaxone  
B. Vancomycin and metronidazole  
C. Doxycycline and rifampin  
D. Ampicillin-sulbactam and azithromycin  
E. Trimethoprim-sulfamethoxazole and ceftazidime  
F. Clindamycin and trimethoprim-sulfamethoxazole  
G. Clindamycin and ciprofloxacin  
H. Vancomycin and cefepime  
I. Cefazolin and gentamicin  
J. Daptomycin and piperacillin-tazobactam",H,medxpert,
ID1113,"What Is Your Diagnosis?

A: Turner syndrome  
B: Fragile X syndrome  
C: Rett syndrome  
D: Cerebral palsy",C,jama,"Blood reports showed anemia (hemoglobin level of 9.1 g/dL; to convert to grams per liter, multiply by 10) and low levels of high-density lipoprotein cholesterol (47 mg/dL; to convert to millimoles per liter, multiply by 0.0259). The head size was normal at birth, and no other abnormalities were seen during her infancy"
ID1501,"Beyond lifestyle modifications including sodium restriction and increased fluid intake, which of the following is the most appropriate therapeutic intervention?

A. Start a low-calcium diet  
B. Initiate allopurinol  
C. Initiate bisphosphonate therapy  
D. Initiate furosemide  
E. Initiate potassium citrate  
F. Restrict dietary calcium  
G. Initiate acetazolamide  
H. Initiate sodium bicarbonate  
I. Recommend vitamin D supplementation  
J. Initiate chlorthalidone",J,medxpert,
ID0587,"Which one of the following diagnoses is most likely in this case?

A. Acute necrotizing ulcerative gingivitis  
B. Hand, foot, and mouth disease  
C. Erythema multiforme  
D. Stevens-Johnson syndrome  
E. Herpetic gingivostomatitis  
F. Viral pharyngitis with secondary bacterial infection  
G. Recurrent aphthous stomatitis  
H. Acute lymphonodular pharyngitis  
I. Herpangina  
J. Candidal stomatitis",E,medxpert,The rest of his physical examination is unremarkable
ID1520,"What Would You Do Next?

A: Check levels of serum protein, albumin, prealbumin, and other nutritional laboratory measures  
B: Check urinalysis and urine microscopy to evaluate for protein in urine  
C: Perform a skin biopsy  
D: Treat with topical steroids",A,jama,
ID0275,"Which of the following additional findings will likely be seen on physical examination?

A. Anterior translation of the tibia against a fixed femur  
B. Inability to perform a straight-leg raise without pain  
C. Palpable defect superior to the patella  
D. Posterior knee and calf swelling  
E. Crepitus with passive knee flexion and extension  
F. Medial joint line tenderness with valgus stress testing  
G. Tenderness over the patellar tendon with no palpable defect  
H. Posterior translation of the tibia against a fixed femur  
I. Palpable defect inferior to the patella  
J. Lateral deviation of the patella with resisted knee extension",C,medxpert,
ID0170,"Echocardiography is most likely to reveal which of the following findings?

A. Anomalous shunting of blood through a defect in atrial septum  
B. Positioning of the ascending aorta directly over a ventricular septal defect  
C. Abnormal narrowing of the aorta at the aortic isthmus  
D. A defect in the interventricular septum with overriding of the pulmonary artery  
E. Complete absence of the tricuspid valve with hypoplastic right ventricle  
F. A single arterial trunk arising from the heart supplying both systemic and pulmonary circulation  
G. Persistent blood flow between the pulmonary artery and descending aorta  
H. A patent foramen ovale with left-to-right atrial shunting  
I. Failure of the aorticopulmonary septum to spiral during embryogenesis  
J. Anomalous pulmonary venous return into the right atrium",G,medxpert,
ID1127,"What Would You Do Next?

A: Aspirate the orbital lesion  
B: Schedule an orbital computed tomography scan  
C: Examine the abdomen during the EUA  
D: Refer the child for a biopsy of the lesion",C,jama,
ID0385,"Which diagnostic test would be most appropriate to confirm the suspected diagnosis?

A. Pulmonary function testing  
B. Allergy skin testing  
C. Rigid bronchoscopy  
D. High-resolution chest CT with contrast  
E. Chest CT  
F. Methacholine challenge test  
G. Echocardiogram  
H. Laryngoscopy  
I. Flexible bronchoscopy  
J. Barium swallow study",I,medxpert,
ID0417,"What Would You Do Next?

A: Perform an excisional biopsy  
B: Administer intravenous antibiotics and observe  
C: Refer to an ear, nose, and throat physician for removal of frontal sinus cystic lining  
D: Perform an anterior orbitotomy with abscess drainage in conjunction with endoscopic sinus surgery",D,jama,"Worsening edema prompted his primary care physician to initiate a course of oral methylprednisolone and amoxicillin-clavulanic acid, which did not alleviate the symptoms. Pupils were reactive, extraocular motility was full, and intraocular pressure was 19 mm Hg OD and 16 mm Hg OS."
ID0292,"Which one of the following next steps is most appropriate in this patient's care?

A. Start magnesium sulfate, and plan for induction of labor  
B. Start methyldopa and continue inpatient monitoring for 48 hours  
C. Administer furosemide and schedule follow-up in 3 days  
D. Initiate induction of labor with cervical ripening  
E. Start hydralazine and admit for continuous fetal monitoring  
F. Initiate immediate delivery by cesarean section  
G. Start labetalol, and discharge for outpatient management, with clinic visits and fetal monitoring scheduled at short intervals  
H. Start magnesium sulfate and continue to monitor in the hospital  
I. Start nifedipine and schedule follow-up in one week  
J. Administer betamethasone and continue expectant management without antihypertensive therapy",G,medxpert,A 24-year-old primigravida woman at 31 weeks' gestation is hospitalized with a blood pressure of 145/92 mm Hg and a urine dipstick showing 1+ proteinuria. | 24-hour protein excretion (mg) | 325 | 0–254 |
ID1164,"What Would You Do Next?

A: Evaluate for alcoholism as the cause of hypomagnesemia.  
B: Improve glycemic control due to urinary magnesium loss from polyuria.  
C: Start insulin to promote magnesium reabsorption at the proximal convoluted tubule.  
D: Stop ranitidine due to concern for reduced gastrointestinal magnesium absorption.",B,jama,.
ID1910,"Which underlying condition most likely contributed to the patient's acute decompensation during resuscitation?

A. Pulmonary embolism  
B. Hyperkalemia due to hemolysis  
C. Tension pneumothorax  
D. Heart failure  
E. Anaphylaxis secondary to blood transfusion  
F. IgA deficiency  
G. Hypocalcemia from citrate toxicity  
H. Persistent intraabdominal bleeding  
I. Congenital long QT syndrome  
J. Transfusion-related acute lung injury",F,medxpert,
ID1744,"Which of the following conditions would absolutely contraindicate this treatment?

A. Joint instability  
B. Acute whiplash  
C. Herniated disc  
D. Osteoporosis  
E. Degenerative disc disease  
F. Facet joint syndrome  
G. Muscle spasm  
H. Recent cervical strain  
I. Pregnancy  
J. Cervical spondylosis",A,medxpert,
ID1699,"What Would You Do Next?  
A: Sclerotherapy  
B: Surgical excision  
C: Initiate systemic administration of propranolol  
D: Observe periocular lesions while psychiatric treatment is continued",D,jama,
ID1817,"What is the most appropriate next step in the management of this patient?

A. Vancomycin and piperacillin-tazobactam  
B. Uterine ultrasound  
C. Clindamycin and gentamicin  
D. CT scan of the abdomen and pelvis  
E. Endometrial culture  
F. Dilation and curettage  
G. Expectant management with close monitoring  
H. Clindamycin  
I. Ampicillin and metronidazole  
J. Broad-spectrum oral antibiotics",C,medxpert,
ID0166,"What is the next best step in managing this patient?

A. Initiate broad-spectrum antibiotics  
B. Administer proton pump inhibitors  
C. Order computed tomography of the chest  
D. Perform diagnostic endoscopy  
E. Immediate surgical repair  
F. Perform contrast esophagram  
G. Obtain a barium swallow study  
H. Perform emergent thoracentesis  
I. Administration of octreotide  
J. Perform esophageal manometry",F,medxpert,
ID0426,"Which of the following best describes the appropriate therapeutic focus?

A. Treatment should be focused on the thoracic spine segments corresponding to ribs 2-5  
B. Treatment should be focused on the costovertebral joints of ribs 2-5  
C. Treatment should be focused on rib 2, which has restricted caudad pump-handle motion  
D. Treatment should be focused on rib 2, which has restricted cephalad pump-handle motion  
E. Treatment should be focused on ribs 3-4, which have restricted caliper motion  
F. Treatment should be focused on the sternocostal joints of ribs 2-5  
G. Treatment should be focused on the costotransverse joints of ribs 2-5  
H. Treatment should be focused on rib 5, which has restricted bucket-handle motion  
I. Treatment should be focused on rib 5, which has restricted cephalad bucket-handle motion  
J. Treatment should be focused on the intercostal muscles between ribs 2-5",D,medxpert,"His vital signs show: BP 122/72 mm Hg, HR 75/min, RR 18/min, and temperature 38.9°C (102.1°F)"
ID1194,"This condition most likely involves which of the following anatomical spaces or potential spaces?

A. Between arachnoid mater and pia mater  
B. Between dura and arachnoid mater  
C. Between dura mater and skull  
D. Between galea aponeurosis and periosteum  
E. Between galea aponeurosis and skull  
F. Between periosteum and skull  
G. Between subcutaneous tissue and periosteum  
H. Between scalp and galea aponeurosis  
I. Between periosteum and galea aponeurosis  
J. Between skull and epidural space",H,medxpert,
ID1125,"Which cognitive domain is being assessed by this task?

A. Registration  
B. Information encoding  
C. Verbal fluency  
D. Auditory processing  
E. Verbal comprehension  
F. Attention span  
G. Short-term memory  
H. Remote memory  
I. Working memory  
J. Immediate recall",A,medxpert,
ID0937,"What Would You Do Next?

A: Perform microscopy of nail scrapings after keratolysis with potassium hydroxide solution  
B: Order radiographs of hands and feet  
C: Order a thoracic CT scan  
D: Order measurement of serum ferritin level, serum iron level, and serum total iron-binding capacity",C,jama,A few nails showed distal onycholysis. Immunoglobulin levels were normal. He had partially nonpitting edema of the lower extremities (Figure 1B).
ID0521,"Which of the following represents the most appropriate next step in management?

A. Initiate intravenous immunoglobulin therapy  
B. Switch to pooled platelet transfusions  
C. Initiate glucocorticoid therapy at 1 mg/kg of body weight  
D. Begin plasmapheresis treatment  
E. Observe the patient without initiating further platelet transfusions  
F. Perform bone marrow biopsy to assess engraftment  
G. Test for cytomegalovirus infection  
H. Perform human leukocyte antigen antibody testing  
I. Perform platelet-specific antibody testing  
J. Administer recombinant thrombopoietin",H,medxpert,
ID0056,"What is the most appropriate approach regarding group B streptococci (GBS) screening and management in this case?

A. Prophylactic antibiotics are only indicated for patients with a history of neonatal GBS disease in a prior pregnancy.  
B. Administer antibiotics only if the patient develops a fever during labor.  
C. Administer antibiotics only if the patient reports a history of GBS colonization in a prior pregnancy.  
D. Initiate prophylactic antibiotics.  
E. Obtain culture results and give antibiotic prophylaxis for GBS after her membranes rupture.  
F. No antibiotics are needed if the patient reports no known allergies or prior complications.  
G. Initiate antibiotics only if the patient progresses to active labor.  
H. No antibiotics  
I. Defer antibiotics until the patient’s GBS status can be confirmed.  
J. Administer antibiotics only if the patient’s membranes rupture before delivery.",D,medxpert,
ID0018,"What Would You Do Next?

A: Give fortified antibiotics  
B: Give topical steroids and cycloplegia  
C: Provide systemic corticosteroids and outpatient follow-up  
D: Initiate admission, high-dose systemic steroids, and a rheumatology consult",D,jama,"A 74-year-old man with an ocular history of bilateral cataract extraction 9 years prior and left inferior rectus muscle recession 3 months before this current evaluation for 2 months of severe, progressive pain, redness, and decreased visual acuity in the left eye. After strabismus surgery, he was noted to have a nonhealing conjunctival epithelial defect inferiorly, which later developed underlying scleral thinning"
ID0010,"What is the proper method for transporting the amputated finger?

A. Wrap the finger in moist gauze and place in a plastic bag  
B. Rinse the finger with hydrogen peroxide, wrap the finger in moist gauze, and place on ice  
C. Rinse the finger with tap water, wrap in moist gauze, and place directly on ice  
D. Wrap the finger in dry gauze, place in a plastic bag, and submerge the bag in ice water  
E. Rinse the finger in sterile water, wrap in dry gauze, and place directly on ice  
F. Submerge the finger in sterile saline and place the container on ice  
G. Place the finger in a sealed plastic bag without rinsing and keep it on ice  
H. Rinse the finger in normal saline, wrap the finger in moist gauze, put in a plastic bag, and place the bag in ice water  
I. Rinse the finger in normal saline, place in a dry plastic container, and keep at room temperature  
J. Submerge the finger directly in ice water",H,medxpert,
ID1571,"Which of the following is the most likely diagnosis?

A. Hydatid cyst  
B. Wilms tumor  
C. Hepatoblastoma  
D. Mesenteric cyst  
E. Polycystic kidney disease  
F. Sarcoma  
G. Hepatic hemangioma  
H. Teratoma  
I. Rhabdomyosarcoma  
J. Adrenal carcinoma",B,medxpert,
ID0533,"What Would You Do Next?

A: Recommend intravitreal anti-VEGF injections for exudative age-related macular degeneration  
B: Provide reassurance and recommend close observation  
C: Perform pars plana vitrectomy and excisional biopsy of the membrane  
D: Prescribe topical and systemic steroids",C,jama,
ID1783,"Which of the following is the most appropriate next step in management?

A. Excision of the cyst  
B. Thyroid scintigraphy  
C. Observation and follow-up in 6 months  
D. MRI of the neck  
E. Thyroid hormone replacement therapy  
F. Radioactive iodine uptake test  
G. Empiric antibiotic therapy  
H. Fine needle aspiration biopsy  
I. CT scan with contrast  
J. Ultrasonography of the neck",J,medxpert,
ID0389,"What Would You Do Next?

A: Initiate intravitreal corticosteroids  
B: Perform a skin biopsy to consider neovascularization from pseudoxanthoma elasticum  
C: Order hemoglobin electrophoresis  
D: Perform an exchange transfusion",C,jama,An anterior segment examination was unremarkable in both eyes
ID1161,"What is the most appropriate next step in managing this patient?

A. Glyburide  
B. Metformin  
C. Continuous glucose monitoring without intervention  
D. Bariatric surgery  
E. Immediate induction of labor  
F. Initiate corticosteroid therapy for fetal lung maturity  
G. Insulin  
H. Repeat oral glucose tolerance test in 2 weeks  
I. Glucagon therapy  
J. Dietary and lifestyle modification",J,medxpert,
ID1676,"In this clinical scenario, where would a Chapman reflex point most likely be identified?

A. Second intercostal space near the sternocostal junction  
B. Over the frontal sinuses at the supraorbital ridge  
C. Fourth rib at the costochondral junction  
D. T2 between the spinous and transverse processes  
E. Third intercostal space along the midclavicular line  
F. Between the spinous processes of C7 and T1  
G. First rib near the clavicle  
H. At the junction of the mastoid process and occipital bone  
I. Sixth rib at the midaxillary line  
J. Fifth intercostal space near the anterior axillary line",G,medxpert,A 20-year-old female presents with headache and thick nasal discharge lasting four days
ID1646,"Treatment for this patient's somatic dysfunction should target a rib with which of the following characteristics?

A. Anteroposterior gliding motion  
B. Sternocostal joint movement  
C. Primarily bucket handle motion  
D. Predominant posterior rotation  
E. Primarily caliper motion  
F. Primarily vertical displacement  
G. Equal bucket handle and pump handle motion  
H. Combined caliper and pump handle motion  
I. Primarily pump handle motion  
J. Costovertebral joint rotation",C,medxpert,
ID0895,"What Would You Do Next?

A: Start a different PD-1 inhibitor  
B: Provide intravenous fluids and wound care in a burn unit  
C: Repeat punch biopsy for hematoxylin-eosin staining and DIF  
D: Discharge with topical triamcinolone 0.5% cream",C,jama,
ID1585,"What Would You Do Next?

A: No coronary stenosis. If symptoms persist, recommend a follow-up CT and perfusion imaging.  
B: No coronary stenosis. Because of the chest pain, recommend further functional testing.  
C: No stenosis or plaque. Because of high negative predictive value, no further testing is necessary.  
D: Relevant coronary stenosis cannot be excluded by CT. Recommend invasive coronary angiography.",C,jama,
ID1252,"What is the most likely diagnosis?

A. Pyloric stenosis  
B. Malrotation with volvulus  
C. Ileal atresia  
D. Necrotizing enterocolitis  
E. Duodenal atresia  
F. Meconium ileus  
G. Jejunal atresia  
H. Intestinal malrotation  
I. Annular pancreas  
J. Midgut volvulus",G,medxpert,"Twelve hours after birth, a 2700-g (5-lb 15-oz) male newborn presents with three episodes of bilious vomiting"
ID0353,"Which of the following statements is most accurate regarding this condition?

A. Eye involvement with cataract and anterior lenticonus happen in the majority of patients  
B. Males and females are equally affected with similar disease progression  
C. Early cochlear implantation prevents progression of hearing loss  
D. Treatment with ACE inhibitors should be delayed until significant proteinuria develops  
E. The condition shows autosomal dominant inheritance pattern  
F. Renal transplantation is contraindicated due to high recurrence rates  
G. The disease typically presents with isolated hearing loss without renal manifestations  
H. The renal biopsy indicated in all patients with hematuria and proteinuria; glomerular fibrosis with thick membranes and later in the disease tubular atrophy and foam cells develop.  
I. Genetic testing for COL4A5 mutations is not necessary as the diagnosis can be made clinically  
J. Proteinuria generally develops soon in the course of the disease, before ten years of age in most cases with this syndrome.",H,medxpert,
ID1135,"What Is Your Diagnosis?

A: Cancer-associated systemic lupus erythematosus  
B: Cancer-associated pancreatitis, panniculitis, and polyarthritis syndrome (PPP) syndrome  
C: Dermatomyositis  
D: Leukocytoclastic vasculitis",B,jama,
ID0625,"Which of the following is the most likely diagnosis?

A. Chronic bullous disease of childhood  
B. Dermatitis herpetiformis  
C. Bullous pemphigoid  
D. Pemphigus vulgaris  
E. Psoriasis with secondary blister formation  
F. Epidermolysis bullosa acquisita  
G. Bullous systemic lupus erythematosus  
H. Atopic dermatitis  
I. Linear IgA disease  
J. Erythema multiforme",I,medxpert,
ID1673,"Which electrocardiographic phase was most likely occurring at the moment the chest impact triggered this fatal event?

A. R-wave peak  
B. Upslope of T-wave  
C. ST-segment plateau  
D. P-wave peak  
E. T-wave nadir  
F. Downslope of T-wave  
G. QRS complex peak  
H. PR interval  
I. Downslope of P-wave  
J. QT interval midpoint",B,medxpert,
ID0025,"Following the initial steps of straightening the spinal curve and applying an activating force, what is the next appropriate step in the FPR technique?

A. active extension with right sidebending and right rotation  
B. passive flexion with right sidebending and right rotation  
C. passive flexion with left sidebending and right rotation  
D. passive extension with neutral sidebending and left rotation  
E. passive neutral position with left sidebending and left rotation  
F. passive extension with left sidebending and left rotation  
G. passive flexion with left sidebending and left rotation  
H. active flexion with left sidebending and left rotation  
I. passive extension with right sidebending and left rotation  
J. passive extension with left sidebending and neutral rotation",F,medxpert,"The pain intensifies during prolonged sitting, which is frequent in her work"
ID0813,"What is the most likely histological finding on deltoid muscle biopsy?

A. Endomysial fibrosis with CD20+ B-cell infiltration  
B. Ragged red fibers with mitochondrial accumulation  
C. Type II fiber atrophy with minimal inflammation  
D. Sarcolemmal MHC-I overexpression with CD8+ lymphocytic infiltration  
E. Sarcoplasmic rimmed vacuoles with CD8+ lymphocytic infiltration  
F. Necrotic muscle fibers with macrophage infiltration  
G. Centralized nuclei with dystrophin deficiency  
H. Perifascicular atrophy with complement deposition  
I. Perimysial inflammation with perivascular CD4+ T lymphocytic infiltration  
J. Perivascular complement deposition with neutrophilic infiltration",D,medxpert,
ID0458,"Which of the following is the most likely cause of her intoxication?

A. Mercury  
B. Nortriptyline  
C. Lithium  
D. Zinc  
E. Calcium carbonate  
F. Iron  
G. Lead  
H. Aspirin  
I. Acetaminophen  
J. Bismuth subsalicylate",F,medxpert,
ID0281,"Which laboratory result is most likely to explain this patient’s amenorrhea?

A. Low follicle-stimulating hormone level  
B. Elevated cortisol level  
C. Elevated prolactin level  
D. Normal gonadotropin levels  
E. Elevated thyroid-stimulating hormone level  
F. Increased androgens  
G. Increased thyroid-stimulating hormone level  
H. Elevated free T4 level  
I. Decreased leptin level  
J. Low estradiol level",A,medxpert,
ID1031,"What is the most appropriate next step in management?

A. Urgent neuroimaging  
B. Psychiatric consultation  
C. Emergency caesarean section  
D. Dialysis initiation  
E. Continuous fetal monitoring  
F. Immediate intubation  
G. Calcium  
H. Naloxone administration  
I. Labetalol infusion  
J. Magnesium",G,medxpert,
ID1742,"What is the most appropriate next step in management?

A. Administer carboprost tromethamine  
B. Perform uterine artery embolization  
C. Administer tranexamic acid  
D. Begin methylergonovine administration  
E. Begin immediate blood transfusion  
F. Perform manual placental extraction  
G. Perform uterine tamponade  
H. Start misoprostol therapy  
I. Initiate fresh frozen plasma transfusion  
J. Initiate emergency hysterectomy",C,medxpert,| Prothrombin time | 14 seconds |
ID0388,"Which of the following is the most likely diagnosis?

A. Delusional disorder with depressive features  
B. Schizophrenia  
C. Brief psychotic disorder  
D. Substance-induced psychotic disorder  
E. Schizophreniform disorder  
F. Schizoaffective disorder  
G. Bipolar I disorder with psychotic features  
H. Major depressive disorder with catatonic features  
I. Mood disorder with psychotic features  
J. Psychotic disorder due to another medical condition",F,medxpert,"Once an avid chess player, he stopped playing because he could no longer concentrate."
ID1751,"If seated high-velocity/low-amplitude (HVLA) technique is used for treatment, what is the correct patient positioning and direction of the activating force?

A. Neck is extended and sidebent right, force of thrust posterior to anterior only  
B. Neck is rotated left with neutral sidebending, force of thrust caudad and medial  
C. Neck is sidebent and rotated left, force of thrust caudad only  
D. Neck is neutral, force of thrust anterior to posterior and cephalad  
E. Neck is sidebent right with neutral rotation, force of thrust posterior to anterior only  
F. Neck is neutral with slight flexion, force of thrust cephalad and lateral  
G. Neck is sidebent and rotated right, force of thrust posterior to anterior and caudad  
H. Neck is sidebent right and rotated left, force of thrust posterior to anterior and caudad  
I. Neck is flexed and rotated right, force of thrust lateral to medial and caudad  
J. Neck is sidebent left and rotated right, force of thrust anterior to posterior and caudad",H,medxpert,
ID0872,"What is the most appropriate next step in management?

A. Initiate prednisone 60 mg daily  
C. Perform a temporal artery biopsy  
D. Obtain bilateral shoulder radiographs  
E. Initiate prednisone 15 mg daily  
F. Prescribe physical therapy for shoulder impingement  
G. Refer for ultrasound-guided corticosteroid injections into both shoulders  
H. Obtain a chest X-ray to rule out paraneoplastic syndrome  
J. Initiate methotrexate therapy for suspected inflammatory arthritis",D,medxpert,
ID0233,"How is the diagnosis determined for this patient?

A. Pressing on the anteromedial aspect of the transverse process of the associated vertebra  
B. Pressing on the anterolateral aspect of the right posterior tubercle of the transverse process of the associated vertebra  
C. Applying pressure directly to the spinous process of the associated vertebra  
D. Translating the associated vertebra to the left by pressing on its articular pillar  
E. Pressing on the posterolateral aspect of the right articular process of the associated vertebra  
F. Translating the associated vertebra to the right by pressing on the contralateral articular pillar  
G. Palpating the posterior aspect of the transverse process and applying an inferomedial force  
H. Pressing on the inferolateral aspect of the right articular pillar of the associated vertebra  
I. Palpating the anterior aspect of the right transverse process and applying a lateral force  
J. Pressing on the lateral aspect of the right portion of the bifid spinous process of the associated vertebra",B,medxpert,
ID1777,"What is the most appropriate first step in management?

A. Trial of sucralfate therapy  
B. Stool antigen test for H. pylori  
C. Empiric antacid therapy  
D. Proton pump inhibitors  
E. Urea breath test  
F. CT scan of abdomen and pelvis  
G. Trial of dietary modification  
H. Upper endoscopy with biopsy  
I. Abdominal ultrasonography  
J. Serum H. pylori antibody test",E,medxpert,
ID0596,"What Would You Do Next?

A: Check ferritin and transferrin saturation  
B: Check rheumatoid factor (RF)  
C: Order magnetic resonance imaging of the sacroiliac joint  
D: Refer for surgical consultation",A,jama,"A plain radiograph of the pelvis (Figure, right panel) showed sclerosis and joint narrowing at both sacroiliac joints as well as joint narrowing and osteophytes in the hip joints bilaterally.Plain radiographs of the hands and pelvis at presentation.Order magnetic resonance imaging of the sacroiliac joint."
ID0367,"What is the correct diagnosis and appropriate treatment approach?

A. Right inhalation dysfunction that should be addressed with muscle energy to rib 5  
B. Right inhalation dysfunction that should be addressed with balanced ligamentous tension to rib 1  
C. Right inhalation dysfunction that should be addressed with myofascial release to ribs 1-5  
E. Right exhalation dysfunction that should be addressed with direct articulation to rib 1  
F. Right exhalation dysfunction that should be addressed with muscle energy to rib 1  
G. Right exhalation dysfunction that should be addressed with counterstrain to rib 1  
H. Right inhalation dysfunction that should be addressed with HVLA to rib 1  
I. Right inhalation dysfunction that should be addressed with muscle energy to rib 1  
J. Right inhalation dysfunction that should be addressed with rib raising to ribs 1-5",F,medxpert,Physical examination reveals absent breath sounds in the right upper lung field with clear remaining lung fields.
ID1333,"Which of the following is the most likely diagnosis?

A. Ischemic colitis  
B. Liver metastases from an unknown primary tumor  
C. Colon cancer  
D. Acute appendicitis  
E. Crohn's disease  
F. Diverticulitis  
G. Hepatocellular carcinoma  
I. Pancreatic cancer  
J. Gallbladder carcinoma",C,medxpert,
ID0541,"What Would You Do Next?

A: Intrastromal injection of anti–vascular endothelial growth factor  
B: Start topical corticosteroid eyedrops  
C: Begin oral and/or topical antiviral medications  
D: Perform an endothelial keratoplasty",B,jama,". Central pachymetry in the left eye measured 706 μm, which was elevated from the mean expected pachymetry values of 540 to 560 μm. The fellow eye had no corneal edema and was pseudophakic, with prior panretinal photocoagulation scars in the peripheral retina"
ID1654,"What is the most appropriate next step in management?

A. Flexible sigmoidoscopy  
B. Colonoscopy with biopsy  
C. Abdominal ultrasound  
D. Measurement of fecal calprotectin  
E. Colectomy  
F. Stool culture and sensitivity  
G. Intravenous corticosteroids  
H. Empiric broad-spectrum antibiotics  
I. CT scan of the abdomen and pelvis  
J. Plain abdominal radiograph",J,medxpert,A 72-year-old female presents to the emergency department with severe abdominal pain and a 5-day history of bloody diarrhea that has progressively worsened
ID0948,"Which muscle should be activated to address this patient's rib somatic dysfunction?

A. Levator scapulae  
B. Pectoralis minor  
C. Sternocleidomastoid  
D. Trapezius  
E. Rhomboid major  
F. Posterior scalene  
G. Intercostal muscles  
H. Serratus anterior  
I. External oblique  
J. Anterior scalene",F,medxpert,
ID0816,"In addition to performing a hysterosalpingogram, which of the following diagnostic tests is most appropriate for this patient?

A. Anti-Müllerian hormone test  
B. Luteinizing hormone test  
C. Endometrial biopsy  
D. Antral follicle count via ultrasound  
E. Day-3 follicle-stimulating hormone test  
F. Antisperm antibody test  
G. Estradiol level test  
H. Testosterone and DHEA-S levels  
I. Thyroid-stimulating hormone and prolactin tests  
J. Inhibin B level test",E,medxpert,A 33-year-old woman presents with a 2-year history of inability to conceive despite regular intercourse
ID0243,"What Would You Do Next?

A: Edrophonium test  
B: Oculoplastic referral for ptosis repair  
C: Magnetic resonance angiography of the brain and neck  
D: Sumatriptan injection",C,jama,
ID1357,"While awaiting culture results, which of the following is the most appropriate initial treatment?

A. Oral fosfomycin  
B. Oral cefixime  
C. Intramuscular gentamicin  
D. Oral ciprofloxacin  
E. Admission to the hospital and administration of intravenous ceftriaxone  
F. Oral nitrofurantoin  
G. Observation without antibiotics until culture results return  
H. Oral amoxicillin-clavulanate  
I. Oral trimethoprim-sulfamethoxazole  
J. Oral ampicillin",B,medxpert,"Urinalysis demonstrates: Vital signs show temperature 38.5°C, heart rate 110/min, respiratory rate 20/min, and blood pressure 100/70 mm Hg."
ID0926,"What sacral somatic dysfunction best describes these findings?

A. Left-on-right backward sacral torsion  
B. Right-on-left forward sacral torsion  
C. Left-on-right forward sacral torsion  
D. Right sacral shear  
E. Bilateral sacral extension  
F. Right unilateral sacral flexion  
G. Left sacral shear  
H. Bilateral sacral flexion  
I. Left-on-left forward sacral torsion  
J. Right-on-left backward sacral torsion",A,medxpert,
ID0778,"What is the most likely underlying cause of this patient's pleural effusion?

A. Pulmonary embolism with infarction  
B. Metastatic breast cancer  
C. Bacterial empyema  
D. Tuberculosis  
E. Rheumatoid pleuritis  
F. Asbestos-related benign pleural effusion  
G. Mesothelioma  
H. Bronchial adenocarcinoma  
I. Viral pleuritis  
J. Congestive heart failure-related transudate",G,medxpert,"Her medical history includes congestive heart failure, hypertension, a 47 pack-year smoking history, and 50 years of employment as a seamstress in a textile factory. A 79-year-old female presents for evaluation of a two-month history of nonproductive cough, fatigue, dyspnea on mild exertion, and a 4.5-kg weight loss"
ID1462,"Which therapeutic intervention would be most appropriate for this patient's condition?

A. Forced-air warming systems  
B. Continuous venous rewarming  
C. External cardiac compression  
D. Hemodialysis  
E. Cover with blankets  
F. Extracorporeal membrane oxygenation  
G. Warm water immersion  
H. Peritoneal lavage with warmed fluids  
I. Core temperature monitoring only  
J. Administration of warm IV fluids alone",A,medxpert,
ID0440,"Along with oral analgesics, which of the following treatments would be most appropriate for this patient?

A. Frenzel maneuver  
B. Galbreath technique  
C. Dix-Hallpike test  
D. Topical amoxicillin therapy  
E. Politzer maneuver  
F. Valsalva maneuver  
G. Pneumatic otoscopy  
H. Eustachian tube massage  
I. Sphenopalatine ganglion release  
J. Tympanocentesis",B,medxpert,
ID1667,"What is the most appropriate next step in diagnostic testing?

A. Complete blood count, basic metabolic panel, and thyroid-stimulating hormone  
B. Thyroxine  
C. Creatine kinase level  
D. Serum iron studies and vitamin B12 level  
E. Brain MRI with contrast  
F. Polysomnography  
G. Hemoglobin A1C and fasting glucose  
H. Morning cortisol  
J. 24-hour ambulatory blood pressure monitoring",A,medxpert,
ID0466,"What Is Your Diagnosis?

A: Myotonic dystrophy  
B: Systemic sclerosis  
C: Deep morphea (morphea profunda)  
D: Eosinophilic fasciitis",D,jama,. A 31-year-old man with insidious onset of limited mobility of joints visited our clinic for evaluation
ID1369,"Which of the following medications is the most suitable for managing weight loss in this patient?

A. Orlistat  
B. Lorcaserin  
C. Phentermine-topiramate, extended release  
D. Bupropion alone  
E. Naltrexone-bupropion  
F. Liraglutide  
G. Topiramate monotherapy  
H. Semaglutide  
I. Metformin  
J. Levothyroxine",C,medxpert,
ID1789,"What is the most likely diagnosis?

A. Imperforate hymen  
B. Müllerian agenesis  
C. Kallmann syndrome  
D. Normal development  
E. Hypothalamic amenorrhea  
F. Vaginal septum  
G. Androgen insensitivity syndrome  
H. Polycystic ovary syndrome  
I. Gonadal dysgenesis  
J. Constitutional delay of puberty",F,medxpert,
ID1298,"Which of the following medications should be initiated for this patient?

A. Ganciclovir  
B. Azithromycin  
C. Penicillin  
D. Voriconazole  
E. Atovaquone  
F. Caspofungin  
G. Dapsone  
H. TMP-SMX  
I. Fluconazole  
J. Valacyclovir",H,medxpert,
ID1741,"After emergency administration of dexamethasone, what is the most appropriate next step in management?

A. Discontinue immunotherapy  
B. Vancomycin plus piperacillin-tazobactam  
C. Increase oxycodone dosage  
D. MRI with contrast  
E. Urgent vertebroplasty  
F. Neurosurgical consultation  
G. Continue dexamethasone  
H. Physical therapy evaluation  
I. Palliative care consultation  
J. Radiation-oncology consultation",F,medxpert,
ID0356,"What Would You Do Next?

A: Perform laparoscopic appendectomy and peritoneal biopsy  
B: Order repeat image-guided paracentesis/cytology  
C: Order colonoscopy with biopsy  
D: Order broad-spectrum antibiotics to cover gram-negative and anaerobic enteric species",A,jama,
ID1948,"Which intervention would be most effective in treating this patient's hypertension?

A. Alcohol cessation  
B. Calcium channel blocker monotherapy  
C. Stress reduction techniques  
D. ACE inhibitor initiation  
E. Regular aerobic exercise  
F. Combination antihypertensive therapy  
G. Sodium restriction  
H. Weight loss  
I. Thiazide diuretic therapy  
J. DASH diet",H,medxpert,
ID1674,"What Would You Do Next?

A: Obtain indocyanine green angiography  
B: Discontinue immunosuppression therapy  
C: Order optical coherence tomography  
D: Repeat neuroimaging",C,jama,"Peripheral blood smear and polymerase chain reaction were performed; empirical therapy of azithromycin, 500 mg daily, plus atovaquone, 750 mg twice daily, was initiated. ."
ID1270,"Which of the following is the most appropriate next step in management and corresponding finding?

A. Temporal artery biopsy demonstrating giant cell arteritis  
B. Acetylcholine receptor antibody testing revealing myasthenia gravis  
C. High resolution CT demonstrating hyperdense lesions  
D. Anti-MOG antibody testing showing positive results  
E. Nerve conduction study showing demyelinating neuropathy  
F. Serum B12 level showing severe deficiency  
G. CT angiogram revealing vertebral artery dissection  
H. Visual evoked potentials revealing delayed P100 latency  
I. Psychiatric evaluation revealing multiple acute life stressors  
J. Lumbar puncture demonstrating oligoclonal bands",J,medxpert,"On physical exam, the patient demonstrates 4/5 strength in her upper and lower extremities with decreased sensation in her fingers bilaterally."
ID1890,"What is the most appropriate initial management step?

A. Intravenous antibiotics  
B. Physical therapy referral  
C. Observation and follow-up in 24 hours  
E. Computed tomography scan of the spine  
F. Lumbar puncture  
G. Epidural steroid injection  
H. Surgical consultation for decompression  
J. Dexamethasone",J,medxpert,
ID0504,"Which aspect of this patient’s history is most likely linked to her current condition?

A. Lack of prenatal complications  
B. Pertussis prophylaxis  
C. Female sex  
D. Family history of ulcerative colitis  
E. Exposure to a sibling with pertussis  
F. Monozygotic twinning  
G. Maternal diet  
H. Prematurity  
I. Breastfeeding  
J. Twin birth",B,medxpert,A 3-week-old female infant is brought to the pediatrician due to new-onset vomiting after feedings
ID1084,"What Would You Do Next?

A: Give intravenous pulse-dose methylprednisolone  
B: Initiate therapeutic anticoagulation with heparin  
C: Start empirical broad-spectrum antibiotic therapy  
D: Start vasodilator therapy with nifedipine",D,jama,"Heart rate was 60/min; blood pressure, 100/70 mm Hg; respiratory rate, 18/min; and Spo2, 100%"
ID0435,"A deficiency in which of the following proteins is most likely responsible for this patient’s condition?

A. Acyl-CoA dehydrogenase  
B. Hepatic lipase  
C. Hormone-sensitive lipase  
D. Apolipoprotein C-II  
E. Apolipoprotein E  
F. Pancreatic lipase  
G. Cholesteryl ester transfer protein  
H. Microsomal triglyceride transfer protein  
I. Lipoprotein lipase  
J. Carnitine palmitoyltransferase I",I,medxpert,A 30-year-old male presents to the emergency department with abdominal pain that began two hours ago
ID1256,"What is the most appropriate next step in this patient’s management?

A. Initiation of adalimumab  
B. Initiation of methotrexate  
C. Initiation of vitamin B12 injections  
D. Oral prednisone therapy  
E. Subcutaneous erythropoietin injection  
F. Oral iron supplementation  
G. Addition of azathioprine  
H. Switch to systemic budesonide  
I. Intravenous iron supplementation  
J. Switch to oral mesalamine",D,medxpert,
ID0506,"What is the most appropriate management approach for this patient?

A. Order CT scan with contrast of the neck  
B. Perform needle aspiration for culture  
C. Perform incision and drainage of the lesion  
D. Refer for surgical evaluation and excision of the lesion  
E. Start empiric treatment with azithromycin  
F. Obtain Bartonella henselae titers  
G. Initiate combination therapy with rifampin and doxycycline  
H. Order interferon-gamma release assay testing  
I. Submit an aspirate of the lesion for pathologic evaluation  
J. Continue clindamycin for an additional 2 weeks",D,medxpert,
ID1905,"Which of the following complications is this patient most at risk of developing?

A. Aortic dissection  
C. Pulmonary embolism  
D. Aortic aneurysm rupture  
E. Renal artery stenosis leading to worsening hypertension  
F. Critical limb ischemia requiring amputation  
G. Acute myocardial infarction  
H. Chronic venous insufficiency  
I. Deep vein thrombosis  
J. Deep vein thrombosis in the affected limb",G,medxpert,
ID1399,"Which of the following is the most likely diagnosis?

A. Ulceroglandular tularemia  
B. Necrotizing fasciitis  
C. Tularemia  
D. Ecthyma gangrenosum  
E. Cutaneous anthrax  
F. Bacillary angiomatosis  
G. Cutaneous leishmaniasis  
H. Sporotrichosis  
I. Pyoderma gangrenosum  
J. Impetigo",E,medxpert,The patient's medical history is unremarkable. He has multiple abrasions on his face and elbows. His temperature is 38.3°C (101°F)
ID0491,"What is the most appropriate next step in management?

A. Proton pump inhibitor  
B. Lifestyle modification counseling  
C. Upper endoscopy  
D. Nitroglycerin  
E. Beta-blocker  
F. Cardiac stress test  
G. H2 receptor antagonist  
H. Antacid  
I. Aspirin therapy  
J. Barium swallow",A,medxpert,"He recalls experiencing a similar, milder pain last week while sleeping at night"
ID1795,"What would be the most appropriate way to proceed with this clinical interview?  
A. Begin a basic evaluation, but wait for the professional interpreter before obtaining a more thorough history  
B. Proceed with the clinical interview using the son as the interpreter without obtaining permission  
C. Conduct the interview in English, using simplified language and writing down questions for the patient to read  
D. Use a smartphone translation application to facilitate the clinical interview  
E. Use nonverbal communication and gestures to gather as much information as possible while waiting for the interpreter  
F. Reschedule the appointment for a day when an interpreter is available in person  
G. Wait until the professional interpreter becomes available before beginning any evaluation  
H. Use the son as an interpreter for the entire clinical interview, as he is fluent in both languages  
I. Obtain permission from the patient to have the son act as an interpreter  
J. Ask the patient’s son to translate only the most urgent questions while waiting for the professional interpreter",A,medxpert,
ID0716,"What Would You Do Next?

A: Surgical iridectomy  
B: Kidney ultrasonography  
C: Positron emission tomography scan  
D: Computed tomography scan of the chest, abdomen, and pelvis",D,jama,
ID1944,"Which histopathologic finding is most characteristic of this diagnosis?

A. Lymphoplasmacytic infiltrate  
B. Intercellular bridges  
C. Hobnail cells  
D. Signet-ring cells  
E. Apocrine glands  
F. Mucin pools  
G. Spindle-shaped cells  
H. Papillary projections  
I. Cribriform pattern  
J. Syncytial cells",J,medxpert,
ID0433,"What is the most appropriate next step to evaluate this patient?

A. 24-hour urine collection  
B. Complete blood count  
C. Measurement of complement levels  
D. Urine culture  
E. Renal ultrasound  
F. Voiding cystourethrogram  
G. Renal biopsy  
H. Antistreptolysin O titer  
I. CT scan of abdomen and pelvis  
J. Urine calcium-to-creatinine ratio",E,medxpert,
ID1055,"What is the most appropriate screening recommendation for this patient?

A. CT colonography every 5 years starting at age 40  
B. Repeat screening in 10 years if initial colonoscopy is negative  
C. Colonoscopy at the age of 40 years  
D. Fecal occult blood testing annually  
E. Immediate screening for colon cancer  
F. Genetic testing for Lynch syndrome before screening  
G. Routine screening starting at age 45 per general guidelines  
H. Stool DNA testing every 3 years  
I. Flexible sigmoidoscopy every 5 years starting at age 40  
J. Colonoscopy at the age of 50 years",E,medxpert,
ID0422,"What Would You Do Next?  
A: Perform a complete excision  
B: Administer cryotherapy treatment  
C: Order systemic laboratory workup  
D: Observe",C,jama,
ID0328,"What Would You Do Next?

A: Initiate immunosuppressive therapy  
B: Monitor for resolution of subretinal fluid  
C: Retinal detachment repair with vitrectomy and/or scleral buckle  
D: Surgery to create scleral windows",A,jama,
ID0488,"What Is Your Diagnosis?

A: Multiple system atrophy  
B: Vascular dementia  
C: Fragile X–associated tremor ataxia syndrome  
D: Essential tremor",C,jama,
ID0553,"What Would You Do Next?

A: Observation with close follow-up  
B: Lumbar puncture  
C: Serum and urine testing for various inflammatory and infectious processes  
D: Orbital and brain magnetic resonance imaging",C,jama,
ID1859,"What Would You Do Next?

A: Arrange 6-month follow-up  
B: Obtain additional imaging  
C: Perform an incisional biopsy  
D: Perform an excisional biopsy",B,jama,"No lytic bone changes or bone remodeling could be seen (Figure 1).Computed tomographic imaging from outside facility revealed a 1.9 × 2.3 × 1.8-cm mass of an unclear cause within the anterolateral right orbit, exerting mass effect on the globe."
ID1016,"What Would You Do Next?

A: Order a complete blood cell count and coagulation testing  
B: Oral and topical corticosteroids  
C: Plasmapheresis for hyperviscosity syndrome  
D: Fluorescein angiography",D,jama,Spontaneous venous pulsations were not appreciated
ID1285,"What Would You Do Next?

A: Order bronchoscopy with bronchoalveolar lavage and transbronchial biopsy  
B: Assess serum α1-antitrypsin level and genotype  
C: Order inhaled nasal nitric oxide and ciliary dyskinesia genetic testing  
D: Assess sweat chloride and cystic fibrosis genetic screening",B,jama,
ID1469,"What Would You Do Next?

A: Perform intravitreal corticosteroid injection  
B: Perform intravitreal anti–vascular endothelial growth factor injection  
C: Review medical and family history for hypercoagulable or inflammatory systemic diseases  
D: Perform panretinal photocoagulation",C,jama,
ID0654,"Which of the following is the most likely cause of this patient's decreased sensation?

A. Cerebral infarction during the hospitalization

B. Complication of the IVC filter placement

C. Compression of the lateral femoral cutaneous nerve

D. Hematoma of the left thigh",C,mmlu,
ID0256,"The most appropriate management is to

A. administer an epidural anesthetic

B. administer tocolytic therapy

C. apply cervical topical corticosteroids

D. augment the labor with oxytocin",D,mmlu,
ID1152,"The most likely diagnosis is

A. Braxton Hicks contractions

B. lower uterine retraction ring

C. hypotonic uterine dysfunction

D. primary dysfunctional labor",C,mmlu,
ID0951,"Which of the following is the most appropriate interpretation of these study results?

A. The findings are clinically and statistically significant

B. The findings are clinically insignificant but statistically significant

C. The findings are clinically significant but statistically insignificant

D. The findings are neither clinically nor statistically significant",B,mmlu,
ID1336,"This patient is at greatest risk for which of the following complications?

A. Atrial fibrillation

B. Cor pulmonale

C. Systemic hypertension

D. Tricuspid valve regurgitation",C,mmlu,
ID1466,"The most likely cause of these findings is entrapment of which of the following on the right?

A. Median nerve at the wrist

B. Musculocutaneous nerve at the forearm

C. Radial nerve at the forearm

D. Ulnar nerve at the elbow",D,mmlu,
ID1863,"Which of the following is the most appropriate next step in management?

A. Reassurance

B. Assess for suicidal ideation

C. Begin dextroamphetamine therapy

D. Increase oxycodone dosage",B,mmlu,
ID1633,"It is most appropriate to evaluate which of the following lymph nodes first for evidence of metastasis in this patient?

A. Inferior deep cervical

B. Parotid

C. Retropharyngeal

D. Submental",D,mmlu,Further evaluation of the mass confirms squamous cell carcinoma
ID1587,"Which of the following is the most appropriate pharmacotherapy?

A. Carbonic anhydrase inhibitor

B. Na+ –Cl− symport inhibitor

C. Na+ –K + –2Cl− symport inhibitor

D. Osmotic diuretic",B,mmlu,A 42-year-old man comes to the physician for a follow-up examination 1 week after he passed a renal calculus
ID0251,"Which of the following is the most appropriate initial diagnostic study?

A. Chest x-ray

B. Complete blood count

C. Determination of serum albumin concentration

D. Determination of serum digoxin level",D,mmlu,"While you are on rounds at a local nursing facility, the nurse mentions that your patient, a 79-year-old woman, appears to be a ""poor eater."" Her daughter had moved away from the area, and nursing home placement was necessary because the patient could no longer function independently"
ID1749,"The most likely portal of pathogen entry into this patient's central nervous system is which of the following?

A. Facial nerve

B. Frontal sinus

C. Mastoid sinus

D. Olfactory nerve",D,mmlu,
ID1316,"The most likely diagnosis is

A. anteriorly deviated distal femur

B. plantar flexed cuboid

C. posteriorly deviated fibular head

D. unilateral sacral shear",C,mmlu,
ID0708,"What Would You Do Next?

A: Reassure patient and observe this self-limited condition  
B: Initiate systemic steroids before starting immunosuppression  
C: Refer to the health department for 4-drug antituberculous treatment  
D: Order magnetic resonance imaging of the brain with contrast and perform lumbar puncture",C,jama,
ID1808,"The technician most likely used which of the following laboratory procedures on this patient's blood?

A. Northern blotting

B. Polymerase chain reaction

C. Reverse transcription

D. Southern blotting",B,mmlu,
ID1339,"In addition to administering racemic epinephrine by nebulizer, which of the following is the most appropriate next step?

A. Intravenous aminophylline therapy

B. Intravenous antibiotic therapy

C. Intubation

D. Oral dexamethasone therapy",D,mmlu,"The babysitter says, ""He has had a runny nose since I started babysitting yesterday, but this afternoon he awoke from a nap with a barking sound and he was breathing real heavy."" Auscultation of the chest discloses equal air entry on both sides and no crackles."
ID1418,"Which of the following is the most appropriate next step in diagnosis?

A. Test of the stool for Clostridium difficile toxin

B. Endoscopic retrograde cholangiopancreatography

C. Pelvic ultrasonography

D. CT scan of the abdomen with contrast",D,mmlu,
ID1912,"Which of the following is the most appropriate next step in diagnosis?

A. Progesterone challenge test

B. Colposcopy

C. Cystoscopy

D. Endometrial biopsy",D,mmlu,
ID0136,"Which of the following is the most appropriate next step in diagnosis?

A. Carotid duplex ultrasonography

B. CT scan of the head

C. EEG

D. Lumbar puncture",B,mmlu,
ID0802,"Which of the following is the most important next step in management?

A. Begin oral methyldopa

B. Institute fundal massage

C. Order daily sitz baths

D. Provide education for well-baby care",D,mmlu,She is cuddling her infant and normal bonding seems to be occurring
ID0607,"Which of the following is the most likely diagnosis?

A. Asthma

B. Chronic bronchitis

C. Gastroesophageal reflux disease

D. Postnasal drip syndrome",A,mmlu,
ID0155,"What Would You Do Next?

A: Observe the patient and treat headaches conservatively  
B: Consult surgery for immediate surgical intervention  
C: Perform a lumbar puncture with opening pressure, routine chemistry, and cell count analysis  
D: Begin treatment with high-dose corticosteroids",C,jama,"Examination of her fundus was notable for bilateral optic disc swelling (Frisén grade 2 in each eye) as well as unilateral macular exudates, subretinal fluid, and subretinal hemorrhages in the left eye (Figure 1)"
ID0569,"Which of the following is the most appropriate assessment of this patient's carrier status for this disease?

A. The patient has a 50% risk of having a child with DMD

B. The patient is a carrier of the disease based on her family history of DMD

C. The patient is not a carrier of the DMD based on her normal creatine kinase concentration

D. The patient's DMD carrier status is uncertain because of random X inactivation",D,mmlu,A 23-year-old woman comes to the physician for genetic counseling prior to conception
ID0013,"Which of the following is the most appropriate step at this time?

A. Call her previous physician to obtain more history

B. Order a chest x-ray

C. Order a test for HIV antibody

D. Repeat the PPD skin test",B,mmlu,
ID1569,"The most likely diagnosis is

A. autonomic neurogenic bladder

B. motor paralytic bladder

C. reflex neurogenic bladder

D. uninhibited neurogenic bladder",D,mmlu,
ID1454,"Which of the following is the most appropriate initial action by the physician?

A. Advise the patient to change insurance companies as soon as she is able so that she can receive more comprehensive medical care

B. Explain that the patient does not need the MRI and that it is not appropriate to misrepresent her examination findings

C. Immediately inform the patient's insurance company about what the patient has asked the physician to do

D. Order the MRI as the patient requests",B,mmlu,
ID1500,"The most appropriate term to represent the legal concept invoked by the patient is

A. collateral estoppel

B. proximate cause

C. res ipsa loquitur

D. respondeat superior",C,mmlu,
ID0554,"Which of the following is the most likely cause of this patient's symptoms?

A. Avascular necrosis of the femoral head

B. Herniated nucleus pulposus

C. Narrowing of the hip joint

D. Osteoporosis",A,mmlu,
ID1650,"Prior to discharge, which of the following is the most appropriate step?

A. Obtain CT scan of the chest

B. Obtain a swallowing evaluation

C. Place a percutaneous endoscopic gastrostomy (PEG) tube

D. Prescribe fludrocortisone",B,mmlu,
ID1788,"A biopsy specimen of the lung mass is most likely to show which of the following?

A. Mesothelioma

B. Metastatic adenocarcinoma of the breast

C. Multiple endocrine neoplasia

D. Non-small cell lung carcinoma",D,mmlu,
ID1969,"Which of the following is the most appropriate next step in diagnosis?

A. Ductography

B. Excisional biopsy of glandular tissue

C. Repeat mammography

D. Repeat ultrasonography of the right breast",A,mmlu,Vital signs are normal. Palpation of the right breast discloses glandularity in the upper outer quadrant but no other masses
ID1383,"Which of the following is the most likely causal organism?

A. Cryptosporidium parvum

B. Cytomegalovirus

C. Mycobacterium avium-intracellulare complex

D. Salmonella enteritidis",A,mmlu,
ID0437,"Which of the following mechanisms is most likely involved in maintaining this man's serum glucose concentration?

A. Continued gut absorption of calories from the ingested meal

B. Glucose release from skeletal muscle

C. Glycogenolysis in the liver

D. Increased leptin release from adipose tissues",C,mmlu,
ID0074,"Which of the following best describes this mass?

A. Granulosa tumor

B. Ovarian carcinoid

C. Sertoli-Leydig tumor

D. Teratoma",C,mmlu,
ID1112,"Which of the following is the most likely explanation for this patient’s symptoms?

A. Displacement of the nucleus pulposus

B. Hypertrophy of the facet joints

C. Osteophyte formation

D. Spondylolisthesis",A,mmlu,
ID0253,"Which of the following is most likely the primary mechanism of the development of edema in this patient?

A. Disruption of vascular basement membranes

B. Increased hydrostatic pressure

C. Release of thromboxane

D. Separation of endothelial junctions",D,mmlu,
ID1688,"Which of the following health maintenance recommendations is most appropriate at this time?

A. Dietary modification for weight loss

B. Human papillomavirus testing

C. Mammography

D. Influenza virus vaccine",D,mmlu,
ID1297,"Which of the following is the most likely precipitating factor in this patient's decision to file a malpractice suit?

A. The patient's perception that the physician is incompetent

B. The patient's perception that the physician is uncaring

C. The patient's socioeconomic status

D. The physician's amount of experience in the medical field",B,mmlu,
ID0647,"What Would You Do Next?

A: Provide education on proper facial cleansing and moisturizing  
B: Administer topical antifungals  
C: Order antinuclear antibody, anti-Ro/SS-A, and anti-La/SS-B antibody testing for both the infant and his mother  
D: Order a serologic test for syphilis for the infant",C,jama,
ID1889,"The physician recommends administration of Rho immune globulin to the patient. This treatment is most likely to prevent which of the following in this mother?

A. Development of natural killer cells

B. Development of polycythemia

C. Formation of antibodies to RhD",C,mmlu,
ID1335,"In order to decrease the patient's pulse, which of the following should be administered intravenously?

A. Digoxin

B. Enalapril

C. Lidocaine

D. Metoprolol",D,mmlu,
ID0819,"This study is best described as which of the following?

A. Case-control study

B. Crossover study

C. Open-labeled clinical trial

D. Randomized clinical trial",C,mmlu,
ID0604,"Which of the following is the most appropriate next step?

A. Ask the physician if he is sober, and if he says yes, allow him to complete his shift

B. Explain to the physician that you suspect he is intoxicated and ask him to submit to a blood sample to check his blood alcohol concentration

C. Relieve the physician of duty and alert the hospital's patient safety officer

D. Tell the physician that you can cover the remainder of the shift alone, so that he can sleep in his office",C,mmlu,
ID0799,"Which of the following is the most likely cause of the mass?

A. Accumulation of scrotal adipose tissue

B. Cryptorchidism of the left testis

C. Dilation of the pampiniform plexus of veins around the testis

D. Persistence of a patent processus vaginalis",D,mmlu,
ID0918,"Which of the following is the most appropriate pharmacotherapy for this patient?

A. Ciprofloxacin

B. Penicillin G

C. Rifampin

D. Vancomycin",D,mmlu,"On palpation, the nodes are tender, fluctuant, and movable"
ID1442,"Which of the following is most important to consider in the care of this patient?

A. Administration of injectable medications with disposable syringes

B. Preparation of food by outside contractors

C. Type of cleaning agents used to sterilize bed linens

D. Use of rubber urethral catheters",D,mmlu,
ID1701,"Which of the following is the most appropriate next step in management?

A. Cardiac stress scintigraphy

B. Adjusting her medication regimen

C. Warfarin therapy

D. Transesophageal echocardiography",B,mmlu,
ID1310,"Which of the following is the most likely cause of this patient's condition?

A. Frameshift mutation

B. Missense mutation

C. Nonsense mutation

D. Trinucleotide repeat expansion",D,mmlu,
ID1025,"Which of the following is the most likely diagnosis?

A. Amniotic fluid embolism

B. Intracerebral hemorrhage

C. Myocardial infarction

D. Status asmaticus",A,mmlu,
ID1700,"In addition to antibiotic therapy, which of the following is the most appropriate intervention?

A. Azathioprine therapy

B. Bronchoscopy

C. Continuous humidified oxygen

D. Nocturnal continuous positive airway pressure (CPAP)",C,mmlu,
ID1715,"This patient is at increased risk for which of the following complications?

A. Abruptio placentae

B. Fetal chromosome abnormality

C. Hyperthyroidism

D. Preterm labor and delivery",D,mmlu,
ID1543,"Which of the following is the most appropriate next step in management?

A. Chest x-ray

B. Echocardiography

C. Bronchoscopy

D. Pericardiocentesis",D,mmlu,Examination shows a 2-cm wound at the left sixth intercostal space at the midclavicular line
ID0520,"Referred pain in this patient is transmitted to the spinal cord by which of the following nerves?

A. anterior rami of T1-T5

B. anterior rami of T6-T10

C. anterior rami of T11-T12

D. posterior rami of T1-T5",B,mmlu,
ID1866,"Histologic examination of a lung biopsy specimen is most likely to show which of the following findings?

A. Diffuse interstitial fibrosis

B. Intra-alveolar exudates

C. Multiple thromboemboli

D. Necrotizing vasculitis",A,mmlu,Crackles are heard in both lower lung fields
ID0752,"The most likely diagnosis is

A. adjustment disorder with anxious mood

B. generalized anxiety disorder

C. major depressive disorder, single episode, moderate

D. obsessive-compulsive personality disorder",A,mmlu,
ID1851,"Which of the following is necessary to calculate the sensitivity of this test?

A. Incidence of chronic prostatitis in the general population

B. Number of men with test results greater than 5 ng/mL and a normal biopsy specimen

C. Prevalence of chronic prostatitis in the general population

D. Prostate biopsies of men with test results equal to or below 5 ng/mL",D,mmlu,
ID0057,"Which of the following is the most likely explanation for this patient's behavior?  
A. Projection  
B. Projective identification  
C. Reaction formation  
D. Splitting",D,mmlu,
ID0735,"Which of the following laboratory findings in these students during examination week is most likely to support this hypothesis?

A. Decreased AM serum cortisol concentration

B. Decreased macrophage activity

C. Increased basophil count

D. Increased lymphocyte count",B,mmlu,
ID0339,"Which of the following is the most likely cause of these findings?

A. Bacterial vaginosis

B. Candidiasis

C. Chlamydia trachomatis infection

D. Escherichia coli infection",B,mmlu,
ID1881,"Which of the following properties of the infecting organism best explains the reinfection?

A. Antigenic variation

B. Catalase

C. Inhibition of B-lymphocyte function

D. Inhibition of T-lymphocyte function",A,mmlu,
ID0164,"Which of the following is the most likely diagnosis?

A. Aortic stenosis

B. Atrial septal defect

C. Coarctation of the aorta

D. Mitral valve prolapse",B,mmlu,
ID1506,"Which of the following is the most likely diagnosis?

A. Acalculous cholecystitis

B. Chronic relapsing pancreatitis

C. Diverticulitis of the cecum

D. Herpes zoster",D,mmlu,
ID1405,"Which of the following is the most appropriate next step?

A. Begin a trial of a β-blocking medication

B. Order CT scan of the head

C. Order EEG

D. Refer him for consultation with a neurologist",B,mmlu,
ID1613,"Which of the following is the most likely underlying cause of this patient's acne?

A. Increased estrogen stimulation of the sebaceous glands

B. Increased responsiveness of the sebaceous glands to follicle-stimulating hormone

C. Increased sympathetic stimulation to the sebaceous glands

D. Stimulation of the sebaceous glands by androgens",D,mmlu,Breast and pubic hair development began at the age of 12 years
ID1296,"Which of the following is the most likely underlying mechanism of this patient's sinusitis?

A. Eustachian tube dysfunction

B. Mucosal edema

C. Nasal polyps

D. Oral contraceptive use",B,mmlu,
ID1248,"Which of the following is the most accurate estimate of the statistical power in this study?

A. 1%

B. 10%

C. 40%

D. 90%",D,mmlu,"When designing the study, the investigators set the probability of wrongly finding that Drug X is more effective than the standard therapy as 1%; they set the probability of wrongly finding that the effectiveness of the two drugs is the same as 10%"
ID0168,"Further evaluation of this patient is most likely to show which of the following findings?  

A. Decreased pulmonary capillary wedge pressure  

B. Impaired contractility of the left ventricle  

C. Prolapse of the mitral valve  

D. Thrombosis of the superior vena cava",B,mmlu,
ID1013,"Which of the following is the most likely mechanism of this patient's cough?

A. Decreased plasma renin activity

B. Decreased serum angiotensin II concentrations

C. Increased serum angiotensin I concentrations

D. Increased serum bradykinin concentrations",D,mmlu,
ID1800,"Which of the following is the most likely explanation for these findings?

A. Attention-deficit/hyperactivity disorder

B. Conduct disorder

C. Learning disorder

D. Seizure disorder",A,mmlu,
ID1911,"Which of the following is the most appropriate management?

A. Bedside compartment pressure measurements

B. Doppler ultrasonography of the left lower extremity

C. Intra-arterial tissue plasminogen activator (tPA) therapy

D. Intraoperative angiography",D,mmlu,
ID0189,"Which of the following is the most likely diagnosis?

A. Dermatomyositis

B. Duchenne's muscular dystrophy

C. Eczema

D. Lyme disease",A,mmlu,
ID1227,"Which of the following is most likely to confirm the diagnosis?

A. 24-Hour ambulatory ECG monitoring

B. Multiple sleep latency test

C. Polysomnography

D. CT scan of the head",C,mmlu,
ID1793,"Which of the following is the most likely diagnosis?

A. Acute myocardial infarction

B. Aortic dissection

C. Esophageal rupture

D. Mitral valve prolapse",B,mmlu,He has no history of similar symptoms.
ID1874,"Which of the following is most likely to have prevented this reaction?

A. Inquiry about an egg allergy

B. Heterophile agglutination test

C. Skin test with histamine reagent

D. β-Adrenergic blocking agent therapy",A,mmlu,
ID1660,"This patient's condition is most likely a result of demyelination of which of the following?  

A. Medial longitudinal fasciculus  

B. Oculomotor nerve  

C. Optic nerve  

D. Trigeminal nerve",C,mmlu,
ID1114,"Institution of which of the following is the most essential step in the prevention of CAD in this patient?  

A. Biofeedback-based stress reduction program  

B. More rigorous and consistent exercise program  

C. Smoking cessation program  

D. Strict low-calorie diet",C,mmlu,
ID0999,"Which of the following is the most critical factor in formulating a management plan for this patient?

A. Hypertension

B. Obesity

C. Patient age

D. Stage of disease",D,mmlu,
ID0315,"Which of the following is the most likely diagnosis?

A. Fibromyalgia

B. Myasthenia gravis

C. Polymyositis

D. Scleroderma",C,mmlu,Results of complete blood count are within the reference ranges
ID1330,"Which of the following should you tell the patient regarding her infant?

A. The infant will neither have hemophilia nor be a carrier

B. The infant has a 50% risk for hemophilia

C. The infant has a 50% risk for being a carrier

D. The infant has a 75% risk for hemophilia",B,mmlu,
ID1993,"Which of the following is the most appropriate initial test to order?

A. abdominal flat plate radiography

B. amylase level

C. complete blood count

D. urine pregnancy test",D,mmlu,
ID0566,"Additional physical examination is most likely to show which of the following?

A. Babinski sign present bilaterally

B. Chvostek sign

C. Deviation of the tongue to the left side

D. A drooping left shoulder",B,mmlu,
ID0576,"Which of the following is the most likely cause of her ""drop attacks?""

A. Adrenal insufficiency

B. Anxiety

C. Atlanto-axial instability

D. Cardiac arrhythmia",C,mmlu,
ID1446,"Which of the following is the most appropriate next step in management?

A. Discharge the patient after she has signed an ""against medical advice"" form

B. Seek a court order to appoint a legal guardian

C. Offer insulin but allow the patient to refuse it

D. Admit to the psychiatric unit",C,mmlu,She reports that she has always been an active person and does not see how her life will be of value anymore
ID0840,"Which of the following is the most likely cause of this patient’s symptoms?

A. Adenovirus

B. Cytomegalovirus

C. Epstein-Barr virus

D. Influenza virus",A,mmlu,
ID0628,"Following initiation of intravenous fluids, which of the following is the most appropriate immediate management?

A. Arrange for transjugular intrahepatic portal vein shunting

B. Begin intravenous vasopressin therapy

C. Do endotracheal intubation

D. Do upper endoscopy",C,mmlu,
ID1180,"This patient most likely ingested which of the following drugs?

A. Diazepam

B. Methamphetamine

C. Oxycodone

D. PCP (phencyclidine)",D,mmlu,
ID1826,"Which of the following is the most appropriate next step?  

A. Recommend behavioral therapy  

B. Recommend psychoanalytic psychotherapy  

C. Recommend that the patient avoid any stressful activities that cause the problem  

D. Review the patient's sexual history",A,mmlu,"She says she is anxious about flying and even slightly ""panicky."" A 24-year-old recent college graduate comes to the office because of a 3-year history of increased frequency of urination and occasional incontinence whenever she travels."
ID1843,"Which of the following is the most appropriate management to recommend at this time?

A. Increased intake of vitamin D

B. A special exercise program

C. Surgical correction

D. No treatment is needed at this time",D,mmlu,
ID1181,"Which of the following is the most appropriate action by the medical student regarding this patient's invitation?

A. He can date her because he was a medical student, not a physician, when he contributed to her care

B. He can date her because she is no longer his patient

C. He can date her, but only after at least 1 year has passed since he treated her

D. He cannot date her because she was once his psychiatric patient",D,mmlu,
ID1445,"Which of the following is the most likely diagnosis?

A. Acute stress disorder

B. Agoraphobia

C. Generalized anxiety disorder

D. Hypothyroidism",A,mmlu,"Leukocyte count is 12,000/mm3 , and serum thyroid-stimulating hormone concentration is 5.0 μU/mL."
ID0953,"Which of the following is the most appropriate next step?

A. Administer an epidural injection of methylprednisolone

B. Order MRI of the lumbosacral spine

C. Order x-rays of the lumbosacral spine

D. Recommend beginning a weight loss program",D,mmlu,
ID1209,"Specific additional history should be obtained regarding which of the following?

A. Color, caliber, and frequency of bowel movements

B. Exposure to sexually transmitted diseases

C. Family history of irritable bowel syndrome

D. Menstrual history",D,mmlu,"Her mother says, ""She is getting almost all A's in school and she is on the track team."" She is 158 cm (5 ft 2 in) tall and weighs 43 kg (95 lb); BMI is 18 kg/m2 ."
ID0039,"The problem is most likely related to which of the following?

A. Fructose intolerance

B. Transient lactase deficiency

C. Magnesium deficiency

D. Regional enteritis",B,mmlu,
ID1590,"In order to follow the correct procedure for treating a minor, which of the following is the most appropriate step prior to evaluating this patient's rectal problem?

A. Accept the girl's consent as sufficient

B. Obtain a court order permitting evaluation

C. Obtain the written consent of at least two licensed physicians

D. Obtain written consent from at least one of her parents",A,mmlu,
ID1818,"This patient is at increased risk for which of the following conditions over the next 24 hours?

A. Acute respiratory distress syndrome

B. Acute tubular necrosis

C. Cerebral edema

D. Cerebral hemorrhage",B,mmlu,
ID1287,"Which of the following physical findings is most indicative of the need for immediate further evaluation?

A. Abdominal striae

B. Expiratory wheezes

C. Midsystolic click

D. Neck stiffness",D,mmlu,"She says, ""I haven't slept in 3 days and I am having trouble focusing at work."" A midsystolic click is heard best at the left sternal border; there are no murmurs or gallops."
ID0618,"This patient is most likely using which of the following defense mechanisms?  
A. Acting out  
B. Displacement  
C. Projection  
D. Reaction formation",A,mmlu,
ID0578,"Which of the following is the most appropriate next step in management?

A. Oral acyclovir therapy

B. Oral doxycycline therapy

C. Intramuscular penicillin therapy

D. Cryotherapy",D,mmlu,
ID1544,"These findings are most consistent with which of the following types of shock?

A. Cardiogenic

B. Distributive

C. Hypovolemic

D. Obstructive",C,mmlu,
ID1583,"The beneficial effect of this drug is most likely due to activation of which of the following?

A. Adenylyl cyclase

B. Ca2+ channels

C. Janus kinase

D. Serine kinase",A,mmlu,A 27-year-old man is admitted to the hospital 45 minutes after being involved in a motor vehicle collision
ID0622,"Which of the following is the most appropriate next step in diagnosis?

A. Measurement of serum proinsulin and insulin antibodies

B. Measurement of serum cortisol and ACTH concentrations

C. Measurement of serum growth hormone and plasma somatomedin-C concentrations

D. Measurement of serum insulin and C-peptide concentrations",D,mmlu,
ID1515,"Which of the following is the most appropriate pharmacotherapy at this time?

A. Carbamazepine

B. Lamotrigine

C. Levetiracetam

D. Topiramate",A,mmlu,
ID0543,"Which of the following is the most likely explanation for the discrepancy between the patient's home fingerstick blood glucose concentrations and his hemoglobin A1c?

A. His daily glucose control is better than recorded

B. His glucometer is reading falsely high and should be replaced

C. His hemoglobin A1c is likely a result of laboratory error and should be repeated

D. His sickle cell disease is affecting his hemoglobin A1c",D,mmlu,The family recently moved to the area
ID0682,"Which of the following is the most appropriate pharmacotherapy to increase this patient's leukocyte count?

A. Darbepoetin

B. Dexamethasone

C. Filgrastim

D. Interferon alfa",C,mmlu,A 55-year-old woman with small cell carcinoma of the lung is admitted to the hospital to undergo chemotherapy
ID0963,"After listening to his requests and weighing your obligations, you should disclose this patient's diagnosis only to which of the following?  

A. His Cocaine Anonymous sponsor  
B. His probation officer  
C. His wife  
D. Insurance company",D,mmlu,
ID1984,"Which of the following is the most likely cause of this patient's breast enlargement?

A. Estradiol-secreting Leydig cell tumor

B. Peutz-Jeghers syndrome

C. Seminiferous tubule dysgenesis (Klinefelter syndrome)

D. Normal development",D,mmlu,
ID0944,"In addition to analgesia, which of the following is the most appropriate next step in management?

A. Bed rest

B. Regular activity

C. X-rays of the spine

D. MRI of the spine",B,mmlu,He has not had any change in bowel movements or urination
ID0113,"Prior to surgery, further evaluation is indicated for which of the following conditions in this patient?

A. Parkinson disease

B. Progressive supranuclear palsy

C. Sarcopenia

D. Systemic sclerosis (scleroderma)",D,mmlu,
ID1261,"Which of the following is the most appropriate next step in evaluation?

A. CT scan of the neck

B. Fine-needle aspiration of the nodule

C. Radionuclide thyroid scan

D. Thyroidectomy",B,mmlu,
ID1187,"Which of the following is the most likely diagnosis?

A. Group B streptococcal sepsis

B. Meconium aspiration syndrome

C. Respiratory distress syndrome

D. Transient tachypnea of newborn",D,mmlu,
ID0634,"If this study had been performed in a population of only 500 patients, which of the following would have been most likely to increase?  

A. Chance of a type I error  

B. Chance of a type II error  

C. Power of the study  

D. Sensitivity of the study",B,mmlu,
ID1059,"The physician may be found liable if

A. the motion barrier was articulated more than 3 times

B. the motion barrier was met with a vectored force from the direction of ease

C. the neck was treated in simultaneous hyperrotation and extension

D. the patient was previously treated for osteoarthritis of the cervical spine",C,mmlu,
ID1258,"Based on these data, which of the following is the relative risk of death from this type of cancer in individuals who take Drug X as compared with individuals who do not take Drug X?

A. Individuals who take Drug X have an equal risk of dying from this type of cancer

B. Individuals who take Drug X have four times the risk of dying from this type of cancer

C. Individuals who take Drug X have three times the risk of dying from this type of cancer

D. Individuals who take Drug X have two times the risk of dying from this type of cancer",D,mmlu,
ID1082,"Which of the following is the most appropriate pharmacotherapy?

A. Nefazodone

B. Nortriptyline

C. Phenelzine

D. Sertraline",B,mmlu,"A 27-year-old woman comes to the physician because of a 3-year history of chronic diarrhea and intermittent, crampy, lower abdominal pain."
ID1989,"Which of the following best describes this study design?  

A. Case-control  

B. Case series  

C. Crossover  

D. Cross-sectional",B,mmlu,
ID1995,"Which of the following types of drugs is the most appropriate pharmacotherapy for this patient?

A. α1-Adrenergic agonist

B. α2-Adrenergic agonist

C. α1-Adrenergic antagonist

D. β2-Adrenergic agonist",D,mmlu,
ID0510,"Which of the following is the most likely diagnosis?

A. Arterial spasm

B. Arteriovenous fistula

C. Deep venous thrombosis

D. Occlusion of the superficial femoral artery",B,mmlu,
ID0209,"The most likely cause of his condition is injury to which of the following tissues?

A. Aortic intima

B. Esophageal sphincter

C. Myocardium

D. Pericardium",D,mmlu,
ID0910,"The most appropriate management includes  

A. injection with a sclerosing agent  

B. needle aspiration  

C. needle biopsy  

D. surgical repair",D,mmlu,
ID1223,"The infectious agent of this patient's condition most likely has which of the following properties?

A. DNA genome

B. Double-stranded nucleic acid genome

C. Mature virion lacking viral polymerase

D. Mediation of cell entry via a fusion protein",D,mmlu,
ID1268,"The most likely reason for this recommendation is that carbamazepine may affect which of the following pharmacokinetic processes?

A. Absorption

B. Distribution

C. Excretion

D. Metabolism",D,mmlu,"As a result, the physician also advises her to increase her intake of vitamin D"
ID1063,"Based on this finding, the progressive tumor growth despite irradiation therapy is most likely to be related to a defect in cell cycle arrest in which of the following phases of the cell cycle?

A. G0

B. G1

C. G2

D. M",B,mmlu,
ID1182,"Which of the following is the most appropriate pharmacotherapy?

A. β-Adrenergic agonist

B. Cholinesterase inhibitor

C. Dopamine agonist

D. Prednisone",B,mmlu,
ID0059,"Which of the following is the most appropriate next step in management?

A. Recommend drinking 8 oz of cranberry juice daily

B. Oral amoxicillin therapy

C. Oral metronidazole therapy

D. Intravenous cefazolin therapy",B,mmlu,
ID1088,"Which of the following is the most appropriate next step in diagnosis?

A. Skeletal survey

B. Echocardiography

C. Bone scan

D. MRI of the shoulder",B,mmlu,
ID0864,"Which of the following is the most appropriate next step in management?

A. Abdominal ultrasonography of the right upper quadrant

B. Upper gastrointestinal series with small bowel follow-through

C. CT scan of the abdomen

D. Endoscopic retrograde cholangiopancreatography",A,mmlu,
ID1331,"After further discussion with the daughter regarding support available at home, which of the following is the most appropriate step?

A. Admit the patient to the hospital

B. Arrange for consultation with a home hospice team

C. Consult with the hospital ethics committee

D. Order a home continuous positive airway pressure machine and instruct the daughter in its use",B,mmlu,"She says, ""No, I want to die at home."" You are visiting an 86-year-old woman in her home at the request of the patient's daughter because of worsening shortness of breath at rest for the past 2 days. During the discussion, the patient said, ""I'd rather die than be intubated again."" You ask the patient if she wishes to return to the hospital. Prior to discharge, the patient and her daughter met with you to review the patient's advance directive. She had a prolonged weaning program from intubation."
ID1622,"Which of the following is the most likely causal organism?

A. Haemophilus influenzae type b

B. Moraxella catarrhalis

C. Staphylococcus aureus

D. Streptococcus pneumoniae",D,mmlu,
ID1163,"This patient's history is most consistent with which of the following?

A. Androgen-producing ovarian tumor

B. Cushing syndrome

C. Hypothyroidism

D. Polycystic ovarian syndrome",D,mmlu,A 19-year-old woman who is a regular patient comes to the office for her annual physical examination and cervical cytology
ID0766,"In addition to thyroid-stimulating hormone and free thyroxine levels, the most appropriate initial method to investigate this lesion is

A. a nuclear thyroid scan

B. an iodine131 scan

C. fine-needle aspiration

D. ultrasonography of the thyroid gland",D,mmlu,
ID0757,"In addition, this patient's clinical presentation is best explained by an infection with which of the following agents?

A. Adenovirus

B. BK virus

C. Epstein-Barr virus

D. Herpes simplex virus",B,mmlu,
ID1460,"If the mass if found to be malignant, it is most appropriate to evaluate which of the following lymph nodes for possible metastasis?

A. Internal iliac

B. Popliteal

C. Sacral

D. Superficial inguinal",D,mmlu,
ID0265,"Which of the following is the best rationale for selecting a comparison group that had chest x-rays?

A. Address confounding

B. Demonstrate causality

C. Minimize ascertainment bias

D. Reduce recall bias",C,mmlu,
ID0307,"Results of which of the following studies are most likely to be abnormal in this patient?

A. HIV antibody study

B. Serum B-type natriuretic peptide concentration

C. Toxicology screening of the urine

D. Urine protein concentration",D,mmlu,
ID1206,"Which of the following is the most appropriate pharmacotherapy at this time?

A. Acyclovir

B. Imiquimod

C. Levofloxacin

D. Metronidazole",B,mmlu,
ID0270,"Which of the following is the most likely underlying cause of the patient's symptoms?

A. Amyotrophic lateral sclerosis

B. Cortical basal ganglionic degeneration

C. Neurosyphilis

D. Vascular dementia",D,mmlu,"The daughter says, ""I visited Mom today for the first time in 6 months; her memory has worsened, her bills are unpaid, and her house is unusually messy."" She recalls 0 of 3 words at 5 minutes, and she is unable to name 2 objects, correctly draw interlocking pentagons, or count backwards by serial sevens"
ID1996,"The most likely etiologic organism is

A. Clostridium perfringens

B. Haemophilus influenzae

C. rhinovirus

D. Streptococcus pneumoniae",D,mmlu,
ID0665,"Where does the sympathetic innervation for the viscera involved in this patient's condition originate?

A. C1-C2

B. T1-T4

C. T7-L2

D. L3-L5",C,mmlu,
ID1240,"Which of the following best describes the pathogenesis of this patient's disease?

A. Inactivation of cellular p53

B. Insertion of viral promotors adjacent to cellular growth factor genes

C. Specialized transduction

D. Transactivation of cellular growth factor genes by TAX",A,mmlu,
ID1239,"Which of the following is the most likely explanation for these findings?

A. Aortic valve insufficiency

B. Aortic valve stenosis

C. Mitral valve insufficiency

D. Mitral valve stenosis",D,mmlu,
ID1908,"Which of the following is the most likely underlying cause of the patient's respiratory insufficiency?

A. Airway occlusion

B. Encephalitis

C. Medication-induced suppression of central respiratory drive

D. Meningitis",C,mmlu,"The patient was at home at the time of the seizure. Within 2 minutes, her oxygen saturation drops to 75% and she appears cyanotic"
ID0909,"Which of the following is the most appropriate pharmacotherapy?

A. Ceftriaxone

B. Clindamycin

C. Erythromycin

D. Metronidazole",A,mmlu,
ID0712,"Treatment with a β-adrenergic blocking agent is most likely to improve his symptoms due to which of the following mechanisms?

A. Decreasing myocardial contractility

B. Dilating the coronary arteries

C. Peripheral vasodilation

D. Preventing fibrin and platelet plugs",A,mmlu,
ID1272,"Which of the following is the most likely cause of the patient's worsening tremor?

A. Adverse effect of fluoxetine therapy

B. Bereavement reaction

C. Early Parkinson disease

D. Increase in alcohol consumption",A,mmlu,
ID1849,"This patient should be given antimicrobial chemotherapy to provide treatment for

A. Candida albicans and Chlamydia trachomatis

B. Chlamydia trachomatis and Neisseria gonorrhoeae

C. Chlamydia trachomatis and Treponema pallidum

D. Gardnerella vaginalis and Mobiluncus species",B,mmlu,
ID0313,"Which of the following is the most appropriate management of this patient's insomnia?

A. Advise the patient to discontinue his bedtime drink of alcohol

B. Advise the patient to read and snack in bed to relax

C. Prescribe a vigorous pre-bedtime exercise regimen

D. Prescribe sertraline",A,mmlu,
ID0237,"Which of the following is the most appropriate next step in management?

A. Exercise and weight reduction program

B. Measurement of urine catecholamine concentrations

C. Measurement of urine corticosteroid concentrations

D. Captopril therapy",A,mmlu,
ID1862,"Which of the following is the most appropriate next step in management?

A. Nuclear scan of the right knee

B. MRI of the right knee

C. Antibiotic therapy

D. Arthrocentesis",D,mmlu,
ID0653,"Which of the following is the most appropriate next step in management?

A. Increase the dosage of corticosteroids

B. Increase the dosage of cyclosporine

C. Begin amphotericin therapy

D. Begin ganciclovir therapy",D,mmlu,"Three months ago, he underwent cadaveric renal transplantation resulting in immediate kidney function. His leukocyte count is 2700/mm3 , and serum creatinine concentration is 1.6 mg/dL; serum cyclosporine concentration is in the therapeutic range"
ID0851,"Which of the following is the most appropriate next step in management?

A. CT scan of the chest

B. Intubation and mechanical ventilation

C. Peritoneal lavage

D. Left tube thoracostomy",D,mmlu,Breath sounds are normal on the right and decreased on the left.
ID1725,"Which of the following is the most likely cause of the findings in this patient?

A. Chronic mitral regurgitation secondary to rheumatic heart disease

B. Coarctation of the aorta

C. Congenital aortic stenosis

D. Mitral stenosis complicated by atrial fibrillation",D,mmlu,
ID0027,"Which of the following is the most likely diagnosis?

A. Cluster headache

B. Meningitis

C. Migraine

D. Subarachnoid hemorrhage",D,mmlu,A 47-year-old man comes to the physician 12 hours after the sudden onset of a severe occipital headache and stiff neck.
ID0429,"Which of the following best describes the single nucleotide change in the patient and her mother?

A. It is a disease-causing mutation in the patient and her mother

B. It is a polymorphism

C. It is a sequence variant of unknown significance

D. It will change the folding of the protein",B,mmlu,
ID1586,"In addition to prescribing pyrimethamine and sulfadiazine therapy, which of the following is the most appropriate next step in management?

A. Prescribe fluoxetine

B. Prescribe methylphenidate

C. Prescribe risperidone

D. Refer the patient to a child psychiatrist",D,mmlu,"Height, weight, and BMI are at the 50th percentile. He has said his head hurts three or four times during the past 2 weeks"
ID0190,"Which of the following tests is most likely to establish the underlying cause of this couple's infertility?

A. Karyotype from peripheral leukocytes

B. Serum estrogen and testosterone concentrations

C. Serum follicle-stimulating hormone and luteinizing hormone concentrations

D. Serum prolactin concentration",A,mmlu,The wife's gynecologist has reported that her anatomic and physiologic evaluation disclosed no abnormalities and that assessment of potential male factors is needed
ID0428,"What is the most appropriate initial step in this patient's management?

A. prescription for a proton pump inhibitor and a prokinetic agent

B. prescription for an H2-blocker trial for 6 weeks

C. prescription for clotrimazole troches

D. referral for an upper endoscopy with biopsy",D,mmlu,A 40-year-old male presents to the office with symptoms of odynophagia and gastroesophageal reflux
ID0122,"The presence of which of the following mechanisms is most likely to increase this patient's blood pressure further?

A. Decreased cardiac output

B. Decreased pulse

C. Decreased stroke volume

D. Increased peripheral vascular resistance",D,mmlu,
ID0652,"Which of the following areas of the brain was most likely stimulated at that time?

A. Amygdala

B. Hippocampus

C. Mammillary body

D. Prefrontal cortex",A,mmlu,The operation was successful.
ID1277,"Which of the following is the most likely mechanism for these findings?

A. Developmental arrest of maturation of B lymphocytes

B. Dysmorphogenesis of the third and fourth pharyngeal pouches

C. Impaired chemotaxis

D. Impaired phagocytic oxidative metabolism",D,mmlu,
ID1662,"The most effective antibiotic for this patient’s disorder will interfere with which of the following cellular processes or enzymes?

A. DNA helicase

B. Glucuronosyltransferase

C. Proteasomal degradation

D. Ribosomal assembly",D,mmlu,Physical examination shows generalized scattered black maculae.
ID1425,"Which of the following antibiotic therapies is most appropriate for this patient?

A. Amoxicillin

B. Ciprofloxacin

C. Clarithromycin

D. Clindamycin",D,mmlu,
ID0360,"In addition to antibiotic therapy, which of the following is the most appropriate management?

A. Incision and drainage

B. Intravenous methylprednisolone therapy

C. Oral nystatin therapy

D. Salt water gargle",A,mmlu,
ID0220,"The most likely cause of these findings is a fracture affecting which of the following locations?

A. Foramen lacerum

B. Foramen ovale

C. Foramen rotundum

D. Foramen spinosum",B,mmlu,
ID1524,"Which of the following is the most appropriate pharmacotherapy?

A. Acyclovir

B. Fluconazole

C. Nystatin

D. Valacyclovir",C,mmlu,
ID1355,"In addition to the teres minor, inflammation of which of the following tendons is most likely in this patient?  

A. Infraspinatus  

B. Pectoralis  

C. Subscapularis  

D. Supraspinatus",A,mmlu,A 45-year-old man comes to the physician because of right shoulder pain that began after he chopped wood 2 days ago
ID1302,"Which of the following is the most appropriate next step in diagnosis?

A. CT scan of the abdomen

B. CT scan of the chest

C. Bronchoscopy

D. Bone marrow aspiration",D,mmlu,
ID0695,"Which of the following is the most appropriate intervention for this patient at this time?

A. Administer the meningococcal vaccine

B. Prescribe doxycycline

C. Prescribe penicillin

D. Prescribe rifampin",D,mmlu,
ID0911,"Which of the following is the most appropriate management?

A. Chest x-ray

B. Fexofenadine therapy

C. Increased use of the albuterol inhaler

D. Initiation of a daily corticosteroid inhaler",D,mmlu,
ID1798,"In addition to beginning antibiotic therapy, which of the following is the most appropriate next step?

A. Incision and drainage

B. Psychiatric consultation

C. Topical silver sulfadiazine

D. Transfer to a burn center",A,mmlu,
ID0184,"Which of the following is the most likely diagnosis?

A. Antisocial personality disorder

B. Attention-deficit/hyperactivity disorder

C. Bipolar disorder

D. Borderline personality disorder",C,mmlu,
ID0409,"Which of the following is most likely to confirm the diagnosis?

A. Measurement of serum troponin I concentration

B. ECG

C. Exercise stress test

D. Echocardiography",D,mmlu,
ID1596,"Damage to which of the following structures is most likely responsible for these findings?

A. Epigastric artery

B. Liver

C. Middle colic artery

D. Spleen",D,mmlu,Reported operative blood loss was 200 mL
ID1479,"Which of the following best explains this patient's clinical phenotype?

A. Only one G551D allele is needed in CFTR

B. The patient is a CFTR obligate carrier

C. The patient's CFTR mutation is unrelated to her clinical phenotype

D. The second CFTR mutation was not detected by the testing obtained",D,mmlu,
ID1426,"Which of the following is the most likely explanation for this patient's symptoms?

A. Amphetamine intoxication

B. Bacterial meningitis

C. Delirium tremens

D. Neuroleptic malignant syndrome",D,mmlu,
ID0773,"Which of the following regimens for prophylaxis of deep venous thrombosis will likely be most beneficial in this patient?

A. Continuous application of bilateral lower extremity pneumatic compression devices

B. Continuous intravenous infusion of heparin titrated to a PTT of 1.5 to 2.0 times the control value

C. Oral warfarin

D. Subcutaneous enoxaparin",D,mmlu,
ID0789,"Which of the following is the most likely diagnosis?

A. Chronic lymphocytic thyroiditis (Hashimoto disease)

B. Defect in thyroxine (T4) biosynthesis

C. Graves disease

D. Multinodular goiter",A,mmlu,
ID1421,"Which of the following is the most appropriate next step?

A. Attempt to identify the father's physician and work with that physician to obtain chromosome studies on the father

B. Contact the father by telephone and arrange for him to give a blood sample at a local hospital

C. Document your attempts to work with the mother but proceed no further, since you have no physician-patient relationship with the father

D. Help the mother deal with her anger and educate her regarding the potential benefit to her son and others if the father's chromosome studies are done",D,mmlu,
ID1474,"The expected beneficial effect of this drug is most likely due to which of the following actions?

A. Decreased insulin-like growth factor-1 concentration

B. Decreased osteoclast activity

C. Decreased osteoprotegerin production

D. Increased 1,25-dihydroxycholecalciferol concentration",B,mmlu,
ID0154,"Which of the following is the most appropriate next step?

A. Administer intravenous antibiotics

B. Await contact with the caregiver before proceeding with management

C. Obtain CT scan of the head

D. Obtain echocardiography",A,mmlu,
ID0129,"Which of the following initial actions by the physician is most appropriate?  

A. Reassure the patient that her chance of becoming addicted to narcotics is minuscule  

B. Maintain the morphine, but periodically administer intravenous naloxone  

C. Switch the patient to oral acetaminophen as soon as she can take medication orally  

D. Switch the patient to intramuscular lorazepam",A,mmlu,
ID0117,"Which of the following is the most likely diagnosis?

A. Hypomagnesemia

B. Hypoparathyroidism

C. Osteomalacia

D. Vitamin D deficiency",D,mmlu,
ID0542,"In considering longterm treatment options for this patient, which of the following is the most appropriate factor to consider?

A. Her eligibility to receive Medicare

B. Her history of an abdominal operation

C. Her history of arthritis

D. Her suitability for home dialysis",D,mmlu,She underwent a tonsillectomy at age 9 years and a laparoscopic cholecystectomy at age 68 years
ID1044,"The most likely diagnosis is

A. acute lymphocytic leukemia

B. acute myelogenous leukemia

C. chronic lymphocytic leukemia

D. chronic myelogenous leukemia",C,mmlu,
ID1873,"Which of the following is the most appropriate next step in management?

A. Administration of intravenous metronidazole

B. Administration of intravenous penicillin G

C. Ultrasound-guided needle aspiration of the mass

D. Incision and drainage",D,mmlu,
ID0884,"Which of the following is the most appropriate pharmacotherapy for this patient?

A. Azathioprine

B. Infliximab

C. Lubiprostone

D. Mesalamine",C,mmlu,
ID0617,"Which of the following is the most appropriate course of action?

A. Determine the serum IgE concentration

B. Determine the total eosinophil count

C. Refer her to an allergist

D. Treat the symptoms",D,mmlu,
ID0998,"What Would You Do Next?  

A: Perform an orbital biopsy  
B: Order a computed tomographic scan of the orbits  
C: Obtain a consultation from the retina service  
D: Perform emergency canthotomy and cantholysis to decompress the orbits",B,jama,
ID0098,"His neurologic findings are most likely due to a lesion involving which of the following?

A. Muscle membrane

B. Parasympathetic nervous system

C. Peripheral nerve

D. Presynaptic neuromuscular junction",D,mmlu,
ID1064,"Which of the following is the most likely explanation for these findings?

A. Epithelial tissue proliferation

B. Lingual papillae loss

C. Middle ear effusion

D. Midface hypoplasia",A,mmlu,His vital signs are within normal limits.
ID1507,"The most likely cause of this patient's presenting complaint is

A. breast cancer

B. fibrocystic disease

C. mammary duct ectasia

D. pituitary adenoma",C,mmlu,
ID1467,"It is most appropriate to obtain additional history regarding which of the following?

A. Fever and chills

B. Mood symptoms

C. School performance

D. Sexual activity",D,mmlu,
ID0024,"Which of the following proteins or enzymes regulate the progression of cells into this phase of this patient's menstrual cycle?

A. AMP-dependent kinases

B. Cyclin-dependent kinases

C. Hexokinases

D. Lipid kinases",B,mmlu,
ID0217,"Deposition of which of the following substances is the most likely cause of these findings?

A. Ammonium urate

B. Calcium oxalate

C. Calcium pyrophosphate

D. Calcium urate",C,mmlu,
ID1972,"Which of the following is the most likely cause of these findings?

A. Adverse effect of medication

B. Alcohol withdrawal

C. Fat emboli

D. Sepsis",B,mmlu,He has mild hypertension
ID0406,"Which of the following is the most appropriate initial step in treatment?

A. Donepezil therapy

B. Ferrous sulfate therapy

C. Ginkgo biloba extract therapy

D. Paroxetine therapy",D,mmlu,Physical examination shows no abnormalities
ID1827,"After admitting the patient to the hospital, which of the following is the most appropriate management?

A. Administration of ipecac to induce vomiting and expectoration of the nail

B. Observation to allow passage of the nail via normal peristalsis

C. Open laparotomy and removal of the nail through a gastrotomy incision

D. Removal of the nail through endoscopic esophagogastroscopy",D,mmlu,His only current medication is haloperidol. Vital signs are normal
ID1774,"The most appropriate immediate treatment is a drug with which of the following mechanisms of action?

A. Increases cAMP concentration

B. Increases nitric oxide concentration

C. Inhibits potassium flux

D. Inhibits sodium flux",B,mmlu,
ID1981,"What Would You Do Next?

A: Bilateral Descemet stripping endothelial keratoplasty  
B: Corneal topography  
C: Observe  
D: Discontinue treatment with amantadine",D,jama,
ID0660,"What Is Your Diagnosis?

A: Postinfectious/autoimmune chorea  
B: Paraneoplastic chorea  
C: Diabetic striatopathy  
D: Acute stroke",C,jama,
ID1247,"What Would You Do Next?  
A: Refer to an oncologist for metastatic workup  
B: Biopsy the conjunctival and corneal lesion  
C: Perform cryotherapy over the lesion  
D: Start oral doxycycline",B,jama,.
ID0449,"What Would You Do Next?

A: Prescribe topical moxifloxacin and consult an infectious diseases specialist  
B: Perform another vitreous tap and intravitreal vancomycin injection  
C: Perform intraocular lens explantation, capsulectomy, and intravitreal vancomycin injection  
D: Inject intravitreal vancomycin and administer systemic vancomycin and prednisone",C,jama,
ID1015,"What Is Your Diagnosis?

A: Disseminated tuberculosis  
B: Paraneoplastic pyoderma gangrenosum  
C: Disseminated nocardiosis  
D: Granulomatosis with polyangiitis",D,jama,
ID0683,"What Is Your Diagnosis?

A: Malignant melanoma  
B: Verruca vulgaris  
C: Angiokeratoma circumscriptum  
D: Verrucous hemangioma",D,jama,.
ID1575,"What Would You Do Next?  
A: Prescribe phototropic variofocal glasses  
B: Start pilocarpine eyedrops  
C: Obtain blood sample to investigate for autoimmune autonomic ganglionopathy  
D: Recommend genetic testing",C,jama,
ID0494,"What Is Your Diagnosis?

A: Neurofibroma  
B: Anetoderma  
C: Dermatofibrosarcoma protuberans, atrophic variant  
D: Medallionlike dermal dendrocyte hamartoma",C,jama,. Both lesions exhibited the buttonhole sign on palpation
ID0904,"What Would You Do Next?

A: Biopsy the lesions  
B: Prescribe oral valacyclovir  
C: Prescribe topical cantharadin  
D: Recommend a gluten-free diet",A,jama,
ID0859,"What Would You Do Next?

A: Order barium esophagram  
B: Perform esophageal high-resolution manometry (HRM)  
C: Prescribe omeprazole (40 mg twice daily)  
D: Refer for surgical fundoplication",C,jama,
ID1928,"What Would You Do Next?

A: Check for anti–double-stranded DNA and anti-Smith antibodies  
B: Schedule bilateral hand radiographs  
C: Order serologic testing for parvovirus  
D: Order testing for anticyclic citrullinated peptide (CCP) antibody",C,jama,"She noted pain and swelling in her right knee, which migrated to the right ankle and then affected the metacarpophalangeal (MCP) and proximal interphalangeal (PIP) joints of her fingers. Manifestations in all of the family members resolved spontaneously within 1 week.On examination, the patient was afebrile with normal vital signs. Eight days ago, her 25-year-old daughter developed headaches, malaise, and significant arthralgias affecting her wrists and knees but no rash or fever"
ID0669,"What Would You Do Next?  
A: OCT angiography  
B: Topical ocular hypotensive therapy  
C: Strabismus surgery  
D: Genetic testing",D,jama,
ID0472,"What Is Your Diagnosis?

A: Fusarium species infection  
B: Bartonella henselae infection  
C: Leukemia cutis  
D: Sweet syndrome",D,jama,"His white blood cell count was 1.8 × 103/µL (reference range, 4.5-11 × 103/µL; to convert to ×109/L, multiply by .001), and absolute neutrophil count was 246 cells/µL (reference range, 1520-6370 cells/µL). He had abruptly developed a painful eruption on his scalp, face, and left leg 24 hours prior to presentation after being scratched in these areas by his pet cat"
ID0093,"What Would You Do Next?

A: Initiate systemic corticosteroids  
B: Treat with an intraocular corticosteroid injection  
C: Evaluate for systemic infectious disease  
D: Begin administering intravenous acyclovir",C,jama,". Both eyes had normal pupillary responses, color vision, and intraocular pressures"
ID0364,"What Would You Do Next?

A: Computed tomography of the brain  
B: Indocyanine green angiography, fluorescein angiography, or both  
C: B-scan ultrasonography  
D: Autofluorescence",B,jama,
ID1308,"What Is Your Diagnosis?

A: Metastatic progression: proceed with irradiation  
B: Radiation recall myelopathy: continue steroids, discontinue doxorubicin  
C: Radiation necrosis: continue steroids, add bevacizumab  
D: Spinal cord infarct: underlying cause workup, supportive care",B,jama,A woman in her 60s was diagnosed with high-grade leiomyosarcoma of the uterus in 2017 for which she underwent total abdominal hysterectomy and bilateral salpingo-oophorectomy
ID1438,"What Is Your Diagnosis?

A: Neuromyelitis optica (Devic disease)  
B: Amyloidosis  
C: Susac syndrome  
D: Cobalt toxicity",D,jama,"At 5 months after initial presentation, the patient developed acute worsening of dyspnea and was admitted for respiratory distress."
ID1734,"What Is Your Diagnosis?

A: Cavernous lymphangioma  
B: Nodular basal cell carcinoma  
C: Squamous cell carcinoma  
D: Nodular melanoma",D,jama,.
ID1005,"What Is Your Diagnosis?

A: Gynecomastia  
B: Lipoma  
C: Carcinoma  
D: Epidermal inclusion cyst",C,jama,
ID0069,"What Would You Do Next?

A: Conduct genetic testing  
B: Perform urgent neuroimaging  
C: Start oral corticosteroids  
D: Discuss carefully observing vs surgical repair of the ptosis",D,jama,
ID1791,"What Would You Do Next?

A: Oral antibiotic treatment  
B: Surgical debulking  
C: Oral corticosteroid treatment and biopsy  
D: Corticosteroid-sparing immunosuppressive therapy",C,jama,.
ID1485,"What Is Your Diagnosis?

A: Multiple sclerosis  
B: Central nervous system lymphoma  
C: Autoimmune encephalitis  
D: Neurosarcoidosis",C,jama,
ID0779,"What Is Your Diagnosis?

A: Sarcoidosis and/or lymphoma syndrome  
B: Immunoglobulin G4-related disease  
C: Antimelanoma differentiation associated gene 5 clinically amyopathic dermatomyositis  
D: Systemic lupus erythematosus",C,jama,
ID1110,"What Would You Do Next?

A: Obtain a biopsy for hematoxylin-eosin stain
B: Obtain a biopsy for fungal culture
C: Treat with cryotherapy
D: Treat with pulsed dye laser therapy",A,jama,.
ID1121,"What Would You Do Next?

A: Reassurance and artificial tears  
B: Computed tomography of head  
C: Magnetic resonance imaging of brain and orbits  
D: Urgently refer to neurosurgery",C,jama,
ID0522,"What Is Your Diagnosis?

A: Secondary syphilis  
B: Lichen planus  
C: Lichenoid drug reaction  
D: Janeway lesions secondary to endocarditis",C,jama,
ID1505,"What Would You Do Next?

A: Start treatment with topical corticosteroids  
B: Start treatment with topical antibiotics  
C: Plan a descemetorhexis and posterior cornea biopsy  
D: Reassure the patient and observe",D,jama,". B, Confocal microscopic image captured at a slightly oblique angle illustrates normal endothelial cells (yellow arrowhead)."
ID0869,"What Is Your Diagnosis?

A: Fournier gangrene (necrotizing fasciitis of the perineum)  
B: Scrotal ulceration secondary to induction chemotherapy with ATRA  
C: Deep fungal infection  
D: Mycobacterial infection",B,jama,"A previously healthy man in his 30s presented with spontaneous bruising, epistaxis, and haematuria. As scrotal ulceration progressed, they enlarged and became necrotic with a black eschar."
ID0561,"What Is Your Diagnosis?

A: Cerebral autosomal dominant arteriopathy with subcortical infarcts and leukoencephalopathy  
B: Adrenoleukodystrophy  
C: Mitochondrial encephalomyopathy, lactic acidosis, and stroke-like episodes  
D: Hereditary diffuse leukoencephalopathy with axonal spheroids",D,jama,There was no abnormal enhancement
ID0469,"What Would You Do Next?

A: Check antineutrophil cytoplasmic antibody (ANCA) titers  
B: Check chikungunya serology  
C: Obtain a transthoracic echocardiogram  
D: Order a urine nucleic acid amplification test for Chlamydia trachomatis",A,jama,
ID0746,"What Would You Do Next?

A: Perform transvitreous biopsy  
B: Begin oral corticosteroid therapy  
C: Check parathyroid hormone, vitamin D, and calcium levels  
D: Treat with plaque brachytherapy",C,jama,Confrontation visual fields revealed a deficit in the inferotemporal quadrant of the left eye
ID0368,"What Would You Do Next?

A: Perform conjunctival cultures on blood, chocolate, Löwenstein-Jensen, Sabouraud, and thioglycolate media before restarting antibiotic therapy  
B: Repeated computed tomography of orbits with contrast  
C: Provide reassurance that the diagnosis is typically self-limited  
D: Perform serologic testing for Bartonella henselae and Francisella tularensis",D,jama,
ID1321,"What Would You Do Next?

A: Perform nasolacrimal duct irrigation  
B: Explore, irrigate, and close the wound  
C: Order computed tomography of the head/facial bones  
D: Order magnetic resonance imaging of the head",C,jama,
ID1573,"What Would You Do Next?

A: Start oral nonsteroidal anti-inflammatory drug  
B: Start oral corticosteroids  
C: Laboratory work-up for infectious and autoimmune disease  
D: Start topical corticosteroids",C,jama,. The rest of the anterior segment examination was within normal limits without any evidence of intraocular inflammation. A 68-year-old man presented to the clinic with bilateral eye redness and pain for the past 6 months. Intraocular pressure was 12 mm Hg OD and 14 mm Hg OS
ID1893,"What Would You Do Next?

A: Pars plana vitrectomy with hyperemia of intravitreal antibiotics  
B: Treatment with topical and oral antibiotics  
C: Review and adjust systemic medications and treat with topical corticosteroids  
D: Treat with systemic and topical corticosteroids",C,jama,"Postoperatively, the patient initiated treatment with topical antibiotics and corticosteroids."
ID0982,"What Would You Do Next?

A: Order computed tomography angiography of the head to rule out aneurysmal compression of the left third cranial nerve  
B: Order magnetic resonance imaging of the brain to rule out a brainstem stroke  
C: Perform detailed review of systemic and topical medications  
D: Perform pharmacologic testing with apraclonidine to confirm Horner syndrome",C,jama,
ID1215,"What Is Your Diagnosis?

A: Pancreatitis panniculitis  
B: Malignant atrophic papulosis  
C: Systemic lupus erythematosus  
D: Lymphomatoid papulosis",B,jama,
ID0867,"What Would You Do Next?

A: Referral for transcranial magnetic stimulation  
B: Referral for outpatient exposure and response prevention therapy  
C: Referral for deep brain stimulation  
D: Pharmacotherapy with memantine augmentation of SSRI",B,jama,
ID1366,"What Is Your Diagnosis?

A: Colorectal cancer  
B: Testicular cancer  
C: Bladder cancer  
D: Lymphoma",B,jama,. A large left supraclavicular lymph node and left inguinal lymph node were also detected. A man in his 30s presented with abdominal pain associated with unintentional weight loss for 6 months
ID1464,"What Is Your Diagnosis?

A: Atypical hand-foot-mouth disease  
B: Disseminated zoster  
C: Erythema multiforme  
D: Leukocytoclastic vasculitis",A,jama,.
ID0710,"What Is Your Diagnosis?

A: Metastatic neuroendocrine carcinoma  
B: Metastatic gastrointestinal stromal tumor  
C: Metastatic testicular carcinoma  
D: Advanced desmoplastic small round cell tumor",D,jama,
ID0747,"What Would You Do Next?

A: Treat with oral corticosteroids  
B: Treat with methotrexate sodium  
C: Perform external beam radiotherapy to the orbit  
D: Perform a second lacrimal gland biopsy",D,jama,
ID0302,"What Is Your Diagnosis?

A: Ulcerative colitis flare  
B: Conversion to Crohn disease  
C: Adenocarcinoma  
D: Lymphoma",C,jama,
ID0186,"What Would You Do Next?

A: Prescribe laboratory testing to investigate causes of intraocular inflammation  
B: Genetic testing to rule out pattern dystrophy  
C: Genetic testing to rule out a mitochondrial disease  
D: Genetic testing to rule out Stargardt disease",C,jama,
ID0703,"What Would You Do Next?

A: Obtain blood cultures  
B: Initiate antiviral therapy with valacyclovir  
C: Prescribe an oral antihistamine agent  
D: Prescribe a topical corticosteroid cream",B,jama,
ID1290,"What Would You Do Next?

A: Observe or perform laser photocoagulation to areas of peripheral retinal nonperfusion  
B: Administer intravitreal anti–vascular endothelial growth factor therapy again  
C: Administer combined intravitreal anti–vascular endothelial growth factor therapy and laser photocoagulation to areas of nonperfusion  
D: Perform pars plana vitrectomy",A,jama,
ID1014,"What Is Your Diagnosis?

A: Thymoma  
B: Thymolipoma  
C: Mediastinal lipomatosis  
D: Myelolipoma",B,jama,.
ID1403,"What Would You Do Next?

A: Intravitreal triamcinolone  
B: Quantiferon and rapid plasma reagin tests and chest radiography  
C: Human leukocyte antigen genotyping  
D: A pars plana vitrectomy with a chorioretinal biopsy",B,jama,
ID1273,"What Would You Do Next?

A: Order a bone marrow biopsy  
B: Administer prothrombin complex concentrate  
C: Initiate vitamin C supplementation  
D: Order additional coagulation tests (thrombin time, platelet function assay)",C,jama,
ID1807,"What Is Your Diagnosis?

A: Reactive granulomatous disorder  
B: Posttransplantation lymphoproliferative disorder  
C: Deep fungal infection  
D: Cutaneous T-cell lymphoma",B,jama,". A 4-mm punch biopsy specimen was obtained for histopathological evaluation (Figure 1B and C) and bacterial and fungal cultures.A, Confluent, indurated, violaceous papules and plaques coalescing into an annular pattern encircling the well-healed orthotopic liver transplant incisional scar"
ID0324,"What Is Your Diagnosis?

A: Leprosy  
B: Mastocytosis  
C: Carcinoid syndrome  
D: Leishmaniasis",C,jama,.
ID0692,"What Would You Do Next?

A: Perform an intravitreous injection of an antivascular endothelial growth factor  
B: Refer the patient to a hematology service for possible anticoagulation  
C: Observe the patient  
D: Perform panretinal photocoagulation in both eyes",B,jama,
ID0268,"What Would You Do Next?  
A: Reassure her and do nothing  
B: Give an intravitreal anti-VEGF injection  
C: Perform a vitrectomy with cytology and immunohistochemistry  
D: Recommend a temporal craniotomy with a brain biopsy",C,jama,"A slitlamp examination revealed normal conjunctivae, nuclear sclerosis cataracts in both eyes, and deep and quiet anterior chambers. B, OCT image showing that the left eye had trace cystoid spaces in the inner nuclear layer. On examination, her visual acuity with habitual correction had decreased to 20/60 OD and 20/40 OS from 20/30 OU 2 years prior"
ID1002,"What Is Your Diagnosis?

A: Pantothenate kinase–associated neurodegeneration  
B: Hypobetalipoproteinemia  
C: Chorea-acanthocytosis  
D: Huntington disease–like 2",C,jama,". Laboratory examination results, including blood electrolytes and lactate, liver, kidney, and thyroid function, antinuclear antibodies, ceruloplasmin levels, and vitamin A and E levels were normal. The patient’s gait was mildly wide based (Video 2)"
ID0635,"What Would You Do Next?

A: Treat with an oral antifungal  
B: Reassure the patient that no treatment is necessary  
C: Treat with a topical antifungal  
D: Perform a diagnostic test to clarify the diagnosis",D,jama,
ID1132,"What Would You Do Next?

A: Orbital biopsy  
B: Start systemic corticosteroids  
C: Start systemic antibiotics  
D: Order catheter cerebral angiography",D,jama,". Confrontation visual fields were full. Results from a review of systems were otherwise negative, and she had not experienced recent trauma"
ID1747,"What Would You Do Next?

A: Begin intravenous vancomycin and cefepime  
B: Perform examination under anesthesia  
C: Start systemic corticosteroids  
D: Observe",C,jama,
ID0337,"What Would You Do Next?

A: Choroidal biopsy of the right eye lesion  
B: Pars plana vitrectomy with drainage of subretinal fluid  
C: Refer for serial plasmapheresis  
D: Bilateral external-beam radiotherapy",C,jama,"The optic disc and peripheral vasculature leaked on fluorescein angiography. Subsequent ophthalmic examination revealed mild anterior and posterior inflammation, raising suspicion for panuveitis."
ID1792,"What Is Your Diagnosis?

A: Metastatic melanoma  
B: Primary intracranial melanoma  
C: Neurocutaneous melanosis  
D: Lymphoma",C,jama,
ID0837,"What Would You Do Next?

A: Perform echocardiogram and Holter monitoring  
B: Biopsy orbital mass  
C: Observe  
D: Perform hypercoagulability workup",C,jama,.
ID1581,"What Would You Do Next?

A: Observe the patient  
B: Obtain a magnetic resonance imaging study to further delineate the soft tissue injury  
C: Repair canalicular lacerations and leave the foreign body in place  
D: Repair canalicular lacerations and perform an orbitotomy for FB removal",D,jama,
ID1167,"What Would You Do Next?

A: Check serum trace element levels, including iron, copper, and zinc  
B: Obtain periodic outpatient complete blood cell counts and treat with supportive transfusions as clinically indicated  
C: Perform endoscopy of upper and lower gastrointestinal tract  
D: Start erythropoiesis stimulating agent",A,jama,
ID1917,"What Would You Do Next?

A: Initiate dimethyl fumarate for relapsing multiple sclerosis  
B: Administer systemic steroids and discuss the potential need for long-term immunosuppression for Susac syndrome  
C: Give intravenous acyclovir and intravitreal foscarnet for viral retinitis  
D: Observe for acute posterior multifocal placoid pigment epitheliopathy",B,jama,
ID1679,"What Would You Do Next?

A: Order a positron emission tomographic scan  
B: Start treatment with intravenous antibiotics  
C: Start treatment with intravenous corticosteroids  
D: Perform biopsy of lesion",D,jama,.
ID1201,"What Would You Do Next?

A: Order computed tomography of the brain with angiography  
B: Prescribe analgesia to treat atypical trigeminal neuralgia and refer the patient to a neurologist  
C: Order contrast-enhanced magnetic resonance imaging of the brain  
D: Continue treatment for blepharitis",C,jama,"His medical history included ischemic heart disease and hypercholesterolemia, and he was an ex-smoker of 20 pack-years.Examination revealed unaided visual acuity of 20/20 OD and 20/20 OS. His physician prescribed a course of amoxicillin and clavulanate potassium, but the symptoms remained.The patient had no other ocular history or history of facial surgery"
ID1349,"What Would You Do Next?

A: Repeat IV methyprednisolone with slower taper  
B: Initiate steroid-sparing immunomodulator  
C: Initiate broad-spectrum IV antibacterials  
D: Repeat biopsy of orbital apex and sinuses",D,jama,"Magnetic resonance imaging (MRI) showed enhancement along the right intracanalicular optic nerve and adjacent sinuses (Figure). Glycosylated hemoglobin level was elevated at 10.3% (to convert to proportion of total hemoglobin, multiply by 0.01)."
ID1087,"What Would You Do Next?

A: Administer intralesional corticosteroids  
B: Perform a complete excisional biopsy of the lesion  
C: Administer topical antibiotics  
D: Obtain magnetic resonance imaging of the brain and orbits",B,jama,
ID1430,"What Is Your Diagnosis?

A: Granulomatous mycosis fungoides  
B: Pretibial myxedema  
C: Cutaneous sarcoidosis  
D: Necrobiosis lipoidica",C,jama,". Some areas show venous prominence. The periphery of the plaques showed increased vascularity in the form of telangiectasias and venous prominences, along with atrophy of the overlying skin (Figure, A). The periphery of the plaques shows telangiectasia."
ID1842,"What Would You Do Next?

A: Ptosis repair by Müllerectomy or levator advancement  
B: Genetic testing for GCG triplet repeats  
C: Treatment with prednisone  
D: Observation",B,jama,"The ptosis did not worsen or fluctuate throughout the day. Goldmann perimetry showed a 30° improvement in the right eye and a 50° improvement in the left eye, with taping of the upper eyelids. The results of anterior and posterior segment examinations were normal."
ID1001,"What Is Your Diagnosis?

A: Inflammatory breast cancer  
B: Tuberculous mastitis  
C: Idiopathic granulomatous mastitis  
D: Mastitis caused by immunosuppression",C,jama,
ID1048,"What Would You Do Next?

A: Incisional biopsy of the lesion  
B: Core needle biopsy of the lesion  
C: Simple excision of the lesion  
D: Repeat imaging in 6 months",B,jama,
ID1902,"What Would You Do Next?

A: Panretinal photocoagulation  
B: Check antinuclear antibodies, anticardiolipin antibodies, anti–double-stranded DNA antibodies, antineutrophil cytoplasmic antibodies, and angiotensin-converting enzyme  
C: Administer methylprednisolone, 1 g intravenously daily  
D: Plasmapheresis",C,jama,
ID1162,"What Would You Do Next?

A: Continue IV fluids and administer furosemide  
B: Initiate bortezomib-dexamethasone–based therapy  
C: Obtain renal biopsy  
D: Order skeletal survey",B,jama,"His usual fluid intake had not changed.Physical examination was notable for moist mucous membranes, clear lungs, no lower extremity or periorbital edema, and no jugular venous distension. Creatine kinase level was within normal limits. Immunohistochemical staining demonstrated positivity for the plasma cell marker CD138 (Figure, right panel).Left, Bone marrow biopsy sample (hematoxylin-eosin, original magnification ×400)."
ID0718,"What Is Your Diagnosis?

A: Onychomycosis  
B: Subungual squamous cell carcinoma  
C: Subungual verruca vulgaris  
D: Subungual exostosis",B,jama,". Lesional biopsy was also performed (Figure, B and C).A, Clinical photograph shows a subungual nodule with exudation and crusts as well as destruction of the distal nail plate with onycholysis"
ID0453,"What Is Your Diagnosis?

A: Cutis marmorata telangiectatica congenita (van Lohuizen syndrome)  
B: Systemic lupus erythematosus  
C: Ataxia-telangiectasia (Louis-Bar syndrome)  
D: Sneddon syndrome",D,jama,.
ID1837,"What Would You Do Next?

A: Suggest supportive strategies (eg, cold compresses, ocular lubricants) and consider increasing the topical corticosteroid treatment or prescribing a topical nonsteroidal anti-inflammatory drug (NSAID)  
B: Prescribe an oral NSAID and/or systemic immunosuppression (oral corticosteroid) and perform chest radiography, urinalysis, blood tests, and other studies  
C: Refer the patient for urgent neuroimaging  
D: Perform a general examination (for a port-wine stain) and dilated ophthalmoscopy",C,jama,
ID0016,"What Would You Do Next?

A: Initiate uveitis workup and start topical corticosteroid therapy  
B: Obtain aqueous sample through needle aspirate for viral polymerase chain reaction, and start intravitreal and systemic antiviral therapy  
C: Perform a lumbar puncture  
D: Perform pars plana vitrectomy",B,jama,
ID0675,"What Would You Do Next?

A: Avoid further ibuprofen use and prescribe a topical steroid  
B: Initiate infliximab therapy  
C: Initiate oral cephalexin therapy  
D: Obtain a human immunodeficiency virus immunoassay",A,jama,A previously healthy man in his 40s presented with 4 days of fever and a rash.
ID0296,"What Would You Do Next?

A: Conduct complete blood cell count  
B: Conduct genetic testing  
C: Refer for magnetic resonance imaging  
D: Perform retinal biopsy",C,jama,
ID1332,"What Would You Do Next?

A: Restart cidofovir therapy to treat CMV retinitis  
B: Discontinue cidofovir therapy, and start therapy with topical corticosteroids and cycloplegia  
C: Administer bilateral subtenon corticosteroid injections  
D: Begin treatment with oral prednisone",B,jama,
ID1347,"What Would You Do Next?

A: Observe  
B: Systemic or bilateral intraocular corticosteroid therapy  
C: Epiretinal membrane peeling in the left eye  
D: Bilateral antivascular endothelial growth factor therapy",A,jama,.
ID1612,"What Would You Do Next?

A: Perform an incisional biopsy  
B: Prescribe oral prednisone  
C: Initiate rifampin, isoniazid, pyrazinamide, and ethambutol (RIPE) therapy  
D: Inject sub-Tenon triamcinolone",C,jama,"Results of serologic tests, including Treponema pallidum particle agglutination assay, HIV, hepatitis B and C, Lyme antibody, rheumatoid factor, and anticyclic citrullinated peptide, were negative. Chest computed tomography revealed tiny, scattered solid pulmonary nodules that were too small to characterize according to the radiology department"
ID1229,"What Would You Do Next?

A: Empirical corticosteroid treatment  
B: Orbitotomy with biopsy  
C: External beam radiotherapy  
D: Intravenous antibiotic therapy",B,jama,". Magnetic resonance imaging showed no internal flow voids to suggest vascular malformation. B, Computed tomographic scan, not contrast enhanced, shows hyperattenuating orbital soft tissue in the left orbit (arrowhead)"
ID0508,"What Would You Do Next?

A: Prescribe anthelminthic therapy alone  
B: Prescribe antibiotics followed by anthelminthic therapy  
C: Order polymerase chain reaction (PCR) assay for Ascaris  
D: Order serum serologic testing for Ascaris",B,jama,"The pain was sharp, intermittent without radiation, and not exacerbated by eating. She denied alcohol use or contact with animals such as pigs.On examination, her temperature was 38.5°C (101.3°F); pulse rate, 104/min; blood pressure, 205/92 mm Hg; and respiratory rate, 33/min with normal saturation"
ID0062,"What Would You Do Next?  
A: Perform a lumbar puncture and measure opening pressure and cerebrospinal fluid composition  
B: Order magnetic resonance imaging and magnetic resonance angiography of the brain and cervical spine  
C: Perform an apraclonidine test to confirm diagnosis of Horner syndrome  
D: Order tests for erythrocyte sedimentation rate, C-reactive protein level, and syphilis serologies",B,jama,
ID1197,"What Would You Do Next?

A: Diagnose recurrent Clostridium difficile infection (CDI) and prescribe metronidazole.  
B: Diagnose severe CDI and prescribe vancomycin.  
C: Diagnose postinfectious altered bowel habits with C difficile colonization and recommend a high-fiber diet.  
D: Diagnose refractory CDI and consider fecal microbiota transplantation.",C,jama,.
ID0656,"What Would You Do Next?

A: Order magnetic resonance imaging  
B: Perform trabeculectomy to optimize intraocular pressure control  
C: Monitor closely with serial examinations and repeated visual field testing  
D: Reassure the patient that her findings are consistent with longstanding changes caused by a congenital defect",A,jama,"Automated 24-2 Humphrey visual field testing revealed diffuse depression in the right eye (mean deviation, −26.97 decibels [dB]) and a dense inferior nasal defect in the left eye (mean deviation, −8.05 dB) (Figure).Optic disc photographs of the right (A) and left (B) eyes show small, tilted optic nerves with peripapillary atrophy but no hemorrhage, edema, hyperemia, or pallor"
ID0500,"What Would You Do Next?  
A: Additional genetic testing  
B: Alternative CFTR functional testing  
C: Repeat sweat chloride analysis  
D: No further testing; the patient does not have CF",B,jama,"Family history included constipation in a sister and a great aunt with CF. Results of anorectal manometry, spinal magnetic resonance imaging, and thyroid studies were normal"
ID1090,"What Would You Do Next?

A: Initiate an oral prednisone course  
B: Order a positron emission tomography scan  
C: Discontinue breast cancer treatment  
D: Elect observation",D,jama,
ID0405,"What Would You Do Next?

A: Perform a lumbar puncture  
B: Order urgent magnetic resonance imaging of the brain  
C: Repeat sputum culture and sensitivity testing  
D: Start broad-spectrum intravenous antibiotics",B,jama,"Results of systemic examination were normal, except for coarse crepitations of the right lung. However, results of tuberculin skin test, sputum for acid-fast bacilli, and sputum culture were negative. Ophthalmoscopy revealed bilateral swollen, hyperemic optic discs with multifocal yellowish choroidal lesions located at the midperiphery and posterior pole of the retina"
ID1491,"What Would You Do Next?  
A: Observation  
B: Computed tomography scan of the orbits without contrast  
C: Magnetic resonance imaging of the orbits without contrast  
D: Phacoemulsification with intraocular lens placement in the left eye",B,jama,
ID0060,"What Would You Do Next?

A: Perform local incision and debridement  
B: Admit to the hospital for intravenous antiviral therapy  
C: Instruct the patient to take only the valacyclovir  
D: Instruct the patient to take only the clindamycin",C,jama,
ID1855,"What Would You Do Next?

A: Treat with intravitreal dexamethasone implant  
B: Treat with grid photocoagulation  
C: Do plasma electrophoresis and bone marrow analysis  
D: Treat with oral corticosteroids",C,jama,.
ID1076,"What Is Your Diagnosis?

A: Superficial spreading melanoma  
B: Eruptive disseminated Spitz nevi  
C: Dermatosis papulosa nigra  
D: Metastatic melanoma",B,jama,.
ID0780,"What Would You Do Next?

A: Start an empirical trial of oral azithromycin  
B: Start a longer trial of topical steroid with topical antihistamine  
C: Proceed with conjunctival biopsy  
D: Order chest radiography and an angiotensin-converting enzyme serum level test",C,jama,
ID1388,"What Would You Do Next?

A: Perform a skin biopsy at the mastectomy incision site  
B: Prescribe acyclovir (400 mg orally 3 times daily for 7 days)  
C: Start topical steroids and perform a skin patch test  
D: Treat with doxycycline (100 mg orally twice daily for 7 days)",C,jama,"A skin swab was sent for bacterial culture, and she was prescribed cefadroxil (500 mg twice daily for 1 week)"
ID1354,"What Is Your Diagnosis?  
A: Teratoma  
B: Bronchopulmonary sequestration  
C: Congenital pulmonary airway malformation  
D: Carcinoma",B,jama,
ID0976,"What Would You Do Next?

A: Perform a biopsy of skin lesion  
B: Check rapid plasma reagin, thyroid-stimulating hormone level, and lead level  
C: Empirically treat with a topical steroid  
D: Empirically treat patient and close contacts with dapsone",A,jama,He had no other symptoms and reported taking no medications.
ID0232,"What Would You Do Next?

A: Add amikacin to cover multidrug-resistant Acinetobacter  
B: Add trimethoprim and sulfamethoxazole and corticosteroids for Pneumocystis jiroveci pneumonia  
C: Switch vancomycin to linezolid for refractory methicillin-resistant Staphylococcus aureus pneumonia  
D: Add liposomal amphotericin B to cover mucormycosis",B,jama,
ID1875,"What Would You Do Next?  
A: Perform a biopsy  
B: Order repeat liver function tests  
C: Empirically treat with a topical steroid  
D: Advise the patient to discontinue the nutritional supplement",D,jama,
ID0041,"What Would You Do Next?

A: Perform rapid plasma reagin and confirmatory fluorescent treponemal antibody absorption testing  
B: Start oral corticosteroids  
C: Perform intravitreous tap and antiviral injection  
D: Observe",A,jama,
ID0400,"What Is Your Diagnosis?

A: Reye syndrome  
B: Urea cycle disorder  
C: Fatty acid oxidation disorder  
D: Organic acidemia",B,jama,. Continuous venovenous filtration hemodialysis and carnitine treatment were started because of concern for inborn errors of metabolism
ID0962,"What Would You Do Next?

A: Administer all-trans retinoic acid (ATRA) after consulting a hematologist  
B: Administer cytarabine and daunorubicin chemotherapy after consulting a hematologist  
C: Perform a bone marrow biopsy  
D: Place a central venous catheter in preparation for replacing blood products",A,jama,
ID1068,"What Is Your Diagnosis?

A: Kaposi sarcoma  
B: Diffuse large B-cell lymphoma  
C: Burkitt lymphoma  
D: Leukemia cutis",C,jama,.
ID0332,"What Would You Do Next?

A: Schedule an electroretinogram  
B: Perform corneal cultures  
C: Start topical steroids and cyclosporine A eyedrops  
D: Observe",C,jama,
ID1663,"What Would You Do Next?

A: Prescribe prednisone  
B: Evaluate for systemic vasculitis  
C: Prescribe a topical glucocorticoid  
D: Provide reassurance and observe patient",B,jama,
ID1956,"What Would You Do Next?

A: Observe and perform another MRI in 6 months  
B: Empirically treat with an antiparasitic agent  
C: Perform a biopsy of the mass  
D: Perform whole-body positron emission tomography",C,jama,
ID0894,"What Would You Do Next?

A: Liver function tests  
B: Assess serum vitamin B12 and folate levels  
C: Treatment with disulfiram  
D: Magnetic resonance imaging of the brain",B,jama,
ID1450,"What Is Your Diagnosis?

A: Gastrointestinal stromal tumor  
B: Esophageal carcinoma  
C: Inclusion cyst  
D: Bronchogenic cyst",C,jama,". Ultrasonography of the liver, gallbladder, and pancreas revealed no abnormalities.Diagnostic imaging for the patient"
ID0636,"What Would You Do Next?  
A: Order indocyanine green angiography  
B: Refer to neurology department  
C: Search for nematodes under a high-magnification fundus contact lens examination  
D: Begin treatment with high-dose corticosteroids",C,jama,
ID0352,"What Would You Do Next?

A: Perform percutaneous biopsy of the mass  
B: Excise the mass  
C: Order breast magnetic resonance imaging (MRI)  
D: Send hormonal evaluation for gynecomastia",A,jama,
ID1831,"What Would You Do Next

A: Check serum bullous pemphigoid antibody titers  
B: Discontinue lisinopril  
C: Measure levels of urine and serum porphyrins  
D: Swab lesions and send for polymerase chain reaction testing for coxsackievirus (ie, hand-foot-mouth disease)",C,jama,A 67-year-old man presented with painless blisters on the hands for 2 weeks.
ID1865,"What Would You Do Next?

A: Start pilocarpine eyedrops  
B: Test the aqueous fluid for Human herpesvirus 1  
C: Obtain specular microscopy  
D: Recommend genetic testing",C,jama,
ID1525,"What Would You Do Next?  
A: Obtain a family medical history and genetic testing  
B: Recommend pars plana vitrectomy with epiretinal membrane peel  
C: Observe the lesions  
D: Give an intravitreal ocriplasmin injection",A,jama,Her pupils were round and reactive.
ID1530,"What Would You Do Next?

A: Control the systemic blood pressure and workup underlying possible cause of the hypertension  
B: Perform blood tests for neuroretinitis  
C: Perform magnetic resonance imaging and magnetic resonance venogram of the brain and orbits, then perform lumbar puncture  
D: All of the above",D,jama,"A, Fundus photograph of the right eye shows Frisen grade 5 optic disc edema, flame hemorrhages, and peripapillary exudation into the macula"
ID1387,"What Would You Do Next?  
A: Start intravenous acyclovir  
B: Start intravenous thrombolysis  
C: Start parenteral thiamine  
D: Start systemic corticosteroids",C,jama,. He could not recall 3 items after a 5-minute delay. The remainder of the cranial nerve examination was normal.
ID1401,"What Would You Do Next?

A: Perform dilated ophthalmic examination  
B: Order molecular genetic testing  
C: Inquire about history of frequent infections and abnormal bleeding  
D: Counsel to avoid sun exposure",C,jama,
ID0236,"What Would You Do Next?

A: Perform a biopsy of the mass  
B: Order a repeat CT scan in 3-6 months  
C: Request a surgical consult for adrenalectomy  
D: Perform adrenal magnetic resonance imaging",C,jama,
ID1762,"What Would You Do Next?

A: Begin treatment with calcium channel blockers for migraine prevention  
B: Perform cerebral angiography  
C: Begin treatment with tissue plasminogen activator  
D: Observation",B,jama,
ID0552,"What Would You Do Next?

A: Initiate an oral corticosteroid plus intravitreal anti–vascular endothelial growth factor therapy  
B: Administer topical interferon 4 times a day for 3 months  
C: Complete serum immunoglobulin level tests, DNA molecular analysis, and bone marrow biopsy  
D: Begin systemic intravenous rituximab",C,jama,
ID0490,"What Is Your Diagnosis?

A: Cardioembolic stroke from atrial fibrillation  
B: Atrioesophageal fistula  
C: Patent foramen ovale and paradoxical embolus  
D: Bacterial endocarditis",B,jama,.
ID1802,"What Is Your Diagnosis?

A: Cytomegalovirus infection  
B: Lymphomatous polyposis  
C: Idelalisib-induced colitis  
D: Ischemic colitis",C,jama,.
ID0149,"What Would You Do Next?

A: Treat with cryotherapy  
B: Perform immunohistochemical analysis on the biopsy specimen  
C: Perform tissue culture for bacterial and fungal organisms  
D: Provide reassurance",B,jama,
ID1266,"What Would You Do Next?

A: Administer high-dose corticosteroids  
B: Repeat the magnetic resonance imaging of the brain  
C: Repeat the whole-body positron emission tomography scan  
D: Repeat the testing for angiotensin-converting enzyme in serum and cerebrospinal fluid",C,jama,A dilated fundus examination demonstrated a pale right optic nerve
ID1966,"What Would You Do Next?

A: Surgery  
B: Observation  
C: Laboratory workup for uveitis  
D: Topical and systemic corticosteroid treatment",A,jama,. There were multiple hypofluorescent dots throughout the retina and an appearance of segmentation of the vessels with slightly decreased venous filling and late staining
ID1638,"What Is Your Diagnosis?

A: Paraneoplastic cerebellar ataxia  
B: Adult-onset cerebellar ataxia, areflexia, pes cavus, optic atrophy, and sensorineural hearing loss syndrome  
C: Wernicke encephalopathy  
D: Creutzfeldt-Jakob disease",D,jama,"Results from electroencephalogram (EEG) were normal. A computed tomography scan of the chest, abdomen, and pelvis showed no malignancy. His Montreal Cognitive Assessment score was 28 of 30 points (2 points deducted from “delayed recall”). Pure tone audiometry showed no conductive or sensorineural hearing loss."
ID0421,"What Is Your Diagnosis?

A: Myasthenia gravis  
B: Wernicke encephalopathy  
C: Miller Fisher variant of Guillain-Barre syndrome  
D: Anti-Ma2 encephalitis",D,jama,"She had moderate exotropia, severe bilateral ptosis, impaired bilateral adduction and vertical ductions, and impaired convergence. A cerebrospinal fluid (CSF) analysis revealed a nucleated cell count of 6/μL (to convert to ×109 liters, multiply by 0.001) with 88% lymphocytes (to convert to the proportion of 1.0, multiply by 0.01), a red blood cell count of 10/μL, a protein level of 0.087 g/dL (to convert to grams per liter, multiply by 10), and glucose level of 63 mg/dL (to convert to millimoles per liter, multiply by 0.0555)"
ID0534,"What Would You Do Next?

A: Quantiferon gold  
B: Antineutrophil cytoplasmic antibody testing  
C: Rapid plasma reagin  
D: Angiotensin-converting enzyme level",B,jama,". Finally, magnetic resonance imaging demonstrated diffuse pachymeningeal (dural-arachnoid) enhancement (Figure) without leptomeningeal (pial) enhancement, left-sided mastoiditis, and subtle optic nerve enhancement.Coronal T1 with gadolinium showing dural enhancement (blue arrowhead) and optic nerve enhancement (white arrowheads)"
ID0834,"What Would You Do Next?

A: Acid-fast staining  
B: Immunoelectron microscopy  
C: Immunohistochemical testing  
D: PAS (periodic acid–Schiff) staining",C,jama,"Hematoxylin-eosin stains reveal Emperipolesis Skin examination reveals disseminated sharply demarcated, dome-shaped, face, scalp, ears, neck, trunk, shoulder (Figure 1A), There is rare nuclear atypia. Birbeck granules are not upper extremities (Figure 1B), lower extremities"
ID1940,"What Would You Do Next?

A: Perform emergency laparoscopy  
B: Proceed with expectant treatment over the next few months  
C: Treat with oral acyclovir  
D: Request a lower gastrointestinal series",B,jama,
ID0528,"What Would You Do Next?

A: Initiate anti–vascular endothelial growth factor treatment  
B: Order brain magnetic resonance imaging to look for associated central nervous system tumors  
C: Perform hypercoagulable workup  
D: Order echocardiogram and carotid ultrasonography",B,jama,
ID1244,"What Would You Do Next?

A: Pars plana vitrectomy with vitreous biopsy  
B: Prescribe aspirin for secondary stroke prevention  
C: Order cerebrospinal fluid prion disease panel  
D: Refer to psychiatry for functional vision loss",C,jama,.
ID1149,"What Would You Do Next?

A: Administer a miotic agent (ie, pilocarpine)  
B: Proceed directly to choroidal drainage sclerotomy  
C: Perform laser peripheral iridotomy  
D: Obtain a detailed list of the patient’s medications",D,jama,"A 30-year-old woman with a history of migraine headaches presented to our emergency department with the sudden onset of blurred vision and a frontal headache. She reported a normal eye examination by an optometrist 6 months prior and no history of corrective lens wear. When given a −6.50 D sphere trial lens, her visual acuity improved to 20/20 OD and 20/25 OS."
ID1217,"What Would You Do Next?

A: Order a computed tomography scan of the lower extremities  
B: Order a urine toxicology screen to check for cocaine use  
C: Order an ultrasound of the lower extremities  
D: Perform a biopsy of a skin lesion for pathologic evaluation",D,jama,
ID0826,"What Would You Do Next?

A: Perform angioplasty and stenting of the right renal and external iliac arteries.  
B: Manage medically with antihypertensive agents and a walking program.  
C: Perform angioplasty of the right renal artery and angioplasty with stenting of the right external iliac artery.  
D: Administer cilostazol for claudication and continue lisinopril for hypertension.",C,jama,
ID1513,"What Is Your Diagnosis?

A: Progressive myoclonic epilepsies (PMEs)  
B: Faciobrachial dystonic seizures  
C: Creutzfeldt-Jakob disease (CJD)  
D: Progressive encephalomyelitis with rigidity and myoclonus (PERM)",D,jama,". Neurological examination results disclosed an abnormal mental status. B, Electromyography examination of the patient.Laboratory results were significant for an elevated level of thyroperoxidase antibodies (50.85 IU/mL; normal, <5.16 IU/mL) and thyroglobulin antibodies (88.35 ng/mL; normal: <4.11 ng/mL; to convert to micrograms per liter, multiply by 1)"
ID1934,"What Would You Do Next?

A: Perform funduscopic examination (under anesthesia)  
B: Reassure parents and follow up in 3 months  
C: Obtain serum enzyme-linked immunosorbent assay for Toxocara canis  
D: Start urgent anti-inflammatory or steroid therapy for uveitis",A,jama,
ID1531,"What Would You Do Next?

A: Obtain a radiograph of the lower leg  
B: Obtain antinuclear antibody levels  
C: Perform a punch biopsy of the lesion  
D: Obtain blood cultures and prescribe empirical antibiotics",C,jama,
ID0463,"What Would You Do Next?

A: Check serum cryoglobulin level  
B: Administer intradermal progesterone challenge  
C: Prescribe interferon, ribavirin, and telaprevir  
D: Prescribe oral prednisone and HSV viral suppression therapy",D,jama,"Her lesions improved with prednisone but recurred when treatment was discontinued. Test results for pemphigus antibody panel, antinuclear antibodies, human immunodeficiency virus, and rapid plasma reagin were negative"
ID1022,"What Would You Do Next?

A: Observe  
B: Administer empirical corticosteroid treatment  
C: Perform external beam radiotherapy  
D: Perform orbitotomy with biopsy",D,jama,.
ID0733,"What Would You Do Next?

A: Video-assisted thoracic surgery reduction  
B: Transabdominal laparoscopic reduction and mesh placement  
C: Video-assisted thoracic surgery reduction with primary closure  
D: Right thoracotomy with primary closure and mesh placement",D,jama,"On palpation, the mass extended superiorly to the costal margins and inferiorly to the anterior-superior iliac spine; no fascial edge was palpable medially. A 68-year-old woman presented 1 year after noticing a flank bulge that developed following a forceful coughing episode"
ID1850,"What Would You Do Next?

A: Begin therapy with intravenous ceftriaxone, vancomycin, and metronidazole  
B: Perform a lumbar puncture  
C: Consult neurosurgery for biopsy  
D: Start systemic corticosteroids",C,jama,
ID1797,"What Would You Do Next?

A: Immediate surgical re-exploration  
B: Emergent angiography  
C: Immediate anticoagulation  
D: Lateral canthotomy and cantholysis",B,jama,. Visual field was full to confrontation in the left eye
ID0153,"What Would You Do Next?

A: Prescribe valacyclovir (1000 mg 3 times daily) for the next 7 days  
B: Order a nutritional assay to evaluate for vitamin B3 (niacin) deficiency  
C: Recommend increased use of an alcohol-based mouthwash to improve oral hygiene  
D: Biopsy the affected tissue",D,jama,
ID0899,"What Would You Do Next?

A: Change dressings daily and implement hyperbaric oxygen therapy  
B: Prescribe systemic corticosteroids  
C: Surgically excise the lesion, followed by skin grafting  
D: Continue with broad-spectrum antibiotics",B,jama,"The ulceration expanded outwardly at a rapid pace, with increasing pain and a hemorrhagic exudative discharge (Figure, C [left panel])"
ID0602,"What Would You Do Next?

A: Increase topical corticosteroid frequency  
B: Inject sub–Tenon capsule triamcinolone acetonide  
C: Give oral prednisone  
D: Refer to otolaryngologist for nasal mass biopsy",D,jama,". Results of urine microscopy had 4+ red blood cells per high-power field. The ultrasonogram demonstrated a noncystic, regular, dome-shaped lesion with medium to high reflectivity localized to the sclera without intraocular involvement (Figure, B)."
ID0726,"What Would You Do Next?

A: Check blood pressure  
B: Check antinuclear antibody level  
C: Check hemoglobin A1c level  
D: Check erythrocyte sedimentation rate",B,jama,
ID0609,"What Would You Do Next?

A: Initiate empirical treatment with a topical steroid  
B: Initiate photodynamic therapy  
C: Order computed tomography imaging of the chest, abdomen, and pelvis  
D: Order a human immunodeficiency virus (HIV) test",D,jama,
ID1079,"What Would You Do Next?  
A: Perform skeletal survey  
B: Perform lumbar puncture with patient in upright position to measure opening pressure and examine cerebrospinal fluid (CSF) components  
C: Order magnetic resonance imaging (MRI) or magnetic resonance venography (MRV) of the brain and orbits  
D: Perform serum and urine protein electrophoresis",C,jama,
ID1035,"What Would You Do Next?

A: Examine for infestation with scabies  
B: Obtain complete blood cell count and creatinine level  
C: Perform skin biopsy and direct immunofluorescence  
D: Obtain a chest radiograph",C,jama,
ID1017,"What Is Your Diagnosis?

A: Congenital cyst  
B: Splenic abscess  
C: Cystic metastasis to the spleen  
D: Echinococcal disease",D,jama,.
ID1398,"What Would You Do Next?  
A: Obtain blood cultures and empirically treat with intravenous vancomycin  
B: Perform a herpes simplex virus/varicella zoster virus direct fluorescent antibody test and empirically treat with valacyclovir  
C: Obtain antineutrophilic cytoplasmic antibodies (ANCA) titers  
D: Start a high-potency topical steroid",C,jama,
ID1459,"What Would You Do Next?

A: Discontinue treatment with chloroquine  
B: Reassure and observe  
C: Treat with intravitreous corticosteroids  
D: Examine family members for macular dystrophy",A,jama,
ID1986,"What Would You Do Next?

A: Administer valacyclovir  
B: Discontinue all cosmetics  
C: Discontinue ibuprofen  
D: Administer antibiotics",C,jama,
ID1918,"What Is Your Diagnosis?

A: Levamisole-induced vasculopathy  
B: Mixed cryoglobulinemia  
C: Propylthiouracil-induced hypersensitivity vasculitis  
D: Septic vasculitis",C,jama,
ID1769,"What Would You Do Next?

A: Administer hyperfocal cryotherapy to the eyelid nodules  
B: Start D-penicillamine therapy  
C: Perform an eyelid nodule biopsy  
D: Assess for enlarged tongue with decreased motility",C,jama,.
ID0471,"What Is Your Diagnosis?

A: Pyoderma gangrenosum  
B: Squamous cell carcinoma  
C: Cutaneous aspergillosis  
D: Cutaneous mucormycosis",D,jama,". B-D, Histopathologic images"
ID0334,"What Would You Do Next?

A: Stop atorvastatin secondary to statin-associated hepatitis  
B: Continue prednisone and azathioprine for autoimmune hepatitis  
C: Check a rapid plasma reagin (RPR) test  
D: Biopsy the skin lesions",C,jama,
ID1887,"What Would You Do Next?

A: Continue observation  
B: Prescribe propranolol hydrochloride  
C: Excise the lesion  
D: Perform curettage of the lesion",C,jama,
ID1970,"What Would You Do Next?

A: Order a heterophile antibody test  
B: Perform a bone marrow biopsy  
C: Start cytarabine and daunorubicin chemotherapy  
D: Order leukapheresis",B,jama,
ID1077,"What Would You Do Next?

A: Obtain evoked potentials  
B: Obtain electromyography (EMG)  
C: Check thiamine levels and start oral supplementation  
D: Obtain a whole-body fluorodeoxyglucose positron emission tomography (FDG-PET)/CT scan and paraneoplastic antibody evaluation",D,jama,"Neurologic examination revealed right eye heterotropia and nasal upshoot indicative of a fourth cranial nerve palsy (Figure 1A), left ptosis, flattening of the right nasolabial fold (Figure 1B), and bilateral restricted upgaze and ataxia (Video). This finding (nasal upshoot) suggests the presence of a fourth nerve palsy."
ID1101,"What Would You Do Next?

A: Obtain bacterial and mycobacterial cultures of ulcerated area and pursue treatment with a longer course of antibiotics  
B: Perform a skin biopsy for histopathologic examination  
C: Obtain a computed tomography (CT) scan of the chest and abdomen  
D: Check the patient’s human immunodeficiency virus (HIV) status",C,jama,
ID1959,"What Is Your Diagnosis?  
A: Endogenous endophthalmitis  
B: HLA-B27 uveitis  
C: Herpes simplex uveitis  
D: Leukemia relapse",D,jama,.
ID0127,"What Would You Do Next?

A: Obtain a chest radiograph to evaluate progression of sarcoidosis  
B: Discontinue pantoprazole  
C: Start oral prednisone  
D: Order testing for anti–Mi-2 and anti–Jo-1 antibodies",B,jama,"Her history also included chronic renal insufficiency and chronic hepatitis C, for which she takes no medications. Complete blood cell count, erythrocyte sedimentation rate, and C-reactive protein level were within normal limits"
ID0981,"What Would You Do Next?

A: Human leukocyte antigen (HLA) haplotyping (eg, for HLA-A29)  
B: Empirical steroids  
C: Interferon-γ release assay  
D: Observation",C,jama,
ID0731,"What Would You Do Next?

A: Perform electrooculography  
B: Perform visual evoked potential test  
C: Perform magnetic resonance imaging of the brain and spine  
D: Perform blood culture",C,jama,The patient looked readily toward objects held in the peripheral visual field of either eye
ID0297,"What Would You Do Next?

A: Discontinue trastuzumab  
B: Obtain a skin biopsy  
C: Prescribe topical steroids  
D: Perform a screening test for syphilis (rapid plasma reagin)",B,jama,
ID0721,"What Would You Do Next?  
A: Proceed with temporal artery biopsy  
B: Refer patient to primary care physician for management of his hypertension  
C: Refer for rheumatologic workup  
D: Observe and reevaluate in 2 months",A,jama,"An extensive inflammatory and infectious laboratory workup revealed a hemoglobin level of 12.6 g/dL and elevated erythrocyte sedimentation rate and C-reactive protein level of 54 mm/h and 6.16 mg/L, respectively (to convert hemoglobin to grams per liter, multiply by 10, and C-reactive protein to nanomoles per liter, multiply by 9.524)"
ID0754,"What Would You Do Next?

A: Test for mitochondrial optic neuropathies  
B: Check blood and urine for heavy metals  
C: Check vitamin B12 levels and ask about smoking history  
D: Rule out an underlying neoplastic process",B,jama,
ID0866,"What Would You Do Next?

A: Perform surgical plugging of the carotid cavernous fistula with a muscle patch  
B: Conservative management  
C: Trabeculectomy or drainage procedure  
D: Digital subtraction angiography with embolization of carotid cavernous fistula",D,jama,
ID1170,"What Would You Do Next?  
A: Laser panretinal photocoagulation  
B: Intravitreal anti–vascular endothelial growth factor injections  
C: Intravitreal anti–vascular endothelial growth factor injections and laser panretinal photocoagulation  
D: Pars plana vitrectomy with endolaser",C,jama,
ID1038,"What Would You Do Next?

A: Map and ablate the epicardium  
B: Add a second antiarrhythmic drug and reassess the need for epicardial intervention after 3 to 6 months  
C: Implant a cardioverter defibrillator  
D: Perform cardiac magnetic resonance imaging to define pathologic substrate",D,jama,The resting 12-lead electrocardiogram showed sinus rhythm with no preexcitation or repolarization abnormalities
ID1678,"What Would You Do Next?

A: Administer an intravitreous anti-vascular endothelial growth factor (anti-VEGF) agent in the left eye  
B: Obtain neuroimaging of the brain and orbits  
C: Obtain serum chemistry with radiographs of the extremities  
D: Obtain serum titers of viral antibodies",C,jama,"He reported fatigue, muscle stiffness, joint pain, and a 10-lb unintentional weight loss."
ID0393,"What Would You Do Next?  
A: Restart topical prednisolone acetate and/or ofloxacin eyedrops  
B: Repeat vitreous biopsy and intravitreal injection of antibiotics  
C: Intravitreal and/or posterior sub-Tenon triamcinolone injection  
D: Pars plana vitrectomy with removal of the intraocular lens and capsule",D,jama,Her BCVA improved to 20/30 OD 4 days later.
ID1049,"What Would You Do Next

A: Complete 14 days of antibiotic treatment for Lyme disease. No further testing is indicated.  
B: Complete 14 days of antibiotic treatment for Lyme disease. Repeat Lyme disease serology in 1 month to evaluate response.  
C: Obtain skin biopsy for Borrelia burgdorferi PCR.  
D: Discontinue doxycycline and restart topical antifungal cream.",D,jama,
ID1672,"What Is Your Diagnosis?

A: Bacterial folliculitis  
B: Herpes infection  
C: Pityrosporum folliculitis  
D: Reaction to radiotherapy",D,jama,
ID1574,"What Is Your Diagnosis?

A: Hypervitaminosis D  
B: Malignant neoplasm  
C: Primary hyperparathyroidism  
D: Sarcoidosis",C,jama,A 49-year-old woman with no relevant medical history presented with a 2-day history of headache and facial swelling. .
ID0169,"What Would You Do Next?

A: Order anti-Ro and anti-La antibody testing  
B: Measure vitamin levels, including vitamin A (retinol)  
C: Biopsy lesions to rule out malignancy or premalignancy  
D: Ask the patient if she is taking any antibiotics or anticonvulsants",B,jama,
ID0467,"What Would You Do Next?

A: Consult otolaryngology for hearing evaluation  
B: Order an echocardiogram  
C: Order brain magnetic resonance imaging  
D: Order carotid ultrasonography",C,jama,
ID1651,"What Would You Do Next?

A: Perform skin biopsy  
B: Obtain trace element levels  
C: Prescribe topical steroid cream  
D: Order a paraneoplastic panel",B,jama,". The rash was accompanied by diffuse alopecia of the face, scalp, axillae, and groin (Figure)."
