Origin,Question,Labels,Category,Combination
ID0003,q2,"('High', 'High')",High Relevance Labels,"('High', 'High')"
ID0003,q3,"('High', 'High')",High Relevance Labels,"('High', 'High')"
ID0003,q4,"('Low', 'Low')",Low Relevance Labels,"('Low', 'Low')"
ID0003,q5,"('High', 'High')",High Relevance Labels,"('High', 'High')"
ID0003,q6,"('High', 'High')",High Relevance Labels,"('High', 'High')"
ID0003,q7,"('High', 'High')",High Relevance Labels,"('High', 'High')"
ID0003,q8,"('Low', 'Low')",Low Relevance Labels,"('Low', 'Low')"
ID0003,q9,"('not applicable', 'not applicable')",Other,
ID0003,q10,"('not applicable', 'not applicable')",Other,
ID0003,q11,"('not applicable', 'not applicable')",Other,
ID0003,q12,"('not applicable', 'not applicable')",Other,
ID0003,q13,"('not applicable', 'not applicable')",Other,
ID0003,q14,"('not applicable', 'not applicable')",Other,
ID0003,q15,"('not applicable', 'not applicable')",Other,
ID0003,q16,"('not applicable', 'not applicable')",Other,
ID0003,q17,"('not applicable', 'not applicable')",Other,
ID0003,q18,"('not applicable', 'not applicable')",Other,
ID0003,q19,"('not applicable', 'not applicable')",Other,
ID0003,q20,"('not applicable', 'not applicable')",Other,
ID0003,q21,"('not applicable', 'not applicable')",Other,
ID0003,q22,"('not applicable', 'not applicable')",Other,
ID0015,q2,"('High', 'High')",High Relevance Labels,"('High', 'High')"
ID0015,q3,"('High', 'Low')",High Relevance Labels,"('High', 'Low')"
ID0015,q4,"('Low', 'Low')",Low Relevance Labels,"('Low', 'Low')"
ID0015,q5,"('High', 'Low')",High Relevance Labels,"('High', 'Low')"
ID0015,q6,"('Low', 'Low')",Low Relevance Labels,"('Low', 'Low')"
ID0015,q7,"('High', 'High')",High Relevance Labels,"('High', 'High')"
ID0015,q8,"('Low', 'Low')",Low Relevance Labels,"('Low', 'Low')"
ID0015,q9,"('Low', 'Low')",Low Relevance Labels,"('Low', 'Low')"
ID0015,q10,"('Irr', 'Low')",Low Relevance Labels,"('Low', 'Irr')"
ID0015,q11,"('Irr', 'not applicable')",Other,
ID0015,q12,"('not applicable', 'not applicable')",Other,
ID0015,q13,"('not applicable', 'not applicable')",Other,
ID0015,q14,"('not applicable', 'not applicable')",Other,
ID0015,q15,"('not applicable', 'not applicable')",Other,
ID0015,q16,"('not applicable', 'not applicable')",Other,
ID0015,q17,"('not applicable', 'not applicable')",Other,
ID0015,q18,"('not applicable', 'not applicable')",Other,
ID0015,q19,"('not applicable', 'not applicable')",Other,
ID0015,q20,"('not applicable', 'not applicable')",Other,
ID0015,q21,"('not applicable', 'not applicable')",Other,
ID0015,q22,"('not applicable', 'not applicable')",Other,
ID0017,q2,"('High', 'Low')",High Relevance Labels,"('High', 'Low')"
ID0017,q3,"('High', 'Low')",High Relevance Labels,"('High', 'Low')"
ID0017,q4,"('High', 'Low')",High Relevance Labels,"('High', 'Low')"
ID0017,q5,"('High', 'High')",High Relevance Labels,"('High', 'High')"
ID0017,q6,"('Low', 'Low')",Low Relevance Labels,"('Low', 'Low')"
ID0017,q7,"('Low', 'Low')",Low Relevance Labels,"('Low', 'Low')"
ID0025,q2,"('High', 'Low')",High Relevance Labels,"('High', 'Low')"
ID0025,q3,"('Low', 'Low')",Low Relevance Labels,"('Low', 'Low')"
ID0025,q4,"('High', 'Low')",High Relevance Labels,"('High', 'Low')"
ID0025,q5,"('High', 'Low')",High Relevance Labels,"('High', 'Low')"
ID0025,q6,"('High', 'High')",High Relevance Labels,"('High', 'High')"
ID0025,q7,"('not applicable', 'not applicable')",Other,
ID0025,q8,"('not applicable', 'not applicable')",Other,
ID0025,q9,"('not applicable', 'not applicable')",Other,
ID0025,q10,"('not applicable', 'not applicable')",Other,
ID0025,q11,"('not applicable', 'not applicable')",Other,
ID0025,q12,"('not applicable', 'not applicable')",Other,
ID0025,q13,"('not applicable', 'not applicable')",Other,
ID0025,q14,"('not applicable', 'not applicable')",Other,
ID0025,q15,"('not applicable', 'not applicable')",Other,
ID0025,q16,"('not applicable', 'not applicable')",Other,
ID0025,q17,"('not applicable', 'not applicable')",Other,
ID0025,q18,"('not applicable', 'not applicable')",Other,
ID0025,q19,"('not applicable', 'not applicable')",Other,
ID0025,q20,"('not applicable', 'not applicable')",Other,
ID0025,q21,"('not applicable', 'not applicable')",Other,
ID0025,q22,"('not applicable', 'not applicable')",Other,
ID0027,q2,"('High', 'High')",High Relevance Labels,"('High', 'High')"
ID0027,q3,"('Low', 'Low')",Low Relevance Labels,"('Low', 'Low')"
ID0027,q4,"('Low', 'Low')",Low Relevance Labels,"('Low', 'Low')"
ID0027,q5,"('Low', 'Low')",Low Relevance Labels,"('Low', 'Low')"
ID0027,q6,"('Irr', 'Low')",Low Relevance Labels,"('Low', 'Irr')"
ID0027,q7,"('High', 'Low')",High Relevance Labels,"('High', 'Low')"
ID0027,q8,"('High', 'Irr')",Low Relevance Labels,"('High', 'Irr')"
ID0027,q9,"('Low', 'Low')",Low Relevance Labels,"('Low', 'Low')"
ID0027,q10,"('not applicable', 'not applicable')",Other,
ID0027,q11,"('not applicable', 'not applicable')",Other,
ID0027,q12,"('not applicable', 'not applicable')",Other,
ID0027,q13,"('not applicable', 'not applicable')",Other,
ID0027,q14,"('not applicable', 'not applicable')",Other,
ID0027,q15,"('not applicable', 'not applicable')",Other,
ID0027,q16,"('not applicable', 'not applicable')",Other,
ID0027,q17,"('not applicable', 'not applicable')",Other,
ID0027,q18,"('not applicable', 'not applicable')",Other,
ID0027,q19,"('not applicable', 'not applicable')",Other,
ID0027,q20,"('not applicable', 'not applicable')",Other,
ID0027,q21,"('not applicable', 'not applicable')",Other,
ID0027,q22,"('not applicable', 'not applicable')",Other,
ID0029,q2,"('High', 'High')",High Relevance Labels,"('High', 'High')"
ID0029,q3,"('High', 'Low')",High Relevance Labels,"('High', 'Low')"
ID0029,q4,"('High', 'Low')",High Relevance Labels,"('High', 'Low')"
ID0029,q5,"('High', 'Low')",High Relevance Labels,"('High', 'Low')"
ID0029,q6,"('High', 'Low')",High Relevance Labels,"('High', 'Low')"
ID0029,q7,"('Low', 'Low')",Low Relevance Labels,"('Low', 'Low')"
ID0029,q8,"('High', 'Irr')",Low Relevance Labels,"('High', 'Irr')"
ID0029,q9,"('High', 'Irr')",Low Relevance Labels,"('High', 'Irr')"
ID0029,q10,"('High', 'Low')",High Relevance Labels,"('High', 'Low')"
ID0029,q11,"('Low', 'Low')",Low Relevance Labels,"('Low', 'Low')"
ID0029,q12,"('High', 'Low')",High Relevance Labels,"('High', 'Low')"
ID0041,q2,"('High', 'High')",High Relevance Labels,"('High', 'High')"
ID0041,q3,"('High', 'Low')",High Relevance Labels,"('High', 'Low')"
ID0041,q4,"('Irr', 'Low')",Low Relevance Labels,"('Low', 'Irr')"
ID0041,q5,"('High', 'High')",High Relevance Labels,"('High', 'High')"
ID0041,q6,"('Low', 'Low')",Low Relevance Labels,"('Low', 'Low')"
ID0041,q7,"('Low', 'Low')",Low Relevance Labels,"('Low', 'Low')"
ID0041,q8,"('Low', 'Low')",Low Relevance Labels,"('Low', 'Low')"
ID0041,q9,"('High', 'High')",High Relevance Labels,"('High', 'High')"
ID0041,q10,"('Low', 'Low')",Low Relevance Labels,"('Low', 'Low')"
ID0041,q11,"('Low', 'Low')",Low Relevance Labels,"('Low', 'Low')"
ID0041,q12,"('Low', 'Low')",Low Relevance Labels,"('Low', 'Low')"
ID0041,q13,"('Low', 'Low')",Low Relevance Labels,"('Low', 'Low')"
ID0041,q14,"('High', 'High')",High Relevance Labels,"('High', 'High')"
ID0041,q15,"('High', 'Low')",High Relevance Labels,"('High', 'Low')"
ID0041,q16,"('not applicable', 'not applicable')",Other,
ID0041,q17,"('not applicable', 'not applicable')",Other,
ID0041,q18,"('not applicable', 'not applicable')",Other,
ID0041,q19,"('not applicable', 'not applicable')",Other,
ID0041,q20,"('not applicable', 'not applicable')",Other,
ID0041,q21,"('not applicable', 'not applicable')",Other,
ID0041,q22,"('not applicable', 'not applicable')",Other,
ID0044,q2,"('High', 'Low')",High Relevance Labels,"('High', 'Low')"
ID0044,q3,"('High', 'Low')",High Relevance Labels,"('High', 'Low')"
ID0044,q4,"('Low', 'Low')",Low Relevance Labels,"('Low', 'Low')"
ID0044,q5,"('Low', 'Low')",Low Relevance Labels,"('Low', 'Low')"
ID0044,q6,"('Low', 'Low')",Low Relevance Labels,"('Low', 'Low')"
ID0044,q7,"('High', 'High')",High Relevance Labels,"('High', 'High')"
ID0044,q8,"('Low', 'Low')",Low Relevance Labels,"('Low', 'Low')"
ID0044,q9,"('High', 'Low')",High Relevance Labels,"('High', 'Low')"
ID0044,q10,"('High', 'Low')",High Relevance Labels,"('High', 'Low')"
ID0044,q11,"('Low', 'Low')",Low Relevance Labels,"('Low', 'Low')"
ID0044,q12,"('High', 'Irr')",Low Relevance Labels,"('High', 'Irr')"
ID0044,q13,"('High', 'Low')",High Relevance Labels,"('High', 'Low')"
ID0044,q14,"('High', 'High')",High Relevance Labels,"('High', 'High')"
ID0044,q15,"('not applicable', 'not applicable')",Other,
ID0044,q16,"('not applicable', 'not applicable')",Other,
ID0044,q17,"('not applicable', 'not applicable')",Other,
ID0044,q18,"('not applicable', 'not applicable')",Other,
ID0044,q19,"('not applicable', 'not applicable')",Other,
ID0044,q20,"('not applicable', 'not applicable')",Other,
ID0044,q21,"('not applicable', 'not applicable')",Other,
ID0044,q22,"('not applicable', 'not applicable')",Other,
ID0049,q2,"('High', 'High')",High Relevance Labels,"('High', 'High')"
ID0049,q3,"('High', 'Low')",High Relevance Labels,"('High', 'Low')"
ID0049,q4,"('High', 'Low')",High Relevance Labels,"('High', 'Low')"
ID0049,q5,"('High', 'Low')",High Relevance Labels,"('High', 'Low')"
ID0049,q6,"('High', 'Irr')",Low Relevance Labels,"('High', 'Irr')"
ID0049,q7,"('High', 'Low')",High Relevance Labels,"('High', 'Low')"
ID0049,q8,"('High', 'Low')",High Relevance Labels,"('High', 'Low')"
ID0049,q9,"('High', 'High')",High Relevance Labels,"('High', 'High')"
ID0049,q10,"('High', 'Low')",High Relevance Labels,"('High', 'Low')"
ID0049,q11,"('High', 'Low')",High Relevance Labels,"('High', 'Low')"
ID0049,q12,"('High', 'Irr')",Low Relevance Labels,"('High', 'Irr')"
ID0049,q13,"('High', 'Low')",High Relevance Labels,"('High', 'Low')"
ID0049,q14,"('not applicable', 'not applicable')",Other,
ID0049,q15,"('not applicable', 'not applicable')",Other,
ID0049,q16,"('not applicable', 'not applicable')",Other,
ID0049,q17,"('not applicable', 'not applicable')",Other,
ID0049,q18,"('not applicable', 'not applicable')",Other,
ID0049,q19,"('not applicable', 'not applicable')",Other,
ID0049,q20,"('not applicable', 'not applicable')",Other,
ID0049,q21,"('not applicable', 'not applicable')",Other,
ID0049,q22,"('not applicable', 'not applicable')",Other,
ID0060,q2,"('High', 'High')",High Relevance Labels,"('High', 'High')"
ID0060,q3,"('High', 'Low')",High Relevance Labels,"('High', 'Low')"
ID0060,q4,"('Low', 'Low')",Low Relevance Labels,"('Low', 'Low')"
ID0060,q5,"('High', 'High')",High Relevance Labels,"('High', 'High')"
ID0060,q6,"('Irr', 'Low')",Low Relevance Labels,"('Low', 'Irr')"
ID0060,q7,"('High', 'Low')",High Relevance Labels,"('High', 'Low')"
ID0060,q8,"('Irr', 'Irr')",Irrelevant Labels,"('Irr', 'Irr')"
ID0060,q9,"('not applicable', 'not applicable')",Other,
ID0060,q10,"('not applicable', 'not applicable')",Other,
ID0060,q11,"('not applicable', 'not applicable')",Other,
ID0060,q12,"('not applicable', 'not applicable')",Other,
ID0060,q13,"('not applicable', 'not applicable')",Other,
ID0060,q14,"('not applicable', 'not applicable')",Other,
ID0060,q15,"('not applicable', 'not applicable')",Other,
ID0060,q16,"('not applicable', 'not applicable')",Other,
ID0060,q17,"('not applicable', 'not applicable')",Other,
ID0060,q18,"('not applicable', 'not applicable')",Other,
ID0060,q19,"('not applicable', 'not applicable')",Other,
ID0060,q20,"('not applicable', 'not applicable')",Other,
ID0060,q21,"('not applicable', 'not applicable')",Other,
ID0060,q22,"('not applicable', 'not applicable')",Other,
ID0063,q2,"('Low', 'Low')",Low Relevance Labels,"('Low', 'Low')"
ID0063,q3,"('High', 'Low')",High Relevance Labels,"('High', 'Low')"
ID0063,q4,"('Irr', 'Irr')",Irrelevant Labels,"('Irr', 'Irr')"
ID0063,q5,"('High', 'High')",High Relevance Labels,"('High', 'High')"
ID0063,q6,"('High', 'High')",High Relevance Labels,"('High', 'High')"
ID0072,q2,"('High', 'Low')",High Relevance Labels,"('High', 'Low')"
ID0072,q3,"('Low', 'Low')",Low Relevance Labels,"('Low', 'Low')"
ID0072,q4,"('High', 'Low')",High Relevance Labels,"('High', 'Low')"
ID0072,q5,"('Low', 'Low')",Low Relevance Labels,"('Low', 'Low')"
ID0072,q6,"('High', 'High')",High Relevance Labels,"('High', 'High')"
ID0072,q7,"('Low', 'Low')",Low Relevance Labels,"('Low', 'Low')"
ID0072,q8,"('Low', 'Low')",Low Relevance Labels,"('Low', 'Low')"
ID0072,q9,"('High', 'High')",High Relevance Labels,"('High', 'High')"
ID0072,q10,"('Low', 'Low')",Low Relevance Labels,"('Low', 'Low')"
ID0072,q11,"('High', 'High')",High Relevance Labels,"('High', 'High')"
ID0072,q12,"('High', 'High')",High Relevance Labels,"('High', 'High')"
ID0072,q13,"('High', 'High')",High Relevance Labels,"('High', 'High')"
ID0072,q14,"('High', 'Low')",High Relevance Labels,"('High', 'Low')"
ID0072,q15,"('not applicable', 'not applicable')",Other,
ID0072,q16,"('not applicable', 'not applicable')",Other,
ID0072,q17,"('not applicable', 'not applicable')",Other,
ID0072,q18,"('not applicable', 'not applicable')",Other,
ID0072,q19,"('not applicable', 'not applicable')",Other,
ID0072,q20,"('not applicable', 'not applicable')",Other,
ID0072,q21,"('not applicable', 'not applicable')",Other,
ID0072,q22,"('not applicable', 'not applicable')",Other,
ID0074,q2,"('High', 'High')",High Relevance Labels,"('High', 'High')"
ID0074,q3,"('High', 'High')",High Relevance Labels,"('High', 'High')"
ID0074,q4,"('Irr', 'Low')",Low Relevance Labels,"('Low', 'Irr')"
ID0074,q5,"('Irr', 'Low')",Low Relevance Labels,"('Low', 'Irr')"
ID0074,q6,"('High', 'High')",High Relevance Labels,"('High', 'High')"
ID0074,q7,"('High', 'High')",High Relevance Labels,"('High', 'High')"
ID0074,q8,"('High', 'High')",High Relevance Labels,"('High', 'High')"
ID0074,q9,"('High', 'Low')",High Relevance Labels,"('High', 'Low')"
ID0074,q10,"('High', 'High')",High Relevance Labels,"('High', 'High')"
ID0074,q11,"('not applicable', 'not applicable')",Other,
ID0074,q12,"('not applicable', 'not applicable')",Other,
ID0074,q13,"('not applicable', 'not applicable')",Other,
ID0074,q14,"('not applicable', 'not applicable')",Other,
ID0074,q15,"('not applicable', 'not applicable')",Other,
ID0074,q16,"('not applicable', 'not applicable')",Other,
ID0074,q17,"('not applicable', 'not applicable')",Other,
ID0074,q18,"('not applicable', 'not applicable')",Other,
ID0074,q19,"('not applicable', 'not applicable')",Other,
ID0074,q20,"('not applicable', 'not applicable')",Other,
ID0074,q21,"('not applicable', 'not applicable')",Other,
ID0074,q22,"('not applicable', 'not applicable')",Other,
ID0076,q2,"('High', 'High')",High Relevance Labels,"('High', 'High')"
ID0076,q3,"('High', 'Low')",High Relevance Labels,"('High', 'Low')"
ID0076,q4,"('Irr', 'Low')",Low Relevance Labels,"('Low', 'Irr')"
ID0076,q5,"('Irr', 'Low')",Low Relevance Labels,"('Low', 'Irr')"
ID0076,q6,"('Irr', 'Low')",Low Relevance Labels,"('Low', 'Irr')"
ID0076,q7,"('Low', 'Low')",Low Relevance Labels,"('Low', 'Low')"
ID0076,q8,"('High', 'Low')",High Relevance Labels,"('High', 'Low')"
ID0076,q9,"('Low', 'Low')",Low Relevance Labels,"('Low', 'Low')"
ID0076,q10,"('Irr', 'Low')",Low Relevance Labels,"('Low', 'Irr')"
ID0076,q11,"('not applicable', 'not applicable')",Other,
ID0076,q12,"('not applicable', 'not applicable')",Other,
ID0076,q13,"('not applicable', 'not applicable')",Other,
ID0076,q14,"('not applicable', 'not applicable')",Other,
ID0076,q15,"('not applicable', 'not applicable')",Other,
ID0076,q16,"('not applicable', 'not applicable')",Other,
ID0076,q17,"('not applicable', 'not applicable')",Other,
ID0076,q18,"('not applicable', 'not applicable')",Other,
ID0076,q19,"('not applicable', 'not applicable')",Other,
ID0076,q20,"('not applicable', 'not applicable')",Other,
ID0076,q21,"('not applicable', 'not applicable')",Other,
ID0076,q22,"('not applicable', 'not applicable')",Other,
ID0081,q2,"('High', 'High')",High Relevance Labels,"('High', 'High')"
ID0081,q3,"('Low', 'Low')",Low Relevance Labels,"('Low', 'Low')"
ID0081,q4,"('Low', 'Low')",Low Relevance Labels,"('Low', 'Low')"
ID0081,q5,"('High', 'Low')",High Relevance Labels,"('High', 'Low')"
ID0081,q6,"('Low', 'Low')",Low Relevance Labels,"('Low', 'Low')"
ID0081,q7,"('High', 'Low')",High Relevance Labels,"('High', 'Low')"
ID0081,q8,"('High', 'Low')",High Relevance Labels,"('High', 'Low')"
ID0081,q9,"('not applicable', 'not applicable')",Other,
ID0081,q10,"('not applicable', 'not applicable')",Other,
ID0081,q11,"('not applicable', 'not applicable')",Other,
ID0081,q12,"('not applicable', 'not applicable')",Other,
ID0081,q13,"('not applicable', 'not applicable')",Other,
ID0081,q14,"('not applicable', 'not applicable')",Other,
ID0081,q15,"('not applicable', 'not applicable')",Other,
ID0081,q16,"('not applicable', 'not applicable')",Other,
ID0081,q17,"('not applicable', 'not applicable')",Other,
ID0081,q18,"('not applicable', 'not applicable')",Other,
ID0081,q19,"('not applicable', 'not applicable')",Other,
ID0081,q20,"('not applicable', 'not applicable')",Other,
ID0081,q21,"('not applicable', 'not applicable')",Other,
ID0081,q22,"('not applicable', 'not applicable')",Other,
ID0089,q2,"('High', 'High')",High Relevance Labels,"('High', 'High')"
ID0089,q3,"('High', 'Low')",High Relevance Labels,"('High', 'Low')"
ID0089,q4,"('High', 'Low')",High Relevance Labels,"('High', 'Low')"
ID0089,q5,"('High', 'Low')",High Relevance Labels,"('High', 'Low')"
ID0089,q6,"('High', 'High')",High Relevance Labels,"('High', 'High')"
ID0089,q7,"('High', 'Low')",High Relevance Labels,"('High', 'Low')"
ID0089,q8,"('High', 'High')",High Relevance Labels,"('High', 'High')"
ID0089,q9,"('High', 'High')",High Relevance Labels,"('High', 'High')"
ID0089,q10,"('High', 'High')",High Relevance Labels,"('High', 'High')"
ID0089,q11,"('High', 'Low')",High Relevance Labels,"('High', 'Low')"
ID0089,q12,"('High', 'not applicable')",Other,
ID0089,q13,"('High', 'Low')",High Relevance Labels,"('High', 'Low')"
ID0089,q14,"('High', 'Irr')",Low Relevance Labels,"('High', 'Irr')"
ID0089,q15,"('not applicable', 'not applicable')",Other,
ID0089,q16,"('not applicable', 'not applicable')",Other,
ID0089,q17,"('not applicable', 'not applicable')",Other,
ID0089,q18,"('not applicable', 'not applicable')",Other,
ID0089,q19,"('not applicable', 'not applicable')",Other,
ID0089,q20,"('not applicable', 'not applicable')",Other,
ID0089,q21,"('not applicable', 'not applicable')",Other,
ID0089,q22,"('not applicable', 'not applicable')",Other,
ID0093,q2,"('High', 'High')",High Relevance Labels,"('High', 'High')"
ID0093,q3,"('Irr', 'Low')",Low Relevance Labels,"('Low', 'Irr')"
ID0093,q4,"('High', 'High')",High Relevance Labels,"('High', 'High')"
ID0093,q5,"('High', 'High')",High Relevance Labels,"('High', 'High')"
ID0093,q6,"('Low', 'Low')",Low Relevance Labels,"('Low', 'Low')"
ID0093,q7,"('High', 'Low')",High Relevance Labels,"('High', 'Low')"
ID0093,q8,"('Irr', 'Low')",Low Relevance Labels,"('Low', 'Irr')"
ID0093,q9,"('Irr', 'Low')",Low Relevance Labels,"('Low', 'Irr')"
ID0093,q10,"('High', 'High')",High Relevance Labels,"('High', 'High')"
ID0093,q11,"('not applicable', 'not applicable')",Other,
ID0093,q12,"('not applicable', 'not applicable')",Other,
ID0093,q13,"('not applicable', 'not applicable')",Other,
ID0093,q14,"('not applicable', 'not applicable')",Other,
ID0093,q15,"('not applicable', 'not applicable')",Other,
ID0093,q16,"('not applicable', 'not applicable')",Other,
ID0093,q17,"('not applicable', 'not applicable')",Other,
ID0093,q18,"('not applicable', 'not applicable')",Other,
ID0093,q19,"('not applicable', 'not applicable')",Other,
ID0093,q20,"('not applicable', 'not applicable')",Other,
ID0093,q21,"('not applicable', 'not applicable')",Other,
ID0093,q22,"('not applicable', 'not applicable')",Other,
ID0094,q2,"('High', 'High')",High Relevance Labels,"('High', 'High')"
ID0094,q3,"('High', 'High')",High Relevance Labels,"('High', 'High')"
ID0094,q4,"('High', 'Low')",High Relevance Labels,"('High', 'Low')"
ID0094,q5,"('High', 'Low')",High Relevance Labels,"('High', 'Low')"
ID0094,q6,"('High', 'Low')",High Relevance Labels,"('High', 'Low')"
ID0094,q7,"('High', 'Low')",High Relevance Labels,"('High', 'Low')"
ID0094,q8,"('Low', 'Low')",Low Relevance Labels,"('Low', 'Low')"
ID0094,q9,"('High', 'Low')",High Relevance Labels,"('High', 'Low')"
ID0094,q10,"('High', 'Low')",High Relevance Labels,"('High', 'Low')"
ID0094,q11,"('High', 'Low')",High Relevance Labels,"('High', 'Low')"
ID0094,q12,"('Low', 'Low')",Low Relevance Labels,"('Low', 'Low')"
ID0094,q13,"('not applicable', 'not applicable')",Other,
ID0094,q14,"('not applicable', 'not applicable')",Other,
ID0094,q15,"('not applicable', 'not applicable')",Other,
ID0094,q16,"('not applicable', 'not applicable')",Other,
ID0094,q17,"('not applicable', 'not applicable')",Other,
ID0094,q18,"('not applicable', 'not applicable')",Other,
ID0094,q19,"('not applicable', 'not applicable')",Other,
ID0094,q20,"('not applicable', 'not applicable')",Other,
ID0094,q21,"('not applicable', 'not applicable')",Other,
ID0094,q22,"('not applicable', 'not applicable')",Other,
ID0096,q2,"('High', 'High')",High Relevance Labels,"('High', 'High')"
ID0096,q3,"('Low', 'Low')",Low Relevance Labels,"('Low', 'Low')"
ID0096,q4,"('Low', 'Low')",Low Relevance Labels,"('Low', 'Low')"
ID0096,q5,"('High', 'Low')",High Relevance Labels,"('High', 'Low')"
ID0096,q6,"('High', 'Low')",High Relevance Labels,"('High', 'Low')"
ID0096,q7,"('not applicable', 'not applicable')",Other,
ID0096,q8,"('not applicable', 'not applicable')",Other,
ID0096,q9,"('not applicable', 'not applicable')",Other,
ID0096,q10,"('not applicable', 'not applicable')",Other,
ID0096,q11,"('not applicable', 'not applicable')",Other,
ID0096,q12,"('not applicable', 'not applicable')",Other,
ID0096,q13,"('not applicable', 'not applicable')",Other,
ID0096,q14,"('not applicable', 'not applicable')",Other,
ID0096,q15,"('not applicable', 'not applicable')",Other,
ID0096,q16,"('not applicable', 'not applicable')",Other,
ID0096,q17,"('not applicable', 'not applicable')",Other,
ID0096,q18,"('not applicable', 'not applicable')",Other,
ID0096,q19,"('not applicable', 'not applicable')",Other,
ID0096,q20,"('not applicable', 'not applicable')",Other,
ID0096,q21,"('not applicable', 'not applicable')",Other,
ID0096,q22,"('not applicable', 'not applicable')",Other,
ID0106,q2,"('High', 'High')",High Relevance Labels,"('High', 'High')"
ID0106,q3,"('High', 'High')",High Relevance Labels,"('High', 'High')"
ID0106,q4,"('High', 'High')",High Relevance Labels,"('High', 'High')"
ID0106,q5,"('Low', 'Low')",Low Relevance Labels,"('Low', 'Low')"
ID0106,q6,"('Low', 'Low')",Low Relevance Labels,"('Low', 'Low')"
ID0106,q7,"('High', 'Low')",High Relevance Labels,"('High', 'Low')"
ID0106,q8,"('High', 'High')",High Relevance Labels,"('High', 'High')"
ID0106,q9,"('not applicable', 'not applicable')",Other,
ID0106,q10,"('not applicable', 'not applicable')",Other,
ID0106,q11,"('not applicable', 'not applicable')",Other,
ID0106,q12,"('not applicable', 'not applicable')",Other,
ID0106,q13,"('not applicable', 'not applicable')",Other,
ID0106,q14,"('not applicable', 'not applicable')",Other,
ID0106,q15,"('not applicable', 'not applicable')",Other,
ID0106,q16,"('not applicable', 'not applicable')",Other,
ID0106,q17,"('not applicable', 'not applicable')",Other,
ID0106,q18,"('not applicable', 'not applicable')",Other,
ID0106,q19,"('not applicable', 'not applicable')",Other,
ID0106,q20,"('not applicable', 'not applicable')",Other,
ID0106,q21,"('not applicable', 'not applicable')",Other,
ID0106,q22,"('not applicable', 'not applicable')",Other,
ID0108,q2,"('High', 'High')",High Relevance Labels,"('High', 'High')"
ID0108,q3,"('High', 'High')",High Relevance Labels,"('High', 'High')"
ID0108,q4,"('Low', 'Low')",Low Relevance Labels,"('Low', 'Low')"
ID0108,q5,"('Low', 'Low')",Low Relevance Labels,"('Low', 'Low')"
ID0108,q6,"('Low', 'Low')",Low Relevance Labels,"('Low', 'Low')"
ID0108,q7,"('Low', 'Low')",Low Relevance Labels,"('Low', 'Low')"
ID0108,q8,"('High', 'Low')",High Relevance Labels,"('High', 'Low')"
ID0108,q9,"('High', 'Low')",High Relevance Labels,"('High', 'Low')"
ID0108,q10,"('High', 'Low')",High Relevance Labels,"('High', 'Low')"
ID0108,q11,"('High', 'High')",High Relevance Labels,"('High', 'High')"
ID0108,q12,"('High', 'Low')",High Relevance Labels,"('High', 'Low')"
ID0108,q13,"('High', 'Low')",High Relevance Labels,"('High', 'Low')"
ID0108,q14,"('High', 'High')",High Relevance Labels,"('High', 'High')"
ID0108,q15,"('High', 'High')",High Relevance Labels,"('High', 'High')"
ID0108,q16,"('High', 'High')",High Relevance Labels,"('High', 'High')"
ID0108,q17,"('High', 'not applicable')",Other,
ID0108,q18,"('not applicable', 'not applicable')",Other,
ID0108,q19,"('not applicable', 'not applicable')",Other,
ID0108,q20,"('not applicable', 'not applicable')",Other,
ID0108,q21,"('not applicable', 'not applicable')",Other,
ID0108,q22,"('not applicable', 'not applicable')",Other,
ID0109,q2,"('High', 'High')",High Relevance Labels,"('High', 'High')"
ID0109,q3,"('High', 'Low')",High Relevance Labels,"('High', 'Low')"
ID0109,q4,"('Low', 'Low')",Low Relevance Labels,"('Low', 'Low')"
ID0109,q5,"('High', 'Low')",High Relevance Labels,"('High', 'Low')"
ID0109,q6,"('High', 'Low')",High Relevance Labels,"('High', 'Low')"
ID0109,q7,"('Low', 'Low')",Low Relevance Labels,"('Low', 'Low')"
ID0109,q8,"('High', 'High')",High Relevance Labels,"('High', 'High')"
ID0109,q9,"('Low', 'Low')",Low Relevance Labels,"('Low', 'Low')"
ID0109,q10,"('Low', 'Low')",Low Relevance Labels,"('Low', 'Low')"
ID0109,q11,"('High', 'High')",High Relevance Labels,"('High', 'High')"
ID0109,q12,"('High', 'High')",High Relevance Labels,"('High', 'High')"
ID0109,q13,"('High', 'High')",High Relevance Labels,"('High', 'High')"
ID0109,q14,"('High', 'Irr')",Low Relevance Labels,"('High', 'Irr')"
ID0109,q15,"('High', 'Irr')",Low Relevance Labels,"('High', 'Irr')"
ID0109,q16,"('not applicable', 'not applicable')",Other,
ID0109,q17,"('not applicable', 'not applicable')",Other,
ID0109,q18,"('not applicable', 'not applicable')",Other,
ID0109,q19,"('not applicable', 'not applicable')",Other,
ID0109,q20,"('not applicable', 'not applicable')",Other,
ID0109,q21,"('not applicable', 'not applicable')",Other,
ID0109,q22,"('not applicable', 'not applicable')",Other,
ID0110,q2,"('High', 'Low')",High Relevance Labels,"('High', 'Low')"
ID0110,q3,"('High', 'Low')",High Relevance Labels,"('High', 'Low')"
ID0110,q4,"('High', 'High')",High Relevance Labels,"('High', 'High')"
ID0110,q5,"('High', 'High')",High Relevance Labels,"('High', 'High')"
ID0110,q6,"('High', 'High')",High Relevance Labels,"('High', 'High')"
ID0110,q7,"('High', 'High')",High Relevance Labels,"('High', 'High')"
ID0110,q8,"('High', 'Low')",High Relevance Labels,"('High', 'Low')"
ID0110,q9,"('Low', 'Low')",Low Relevance Labels,"('Low', 'Low')"
ID0110,q10,"('Irr', 'Low')",Low Relevance Labels,"('Low', 'Irr')"
ID0110,q11,"('High', 'High')",High Relevance Labels,"('High', 'High')"
ID0110,q12,"('High', 'High')",High Relevance Labels,"('High', 'High')"
ID0110,q13,"('not applicable', 'not applicable')",Other,
ID0110,q14,"('not applicable', 'not applicable')",Other,
ID0110,q15,"('not applicable', 'not applicable')",Other,
ID0110,q16,"('not applicable', 'not applicable')",Other,
ID0110,q17,"('not applicable', 'not applicable')",Other,
ID0110,q18,"('not applicable', 'not applicable')",Other,
ID0110,q19,"('not applicable', 'not applicable')",Other,
ID0110,q20,"('not applicable', 'not applicable')",Other,
ID0110,q21,"('not applicable', 'not applicable')",Other,
ID0110,q22,"('not applicable', 'not applicable')",Other,
ID0112,q2,"('High', 'High')",High Relevance Labels,"('High', 'High')"
ID0112,q3,"('Low', 'Low')",Low Relevance Labels,"('Low', 'Low')"
ID0112,q4,"('Low', 'Low')",Low Relevance Labels,"('Low', 'Low')"
ID0112,q5,"('High', 'Low')",High Relevance Labels,"('High', 'Low')"
ID0112,q6,"('High', 'Low')",High Relevance Labels,"('High', 'Low')"
ID0112,q7,"('Low', 'Low')",Low Relevance Labels,"('Low', 'Low')"
ID0112,q8,"('not applicable', 'not applicable')",Other,
ID0112,q9,"('not applicable', 'not applicable')",Other,
ID0112,q10,"('not applicable', 'not applicable')",Other,
ID0112,q11,"('not applicable', 'not applicable')",Other,
ID0112,q12,"('not applicable', 'not applicable')",Other,
ID0112,q13,"('not applicable', 'not applicable')",Other,
ID0112,q14,"('not applicable', 'not applicable')",Other,
ID0112,q15,"('not applicable', 'not applicable')",Other,
ID0112,q16,"('not applicable', 'not applicable')",Other,
ID0112,q17,"('not applicable', 'not applicable')",Other,
ID0112,q18,"('not applicable', 'not applicable')",Other,
ID0112,q19,"('not applicable', 'not applicable')",Other,
ID0112,q20,"('not applicable', 'not applicable')",Other,
ID0112,q21,"('not applicable', 'not applicable')",Other,
ID0112,q22,"('not applicable', 'not applicable')",Other,
ID0116,q2,"('High', 'High')",High Relevance Labels,"('High', 'High')"
ID0116,q3,"('High', 'Low')",High Relevance Labels,"('High', 'Low')"
ID0116,q4,"('Low', 'Low')",Low Relevance Labels,"('Low', 'Low')"
ID0116,q5,"('High', 'High')",High Relevance Labels,"('High', 'High')"
ID0116,q6,"('Low', 'Low')",Low Relevance Labels,"('Low', 'Low')"
ID0116,q7,"('High', 'Low')",High Relevance Labels,"('High', 'Low')"
ID0116,q8,"('Low', 'Low')",Low Relevance Labels,"('Low', 'Low')"
ID0116,q9,"('High', 'High')",High Relevance Labels,"('High', 'High')"
ID0116,q10,"('High', 'Low')",High Relevance Labels,"('High', 'Low')"
ID0116,q11,"('High', 'Low')",High Relevance Labels,"('High', 'Low')"
ID0116,q12,"('High', 'High')",High Relevance Labels,"('High', 'High')"
ID0124,q2,"('High', 'High')",High Relevance Labels,"('High', 'High')"
ID0124,q3,"('High', 'Low')",High Relevance Labels,"('High', 'Low')"
ID0124,q4,"('High', 'Low')",High Relevance Labels,"('High', 'Low')"
ID0124,q5,"('Low', 'Low')",Low Relevance Labels,"('Low', 'Low')"
ID0124,q6,"('Low', 'Low')",Low Relevance Labels,"('Low', 'Low')"
ID0124,q7,"('Low', 'Low')",Low Relevance Labels,"('Low', 'Low')"
ID0124,q8,"('High', 'High')",High Relevance Labels,"('High', 'High')"
ID0124,q9,"('Low', 'Low')",Low Relevance Labels,"('Low', 'Low')"
ID0124,q10,"('High', 'not applicable')",Other,
ID0124,q11,"('High', 'Low')",High Relevance Labels,"('High', 'Low')"
ID0124,q12,"('Low', 'Low')",Low Relevance Labels,"('Low', 'Low')"
ID0124,q13,"('High', 'Low')",High Relevance Labels,"('High', 'Low')"
ID0124,q14,"('High', 'not applicable')",Other,
ID0124,q15,"('High', 'not applicable')",Other,
ID0124,q16,"('not applicable', 'not applicable')",Other,
ID0124,q17,"('not applicable', 'not applicable')",Other,
ID0124,q18,"('not applicable', 'not applicable')",Other,
ID0124,q19,"('not applicable', 'not applicable')",Other,
ID0124,q20,"('not applicable', 'not applicable')",Other,
ID0124,q21,"('not applicable', 'not applicable')",Other,
ID0124,q22,"('not applicable', 'not applicable')",Other,
ID0129,q2,"('High', 'Low')",High Relevance Labels,"('High', 'Low')"
ID0129,q3,"('High', 'High')",High Relevance Labels,"('High', 'High')"
ID0129,q4,"('Low', 'Low')",Low Relevance Labels,"('Low', 'Low')"
ID0129,q5,"('High', 'Low')",High Relevance Labels,"('High', 'Low')"
ID0129,q6,"('High', 'High')",High Relevance Labels,"('High', 'High')"
ID0129,q7,"('High', 'High')",High Relevance Labels,"('High', 'High')"
ID0129,q8,"('Low', 'Low')",Low Relevance Labels,"('Low', 'Low')"
ID0130,q2,"('High', 'High')",High Relevance Labels,"('High', 'High')"
ID0130,q3,"('Low', 'Low')",Low Relevance Labels,"('Low', 'Low')"
ID0130,q4,"('Low', 'Low')",Low Relevance Labels,"('Low', 'Low')"
ID0130,q5,"('Low', 'Low')",Low Relevance Labels,"('Low', 'Low')"
ID0130,q6,"('High', 'High')",High Relevance Labels,"('High', 'High')"
ID0130,q7,"('High', 'Low')",High Relevance Labels,"('High', 'Low')"
ID0130,q8,"('High', 'High')",High Relevance Labels,"('High', 'High')"
ID0130,q9,"('Low', 'Low')",Low Relevance Labels,"('Low', 'Low')"
ID0130,q10,"('Irr', 'Irr')",Irrelevant Labels,"('Irr', 'Irr')"
ID0130,q11,"('not applicable', 'not applicable')",Other,
ID0130,q12,"('not applicable', 'not applicable')",Other,
ID0130,q13,"('not applicable', 'not applicable')",Other,
ID0130,q14,"('not applicable', 'not applicable')",Other,
ID0130,q15,"('not applicable', 'not applicable')",Other,
ID0130,q16,"('not applicable', 'not applicable')",Other,
ID0130,q17,"('not applicable', 'not applicable')",Other,
ID0130,q18,"('not applicable', 'not applicable')",Other,
ID0130,q19,"('not applicable', 'not applicable')",Other,
ID0130,q20,"('not applicable', 'not applicable')",Other,
ID0130,q21,"('not applicable', 'not applicable')",Other,
ID0130,q22,"('not applicable', 'not applicable')",Other,
ID0133,q2,"('High', 'High')",High Relevance Labels,"('High', 'High')"
ID0133,q3,"('Low', 'Low')",Low Relevance Labels,"('Low', 'Low')"
ID0133,q4,"('High', 'High')",High Relevance Labels,"('High', 'High')"
ID0133,q5,"('Low', 'Low')",Low Relevance Labels,"('Low', 'Low')"
ID0133,q6,"('Low', 'Low')",Low Relevance Labels,"('Low', 'Low')"
ID0133,q7,"('not applicable', 'not applicable')",Other,
ID0133,q8,"('not applicable', 'not applicable')",Other,
ID0133,q9,"('not applicable', 'not applicable')",Other,
ID0133,q10,"('not applicable', 'not applicable')",Other,
ID0133,q11,"('not applicable', 'not applicable')",Other,
ID0133,q12,"('not applicable', 'not applicable')",Other,
ID0133,q13,"('not applicable', 'not applicable')",Other,
ID0133,q14,"('not applicable', 'not applicable')",Other,
ID0133,q15,"('not applicable', 'not applicable')",Other,
ID0133,q16,"('not applicable', 'not applicable')",Other,
ID0133,q17,"('not applicable', 'not applicable')",Other,
ID0133,q18,"('not applicable', 'not applicable')",Other,
ID0133,q19,"('not applicable', 'not applicable')",Other,
ID0133,q20,"('not applicable', 'not applicable')",Other,
ID0133,q21,"('not applicable', 'not applicable')",Other,
ID0133,q22,"('not applicable', 'not applicable')",Other,
ID0136,q2,"('High', 'High')",High Relevance Labels,"('High', 'High')"
ID0136,q3,"('Low', 'Low')",Low Relevance Labels,"('Low', 'Low')"
ID0136,q4,"('High', 'Low')",High Relevance Labels,"('High', 'Low')"
ID0136,q5,"('Low', 'Low')",Low Relevance Labels,"('Low', 'Low')"
ID0136,q6,"('High', 'Low')",High Relevance Labels,"('High', 'Low')"
ID0136,q7,"('High', 'Low')",High Relevance Labels,"('High', 'Low')"
ID0136,q8,"('High', 'High')",High Relevance Labels,"('High', 'High')"
ID0136,q9,"('High', 'High')",High Relevance Labels,"('High', 'High')"
ID0136,q10,"('High', 'Low')",High Relevance Labels,"('High', 'Low')"
ID0136,q11,"('High', 'High')",High Relevance Labels,"('High', 'High')"
ID0136,q12,"('Irr', 'Low')",Low Relevance Labels,"('Low', 'Irr')"
ID0136,q13,"('not applicable', 'not applicable')",Other,
ID0136,q14,"('not applicable', 'not applicable')",Other,
ID0136,q15,"('not applicable', 'not applicable')",Other,
ID0136,q16,"('not applicable', 'not applicable')",Other,
ID0136,q17,"('not applicable', 'not applicable')",Other,
ID0136,q18,"('not applicable', 'not applicable')",Other,
ID0136,q19,"('not applicable', 'not applicable')",Other,
ID0136,q20,"('not applicable', 'not applicable')",Other,
ID0136,q21,"('not applicable', 'not applicable')",Other,
ID0136,q22,"('not applicable', 'not applicable')",Other,
ID0142,q2,"('Low', 'Low')",Low Relevance Labels,"('Low', 'Low')"
ID0142,q3,"('High', 'Low')",High Relevance Labels,"('High', 'Low')"
ID0142,q4,"('Irr', 'Irr')",Irrelevant Labels,"('Irr', 'Irr')"
ID0142,q5,"('Low', 'Low')",Low Relevance Labels,"('Low', 'Low')"
ID0142,q6,"('High', 'Low')",High Relevance Labels,"('High', 'Low')"
ID0142,q7,"('Irr', 'Irr')",Irrelevant Labels,"('Irr', 'Irr')"
ID0142,q8,"('Low', 'Low')",Low Relevance Labels,"('Low', 'Low')"
ID0142,q9,"('High', 'Low')",High Relevance Labels,"('High', 'Low')"
ID0142,q10,"('High', 'Low')",High Relevance Labels,"('High', 'Low')"
ID0142,q11,"('Irr', 'Low')",Low Relevance Labels,"('Low', 'Irr')"
ID0142,q12,"('High', 'High')",High Relevance Labels,"('High', 'High')"
ID0142,q13,"('not applicable', 'not applicable')",Other,
ID0142,q14,"('not applicable', 'not applicable')",Other,
ID0142,q15,"('not applicable', 'not applicable')",Other,
ID0142,q16,"('not applicable', 'not applicable')",Other,
ID0142,q17,"('not applicable', 'not applicable')",Other,
ID0142,q18,"('not applicable', 'not applicable')",Other,
ID0142,q19,"('not applicable', 'not applicable')",Other,
ID0142,q20,"('not applicable', 'not applicable')",Other,
ID0142,q21,"('not applicable', 'not applicable')",Other,
ID0142,q22,"('not applicable', 'not applicable')",Other,
ID0146,q2,"('Irr', 'Low')",Low Relevance Labels,"('Low', 'Irr')"
ID0146,q3,"('High', 'High')",High Relevance Labels,"('High', 'High')"
ID0146,q4,"('High', 'High')",High Relevance Labels,"('High', 'High')"
ID0146,q5,"('Low', 'Low')",Low Relevance Labels,"('Low', 'Low')"
ID0146,q6,"('Irr', 'Irr')",Irrelevant Labels,"('Irr', 'Irr')"
ID0146,q7,"('Irr', 'Irr')",Irrelevant Labels,"('Irr', 'Irr')"
ID0146,q8,"('Irr', 'Low')",Low Relevance Labels,"('Low', 'Irr')"
ID0146,q9,"('High', 'Low')",High Relevance Labels,"('High', 'Low')"
ID0147,q2,"('High', 'High')",High Relevance Labels,"('High', 'High')"
ID0147,q3,"('High', 'Low')",High Relevance Labels,"('High', 'Low')"
ID0147,q4,"('High', 'Low')",High Relevance Labels,"('High', 'Low')"
ID0147,q5,"('High', 'High')",High Relevance Labels,"('High', 'High')"
ID0147,q6,"('High', 'Low')",High Relevance Labels,"('High', 'Low')"
ID0147,q7,"('High', 'Low')",High Relevance Labels,"('High', 'Low')"
ID0147,q8,"('Low', 'Low')",Low Relevance Labels,"('Low', 'Low')"
ID0147,q9,"('Irr', 'Irr')",Irrelevant Labels,"('Irr', 'Irr')"
ID0147,q10,"('not applicable', 'not applicable')",Other,
ID0147,q11,"('not applicable', 'not applicable')",Other,
ID0147,q12,"('not applicable', 'not applicable')",Other,
ID0147,q13,"('not applicable', 'not applicable')",Other,
ID0147,q14,"('not applicable', 'not applicable')",Other,
ID0147,q15,"('not applicable', 'not applicable')",Other,
ID0147,q16,"('not applicable', 'not applicable')",Other,
ID0147,q17,"('not applicable', 'not applicable')",Other,
ID0147,q18,"('not applicable', 'not applicable')",Other,
ID0147,q19,"('not applicable', 'not applicable')",Other,
ID0147,q20,"('not applicable', 'not applicable')",Other,
ID0147,q21,"('not applicable', 'not applicable')",Other,
ID0147,q22,"('not applicable', 'not applicable')",Other,
ID0148,q2,"('High', 'High')",High Relevance Labels,"('High', 'High')"
ID0148,q3,"('Low', 'Low')",Low Relevance Labels,"('Low', 'Low')"
ID0148,q4,"('Low', 'Low')",Low Relevance Labels,"('Low', 'Low')"
ID0148,q5,"('High', 'High')",High Relevance Labels,"('High', 'High')"
ID0148,q6,"('Low', 'Low')",Low Relevance Labels,"('Low', 'Low')"
ID0148,q7,"('High', 'High')",High Relevance Labels,"('High', 'High')"
ID0148,q8,"('High', 'High')",High Relevance Labels,"('High', 'High')"
ID0148,q9,"('not applicable', 'not applicable')",Other,
ID0148,q10,"('not applicable', 'not applicable')",Other,
ID0148,q11,"('not applicable', 'not applicable')",Other,
ID0148,q12,"('not applicable', 'not applicable')",Other,
ID0148,q13,"('not applicable', 'not applicable')",Other,
ID0148,q14,"('not applicable', 'not applicable')",Other,
ID0148,q15,"('not applicable', 'not applicable')",Other,
ID0148,q16,"('not applicable', 'not applicable')",Other,
ID0148,q17,"('not applicable', 'not applicable')",Other,
ID0148,q18,"('not applicable', 'not applicable')",Other,
ID0148,q19,"('not applicable', 'not applicable')",Other,
ID0148,q20,"('not applicable', 'not applicable')",Other,
ID0148,q21,"('not applicable', 'not applicable')",Other,
ID0148,q22,"('not applicable', 'not applicable')",Other,
ID0150,q2,"('High', 'High')",High Relevance Labels,"('High', 'High')"
ID0150,q3,"('High', 'High')",High Relevance Labels,"('High', 'High')"
ID0150,q4,"('High', 'Low')",High Relevance Labels,"('High', 'Low')"
ID0150,q5,"('High', 'Low')",High Relevance Labels,"('High', 'Low')"
ID0150,q6,"('Low', 'Low')",Low Relevance Labels,"('Low', 'Low')"
ID0150,q7,"('Low', 'not applicable')",Other,
ID0150,q8,"('High', 'High')",High Relevance Labels,"('High', 'High')"
ID0150,q9,"('High', 'High')",High Relevance Labels,"('High', 'High')"
ID0150,q10,"('High', 'Low')",High Relevance Labels,"('High', 'Low')"
ID0150,q11,"('High', 'Low')",High Relevance Labels,"('High', 'Low')"
ID0150,q12,"('High', 'High')",High Relevance Labels,"('High', 'High')"
ID0150,q13,"('Low', 'Low')",Low Relevance Labels,"('Low', 'Low')"
ID0150,q14,"('High', 'High')",High Relevance Labels,"('High', 'High')"
ID0150,q15,"('Irr', 'Low')",Low Relevance Labels,"('Low', 'Irr')"
ID0150,q16,"('High', 'Low')",High Relevance Labels,"('High', 'Low')"
ID0150,q17,"('not applicable', 'not applicable')",Other,
ID0150,q18,"('not applicable', 'not applicable')",Other,
ID0150,q19,"('not applicable', 'not applicable')",Other,
ID0150,q20,"('not applicable', 'not applicable')",Other,
ID0150,q21,"('not applicable', 'not applicable')",Other,
ID0150,q22,"('not applicable', 'not applicable')",Other,
ID0151,q2,"('High', 'High')",High Relevance Labels,"('High', 'High')"
ID0151,q3,"('Low', 'Low')",Low Relevance Labels,"('Low', 'Low')"
ID0151,q4,"('High', 'High')",High Relevance Labels,"('High', 'High')"
ID0151,q5,"('High', 'Low')",High Relevance Labels,"('High', 'Low')"
ID0151,q6,"('not applicable', 'not applicable')",Other,
ID0151,q7,"('not applicable', 'not applicable')",Other,
ID0151,q8,"('not applicable', 'not applicable')",Other,
ID0151,q9,"('not applicable', 'not applicable')",Other,
ID0151,q10,"('not applicable', 'not applicable')",Other,
ID0151,q11,"('not applicable', 'not applicable')",Other,
ID0151,q12,"('not applicable', 'not applicable')",Other,
ID0151,q13,"('not applicable', 'not applicable')",Other,
ID0151,q14,"('not applicable', 'not applicable')",Other,
ID0151,q15,"('not applicable', 'not applicable')",Other,
ID0151,q16,"('not applicable', 'not applicable')",Other,
ID0151,q17,"('not applicable', 'not applicable')",Other,
ID0151,q18,"('not applicable', 'not applicable')",Other,
ID0151,q19,"('not applicable', 'not applicable')",Other,
ID0151,q20,"('not applicable', 'not applicable')",Other,
ID0151,q21,"('not applicable', 'not applicable')",Other,
ID0151,q22,"('not applicable', 'not applicable')",Other,
ID0152,q2,"('High', 'Low')",High Relevance Labels,"('High', 'Low')"
ID0152,q3,"('High', 'Low')",High Relevance Labels,"('High', 'Low')"
ID0152,q4,"('Low', 'Low')",Low Relevance Labels,"('Low', 'Low')"
ID0152,q5,"('Low', 'Low')",Low Relevance Labels,"('Low', 'Low')"
ID0152,q6,"('High', 'High')",High Relevance Labels,"('High', 'High')"
ID0152,q7,"('not applicable', 'not applicable')",Other,
ID0152,q8,"('not applicable', 'not applicable')",Other,
ID0152,q9,"('not applicable', 'not applicable')",Other,
ID0152,q10,"('not applicable', 'not applicable')",Other,
ID0152,q11,"('not applicable', 'not applicable')",Other,
ID0152,q12,"('not applicable', 'not applicable')",Other,
ID0152,q13,"('not applicable', 'not applicable')",Other,
ID0152,q14,"('not applicable', 'not applicable')",Other,
ID0152,q15,"('not applicable', 'not applicable')",Other,
ID0152,q16,"('not applicable', 'not applicable')",Other,
ID0152,q17,"('not applicable', 'not applicable')",Other,
ID0152,q18,"('not applicable', 'not applicable')",Other,
ID0152,q19,"('not applicable', 'not applicable')",Other,
ID0152,q20,"('not applicable', 'not applicable')",Other,
ID0152,q21,"('not applicable', 'not applicable')",Other,
ID0152,q22,"('not applicable', 'not applicable')",Other,
ID0153,q2,"('High', 'High')",High Relevance Labels,"('High', 'High')"
ID0153,q3,"('Low', 'Low')",Low Relevance Labels,"('Low', 'Low')"
ID0153,q4,"('Low', 'Low')",Low Relevance Labels,"('Low', 'Low')"
ID0153,q5,"('Low', 'Low')",Low Relevance Labels,"('Low', 'Low')"
ID0153,q6,"('Irr', 'Low')",Low Relevance Labels,"('Low', 'Irr')"
ID0153,q7,"('Irr', 'Low')",Low Relevance Labels,"('Low', 'Irr')"
ID0153,q8,"('High', 'High')",High Relevance Labels,"('High', 'High')"
ID0153,q9,"('Irr', 'Low')",Low Relevance Labels,"('Low', 'Irr')"
ID0153,q10,"('Irr', 'Irr')",Irrelevant Labels,"('Irr', 'Irr')"
ID0153,q11,"('not applicable', 'not applicable')",Other,
ID0153,q12,"('not applicable', 'not applicable')",Other,
ID0153,q13,"('not applicable', 'not applicable')",Other,
ID0153,q14,"('not applicable', 'not applicable')",Other,
ID0153,q15,"('not applicable', 'not applicable')",Other,
ID0153,q16,"('not applicable', 'not applicable')",Other,
ID0153,q17,"('not applicable', 'not applicable')",Other,
ID0153,q18,"('not applicable', 'not applicable')",Other,
ID0153,q19,"('not applicable', 'not applicable')",Other,
ID0153,q20,"('not applicable', 'not applicable')",Other,
ID0153,q21,"('not applicable', 'not applicable')",Other,
ID0153,q22,"('not applicable', 'not applicable')",Other,
ID0154,q2,"('High', 'High')",High Relevance Labels,"('High', 'High')"
ID0154,q3,"('High', 'Irr')",Low Relevance Labels,"('High', 'Irr')"
ID0154,q4,"('Irr', 'Low')",Low Relevance Labels,"('Low', 'Irr')"
ID0154,q5,"('High', 'Low')",High Relevance Labels,"('High', 'Low')"
ID0154,q6,"('High', 'Irr')",Low Relevance Labels,"('High', 'Irr')"
ID0154,q7,"('High', 'Low')",High Relevance Labels,"('High', 'Low')"
ID0154,q8,"('Low', 'Low')",Low Relevance Labels,"('Low', 'Low')"
ID0154,q9,"('Low', 'Low')",Low Relevance Labels,"('Low', 'Low')"
ID0154,q10,"('High', 'High')",High Relevance Labels,"('High', 'High')"
ID0154,q11,"('High', 'Low')",High Relevance Labels,"('High', 'Low')"
ID0154,q12,"('High', 'Irr')",Low Relevance Labels,"('High', 'Irr')"
ID0154,q13,"('High', 'Low')",High Relevance Labels,"('High', 'Low')"
ID0154,q14,"('not applicable', 'not applicable')",Other,
ID0154,q15,"('not applicable', 'not applicable')",Other,
ID0154,q16,"('not applicable', 'not applicable')",Other,
ID0154,q17,"('not applicable', 'not applicable')",Other,
ID0154,q18,"('not applicable', 'not applicable')",Other,
ID0154,q19,"('not applicable', 'not applicable')",Other,
ID0154,q20,"('not applicable', 'not applicable')",Other,
ID0154,q21,"('not applicable', 'not applicable')",Other,
ID0154,q22,"('not applicable', 'not applicable')",Other,
ID0169,q2,"('High', 'High')",High Relevance Labels,"('High', 'High')"
ID0169,q3,"('High', 'Low')",High Relevance Labels,"('High', 'Low')"
ID0169,q4,"('Irr', 'Low')",Low Relevance Labels,"('Low', 'Irr')"
ID0169,q5,"('High', 'Irr')",Low Relevance Labels,"('High', 'Irr')"
ID0169,q6,"('Low', 'Low')",Low Relevance Labels,"('Low', 'Low')"
ID0169,q7,"('Low', 'Low')",Low Relevance Labels,"('Low', 'Low')"
ID0169,q8,"('High', 'Low')",High Relevance Labels,"('High', 'Low')"
ID0169,q9,"('High', 'Low')",High Relevance Labels,"('High', 'Low')"
ID0169,q10,"('Irr', 'Low')",Low Relevance Labels,"('Low', 'Irr')"
ID0169,q11,"('Low', 'Low')",Low Relevance Labels,"('Low', 'Low')"
ID0169,q12,"('High', 'Irr')",Low Relevance Labels,"('High', 'Irr')"
ID0169,q13,"('Low', 'Low')",Low Relevance Labels,"('Low', 'Low')"
ID0169,q14,"('Low', 'Low')",Low Relevance Labels,"('Low', 'Low')"
ID0169,q15,"('Irr', 'Low')",Low Relevance Labels,"('Low', 'Irr')"
ID0169,q16,"('not applicable', 'not applicable')",Other,
ID0169,q17,"('not applicable', 'not applicable')",Other,
ID0169,q18,"('not applicable', 'not applicable')",Other,
ID0169,q19,"('not applicable', 'not applicable')",Other,
ID0169,q20,"('not applicable', 'not applicable')",Other,
ID0169,q21,"('not applicable', 'not applicable')",Other,
ID0169,q22,"('not applicable', 'not applicable')",Other,
ID0172,q2,"('High', 'High')",High Relevance Labels,"('High', 'High')"
ID0172,q3,"('High', 'High')",High Relevance Labels,"('High', 'High')"
ID0172,q4,"('Low', 'Low')",Low Relevance Labels,"('Low', 'Low')"
ID0172,q5,"('Low', 'Low')",Low Relevance Labels,"('Low', 'Low')"
ID0172,q6,"('High', 'Low')",High Relevance Labels,"('High', 'Low')"
ID0172,q7,"('High', 'High')",High Relevance Labels,"('High', 'High')"
ID0172,q8,"('High', 'Low')",High Relevance Labels,"('High', 'Low')"
ID0172,q9,"('High', 'Low')",High Relevance Labels,"('High', 'Low')"
ID0172,q10,"('Low', 'Low')",Low Relevance Labels,"('Low', 'Low')"
ID0172,q11,"('High', 'Low')",High Relevance Labels,"('High', 'Low')"
ID0172,q12,"('High', 'Low')",High Relevance Labels,"('High', 'Low')"
ID0172,q13,"('High', 'Low')",High Relevance Labels,"('High', 'Low')"
ID0172,q14,"('Low', 'Low')",Low Relevance Labels,"('Low', 'Low')"
ID0172,q15,"('High', 'Low')",High Relevance Labels,"('High', 'Low')"
ID0172,q16,"('Low', 'not applicable')",Other,
ID0172,q17,"('not applicable', 'not applicable')",Other,
ID0172,q18,"('not applicable', 'not applicable')",Other,
ID0172,q19,"('not applicable', 'not applicable')",Other,
ID0172,q20,"('not applicable', 'not applicable')",Other,
ID0172,q21,"('not applicable', 'not applicable')",Other,
ID0172,q22,"('not applicable', 'not applicable')",Other,
ID0199,q2,"('High', 'Low')",High Relevance Labels,"('High', 'Low')"
ID0199,q3,"('High', 'High')",High Relevance Labels,"('High', 'High')"
ID0199,q4,"('High', 'Low')",High Relevance Labels,"('High', 'Low')"
ID0199,q5,"('High', 'Low')",High Relevance Labels,"('High', 'Low')"
ID0199,q6,"('High', 'Irr')",Low Relevance Labels,"('High', 'Irr')"
ID0199,q7,"('Irr', 'Low')",Low Relevance Labels,"('Low', 'Irr')"
ID0199,q8,"('High', 'Irr')",Low Relevance Labels,"('High', 'Irr')"
ID0199,q9,"('Irr', 'Low')",Low Relevance Labels,"('Low', 'Irr')"
ID0199,q10,"('High', 'Irr')",Low Relevance Labels,"('High', 'Irr')"
ID0199,q11,"('High', 'High')",High Relevance Labels,"('High', 'High')"
ID0199,q12,"('High', 'High')",High Relevance Labels,"('High', 'High')"
ID0199,q13,"('High', 'Low')",High Relevance Labels,"('High', 'Low')"
ID0199,q14,"('High', 'Low')",High Relevance Labels,"('High', 'Low')"
ID0199,q15,"('Irr', 'Low')",Low Relevance Labels,"('Low', 'Irr')"
ID0199,q16,"('High', 'High')",High Relevance Labels,"('High', 'High')"
ID0199,q17,"('not applicable', 'not applicable')",Other,
ID0199,q18,"('not applicable', 'not applicable')",Other,
ID0199,q19,"('not applicable', 'not applicable')",Other,
ID0199,q20,"('not applicable', 'not applicable')",Other,
ID0199,q21,"('not applicable', 'not applicable')",Other,
ID0199,q22,"('not applicable', 'not applicable')",Other,
ID0202,q2,"('High', 'High')",High Relevance Labels,"('High', 'High')"
ID0202,q3,"('High', 'Low')",High Relevance Labels,"('High', 'Low')"
ID0202,q4,"('Low', 'Low')",Low Relevance Labels,"('Low', 'Low')"
ID0202,q5,"('High', 'High')",High Relevance Labels,"('High', 'High')"
ID0202,q6,"('Irr', 'Low')",Low Relevance Labels,"('Low', 'Irr')"
ID0202,q7,"('High', 'Low')",High Relevance Labels,"('High', 'Low')"
ID0202,q8,"('High', 'Low')",High Relevance Labels,"('High', 'Low')"
ID0202,q9,"('High', 'Low')",High Relevance Labels,"('High', 'Low')"
ID0202,q10,"('High', 'Low')",High Relevance Labels,"('High', 'Low')"
ID0202,q11,"('Irr', 'Low')",Low Relevance Labels,"('Low', 'Irr')"
ID0202,q12,"('not applicable', 'not applicable')",Other,
ID0202,q13,"('not applicable', 'not applicable')",Other,
ID0202,q14,"('not applicable', 'not applicable')",Other,
ID0202,q15,"('not applicable', 'not applicable')",Other,
ID0202,q16,"('not applicable', 'not applicable')",Other,
ID0202,q17,"('not applicable', 'not applicable')",Other,
ID0202,q18,"('not applicable', 'not applicable')",Other,
ID0202,q19,"('not applicable', 'not applicable')",Other,
ID0202,q20,"('not applicable', 'not applicable')",Other,
ID0202,q21,"('not applicable', 'not applicable')",Other,
ID0202,q22,"('not applicable', 'not applicable')",Other,
ID0220,q2,"('Irr', 'Low')",Low Relevance Labels,"('Low', 'Irr')"
ID0220,q3,"('Irr', 'Low')",Low Relevance Labels,"('Low', 'Irr')"
ID0220,q4,"('Irr', 'Low')",Low Relevance Labels,"('Low', 'Irr')"
ID0220,q5,"('Low', 'Low')",Low Relevance Labels,"('Low', 'Low')"
ID0220,q6,"('Low', 'Low')",Low Relevance Labels,"('Low', 'Low')"
ID0220,q7,"('Irr', 'Low')",Low Relevance Labels,"('Low', 'Irr')"
ID0220,q8,"('High', 'Low')",High Relevance Labels,"('High', 'Low')"
ID0220,q9,"('High', 'High')",High Relevance Labels,"('High', 'High')"
ID0220,q10,"('High', 'High')",High Relevance Labels,"('High', 'High')"
ID0220,q11,"('Low', 'not applicable')",Other,
ID0220,q12,"('not applicable', 'not applicable')",Other,
ID0220,q13,"('not applicable', 'not applicable')",Other,
ID0220,q14,"('not applicable', 'not applicable')",Other,
ID0220,q15,"('not applicable', 'not applicable')",Other,
ID0220,q16,"('not applicable', 'not applicable')",Other,
ID0220,q17,"('not applicable', 'not applicable')",Other,
ID0220,q18,"('not applicable', 'not applicable')",Other,
ID0220,q19,"('not applicable', 'not applicable')",Other,
ID0220,q20,"('not applicable', 'not applicable')",Other,
ID0220,q21,"('not applicable', 'not applicable')",Other,
ID0220,q22,"('not applicable', 'not applicable')",Other,
ID0222,q2,"('High', 'High')",High Relevance Labels,"('High', 'High')"
ID0222,q3,"('Low', 'Low')",Low Relevance Labels,"('Low', 'Low')"
ID0222,q4,"('High', 'Low')",High Relevance Labels,"('High', 'Low')"
ID0222,q5,"('Irr', 'Low')",Low Relevance Labels,"('Low', 'Irr')"
ID0222,q6,"('High', 'Low')",High Relevance Labels,"('High', 'Low')"
ID0222,q7,"('High', 'Low')",High Relevance Labels,"('High', 'Low')"
ID0222,q8,"('High', 'High')",High Relevance Labels,"('High', 'High')"
ID0222,q9,"('Low', 'Low')",Low Relevance Labels,"('Low', 'Low')"
ID0222,q10,"('High', 'High')",High Relevance Labels,"('High', 'High')"
ID0222,q11,"('High', 'Low')",High Relevance Labels,"('High', 'Low')"
ID0222,q12,"('Low', 'not applicable')",Other,
ID0222,q13,"('High', 'not applicable')",Other,
ID0222,q14,"('not applicable', 'not applicable')",Other,
ID0222,q15,"('not applicable', 'not applicable')",Other,
ID0222,q16,"('not applicable', 'not applicable')",Other,
ID0222,q17,"('not applicable', 'not applicable')",Other,
ID0222,q18,"('not applicable', 'not applicable')",Other,
ID0222,q19,"('not applicable', 'not applicable')",Other,
ID0222,q20,"('not applicable', 'not applicable')",Other,
ID0222,q21,"('not applicable', 'not applicable')",Other,
ID0222,q22,"('not applicable', 'not applicable')",Other,
ID0229,q2,"('High', 'High')",High Relevance Labels,"('High', 'High')"
ID0229,q3,"('Low', 'Low')",Low Relevance Labels,"('Low', 'Low')"
ID0229,q4,"('Low', 'Low')",Low Relevance Labels,"('Low', 'Low')"
ID0229,q5,"('Low', 'Low')",Low Relevance Labels,"('Low', 'Low')"
ID0229,q6,"('Low', 'Low')",Low Relevance Labels,"('Low', 'Low')"
ID0229,q7,"('Low', 'Low')",Low Relevance Labels,"('Low', 'Low')"
ID0229,q8,"('High', 'High')",High Relevance Labels,"('High', 'High')"
ID0229,q9,"('not applicable', 'not applicable')",Other,
ID0229,q10,"('not applicable', 'not applicable')",Other,
ID0229,q11,"('not applicable', 'not applicable')",Other,
ID0229,q12,"('not applicable', 'not applicable')",Other,
ID0229,q13,"('not applicable', 'not applicable')",Other,
ID0229,q14,"('not applicable', 'not applicable')",Other,
ID0229,q15,"('not applicable', 'not applicable')",Other,
ID0229,q16,"('not applicable', 'not applicable')",Other,
ID0229,q17,"('not applicable', 'not applicable')",Other,
ID0229,q18,"('not applicable', 'not applicable')",Other,
ID0229,q19,"('not applicable', 'not applicable')",Other,
ID0229,q20,"('not applicable', 'not applicable')",Other,
ID0229,q21,"('not applicable', 'not applicable')",Other,
ID0229,q22,"('not applicable', 'not applicable')",Other,
ID0235,q2,"('High', 'High')",High Relevance Labels,"('High', 'High')"
ID0235,q3,"('High', 'High')",High Relevance Labels,"('High', 'High')"
ID0235,q4,"('High', 'Low')",High Relevance Labels,"('High', 'Low')"
ID0235,q5,"('High', 'High')",High Relevance Labels,"('High', 'High')"
ID0235,q6,"('High', 'Low')",High Relevance Labels,"('High', 'Low')"
ID0235,q7,"('High', 'Low')",High Relevance Labels,"('High', 'Low')"
ID0235,q8,"('High', 'High')",High Relevance Labels,"('High', 'High')"
ID0235,q9,"('Low', 'Low')",Low Relevance Labels,"('Low', 'Low')"
ID0235,q10,"('High', 'High')",High Relevance Labels,"('High', 'High')"
ID0236,q2,"('High', 'High')",High Relevance Labels,"('High', 'High')"
ID0236,q3,"('High', 'Low')",High Relevance Labels,"('High', 'Low')"
ID0236,q4,"('Low', 'Low')",Low Relevance Labels,"('Low', 'Low')"
ID0236,q5,"('Irr', 'Low')",Low Relevance Labels,"('Low', 'Irr')"
ID0236,q6,"('Irr', 'Low')",Low Relevance Labels,"('Low', 'Irr')"
ID0236,q7,"('Low', 'Low')",Low Relevance Labels,"('Low', 'Low')"
ID0236,q8,"('High', 'High')",High Relevance Labels,"('High', 'High')"
ID0236,q9,"('High', 'High')",High Relevance Labels,"('High', 'High')"
ID0236,q10,"('Irr', 'Low')",Low Relevance Labels,"('Low', 'Irr')"
ID0236,q11,"('not applicable', 'not applicable')",Other,
ID0236,q12,"('not applicable', 'not applicable')",Other,
ID0236,q13,"('not applicable', 'not applicable')",Other,
ID0236,q14,"('not applicable', 'not applicable')",Other,
ID0236,q15,"('not applicable', 'not applicable')",Other,
ID0236,q16,"('not applicable', 'not applicable')",Other,
ID0236,q17,"('not applicable', 'not applicable')",Other,
ID0236,q18,"('not applicable', 'not applicable')",Other,
ID0236,q19,"('not applicable', 'not applicable')",Other,
ID0236,q20,"('not applicable', 'not applicable')",Other,
ID0236,q21,"('not applicable', 'not applicable')",Other,
ID0236,q22,"('not applicable', 'not applicable')",Other,
ID0238,q2,"('High', 'High')",High Relevance Labels,"('High', 'High')"
ID0238,q3,"('High', 'Low')",High Relevance Labels,"('High', 'Low')"
ID0238,q4,"('Low', 'Low')",Low Relevance Labels,"('Low', 'Low')"
ID0238,q5,"('Low', 'Low')",Low Relevance Labels,"('Low', 'Low')"
ID0238,q6,"('High', 'Low')",High Relevance Labels,"('High', 'Low')"
ID0238,q7,"('High', 'High')",High Relevance Labels,"('High', 'High')"
ID0238,q8,"('High', 'Low')",High Relevance Labels,"('High', 'Low')"
ID0238,q9,"('Low', 'Low')",Low Relevance Labels,"('Low', 'Low')"
ID0238,q10,"('High', 'High')",High Relevance Labels,"('High', 'High')"
ID0238,q11,"('High', 'Low')",High Relevance Labels,"('High', 'Low')"
ID0238,q12,"('Low', 'Low')",Low Relevance Labels,"('Low', 'Low')"
ID0238,q13,"('not applicable', 'not applicable')",Other,
ID0238,q14,"('not applicable', 'not applicable')",Other,
ID0238,q15,"('not applicable', 'not applicable')",Other,
ID0238,q16,"('not applicable', 'not applicable')",Other,
ID0238,q17,"('not applicable', 'not applicable')",Other,
ID0238,q18,"('not applicable', 'not applicable')",Other,
ID0238,q19,"('not applicable', 'not applicable')",Other,
ID0238,q20,"('not applicable', 'not applicable')",Other,
ID0238,q21,"('not applicable', 'not applicable')",Other,
ID0238,q22,"('not applicable', 'not applicable')",Other,
ID0240,q2,"('High', 'High')",High Relevance Labels,"('High', 'High')"
ID0240,q3,"('High', 'High')",High Relevance Labels,"('High', 'High')"
ID0240,q4,"('High', 'Low')",High Relevance Labels,"('High', 'Low')"
ID0240,q5,"('High', 'High')",High Relevance Labels,"('High', 'High')"
ID0240,q6,"('High', 'High')",High Relevance Labels,"('High', 'High')"
ID0240,q7,"('High', 'Low')",High Relevance Labels,"('High', 'Low')"
ID0240,q8,"('High', 'Low')",High Relevance Labels,"('High', 'Low')"
ID0240,q9,"('Low', 'Low')",Low Relevance Labels,"('Low', 'Low')"
ID0240,q10,"('Irr', 'Low')",Low Relevance Labels,"('Low', 'Irr')"
ID0240,q11,"('not applicable', 'not applicable')",Other,
ID0240,q12,"('not applicable', 'not applicable')",Other,
ID0240,q13,"('not applicable', 'not applicable')",Other,
ID0240,q14,"('not applicable', 'not applicable')",Other,
ID0240,q15,"('not applicable', 'not applicable')",Other,
ID0240,q16,"('not applicable', 'not applicable')",Other,
ID0240,q17,"('not applicable', 'not applicable')",Other,
ID0240,q18,"('not applicable', 'not applicable')",Other,
ID0240,q19,"('not applicable', 'not applicable')",Other,
ID0240,q20,"('not applicable', 'not applicable')",Other,
ID0240,q21,"('not applicable', 'not applicable')",Other,
ID0240,q22,"('not applicable', 'not applicable')",Other,
ID0242,q2,"('Low', 'Low')",Low Relevance Labels,"('Low', 'Low')"
ID0242,q3,"('Irr', 'Low')",Low Relevance Labels,"('Low', 'Irr')"
ID0242,q4,"('Low', 'Low')",Low Relevance Labels,"('Low', 'Low')"
ID0242,q5,"('Irr', 'Low')",Low Relevance Labels,"('Low', 'Irr')"
ID0242,q6,"('Irr', 'Low')",Low Relevance Labels,"('Low', 'Irr')"
ID0242,q7,"('Irr', 'Low')",Low Relevance Labels,"('Low', 'Irr')"
ID0242,q8,"('High', 'Low')",High Relevance Labels,"('High', 'Low')"
ID0242,q9,"('High', 'Low')",High Relevance Labels,"('High', 'Low')"
ID0242,q10,"('High', 'Low')",High Relevance Labels,"('High', 'Low')"
ID0242,q11,"('High', 'Low')",High Relevance Labels,"('High', 'Low')"
ID0242,q12,"('High', 'High')",High Relevance Labels,"('High', 'High')"
ID0242,q13,"('High', 'Low')",High Relevance Labels,"('High', 'Low')"
ID0242,q14,"('Low', 'not applicable')",Other,
ID0242,q15,"('not applicable', 'not applicable')",Other,
ID0242,q16,"('not applicable', 'not applicable')",Other,
ID0242,q17,"('not applicable', 'not applicable')",Other,
ID0242,q18,"('not applicable', 'not applicable')",Other,
ID0242,q19,"('not applicable', 'not applicable')",Other,
ID0242,q20,"('not applicable', 'not applicable')",Other,
ID0242,q21,"('not applicable', 'not applicable')",Other,
ID0242,q22,"('not applicable', 'not applicable')",Other,
ID0247,q2,"('Irr', 'Low')",Low Relevance Labels,"('Low', 'Irr')"
ID0247,q3,"('Irr', 'Low')",Low Relevance Labels,"('Low', 'Irr')"
ID0247,q4,"('Irr', 'Low')",Low Relevance Labels,"('Low', 'Irr')"
ID0247,q5,"('Irr', 'Irr')",Irrelevant Labels,"('Irr', 'Irr')"
ID0247,q6,"('Irr', 'Low')",Low Relevance Labels,"('Low', 'Irr')"
ID0247,q7,"('Irr', 'Irr')",Irrelevant Labels,"('Irr', 'Irr')"
ID0247,q8,"('High', 'Low')",High Relevance Labels,"('High', 'Low')"
ID0247,q9,"('High', 'High')",High Relevance Labels,"('High', 'High')"
ID0247,q10,"('High', 'High')",High Relevance Labels,"('High', 'High')"
ID0247,q11,"('High', 'Low')",High Relevance Labels,"('High', 'Low')"
ID0247,q12,"('Low', 'not applicable')",Other,
ID0247,q13,"('not applicable', 'not applicable')",Other,
ID0247,q14,"('not applicable', 'not applicable')",Other,
ID0247,q15,"('not applicable', 'not applicable')",Other,
ID0247,q16,"('not applicable', 'not applicable')",Other,
ID0247,q17,"('not applicable', 'not applicable')",Other,
ID0247,q18,"('not applicable', 'not applicable')",Other,
ID0247,q19,"('not applicable', 'not applicable')",Other,
ID0247,q20,"('not applicable', 'not applicable')",Other,
ID0247,q21,"('not applicable', 'not applicable')",Other,
ID0247,q22,"('not applicable', 'not applicable')",Other,
ID0253,q2,"('High', 'High')",High Relevance Labels,"('High', 'High')"
ID0253,q3,"('High', 'Low')",High Relevance Labels,"('High', 'Low')"
ID0253,q4,"('High', 'High')",High Relevance Labels,"('High', 'High')"
ID0253,q5,"('High', 'Irr')",Low Relevance Labels,"('High', 'Irr')"
ID0257,q2,"('High', 'High')",High Relevance Labels,"('High', 'High')"
ID0257,q3,"('High', 'Low')",High Relevance Labels,"('High', 'Low')"
ID0257,q4,"('Low', 'Low')",Low Relevance Labels,"('Low', 'Low')"
ID0257,q5,"('High', 'Irr')",Low Relevance Labels,"('High', 'Irr')"
ID0257,q6,"('High', 'Irr')",Low Relevance Labels,"('High', 'Irr')"
ID0257,q7,"('High', 'Low')",High Relevance Labels,"('High', 'Low')"
ID0257,q8,"('High', 'Low')",High Relevance Labels,"('High', 'Low')"
ID0257,q9,"('High', 'Low')",High Relevance Labels,"('High', 'Low')"
ID0257,q10,"('Irr', 'Low')",Low Relevance Labels,"('Low', 'Irr')"
ID0257,q11,"('High', 'High')",High Relevance Labels,"('High', 'High')"
ID0257,q12,"('High', 'High')",High Relevance Labels,"('High', 'High')"
ID0275,q2,"('High', 'Low')",High Relevance Labels,"('High', 'Low')"
ID0275,q3,"('High', 'High')",High Relevance Labels,"('High', 'High')"
ID0275,q4,"('High', 'High')",High Relevance Labels,"('High', 'High')"
ID0275,q5,"('Irr', 'Low')",Low Relevance Labels,"('Low', 'Irr')"
ID0275,q6,"('Irr', 'Irr')",Irrelevant Labels,"('Irr', 'Irr')"
ID0275,q7,"('Irr', 'Low')",Low Relevance Labels,"('Low', 'Irr')"
ID0275,q8,"('Low', 'Low')",Low Relevance Labels,"('Low', 'Low')"
ID0275,q9,"('High', 'Low')",High Relevance Labels,"('High', 'Low')"
ID0275,q10,"('High', 'High')",High Relevance Labels,"('High', 'High')"
ID0275,q11,"('not applicable', 'not applicable')",Other,
ID0275,q12,"('not applicable', 'not applicable')",Other,
ID0275,q13,"('not applicable', 'not applicable')",Other,
ID0275,q14,"('not applicable', 'not applicable')",Other,
ID0275,q15,"('not applicable', 'not applicable')",Other,
ID0275,q16,"('not applicable', 'not applicable')",Other,
ID0275,q17,"('not applicable', 'not applicable')",Other,
ID0275,q18,"('not applicable', 'not applicable')",Other,
ID0275,q19,"('not applicable', 'not applicable')",Other,
ID0275,q20,"('not applicable', 'not applicable')",Other,
ID0275,q21,"('not applicable', 'not applicable')",Other,
ID0275,q22,"('not applicable', 'not applicable')",Other,
ID0277,q2,"('High', 'High')",High Relevance Labels,"('High', 'High')"
ID0277,q3,"('High', 'High')",High Relevance Labels,"('High', 'High')"
ID0277,q4,"('High', 'Low')",High Relevance Labels,"('High', 'Low')"
ID0277,q5,"('High', 'Low')",High Relevance Labels,"('High', 'Low')"
ID0277,q6,"('High', 'Irr')",Low Relevance Labels,"('High', 'Irr')"
ID0277,q7,"('Low', 'Low')",Low Relevance Labels,"('Low', 'Low')"
ID0277,q8,"('Low', 'Low')",Low Relevance Labels,"('Low', 'Low')"
ID0277,q9,"('High', 'High')",High Relevance Labels,"('High', 'High')"
ID0277,q10,"('High', 'Low')",High Relevance Labels,"('High', 'Low')"
ID0277,q11,"('Irr', 'Low')",Low Relevance Labels,"('Low', 'Irr')"
ID0277,q12,"('High', 'Irr')",Low Relevance Labels,"('High', 'Irr')"
ID0277,q13,"('High', 'Low')",High Relevance Labels,"('High', 'Low')"
ID0277,q14,"('High', 'Low')",High Relevance Labels,"('High', 'Low')"
ID0277,q15,"('High', 'Low')",High Relevance Labels,"('High', 'Low')"
ID0277,q16,"('High', 'Low')",High Relevance Labels,"('High', 'Low')"
ID0277,q17,"('not applicable', 'not applicable')",Other,
ID0277,q18,"('not applicable', 'not applicable')",Other,
ID0277,q19,"('not applicable', 'not applicable')",Other,
ID0277,q20,"('not applicable', 'not applicable')",Other,
ID0277,q21,"('not applicable', 'not applicable')",Other,
ID0277,q22,"('not applicable', 'not applicable')",Other,
ID0280,q2,"('High', 'High')",High Relevance Labels,"('High', 'High')"
ID0280,q3,"('Low', 'Low')",Low Relevance Labels,"('Low', 'Low')"
ID0280,q4,"('Irr', 'Low')",Low Relevance Labels,"('Low', 'Irr')"
ID0280,q5,"('High', 'Irr')",Low Relevance Labels,"('High', 'Irr')"
ID0280,q6,"('High', 'High')",High Relevance Labels,"('High', 'High')"
ID0280,q7,"('High', 'High')",High Relevance Labels,"('High', 'High')"
ID0284,q2,"('High', 'High')",High Relevance Labels,"('High', 'High')"
ID0284,q3,"('Low', 'Low')",Low Relevance Labels,"('Low', 'Low')"
ID0284,q4,"('High', 'Low')",High Relevance Labels,"('High', 'Low')"
ID0284,q5,"('Irr', 'Low')",Low Relevance Labels,"('Low', 'Irr')"
ID0284,q6,"('High', 'High')",High Relevance Labels,"('High', 'High')"
ID0284,q7,"('High', 'Low')",High Relevance Labels,"('High', 'Low')"
ID0284,q8,"('High', 'High')",High Relevance Labels,"('High', 'High')"
ID0284,q9,"('Low', 'Low')",Low Relevance Labels,"('Low', 'Low')"
ID0284,q10,"('High', 'not applicable')",Other,
ID0284,q11,"('not applicable', 'not applicable')",Other,
ID0284,q12,"('not applicable', 'not applicable')",Other,
ID0284,q13,"('not applicable', 'not applicable')",Other,
ID0284,q14,"('not applicable', 'not applicable')",Other,
ID0284,q15,"('not applicable', 'not applicable')",Other,
ID0284,q16,"('not applicable', 'not applicable')",Other,
ID0284,q17,"('not applicable', 'not applicable')",Other,
ID0284,q18,"('not applicable', 'not applicable')",Other,
ID0284,q19,"('not applicable', 'not applicable')",Other,
ID0284,q20,"('not applicable', 'not applicable')",Other,
ID0284,q21,"('not applicable', 'not applicable')",Other,
ID0284,q22,"('not applicable', 'not applicable')",Other,
ID0286,q2,"('High', 'Low')",High Relevance Labels,"('High', 'Low')"
ID0286,q3,"('High', 'High')",High Relevance Labels,"('High', 'High')"
ID0286,q4,"('Low', 'Low')",Low Relevance Labels,"('Low', 'Low')"
ID0286,q5,"('High', 'Low')",High Relevance Labels,"('High', 'Low')"
ID0286,q6,"('High', 'High')",High Relevance Labels,"('High', 'High')"
ID0286,q7,"('High', 'High')",High Relevance Labels,"('High', 'High')"
ID0286,q8,"('High', 'Low')",High Relevance Labels,"('High', 'Low')"
ID0286,q9,"('High', 'Low')",High Relevance Labels,"('High', 'Low')"
ID0286,q10,"('High', 'Low')",High Relevance Labels,"('High', 'Low')"
ID0286,q11,"('High', 'High')",High Relevance Labels,"('High', 'High')"
ID0286,q12,"('Low', 'Low')",Low Relevance Labels,"('Low', 'Low')"
ID0286,q13,"('Low', 'not applicable')",Other,
ID0287,q2,"('High', 'High')",High Relevance Labels,"('High', 'High')"
ID0287,q3,"('High', 'Low')",High Relevance Labels,"('High', 'Low')"
ID0287,q4,"('High', 'Low')",High Relevance Labels,"('High', 'Low')"
ID0287,q5,"('Low', 'Low')",Low Relevance Labels,"('Low', 'Low')"
ID0287,q6,"('Low', 'Low')",Low Relevance Labels,"('Low', 'Low')"
ID0287,q7,"('High', 'Low')",High Relevance Labels,"('High', 'Low')"
ID0287,q8,"('High', 'High')",High Relevance Labels,"('High', 'High')"
ID0287,q9,"('High', 'High')",High Relevance Labels,"('High', 'High')"
ID0287,q10,"('Low', 'Low')",Low Relevance Labels,"('Low', 'Low')"
ID0287,q11,"('High', 'Low')",High Relevance Labels,"('High', 'Low')"
ID0287,q12,"('Low', 'Low')",Low Relevance Labels,"('Low', 'Low')"
ID0287,q13,"('High', 'Low')",High Relevance Labels,"('High', 'Low')"
ID0287,q14,"('Low', 'Low')",Low Relevance Labels,"('Low', 'Low')"
ID0287,q15,"('Irr', 'Low')",Low Relevance Labels,"('Low', 'Irr')"
ID0287,q16,"('Irr', 'Low')",Low Relevance Labels,"('Low', 'Irr')"
ID0287,q17,"('Irr', 'Low')",Low Relevance Labels,"('Low', 'Irr')"
ID0287,q18,"('High', 'High')",High Relevance Labels,"('High', 'High')"
ID0287,q19,"('Irr', 'Low')",Low Relevance Labels,"('Low', 'Irr')"
ID0289,q2,"('High', 'High')",High Relevance Labels,"('High', 'High')"
ID0289,q3,"('High', 'Low')",High Relevance Labels,"('High', 'Low')"
ID0289,q4,"('High', 'Low')",High Relevance Labels,"('High', 'Low')"
ID0289,q5,"('Low', 'Low')",Low Relevance Labels,"('Low', 'Low')"
ID0289,q6,"('High', 'High')",High Relevance Labels,"('High', 'High')"
ID0289,q7,"('High', 'High')",High Relevance Labels,"('High', 'High')"
ID0289,q8,"('Low', 'Low')",Low Relevance Labels,"('Low', 'Low')"
ID0289,q9,"('Low', 'Low')",Low Relevance Labels,"('Low', 'Low')"
ID0289,q10,"('High', 'Low')",High Relevance Labels,"('High', 'Low')"
ID0289,q11,"('Low', 'Low')",Low Relevance Labels,"('Low', 'Low')"
ID0289,q12,"('High', 'Low')",High Relevance Labels,"('High', 'Low')"
ID0289,q13,"('High', 'High')",High Relevance Labels,"('High', 'High')"
ID0289,q14,"('not applicable', 'not applicable')",Other,
ID0289,q15,"('not applicable', 'not applicable')",Other,
ID0289,q16,"('not applicable', 'not applicable')",Other,
ID0289,q17,"('not applicable', 'not applicable')",Other,
ID0289,q18,"('not applicable', 'not applicable')",Other,
ID0289,q19,"('not applicable', 'not applicable')",Other,
ID0289,q20,"('not applicable', 'not applicable')",Other,
ID0289,q21,"('not applicable', 'not applicable')",Other,
ID0289,q22,"('not applicable', 'not applicable')",Other,
ID0300,q2,"('High', 'Low')",High Relevance Labels,"('High', 'Low')"
ID0300,q3,"('High', 'Low')",High Relevance Labels,"('High', 'Low')"
ID0300,q4,"('High', 'High')",High Relevance Labels,"('High', 'High')"
ID0300,q5,"('High', 'High')",High Relevance Labels,"('High', 'High')"
ID0300,q6,"('High', 'Low')",High Relevance Labels,"('High', 'Low')"
ID0300,q7,"('High', 'Low')",High Relevance Labels,"('High', 'Low')"
ID0300,q8,"('Low', 'Low')",Low Relevance Labels,"('Low', 'Low')"
ID0300,q9,"('Low', 'Low')",Low Relevance Labels,"('Low', 'Low')"
ID0300,q10,"('High', 'High')",High Relevance Labels,"('High', 'High')"
ID0300,q11,"('High', 'High')",High Relevance Labels,"('High', 'High')"
ID0300,q12,"('Low', 'Low')",Low Relevance Labels,"('Low', 'Low')"
ID0300,q13,"('Low', 'Low')",Low Relevance Labels,"('Low', 'Low')"
ID0300,q14,"('not applicable', 'not applicable')",Other,
ID0300,q15,"('not applicable', 'not applicable')",Other,
ID0300,q16,"('not applicable', 'not applicable')",Other,
ID0300,q17,"('not applicable', 'not applicable')",Other,
ID0300,q18,"('not applicable', 'not applicable')",Other,
ID0300,q19,"('not applicable', 'not applicable')",Other,
ID0300,q20,"('not applicable', 'not applicable')",Other,
ID0300,q21,"('not applicable', 'not applicable')",Other,
ID0300,q22,"('not applicable', 'not applicable')",Other,
ID0303,q2,"('High', 'High')",High Relevance Labels,"('High', 'High')"
ID0303,q3,"('Low', 'Low')",Low Relevance Labels,"('Low', 'Low')"
ID0303,q4,"('Low', 'Low')",Low Relevance Labels,"('Low', 'Low')"
ID0303,q5,"('High', 'Low')",High Relevance Labels,"('High', 'Low')"
ID0303,q6,"('Low', 'Low')",Low Relevance Labels,"('Low', 'Low')"
ID0303,q7,"('Low', 'Low')",Low Relevance Labels,"('Low', 'Low')"
ID0303,q8,"('High', 'Low')",High Relevance Labels,"('High', 'Low')"
ID0303,q9,"('High', 'High')",High Relevance Labels,"('High', 'High')"
ID0303,q10,"('not applicable', 'not applicable')",Other,
ID0303,q11,"('not applicable', 'not applicable')",Other,
ID0303,q12,"('not applicable', 'not applicable')",Other,
ID0303,q13,"('not applicable', 'not applicable')",Other,
ID0303,q14,"('not applicable', 'not applicable')",Other,
ID0303,q15,"('not applicable', 'not applicable')",Other,
ID0303,q16,"('not applicable', 'not applicable')",Other,
ID0303,q17,"('not applicable', 'not applicable')",Other,
ID0303,q18,"('not applicable', 'not applicable')",Other,
ID0303,q19,"('not applicable', 'not applicable')",Other,
ID0303,q20,"('not applicable', 'not applicable')",Other,
ID0303,q21,"('not applicable', 'not applicable')",Other,
ID0303,q22,"('not applicable', 'not applicable')",Other,
ID0304,q2,"('High', 'High')",High Relevance Labels,"('High', 'High')"
ID0304,q3,"('High', 'Low')",High Relevance Labels,"('High', 'Low')"
ID0304,q4,"('High', 'Low')",High Relevance Labels,"('High', 'Low')"
ID0304,q5,"('Low', 'Low')",Low Relevance Labels,"('Low', 'Low')"
ID0304,q6,"('High', 'High')",High Relevance Labels,"('High', 'High')"
ID0304,q7,"('not applicable', 'not applicable')",Other,
ID0304,q8,"('not applicable', 'not applicable')",Other,
ID0304,q9,"('not applicable', 'not applicable')",Other,
ID0304,q10,"('not applicable', 'not applicable')",Other,
ID0304,q11,"('not applicable', 'not applicable')",Other,
ID0304,q12,"('not applicable', 'not applicable')",Other,
ID0304,q13,"('not applicable', 'not applicable')",Other,
ID0304,q14,"('not applicable', 'not applicable')",Other,
ID0304,q15,"('not applicable', 'not applicable')",Other,
ID0304,q16,"('not applicable', 'not applicable')",Other,
ID0304,q17,"('not applicable', 'not applicable')",Other,
ID0304,q18,"('not applicable', 'not applicable')",Other,
ID0304,q19,"('not applicable', 'not applicable')",Other,
ID0304,q20,"('not applicable', 'not applicable')",Other,
ID0304,q21,"('not applicable', 'not applicable')",Other,
ID0304,q22,"('not applicable', 'not applicable')",Other,
ID0307,q2,"('High', 'High')",High Relevance Labels,"('High', 'High')"
ID0307,q3,"('Low', 'Low')",Low Relevance Labels,"('Low', 'Low')"
ID0307,q4,"('High', 'Low')",High Relevance Labels,"('High', 'Low')"
ID0307,q5,"('Low', 'Low')",Low Relevance Labels,"('Low', 'Low')"
ID0307,q6,"('Low', 'Low')",Low Relevance Labels,"('Low', 'Low')"
ID0307,q7,"('Low', 'Low')",Low Relevance Labels,"('Low', 'Low')"
ID0307,q8,"('Low', 'Low')",Low Relevance Labels,"('Low', 'Low')"
ID0307,q9,"('High', 'High')",High Relevance Labels,"('High', 'High')"
ID0307,q10,"('Low', 'Low')",Low Relevance Labels,"('Low', 'Low')"
ID0307,q11,"('Low', 'Low')",Low Relevance Labels,"('Low', 'Low')"
ID0307,q12,"('High', 'Low')",High Relevance Labels,"('High', 'Low')"
ID0307,q13,"('High', 'High')",High Relevance Labels,"('High', 'High')"
ID0307,q14,"('not applicable', 'not applicable')",Other,
ID0307,q15,"('not applicable', 'not applicable')",Other,
ID0307,q16,"('not applicable', 'not applicable')",Other,
ID0307,q17,"('not applicable', 'not applicable')",Other,
ID0307,q18,"('not applicable', 'not applicable')",Other,
ID0307,q19,"('not applicable', 'not applicable')",Other,
ID0307,q20,"('not applicable', 'not applicable')",Other,
ID0307,q21,"('not applicable', 'not applicable')",Other,
ID0307,q22,"('not applicable', 'not applicable')",Other,
ID0309,q2,"('High', 'High')",High Relevance Labels,"('High', 'High')"
ID0309,q3,"('Low', 'Low')",Low Relevance Labels,"('Low', 'Low')"
ID0309,q4,"('Irr', 'Low')",Low Relevance Labels,"('Low', 'Irr')"
ID0309,q5,"('High', 'Low')",High Relevance Labels,"('High', 'Low')"
ID0309,q6,"('Low', 'Low')",Low Relevance Labels,"('Low', 'Low')"
ID0309,q7,"('Low', 'Low')",Low Relevance Labels,"('Low', 'Low')"
ID0309,q8,"('Low', 'Low')",Low Relevance Labels,"('Low', 'Low')"
ID0309,q9,"('Low', 'Low')",Low Relevance Labels,"('Low', 'Low')"
ID0309,q10,"('Low', 'Low')",Low Relevance Labels,"('Low', 'Low')"
ID0309,q11,"('not applicable', 'not applicable')",Other,
ID0309,q12,"('not applicable', 'not applicable')",Other,
ID0309,q13,"('not applicable', 'not applicable')",Other,
ID0309,q14,"('not applicable', 'not applicable')",Other,
ID0309,q15,"('not applicable', 'not applicable')",Other,
ID0309,q16,"('not applicable', 'not applicable')",Other,
ID0309,q17,"('not applicable', 'not applicable')",Other,
ID0309,q18,"('not applicable', 'not applicable')",Other,
ID0309,q19,"('not applicable', 'not applicable')",Other,
ID0309,q20,"('not applicable', 'not applicable')",Other,
ID0309,q21,"('not applicable', 'not applicable')",Other,
ID0309,q22,"('not applicable', 'not applicable')",Other,
ID0325,q2,"('High', 'High')",High Relevance Labels,"('High', 'High')"
ID0325,q3,"('High', 'High')",High Relevance Labels,"('High', 'High')"
ID0325,q4,"('Low', 'Low')",Low Relevance Labels,"('Low', 'Low')"
ID0325,q5,"('Low', 'Low')",Low Relevance Labels,"('Low', 'Low')"
ID0325,q6,"('Irr', 'Low')",Low Relevance Labels,"('Low', 'Irr')"
ID0325,q7,"('Low', 'Low')",Low Relevance Labels,"('Low', 'Low')"
ID0325,q8,"('High', 'Low')",High Relevance Labels,"('High', 'Low')"
ID0325,q9,"('High', 'High')",High Relevance Labels,"('High', 'High')"
ID0325,q10,"('Irr', 'Low')",Low Relevance Labels,"('Low', 'Irr')"
ID0326,q2,"('High', 'Low')",High Relevance Labels,"('High', 'Low')"
ID0326,q3,"('Low', 'Low')",Low Relevance Labels,"('Low', 'Low')"
ID0326,q4,"('Low', 'Low')",Low Relevance Labels,"('Low', 'Low')"
ID0326,q5,"('High', 'Low')",High Relevance Labels,"('High', 'Low')"
ID0326,q6,"('Low', 'Low')",Low Relevance Labels,"('Low', 'Low')"
ID0326,q7,"('Irr', 'Low')",Low Relevance Labels,"('Low', 'Irr')"
ID0326,q8,"('High', 'High')",High Relevance Labels,"('High', 'High')"
ID0326,q9,"('Low', 'Low')",Low Relevance Labels,"('Low', 'Low')"
ID0326,q10,"('Low', 'Low')",Low Relevance Labels,"('Low', 'Low')"
ID0326,q11,"('not applicable', 'not applicable')",Other,
ID0326,q12,"('not applicable', 'not applicable')",Other,
ID0326,q13,"('not applicable', 'not applicable')",Other,
ID0326,q14,"('not applicable', 'not applicable')",Other,
ID0326,q15,"('not applicable', 'not applicable')",Other,
ID0326,q16,"('not applicable', 'not applicable')",Other,
ID0326,q17,"('not applicable', 'not applicable')",Other,
ID0326,q18,"('not applicable', 'not applicable')",Other,
ID0326,q19,"('not applicable', 'not applicable')",Other,
ID0326,q20,"('not applicable', 'not applicable')",Other,
ID0326,q21,"('not applicable', 'not applicable')",Other,
ID0326,q22,"('not applicable', 'not applicable')",Other,
ID0334,q2,"('High', 'High')",High Relevance Labels,"('High', 'High')"
ID0334,q3,"('High', 'Low')",High Relevance Labels,"('High', 'Low')"
ID0334,q4,"('High', 'Low')",High Relevance Labels,"('High', 'Low')"
ID0334,q5,"('High', 'Low')",High Relevance Labels,"('High', 'Low')"
ID0334,q6,"('Low', 'Low')",Low Relevance Labels,"('Low', 'Low')"
ID0334,q7,"('High', 'Low')",High Relevance Labels,"('High', 'Low')"
ID0334,q8,"('High', 'Low')",High Relevance Labels,"('High', 'Low')"
ID0334,q9,"('High', 'Low')",High Relevance Labels,"('High', 'Low')"
ID0334,q10,"('High', 'Low')",High Relevance Labels,"('High', 'Low')"
ID0334,q11,"('High', 'High')",High Relevance Labels,"('High', 'High')"
ID0334,q12,"('Low', 'Low')",Low Relevance Labels,"('Low', 'Low')"
ID0334,q13,"('not applicable', 'not applicable')",Other,
ID0334,q14,"('not applicable', 'not applicable')",Other,
ID0334,q15,"('not applicable', 'not applicable')",Other,
ID0334,q16,"('not applicable', 'not applicable')",Other,
ID0334,q17,"('not applicable', 'not applicable')",Other,
ID0334,q18,"('not applicable', 'not applicable')",Other,
ID0334,q19,"('not applicable', 'not applicable')",Other,
ID0334,q20,"('not applicable', 'not applicable')",Other,
ID0334,q21,"('not applicable', 'not applicable')",Other,
ID0334,q22,"('not applicable', 'not applicable')",Other,
ID0351,q2,"('Low', 'Low')",Low Relevance Labels,"('Low', 'Low')"
ID0351,q3,"('High', 'Low')",High Relevance Labels,"('High', 'Low')"
ID0351,q4,"('Irr', 'Low')",Low Relevance Labels,"('Low', 'Irr')"
ID0351,q5,"('High', 'High')",High Relevance Labels,"('High', 'High')"
ID0351,q6,"('High', 'High')",High Relevance Labels,"('High', 'High')"
ID0351,q7,"('Irr', 'Low')",Low Relevance Labels,"('Low', 'Irr')"
ID0351,q8,"('High', 'High')",High Relevance Labels,"('High', 'High')"
ID0351,q9,"('High', 'High')",High Relevance Labels,"('High', 'High')"
ID0351,q10,"('Irr', 'Irr')",Irrelevant Labels,"('Irr', 'Irr')"
ID0351,q11,"('Irr', 'Irr')",Irrelevant Labels,"('Irr', 'Irr')"
ID0351,q12,"('Irr', 'Irr')",Irrelevant Labels,"('Irr', 'Irr')"
ID0351,q13,"('High', 'Irr')",Low Relevance Labels,"('High', 'Irr')"
ID0351,q14,"('Irr', 'Irr')",Irrelevant Labels,"('Irr', 'Irr')"
ID0351,q15,"('High', 'High')",High Relevance Labels,"('High', 'High')"
ID0351,q16,"('not applicable', 'not applicable')",Other,
ID0351,q17,"('not applicable', 'not applicable')",Other,
ID0351,q18,"('not applicable', 'not applicable')",Other,
ID0351,q19,"('not applicable', 'not applicable')",Other,
ID0351,q20,"('not applicable', 'not applicable')",Other,
ID0351,q21,"('not applicable', 'not applicable')",Other,
ID0351,q22,"('not applicable', 'not applicable')",Other,
ID0357,q2,"('Irr', 'Low')",Low Relevance Labels,"('Low', 'Irr')"
ID0357,q3,"('Irr', 'Low')",Low Relevance Labels,"('Low', 'Irr')"
ID0357,q4,"('Low', 'Low')",Low Relevance Labels,"('Low', 'Low')"
ID0357,q5,"('Irr', 'Low')",Low Relevance Labels,"('Low', 'Irr')"
ID0357,q6,"('High', 'High')",High Relevance Labels,"('High', 'High')"
ID0357,q7,"('High', 'High')",High Relevance Labels,"('High', 'High')"
ID0357,q8,"('High', 'Low')",High Relevance Labels,"('High', 'Low')"
ID0357,q9,"('not applicable', 'not applicable')",Other,
ID0357,q10,"('not applicable', 'not applicable')",Other,
ID0357,q11,"('not applicable', 'not applicable')",Other,
ID0357,q12,"('not applicable', 'not applicable')",Other,
ID0357,q13,"('not applicable', 'not applicable')",Other,
ID0357,q14,"('not applicable', 'not applicable')",Other,
ID0357,q15,"('not applicable', 'not applicable')",Other,
ID0357,q16,"('not applicable', 'not applicable')",Other,
ID0357,q17,"('not applicable', 'not applicable')",Other,
ID0357,q18,"('not applicable', 'not applicable')",Other,
ID0357,q19,"('not applicable', 'not applicable')",Other,
ID0357,q20,"('not applicable', 'not applicable')",Other,
ID0357,q21,"('not applicable', 'not applicable')",Other,
ID0357,q22,"('not applicable', 'not applicable')",Other,
ID0364,q2,"('High', 'Low')",High Relevance Labels,"('High', 'Low')"
ID0364,q3,"('High', 'Low')",High Relevance Labels,"('High', 'Low')"
ID0364,q4,"('High', 'Low')",High Relevance Labels,"('High', 'Low')"
ID0364,q5,"('High', 'Low')",High Relevance Labels,"('High', 'Low')"
ID0364,q6,"('High', 'Low')",High Relevance Labels,"('High', 'Low')"
ID0364,q7,"('High', 'High')",High Relevance Labels,"('High', 'High')"
ID0364,q8,"('Irr', 'Low')",Low Relevance Labels,"('Low', 'Irr')"
ID0364,q9,"('High', 'High')",High Relevance Labels,"('High', 'High')"
ID0364,q10,"('High', 'High')",High Relevance Labels,"('High', 'High')"
ID0364,q11,"('Irr', 'Irr')",Irrelevant Labels,"('Irr', 'Irr')"
ID0364,q12,"('Irr', 'Irr')",Irrelevant Labels,"('Irr', 'Irr')"
ID0364,q13,"('not applicable', 'not applicable')",Other,
ID0364,q14,"('not applicable', 'not applicable')",Other,
ID0364,q15,"('not applicable', 'not applicable')",Other,
ID0364,q16,"('not applicable', 'not applicable')",Other,
ID0364,q17,"('not applicable', 'not applicable')",Other,
ID0364,q18,"('not applicable', 'not applicable')",Other,
ID0364,q19,"('not applicable', 'not applicable')",Other,
ID0364,q20,"('not applicable', 'not applicable')",Other,
ID0364,q21,"('not applicable', 'not applicable')",Other,
ID0364,q22,"('not applicable', 'not applicable')",Other,
ID0376,q2,"('Low', 'Low')",Low Relevance Labels,"('Low', 'Low')"
ID0376,q3,"('High', 'Low')",High Relevance Labels,"('High', 'Low')"
ID0376,q4,"('Irr', 'Low')",Low Relevance Labels,"('Low', 'Irr')"
ID0376,q5,"('High', 'Low')",High Relevance Labels,"('High', 'Low')"
ID0376,q6,"('Irr', 'Low')",Low Relevance Labels,"('Low', 'Irr')"
ID0376,q7,"('High', 'High')",High Relevance Labels,"('High', 'High')"
ID0376,q8,"('not applicable', 'not applicable')",Other,
ID0376,q9,"('not applicable', 'not applicable')",Other,
ID0376,q10,"('not applicable', 'not applicable')",Other,
ID0376,q11,"('not applicable', 'not applicable')",Other,
ID0376,q12,"('not applicable', 'not applicable')",Other,
ID0376,q13,"('not applicable', 'not applicable')",Other,
ID0376,q14,"('not applicable', 'not applicable')",Other,
ID0376,q15,"('not applicable', 'not applicable')",Other,
ID0376,q16,"('not applicable', 'not applicable')",Other,
ID0376,q17,"('not applicable', 'not applicable')",Other,
ID0376,q18,"('not applicable', 'not applicable')",Other,
ID0376,q19,"('not applicable', 'not applicable')",Other,
ID0376,q20,"('not applicable', 'not applicable')",Other,
ID0376,q21,"('not applicable', 'not applicable')",Other,
ID0376,q22,"('not applicable', 'not applicable')",Other,
ID0377,q2,"('High', 'High')",High Relevance Labels,"('High', 'High')"
ID0377,q3,"('High', 'Low')",High Relevance Labels,"('High', 'Low')"
ID0377,q4,"('Low', 'Low')",Low Relevance Labels,"('Low', 'Low')"
ID0377,q5,"('Low', 'Low')",Low Relevance Labels,"('Low', 'Low')"
ID0377,q6,"('High', 'Low')",High Relevance Labels,"('High', 'Low')"
ID0377,q7,"('Low', 'Low')",Low Relevance Labels,"('Low', 'Low')"
ID0377,q8,"('High', 'High')",High Relevance Labels,"('High', 'High')"
ID0377,q9,"('Low', 'Low')",Low Relevance Labels,"('Low', 'Low')"
ID0377,q10,"('Low', 'Low')",Low Relevance Labels,"('Low', 'Low')"
ID0377,q11,"('not applicable', 'not applicable')",Other,
ID0377,q12,"('not applicable', 'not applicable')",Other,
ID0377,q13,"('not applicable', 'not applicable')",Other,
ID0377,q14,"('not applicable', 'not applicable')",Other,
ID0377,q15,"('not applicable', 'not applicable')",Other,
ID0377,q16,"('not applicable', 'not applicable')",Other,
ID0377,q17,"('not applicable', 'not applicable')",Other,
ID0377,q18,"('not applicable', 'not applicable')",Other,
ID0377,q19,"('not applicable', 'not applicable')",Other,
ID0377,q20,"('not applicable', 'not applicable')",Other,
ID0377,q21,"('not applicable', 'not applicable')",Other,
ID0377,q22,"('not applicable', 'not applicable')",Other,
ID0379,q2,"('High', 'Low')",High Relevance Labels,"('High', 'Low')"
ID0379,q3,"('Irr', 'Low')",Low Relevance Labels,"('Low', 'Irr')"
ID0379,q4,"('High', 'High')",High Relevance Labels,"('High', 'High')"
ID0379,q5,"('Irr', 'Low')",Low Relevance Labels,"('Low', 'Irr')"
ID0379,q6,"('not applicable', 'not applicable')",Other,
ID0379,q7,"('not applicable', 'not applicable')",Other,
ID0379,q8,"('not applicable', 'not applicable')",Other,
ID0379,q9,"('not applicable', 'not applicable')",Other,
ID0379,q10,"('not applicable', 'not applicable')",Other,
ID0379,q11,"('not applicable', 'not applicable')",Other,
ID0379,q12,"('not applicable', 'not applicable')",Other,
ID0379,q13,"('not applicable', 'not applicable')",Other,
ID0379,q14,"('not applicable', 'not applicable')",Other,
ID0379,q15,"('not applicable', 'not applicable')",Other,
ID0379,q16,"('not applicable', 'not applicable')",Other,
ID0379,q17,"('not applicable', 'not applicable')",Other,
ID0379,q18,"('not applicable', 'not applicable')",Other,
ID0379,q19,"('not applicable', 'not applicable')",Other,
ID0379,q20,"('not applicable', 'not applicable')",Other,
ID0379,q21,"('not applicable', 'not applicable')",Other,
ID0379,q22,"('not applicable', 'not applicable')",Other,
ID0387,q2,"('High', 'High')",High Relevance Labels,"('High', 'High')"
ID0387,q3,"('High', 'Low')",High Relevance Labels,"('High', 'Low')"
ID0387,q4,"('Low', 'Low')",Low Relevance Labels,"('Low', 'Low')"
ID0387,q5,"('Irr', 'Low')",Low Relevance Labels,"('Low', 'Irr')"
ID0387,q6,"('High', 'High')",High Relevance Labels,"('High', 'High')"
ID0387,q7,"('Low', 'Low')",Low Relevance Labels,"('Low', 'Low')"
ID0387,q8,"('High', 'Low')",High Relevance Labels,"('High', 'Low')"
ID0387,q9,"('High', 'High')",High Relevance Labels,"('High', 'High')"
ID0387,q10,"('Low', 'Low')",Low Relevance Labels,"('Low', 'Low')"
ID0387,q11,"('Irr', 'Low')",Low Relevance Labels,"('Low', 'Irr')"
ID0387,q12,"('not applicable', 'not applicable')",Other,
ID0387,q13,"('not applicable', 'not applicable')",Other,
ID0387,q14,"('not applicable', 'not applicable')",Other,
ID0387,q15,"('not applicable', 'not applicable')",Other,
ID0387,q16,"('not applicable', 'not applicable')",Other,
ID0387,q17,"('not applicable', 'not applicable')",Other,
ID0387,q18,"('not applicable', 'not applicable')",Other,
ID0387,q19,"('not applicable', 'not applicable')",Other,
ID0387,q20,"('not applicable', 'not applicable')",Other,
ID0387,q21,"('not applicable', 'not applicable')",Other,
ID0387,q22,"('not applicable', 'not applicable')",Other,
ID0391,q2,"('High', 'High')",High Relevance Labels,"('High', 'High')"
ID0391,q3,"('High', 'High')",High Relevance Labels,"('High', 'High')"
ID0391,q4,"('High', 'Low')",High Relevance Labels,"('High', 'Low')"
ID0391,q5,"('Low', 'Low')",Low Relevance Labels,"('Low', 'Low')"
ID0407,q2,"('High', 'High')",High Relevance Labels,"('High', 'High')"
ID0407,q3,"('High', 'Low')",High Relevance Labels,"('High', 'Low')"
ID0407,q4,"('High', 'High')",High Relevance Labels,"('High', 'High')"
ID0407,q5,"('High', 'High')",High Relevance Labels,"('High', 'High')"
ID0407,q6,"('High', 'High')",High Relevance Labels,"('High', 'High')"
ID0407,q7,"('High', 'High')",High Relevance Labels,"('High', 'High')"
ID0407,q8,"('Low', 'Low')",Low Relevance Labels,"('Low', 'Low')"
ID0407,q9,"('not applicable', 'not applicable')",Other,
ID0407,q10,"('not applicable', 'not applicable')",Other,
ID0407,q11,"('not applicable', 'not applicable')",Other,
ID0407,q12,"('not applicable', 'not applicable')",Other,
ID0407,q13,"('not applicable', 'not applicable')",Other,
ID0407,q14,"('not applicable', 'not applicable')",Other,
ID0407,q15,"('not applicable', 'not applicable')",Other,
ID0407,q16,"('not applicable', 'not applicable')",Other,
ID0407,q17,"('not applicable', 'not applicable')",Other,
ID0407,q18,"('not applicable', 'not applicable')",Other,
ID0407,q19,"('not applicable', 'not applicable')",Other,
ID0407,q20,"('not applicable', 'not applicable')",Other,
ID0407,q21,"('not applicable', 'not applicable')",Other,
ID0407,q22,"('not applicable', 'not applicable')",Other,
ID0412,q2,"('High', 'High')",High Relevance Labels,"('High', 'High')"
ID0412,q3,"('High', 'Low')",High Relevance Labels,"('High', 'Low')"
ID0412,q4,"('High', 'Low')",High Relevance Labels,"('High', 'Low')"
ID0412,q5,"('High', 'Low')",High Relevance Labels,"('High', 'Low')"
ID0412,q6,"('High', 'High')",High Relevance Labels,"('High', 'High')"
ID0412,q7,"('High', 'Low')",High Relevance Labels,"('High', 'Low')"
ID0412,q8,"('High', 'Irr')",Low Relevance Labels,"('High', 'Irr')"
ID0412,q9,"('High', 'Low')",High Relevance Labels,"('High', 'Low')"
ID0412,q10,"('High', 'Irr')",Low Relevance Labels,"('High', 'Irr')"
ID0412,q11,"('not applicable', 'not applicable')",Other,
ID0412,q12,"('not applicable', 'not applicable')",Other,
ID0412,q13,"('not applicable', 'not applicable')",Other,
ID0412,q14,"('not applicable', 'not applicable')",Other,
ID0412,q15,"('not applicable', 'not applicable')",Other,
ID0412,q16,"('not applicable', 'not applicable')",Other,
ID0412,q17,"('not applicable', 'not applicable')",Other,
ID0412,q18,"('not applicable', 'not applicable')",Other,
ID0412,q19,"('not applicable', 'not applicable')",Other,
ID0412,q20,"('not applicable', 'not applicable')",Other,
ID0412,q21,"('not applicable', 'not applicable')",Other,
ID0412,q22,"('not applicable', 'not applicable')",Other,
ID0421,q2,"('High', 'Low')",High Relevance Labels,"('High', 'Low')"
ID0421,q3,"('Irr', 'Low')",Low Relevance Labels,"('Low', 'Irr')"
ID0421,q4,"('Low', 'Low')",Low Relevance Labels,"('Low', 'Low')"
ID0421,q5,"('High', 'High')",High Relevance Labels,"('High', 'High')"
ID0421,q6,"('Low', 'Low')",Low Relevance Labels,"('Low', 'Low')"
ID0421,q7,"('High', 'Low')",High Relevance Labels,"('High', 'Low')"
ID0421,q8,"('High', 'High')",High Relevance Labels,"('High', 'High')"
ID0421,q9,"('High', 'Low')",High Relevance Labels,"('High', 'Low')"
ID0421,q10,"('High', 'Low')",High Relevance Labels,"('High', 'Low')"
ID0421,q11,"('High', 'Irr')",Low Relevance Labels,"('High', 'Irr')"
ID0421,q12,"('Low', 'Low')",Low Relevance Labels,"('Low', 'Low')"
ID0421,q13,"('High', 'Low')",High Relevance Labels,"('High', 'Low')"
ID0421,q14,"('Low', 'Low')",Low Relevance Labels,"('Low', 'Low')"
ID0421,q15,"('High', 'High')",High Relevance Labels,"('High', 'High')"
ID0421,q16,"('High', 'High')",High Relevance Labels,"('High', 'High')"
ID0421,q17,"('not applicable', 'not applicable')",Other,
ID0421,q18,"('not applicable', 'not applicable')",Other,
ID0421,q19,"('not applicable', 'not applicable')",Other,
ID0421,q20,"('not applicable', 'not applicable')",Other,
ID0421,q21,"('not applicable', 'not applicable')",Other,
ID0421,q22,"('not applicable', 'not applicable')",Other,
ID0429,q2,"('High', 'High')",High Relevance Labels,"('High', 'High')"
ID0429,q3,"('High', 'Low')",High Relevance Labels,"('High', 'Low')"
ID0429,q4,"('High', 'Low')",High Relevance Labels,"('High', 'Low')"
ID0429,q5,"('High', 'High')",High Relevance Labels,"('High', 'High')"
ID0429,q6,"('High', 'Low')",High Relevance Labels,"('High', 'Low')"
ID0429,q7,"('High', 'Low')",High Relevance Labels,"('High', 'Low')"
ID0429,q8,"('Low', 'Low')",Low Relevance Labels,"('Low', 'Low')"
ID0429,q9,"('not applicable', 'not applicable')",Other,
ID0429,q10,"('not applicable', 'not applicable')",Other,
ID0429,q11,"('not applicable', 'not applicable')",Other,
ID0429,q12,"('not applicable', 'not applicable')",Other,
ID0429,q13,"('not applicable', 'not applicable')",Other,
ID0429,q14,"('not applicable', 'not applicable')",Other,
ID0429,q15,"('not applicable', 'not applicable')",Other,
ID0429,q16,"('not applicable', 'not applicable')",Other,
ID0429,q17,"('not applicable', 'not applicable')",Other,
ID0429,q18,"('not applicable', 'not applicable')",Other,
ID0429,q19,"('not applicable', 'not applicable')",Other,
ID0429,q20,"('not applicable', 'not applicable')",Other,
ID0429,q21,"('not applicable', 'not applicable')",Other,
ID0429,q22,"('not applicable', 'not applicable')",Other,
ID0438,q2,"('High', 'High')",High Relevance Labels,"('High', 'High')"
ID0438,q3,"('High', 'High')",High Relevance Labels,"('High', 'High')"
ID0438,q4,"('Low', 'Low')",Low Relevance Labels,"('Low', 'Low')"
ID0438,q5,"('Low', 'Low')",Low Relevance Labels,"('Low', 'Low')"
ID0438,q6,"('Irr', 'Low')",Low Relevance Labels,"('Low', 'Irr')"
ID0438,q7,"('Low', 'Low')",Low Relevance Labels,"('Low', 'Low')"
ID0438,q8,"('High', 'High')",High Relevance Labels,"('High', 'High')"
ID0438,q9,"('High', 'High')",High Relevance Labels,"('High', 'High')"
ID0440,q2,"('High', 'High')",High Relevance Labels,"('High', 'High')"
ID0440,q3,"('High', 'Low')",High Relevance Labels,"('High', 'Low')"
ID0440,q4,"('Irr', 'Low')",Low Relevance Labels,"('Low', 'Irr')"
ID0440,q5,"('Low', 'Low')",Low Relevance Labels,"('Low', 'Low')"
ID0440,q6,"('High', 'Low')",High Relevance Labels,"('High', 'Low')"
ID0440,q7,"('High', 'Low')",High Relevance Labels,"('High', 'Low')"
ID0446,q2,"('High', 'High')",High Relevance Labels,"('High', 'High')"
ID0446,q3,"('High', 'High')",High Relevance Labels,"('High', 'High')"
ID0446,q4,"('High', 'High')",High Relevance Labels,"('High', 'High')"
ID0446,q5,"('Low', 'Low')",Low Relevance Labels,"('Low', 'Low')"
ID0446,q6,"('Low', 'Low')",Low Relevance Labels,"('Low', 'Low')"
ID0446,q7,"('Low', 'Low')",Low Relevance Labels,"('Low', 'Low')"
ID0446,q8,"('High', 'High')",High Relevance Labels,"('High', 'High')"
ID0446,q9,"('High', 'Low')",High Relevance Labels,"('High', 'Low')"
ID0446,q10,"('High', 'Low')",High Relevance Labels,"('High', 'Low')"
ID0446,q11,"('Low', 'Low')",Low Relevance Labels,"('Low', 'Low')"
ID0446,q12,"('Low', 'Low')",Low Relevance Labels,"('Low', 'Low')"
ID0446,q13,"('Low', 'Low')",Low Relevance Labels,"('Low', 'Low')"
ID0446,q14,"('High', 'Low')",High Relevance Labels,"('High', 'Low')"
ID0446,q15,"('High', 'High')",High Relevance Labels,"('High', 'High')"
ID0446,q16,"('High', 'High')",High Relevance Labels,"('High', 'High')"
ID0446,q17,"('High', 'High')",High Relevance Labels,"('High', 'High')"
ID0446,q18,"('High', 'High')",High Relevance Labels,"('High', 'High')"
ID0446,q19,"('High', 'High')",High Relevance Labels,"('High', 'High')"
ID0446,q20,"('High', 'High')",High Relevance Labels,"('High', 'High')"
ID0446,q21,"('High', 'High')",High Relevance Labels,"('High', 'High')"
ID0446,q22,"('not applicable', 'not applicable')",Other,
ID0451,q2,"('High', 'High')",High Relevance Labels,"('High', 'High')"
ID0451,q3,"('Low', 'Low')",Low Relevance Labels,"('Low', 'Low')"
ID0451,q4,"('High', 'High')",High Relevance Labels,"('High', 'High')"
ID0451,q5,"('Low', 'Low')",Low Relevance Labels,"('Low', 'Low')"
ID0451,q6,"('High', 'High')",High Relevance Labels,"('High', 'High')"
ID0451,q7,"('High', 'High')",High Relevance Labels,"('High', 'High')"
ID0451,q8,"('Low', 'Low')",Low Relevance Labels,"('Low', 'Low')"
ID0451,q9,"('Low', 'Low')",Low Relevance Labels,"('Low', 'Low')"
ID0451,q10,"('High', 'Low')",High Relevance Labels,"('High', 'Low')"
ID0451,q11,"('High', 'High')",High Relevance Labels,"('High', 'High')"
ID0451,q12,"('High', 'High')",High Relevance Labels,"('High', 'High')"
ID0451,q13,"('High', 'High')",High Relevance Labels,"('High', 'High')"
ID0451,q14,"('Low', 'Low')",Low Relevance Labels,"('Low', 'Low')"
ID0451,q15,"('Low', 'Low')",Low Relevance Labels,"('Low', 'Low')"
ID0451,q16,"('Low', 'Low')",Low Relevance Labels,"('Low', 'Low')"
ID0451,q17,"('Low', 'Low')",Low Relevance Labels,"('Low', 'Low')"
ID0451,q18,"('Low', 'Low')",Low Relevance Labels,"('Low', 'Low')"
ID0451,q19,"('Low', 'Low')",Low Relevance Labels,"('Low', 'Low')"
ID0451,q20,"('Low', 'Low')",Low Relevance Labels,"('Low', 'Low')"
ID0451,q21,"('High', 'Low')",High Relevance Labels,"('High', 'Low')"
ID0451,q22,"('High', 'Low')",High Relevance Labels,"('High', 'Low')"
ID0455,q2,"('High', 'High')",High Relevance Labels,"('High', 'High')"
ID0455,q3,"('High', 'Low')",High Relevance Labels,"('High', 'Low')"
ID0455,q4,"('Low', 'Low')",Low Relevance Labels,"('Low', 'Low')"
ID0455,q5,"('High', 'Low')",High Relevance Labels,"('High', 'Low')"
ID0455,q6,"('High', 'High')",High Relevance Labels,"('High', 'High')"
ID0455,q7,"('High', 'Low')",High Relevance Labels,"('High', 'Low')"
ID0455,q8,"('Low', 'Low')",Low Relevance Labels,"('Low', 'Low')"
ID0455,q9,"('not applicable', 'not applicable')",Other,
ID0455,q10,"('not applicable', 'not applicable')",Other,
ID0455,q11,"('not applicable', 'not applicable')",Other,
ID0455,q12,"('not applicable', 'not applicable')",Other,
ID0455,q13,"('not applicable', 'not applicable')",Other,
ID0455,q14,"('not applicable', 'not applicable')",Other,
ID0455,q15,"('not applicable', 'not applicable')",Other,
ID0455,q16,"('not applicable', 'not applicable')",Other,
ID0455,q17,"('not applicable', 'not applicable')",Other,
ID0455,q18,"('not applicable', 'not applicable')",Other,
ID0455,q19,"('not applicable', 'not applicable')",Other,
ID0455,q20,"('not applicable', 'not applicable')",Other,
ID0455,q21,"('not applicable', 'not applicable')",Other,
ID0455,q22,"('not applicable', 'not applicable')",Other,
ID0458,q2,"('High', 'Low')",High Relevance Labels,"('High', 'Low')"
ID0458,q3,"('Low', 'Low')",Low Relevance Labels,"('Low', 'Low')"
ID0458,q4,"('Irr', 'Low')",Low Relevance Labels,"('Low', 'Irr')"
ID0458,q5,"('Irr', 'Low')",Low Relevance Labels,"('Low', 'Irr')"
ID0458,q6,"('High', 'Irr')",Low Relevance Labels,"('High', 'Irr')"
ID0458,q7,"('Low', 'Low')",Low Relevance Labels,"('Low', 'Low')"
ID0458,q8,"('High', 'High')",High Relevance Labels,"('High', 'High')"
ID0458,q9,"('High', 'High')",High Relevance Labels,"('High', 'High')"
ID0458,q10,"('Irr', 'not applicable')",Other,
ID0458,q11,"('not applicable', 'not applicable')",Other,
ID0458,q12,"('not applicable', 'not applicable')",Other,
ID0458,q13,"('not applicable', 'not applicable')",Other,
ID0458,q14,"('not applicable', 'not applicable')",Other,
ID0458,q15,"('not applicable', 'not applicable')",Other,
ID0458,q16,"('not applicable', 'not applicable')",Other,
ID0458,q17,"('not applicable', 'not applicable')",Other,
ID0458,q18,"('not applicable', 'not applicable')",Other,
ID0458,q19,"('not applicable', 'not applicable')",Other,
ID0458,q20,"('not applicable', 'not applicable')",Other,
ID0458,q21,"('not applicable', 'not applicable')",Other,
ID0458,q22,"('not applicable', 'not applicable')",Other,
ID0460,q2,"('High', 'High')",High Relevance Labels,"('High', 'High')"
ID0460,q3,"('High', 'High')",High Relevance Labels,"('High', 'High')"
ID0460,q4,"('High', 'High')",High Relevance Labels,"('High', 'High')"
ID0460,q5,"('Low', 'Low')",Low Relevance Labels,"('Low', 'Low')"
ID0460,q6,"('Low', 'Low')",Low Relevance Labels,"('Low', 'Low')"
ID0460,q7,"('High', 'Low')",High Relevance Labels,"('High', 'Low')"
ID0460,q8,"('High', 'Low')",High Relevance Labels,"('High', 'Low')"
ID0460,q9,"('High', 'Irr')",Low Relevance Labels,"('High', 'Irr')"
ID0460,q10,"('High', 'Low')",High Relevance Labels,"('High', 'Low')"
ID0460,q11,"('High', 'High')",High Relevance Labels,"('High', 'High')"
ID0460,q12,"('Low', 'not applicable')",Other,
ID0460,q13,"('not applicable', 'not applicable')",Other,
ID0460,q14,"('not applicable', 'not applicable')",Other,
ID0460,q15,"('not applicable', 'not applicable')",Other,
ID0460,q16,"('not applicable', 'not applicable')",Other,
ID0460,q17,"('not applicable', 'not applicable')",Other,
ID0460,q18,"('not applicable', 'not applicable')",Other,
ID0460,q19,"('not applicable', 'not applicable')",Other,
ID0460,q20,"('not applicable', 'not applicable')",Other,
ID0460,q21,"('not applicable', 'not applicable')",Other,
ID0460,q22,"('not applicable', 'not applicable')",Other,
ID0461,q2,"('High', 'High')",High Relevance Labels,"('High', 'High')"
ID0461,q3,"('High', 'Low')",High Relevance Labels,"('High', 'Low')"
ID0461,q4,"('High', 'High')",High Relevance Labels,"('High', 'High')"
ID0461,q5,"('Low', 'Low')",Low Relevance Labels,"('Low', 'Low')"
ID0461,q6,"('High', 'Irr')",Low Relevance Labels,"('High', 'Irr')"
ID0461,q7,"('Irr', 'Irr')",Irrelevant Labels,"('Irr', 'Irr')"
ID0461,q8,"('not applicable', 'not applicable')",Other,
ID0461,q9,"('not applicable', 'not applicable')",Other,
ID0461,q10,"('not applicable', 'not applicable')",Other,
ID0461,q11,"('not applicable', 'not applicable')",Other,
ID0461,q12,"('not applicable', 'not applicable')",Other,
ID0461,q13,"('not applicable', 'not applicable')",Other,
ID0461,q14,"('not applicable', 'not applicable')",Other,
ID0461,q15,"('not applicable', 'not applicable')",Other,
ID0461,q16,"('not applicable', 'not applicable')",Other,
ID0461,q17,"('not applicable', 'not applicable')",Other,
ID0461,q18,"('not applicable', 'not applicable')",Other,
ID0461,q19,"('not applicable', 'not applicable')",Other,
ID0461,q20,"('not applicable', 'not applicable')",Other,
ID0461,q21,"('not applicable', 'not applicable')",Other,
ID0461,q22,"('not applicable', 'not applicable')",Other,
ID0463,q2,"('High', 'High')",High Relevance Labels,"('High', 'High')"
ID0463,q3,"('High', 'High')",High Relevance Labels,"('High', 'High')"
ID0463,q4,"('High', 'Low')",High Relevance Labels,"('High', 'Low')"
ID0463,q5,"('High', 'High')",High Relevance Labels,"('High', 'High')"
ID0463,q6,"('High', 'High')",High Relevance Labels,"('High', 'High')"
ID0463,q7,"('High', 'High')",High Relevance Labels,"('High', 'High')"
ID0463,q8,"('Low', 'Low')",Low Relevance Labels,"('Low', 'Low')"
ID0463,q9,"('High', 'High')",High Relevance Labels,"('High', 'High')"
ID0463,q11,"('High', 'Low')",High Relevance Labels,"('High', 'Low')"
ID0463,q12,"('Irr', 'Low')",Low Relevance Labels,"('Low', 'Irr')"
ID0465,q2,"('High', 'High')",High Relevance Labels,"('High', 'High')"
ID0465,q3,"('High', 'Low')",High Relevance Labels,"('High', 'Low')"
ID0465,q4,"('High', 'Low')",High Relevance Labels,"('High', 'Low')"
ID0465,q5,"('High', 'Low')",High Relevance Labels,"('High', 'Low')"
ID0465,q6,"('High', 'Low')",High Relevance Labels,"('High', 'Low')"
ID0465,q7,"('Low', 'Low')",Low Relevance Labels,"('Low', 'Low')"
ID0465,q8,"('High', 'High')",High Relevance Labels,"('High', 'High')"
ID0465,q9,"('Low', 'Low')",Low Relevance Labels,"('Low', 'Low')"
ID0465,q10,"('High', 'Low')",High Relevance Labels,"('High', 'Low')"
ID0465,q11,"('High', 'Low')",High Relevance Labels,"('High', 'Low')"
ID0465,q12,"('High', 'Irr')",Low Relevance Labels,"('High', 'Irr')"
ID0465,q13,"('not applicable', 'not applicable')",Other,
ID0465,q14,"('not applicable', 'not applicable')",Other,
ID0465,q15,"('not applicable', 'not applicable')",Other,
ID0465,q16,"('not applicable', 'not applicable')",Other,
ID0465,q17,"('not applicable', 'not applicable')",Other,
ID0465,q18,"('not applicable', 'not applicable')",Other,
ID0465,q19,"('not applicable', 'not applicable')",Other,
ID0465,q20,"('not applicable', 'not applicable')",Other,
ID0465,q21,"('not applicable', 'not applicable')",Other,
ID0465,q22,"('not applicable', 'not applicable')",Other,
ID0467,q2,"('High', 'High')",High Relevance Labels,"('High', 'High')"
ID0467,q3,"('Low', 'Low')",Low Relevance Labels,"('Low', 'Low')"
ID0467,q4,"('Low', 'Low')",Low Relevance Labels,"('Low', 'Low')"
ID0467,q5,"('Low', 'Low')",Low Relevance Labels,"('Low', 'Low')"
ID0467,q6,"('Low', 'Low')",Low Relevance Labels,"('Low', 'Low')"
ID0467,q7,"('High', 'High')",High Relevance Labels,"('High', 'High')"
ID0467,q8,"('High', 'High')",High Relevance Labels,"('High', 'High')"
ID0467,q9,"('Low', 'Low')",Low Relevance Labels,"('Low', 'Low')"
ID0467,q10,"('Low', 'not applicable')",Other,
ID0467,q11,"('Low', 'Low')",Low Relevance Labels,"('Low', 'Low')"
ID0467,q12,"('Irr', 'Low')",Low Relevance Labels,"('Low', 'Irr')"
ID0467,q13,"('Low', 'Low')",Low Relevance Labels,"('Low', 'Low')"
ID0467,q14,"('High', 'not applicable')",Other,
ID0467,q15,"('High', 'Irr')",Low Relevance Labels,"('High', 'Irr')"
ID0467,q16,"('Irr', 'Low')",Low Relevance Labels,"('Low', 'Irr')"
ID0467,q17,"('High', 'Low')",High Relevance Labels,"('High', 'Low')"
ID0467,q18,"('Low', 'not applicable')",Other,
ID0467,q19,"('not applicable', 'not applicable')",Other,
ID0467,q20,"('not applicable', 'not applicable')",Other,
ID0467,q21,"('not applicable', 'not applicable')",Other,
ID0467,q22,"('not applicable', 'not applicable')",Other,
ID0470,q2,"('High', 'Low')",High Relevance Labels,"('High', 'Low')"
ID0470,q3,"('High', 'Low')",High Relevance Labels,"('High', 'Low')"
ID0470,q4,"('High', 'High')",High Relevance Labels,"('High', 'High')"
ID0470,q5,"('Irr', 'Low')",Low Relevance Labels,"('Low', 'Irr')"
ID0470,q6,"('Irr', 'Low')",Low Relevance Labels,"('Low', 'Irr')"
ID0470,q7,"('Irr', 'Irr')",Irrelevant Labels,"('Irr', 'Irr')"
ID0470,q8,"('Irr', 'Irr')",Irrelevant Labels,"('Irr', 'Irr')"
ID0470,q9,"('High', 'High')",High Relevance Labels,"('High', 'High')"
ID0470,q10,"('Low', 'Low')",Low Relevance Labels,"('Low', 'Low')"
ID0470,q11,"('Low', 'Low')",Low Relevance Labels,"('Low', 'Low')"
ID0470,q12,"('High', 'Low')",High Relevance Labels,"('High', 'Low')"
ID0470,q13,"('Irr', 'Irr')",Irrelevant Labels,"('Irr', 'Irr')"
ID0470,q14,"('Irr', 'Irr')",Irrelevant Labels,"('Irr', 'Irr')"
ID0470,q15,"('not applicable', 'not applicable')",Other,
ID0470,q16,"('not applicable', 'not applicable')",Other,
ID0470,q17,"('not applicable', 'not applicable')",Other,
ID0470,q18,"('not applicable', 'not applicable')",Other,
ID0470,q19,"('not applicable', 'not applicable')",Other,
ID0470,q20,"('not applicable', 'not applicable')",Other,
ID0470,q21,"('not applicable', 'not applicable')",Other,
ID0470,q22,"('not applicable', 'not applicable')",Other,
ID0473,q2,"('High', 'High')",High Relevance Labels,"('High', 'High')"
ID0473,q3,"('High', 'High')",High Relevance Labels,"('High', 'High')"
ID0473,q4,"('Low', 'Low')",Low Relevance Labels,"('Low', 'Low')"
ID0473,q5,"('High', 'Low')",High Relevance Labels,"('High', 'Low')"
ID0473,q6,"('Low', 'Low')",Low Relevance Labels,"('Low', 'Low')"
ID0473,q7,"('Low', 'Low')",Low Relevance Labels,"('Low', 'Low')"
ID0473,q8,"('Irr', 'Low')",Low Relevance Labels,"('Low', 'Irr')"
ID0473,q9,"('not applicable', 'not applicable')",Other,
ID0473,q10,"('not applicable', 'not applicable')",Other,
ID0473,q11,"('not applicable', 'not applicable')",Other,
ID0473,q12,"('not applicable', 'not applicable')",Other,
ID0473,q13,"('not applicable', 'not applicable')",Other,
ID0473,q14,"('not applicable', 'not applicable')",Other,
ID0473,q15,"('not applicable', 'not applicable')",Other,
ID0473,q16,"('not applicable', 'not applicable')",Other,
ID0473,q17,"('not applicable', 'not applicable')",Other,
ID0473,q18,"('not applicable', 'not applicable')",Other,
ID0473,q19,"('not applicable', 'not applicable')",Other,
ID0473,q20,"('not applicable', 'not applicable')",Other,
ID0473,q21,"('not applicable', 'not applicable')",Other,
ID0473,q22,"('not applicable', 'not applicable')",Other,
ID0476,q2,"('High', 'Low')",High Relevance Labels,"('High', 'Low')"
ID0476,q3,"('High', 'High')",High Relevance Labels,"('High', 'High')"
ID0476,q4,"('High', 'High')",High Relevance Labels,"('High', 'High')"
ID0476,q5,"('Low', 'Low')",Low Relevance Labels,"('Low', 'Low')"
ID0476,q6,"('High', 'Low')",High Relevance Labels,"('High', 'Low')"
ID0476,q7,"('High', 'High')",High Relevance Labels,"('High', 'High')"
ID0476,q8,"('Irr', 'Low')",Low Relevance Labels,"('Low', 'Irr')"
ID0476,q9,"('Irr', 'Low')",Low Relevance Labels,"('Low', 'Irr')"
ID0476,q10,"('High', 'not applicable')",Other,
ID0476,q11,"('High', 'Low')",High Relevance Labels,"('High', 'Low')"
ID0476,q12,"('High', 'Low')",High Relevance Labels,"('High', 'Low')"
ID0476,q13,"('High', 'Low')",High Relevance Labels,"('High', 'Low')"
ID0476,q14,"('Irr', 'Low')",Low Relevance Labels,"('Low', 'Irr')"
ID0476,q15,"('High', 'not applicable')",Other,
ID0476,q16,"('not applicable', 'not applicable')",Other,
ID0476,q17,"('not applicable', 'not applicable')",Other,
ID0476,q18,"('not applicable', 'not applicable')",Other,
ID0476,q19,"('not applicable', 'not applicable')",Other,
ID0476,q20,"('not applicable', 'not applicable')",Other,
ID0476,q21,"('not applicable', 'not applicable')",Other,
ID0476,q22,"('not applicable', 'not applicable')",Other,
ID0495,q2,"('High', 'High')",High Relevance Labels,"('High', 'High')"
ID0495,q3,"('High', 'Low')",High Relevance Labels,"('High', 'Low')"
ID0495,q4,"('High', 'Low')",High Relevance Labels,"('High', 'Low')"
ID0495,q5,"('High', 'High')",High Relevance Labels,"('High', 'High')"
ID0495,q6,"('High', 'High')",High Relevance Labels,"('High', 'High')"
ID0495,q7,"('Irr', 'Irr')",Irrelevant Labels,"('Irr', 'Irr')"
ID0495,q8,"('Low', 'Low')",Low Relevance Labels,"('Low', 'Low')"
ID0495,q9,"('Irr', 'Irr')",Irrelevant Labels,"('Irr', 'Irr')"
ID0495,q10,"('Low', 'Low')",Low Relevance Labels,"('Low', 'Low')"
ID0495,q11,"('High', 'High')",High Relevance Labels,"('High', 'High')"
ID0495,q12,"('High', 'High')",High Relevance Labels,"('High', 'High')"
ID0495,q13,"('not applicable', 'not applicable')",Other,
ID0495,q14,"('not applicable', 'not applicable')",Other,
ID0495,q15,"('not applicable', 'not applicable')",Other,
ID0495,q16,"('not applicable', 'not applicable')",Other,
ID0495,q17,"('not applicable', 'not applicable')",Other,
ID0495,q18,"('not applicable', 'not applicable')",Other,
ID0495,q19,"('not applicable', 'not applicable')",Other,
ID0495,q20,"('not applicable', 'not applicable')",Other,
ID0495,q21,"('not applicable', 'not applicable')",Other,
ID0495,q22,"('not applicable', 'not applicable')",Other,
ID0496,q2,"('High', 'High')",High Relevance Labels,"('High', 'High')"
ID0496,q3,"('Low', 'Low')",Low Relevance Labels,"('Low', 'Low')"
ID0496,q4,"('High', 'Low')",High Relevance Labels,"('High', 'Low')"
ID0496,q5,"('Irr', 'Low')",Low Relevance Labels,"('Low', 'Irr')"
ID0496,q6,"('Low', 'Low')",Low Relevance Labels,"('Low', 'Low')"
ID0496,q7,"('High', 'High')",High Relevance Labels,"('High', 'High')"
ID0496,q8,"('not applicable', 'not applicable')",Other,
ID0496,q9,"('not applicable', 'not applicable')",Other,
ID0496,q10,"('not applicable', 'not applicable')",Other,
ID0496,q11,"('not applicable', 'not applicable')",Other,
ID0496,q12,"('not applicable', 'not applicable')",Other,
ID0496,q13,"('not applicable', 'not applicable')",Other,
ID0496,q14,"('not applicable', 'not applicable')",Other,
ID0496,q15,"('not applicable', 'not applicable')",Other,
ID0496,q16,"('not applicable', 'not applicable')",Other,
ID0496,q17,"('not applicable', 'not applicable')",Other,
ID0496,q18,"('not applicable', 'not applicable')",Other,
ID0496,q19,"('not applicable', 'not applicable')",Other,
ID0496,q20,"('not applicable', 'not applicable')",Other,
ID0496,q21,"('not applicable', 'not applicable')",Other,
ID0496,q22,"('not applicable', 'not applicable')",Other,
ID0500,q2,"('High', 'High')",High Relevance Labels,"('High', 'High')"
ID0500,q3,"('Low', 'Low')",Low Relevance Labels,"('Low', 'Low')"
ID0500,q4,"('High', 'Low')",High Relevance Labels,"('High', 'Low')"
ID0500,q5,"('High', 'Low')",High Relevance Labels,"('High', 'Low')"
ID0500,q6,"('High', 'Low')",High Relevance Labels,"('High', 'Low')"
ID0500,q7,"('Irr', 'Low')",Low Relevance Labels,"('Low', 'Irr')"
ID0500,q8,"('High', 'Low')",High Relevance Labels,"('High', 'Low')"
ID0500,q9,"('High', 'Low')",High Relevance Labels,"('High', 'Low')"
ID0500,q10,"('High', 'Low')",High Relevance Labels,"('High', 'Low')"
ID0500,q11,"('Low', 'not applicable')",Other,
ID0500,q12,"('High', 'High')",High Relevance Labels,"('High', 'High')"
ID0500,q13,"('High', 'Low')",High Relevance Labels,"('High', 'Low')"
ID0500,q14,"('High', 'Low')",High Relevance Labels,"('High', 'Low')"
ID0500,q15,"('High', 'Low')",High Relevance Labels,"('High', 'Low')"
ID0500,q16,"('High', 'Low')",High Relevance Labels,"('High', 'Low')"
ID0500,q17,"('Irr', 'Low')",Low Relevance Labels,"('Low', 'Irr')"
ID0500,q18,"('not applicable', 'not applicable')",Other,
ID0500,q19,"('not applicable', 'not applicable')",Other,
ID0500,q20,"('not applicable', 'not applicable')",Other,
ID0500,q21,"('not applicable', 'not applicable')",Other,
ID0500,q22,"('not applicable', 'not applicable')",Other,
ID0504,q2,"('High', 'High')",High Relevance Labels,"('High', 'High')"
ID0504,q3,"('Low', 'Low')",Low Relevance Labels,"('Low', 'Low')"
ID0504,q4,"('High', 'High')",High Relevance Labels,"('High', 'High')"
ID0504,q5,"('Irr', 'Low')",Low Relevance Labels,"('Low', 'Irr')"
ID0504,q6,"('Low', 'Low')",Low Relevance Labels,"('Low', 'Low')"
ID0504,q7,"('High', 'High')",High Relevance Labels,"('High', 'High')"
ID0504,q8,"('High', 'Low')",High Relevance Labels,"('High', 'Low')"
ID0504,q9,"('Low', 'Low')",Low Relevance Labels,"('Low', 'Low')"
ID0504,q10,"('not applicable', 'not applicable')",Other,
ID0504,q11,"('not applicable', 'not applicable')",Other,
ID0504,q12,"('not applicable', 'not applicable')",Other,
ID0504,q13,"('not applicable', 'not applicable')",Other,
ID0504,q14,"('not applicable', 'not applicable')",Other,
ID0504,q15,"('not applicable', 'not applicable')",Other,
ID0504,q16,"('not applicable', 'not applicable')",Other,
ID0504,q17,"('not applicable', 'not applicable')",Other,
ID0504,q18,"('not applicable', 'not applicable')",Other,
ID0504,q19,"('not applicable', 'not applicable')",Other,
ID0504,q20,"('not applicable', 'not applicable')",Other,
ID0504,q21,"('not applicable', 'not applicable')",Other,
ID0504,q22,"('not applicable', 'not applicable')",Other,
ID0510,q2,"('High', 'High')",High Relevance Labels,"('High', 'High')"
ID0510,q3,"('Low', 'Low')",Low Relevance Labels,"('Low', 'Low')"
ID0510,q4,"('High', 'Irr')",Low Relevance Labels,"('High', 'Irr')"
ID0510,q5,"('High', 'Low')",High Relevance Labels,"('High', 'Low')"
ID0511,q2,"('High', 'High')",High Relevance Labels,"('High', 'High')"
ID0511,q3,"('Low', 'Low')",Low Relevance Labels,"('Low', 'Low')"
ID0511,q4,"('Low', 'Low')",Low Relevance Labels,"('Low', 'Low')"
ID0511,q5,"('High', 'Low')",High Relevance Labels,"('High', 'Low')"
ID0511,q6,"('Low', 'Low')",Low Relevance Labels,"('Low', 'Low')"
ID0511,q7,"('Low', 'Low')",Low Relevance Labels,"('Low', 'Low')"
ID0511,q8,"('Irr', 'Low')",Low Relevance Labels,"('Low', 'Irr')"
ID0511,q9,"('High', 'High')",High Relevance Labels,"('High', 'High')"
ID0511,q10,"('Irr', 'Low')",Low Relevance Labels,"('Low', 'Irr')"
ID0511,q11,"('Irr', 'Low')",Low Relevance Labels,"('Low', 'Irr')"
ID0511,q12,"('Irr', 'Irr')",Irrelevant Labels,"('Irr', 'Irr')"
ID0511,q13,"('High', 'High')",High Relevance Labels,"('High', 'High')"
ID0514,q2,"('High', 'Low')",High Relevance Labels,"('High', 'Low')"
ID0514,q3,"('High', 'High')",High Relevance Labels,"('High', 'High')"
ID0514,q4,"('Irr', 'Low')",Low Relevance Labels,"('Low', 'Irr')"
ID0514,q5,"('Low', 'Low')",Low Relevance Labels,"('Low', 'Low')"
ID0514,q6,"('High', 'High')",High Relevance Labels,"('High', 'High')"
ID0514,q7,"('High', 'High')",High Relevance Labels,"('High', 'High')"
ID0514,q8,"('High', 'High')",High Relevance Labels,"('High', 'High')"
ID0514,q9,"('not applicable', 'not applicable')",Other,
ID0514,q10,"('not applicable', 'not applicable')",Other,
ID0514,q11,"('not applicable', 'not applicable')",Other,
ID0514,q12,"('not applicable', 'not applicable')",Other,
ID0514,q13,"('not applicable', 'not applicable')",Other,
ID0514,q14,"('not applicable', 'not applicable')",Other,
ID0514,q15,"('not applicable', 'not applicable')",Other,
ID0514,q16,"('not applicable', 'not applicable')",Other,
ID0514,q17,"('not applicable', 'not applicable')",Other,
ID0514,q18,"('not applicable', 'not applicable')",Other,
ID0514,q19,"('not applicable', 'not applicable')",Other,
ID0514,q20,"('not applicable', 'not applicable')",Other,
ID0514,q21,"('not applicable', 'not applicable')",Other,
ID0514,q22,"('not applicable', 'not applicable')",Other,
ID0519,q2,"('High', 'High')",High Relevance Labels,"('High', 'High')"
ID0519,q3,"('High', 'High')",High Relevance Labels,"('High', 'High')"
ID0519,q4,"('High', 'High')",High Relevance Labels,"('High', 'High')"
ID0519,q5,"('Low', 'Low')",Low Relevance Labels,"('Low', 'Low')"
ID0519,q6,"('High', 'Low')",High Relevance Labels,"('High', 'Low')"
ID0519,q7,"('High', 'High')",High Relevance Labels,"('High', 'High')"
ID0519,q8,"('High', 'Irr')",Low Relevance Labels,"('High', 'Irr')"
ID0519,q9,"('not applicable', 'not applicable')",Other,
ID0519,q10,"('not applicable', 'not applicable')",Other,
ID0519,q11,"('not applicable', 'not applicable')",Other,
ID0519,q12,"('not applicable', 'not applicable')",Other,
ID0519,q13,"('not applicable', 'not applicable')",Other,
ID0519,q14,"('not applicable', 'not applicable')",Other,
ID0519,q15,"('not applicable', 'not applicable')",Other,
ID0519,q16,"('not applicable', 'not applicable')",Other,
ID0519,q17,"('not applicable', 'not applicable')",Other,
ID0519,q18,"('not applicable', 'not applicable')",Other,
ID0519,q19,"('not applicable', 'not applicable')",Other,
ID0519,q20,"('not applicable', 'not applicable')",Other,
ID0519,q21,"('not applicable', 'not applicable')",Other,
ID0519,q22,"('not applicable', 'not applicable')",Other,
ID0524,q2,"('High', 'High')",High Relevance Labels,"('High', 'High')"
ID0524,q3,"('High', 'High')",High Relevance Labels,"('High', 'High')"
ID0524,q4,"('High', 'Low')",High Relevance Labels,"('High', 'Low')"
ID0524,q5,"('Low', 'Low')",Low Relevance Labels,"('Low', 'Low')"
ID0524,q6,"('Irr', 'Low')",Low Relevance Labels,"('Low', 'Irr')"
ID0524,q7,"('Irr', 'Low')",Low Relevance Labels,"('Low', 'Irr')"
ID0524,q8,"('Irr', 'Low')",Low Relevance Labels,"('Low', 'Irr')"
ID0524,q9,"('Irr', 'Low')",Low Relevance Labels,"('Low', 'Irr')"
ID0524,q10,"('High', 'High')",High Relevance Labels,"('High', 'High')"
ID0524,q11,"('Low', 'Low')",Low Relevance Labels,"('Low', 'Low')"
ID0524,q12,"('High', 'High')",High Relevance Labels,"('High', 'High')"
ID0524,q13,"('High', 'Low')",High Relevance Labels,"('High', 'Low')"
ID0525,q2,"('High', 'High')",High Relevance Labels,"('High', 'High')"
ID0525,q3,"('High', 'Low')",High Relevance Labels,"('High', 'Low')"
ID0525,q4,"('Low', 'Low')",Low Relevance Labels,"('Low', 'Low')"
ID0525,q5,"('Low', 'Low')",Low Relevance Labels,"('Low', 'Low')"
ID0525,q6,"('High', 'Low')",High Relevance Labels,"('High', 'Low')"
ID0525,q7,"('High', 'Low')",High Relevance Labels,"('High', 'Low')"
ID0525,q8,"('High', 'High')",High Relevance Labels,"('High', 'High')"
ID0525,q9,"('High', 'High')",High Relevance Labels,"('High', 'High')"
ID0525,q10,"('High', 'High')",High Relevance Labels,"('High', 'High')"
ID0525,q11,"('High', 'Low')",High Relevance Labels,"('High', 'Low')"
ID0525,q12,"('not applicable', 'not applicable')",Other,
ID0525,q13,"('not applicable', 'not applicable')",Other,
ID0525,q14,"('not applicable', 'not applicable')",Other,
ID0525,q15,"('not applicable', 'not applicable')",Other,
ID0525,q16,"('not applicable', 'not applicable')",Other,
ID0525,q17,"('not applicable', 'not applicable')",Other,
ID0525,q18,"('not applicable', 'not applicable')",Other,
ID0525,q19,"('not applicable', 'not applicable')",Other,
ID0525,q20,"('not applicable', 'not applicable')",Other,
ID0525,q21,"('not applicable', 'not applicable')",Other,
ID0525,q22,"('not applicable', 'not applicable')",Other,
ID0528,q2,"('High', 'High')",High Relevance Labels,"('High', 'High')"
ID0528,q3,"('Low', 'Low')",Low Relevance Labels,"('Low', 'Low')"
ID0528,q4,"('Low', 'Low')",Low Relevance Labels,"('Low', 'Low')"
ID0528,q5,"('Low', 'Low')",Low Relevance Labels,"('Low', 'Low')"
ID0528,q6,"('High', 'High')",High Relevance Labels,"('High', 'High')"
ID0528,q7,"('High', 'High')",High Relevance Labels,"('High', 'High')"
ID0528,q8,"('High', 'High')",High Relevance Labels,"('High', 'High')"
ID0528,q9,"('High', 'High')",High Relevance Labels,"('High', 'High')"
ID0528,q10,"('Irr', 'Low')",Low Relevance Labels,"('Low', 'Irr')"
ID0528,q11,"('High', 'High')",High Relevance Labels,"('High', 'High')"
ID0528,q12,"('High', 'High')",High Relevance Labels,"('High', 'High')"
ID0528,q13,"('High', 'High')",High Relevance Labels,"('High', 'High')"
ID0528,q14,"('High', 'High')",High Relevance Labels,"('High', 'High')"
ID0528,q15,"('Low', 'Low')",Low Relevance Labels,"('Low', 'Low')"
ID0528,q16,"('Low', 'Low')",Low Relevance Labels,"('Low', 'Low')"
ID0528,q17,"('not applicable', 'not applicable')",Other,
ID0528,q18,"('not applicable', 'not applicable')",Other,
ID0528,q19,"('not applicable', 'not applicable')",Other,
ID0528,q20,"('not applicable', 'not applicable')",Other,
ID0528,q21,"('not applicable', 'not applicable')",Other,
ID0528,q22,"('not applicable', 'not applicable')",Other,
ID0529,q2,"('High', 'Low')",High Relevance Labels,"('High', 'Low')"
ID0529,q3,"('High', 'Low')",High Relevance Labels,"('High', 'Low')"
ID0529,q4,"('High', 'Low')",High Relevance Labels,"('High', 'Low')"
ID0529,q5,"('High', 'Low')",High Relevance Labels,"('High', 'Low')"
ID0529,q6,"('Low', 'Low')",Low Relevance Labels,"('Low', 'Low')"
ID0529,q7,"('High', 'Low')",High Relevance Labels,"('High', 'Low')"
ID0529,q8,"('Low', 'Low')",Low Relevance Labels,"('Low', 'Low')"
ID0529,q9,"('High', 'Low')",High Relevance Labels,"('High', 'Low')"
ID0529,q10,"('High', 'Irr')",Low Relevance Labels,"('High', 'Irr')"
ID0532,q2,"('High', 'Low')",High Relevance Labels,"('High', 'Low')"
ID0532,q3,"('High', 'High')",High Relevance Labels,"('High', 'High')"
ID0532,q4,"('High', 'Low')",High Relevance Labels,"('High', 'Low')"
ID0532,q5,"('High', 'Low')",High Relevance Labels,"('High', 'Low')"
ID0532,q6,"('Low', 'Low')",Low Relevance Labels,"('Low', 'Low')"
ID0532,q7,"('High', 'High')",High Relevance Labels,"('High', 'High')"
ID0532,q8,"('Low', 'Low')",Low Relevance Labels,"('Low', 'Low')"
ID0532,q9,"('Irr', 'Low')",Low Relevance Labels,"('Low', 'Irr')"
ID0532,q10,"('High', 'Irr')",Low Relevance Labels,"('High', 'Irr')"
ID0532,q11,"('Irr', 'Low')",Low Relevance Labels,"('Low', 'Irr')"
ID0532,q12,"('Irr', 'Low')",Low Relevance Labels,"('Low', 'Irr')"
ID0532,q13,"('High', 'High')",High Relevance Labels,"('High', 'High')"
ID0532,q14,"('Irr', 'Low')",Low Relevance Labels,"('Low', 'Irr')"
ID0532,q15,"('Low', 'Low')",Low Relevance Labels,"('Low', 'Low')"
ID0532,q16,"('Low', 'Low')",Low Relevance Labels,"('Low', 'Low')"
ID0532,q17,"('High', 'Low')",High Relevance Labels,"('High', 'Low')"
ID0532,q18,"('High', 'High')",High Relevance Labels,"('High', 'High')"
ID0532,q19,"('not applicable', 'not applicable')",Other,
ID0532,q20,"('not applicable', 'not applicable')",Other,
ID0532,q21,"('not applicable', 'not applicable')",Other,
ID0532,q22,"('not applicable', 'not applicable')",Other,
ID0533,q2,"('High', 'High')",High Relevance Labels,"('High', 'High')"
ID0533,q3,"('Irr', 'Low')",Low Relevance Labels,"('Low', 'Irr')"
ID0533,q4,"('Irr', 'Low')",Low Relevance Labels,"('Low', 'Irr')"
ID0533,q5,"('Irr', 'Low')",Low Relevance Labels,"('Low', 'Irr')"
ID0533,q6,"('Irr', 'Irr')",Irrelevant Labels,"('Irr', 'Irr')"
ID0533,q7,"('High', 'Low')",High Relevance Labels,"('High', 'Low')"
ID0533,q8,"('Low', 'Low')",Low Relevance Labels,"('Low', 'Low')"
ID0533,q9,"('High', 'High')",High Relevance Labels,"('High', 'High')"
ID0533,q10,"('High', 'Low')",High Relevance Labels,"('High', 'Low')"
ID0533,q11,"('High', 'High')",High Relevance Labels,"('High', 'High')"
ID0533,q12,"('High', 'High')",High Relevance Labels,"('High', 'High')"
ID0533,q13,"('High', 'Irr')",Low Relevance Labels,"('High', 'Irr')"
ID0533,q14,"('High', 'Irr')",Low Relevance Labels,"('High', 'Irr')"
ID0533,q15,"('not applicable', 'not applicable')",Other,
ID0533,q16,"('not applicable', 'not applicable')",Other,
ID0533,q17,"('not applicable', 'not applicable')",Other,
ID0533,q18,"('not applicable', 'not applicable')",Other,
ID0533,q19,"('not applicable', 'not applicable')",Other,
ID0533,q20,"('not applicable', 'not applicable')",Other,
ID0533,q21,"('not applicable', 'not applicable')",Other,
ID0533,q22,"('not applicable', 'not applicable')",Other,
ID0541,q2,"('High', 'High')",High Relevance Labels,"('High', 'High')"
ID0541,q3,"('High', 'Low')",High Relevance Labels,"('High', 'Low')"
ID0541,q4,"('Low', 'Low')",Low Relevance Labels,"('Low', 'Low')"
ID0541,q5,"('High', 'Low')",High Relevance Labels,"('High', 'Low')"
ID0541,q6,"('Low', 'Low')",Low Relevance Labels,"('Low', 'Low')"
ID0541,q7,"('High', 'Low')",High Relevance Labels,"('High', 'Low')"
ID0541,q8,"('High', 'Low')",High Relevance Labels,"('High', 'Low')"
ID0541,q9,"('High', 'Low')",High Relevance Labels,"('High', 'Low')"
ID0541,q10,"('High', 'Low')",High Relevance Labels,"('High', 'Low')"
ID0541,q11,"('Low', 'Low')",Low Relevance Labels,"('Low', 'Low')"
ID0541,q12,"('not applicable', 'not applicable')",Other,
ID0541,q13,"('not applicable', 'not applicable')",Other,
ID0541,q14,"('not applicable', 'not applicable')",Other,
ID0541,q15,"('not applicable', 'not applicable')",Other,
ID0541,q16,"('not applicable', 'not applicable')",Other,
ID0541,q17,"('not applicable', 'not applicable')",Other,
ID0541,q18,"('not applicable', 'not applicable')",Other,
ID0541,q19,"('not applicable', 'not applicable')",Other,
ID0541,q20,"('not applicable', 'not applicable')",Other,
ID0541,q21,"('not applicable', 'not applicable')",Other,
ID0541,q22,"('not applicable', 'not applicable')",Other,
ID0551,q2,"('High', 'High')",High Relevance Labels,"('High', 'High')"
ID0551,q3,"('Low', 'Low')",Low Relevance Labels,"('Low', 'Low')"
ID0551,q4,"('Low', 'Low')",Low Relevance Labels,"('Low', 'Low')"
ID0551,q5,"('High', 'Low')",High Relevance Labels,"('High', 'Low')"
ID0551,q6,"('High', 'High')",High Relevance Labels,"('High', 'High')"
ID0551,q7,"('Low', 'Low')",Low Relevance Labels,"('Low', 'Low')"
ID0551,q8,"('High', 'High')",High Relevance Labels,"('High', 'High')"
ID0551,q9,"('High', 'Low')",High Relevance Labels,"('High', 'Low')"
ID0551,q10,"('Low', 'Low')",Low Relevance Labels,"('Low', 'Low')"
ID0551,q11,"('Irr', 'Irr')",Irrelevant Labels,"('Irr', 'Irr')"
ID0551,q12,"('Irr', 'Irr')",Irrelevant Labels,"('Irr', 'Irr')"
ID0551,q13,"('not applicable', 'not applicable')",Other,
ID0551,q14,"('not applicable', 'not applicable')",Other,
ID0551,q15,"('not applicable', 'not applicable')",Other,
ID0551,q16,"('not applicable', 'not applicable')",Other,
ID0551,q17,"('not applicable', 'not applicable')",Other,
ID0551,q18,"('not applicable', 'not applicable')",Other,
ID0551,q19,"('not applicable', 'not applicable')",Other,
ID0551,q20,"('not applicable', 'not applicable')",Other,
ID0551,q21,"('not applicable', 'not applicable')",Other,
ID0551,q22,"('not applicable', 'not applicable')",Other,
ID0553,q2,"('High', 'Low')",High Relevance Labels,"('High', 'Low')"
ID0553,q3,"('Low', 'Low')",Low Relevance Labels,"('Low', 'Low')"
ID0553,q4,"('High', 'Low')",High Relevance Labels,"('High', 'Low')"
ID0553,q5,"('Low', 'Low')",Low Relevance Labels,"('Low', 'Low')"
ID0553,q6,"('Low', 'Low')",Low Relevance Labels,"('Low', 'Low')"
ID0553,q7,"('High', 'Low')",High Relevance Labels,"('High', 'Low')"
ID0553,q8,"('High', 'Low')",High Relevance Labels,"('High', 'Low')"
ID0553,q9,"('Low', 'Low')",Low Relevance Labels,"('Low', 'Low')"
ID0553,q10,"('High', 'Low')",High Relevance Labels,"('High', 'Low')"
ID0553,q11,"('High', 'High')",High Relevance Labels,"('High', 'High')"
ID0553,q12,"('High', 'Low')",High Relevance Labels,"('High', 'Low')"
ID0553,q13,"('High', 'High')",High Relevance Labels,"('High', 'High')"
ID0553,q14,"('Irr', 'Irr')",Irrelevant Labels,"('Irr', 'Irr')"
ID0553,q15,"('Irr', 'Irr')",Irrelevant Labels,"('Irr', 'Irr')"
ID0553,q16,"('Irr', 'not applicable')",Other,
ID0553,q17,"('not applicable', 'not applicable')",Other,
ID0553,q18,"('not applicable', 'not applicable')",Other,
ID0553,q19,"('not applicable', 'not applicable')",Other,
ID0553,q20,"('not applicable', 'not applicable')",Other,
ID0553,q21,"('not applicable', 'not applicable')",Other,
ID0553,q22,"('not applicable', 'not applicable')",Other,
ID0569,q2,"('High', 'Low')",High Relevance Labels,"('High', 'Low')"
ID0569,q3,"('High', 'High')",High Relevance Labels,"('High', 'High')"
ID0569,q4,"('Low', 'Low')",Low Relevance Labels,"('Low', 'Low')"
ID0569,q5,"('High', 'Low')",High Relevance Labels,"('High', 'Low')"
ID0569,q6,"('High', 'High')",High Relevance Labels,"('High', 'High')"
ID0569,q7,"('not applicable', 'not applicable')",Other,
ID0569,q8,"('not applicable', 'not applicable')",Other,
ID0569,q9,"('not applicable', 'not applicable')",Other,
ID0569,q10,"('not applicable', 'not applicable')",Other,
ID0569,q11,"('not applicable', 'not applicable')",Other,
ID0569,q12,"('not applicable', 'not applicable')",Other,
ID0569,q13,"('not applicable', 'not applicable')",Other,
ID0569,q14,"('not applicable', 'not applicable')",Other,
ID0569,q15,"('not applicable', 'not applicable')",Other,
ID0569,q16,"('not applicable', 'not applicable')",Other,
ID0569,q17,"('not applicable', 'not applicable')",Other,
ID0569,q18,"('not applicable', 'not applicable')",Other,
ID0569,q19,"('not applicable', 'not applicable')",Other,
ID0569,q20,"('not applicable', 'not applicable')",Other,
ID0569,q21,"('not applicable', 'not applicable')",Other,
ID0569,q22,"('not applicable', 'not applicable')",Other,
ID0576,q2,"('High', 'Low')",High Relevance Labels,"('High', 'Low')"
ID0576,q3,"('Low', 'Low')",Low Relevance Labels,"('Low', 'Low')"
ID0576,q4,"('Irr', 'Low')",Low Relevance Labels,"('Low', 'Irr')"
ID0576,q5,"('High', 'Low')",High Relevance Labels,"('High', 'Low')"
ID0576,q6,"('High', 'High')",High Relevance Labels,"('High', 'High')"
ID0576,q7,"('High', 'Low')",High Relevance Labels,"('High', 'Low')"
ID0576,q8,"('Low', 'Low')",Low Relevance Labels,"('Low', 'Low')"
ID0576,q9,"('Low', 'Low')",Low Relevance Labels,"('Low', 'Low')"
ID0576,q10,"('Low', 'Low')",Low Relevance Labels,"('Low', 'Low')"
ID0576,q11,"('Low', 'Low')",Low Relevance Labels,"('Low', 'Low')"
ID0576,q12,"('not applicable', 'not applicable')",Other,
ID0576,q13,"('not applicable', 'not applicable')",Other,
ID0576,q14,"('not applicable', 'not applicable')",Other,
ID0576,q15,"('not applicable', 'not applicable')",Other,
ID0576,q16,"('not applicable', 'not applicable')",Other,
ID0576,q17,"('not applicable', 'not applicable')",Other,
ID0576,q18,"('not applicable', 'not applicable')",Other,
ID0576,q19,"('not applicable', 'not applicable')",Other,
ID0576,q20,"('not applicable', 'not applicable')",Other,
ID0576,q21,"('not applicable', 'not applicable')",Other,
ID0576,q22,"('not applicable', 'not applicable')",Other,
ID0577,q2,"('High', 'Low')",High Relevance Labels,"('High', 'Low')"
ID0577,q3,"('High', 'Low')",High Relevance Labels,"('High', 'Low')"
ID0577,q4,"('High', 'Low')",High Relevance Labels,"('High', 'Low')"
ID0577,q5,"('Low', 'Low')",Low Relevance Labels,"('Low', 'Low')"
ID0577,q6,"('High', 'Low')",High Relevance Labels,"('High', 'Low')"
ID0577,q7,"('High', 'High')",High Relevance Labels,"('High', 'High')"
ID0577,q8,"('High', 'High')",High Relevance Labels,"('High', 'High')"
ID0577,q9,"('High', 'Low')",High Relevance Labels,"('High', 'Low')"
ID0577,q10,"('High', 'Low')",High Relevance Labels,"('High', 'Low')"
ID0577,q11,"('Low', 'Low')",Low Relevance Labels,"('Low', 'Low')"
ID0577,q12,"('High', 'Low')",High Relevance Labels,"('High', 'Low')"
ID0577,q13,"('not applicable', 'not applicable')",Other,
ID0577,q14,"('not applicable', 'not applicable')",Other,
ID0577,q15,"('not applicable', 'not applicable')",Other,
ID0577,q16,"('not applicable', 'not applicable')",Other,
ID0577,q17,"('not applicable', 'not applicable')",Other,
ID0577,q18,"('not applicable', 'not applicable')",Other,
ID0577,q19,"('not applicable', 'not applicable')",Other,
ID0577,q20,"('not applicable', 'not applicable')",Other,
ID0577,q21,"('not applicable', 'not applicable')",Other,
ID0577,q22,"('not applicable', 'not applicable')",Other,
ID0589,q2,"('High', 'High')",High Relevance Labels,"('High', 'High')"
ID0589,q3,"('High', 'High')",High Relevance Labels,"('High', 'High')"
ID0589,q4,"('High', 'High')",High Relevance Labels,"('High', 'High')"
ID0589,q5,"('High', 'High')",High Relevance Labels,"('High', 'High')"
ID0589,q6,"('Low', 'Low')",Low Relevance Labels,"('Low', 'Low')"
ID0589,q7,"('Low', 'Low')",Low Relevance Labels,"('Low', 'Low')"
ID0589,q8,"('High', 'Low')",High Relevance Labels,"('High', 'Low')"
ID0589,q9,"('Low', 'Low')",Low Relevance Labels,"('Low', 'Low')"
ID0589,q10,"('Low', 'Low')",Low Relevance Labels,"('Low', 'Low')"
ID0589,q11,"('High', 'Irr')",Low Relevance Labels,"('High', 'Irr')"
ID0589,q12,"('High', 'Low')",High Relevance Labels,"('High', 'Low')"
ID0589,q13,"('High', 'High')",High Relevance Labels,"('High', 'High')"
ID0589,q14,"('not applicable', 'not applicable')",Other,
ID0589,q15,"('not applicable', 'not applicable')",Other,
ID0589,q16,"('not applicable', 'not applicable')",Other,
ID0589,q17,"('not applicable', 'not applicable')",Other,
ID0589,q18,"('not applicable', 'not applicable')",Other,
ID0589,q19,"('not applicable', 'not applicable')",Other,
ID0589,q20,"('not applicable', 'not applicable')",Other,
ID0589,q21,"('not applicable', 'not applicable')",Other,
ID0589,q22,"('not applicable', 'not applicable')",Other,
ID0592,q2,"('High', 'Low')",High Relevance Labels,"('High', 'Low')"
ID0592,q3,"('High', 'Low')",High Relevance Labels,"('High', 'Low')"
ID0592,q4,"('High', 'Low')",High Relevance Labels,"('High', 'Low')"
ID0592,q5,"('High', 'High')",High Relevance Labels,"('High', 'High')"
ID0592,q6,"('Low', 'Low')",Low Relevance Labels,"('Low', 'Low')"
ID0592,q7,"('Low', 'Low')",Low Relevance Labels,"('Low', 'Low')"
ID0592,q8,"('High', 'High')",High Relevance Labels,"('High', 'High')"
ID0592,q9,"('Low', 'Low')",Low Relevance Labels,"('Low', 'Low')"
ID0592,q10,"('High', 'Low')",High Relevance Labels,"('High', 'Low')"
ID0592,q11,"('High', 'High')",High Relevance Labels,"('High', 'High')"
ID0592,q12,"('High', 'Low')",High Relevance Labels,"('High', 'Low')"
ID0592,q13,"('High', 'High')",High Relevance Labels,"('High', 'High')"
ID0592,q14,"('High', 'Low')",High Relevance Labels,"('High', 'Low')"
ID0592,q15,"('High', 'High')",High Relevance Labels,"('High', 'High')"
ID0592,q16,"('High', 'High')",High Relevance Labels,"('High', 'High')"
ID0592,q17,"('not applicable', 'not applicable')",Other,
ID0592,q18,"('not applicable', 'not applicable')",Other,
ID0592,q19,"('not applicable', 'not applicable')",Other,
ID0592,q20,"('not applicable', 'not applicable')",Other,
ID0592,q21,"('not applicable', 'not applicable')",Other,
ID0592,q22,"('not applicable', 'not applicable')",Other,
ID0594,q2,"('Low', 'Low')",Low Relevance Labels,"('Low', 'Low')"
ID0594,q3,"('Low', 'Low')",Low Relevance Labels,"('Low', 'Low')"
ID0594,q4,"('High', 'Low')",High Relevance Labels,"('High', 'Low')"
ID0594,q5,"('Low', 'Low')",Low Relevance Labels,"('Low', 'Low')"
ID0594,q6,"('Low', 'Low')",Low Relevance Labels,"('Low', 'Low')"
ID0594,q7,"('Low', 'Low')",Low Relevance Labels,"('Low', 'Low')"
ID0594,q8,"('Low', 'Low')",Low Relevance Labels,"('Low', 'Low')"
ID0594,q9,"('Irr', 'Low')",Low Relevance Labels,"('Low', 'Irr')"
ID0594,q10,"('High', 'Low')",High Relevance Labels,"('High', 'Low')"
ID0594,q11,"('High', 'not applicable')",Other,
ID0594,q12,"('not applicable', 'not applicable')",Other,
ID0594,q13,"('not applicable', 'not applicable')",Other,
ID0594,q14,"('not applicable', 'not applicable')",Other,
ID0594,q15,"('not applicable', 'not applicable')",Other,
ID0594,q16,"('not applicable', 'not applicable')",Other,
ID0594,q17,"('not applicable', 'not applicable')",Other,
ID0594,q18,"('not applicable', 'not applicable')",Other,
ID0594,q19,"('not applicable', 'not applicable')",Other,
ID0594,q20,"('not applicable', 'not applicable')",Other,
ID0594,q21,"('not applicable', 'not applicable')",Other,
ID0594,q22,"('not applicable', 'not applicable')",Other,
ID0595,q2,"('High', 'High')",High Relevance Labels,"('High', 'High')"
ID0595,q3,"('High', 'High')",High Relevance Labels,"('High', 'High')"
ID0595,q4,"('Low', 'Low')",Low Relevance Labels,"('Low', 'Low')"
ID0595,q5,"('Low', 'Low')",Low Relevance Labels,"('Low', 'Low')"
ID0595,q6,"('Low', 'Low')",Low Relevance Labels,"('Low', 'Low')"
ID0595,q7,"('Irr', 'Low')",Low Relevance Labels,"('Low', 'Irr')"
ID0595,q8,"('Irr', 'Low')",Low Relevance Labels,"('Low', 'Irr')"
ID0595,q9,"('Low', 'Low')",Low Relevance Labels,"('Low', 'Low')"
ID0595,q10,"('Irr', 'Irr')",Irrelevant Labels,"('Irr', 'Irr')"
ID0595,q11,"('Low', 'Low')",Low Relevance Labels,"('Low', 'Low')"
ID0595,q12,"('Low', 'Low')",Low Relevance Labels,"('Low', 'Low')"
ID0602,q2,"('High', 'Low')",High Relevance Labels,"('High', 'Low')"
ID0602,q3,"('Low', 'Low')",Low Relevance Labels,"('Low', 'Low')"
ID0602,q4,"('Irr', 'Low')",Low Relevance Labels,"('Low', 'Irr')"
ID0602,q5,"('High', 'High')",High Relevance Labels,"('High', 'High')"
ID0602,q6,"('High', 'Low')",High Relevance Labels,"('High', 'Low')"
ID0602,q7,"('High', 'Irr')",Low Relevance Labels,"('High', 'Irr')"
ID0602,q8,"('Low', 'not applicable')",Other,
ID0602,q9,"('not applicable', 'not applicable')",Other,
ID0602,q10,"('High', 'not applicable')",Other,
ID0602,q11,"('High', 'not applicable')",Other,
ID0602,q12,"('High', 'not applicable')",Other,
ID0602,q13,"('Low', 'not applicable')",Other,
ID0602,q14,"('not applicable', 'not applicable')",Other,
ID0602,q15,"('not applicable', 'not applicable')",Other,
ID0602,q16,"('not applicable', 'not applicable')",Other,
ID0602,q17,"('not applicable', 'not applicable')",Other,
ID0602,q18,"('not applicable', 'not applicable')",Other,
ID0602,q19,"('not applicable', 'not applicable')",Other,
ID0602,q20,"('not applicable', 'not applicable')",Other,
ID0602,q21,"('not applicable', 'not applicable')",Other,
ID0602,q22,"('not applicable', 'not applicable')",Other,
ID0616,q2,"('High', 'Low')",High Relevance Labels,"('High', 'Low')"
ID0616,q3,"('Low', 'Low')",Low Relevance Labels,"('Low', 'Low')"
ID0616,q4,"('High', 'High')",High Relevance Labels,"('High', 'High')"
ID0616,q5,"('High', 'Low')",High Relevance Labels,"('High', 'Low')"
ID0616,q6,"('High', 'Low')",High Relevance Labels,"('High', 'Low')"
ID0616,q7,"('High', 'Low')",High Relevance Labels,"('High', 'Low')"
ID0616,q8,"('High', 'Low')",High Relevance Labels,"('High', 'Low')"
ID0616,q9,"('High', 'High')",High Relevance Labels,"('High', 'High')"
ID0616,q10,"('not applicable', 'not applicable')",Other,
ID0616,q11,"('not applicable', 'not applicable')",Other,
ID0616,q12,"('not applicable', 'not applicable')",Other,
ID0616,q13,"('not applicable', 'not applicable')",Other,
ID0616,q14,"('not applicable', 'not applicable')",Other,
ID0616,q15,"('not applicable', 'not applicable')",Other,
ID0616,q16,"('not applicable', 'not applicable')",Other,
ID0616,q17,"('not applicable', 'not applicable')",Other,
ID0616,q18,"('not applicable', 'not applicable')",Other,
ID0616,q19,"('not applicable', 'not applicable')",Other,
ID0616,q20,"('not applicable', 'not applicable')",Other,
ID0616,q21,"('not applicable', 'not applicable')",Other,
ID0616,q22,"('not applicable', 'not applicable')",Other,
ID0619,q2,"('High', 'High')",High Relevance Labels,"('High', 'High')"
ID0619,q3,"('High', 'High')",High Relevance Labels,"('High', 'High')"
ID0619,q4,"('High', 'High')",High Relevance Labels,"('High', 'High')"
ID0619,q5,"('High', 'Low')",High Relevance Labels,"('High', 'Low')"
ID0619,q6,"('Low', 'Low')",Low Relevance Labels,"('Low', 'Low')"
ID0619,q7,"('High', 'High')",High Relevance Labels,"('High', 'High')"
ID0619,q8,"('Irr', 'not applicable')",Other,
ID0619,q9,"('not applicable', 'not applicable')",Other,
ID0619,q10,"('not applicable', 'not applicable')",Other,
ID0619,q11,"('not applicable', 'not applicable')",Other,
ID0619,q12,"('not applicable', 'not applicable')",Other,
ID0619,q13,"('not applicable', 'not applicable')",Other,
ID0619,q14,"('not applicable', 'not applicable')",Other,
ID0619,q15,"('not applicable', 'not applicable')",Other,
ID0619,q16,"('not applicable', 'not applicable')",Other,
ID0619,q17,"('not applicable', 'not applicable')",Other,
ID0619,q18,"('not applicable', 'not applicable')",Other,
ID0619,q19,"('not applicable', 'not applicable')",Other,
ID0619,q20,"('not applicable', 'not applicable')",Other,
ID0619,q21,"('not applicable', 'not applicable')",Other,
ID0619,q22,"('not applicable', 'not applicable')",Other,
ID0626,q2,"('High', 'High')",High Relevance Labels,"('High', 'High')"
ID0626,q3,"('High', 'High')",High Relevance Labels,"('High', 'High')"
ID0626,q4,"('Low', 'Low')",Low Relevance Labels,"('Low', 'Low')"
ID0626,q5,"('Low', 'Low')",Low Relevance Labels,"('Low', 'Low')"
ID0626,q6,"('Low', 'Low')",Low Relevance Labels,"('Low', 'Low')"
ID0626,q7,"('not applicable', 'not applicable')",Other,
ID0626,q8,"('not applicable', 'not applicable')",Other,
ID0626,q9,"('not applicable', 'not applicable')",Other,
ID0626,q10,"('not applicable', 'not applicable')",Other,
ID0626,q11,"('not applicable', 'not applicable')",Other,
ID0626,q12,"('not applicable', 'not applicable')",Other,
ID0626,q13,"('not applicable', 'not applicable')",Other,
ID0626,q14,"('not applicable', 'not applicable')",Other,
ID0626,q15,"('not applicable', 'not applicable')",Other,
ID0626,q16,"('not applicable', 'not applicable')",Other,
ID0626,q17,"('not applicable', 'not applicable')",Other,
ID0626,q18,"('not applicable', 'not applicable')",Other,
ID0626,q19,"('not applicable', 'not applicable')",Other,
ID0626,q20,"('not applicable', 'not applicable')",Other,
ID0626,q21,"('not applicable', 'not applicable')",Other,
ID0626,q22,"('not applicable', 'not applicable')",Other,
ID0629,q2,"('High', 'High')",High Relevance Labels,"('High', 'High')"
ID0629,q3,"('High', 'Low')",High Relevance Labels,"('High', 'Low')"
ID0629,q4,"('High', 'High')",High Relevance Labels,"('High', 'High')"
ID0629,q5,"('High', 'Low')",High Relevance Labels,"('High', 'Low')"
ID0629,q6,"('High', 'High')",High Relevance Labels,"('High', 'High')"
ID0629,q7,"('Low', 'Low')",Low Relevance Labels,"('Low', 'Low')"
ID0629,q8,"('Low', 'Low')",Low Relevance Labels,"('Low', 'Low')"
ID0629,q9,"('Low', 'Low')",Low Relevance Labels,"('Low', 'Low')"
ID0629,q10,"('Low', 'Low')",Low Relevance Labels,"('Low', 'Low')"
ID0629,q11,"('High', 'Low')",High Relevance Labels,"('High', 'Low')"
ID0629,q12,"('Low', 'Low')",Low Relevance Labels,"('Low', 'Low')"
ID0629,q13,"('High', 'Low')",High Relevance Labels,"('High', 'Low')"
ID0629,q14,"('High', 'Low')",High Relevance Labels,"('High', 'Low')"
ID0629,q15,"('High', 'High')",High Relevance Labels,"('High', 'High')"
ID0629,q16,"('High', 'Low')",High Relevance Labels,"('High', 'Low')"
ID0629,q17,"('High', 'Low')",High Relevance Labels,"('High', 'Low')"
ID0629,q18,"('not applicable', 'not applicable')",Other,
ID0629,q19,"('not applicable', 'not applicable')",Other,
ID0629,q20,"('not applicable', 'not applicable')",Other,
ID0629,q21,"('not applicable', 'not applicable')",Other,
ID0629,q22,"('not applicable', 'not applicable')",Other,
ID0634,q2,"('Irr', 'Low')",Low Relevance Labels,"('Low', 'Irr')"
ID0634,q3,"('High', 'High')",High Relevance Labels,"('High', 'High')"
ID0634,q4,"('Irr', 'Low')",Low Relevance Labels,"('Low', 'Irr')"
ID0634,q5,"('High', 'High')",High Relevance Labels,"('High', 'High')"
ID0634,q6,"('Irr', 'Low')",Low Relevance Labels,"('Low', 'Irr')"
ID0634,q7,"('not applicable', 'not applicable')",Other,
ID0634,q8,"('not applicable', 'not applicable')",Other,
ID0634,q9,"('not applicable', 'not applicable')",Other,
ID0634,q10,"('not applicable', 'not applicable')",Other,
ID0634,q11,"('not applicable', 'not applicable')",Other,
ID0634,q12,"('not applicable', 'not applicable')",Other,
ID0634,q13,"('not applicable', 'not applicable')",Other,
ID0634,q14,"('not applicable', 'not applicable')",Other,
ID0634,q15,"('not applicable', 'not applicable')",Other,
ID0634,q16,"('not applicable', 'not applicable')",Other,
ID0634,q17,"('not applicable', 'not applicable')",Other,
ID0634,q18,"('not applicable', 'not applicable')",Other,
ID0634,q19,"('not applicable', 'not applicable')",Other,
ID0634,q20,"('not applicable', 'not applicable')",Other,
ID0634,q21,"('not applicable', 'not applicable')",Other,
ID0634,q22,"('not applicable', 'not applicable')",Other,
ID0639,q2,"('High', 'High')",High Relevance Labels,"('High', 'High')"
ID0639,q3,"('Low', 'Low')",Low Relevance Labels,"('Low', 'Low')"
ID0639,q4,"('High', 'Low')",High Relevance Labels,"('High', 'Low')"
ID0639,q5,"('High', 'Low')",High Relevance Labels,"('High', 'Low')"
ID0639,q6,"('Low', 'Low')",Low Relevance Labels,"('Low', 'Low')"
ID0639,q7,"('High', 'Low')",High Relevance Labels,"('High', 'Low')"
ID0639,q8,"('Low', 'Low')",Low Relevance Labels,"('Low', 'Low')"
ID0639,q9,"('Irr', 'Irr')",Irrelevant Labels,"('Irr', 'Irr')"
ID0639,q10,"('not applicable', 'not applicable')",Other,
ID0639,q11,"('not applicable', 'not applicable')",Other,
ID0639,q12,"('not applicable', 'not applicable')",Other,
ID0639,q13,"('not applicable', 'not applicable')",Other,
ID0639,q14,"('not applicable', 'not applicable')",Other,
ID0639,q15,"('not applicable', 'not applicable')",Other,
ID0639,q16,"('not applicable', 'not applicable')",Other,
ID0639,q17,"('not applicable', 'not applicable')",Other,
ID0639,q18,"('not applicable', 'not applicable')",Other,
ID0639,q19,"('not applicable', 'not applicable')",Other,
ID0639,q20,"('not applicable', 'not applicable')",Other,
ID0639,q21,"('not applicable', 'not applicable')",Other,
ID0639,q22,"('not applicable', 'not applicable')",Other,
ID0642,q2,"('High', 'High')",High Relevance Labels,"('High', 'High')"
ID0642,q3,"('Low', 'Low')",Low Relevance Labels,"('Low', 'Low')"
ID0642,q4,"('High', 'Low')",High Relevance Labels,"('High', 'Low')"
ID0642,q5,"('High', 'Low')",High Relevance Labels,"('High', 'Low')"
ID0642,q6,"('Low', 'Low')",Low Relevance Labels,"('Low', 'Low')"
ID0642,q7,"('Low', 'Low')",Low Relevance Labels,"('Low', 'Low')"
ID0642,q8,"('High', 'High')",High Relevance Labels,"('High', 'High')"
ID0642,q9,"('High', 'High')",High Relevance Labels,"('High', 'High')"
ID0642,q10,"('High', 'High')",High Relevance Labels,"('High', 'High')"
ID0642,q11,"('High', 'Low')",High Relevance Labels,"('High', 'Low')"
ID0642,q12,"('High', 'High')",High Relevance Labels,"('High', 'High')"
ID0642,q13,"('Irr', 'Low')",Low Relevance Labels,"('Low', 'Irr')"
ID0642,q14,"('High', 'Low')",High Relevance Labels,"('High', 'Low')"
ID0642,q15,"('High', 'Low')",High Relevance Labels,"('High', 'Low')"
ID0642,q16,"('not applicable', 'not applicable')",Other,
ID0642,q17,"('not applicable', 'not applicable')",Other,
ID0642,q18,"('not applicable', 'not applicable')",Other,
ID0642,q19,"('not applicable', 'not applicable')",Other,
ID0642,q20,"('not applicable', 'not applicable')",Other,
ID0642,q21,"('not applicable', 'not applicable')",Other,
ID0642,q22,"('not applicable', 'not applicable')",Other,
ID0643,q2,"('High', 'High')",High Relevance Labels,"('High', 'High')"
ID0643,q3,"('Low', 'Low')",Low Relevance Labels,"('Low', 'Low')"
ID0643,q4,"('High', 'Low')",High Relevance Labels,"('High', 'Low')"
ID0643,q5,"('High', 'High')",High Relevance Labels,"('High', 'High')"
ID0643,q6,"('High', 'Low')",High Relevance Labels,"('High', 'Low')"
ID0643,q7,"('High', 'not applicable')",Other,
ID0643,q8,"('not applicable', 'not applicable')",Other,
ID0643,q9,"('not applicable', 'not applicable')",Other,
ID0643,q10,"('not applicable', 'not applicable')",Other,
ID0643,q11,"('not applicable', 'not applicable')",Other,
ID0643,q12,"('not applicable', 'not applicable')",Other,
ID0643,q13,"('not applicable', 'not applicable')",Other,
ID0643,q14,"('not applicable', 'not applicable')",Other,
ID0643,q15,"('not applicable', 'not applicable')",Other,
ID0643,q16,"('not applicable', 'not applicable')",Other,
ID0643,q17,"('not applicable', 'not applicable')",Other,
ID0643,q18,"('not applicable', 'not applicable')",Other,
ID0643,q19,"('not applicable', 'not applicable')",Other,
ID0643,q20,"('not applicable', 'not applicable')",Other,
ID0643,q21,"('not applicable', 'not applicable')",Other,
ID0643,q22,"('not applicable', 'not applicable')",Other,
ID0653,q2,"('High', 'High')",High Relevance Labels,"('High', 'High')"
ID0653,q3,"('High', 'High')",High Relevance Labels,"('High', 'High')"
ID0653,q4,"('Low', 'Low')",Low Relevance Labels,"('Low', 'Low')"
ID0653,q5,"('Low', 'Low')",Low Relevance Labels,"('Low', 'Low')"
ID0653,q6,"('Low', 'Low')",Low Relevance Labels,"('Low', 'Low')"
ID0653,q7,"('High', 'Low')",High Relevance Labels,"('High', 'Low')"
ID0653,q8,"('High', 'High')",High Relevance Labels,"('High', 'High')"
ID0656,q2,"('High', 'High')",High Relevance Labels,"('High', 'High')"
ID0656,q3,"('High', 'Low')",High Relevance Labels,"('High', 'Low')"
ID0656,q4,"('High', 'High')",High Relevance Labels,"('High', 'High')"
ID0656,q5,"('High', 'Irr')",Low Relevance Labels,"('High', 'Irr')"
ID0656,q6,"('Low', 'Low')",Low Relevance Labels,"('Low', 'Low')"
ID0656,q7,"('Low', 'Low')",Low Relevance Labels,"('Low', 'Low')"
ID0656,q8,"('High', 'Low')",High Relevance Labels,"('High', 'Low')"
ID0656,q9,"('Low', 'Low')",Low Relevance Labels,"('Low', 'Low')"
ID0656,q10,"('High', 'Low')",High Relevance Labels,"('High', 'Low')"
ID0656,q11,"('Low', 'Low')",Low Relevance Labels,"('Low', 'Low')"
ID0656,q12,"('High', 'Low')",High Relevance Labels,"('High', 'Low')"
ID0656,q13,"('Low', 'Low')",Low Relevance Labels,"('Low', 'Low')"
ID0656,q14,"('Irr', 'Low')",Low Relevance Labels,"('Low', 'Irr')"
ID0656,q15,"('High', 'High')",High Relevance Labels,"('High', 'High')"
ID0656,q16,"('Low', 'not applicable')",Other,
ID0656,q17,"('Low', 'not applicable')",Other,
ID0656,q18,"('not applicable', 'not applicable')",Other,
ID0656,q19,"('not applicable', 'not applicable')",Other,
ID0656,q20,"('not applicable', 'not applicable')",Other,
ID0656,q21,"('not applicable', 'not applicable')",Other,
ID0656,q22,"('not applicable', 'not applicable')",Other,
ID0658,q2,"('Low', 'Low')",Low Relevance Labels,"('Low', 'Low')"
ID0658,q3,"('High', 'High')",High Relevance Labels,"('High', 'High')"
ID0658,q4,"('Low', 'Low')",Low Relevance Labels,"('Low', 'Low')"
ID0658,q5,"('High', 'Low')",High Relevance Labels,"('High', 'Low')"
ID0658,q6,"('not applicable', 'not applicable')",Other,
ID0658,q7,"('not applicable', 'not applicable')",Other,
ID0658,q8,"('not applicable', 'not applicable')",Other,
ID0658,q9,"('not applicable', 'not applicable')",Other,
ID0658,q10,"('not applicable', 'not applicable')",Other,
ID0658,q11,"('not applicable', 'not applicable')",Other,
ID0658,q12,"('not applicable', 'not applicable')",Other,
ID0658,q13,"('not applicable', 'not applicable')",Other,
ID0658,q14,"('not applicable', 'not applicable')",Other,
ID0658,q15,"('not applicable', 'not applicable')",Other,
ID0658,q16,"('not applicable', 'not applicable')",Other,
ID0658,q17,"('not applicable', 'not applicable')",Other,
ID0658,q18,"('not applicable', 'not applicable')",Other,
ID0658,q19,"('not applicable', 'not applicable')",Other,
ID0658,q20,"('not applicable', 'not applicable')",Other,
ID0658,q21,"('not applicable', 'not applicable')",Other,
ID0658,q22,"('not applicable', 'not applicable')",Other,
ID0660,q2,"('High', 'High')",High Relevance Labels,"('High', 'High')"
ID0660,q3,"('Low', 'Low')",Low Relevance Labels,"('Low', 'Low')"
ID0660,q4,"('High', 'Low')",High Relevance Labels,"('High', 'Low')"
ID0660,q5,"('High', 'Low')",High Relevance Labels,"('High', 'Low')"
ID0660,q6,"('High', 'High')",High Relevance Labels,"('High', 'High')"
ID0660,q7,"('Low', 'Low')",Low Relevance Labels,"('Low', 'Low')"
ID0660,q8,"('High', 'Low')",High Relevance Labels,"('High', 'Low')"
ID0660,q9,"('High', 'Low')",High Relevance Labels,"('High', 'Low')"
ID0660,q10,"('Low', 'Low')",Low Relevance Labels,"('Low', 'Low')"
ID0660,q11,"('High', 'Low')",High Relevance Labels,"('High', 'Low')"
ID0660,q12,"('Low', 'Low')",Low Relevance Labels,"('Low', 'Low')"
ID0660,q13,"('Irr', 'Low')",Low Relevance Labels,"('Low', 'Irr')"
ID0660,q14,"('Irr', 'Low')",Low Relevance Labels,"('Low', 'Irr')"
ID0660,q15,"('Irr', 'Low')",Low Relevance Labels,"('Low', 'Irr')"
ID0660,q16,"('High', 'High')",High Relevance Labels,"('High', 'High')"
ID0660,q17,"('Low', 'Low')",Low Relevance Labels,"('Low', 'Low')"
ID0660,q18,"('High', 'High')",High Relevance Labels,"('High', 'High')"
ID0660,q19,"('not applicable', 'not applicable')",Other,
ID0660,q20,"('not applicable', 'not applicable')",Other,
ID0660,q21,"('not applicable', 'not applicable')",Other,
ID0660,q22,"('not applicable', 'not applicable')",Other,
ID0670,q2,"('High', 'Low')",High Relevance Labels,"('High', 'Low')"
ID0670,q3,"('High', 'Low')",High Relevance Labels,"('High', 'Low')"
ID0670,q4,"('High', 'Low')",High Relevance Labels,"('High', 'Low')"
ID0670,q5,"('Low', 'Low')",Low Relevance Labels,"('Low', 'Low')"
ID0670,q6,"('Low', 'Low')",Low Relevance Labels,"('Low', 'Low')"
ID0670,q7,"('High', 'High')",High Relevance Labels,"('High', 'High')"
ID0670,q8,"('High', 'Low')",High Relevance Labels,"('High', 'Low')"
ID0670,q9,"('Low', 'Low')",Low Relevance Labels,"('Low', 'Low')"
ID0670,q10,"('High', 'Low')",High Relevance Labels,"('High', 'Low')"
ID0670,q11,"('High', 'Low')",High Relevance Labels,"('High', 'Low')"
ID0670,q12,"('High', 'Low')",High Relevance Labels,"('High', 'Low')"
ID0670,q13,"('High', 'High')",High Relevance Labels,"('High', 'High')"
ID0670,q14,"('High', 'not applicable')",Other,
ID0670,q15,"('not applicable', 'not applicable')",Other,
ID0670,q16,"('not applicable', 'not applicable')",Other,
ID0670,q17,"('not applicable', 'not applicable')",Other,
ID0670,q18,"('not applicable', 'not applicable')",Other,
ID0670,q19,"('not applicable', 'not applicable')",Other,
ID0670,q20,"('not applicable', 'not applicable')",Other,
ID0670,q21,"('not applicable', 'not applicable')",Other,
ID0670,q22,"('not applicable', 'not applicable')",Other,
ID0671,q2,"('High', 'High')",High Relevance Labels,"('High', 'High')"
ID0671,q3,"('Low', 'Low')",Low Relevance Labels,"('Low', 'Low')"
ID0671,q4,"('Low', 'Low')",Low Relevance Labels,"('Low', 'Low')"
ID0671,q5,"('High', 'High')",High Relevance Labels,"('High', 'High')"
ID0671,q6,"('High', 'Low')",High Relevance Labels,"('High', 'Low')"
ID0671,q7,"('High', 'High')",High Relevance Labels,"('High', 'High')"
ID0671,q8,"('High', 'High')",High Relevance Labels,"('High', 'High')"
ID0671,q9,"('High', 'Low')",High Relevance Labels,"('High', 'Low')"
ID0671,q10,"('High', 'High')",High Relevance Labels,"('High', 'High')"
ID0671,q11,"('High', 'High')",High Relevance Labels,"('High', 'High')"
ID0671,q12,"('not applicable', 'not applicable')",Other,
ID0671,q13,"('not applicable', 'not applicable')",Other,
ID0671,q14,"('not applicable', 'not applicable')",Other,
ID0671,q15,"('not applicable', 'not applicable')",Other,
ID0671,q16,"('not applicable', 'not applicable')",Other,
ID0671,q17,"('not applicable', 'not applicable')",Other,
ID0671,q18,"('not applicable', 'not applicable')",Other,
ID0671,q19,"('not applicable', 'not applicable')",Other,
ID0671,q20,"('not applicable', 'not applicable')",Other,
ID0671,q21,"('not applicable', 'not applicable')",Other,
ID0671,q22,"('not applicable', 'not applicable')",Other,
ID0676,q2,"('High', 'High')",High Relevance Labels,"('High', 'High')"
ID0676,q3,"('High', 'Low')",High Relevance Labels,"('High', 'Low')"
ID0676,q4,"('High', 'Low')",High Relevance Labels,"('High', 'Low')"
ID0676,q5,"('High', 'Low')",High Relevance Labels,"('High', 'Low')"
ID0676,q6,"('High', 'Low')",High Relevance Labels,"('High', 'Low')"
ID0676,q7,"('Low', 'Low')",Low Relevance Labels,"('Low', 'Low')"
ID0676,q8,"('Low', 'Low')",Low Relevance Labels,"('Low', 'Low')"
ID0676,q9,"('Low', 'Low')",Low Relevance Labels,"('Low', 'Low')"
ID0676,q10,"('High', 'Low')",High Relevance Labels,"('High', 'Low')"
ID0676,q11,"('High', 'High')",High Relevance Labels,"('High', 'High')"
ID0676,q12,"('Low', 'Low')",Low Relevance Labels,"('Low', 'Low')"
ID0676,q13,"('High', 'Low')",High Relevance Labels,"('High', 'Low')"
ID0676,q14,"('High', 'Low')",High Relevance Labels,"('High', 'Low')"
ID0676,q15,"('High', 'Low')",High Relevance Labels,"('High', 'Low')"
ID0676,q16,"('High', 'High')",High Relevance Labels,"('High', 'High')"
ID0676,q17,"('High', 'Low')",High Relevance Labels,"('High', 'Low')"
ID0676,q18,"('High', 'Low')",High Relevance Labels,"('High', 'Low')"
ID0676,q19,"('High', 'Low')",High Relevance Labels,"('High', 'Low')"
ID0676,q20,"('High', 'Irr')",Low Relevance Labels,"('High', 'Irr')"
ID0676,q21,"('High', 'Low')",High Relevance Labels,"('High', 'Low')"
ID0676,q22,"('not applicable', 'not applicable')",Other,
ID0679,q2,"('High', 'Low')",High Relevance Labels,"('High', 'Low')"
ID0679,q3,"('High', 'Low')",High Relevance Labels,"('High', 'Low')"
ID0679,q4,"('High', 'Low')",High Relevance Labels,"('High', 'Low')"
ID0679,q5,"('Irr', 'Low')",Low Relevance Labels,"('Low', 'Irr')"
ID0679,q6,"('Low', 'Low')",Low Relevance Labels,"('Low', 'Low')"
ID0679,q7,"('Low', 'Low')",Low Relevance Labels,"('Low', 'Low')"
ID0679,q8,"('Low', 'Low')",Low Relevance Labels,"('Low', 'Low')"
ID0679,q9,"('High', 'Low')",High Relevance Labels,"('High', 'Low')"
ID0679,q10,"('High', 'Low')",High Relevance Labels,"('High', 'Low')"
ID0679,q11,"('High', 'Low')",High Relevance Labels,"('High', 'Low')"
ID0679,q12,"('High', 'Low')",High Relevance Labels,"('High', 'Low')"
ID0679,q13,"('not applicable', 'not applicable')",Other,
ID0679,q14,"('not applicable', 'not applicable')",Other,
ID0679,q15,"('not applicable', 'not applicable')",Other,
ID0679,q16,"('not applicable', 'not applicable')",Other,
ID0679,q17,"('not applicable', 'not applicable')",Other,
ID0679,q18,"('not applicable', 'not applicable')",Other,
ID0679,q19,"('not applicable', 'not applicable')",Other,
ID0679,q20,"('not applicable', 'not applicable')",Other,
ID0679,q21,"('not applicable', 'not applicable')",Other,
ID0679,q22,"('not applicable', 'not applicable')",Other,
ID0680,q2,"('High', 'Low')",High Relevance Labels,"('High', 'Low')"
ID0680,q3,"('High', 'High')",High Relevance Labels,"('High', 'High')"
ID0680,q4,"('High', 'High')",High Relevance Labels,"('High', 'High')"
ID0680,q5,"('High', 'High')",High Relevance Labels,"('High', 'High')"
ID0680,q6,"('Low', 'Low')",Low Relevance Labels,"('Low', 'Low')"
ID0684,q2,"('High', 'High')",High Relevance Labels,"('High', 'High')"
ID0684,q3,"('Low', 'Low')",Low Relevance Labels,"('Low', 'Low')"
ID0684,q4,"('Low', 'Low')",Low Relevance Labels,"('Low', 'Low')"
ID0684,q5,"('Irr', 'Low')",Low Relevance Labels,"('Low', 'Irr')"
ID0684,q6,"('Low', 'Low')",Low Relevance Labels,"('Low', 'Low')"
ID0684,q7,"('Irr', 'Low')",Low Relevance Labels,"('Low', 'Irr')"
ID0684,q8,"('High', 'High')",High Relevance Labels,"('High', 'High')"
ID0684,q9,"('not applicable', 'not applicable')",Other,
ID0684,q10,"('not applicable', 'not applicable')",Other,
ID0684,q11,"('not applicable', 'not applicable')",Other,
ID0684,q12,"('not applicable', 'not applicable')",Other,
ID0684,q13,"('not applicable', 'not applicable')",Other,
ID0684,q14,"('not applicable', 'not applicable')",Other,
ID0684,q15,"('not applicable', 'not applicable')",Other,
ID0684,q16,"('not applicable', 'not applicable')",Other,
ID0684,q17,"('not applicable', 'not applicable')",Other,
ID0684,q18,"('not applicable', 'not applicable')",Other,
ID0684,q19,"('not applicable', 'not applicable')",Other,
ID0684,q20,"('not applicable', 'not applicable')",Other,
ID0684,q21,"('not applicable', 'not applicable')",Other,
ID0684,q22,"('not applicable', 'not applicable')",Other,
ID0700,q2,"('High', 'High')",High Relevance Labels,"('High', 'High')"
ID0700,q3,"('High', 'High')",High Relevance Labels,"('High', 'High')"
ID0700,q4,"('Low', 'Low')",Low Relevance Labels,"('Low', 'Low')"
ID0700,q5,"('Low', 'Low')",Low Relevance Labels,"('Low', 'Low')"
ID0700,q6,"('Low', 'Low')",Low Relevance Labels,"('Low', 'Low')"
ID0700,q7,"('High', 'High')",High Relevance Labels,"('High', 'High')"
ID0709,q2,"('High', 'High')",High Relevance Labels,"('High', 'High')"
ID0709,q3,"('High', 'Low')",High Relevance Labels,"('High', 'Low')"
ID0709,q4,"('Low', 'Low')",Low Relevance Labels,"('Low', 'Low')"
ID0709,q5,"('Irr', 'Low')",Low Relevance Labels,"('Low', 'Irr')"
ID0709,q6,"('Irr', 'Low')",Low Relevance Labels,"('Low', 'Irr')"
ID0709,q7,"('Irr', 'Low')",Low Relevance Labels,"('Low', 'Irr')"
ID0709,q8,"('Low', 'Low')",Low Relevance Labels,"('Low', 'Low')"
ID0709,q9,"('High', 'High')",High Relevance Labels,"('High', 'High')"
ID0709,q10,"('Low', 'Low')",Low Relevance Labels,"('Low', 'Low')"
ID0709,q11,"('High', 'Low')",High Relevance Labels,"('High', 'Low')"
ID0709,q12,"('Low', 'Low')",Low Relevance Labels,"('Low', 'Low')"
ID0709,q13,"('High', 'Irr')",Low Relevance Labels,"('High', 'Irr')"
ID0709,q14,"('High', 'Low')",High Relevance Labels,"('High', 'Low')"
ID0709,q15,"('Irr', 'Low')",Low Relevance Labels,"('Low', 'Irr')"
ID0709,q16,"('Irr', 'Low')",Low Relevance Labels,"('Low', 'Irr')"
ID0709,q17,"('Low', 'Low')",Low Relevance Labels,"('Low', 'Low')"
ID0709,q18,"('Low', 'Low')",Low Relevance Labels,"('Low', 'Low')"
ID0709,q19,"('not applicable', 'not applicable')",Other,
ID0709,q20,"('not applicable', 'not applicable')",Other,
ID0709,q21,"('not applicable', 'not applicable')",Other,
ID0709,q22,"('not applicable', 'not applicable')",Other,
ID0710,q2,"('High', 'High')",High Relevance Labels,"('High', 'High')"
ID0710,q3,"('Low', 'Low')",Low Relevance Labels,"('Low', 'Low')"
ID0710,q4,"('Low', 'Low')",Low Relevance Labels,"('Low', 'Low')"
ID0710,q5,"('Low', 'Low')",Low Relevance Labels,"('Low', 'Low')"
ID0710,q6,"('Low', 'Low')",Low Relevance Labels,"('Low', 'Low')"
ID0710,q7,"('High', 'Low')",High Relevance Labels,"('High', 'Low')"
ID0710,q8,"('Low', 'Low')",Low Relevance Labels,"('Low', 'Low')"
ID0710,q9,"('High', 'Low')",High Relevance Labels,"('High', 'Low')"
ID0710,q10,"('High', 'High')",High Relevance Labels,"('High', 'High')"
ID0710,q11,"('Irr', 'Irr')",Irrelevant Labels,"('Irr', 'Irr')"
ID0710,q12,"('Irr', 'Irr')",Irrelevant Labels,"('Irr', 'Irr')"
ID0710,q13,"('not applicable', 'not applicable')",Other,
ID0710,q14,"('not applicable', 'not applicable')",Other,
ID0710,q15,"('not applicable', 'not applicable')",Other,
ID0710,q16,"('not applicable', 'not applicable')",Other,
ID0710,q17,"('not applicable', 'not applicable')",Other,
ID0710,q18,"('not applicable', 'not applicable')",Other,
ID0710,q19,"('not applicable', 'not applicable')",Other,
ID0710,q20,"('not applicable', 'not applicable')",Other,
ID0710,q21,"('not applicable', 'not applicable')",Other,
ID0710,q22,"('not applicable', 'not applicable')",Other,
ID0711,q2,"('Low', 'Low')",Low Relevance Labels,"('Low', 'Low')"
ID0711,q3,"('High', 'High')",High Relevance Labels,"('High', 'High')"
ID0711,q4,"('High', 'Low')",High Relevance Labels,"('High', 'Low')"
ID0711,q5,"('Irr', 'Low')",Low Relevance Labels,"('Low', 'Irr')"
ID0711,q6,"('High', 'Low')",High Relevance Labels,"('High', 'Low')"
ID0711,q7,"('High', 'High')",High Relevance Labels,"('High', 'High')"
ID0711,q8,"('High', 'High')",High Relevance Labels,"('High', 'High')"
ID0711,q9,"('High', 'High')",High Relevance Labels,"('High', 'High')"
ID0711,q10,"('Irr', 'Low')",Low Relevance Labels,"('Low', 'Irr')"
ID0711,q11,"('Irr', 'Irr')",Irrelevant Labels,"('Irr', 'Irr')"
ID0711,q12,"('not applicable', 'not applicable')",Other,
ID0711,q13,"('not applicable', 'not applicable')",Other,
ID0711,q14,"('not applicable', 'not applicable')",Other,
ID0711,q15,"('not applicable', 'not applicable')",Other,
ID0711,q16,"('not applicable', 'not applicable')",Other,
ID0711,q17,"('not applicable', 'not applicable')",Other,
ID0711,q18,"('not applicable', 'not applicable')",Other,
ID0711,q19,"('not applicable', 'not applicable')",Other,
ID0711,q20,"('not applicable', 'not applicable')",Other,
ID0711,q21,"('not applicable', 'not applicable')",Other,
ID0711,q22,"('not applicable', 'not applicable')",Other,
ID0712,q2,"('High', 'High')",High Relevance Labels,"('High', 'High')"
ID0712,q3,"('High', 'High')",High Relevance Labels,"('High', 'High')"
ID0712,q4,"('Low', 'Low')",Low Relevance Labels,"('Low', 'Low')"
ID0712,q5,"('Low', 'Low')",Low Relevance Labels,"('Low', 'Low')"
ID0712,q6,"('Irr', 'Low')",Low Relevance Labels,"('Low', 'Irr')"
ID0712,q7,"('not applicable', 'not applicable')",Other,
ID0712,q8,"('not applicable', 'not applicable')",Other,
ID0712,q9,"('not applicable', 'not applicable')",Other,
ID0712,q10,"('not applicable', 'not applicable')",Other,
ID0712,q11,"('not applicable', 'not applicable')",Other,
ID0712,q12,"('not applicable', 'not applicable')",Other,
ID0712,q13,"('not applicable', 'not applicable')",Other,
ID0712,q14,"('not applicable', 'not applicable')",Other,
ID0712,q15,"('not applicable', 'not applicable')",Other,
ID0712,q16,"('not applicable', 'not applicable')",Other,
ID0712,q17,"('not applicable', 'not applicable')",Other,
ID0712,q18,"('not applicable', 'not applicable')",Other,
ID0712,q19,"('not applicable', 'not applicable')",Other,
ID0712,q20,"('not applicable', 'not applicable')",Other,
ID0712,q21,"('not applicable', 'not applicable')",Other,
ID0712,q22,"('not applicable', 'not applicable')",Other,
ID0713,q2,"('High', 'High')",High Relevance Labels,"('High', 'High')"
ID0713,q3,"('High', 'Low')",High Relevance Labels,"('High', 'Low')"
ID0713,q4,"('High', 'High')",High Relevance Labels,"('High', 'High')"
ID0713,q5,"('Irr', 'Low')",Low Relevance Labels,"('Low', 'Irr')"
ID0713,q6,"('High', 'High')",High Relevance Labels,"('High', 'High')"
ID0713,q7,"('Irr', 'Low')",Low Relevance Labels,"('Low', 'Irr')"
ID0713,q8,"('High', 'Low')",High Relevance Labels,"('High', 'Low')"
ID0713,q9,"('High', 'High')",High Relevance Labels,"('High', 'High')"
ID0713,q10,"('not applicable', 'not applicable')",Other,
ID0713,q11,"('not applicable', 'not applicable')",Other,
ID0713,q12,"('not applicable', 'not applicable')",Other,
ID0713,q13,"('not applicable', 'not applicable')",Other,
ID0713,q14,"('not applicable', 'not applicable')",Other,
ID0713,q15,"('not applicable', 'not applicable')",Other,
ID0713,q16,"('not applicable', 'not applicable')",Other,
ID0713,q17,"('not applicable', 'not applicable')",Other,
ID0713,q18,"('not applicable', 'not applicable')",Other,
ID0713,q19,"('not applicable', 'not applicable')",Other,
ID0713,q20,"('not applicable', 'not applicable')",Other,
ID0713,q21,"('not applicable', 'not applicable')",Other,
ID0713,q22,"('not applicable', 'not applicable')",Other,
ID0715,q2,"('High', 'Low')",High Relevance Labels,"('High', 'Low')"
ID0715,q3,"('High', 'High')",High Relevance Labels,"('High', 'High')"
ID0715,q4,"('Low', 'Low')",Low Relevance Labels,"('Low', 'Low')"
ID0715,q5,"('High', 'High')",High Relevance Labels,"('High', 'High')"
ID0715,q6,"('Low', 'Low')",Low Relevance Labels,"('Low', 'Low')"
ID0715,q7,"('High', 'High')",High Relevance Labels,"('High', 'High')"
ID0715,q8,"('High', 'High')",High Relevance Labels,"('High', 'High')"
ID0715,q9,"('not applicable', 'not applicable')",Other,
ID0715,q10,"('not applicable', 'not applicable')",Other,
ID0715,q11,"('not applicable', 'not applicable')",Other,
ID0715,q12,"('not applicable', 'not applicable')",Other,
ID0715,q13,"('not applicable', 'not applicable')",Other,
ID0715,q14,"('not applicable', 'not applicable')",Other,
ID0715,q15,"('not applicable', 'not applicable')",Other,
ID0715,q16,"('not applicable', 'not applicable')",Other,
ID0715,q17,"('not applicable', 'not applicable')",Other,
ID0715,q18,"('not applicable', 'not applicable')",Other,
ID0715,q19,"('not applicable', 'not applicable')",Other,
ID0715,q20,"('not applicable', 'not applicable')",Other,
ID0715,q21,"('not applicable', 'not applicable')",Other,
ID0715,q22,"('not applicable', 'not applicable')",Other,
ID0717,q2,"('High', 'Low')",High Relevance Labels,"('High', 'Low')"
ID0717,q3,"('Low', 'not applicable')",Other,
ID0717,q4,"('Low', 'Low')",Low Relevance Labels,"('Low', 'Low')"
ID0717,q5,"('High', 'not applicable')",Other,
ID0717,q6,"('not applicable', 'not applicable')",Other,
ID0717,q7,"('not applicable', 'not applicable')",Other,
ID0717,q8,"('not applicable', 'not applicable')",Other,
ID0717,q9,"('not applicable', 'not applicable')",Other,
ID0717,q10,"('not applicable', 'not applicable')",Other,
ID0717,q11,"('not applicable', 'not applicable')",Other,
ID0717,q12,"('not applicable', 'not applicable')",Other,
ID0717,q13,"('not applicable', 'not applicable')",Other,
ID0717,q14,"('not applicable', 'not applicable')",Other,
ID0717,q15,"('not applicable', 'not applicable')",Other,
ID0717,q16,"('not applicable', 'not applicable')",Other,
ID0717,q17,"('not applicable', 'not applicable')",Other,
ID0717,q18,"('not applicable', 'not applicable')",Other,
ID0717,q19,"('not applicable', 'not applicable')",Other,
ID0717,q20,"('not applicable', 'not applicable')",Other,
ID0717,q21,"('not applicable', 'not applicable')",Other,
ID0717,q22,"('not applicable', 'not applicable')",Other,
ID0718,q2,"('High', 'Low')",High Relevance Labels,"('High', 'Low')"
ID0718,q3,"('High', 'Low')",High Relevance Labels,"('High', 'Low')"
ID0718,q4,"('Irr', 'Low')",Low Relevance Labels,"('Low', 'Irr')"
ID0718,q5,"('High', 'Low')",High Relevance Labels,"('High', 'Low')"
ID0718,q6,"('High', 'High')",High Relevance Labels,"('High', 'High')"
ID0718,q7,"('Low', 'Low')",Low Relevance Labels,"('Low', 'Low')"
ID0718,q8,"('High', 'Low')",High Relevance Labels,"('High', 'Low')"
ID0718,q9,"('Low', 'Low')",Low Relevance Labels,"('Low', 'Low')"
ID0718,q10,"('High', 'High')",High Relevance Labels,"('High', 'High')"
ID0718,q11,"('High', 'High')",High Relevance Labels,"('High', 'High')"
ID0718,q12,"('not applicable', 'not applicable')",Other,
ID0718,q13,"('not applicable', 'not applicable')",Other,
ID0718,q14,"('not applicable', 'not applicable')",Other,
ID0718,q15,"('not applicable', 'not applicable')",Other,
ID0718,q16,"('not applicable', 'not applicable')",Other,
ID0718,q17,"('not applicable', 'not applicable')",Other,
ID0718,q18,"('not applicable', 'not applicable')",Other,
ID0718,q19,"('not applicable', 'not applicable')",Other,
ID0718,q20,"('not applicable', 'not applicable')",Other,
ID0718,q21,"('not applicable', 'not applicable')",Other,
ID0718,q22,"('not applicable', 'not applicable')",Other,
ID0721,q2,"('High', 'High')",High Relevance Labels,"('High', 'High')"
ID0721,q3,"('High', 'Low')",High Relevance Labels,"('High', 'Low')"
ID0721,q4,"('Low', 'Low')",Low Relevance Labels,"('Low', 'Low')"
ID0721,q5,"('Low', 'Low')",Low Relevance Labels,"('Low', 'Low')"
ID0721,q6,"('Low', 'Low')",Low Relevance Labels,"('Low', 'Low')"
ID0721,q7,"('High', 'Low')",High Relevance Labels,"('High', 'Low')"
ID0721,q8,"('High', 'Low')",High Relevance Labels,"('High', 'Low')"
ID0721,q9,"('High', 'Low')",High Relevance Labels,"('High', 'Low')"
ID0721,q10,"('Low', 'Low')",Low Relevance Labels,"('Low', 'Low')"
ID0721,q11,"('High', 'High')",High Relevance Labels,"('High', 'High')"
ID0721,q12,"('High', 'Low')",High Relevance Labels,"('High', 'Low')"
ID0721,q13,"('Low', 'Low')",Low Relevance Labels,"('Low', 'Low')"
ID0721,q14,"('High', 'Low')",High Relevance Labels,"('High', 'Low')"
ID0721,q15,"('not applicable', 'not applicable')",Other,
ID0721,q16,"('not applicable', 'not applicable')",Other,
ID0721,q17,"('not applicable', 'not applicable')",Other,
ID0721,q18,"('not applicable', 'not applicable')",Other,
ID0721,q19,"('not applicable', 'not applicable')",Other,
ID0721,q20,"('not applicable', 'not applicable')",Other,
ID0721,q21,"('not applicable', 'not applicable')",Other,
ID0721,q22,"('not applicable', 'not applicable')",Other,
ID0723,q2,"('High', 'High')",High Relevance Labels,"('High', 'High')"
ID0723,q3,"('High', 'Low')",High Relevance Labels,"('High', 'Low')"
ID0723,q4,"('High', 'Low')",High Relevance Labels,"('High', 'Low')"
ID0723,q5,"('High', 'Low')",High Relevance Labels,"('High', 'Low')"
ID0723,q6,"('High', 'Low')",High Relevance Labels,"('High', 'Low')"
ID0723,q7,"('High', 'High')",High Relevance Labels,"('High', 'High')"
ID0723,q8,"('High', 'High')",High Relevance Labels,"('High', 'High')"
ID0723,q9,"('High', 'Low')",High Relevance Labels,"('High', 'Low')"
ID0723,q10,"('Low', 'Low')",Low Relevance Labels,"('Low', 'Low')"
ID0723,q11,"('High', 'Low')",High Relevance Labels,"('High', 'Low')"
ID0723,q12,"('High', 'High')",High Relevance Labels,"('High', 'High')"
ID0723,q13,"('High', 'High')",High Relevance Labels,"('High', 'High')"
ID0723,q14,"('High', 'Low')",High Relevance Labels,"('High', 'Low')"
ID0723,q15,"('High', 'Low')",High Relevance Labels,"('High', 'Low')"
ID0723,q16,"('Low', 'Low')",Low Relevance Labels,"('Low', 'Low')"
ID0723,q17,"('High', 'Low')",High Relevance Labels,"('High', 'Low')"
ID0723,q18,"('High', 'High')",High Relevance Labels,"('High', 'High')"
ID0723,q19,"('High', 'not applicable')",Other,
ID0732,q2,"('High', 'High')",High Relevance Labels,"('High', 'High')"
ID0732,q3,"('High', 'Low')",High Relevance Labels,"('High', 'Low')"
ID0732,q4,"('High', 'Low')",High Relevance Labels,"('High', 'Low')"
ID0732,q5,"('Low', 'Low')",Low Relevance Labels,"('Low', 'Low')"
ID0732,q6,"('Low', 'Low')",Low Relevance Labels,"('Low', 'Low')"
ID0732,q7,"('High', 'High')",High Relevance Labels,"('High', 'High')"
ID0744,q2,"('High', 'High')",High Relevance Labels,"('High', 'High')"
ID0744,q3,"('High', 'High')",High Relevance Labels,"('High', 'High')"
ID0744,q4,"('Low', 'Low')",Low Relevance Labels,"('Low', 'Low')"
ID0744,q5,"('Low', 'Low')",Low Relevance Labels,"('Low', 'Low')"
ID0744,q6,"('High', 'Low')",High Relevance Labels,"('High', 'Low')"
ID0744,q7,"('High', 'Low')",High Relevance Labels,"('High', 'Low')"
ID0744,q8,"('Low', 'Low')",Low Relevance Labels,"('Low', 'Low')"
ID0744,q9,"('Low', 'Low')",Low Relevance Labels,"('Low', 'Low')"
ID0744,q10,"('not applicable', 'not applicable')",Other,
ID0744,q11,"('not applicable', 'not applicable')",Other,
ID0744,q12,"('not applicable', 'not applicable')",Other,
ID0744,q13,"('not applicable', 'not applicable')",Other,
ID0744,q14,"('not applicable', 'not applicable')",Other,
ID0744,q15,"('not applicable', 'not applicable')",Other,
ID0744,q16,"('not applicable', 'not applicable')",Other,
ID0744,q17,"('not applicable', 'not applicable')",Other,
ID0744,q18,"('not applicable', 'not applicable')",Other,
ID0744,q19,"('not applicable', 'not applicable')",Other,
ID0744,q20,"('not applicable', 'not applicable')",Other,
ID0744,q21,"('not applicable', 'not applicable')",Other,
ID0744,q22,"('not applicable', 'not applicable')",Other,
ID0746,q2,"('High', 'Low')",High Relevance Labels,"('High', 'Low')"
ID0746,q3,"('High', 'Low')",High Relevance Labels,"('High', 'Low')"
ID0746,q4,"('Low', 'Low')",Low Relevance Labels,"('Low', 'Low')"
ID0746,q5,"('High', 'Low')",High Relevance Labels,"('High', 'Low')"
ID0746,q6,"('Irr', 'Low')",Low Relevance Labels,"('Low', 'Irr')"
ID0746,q7,"('High', 'Low')",High Relevance Labels,"('High', 'Low')"
ID0746,q8,"('Irr', 'Low')",Low Relevance Labels,"('Low', 'Irr')"
ID0746,q9,"('High', 'High')",High Relevance Labels,"('High', 'High')"
ID0746,q10,"('High', 'High')",High Relevance Labels,"('High', 'High')"
ID0746,q11,"('High', 'High')",High Relevance Labels,"('High', 'High')"
ID0746,q12,"('High', 'Low')",High Relevance Labels,"('High', 'Low')"
ID0746,q13,"('High', 'Low')",High Relevance Labels,"('High', 'Low')"
ID0746,q14,"('High', 'High')",High Relevance Labels,"('High', 'High')"
ID0746,q15,"('High', 'Low')",High Relevance Labels,"('High', 'Low')"
ID0746,q16,"('High', 'Irr')",Low Relevance Labels,"('High', 'Irr')"
ID0746,q17,"('not applicable', 'not applicable')",Other,
ID0746,q18,"('not applicable', 'not applicable')",Other,
ID0746,q19,"('not applicable', 'not applicable')",Other,
ID0746,q20,"('not applicable', 'not applicable')",Other,
ID0746,q21,"('not applicable', 'not applicable')",Other,
ID0746,q22,"('not applicable', 'not applicable')",Other,
ID0756,q2,"('High', 'High')",High Relevance Labels,"('High', 'High')"
ID0756,q3,"('High', 'High')",High Relevance Labels,"('High', 'High')"
ID0756,q4,"('High', 'High')",High Relevance Labels,"('High', 'High')"
ID0756,q5,"('Low', 'Low')",Low Relevance Labels,"('Low', 'Low')"
ID0756,q6,"('Low', 'Low')",Low Relevance Labels,"('Low', 'Low')"
ID0756,q7,"('Low', 'Low')",Low Relevance Labels,"('Low', 'Low')"
ID0756,q8,"('Low', 'Low')",Low Relevance Labels,"('Low', 'Low')"
ID0756,q9,"('Low', 'Low')",Low Relevance Labels,"('Low', 'Low')"
ID0756,q10,"('Low', 'Low')",Low Relevance Labels,"('Low', 'Low')"
ID0756,q11,"('Low', 'Low')",Low Relevance Labels,"('Low', 'Low')"
ID0756,q12,"('Low', 'Low')",Low Relevance Labels,"('Low', 'Low')"
ID0756,q13,"('Low', 'Low')",Low Relevance Labels,"('Low', 'Low')"
ID0756,q14,"('Low', 'Low')",Low Relevance Labels,"('Low', 'Low')"
ID0756,q15,"('Irr', 'Low')",Low Relevance Labels,"('Low', 'Irr')"
ID0756,q16,"('Low', 'Low')",Low Relevance Labels,"('Low', 'Low')"
ID0756,q17,"('Low', 'Low')",Low Relevance Labels,"('Low', 'Low')"
ID0756,q18,"('Low', 'Low')",Low Relevance Labels,"('Low', 'Low')"
ID0756,q19,"('Low', 'Low')",Low Relevance Labels,"('Low', 'Low')"
ID0756,q20,"('High', 'High')",High Relevance Labels,"('High', 'High')"
ID0756,q21,"('High', 'Low')",High Relevance Labels,"('High', 'Low')"
ID0756,q22,"('High', 'Low')",High Relevance Labels,"('High', 'Low')"
ID0757,q2,"('High', 'High')",High Relevance Labels,"('High', 'High')"
ID0757,q3,"('Low', 'Low')",Low Relevance Labels,"('Low', 'Low')"
ID0757,q4,"('High', 'Low')",High Relevance Labels,"('High', 'Low')"
ID0757,q5,"('High', 'High')",High Relevance Labels,"('High', 'High')"
ID0757,q6,"('High', 'Low')",High Relevance Labels,"('High', 'Low')"
ID0757,q7,"('Irr', 'Low')",Low Relevance Labels,"('Low', 'Irr')"
ID0757,q8,"('Low', 'Low')",Low Relevance Labels,"('Low', 'Low')"
ID0757,q9,"('Low', 'Low')",Low Relevance Labels,"('Low', 'Low')"
ID0757,q10,"('not applicable', 'not applicable')",Other,
ID0757,q11,"('not applicable', 'not applicable')",Other,
ID0757,q12,"('not applicable', 'not applicable')",Other,
ID0757,q13,"('not applicable', 'not applicable')",Other,
ID0757,q14,"('not applicable', 'not applicable')",Other,
ID0757,q15,"('not applicable', 'not applicable')",Other,
ID0757,q16,"('not applicable', 'not applicable')",Other,
ID0757,q17,"('not applicable', 'not applicable')",Other,
ID0757,q18,"('not applicable', 'not applicable')",Other,
ID0757,q19,"('not applicable', 'not applicable')",Other,
ID0757,q20,"('not applicable', 'not applicable')",Other,
ID0757,q21,"('not applicable', 'not applicable')",Other,
ID0757,q22,"('not applicable', 'not applicable')",Other,
ID0773,q2,"('High', 'Low')",High Relevance Labels,"('High', 'Low')"
ID0773,q3,"('Low', 'Low')",Low Relevance Labels,"('Low', 'Low')"
ID0773,q4,"('High', 'Low')",High Relevance Labels,"('High', 'Low')"
ID0773,q5,"('High', 'Low')",High Relevance Labels,"('High', 'Low')"
ID0773,q6,"('Low', 'Low')",Low Relevance Labels,"('Low', 'Low')"
ID0773,q7,"('Low', 'Low')",Low Relevance Labels,"('Low', 'Low')"
ID0773,q8,"('Low', 'Low')",Low Relevance Labels,"('Low', 'Low')"
ID0773,q9,"('not applicable', 'not applicable')",Other,
ID0773,q10,"('not applicable', 'not applicable')",Other,
ID0773,q11,"('not applicable', 'not applicable')",Other,
ID0773,q12,"('not applicable', 'not applicable')",Other,
ID0773,q13,"('not applicable', 'not applicable')",Other,
ID0773,q14,"('not applicable', 'not applicable')",Other,
ID0773,q15,"('not applicable', 'not applicable')",Other,
ID0773,q16,"('not applicable', 'not applicable')",Other,
ID0773,q17,"('not applicable', 'not applicable')",Other,
ID0773,q18,"('not applicable', 'not applicable')",Other,
ID0773,q19,"('not applicable', 'not applicable')",Other,
ID0773,q20,"('not applicable', 'not applicable')",Other,
ID0773,q21,"('not applicable', 'not applicable')",Other,
ID0773,q22,"('not applicable', 'not applicable')",Other,
ID0776,q2,"('High', 'High')",High Relevance Labels,"('High', 'High')"
ID0776,q3,"('Low', 'Low')",Low Relevance Labels,"('Low', 'Low')"
ID0776,q4,"('Low', 'Low')",Low Relevance Labels,"('Low', 'Low')"
ID0776,q5,"('High', 'High')",High Relevance Labels,"('High', 'High')"
ID0776,q6,"('Low', 'Low')",Low Relevance Labels,"('Low', 'Low')"
ID0776,q7,"('not applicable', 'not applicable')",Other,
ID0776,q8,"('not applicable', 'not applicable')",Other,
ID0776,q9,"('not applicable', 'not applicable')",Other,
ID0776,q10,"('not applicable', 'not applicable')",Other,
ID0776,q11,"('not applicable', 'not applicable')",Other,
ID0776,q12,"('not applicable', 'not applicable')",Other,
ID0776,q13,"('not applicable', 'not applicable')",Other,
ID0776,q14,"('not applicable', 'not applicable')",Other,
ID0776,q15,"('not applicable', 'not applicable')",Other,
ID0776,q16,"('not applicable', 'not applicable')",Other,
ID0776,q17,"('not applicable', 'not applicable')",Other,
ID0776,q18,"('not applicable', 'not applicable')",Other,
ID0776,q19,"('not applicable', 'not applicable')",Other,
ID0776,q20,"('not applicable', 'not applicable')",Other,
ID0776,q21,"('not applicable', 'not applicable')",Other,
ID0776,q22,"('not applicable', 'not applicable')",Other,
ID0786,q2,"('High', 'Low')",High Relevance Labels,"('High', 'Low')"
ID0786,q3,"('Irr', 'Low')",Low Relevance Labels,"('Low', 'Irr')"
ID0786,q4,"('Irr', 'Low')",Low Relevance Labels,"('Low', 'Irr')"
ID0786,q5,"('High', 'Low')",High Relevance Labels,"('High', 'Low')"
ID0786,q6,"('Irr', 'Low')",Low Relevance Labels,"('Low', 'Irr')"
ID0786,q7,"('High', 'High')",High Relevance Labels,"('High', 'High')"
ID0786,q8,"('High', 'Low')",High Relevance Labels,"('High', 'Low')"
ID0786,q9,"('High', 'Irr')",Low Relevance Labels,"('High', 'Irr')"
ID0786,q10,"('High', 'High')",High Relevance Labels,"('High', 'High')"
ID0786,q11,"('not applicable', 'not applicable')",Other,
ID0786,q12,"('not applicable', 'not applicable')",Other,
ID0786,q13,"('not applicable', 'not applicable')",Other,
ID0786,q14,"('not applicable', 'not applicable')",Other,
ID0786,q15,"('not applicable', 'not applicable')",Other,
ID0786,q16,"('not applicable', 'not applicable')",Other,
ID0786,q17,"('not applicable', 'not applicable')",Other,
ID0786,q18,"('not applicable', 'not applicable')",Other,
ID0786,q19,"('not applicable', 'not applicable')",Other,
ID0786,q20,"('not applicable', 'not applicable')",Other,
ID0786,q21,"('not applicable', 'not applicable')",Other,
ID0786,q22,"('not applicable', 'not applicable')",Other,
ID0788,q2,"('High', 'High')",High Relevance Labels,"('High', 'High')"
ID0788,q3,"('High', 'High')",High Relevance Labels,"('High', 'High')"
ID0788,q4,"('Low', 'Low')",Low Relevance Labels,"('Low', 'Low')"
ID0788,q5,"('High', 'Low')",High Relevance Labels,"('High', 'Low')"
ID0788,q6,"('Low', 'Low')",Low Relevance Labels,"('Low', 'Low')"
ID0788,q7,"('Low', 'Low')",Low Relevance Labels,"('Low', 'Low')"
ID0788,q8,"('Low', 'Low')",Low Relevance Labels,"('Low', 'Low')"
ID0788,q9,"('Irr', 'Low')",Low Relevance Labels,"('Low', 'Irr')"
ID0789,q2,"('High', 'High')",High Relevance Labels,"('High', 'High')"
ID0789,q3,"('Low', 'Low')",Low Relevance Labels,"('Low', 'Low')"
ID0789,q4,"('High', 'Low')",High Relevance Labels,"('High', 'Low')"
ID0789,q5,"('High', 'High')",High Relevance Labels,"('High', 'High')"
ID0789,q6,"('High', 'Low')",High Relevance Labels,"('High', 'Low')"
ID0789,q7,"('High', 'Low')",High Relevance Labels,"('High', 'Low')"
ID0789,q8,"('not applicable', 'not applicable')",Other,
ID0789,q9,"('not applicable', 'not applicable')",Other,
ID0789,q10,"('not applicable', 'not applicable')",Other,
ID0789,q11,"('not applicable', 'not applicable')",Other,
ID0789,q12,"('not applicable', 'not applicable')",Other,
ID0789,q13,"('not applicable', 'not applicable')",Other,
ID0789,q14,"('not applicable', 'not applicable')",Other,
ID0789,q15,"('not applicable', 'not applicable')",Other,
ID0789,q16,"('not applicable', 'not applicable')",Other,
ID0789,q17,"('not applicable', 'not applicable')",Other,
ID0789,q18,"('not applicable', 'not applicable')",Other,
ID0789,q19,"('not applicable', 'not applicable')",Other,
ID0789,q20,"('not applicable', 'not applicable')",Other,
ID0789,q21,"('not applicable', 'not applicable')",Other,
ID0789,q22,"('not applicable', 'not applicable')",Other,
ID0797,q2,"('High', 'High')",High Relevance Labels,"('High', 'High')"
ID0797,q3,"('Low', 'Low')",Low Relevance Labels,"('Low', 'Low')"
ID0797,q4,"('High', 'Low')",High Relevance Labels,"('High', 'Low')"
ID0797,q5,"('High', 'High')",High Relevance Labels,"('High', 'High')"
ID0797,q6,"('High', 'High')",High Relevance Labels,"('High', 'High')"
ID0797,q7,"('Low', 'Low')",Low Relevance Labels,"('Low', 'Low')"
ID0797,q8,"('High', 'Low')",High Relevance Labels,"('High', 'Low')"
ID0797,q9,"('High', 'Low')",High Relevance Labels,"('High', 'Low')"
ID0797,q10,"('High', 'Low')",High Relevance Labels,"('High', 'Low')"
ID0797,q11,"('High', 'High')",High Relevance Labels,"('High', 'High')"
ID0797,q12,"('High', 'High')",High Relevance Labels,"('High', 'High')"
ID0797,q13,"('Low', 'Low')",Low Relevance Labels,"('Low', 'Low')"
ID0797,q14,"('Low', 'Low')",Low Relevance Labels,"('Low', 'Low')"
ID0797,q15,"('High', 'Irr')",Low Relevance Labels,"('High', 'Irr')"
ID0797,q16,"('not applicable', 'not applicable')",Other,
ID0797,q17,"('not applicable', 'not applicable')",Other,
ID0797,q18,"('not applicable', 'not applicable')",Other,
ID0797,q19,"('not applicable', 'not applicable')",Other,
ID0797,q20,"('not applicable', 'not applicable')",Other,
ID0797,q21,"('not applicable', 'not applicable')",Other,
ID0797,q22,"('not applicable', 'not applicable')",Other,
ID0801,q2,"('High', 'Low')",High Relevance Labels,"('High', 'Low')"
ID0801,q3,"('Low', 'Low')",Low Relevance Labels,"('Low', 'Low')"
ID0801,q4,"('Low', 'Low')",Low Relevance Labels,"('Low', 'Low')"
ID0801,q5,"('Low', 'Low')",Low Relevance Labels,"('Low', 'Low')"
ID0801,q6,"('Low', 'Low')",Low Relevance Labels,"('Low', 'Low')"
ID0801,q7,"('High', 'High')",High Relevance Labels,"('High', 'High')"
ID0801,q8,"('High', 'Low')",High Relevance Labels,"('High', 'Low')"
ID0801,q9,"('High', 'Low')",High Relevance Labels,"('High', 'Low')"
ID0801,q10,"('Low', 'Low')",Low Relevance Labels,"('Low', 'Low')"
ID0801,q11,"('High', 'High')",High Relevance Labels,"('High', 'High')"
ID0801,q12,"('High', 'High')",High Relevance Labels,"('High', 'High')"
ID0801,q13,"('not applicable', 'not applicable')",Other,
ID0801,q14,"('not applicable', 'not applicable')",Other,
ID0801,q15,"('not applicable', 'not applicable')",Other,
ID0801,q16,"('not applicable', 'not applicable')",Other,
ID0801,q17,"('not applicable', 'not applicable')",Other,
ID0801,q18,"('not applicable', 'not applicable')",Other,
ID0801,q19,"('not applicable', 'not applicable')",Other,
ID0801,q20,"('not applicable', 'not applicable')",Other,
ID0801,q21,"('not applicable', 'not applicable')",Other,
ID0801,q22,"('not applicable', 'not applicable')",Other,
ID0802,q2,"('High', 'Low')",High Relevance Labels,"('High', 'Low')"
ID0802,q3,"('Low', 'Low')",Low Relevance Labels,"('Low', 'Low')"
ID0802,q4,"('Low', 'Low')",Low Relevance Labels,"('Low', 'Low')"
ID0802,q5,"('Low', 'Low')",Low Relevance Labels,"('Low', 'Low')"
ID0802,q6,"('Low', 'Low')",Low Relevance Labels,"('Low', 'Low')"
ID0802,q7,"('Low', 'Low')",Low Relevance Labels,"('Low', 'Low')"
ID0805,q2,"('Low', 'Low')",Low Relevance Labels,"('Low', 'Low')"
ID0805,q3,"('High', 'Low')",High Relevance Labels,"('High', 'Low')"
ID0805,q4,"('High', 'Low')",High Relevance Labels,"('High', 'Low')"
ID0805,q5,"('High', 'High')",High Relevance Labels,"('High', 'High')"
ID0805,q6,"('High', 'Irr')",Low Relevance Labels,"('High', 'Irr')"
ID0805,q7,"('not applicable', 'not applicable')",Other,
ID0805,q8,"('not applicable', 'not applicable')",Other,
ID0805,q9,"('not applicable', 'not applicable')",Other,
ID0805,q10,"('not applicable', 'not applicable')",Other,
ID0805,q11,"('not applicable', 'not applicable')",Other,
ID0805,q12,"('not applicable', 'not applicable')",Other,
ID0805,q13,"('not applicable', 'not applicable')",Other,
ID0805,q14,"('not applicable', 'not applicable')",Other,
ID0805,q15,"('not applicable', 'not applicable')",Other,
ID0805,q16,"('not applicable', 'not applicable')",Other,
ID0805,q17,"('not applicable', 'not applicable')",Other,
ID0805,q18,"('not applicable', 'not applicable')",Other,
ID0805,q19,"('not applicable', 'not applicable')",Other,
ID0805,q20,"('not applicable', 'not applicable')",Other,
ID0805,q21,"('not applicable', 'not applicable')",Other,
ID0805,q22,"('not applicable', 'not applicable')",Other,
ID0810,q2,"('High', 'High')",High Relevance Labels,"('High', 'High')"
ID0810,q3,"('High', 'High')",High Relevance Labels,"('High', 'High')"
ID0810,q4,"('High', 'High')",High Relevance Labels,"('High', 'High')"
ID0810,q5,"('High', 'Low')",High Relevance Labels,"('High', 'Low')"
ID0810,q6,"('Low', 'Low')",Low Relevance Labels,"('Low', 'Low')"
ID0811,q2,"('High', 'High')",High Relevance Labels,"('High', 'High')"
ID0811,q3,"('High', 'Low')",High Relevance Labels,"('High', 'Low')"
ID0811,q4,"('High', 'High')",High Relevance Labels,"('High', 'High')"
ID0811,q5,"('High', 'Low')",High Relevance Labels,"('High', 'Low')"
ID0811,q6,"('Low', 'Low')",Low Relevance Labels,"('Low', 'Low')"
ID0811,q7,"('Low', 'Low')",Low Relevance Labels,"('Low', 'Low')"
ID0811,q8,"('not applicable', 'not applicable')",Other,
ID0811,q9,"('not applicable', 'not applicable')",Other,
ID0811,q10,"('not applicable', 'not applicable')",Other,
ID0811,q11,"('not applicable', 'not applicable')",Other,
ID0811,q12,"('not applicable', 'not applicable')",Other,
ID0811,q13,"('not applicable', 'not applicable')",Other,
ID0811,q14,"('not applicable', 'not applicable')",Other,
ID0811,q15,"('not applicable', 'not applicable')",Other,
ID0811,q16,"('not applicable', 'not applicable')",Other,
ID0811,q17,"('not applicable', 'not applicable')",Other,
ID0811,q18,"('not applicable', 'not applicable')",Other,
ID0811,q19,"('not applicable', 'not applicable')",Other,
ID0811,q20,"('not applicable', 'not applicable')",Other,
ID0811,q21,"('not applicable', 'not applicable')",Other,
ID0811,q22,"('not applicable', 'not applicable')",Other,
ID0825,q2,"('High', 'High')",High Relevance Labels,"('High', 'High')"
ID0825,q3,"('Irr', 'Low')",Low Relevance Labels,"('Low', 'Irr')"
ID0825,q4,"('High', 'Low')",High Relevance Labels,"('High', 'Low')"
ID0825,q5,"('Low', 'Low')",Low Relevance Labels,"('Low', 'Low')"
ID0825,q6,"('Irr', 'Low')",Low Relevance Labels,"('Low', 'Irr')"
ID0825,q7,"('High', 'Low')",High Relevance Labels,"('High', 'Low')"
ID0825,q8,"('Low', 'Low')",Low Relevance Labels,"('Low', 'Low')"
ID0825,q9,"('Irr', 'Irr')",Irrelevant Labels,"('Irr', 'Irr')"
ID0825,q10,"('High', 'Low')",High Relevance Labels,"('High', 'Low')"
ID0825,q11,"('not applicable', 'not applicable')",Other,
ID0825,q12,"('not applicable', 'not applicable')",Other,
ID0825,q13,"('not applicable', 'not applicable')",Other,
ID0825,q14,"('not applicable', 'not applicable')",Other,
ID0825,q15,"('not applicable', 'not applicable')",Other,
ID0825,q16,"('not applicable', 'not applicable')",Other,
ID0825,q17,"('not applicable', 'not applicable')",Other,
ID0825,q18,"('not applicable', 'not applicable')",Other,
ID0825,q19,"('not applicable', 'not applicable')",Other,
ID0825,q20,"('not applicable', 'not applicable')",Other,
ID0825,q21,"('not applicable', 'not applicable')",Other,
ID0825,q22,"('not applicable', 'not applicable')",Other,
ID0826,q2,"('High', 'High')",High Relevance Labels,"('High', 'High')"
ID0826,q3,"('High', 'Low')",High Relevance Labels,"('High', 'Low')"
ID0826,q4,"('Irr', 'Low')",Low Relevance Labels,"('Low', 'Irr')"
ID0826,q5,"('Low', 'Low')",Low Relevance Labels,"('Low', 'Low')"
ID0826,q6,"('Low', 'Low')",Low Relevance Labels,"('Low', 'Low')"
ID0826,q7,"('Low', 'Low')",Low Relevance Labels,"('Low', 'Low')"
ID0826,q8,"('High', 'Low')",High Relevance Labels,"('High', 'Low')"
ID0826,q9,"('Low', 'Low')",Low Relevance Labels,"('Low', 'Low')"
ID0826,q10,"('Low', 'Low')",Low Relevance Labels,"('Low', 'Low')"
ID0826,q11,"('Low', 'Low')",Low Relevance Labels,"('Low', 'Low')"
ID0826,q12,"('High', 'High')",High Relevance Labels,"('High', 'High')"
ID0826,q13,"('Low', 'Low')",Low Relevance Labels,"('Low', 'Low')"
ID0826,q14,"('Irr', 'Low')",Low Relevance Labels,"('Low', 'Irr')"
ID0826,q15,"('Irr', 'not applicable')",Other,
ID0826,q16,"('Irr', 'not applicable')",Other,
ID0826,q17,"('Irr', 'not applicable')",Other,
ID0826,q18,"('Irr', 'not applicable')",Other,
ID0826,q19,"('not applicable', 'not applicable')",Other,
ID0826,q20,"('not applicable', 'not applicable')",Other,
ID0826,q21,"('not applicable', 'not applicable')",Other,
ID0826,q22,"('not applicable', 'not applicable')",Other,
ID0833,q2,"('High', 'Low')",High Relevance Labels,"('High', 'Low')"
ID0833,q3,"('High', 'Irr')",Low Relevance Labels,"('High', 'Irr')"
ID0833,q4,"('Low', 'Low')",Low Relevance Labels,"('Low', 'Low')"
ID0833,q5,"('High', 'Low')",High Relevance Labels,"('High', 'Low')"
ID0833,q6,"('High', 'Low')",High Relevance Labels,"('High', 'Low')"
ID0833,q7,"('High', 'Low')",High Relevance Labels,"('High', 'Low')"
ID0833,q8,"('Irr', 'Low')",Low Relevance Labels,"('Low', 'Irr')"
ID0833,q9,"('Irr', 'Low')",Low Relevance Labels,"('Low', 'Irr')"
ID0833,q10,"('Low', 'Low')",Low Relevance Labels,"('Low', 'Low')"
ID0833,q11,"('Low', 'Low')",Low Relevance Labels,"('Low', 'Low')"
ID0833,q12,"('Low', 'Low')",Low Relevance Labels,"('Low', 'Low')"
ID0833,q13,"('Irr', 'Irr')",Irrelevant Labels,"('Irr', 'Irr')"
ID0833,q14,"('not applicable', 'not applicable')",Other,
ID0833,q15,"('not applicable', 'not applicable')",Other,
ID0833,q16,"('not applicable', 'not applicable')",Other,
ID0833,q17,"('not applicable', 'not applicable')",Other,
ID0833,q18,"('not applicable', 'not applicable')",Other,
ID0833,q19,"('not applicable', 'not applicable')",Other,
ID0833,q20,"('not applicable', 'not applicable')",Other,
ID0833,q21,"('not applicable', 'not applicable')",Other,
ID0833,q22,"('not applicable', 'not applicable')",Other,
ID0834,q2,"('High', 'Low')",High Relevance Labels,"('High', 'Low')"
ID0834,q3,"('Irr', 'Low')",Low Relevance Labels,"('Low', 'Irr')"
ID0834,q4,"('Low', 'Low')",Low Relevance Labels,"('Low', 'Low')"
ID0834,q5,"('Low', 'Low')",Low Relevance Labels,"('Low', 'Low')"
ID0834,q6,"('High', 'High')",High Relevance Labels,"('High', 'High')"
ID0834,q7,"('High', 'High')",High Relevance Labels,"('High', 'High')"
ID0834,q8,"('High', 'Low')",High Relevance Labels,"('High', 'Low')"
ID0834,q9,"('High', 'High')",High Relevance Labels,"('High', 'High')"
ID0834,q10,"('High', 'High')",High Relevance Labels,"('High', 'High')"
ID0834,q11,"('High', 'High')",High Relevance Labels,"('High', 'High')"
ID0834,q12,"('High', 'Low')",High Relevance Labels,"('High', 'Low')"
ID0834,q13,"('High', 'Low')",High Relevance Labels,"('High', 'Low')"
ID0834,q14,"('High', 'Low')",High Relevance Labels,"('High', 'Low')"
ID0834,q15,"('not applicable', 'not applicable')",Other,
ID0834,q16,"('not applicable', 'not applicable')",Other,
ID0834,q17,"('not applicable', 'not applicable')",Other,
ID0834,q18,"('not applicable', 'not applicable')",Other,
ID0834,q19,"('not applicable', 'not applicable')",Other,
ID0834,q20,"('not applicable', 'not applicable')",Other,
ID0834,q21,"('not applicable', 'not applicable')",Other,
ID0834,q22,"('not applicable', 'not applicable')",Other,
ID0837,q2,"('High', 'Low')",High Relevance Labels,"('High', 'Low')"
ID0837,q3,"('High', 'Low')",High Relevance Labels,"('High', 'Low')"
ID0837,q4,"('High', 'Low')",High Relevance Labels,"('High', 'Low')"
ID0837,q5,"('High', 'High')",High Relevance Labels,"('High', 'High')"
ID0837,q6,"('Low', 'Low')",Low Relevance Labels,"('Low', 'Low')"
ID0837,q7,"('Irr', 'Low')",Low Relevance Labels,"('Low', 'Irr')"
ID0837,q8,"('High', 'High')",High Relevance Labels,"('High', 'High')"
ID0837,q9,"('Low', 'Low')",Low Relevance Labels,"('Low', 'Low')"
ID0837,q10,"('High', 'Low')",High Relevance Labels,"('High', 'Low')"
ID0837,q11,"('Low', 'Low')",Low Relevance Labels,"('Low', 'Low')"
ID0837,q12,"('High', 'Low')",High Relevance Labels,"('High', 'Low')"
ID0837,q13,"('High', 'Low')",High Relevance Labels,"('High', 'Low')"
ID0837,q14,"('Low', 'Low')",Low Relevance Labels,"('Low', 'Low')"
ID0837,q15,"('Low', 'Low')",Low Relevance Labels,"('Low', 'Low')"
ID0837,q16,"('Low', 'not applicable')",Other,
ID0837,q17,"('High', 'Low')",High Relevance Labels,"('High', 'Low')"
ID0837,q18,"('Low', 'Low')",Low Relevance Labels,"('Low', 'Low')"
ID0837,q19,"('High', 'Low')",High Relevance Labels,"('High', 'Low')"
ID0837,q20,"('Low', 'Low')",Low Relevance Labels,"('Low', 'Low')"
ID0837,q21,"('Low', 'not applicable')",Other,
ID0837,q22,"('not applicable', 'not applicable')",Other,
ID0847,q2,"('High', 'Low')",High Relevance Labels,"('High', 'Low')"
ID0847,q3,"('Low', 'Low')",Low Relevance Labels,"('Low', 'Low')"
ID0847,q4,"('Low', 'Low')",Low Relevance Labels,"('Low', 'Low')"
ID0847,q5,"('High', 'High')",High Relevance Labels,"('High', 'High')"
ID0847,q6,"('High', 'Low')",High Relevance Labels,"('High', 'Low')"
ID0847,q7,"('High', 'High')",High Relevance Labels,"('High', 'High')"
ID0847,q8,"('not applicable', 'not applicable')",Other,
ID0847,q9,"('not applicable', 'not applicable')",Other,
ID0847,q10,"('not applicable', 'not applicable')",Other,
ID0847,q11,"('not applicable', 'not applicable')",Other,
ID0847,q12,"('not applicable', 'not applicable')",Other,
ID0847,q13,"('not applicable', 'not applicable')",Other,
ID0847,q14,"('not applicable', 'not applicable')",Other,
ID0847,q15,"('not applicable', 'not applicable')",Other,
ID0847,q16,"('not applicable', 'not applicable')",Other,
ID0847,q17,"('not applicable', 'not applicable')",Other,
ID0847,q18,"('not applicable', 'not applicable')",Other,
ID0847,q19,"('not applicable', 'not applicable')",Other,
ID0847,q20,"('not applicable', 'not applicable')",Other,
ID0847,q21,"('not applicable', 'not applicable')",Other,
ID0847,q22,"('not applicable', 'not applicable')",Other,
ID0850,q2,"('High', 'High')",High Relevance Labels,"('High', 'High')"
ID0850,q3,"('High', 'Low')",High Relevance Labels,"('High', 'Low')"
ID0850,q4,"('Low', 'Low')",Low Relevance Labels,"('Low', 'Low')"
ID0850,q5,"('High', 'High')",High Relevance Labels,"('High', 'High')"
ID0850,q6,"('High', 'High')",High Relevance Labels,"('High', 'High')"
ID0850,q7,"('High', 'Irr')",Low Relevance Labels,"('High', 'Irr')"
ID0850,q8,"('High', 'High')",High Relevance Labels,"('High', 'High')"
ID0850,q9,"('High', 'High')",High Relevance Labels,"('High', 'High')"
ID0850,q10,"('High', 'Irr')",Low Relevance Labels,"('High', 'Irr')"
ID0850,q11,"('High', 'High')",High Relevance Labels,"('High', 'High')"
ID0850,q12,"('Irr', 'Irr')",Irrelevant Labels,"('Irr', 'Irr')"
ID0850,q13,"('not applicable', 'not applicable')",Other,
ID0850,q14,"('not applicable', 'not applicable')",Other,
ID0850,q15,"('not applicable', 'not applicable')",Other,
ID0850,q16,"('not applicable', 'not applicable')",Other,
ID0850,q17,"('not applicable', 'not applicable')",Other,
ID0850,q18,"('not applicable', 'not applicable')",Other,
ID0850,q19,"('not applicable', 'not applicable')",Other,
ID0850,q20,"('not applicable', 'not applicable')",Other,
ID0850,q21,"('not applicable', 'not applicable')",Other,
ID0850,q22,"('not applicable', 'not applicable')",Other,
ID0854,q2,"('High', 'High')",High Relevance Labels,"('High', 'High')"
ID0854,q3,"('High', 'High')",High Relevance Labels,"('High', 'High')"
ID0854,q4,"('High', 'High')",High Relevance Labels,"('High', 'High')"
ID0854,q5,"('High', 'Low')",High Relevance Labels,"('High', 'Low')"
ID0854,q6,"('Irr', 'not applicable')",Other,
ID0854,q7,"('Irr', 'Low')",Low Relevance Labels,"('Low', 'Irr')"
ID0854,q8,"('Irr', 'not applicable')",Other,
ID0858,q2,"('High', 'High')",High Relevance Labels,"('High', 'High')"
ID0858,q3,"('High', 'Low')",High Relevance Labels,"('High', 'Low')"
ID0858,q4,"('High', 'High')",High Relevance Labels,"('High', 'High')"
ID0858,q5,"('High', 'Low')",High Relevance Labels,"('High', 'Low')"
ID0858,q6,"('High', 'High')",High Relevance Labels,"('High', 'High')"
ID0858,q7,"('High', 'not applicable')",Other,
ID0858,q8,"('Low', 'not applicable')",Other,
ID0858,q9,"('not applicable', 'not applicable')",Other,
ID0858,q10,"('not applicable', 'not applicable')",Other,
ID0858,q11,"('not applicable', 'not applicable')",Other,
ID0858,q12,"('not applicable', 'not applicable')",Other,
ID0858,q13,"('not applicable', 'not applicable')",Other,
ID0858,q14,"('not applicable', 'not applicable')",Other,
ID0858,q15,"('not applicable', 'not applicable')",Other,
ID0858,q16,"('not applicable', 'not applicable')",Other,
ID0858,q17,"('not applicable', 'not applicable')",Other,
ID0858,q18,"('not applicable', 'not applicable')",Other,
ID0858,q19,"('not applicable', 'not applicable')",Other,
ID0858,q20,"('not applicable', 'not applicable')",Other,
ID0858,q21,"('not applicable', 'not applicable')",Other,
ID0858,q22,"('not applicable', 'not applicable')",Other,
ID0860,q2,"('High', 'High')",High Relevance Labels,"('High', 'High')"
ID0860,q3,"('Low', 'Low')",Low Relevance Labels,"('Low', 'Low')"
ID0860,q4,"('Irr', 'Low')",Low Relevance Labels,"('Low', 'Irr')"
ID0860,q5,"('High', 'High')",High Relevance Labels,"('High', 'High')"
ID0860,q6,"('High', 'Low')",High Relevance Labels,"('High', 'Low')"
ID0860,q7,"('High', 'not applicable')",Other,
ID0860,q8,"('not applicable', 'not applicable')",Other,
ID0860,q9,"('not applicable', 'not applicable')",Other,
ID0860,q10,"('not applicable', 'not applicable')",Other,
ID0860,q11,"('not applicable', 'not applicable')",Other,
ID0860,q12,"('not applicable', 'not applicable')",Other,
ID0860,q13,"('not applicable', 'not applicable')",Other,
ID0860,q14,"('not applicable', 'not applicable')",Other,
ID0860,q15,"('not applicable', 'not applicable')",Other,
ID0860,q16,"('not applicable', 'not applicable')",Other,
ID0860,q17,"('not applicable', 'not applicable')",Other,
ID0860,q18,"('not applicable', 'not applicable')",Other,
ID0860,q19,"('not applicable', 'not applicable')",Other,
ID0860,q20,"('not applicable', 'not applicable')",Other,
ID0860,q21,"('not applicable', 'not applicable')",Other,
ID0860,q22,"('not applicable', 'not applicable')",Other,
ID0862,q2,"('High', 'not applicable')",Other,
ID0862,q3,"('Low', 'Low')",Low Relevance Labels,"('Low', 'Low')"
ID0862,q4,"('High', 'Irr')",Low Relevance Labels,"('High', 'Irr')"
ID0862,q5,"('Low', 'Low')",Low Relevance Labels,"('Low', 'Low')"
ID0862,q6,"('Low', 'Low')",Low Relevance Labels,"('Low', 'Low')"
ID0862,q7,"('High', 'Low')",High Relevance Labels,"('High', 'Low')"
ID0862,q8,"('Irr', 'Low')",Low Relevance Labels,"('Low', 'Irr')"
ID0862,q9,"('Low', 'Low')",Low Relevance Labels,"('Low', 'Low')"
ID0862,q10,"('High', 'Irr')",Low Relevance Labels,"('High', 'Irr')"
ID0862,q11,"('High', 'Irr')",Low Relevance Labels,"('High', 'Irr')"
ID0862,q12,"('not applicable', 'not applicable')",Other,
ID0862,q13,"('not applicable', 'not applicable')",Other,
ID0862,q14,"('not applicable', 'not applicable')",Other,
ID0862,q15,"('not applicable', 'not applicable')",Other,
ID0862,q16,"('not applicable', 'not applicable')",Other,
ID0862,q17,"('not applicable', 'not applicable')",Other,
ID0862,q18,"('not applicable', 'not applicable')",Other,
ID0862,q19,"('not applicable', 'not applicable')",Other,
ID0862,q20,"('not applicable', 'not applicable')",Other,
ID0862,q21,"('not applicable', 'not applicable')",Other,
ID0862,q22,"('not applicable', 'not applicable')",Other,
ID0866,q2,"('High', 'High')",High Relevance Labels,"('High', 'High')"
ID0866,q3,"('High', 'Low')",High Relevance Labels,"('High', 'Low')"
ID0866,q4,"('Low', 'Low')",Low Relevance Labels,"('Low', 'Low')"
ID0866,q5,"('High', 'Low')",High Relevance Labels,"('High', 'Low')"
ID0866,q6,"('High', 'High')",High Relevance Labels,"('High', 'High')"
ID0866,q7,"('High', 'not applicable')",Other,
ID0866,q8,"('High', 'Low')",High Relevance Labels,"('High', 'Low')"
ID0866,q9,"('High', 'Low')",High Relevance Labels,"('High', 'Low')"
ID0866,q10,"('Low', 'Low')",Low Relevance Labels,"('Low', 'Low')"
ID0866,q11,"('High', 'High')",High Relevance Labels,"('High', 'High')"
ID0866,q12,"('High', 'Low')",High Relevance Labels,"('High', 'Low')"
ID0866,q13,"('High', 'Low')",High Relevance Labels,"('High', 'Low')"
ID0866,q14,"('not applicable', 'not applicable')",Other,
ID0866,q15,"('not applicable', 'not applicable')",Other,
ID0866,q16,"('not applicable', 'not applicable')",Other,
ID0866,q17,"('not applicable', 'not applicable')",Other,
ID0866,q18,"('not applicable', 'not applicable')",Other,
ID0866,q19,"('not applicable', 'not applicable')",Other,
ID0866,q20,"('not applicable', 'not applicable')",Other,
ID0866,q21,"('not applicable', 'not applicable')",Other,
ID0866,q22,"('not applicable', 'not applicable')",Other,
ID0871,q2,"('High', 'High')",High Relevance Labels,"('High', 'High')"
ID0871,q3,"('High', 'Low')",High Relevance Labels,"('High', 'Low')"
ID0871,q4,"('High', 'Low')",High Relevance Labels,"('High', 'Low')"
ID0871,q5,"('High', 'Low')",High Relevance Labels,"('High', 'Low')"
ID0871,q6,"('High', 'Low')",High Relevance Labels,"('High', 'Low')"
ID0871,q7,"('Low', 'Low')",Low Relevance Labels,"('Low', 'Low')"
ID0871,q8,"('Low', 'Low')",Low Relevance Labels,"('Low', 'Low')"
ID0871,q9,"('High', 'High')",High Relevance Labels,"('High', 'High')"
ID0871,q10,"('High', 'High')",High Relevance Labels,"('High', 'High')"
ID0871,q11,"('High', 'Low')",High Relevance Labels,"('High', 'Low')"
ID0871,q12,"('High', 'Low')",High Relevance Labels,"('High', 'Low')"
ID0871,q13,"('High', 'Low')",High Relevance Labels,"('High', 'Low')"
ID0871,q14,"('Irr', 'Low')",Low Relevance Labels,"('Low', 'Irr')"
ID0871,q15,"('not applicable', 'not applicable')",Other,
ID0871,q16,"('not applicable', 'not applicable')",Other,
ID0871,q17,"('not applicable', 'not applicable')",Other,
ID0871,q18,"('not applicable', 'not applicable')",Other,
ID0871,q19,"('not applicable', 'not applicable')",Other,
ID0871,q20,"('not applicable', 'not applicable')",Other,
ID0871,q21,"('not applicable', 'not applicable')",Other,
ID0871,q22,"('not applicable', 'not applicable')",Other,
ID0878,q2,"('High', 'High')",High Relevance Labels,"('High', 'High')"
ID0878,q3,"('High', 'Low')",High Relevance Labels,"('High', 'Low')"
ID0878,q4,"('High', 'Low')",High Relevance Labels,"('High', 'Low')"
ID0878,q5,"('High', 'Low')",High Relevance Labels,"('High', 'Low')"
ID0878,q6,"('Irr', 'Low')",Low Relevance Labels,"('Low', 'Irr')"
ID0878,q7,"('High', 'Low')",High Relevance Labels,"('High', 'Low')"
ID0878,q8,"('High', 'High')",High Relevance Labels,"('High', 'High')"
ID0878,q9,"('High', 'High')",High Relevance Labels,"('High', 'High')"
ID0878,q10,"('Irr', 'Low')",Low Relevance Labels,"('Low', 'Irr')"
ID0878,q11,"('Irr', 'Low')",Low Relevance Labels,"('Low', 'Irr')"
ID0878,q12,"('High', 'High')",High Relevance Labels,"('High', 'High')"
ID0878,q13,"('Irr', 'Low')",Low Relevance Labels,"('Low', 'Irr')"
ID0878,q14,"('Irr', 'Low')",Low Relevance Labels,"('Low', 'Irr')"
ID0878,q15,"('High', 'High')",High Relevance Labels,"('High', 'High')"
ID0878,q16,"('High', 'High')",High Relevance Labels,"('High', 'High')"
ID0878,q17,"('not applicable', 'not applicable')",Other,
ID0878,q18,"('not applicable', 'not applicable')",Other,
ID0878,q19,"('not applicable', 'not applicable')",Other,
ID0878,q20,"('not applicable', 'not applicable')",Other,
ID0878,q21,"('not applicable', 'not applicable')",Other,
ID0878,q22,"('not applicable', 'not applicable')",Other,
ID0879,q2,"('High', 'High')",High Relevance Labels,"('High', 'High')"
ID0879,q3,"('High', 'Low')",High Relevance Labels,"('High', 'Low')"
ID0879,q4,"('High', 'Low')",High Relevance Labels,"('High', 'Low')"
ID0879,q5,"('High', 'Low')",High Relevance Labels,"('High', 'Low')"
ID0879,q6,"('Irr', 'Low')",Low Relevance Labels,"('Low', 'Irr')"
ID0879,q7,"('Low', 'not applicable')",Other,
ID0879,q8,"('High', 'Low')",High Relevance Labels,"('High', 'Low')"
ID0879,q9,"('Low', 'Low')",Low Relevance Labels,"('Low', 'Low')"
ID0879,q10,"('Low', 'Low')",Low Relevance Labels,"('Low', 'Low')"
ID0879,q11,"('Low', 'Low')",Low Relevance Labels,"('Low', 'Low')"
ID0879,q12,"('Low', 'not applicable')",Other,
ID0879,q13,"('not applicable', 'not applicable')",Other,
ID0879,q14,"('not applicable', 'not applicable')",Other,
ID0879,q15,"('not applicable', 'not applicable')",Other,
ID0879,q16,"('not applicable', 'not applicable')",Other,
ID0879,q17,"('not applicable', 'not applicable')",Other,
ID0879,q18,"('not applicable', 'not applicable')",Other,
ID0879,q19,"('not applicable', 'not applicable')",Other,
ID0879,q20,"('not applicable', 'not applicable')",Other,
ID0879,q21,"('not applicable', 'not applicable')",Other,
ID0879,q22,"('not applicable', 'not applicable')",Other,
ID0889,q2,"('High', 'High')",High Relevance Labels,"('High', 'High')"
ID0889,q3,"('High', 'Low')",High Relevance Labels,"('High', 'Low')"
ID0889,q4,"('High', 'Low')",High Relevance Labels,"('High', 'Low')"
ID0889,q5,"('High', 'Low')",High Relevance Labels,"('High', 'Low')"
ID0889,q6,"('High', 'Low')",High Relevance Labels,"('High', 'Low')"
ID0889,q7,"('High', 'Low')",High Relevance Labels,"('High', 'Low')"
ID0889,q8,"('Low', 'Low')",Low Relevance Labels,"('Low', 'Low')"
ID0889,q9,"('Irr', 'Low')",Low Relevance Labels,"('Low', 'Irr')"
ID0889,q10,"('Low', 'Low')",Low Relevance Labels,"('Low', 'Low')"
ID0889,q11,"('High', 'Low')",High Relevance Labels,"('High', 'Low')"
ID0889,q12,"('Irr', 'Low')",Low Relevance Labels,"('Low', 'Irr')"
ID0889,q13,"('High', 'Irr')",Low Relevance Labels,"('High', 'Irr')"
ID0889,q14,"('High', 'High')",High Relevance Labels,"('High', 'High')"
ID0889,q15,"('not applicable', 'not applicable')",Other,
ID0889,q16,"('not applicable', 'not applicable')",Other,
ID0889,q17,"('not applicable', 'not applicable')",Other,
ID0889,q18,"('not applicable', 'not applicable')",Other,
ID0889,q19,"('not applicable', 'not applicable')",Other,
ID0889,q20,"('not applicable', 'not applicable')",Other,
ID0889,q21,"('not applicable', 'not applicable')",Other,
ID0889,q22,"('not applicable', 'not applicable')",Other,
ID0894,q2,"('High', 'High')",High Relevance Labels,"('High', 'High')"
ID0894,q3,"('Low', 'Low')",Low Relevance Labels,"('Low', 'Low')"
ID0894,q4,"('High', 'High')",High Relevance Labels,"('High', 'High')"
ID0894,q5,"('High', 'Low')",High Relevance Labels,"('High', 'Low')"
ID0894,q6,"('Low', 'Low')",Low Relevance Labels,"('Low', 'Low')"
ID0894,q7,"('Low', 'Low')",Low Relevance Labels,"('Low', 'Low')"
ID0894,q8,"('High', 'Low')",High Relevance Labels,"('High', 'Low')"
ID0894,q9,"('High', 'Low')",High Relevance Labels,"('High', 'Low')"
ID0894,q10,"('Low', 'Low')",Low Relevance Labels,"('Low', 'Low')"
ID0894,q11,"('Low', 'Low')",Low Relevance Labels,"('Low', 'Low')"
ID0894,q12,"('not applicable', 'not applicable')",Other,
ID0894,q13,"('not applicable', 'not applicable')",Other,
ID0894,q14,"('not applicable', 'not applicable')",Other,
ID0894,q15,"('not applicable', 'not applicable')",Other,
ID0894,q16,"('not applicable', 'not applicable')",Other,
ID0894,q17,"('not applicable', 'not applicable')",Other,
ID0894,q18,"('not applicable', 'not applicable')",Other,
ID0894,q19,"('not applicable', 'not applicable')",Other,
ID0894,q20,"('not applicable', 'not applicable')",Other,
ID0894,q21,"('not applicable', 'not applicable')",Other,
ID0894,q22,"('not applicable', 'not applicable')",Other,
ID0895,q2,"('High', 'High')",High Relevance Labels,"('High', 'High')"
ID0895,q3,"('Low', 'Low')",Low Relevance Labels,"('Low', 'Low')"
ID0895,q4,"('Low', 'Low')",Low Relevance Labels,"('Low', 'Low')"
ID0895,q5,"('Irr', 'Irr')",Irrelevant Labels,"('Irr', 'Irr')"
ID0895,q6,"('High', 'High')",High Relevance Labels,"('High', 'High')"
ID0895,q7,"('High', 'Low')",High Relevance Labels,"('High', 'Low')"
ID0895,q8,"('High', 'High')",High Relevance Labels,"('High', 'High')"
ID0895,q9,"('Irr', 'Low')",Low Relevance Labels,"('Low', 'Irr')"
ID0895,q10,"('Irr', 'Low')",Low Relevance Labels,"('Low', 'Irr')"
ID0895,q11,"('High', 'High')",High Relevance Labels,"('High', 'High')"
ID0895,q12,"('High', 'High')",High Relevance Labels,"('High', 'High')"
ID0895,q13,"('Irr', 'not applicable')",Other,
ID0895,q14,"('Irr', 'not applicable')",Other,
ID0895,q15,"('Irr', 'not applicable')",Other,
ID0895,q16,"('High', 'not applicable')",Other,
ID0895,q17,"('not applicable', 'not applicable')",Other,
ID0895,q18,"('not applicable', 'not applicable')",Other,
ID0895,q19,"('not applicable', 'not applicable')",Other,
ID0895,q20,"('not applicable', 'not applicable')",Other,
ID0895,q21,"('not applicable', 'not applicable')",Other,
ID0895,q22,"('not applicable', 'not applicable')",Other,
ID0905,q2,"('High', 'High')",High Relevance Labels,"('High', 'High')"
ID0905,q3,"('Low', 'Low')",Low Relevance Labels,"('Low', 'Low')"
ID0905,q4,"('Low', 'Low')",Low Relevance Labels,"('Low', 'Low')"
ID0905,q5,"('Low', 'Low')",Low Relevance Labels,"('Low', 'Low')"
ID0905,q6,"('High', 'Low')",High Relevance Labels,"('High', 'Low')"
ID0905,q7,"('Low', 'Low')",Low Relevance Labels,"('Low', 'Low')"
ID0905,q8,"('Irr', 'Low')",Low Relevance Labels,"('Low', 'Irr')"
ID0905,q9,"('Irr', 'Irr')",Irrelevant Labels,"('Irr', 'Irr')"
ID0905,q10,"('High', 'Low')",High Relevance Labels,"('High', 'Low')"
ID0905,q11,"('Irr', 'Low')",Low Relevance Labels,"('Low', 'Irr')"
ID0905,q12,"('not applicable', 'not applicable')",Other,
ID0905,q13,"('not applicable', 'not applicable')",Other,
ID0905,q14,"('not applicable', 'not applicable')",Other,
ID0905,q15,"('not applicable', 'not applicable')",Other,
ID0905,q16,"('not applicable', 'not applicable')",Other,
ID0905,q17,"('not applicable', 'not applicable')",Other,
ID0905,q18,"('not applicable', 'not applicable')",Other,
ID0905,q19,"('not applicable', 'not applicable')",Other,
ID0905,q20,"('not applicable', 'not applicable')",Other,
ID0905,q21,"('not applicable', 'not applicable')",Other,
ID0905,q22,"('not applicable', 'not applicable')",Other,
ID0910,q2,"('High', 'High')",High Relevance Labels,"('High', 'High')"
ID0910,q3,"('Low', 'Low')",Low Relevance Labels,"('Low', 'Low')"
ID0910,q4,"('High', 'High')",High Relevance Labels,"('High', 'High')"
ID0910,q5,"('Low', 'Low')",Low Relevance Labels,"('Low', 'Low')"
ID0910,q6,"('not applicable', 'not applicable')",Other,
ID0910,q7,"('not applicable', 'not applicable')",Other,
ID0910,q8,"('not applicable', 'not applicable')",Other,
ID0910,q9,"('not applicable', 'not applicable')",Other,
ID0910,q10,"('not applicable', 'not applicable')",Other,
ID0910,q11,"('not applicable', 'not applicable')",Other,
ID0910,q12,"('not applicable', 'not applicable')",Other,
ID0910,q13,"('not applicable', 'not applicable')",Other,
ID0910,q14,"('not applicable', 'not applicable')",Other,
ID0910,q15,"('not applicable', 'not applicable')",Other,
ID0910,q16,"('not applicable', 'not applicable')",Other,
ID0910,q17,"('not applicable', 'not applicable')",Other,
ID0910,q18,"('not applicable', 'not applicable')",Other,
ID0910,q19,"('not applicable', 'not applicable')",Other,
ID0910,q20,"('not applicable', 'not applicable')",Other,
ID0910,q21,"('not applicable', 'not applicable')",Other,
ID0910,q22,"('not applicable', 'not applicable')",Other,
ID0919,q2,"('High', 'High')",High Relevance Labels,"('High', 'High')"
ID0919,q3,"('Low', 'Low')",Low Relevance Labels,"('Low', 'Low')"
ID0919,q4,"('Low', 'Low')",Low Relevance Labels,"('Low', 'Low')"
ID0919,q5,"('Low', 'Low')",Low Relevance Labels,"('Low', 'Low')"
ID0919,q6,"('Low', 'Low')",Low Relevance Labels,"('Low', 'Low')"
ID0919,q7,"('Low', 'Low')",Low Relevance Labels,"('Low', 'Low')"
ID0919,q8,"('High', 'Low')",High Relevance Labels,"('High', 'Low')"
ID0919,q9,"('High', 'High')",High Relevance Labels,"('High', 'High')"
ID0919,q10,"('High', 'not applicable')",Other,
ID0919,q11,"('not applicable', 'not applicable')",Other,
ID0919,q12,"('not applicable', 'not applicable')",Other,
ID0919,q13,"('not applicable', 'not applicable')",Other,
ID0919,q14,"('not applicable', 'not applicable')",Other,
ID0919,q15,"('not applicable', 'not applicable')",Other,
ID0919,q16,"('not applicable', 'not applicable')",Other,
ID0919,q17,"('not applicable', 'not applicable')",Other,
ID0919,q18,"('not applicable', 'not applicable')",Other,
ID0919,q19,"('not applicable', 'not applicable')",Other,
ID0919,q20,"('not applicable', 'not applicable')",Other,
ID0919,q21,"('not applicable', 'not applicable')",Other,
ID0919,q22,"('not applicable', 'not applicable')",Other,
ID0924,q2,"('High', 'High')",High Relevance Labels,"('High', 'High')"
ID0924,q3,"('Low', 'Low')",Low Relevance Labels,"('Low', 'Low')"
ID0924,q4,"('High', 'High')",High Relevance Labels,"('High', 'High')"
ID0924,q5,"('Low', 'Low')",Low Relevance Labels,"('Low', 'Low')"
ID0924,q6,"('High', 'Low')",High Relevance Labels,"('High', 'Low')"
ID0924,q7,"('High', 'Low')",High Relevance Labels,"('High', 'Low')"
ID0924,q8,"('High', 'Low')",High Relevance Labels,"('High', 'Low')"
ID0924,q9,"('High', 'High')",High Relevance Labels,"('High', 'High')"
ID0924,q10,"('High', 'Low')",High Relevance Labels,"('High', 'Low')"
ID0924,q11,"('High', 'Low')",High Relevance Labels,"('High', 'Low')"
ID0924,q12,"('not applicable', 'not applicable')",Other,
ID0924,q13,"('not applicable', 'not applicable')",Other,
ID0924,q14,"('not applicable', 'not applicable')",Other,
ID0924,q15,"('not applicable', 'not applicable')",Other,
ID0924,q16,"('not applicable', 'not applicable')",Other,
ID0924,q17,"('not applicable', 'not applicable')",Other,
ID0924,q18,"('not applicable', 'not applicable')",Other,
ID0924,q19,"('not applicable', 'not applicable')",Other,
ID0924,q20,"('not applicable', 'not applicable')",Other,
ID0924,q21,"('not applicable', 'not applicable')",Other,
ID0924,q22,"('not applicable', 'not applicable')",Other,
ID0925,q2,"('High', 'Low')",High Relevance Labels,"('High', 'Low')"
ID0925,q3,"('Low', 'Low')",Low Relevance Labels,"('Low', 'Low')"
ID0925,q4,"('Irr', 'Low')",Low Relevance Labels,"('Low', 'Irr')"
ID0925,q5,"('High', 'High')",High Relevance Labels,"('High', 'High')"
ID0925,q6,"('Low', 'Low')",Low Relevance Labels,"('Low', 'Low')"
ID0925,q7,"('Irr', 'Low')",Low Relevance Labels,"('Low', 'Irr')"
ID0925,q8,"('Irr', 'Low')",Low Relevance Labels,"('Low', 'Irr')"
ID0925,q9,"('High', 'High')",High Relevance Labels,"('High', 'High')"
ID0925,q10,"('High', 'Low')",High Relevance Labels,"('High', 'Low')"
ID0925,q11,"('Irr', 'Low')",Low Relevance Labels,"('Low', 'Irr')"
ID0925,q12,"('Irr', 'Irr')",Irrelevant Labels,"('Irr', 'Irr')"
ID0925,q13,"('Irr', 'Irr')",Irrelevant Labels,"('Irr', 'Irr')"
ID0925,q14,"('High', 'Irr')",Low Relevance Labels,"('High', 'Irr')"
ID0925,q15,"('not applicable', 'not applicable')",Other,
ID0925,q16,"('not applicable', 'not applicable')",Other,
ID0925,q17,"('not applicable', 'not applicable')",Other,
ID0925,q18,"('not applicable', 'not applicable')",Other,
ID0925,q19,"('not applicable', 'not applicable')",Other,
ID0925,q20,"('not applicable', 'not applicable')",Other,
ID0925,q21,"('not applicable', 'not applicable')",Other,
ID0925,q22,"('not applicable', 'not applicable')",Other,
ID0928,q2,"('High', 'Low')",High Relevance Labels,"('High', 'Low')"
ID0928,q3,"('Low', 'Low')",Low Relevance Labels,"('Low', 'Low')"
ID0928,q4,"('Low', 'Low')",Low Relevance Labels,"('Low', 'Low')"
ID0928,q5,"('High', 'High')",High Relevance Labels,"('High', 'High')"
ID0928,q6,"('High', 'Low')",High Relevance Labels,"('High', 'Low')"
ID0928,q7,"('High', 'Low')",High Relevance Labels,"('High', 'Low')"
ID0928,q8,"('Low', 'Low')",Low Relevance Labels,"('Low', 'Low')"
ID0928,q9,"('Irr', 'Low')",Low Relevance Labels,"('Low', 'Irr')"
ID0928,q10,"('High', 'Low')",High Relevance Labels,"('High', 'Low')"
ID0928,q11,"('Irr', 'Low')",Low Relevance Labels,"('Low', 'Irr')"
ID0928,q12,"('not applicable', 'not applicable')",Other,
ID0928,q13,"('not applicable', 'not applicable')",Other,
ID0928,q14,"('not applicable', 'not applicable')",Other,
ID0928,q15,"('not applicable', 'not applicable')",Other,
ID0928,q16,"('not applicable', 'not applicable')",Other,
ID0928,q17,"('not applicable', 'not applicable')",Other,
ID0928,q18,"('not applicable', 'not applicable')",Other,
ID0928,q19,"('not applicable', 'not applicable')",Other,
ID0928,q20,"('not applicable', 'not applicable')",Other,
ID0928,q21,"('not applicable', 'not applicable')",Other,
ID0928,q22,"('not applicable', 'not applicable')",Other,
ID0939,q2,"('High', 'High')",High Relevance Labels,"('High', 'High')"
ID0939,q3,"('High', 'Low')",High Relevance Labels,"('High', 'Low')"
ID0939,q4,"('High', 'Irr')",Low Relevance Labels,"('High', 'Irr')"
ID0939,q5,"('High', 'Irr')",Low Relevance Labels,"('High', 'Irr')"
ID0939,q6,"('High', 'Low')",High Relevance Labels,"('High', 'Low')"
ID0939,q7,"('High', 'Irr')",Low Relevance Labels,"('High', 'Irr')"
ID0939,q8,"('High', 'High')",High Relevance Labels,"('High', 'High')"
ID0939,q9,"('Irr', 'Irr')",Irrelevant Labels,"('Irr', 'Irr')"
ID0939,q10,"('Low', 'Low')",Low Relevance Labels,"('Low', 'Low')"
ID0939,q11,"('Low', 'Low')",Low Relevance Labels,"('Low', 'Low')"
ID0939,q12,"('Irr', 'Low')",Low Relevance Labels,"('Low', 'Irr')"
ID0939,q13,"('Low', 'Low')",Low Relevance Labels,"('Low', 'Low')"
ID0939,q14,"('High', 'not applicable')",Other,
ID0939,q15,"('not applicable', 'not applicable')",Other,
ID0939,q16,"('not applicable', 'not applicable')",Other,
ID0939,q17,"('not applicable', 'not applicable')",Other,
ID0939,q18,"('not applicable', 'not applicable')",Other,
ID0939,q19,"('not applicable', 'not applicable')",Other,
ID0939,q20,"('not applicable', 'not applicable')",Other,
ID0939,q21,"('not applicable', 'not applicable')",Other,
ID0939,q22,"('not applicable', 'not applicable')",Other,
ID0951,q2,"('Irr', 'Low')",Low Relevance Labels,"('Low', 'Irr')"
ID0951,q3,"('Irr', 'Low')",Low Relevance Labels,"('Low', 'Irr')"
ID0951,q4,"('Low', 'Low')",Low Relevance Labels,"('Low', 'Low')"
ID0951,q5,"('High', 'Low')",High Relevance Labels,"('High', 'Low')"
ID0961,q2,"('High', 'High')",High Relevance Labels,"('High', 'High')"
ID0961,q3,"('High', 'High')",High Relevance Labels,"('High', 'High')"
ID0961,q4,"('High', 'Low')",High Relevance Labels,"('High', 'Low')"
ID0961,q5,"('High', 'Low')",High Relevance Labels,"('High', 'Low')"
ID0961,q6,"('High', 'Low')",High Relevance Labels,"('High', 'Low')"
ID0961,q7,"('Low', 'Low')",Low Relevance Labels,"('Low', 'Low')"
ID0961,q8,"('Low', 'not applicable')",Other,
ID0961,q9,"('not applicable', 'not applicable')",Other,
ID0961,q10,"('not applicable', 'not applicable')",Other,
ID0961,q11,"('not applicable', 'not applicable')",Other,
ID0961,q12,"('not applicable', 'not applicable')",Other,
ID0961,q13,"('not applicable', 'not applicable')",Other,
ID0961,q14,"('not applicable', 'not applicable')",Other,
ID0961,q15,"('not applicable', 'not applicable')",Other,
ID0961,q16,"('not applicable', 'not applicable')",Other,
ID0961,q17,"('not applicable', 'not applicable')",Other,
ID0961,q18,"('not applicable', 'not applicable')",Other,
ID0961,q19,"('not applicable', 'not applicable')",Other,
ID0961,q20,"('not applicable', 'not applicable')",Other,
ID0961,q21,"('not applicable', 'not applicable')",Other,
ID0961,q22,"('not applicable', 'not applicable')",Other,
ID0967,q2,"('High', 'High')",High Relevance Labels,"('High', 'High')"
ID0967,q3,"('High', 'Low')",High Relevance Labels,"('High', 'Low')"
ID0967,q4,"('Low', 'Low')",Low Relevance Labels,"('Low', 'Low')"
ID0967,q5,"('Low', 'Low')",Low Relevance Labels,"('Low', 'Low')"
ID0967,q6,"('High', 'Low')",High Relevance Labels,"('High', 'Low')"
ID0967,q7,"('High', 'Low')",High Relevance Labels,"('High', 'Low')"
ID0969,q2,"('High', 'High')",High Relevance Labels,"('High', 'High')"
ID0969,q3,"('Low', 'Low')",Low Relevance Labels,"('Low', 'Low')"
ID0969,q4,"('Low', 'Low')",Low Relevance Labels,"('Low', 'Low')"
ID0969,q5,"('Low', 'Low')",Low Relevance Labels,"('Low', 'Low')"
ID0969,q6,"('High', 'Low')",High Relevance Labels,"('High', 'Low')"
ID0969,q7,"('High', 'Low')",High Relevance Labels,"('High', 'Low')"
ID0969,q8,"('High', 'Low')",High Relevance Labels,"('High', 'Low')"
ID0969,q9,"('High', 'High')",High Relevance Labels,"('High', 'High')"
ID0969,q10,"('High', 'High')",High Relevance Labels,"('High', 'High')"
ID0969,q11,"('High', 'High')",High Relevance Labels,"('High', 'High')"
ID0969,q12,"('Low', 'not applicable')",Other,
ID0970,q2,"('High', 'High')",High Relevance Labels,"('High', 'High')"
ID0970,q3,"('High', 'Low')",High Relevance Labels,"('High', 'Low')"
ID0970,q4,"('High', 'Low')",High Relevance Labels,"('High', 'Low')"
ID0970,q5,"('Low', 'Low')",Low Relevance Labels,"('Low', 'Low')"
ID0970,q6,"('Low', 'Low')",Low Relevance Labels,"('Low', 'Low')"
ID0970,q7,"('High', 'Low')",High Relevance Labels,"('High', 'Low')"
ID0970,q8,"('Irr', 'Low')",Low Relevance Labels,"('Low', 'Irr')"
ID0970,q9,"('High', 'Low')",High Relevance Labels,"('High', 'Low')"
ID0970,q10,"('not applicable', 'not applicable')",Other,
ID0970,q11,"('not applicable', 'not applicable')",Other,
ID0970,q12,"('not applicable', 'not applicable')",Other,
ID0970,q13,"('not applicable', 'not applicable')",Other,
ID0970,q14,"('not applicable', 'not applicable')",Other,
ID0970,q15,"('not applicable', 'not applicable')",Other,
ID0970,q16,"('not applicable', 'not applicable')",Other,
ID0970,q17,"('not applicable', 'not applicable')",Other,
ID0970,q18,"('not applicable', 'not applicable')",Other,
ID0970,q19,"('not applicable', 'not applicable')",Other,
ID0970,q20,"('not applicable', 'not applicable')",Other,
ID0970,q21,"('not applicable', 'not applicable')",Other,
ID0970,q22,"('not applicable', 'not applicable')",Other,
ID0976,q2,"('High', 'High')",High Relevance Labels,"('High', 'High')"
ID0976,q3,"('Irr', 'Low')",Low Relevance Labels,"('Low', 'Irr')"
ID0976,q4,"('High', 'High')",High Relevance Labels,"('High', 'High')"
ID0976,q5,"('High', 'Low')",High Relevance Labels,"('High', 'Low')"
ID0976,q6,"('Irr', 'Irr')",Irrelevant Labels,"('Irr', 'Irr')"
ID0976,q7,"('Irr', 'Irr')",Irrelevant Labels,"('Irr', 'Irr')"
ID0976,q8,"('not applicable', 'not applicable')",Other,
ID0976,q9,"('not applicable', 'not applicable')",Other,
ID0976,q10,"('not applicable', 'not applicable')",Other,
ID0976,q11,"('not applicable', 'not applicable')",Other,
ID0976,q12,"('not applicable', 'not applicable')",Other,
ID0976,q13,"('not applicable', 'not applicable')",Other,
ID0976,q14,"('not applicable', 'not applicable')",Other,
ID0976,q15,"('not applicable', 'not applicable')",Other,
ID0976,q16,"('not applicable', 'not applicable')",Other,
ID0976,q17,"('not applicable', 'not applicable')",Other,
ID0976,q18,"('not applicable', 'not applicable')",Other,
ID0976,q19,"('not applicable', 'not applicable')",Other,
ID0976,q20,"('not applicable', 'not applicable')",Other,
ID0976,q21,"('not applicable', 'not applicable')",Other,
ID0976,q22,"('not applicable', 'not applicable')",Other,
ID0979,q2,"('High', 'Low')",High Relevance Labels,"('High', 'Low')"
ID0979,q3,"('Irr', 'Low')",Low Relevance Labels,"('Low', 'Irr')"
ID0979,q4,"('Irr', 'Low')",Low Relevance Labels,"('Low', 'Irr')"
ID0979,q5,"('Irr', 'Low')",Low Relevance Labels,"('Low', 'Irr')"
ID0979,q6,"('Irr', 'Low')",Low Relevance Labels,"('Low', 'Irr')"
ID0979,q7,"('Low', 'Low')",Low Relevance Labels,"('Low', 'Low')"
ID0979,q8,"('High', 'Low')",High Relevance Labels,"('High', 'Low')"
ID0979,q9,"('High', 'High')",High Relevance Labels,"('High', 'High')"
ID0979,q10,"('not applicable', 'not applicable')",Other,
ID0979,q11,"('not applicable', 'not applicable')",Other,
ID0979,q12,"('not applicable', 'not applicable')",Other,
ID0979,q13,"('not applicable', 'not applicable')",Other,
ID0979,q14,"('not applicable', 'not applicable')",Other,
ID0979,q15,"('not applicable', 'not applicable')",Other,
ID0979,q16,"('not applicable', 'not applicable')",Other,
ID0979,q17,"('not applicable', 'not applicable')",Other,
ID0979,q18,"('not applicable', 'not applicable')",Other,
ID0979,q19,"('not applicable', 'not applicable')",Other,
ID0979,q20,"('not applicable', 'not applicable')",Other,
ID0979,q21,"('not applicable', 'not applicable')",Other,
ID0979,q22,"('not applicable', 'not applicable')",Other,
ID0987,q2,"('High', 'Low')",High Relevance Labels,"('High', 'Low')"
ID0987,q3,"('High', 'High')",High Relevance Labels,"('High', 'High')"
ID0987,q4,"('High', 'Low')",High Relevance Labels,"('High', 'Low')"
ID0987,q5,"('High', 'High')",High Relevance Labels,"('High', 'High')"
ID0987,q6,"('High', 'High')",High Relevance Labels,"('High', 'High')"
ID0987,q7,"('High', 'Low')",High Relevance Labels,"('High', 'Low')"
ID0987,q8,"('Low', 'Low')",Low Relevance Labels,"('Low', 'Low')"
ID0987,q9,"('Low', 'Low')",Low Relevance Labels,"('Low', 'Low')"
ID0987,q10,"('Irr', 'Low')",Low Relevance Labels,"('Low', 'Irr')"
ID0987,q11,"('Low', 'Low')",Low Relevance Labels,"('Low', 'Low')"
ID0987,q12,"('Low', 'Low')",Low Relevance Labels,"('Low', 'Low')"
ID0987,q13,"('not applicable', 'not applicable')",Other,
ID0987,q14,"('not applicable', 'not applicable')",Other,
ID0987,q15,"('not applicable', 'not applicable')",Other,
ID0987,q16,"('not applicable', 'not applicable')",Other,
ID0987,q17,"('not applicable', 'not applicable')",Other,
ID0987,q18,"('not applicable', 'not applicable')",Other,
ID0987,q19,"('not applicable', 'not applicable')",Other,
ID0987,q20,"('not applicable', 'not applicable')",Other,
ID0987,q21,"('not applicable', 'not applicable')",Other,
ID0987,q22,"('not applicable', 'not applicable')",Other,
ID0990,q2,"('High', 'Irr')",Low Relevance Labels,"('High', 'Irr')"
ID0990,q3,"('High', 'Low')",High Relevance Labels,"('High', 'Low')"
ID0990,q4,"('High', 'High')",High Relevance Labels,"('High', 'High')"
ID0990,q5,"('High', 'Low')",High Relevance Labels,"('High', 'Low')"
ID0990,q6,"('High', 'High')",High Relevance Labels,"('High', 'High')"
ID0990,q7,"('Low', 'Low')",Low Relevance Labels,"('Low', 'Low')"
ID0990,q8,"('High', 'Low')",High Relevance Labels,"('High', 'Low')"
ID0990,q9,"('Low', 'Low')",Low Relevance Labels,"('Low', 'Low')"
ID0990,q10,"('Low', 'Low')",Low Relevance Labels,"('Low', 'Low')"
ID0990,q11,"('High', 'High')",High Relevance Labels,"('High', 'High')"
ID0990,q12,"('High', 'High')",High Relevance Labels,"('High', 'High')"
ID0990,q13,"('not applicable', 'not applicable')",Other,
ID0990,q14,"('not applicable', 'not applicable')",Other,
ID0990,q15,"('not applicable', 'not applicable')",Other,
ID0990,q16,"('not applicable', 'not applicable')",Other,
ID0990,q17,"('not applicable', 'not applicable')",Other,
ID0990,q18,"('not applicable', 'not applicable')",Other,
ID0990,q19,"('not applicable', 'not applicable')",Other,
ID0990,q20,"('not applicable', 'not applicable')",Other,
ID0990,q21,"('not applicable', 'not applicable')",Other,
ID0990,q22,"('not applicable', 'not applicable')",Other,
ID0993,q2,"('High', 'High')",High Relevance Labels,"('High', 'High')"
ID0993,q3,"('High', 'Low')",High Relevance Labels,"('High', 'Low')"
ID0993,q4,"('Low', 'Low')",Low Relevance Labels,"('Low', 'Low')"
ID0993,q5,"('High', 'Low')",High Relevance Labels,"('High', 'Low')"
ID0993,q6,"('Low', 'Low')",Low Relevance Labels,"('Low', 'Low')"
ID0993,q7,"('Irr', 'Low')",Low Relevance Labels,"('Low', 'Irr')"
ID0993,q8,"('Irr', 'Low')",Low Relevance Labels,"('Low', 'Irr')"
ID0993,q9,"('Low', 'Low')",Low Relevance Labels,"('Low', 'Low')"
ID0993,q10,"('High', 'Low')",High Relevance Labels,"('High', 'Low')"
ID0993,q11,"('High', 'Low')",High Relevance Labels,"('High', 'Low')"
ID0993,q12,"('High', 'Low')",High Relevance Labels,"('High', 'Low')"
ID0993,q13,"('High', 'Low')",High Relevance Labels,"('High', 'Low')"
ID0993,q14,"('Irr', 'Low')",Low Relevance Labels,"('Low', 'Irr')"
ID0993,q15,"('not applicable', 'not applicable')",Other,
ID0993,q16,"('not applicable', 'not applicable')",Other,
ID0993,q17,"('not applicable', 'not applicable')",Other,
ID0993,q18,"('not applicable', 'not applicable')",Other,
ID0993,q19,"('not applicable', 'not applicable')",Other,
ID0993,q20,"('not applicable', 'not applicable')",Other,
ID0993,q21,"('not applicable', 'not applicable')",Other,
ID0993,q22,"('not applicable', 'not applicable')",Other,
ID1001,q2,"('High', 'High')",High Relevance Labels,"('High', 'High')"
ID1001,q3,"('High', 'Low')",High Relevance Labels,"('High', 'Low')"
ID1001,q4,"('Irr', 'Low')",Low Relevance Labels,"('Low', 'Irr')"
ID1001,q5,"('Low', 'Low')",Low Relevance Labels,"('Low', 'Low')"
ID1001,q6,"('Low', 'Low')",Low Relevance Labels,"('Low', 'Low')"
ID1001,q7,"('High', 'Low')",High Relevance Labels,"('High', 'Low')"
ID1001,q8,"('High', 'Low')",High Relevance Labels,"('High', 'Low')"
ID1001,q9,"('Low', 'Low')",Low Relevance Labels,"('Low', 'Low')"
ID1001,q10,"('Low', 'Low')",Low Relevance Labels,"('Low', 'Low')"
ID1001,q11,"('Low', 'Low')",Low Relevance Labels,"('Low', 'Low')"
ID1001,q12,"('Low', 'Low')",Low Relevance Labels,"('Low', 'Low')"
ID1001,q13,"('High', 'High')",High Relevance Labels,"('High', 'High')"
ID1001,q14,"('High', 'Low')",High Relevance Labels,"('High', 'Low')"
ID1001,q15,"('Low', 'Low')",Low Relevance Labels,"('Low', 'Low')"
ID1001,q16,"('not applicable', 'not applicable')",Other,
ID1001,q17,"('not applicable', 'not applicable')",Other,
ID1001,q18,"('not applicable', 'not applicable')",Other,
ID1001,q19,"('not applicable', 'not applicable')",Other,
ID1001,q20,"('not applicable', 'not applicable')",Other,
ID1001,q21,"('not applicable', 'not applicable')",Other,
ID1001,q22,"('not applicable', 'not applicable')",Other,
ID1005,q2,"('High', 'High')",High Relevance Labels,"('High', 'High')"
ID1005,q3,"('Low', 'Low')",Low Relevance Labels,"('Low', 'Low')"
ID1005,q4,"('Low', 'Low')",Low Relevance Labels,"('Low', 'Low')"
ID1005,q5,"('Low', 'Low')",Low Relevance Labels,"('Low', 'Low')"
ID1005,q6,"('High', 'High')",High Relevance Labels,"('High', 'High')"
ID1005,q7,"('Low', 'Low')",Low Relevance Labels,"('Low', 'Low')"
ID1005,q8,"('High', 'Low')",High Relevance Labels,"('High', 'Low')"
ID1005,q9,"('Low', 'Low')",Low Relevance Labels,"('Low', 'Low')"
ID1005,q10,"('Irr', 'Low')",Low Relevance Labels,"('Low', 'Irr')"
ID1005,q11,"('Irr', 'Low')",Low Relevance Labels,"('Low', 'Irr')"
ID1005,q12,"('not applicable', 'not applicable')",Other,
ID1005,q13,"('not applicable', 'not applicable')",Other,
ID1005,q14,"('not applicable', 'not applicable')",Other,
ID1005,q15,"('not applicable', 'not applicable')",Other,
ID1005,q16,"('not applicable', 'not applicable')",Other,
ID1005,q17,"('not applicable', 'not applicable')",Other,
ID1005,q18,"('not applicable', 'not applicable')",Other,
ID1005,q19,"('not applicable', 'not applicable')",Other,
ID1005,q20,"('not applicable', 'not applicable')",Other,
ID1005,q21,"('not applicable', 'not applicable')",Other,
ID1005,q22,"('not applicable', 'not applicable')",Other,
ID1017,q2,"('High', 'High')",High Relevance Labels,"('High', 'High')"
ID1017,q3,"('Irr', 'Low')",Low Relevance Labels,"('Low', 'Irr')"
ID1017,q4,"('High', 'Low')",High Relevance Labels,"('High', 'Low')"
ID1017,q5,"('High', 'High')",High Relevance Labels,"('High', 'High')"
ID1017,q6,"('Low', 'Low')",Low Relevance Labels,"('Low', 'Low')"
ID1017,q7,"('High', 'High')",High Relevance Labels,"('High', 'High')"
ID1017,q8,"('High', 'High')",High Relevance Labels,"('High', 'High')"
ID1017,q9,"('Irr', 'Irr')",Irrelevant Labels,"('Irr', 'Irr')"
ID1017,q10,"('High', 'Irr')",Low Relevance Labels,"('High', 'Irr')"
ID1021,q2,"('Low', 'Low')",Low Relevance Labels,"('Low', 'Low')"
ID1021,q3,"('Low', 'Low')",Low Relevance Labels,"('Low', 'Low')"
ID1021,q4,"('High', 'Low')",High Relevance Labels,"('High', 'Low')"
ID1021,q5,"('High', 'Low')",High Relevance Labels,"('High', 'Low')"
ID1021,q6,"('High', 'Irr')",Low Relevance Labels,"('High', 'Irr')"
ID1021,q7,"('Low', 'Low')",Low Relevance Labels,"('Low', 'Low')"
ID1021,q8,"('High', 'Irr')",Low Relevance Labels,"('High', 'Irr')"
ID1021,q9,"('Irr', 'Low')",Low Relevance Labels,"('Low', 'Irr')"
ID1021,q10,"('High', 'High')",High Relevance Labels,"('High', 'High')"
ID1021,q11,"('High', 'not applicable')",Other,
ID1021,q12,"('not applicable', 'not applicable')",Other,
ID1021,q13,"('not applicable', 'not applicable')",Other,
ID1021,q14,"('not applicable', 'not applicable')",Other,
ID1021,q15,"('not applicable', 'not applicable')",Other,
ID1021,q16,"('not applicable', 'not applicable')",Other,
ID1021,q17,"('not applicable', 'not applicable')",Other,
ID1021,q18,"('not applicable', 'not applicable')",Other,
ID1021,q19,"('not applicable', 'not applicable')",Other,
ID1021,q20,"('not applicable', 'not applicable')",Other,
ID1021,q21,"('not applicable', 'not applicable')",Other,
ID1021,q22,"('not applicable', 'not applicable')",Other,
ID1022,q2,"('High', 'Low')",High Relevance Labels,"('High', 'Low')"
ID1022,q3,"('High', 'High')",High Relevance Labels,"('High', 'High')"
ID1022,q4,"('Irr', 'Low')",Low Relevance Labels,"('Low', 'Irr')"
ID1022,q5,"('High', 'Irr')",Low Relevance Labels,"('High', 'Irr')"
ID1022,q6,"('High', 'Low')",High Relevance Labels,"('High', 'Low')"
ID1022,q7,"('High', 'High')",High Relevance Labels,"('High', 'High')"
ID1022,q8,"('High', 'High')",High Relevance Labels,"('High', 'High')"
ID1022,q9,"('Irr', 'Irr')",Irrelevant Labels,"('Irr', 'Irr')"
ID1022,q10,"('High', 'Low')",High Relevance Labels,"('High', 'Low')"
ID1022,q11,"('not applicable', 'not applicable')",Other,
ID1022,q12,"('not applicable', 'not applicable')",Other,
ID1022,q13,"('not applicable', 'not applicable')",Other,
ID1022,q14,"('not applicable', 'not applicable')",Other,
ID1022,q15,"('not applicable', 'not applicable')",Other,
ID1022,q16,"('not applicable', 'not applicable')",Other,
ID1022,q17,"('not applicable', 'not applicable')",Other,
ID1022,q18,"('not applicable', 'not applicable')",Other,
ID1022,q19,"('not applicable', 'not applicable')",Other,
ID1022,q20,"('not applicable', 'not applicable')",Other,
ID1022,q21,"('not applicable', 'not applicable')",Other,
ID1022,q22,"('not applicable', 'not applicable')",Other,
ID1024,q2,"('Low', 'Low')",Low Relevance Labels,"('Low', 'Low')"
ID1024,q3,"('Low', 'Low')",Low Relevance Labels,"('Low', 'Low')"
ID1024,q4,"('Low', 'Low')",Low Relevance Labels,"('Low', 'Low')"
ID1024,q5,"('Irr', 'Low')",Low Relevance Labels,"('Low', 'Irr')"
ID1024,q6,"('Low', 'Low')",Low Relevance Labels,"('Low', 'Low')"
ID1024,q7,"('Irr', 'Low')",Low Relevance Labels,"('Low', 'Irr')"
ID1024,q8,"('Irr', 'Low')",Low Relevance Labels,"('Low', 'Irr')"
ID1024,q9,"('Low', 'Low')",Low Relevance Labels,"('Low', 'Low')"
ID1024,q10,"('High', 'High')",High Relevance Labels,"('High', 'High')"
ID1024,q11,"('High', 'High')",High Relevance Labels,"('High', 'High')"
ID1024,q12,"('Irr', 'Low')",Low Relevance Labels,"('Low', 'Irr')"
ID1024,q13,"('not applicable', 'not applicable')",Other,
ID1024,q14,"('not applicable', 'not applicable')",Other,
ID1024,q15,"('not applicable', 'not applicable')",Other,
ID1024,q16,"('not applicable', 'not applicable')",Other,
ID1024,q17,"('not applicable', 'not applicable')",Other,
ID1024,q18,"('not applicable', 'not applicable')",Other,
ID1024,q19,"('not applicable', 'not applicable')",Other,
ID1024,q20,"('not applicable', 'not applicable')",Other,
ID1024,q21,"('not applicable', 'not applicable')",Other,
ID1024,q22,"('not applicable', 'not applicable')",Other,
ID1028,q2,"('High', 'High')",High Relevance Labels,"('High', 'High')"
ID1028,q3,"('High', 'High')",High Relevance Labels,"('High', 'High')"
ID1028,q4,"('High', 'High')",High Relevance Labels,"('High', 'High')"
ID1028,q5,"('High', 'High')",High Relevance Labels,"('High', 'High')"
ID1028,q6,"('High', 'Low')",High Relevance Labels,"('High', 'Low')"
ID1028,q7,"('High', 'Low')",High Relevance Labels,"('High', 'Low')"
ID1028,q8,"('Low', 'Low')",Low Relevance Labels,"('Low', 'Low')"
ID1028,q9,"('High', 'Low')",High Relevance Labels,"('High', 'Low')"
ID1028,q10,"('Irr', 'Low')",Low Relevance Labels,"('Low', 'Irr')"
ID1028,q11,"('High', 'Low')",High Relevance Labels,"('High', 'Low')"
ID1028,q12,"('High', 'High')",High Relevance Labels,"('High', 'High')"
ID1028,q13,"('not applicable', 'not applicable')",Other,
ID1028,q14,"('not applicable', 'not applicable')",Other,
ID1028,q15,"('not applicable', 'not applicable')",Other,
ID1028,q16,"('not applicable', 'not applicable')",Other,
ID1028,q17,"('not applicable', 'not applicable')",Other,
ID1028,q18,"('not applicable', 'not applicable')",Other,
ID1028,q19,"('not applicable', 'not applicable')",Other,
ID1028,q20,"('not applicable', 'not applicable')",Other,
ID1028,q21,"('not applicable', 'not applicable')",Other,
ID1028,q22,"('not applicable', 'not applicable')",Other,
ID1040,q2,"('High', 'High')",High Relevance Labels,"('High', 'High')"
ID1040,q3,"('High', 'Low')",High Relevance Labels,"('High', 'Low')"
ID1040,q4,"('High', 'Low')",High Relevance Labels,"('High', 'Low')"
ID1040,q5,"('Low', 'Low')",Low Relevance Labels,"('Low', 'Low')"
ID1040,q6,"('High', 'Low')",High Relevance Labels,"('High', 'Low')"
ID1040,q7,"('Irr', 'Low')",Low Relevance Labels,"('Low', 'Irr')"
ID1040,q8,"('High', 'High')",High Relevance Labels,"('High', 'High')"
ID1040,q9,"('High', 'High')",High Relevance Labels,"('High', 'High')"
ID1040,q10,"('Irr', 'not applicable')",Other,
ID1040,q11,"('not applicable', 'not applicable')",Other,
ID1040,q12,"('not applicable', 'not applicable')",Other,
ID1040,q13,"('not applicable', 'not applicable')",Other,
ID1040,q14,"('not applicable', 'not applicable')",Other,
ID1040,q15,"('not applicable', 'not applicable')",Other,
ID1040,q16,"('not applicable', 'not applicable')",Other,
ID1040,q17,"('not applicable', 'not applicable')",Other,
ID1040,q18,"('not applicable', 'not applicable')",Other,
ID1040,q19,"('not applicable', 'not applicable')",Other,
ID1040,q20,"('not applicable', 'not applicable')",Other,
ID1040,q21,"('not applicable', 'not applicable')",Other,
ID1040,q22,"('not applicable', 'not applicable')",Other,
ID1048,q2,"('High', 'High')",High Relevance Labels,"('High', 'High')"
ID1048,q3,"('Low', 'Low')",Low Relevance Labels,"('Low', 'Low')"
ID1048,q4,"('High', 'High')",High Relevance Labels,"('High', 'High')"
ID1048,q5,"('Low', 'Low')",Low Relevance Labels,"('Low', 'Low')"
ID1048,q6,"('Low', 'Low')",Low Relevance Labels,"('Low', 'Low')"
ID1048,q7,"('High', 'High')",High Relevance Labels,"('High', 'High')"
ID1055,q2,"('High', 'High')",High Relevance Labels,"('High', 'High')"
ID1055,q3,"('Low', 'Low')",Low Relevance Labels,"('Low', 'Low')"
ID1055,q4,"('Low', 'Low')",Low Relevance Labels,"('Low', 'Low')"
ID1055,q5,"('not applicable', 'not applicable')",Other,
ID1055,q6,"('not applicable', 'not applicable')",Other,
ID1055,q7,"('not applicable', 'not applicable')",Other,
ID1055,q8,"('not applicable', 'not applicable')",Other,
ID1055,q9,"('not applicable', 'not applicable')",Other,
ID1055,q10,"('not applicable', 'not applicable')",Other,
ID1055,q11,"('not applicable', 'not applicable')",Other,
ID1055,q12,"('not applicable', 'not applicable')",Other,
ID1055,q13,"('not applicable', 'not applicable')",Other,
ID1055,q14,"('not applicable', 'not applicable')",Other,
ID1055,q15,"('not applicable', 'not applicable')",Other,
ID1055,q16,"('not applicable', 'not applicable')",Other,
ID1055,q17,"('not applicable', 'not applicable')",Other,
ID1055,q18,"('not applicable', 'not applicable')",Other,
ID1055,q19,"('not applicable', 'not applicable')",Other,
ID1055,q20,"('not applicable', 'not applicable')",Other,
ID1055,q21,"('not applicable', 'not applicable')",Other,
ID1055,q22,"('not applicable', 'not applicable')",Other,
ID1058,q2,"('High', 'Low')",High Relevance Labels,"('High', 'Low')"
ID1058,q3,"('High', 'High')",High Relevance Labels,"('High', 'High')"
ID1058,q4,"('Low', 'Low')",Low Relevance Labels,"('Low', 'Low')"
ID1058,q5,"('High', 'High')",High Relevance Labels,"('High', 'High')"
ID1058,q6,"('not applicable', 'not applicable')",Other,
ID1058,q7,"('not applicable', 'not applicable')",Other,
ID1058,q8,"('not applicable', 'not applicable')",Other,
ID1058,q9,"('not applicable', 'not applicable')",Other,
ID1058,q10,"('not applicable', 'not applicable')",Other,
ID1058,q11,"('not applicable', 'not applicable')",Other,
ID1058,q12,"('not applicable', 'not applicable')",Other,
ID1058,q13,"('not applicable', 'not applicable')",Other,
ID1058,q14,"('not applicable', 'not applicable')",Other,
ID1058,q15,"('not applicable', 'not applicable')",Other,
ID1058,q16,"('not applicable', 'not applicable')",Other,
ID1058,q17,"('not applicable', 'not applicable')",Other,
ID1058,q18,"('not applicable', 'not applicable')",Other,
ID1058,q19,"('not applicable', 'not applicable')",Other,
ID1058,q20,"('not applicable', 'not applicable')",Other,
ID1058,q21,"('not applicable', 'not applicable')",Other,
ID1058,q22,"('not applicable', 'not applicable')",Other,
ID1064,q2,"('High', 'Low')",High Relevance Labels,"('High', 'Low')"
ID1064,q3,"('High', 'High')",High Relevance Labels,"('High', 'High')"
ID1064,q4,"('Low', 'Low')",Low Relevance Labels,"('Low', 'Low')"
ID1064,q5,"('High', 'High')",High Relevance Labels,"('High', 'High')"
ID1064,q6,"('not applicable', 'not applicable')",Other,
ID1064,q7,"('not applicable', 'not applicable')",Other,
ID1064,q8,"('not applicable', 'not applicable')",Other,
ID1064,q9,"('not applicable', 'not applicable')",Other,
ID1064,q10,"('not applicable', 'not applicable')",Other,
ID1064,q11,"('not applicable', 'not applicable')",Other,
ID1064,q12,"('not applicable', 'not applicable')",Other,
ID1064,q13,"('not applicable', 'not applicable')",Other,
ID1064,q14,"('not applicable', 'not applicable')",Other,
ID1064,q15,"('not applicable', 'not applicable')",Other,
ID1064,q16,"('not applicable', 'not applicable')",Other,
ID1064,q17,"('not applicable', 'not applicable')",Other,
ID1064,q18,"('not applicable', 'not applicable')",Other,
ID1064,q19,"('not applicable', 'not applicable')",Other,
ID1064,q20,"('not applicable', 'not applicable')",Other,
ID1064,q21,"('not applicable', 'not applicable')",Other,
ID1064,q22,"('not applicable', 'not applicable')",Other,
ID1067,q2,"('Low', 'Low')",Low Relevance Labels,"('Low', 'Low')"
ID1067,q3,"('Low', 'Low')",Low Relevance Labels,"('Low', 'Low')"
ID1067,q4,"('High', 'High')",High Relevance Labels,"('High', 'High')"
ID1067,q5,"('Low', 'Low')",Low Relevance Labels,"('Low', 'Low')"
ID1067,q6,"('High', 'High')",High Relevance Labels,"('High', 'High')"
ID1067,q7,"('High', 'High')",High Relevance Labels,"('High', 'High')"
ID1067,q8,"('not applicable', 'not applicable')",Other,
ID1067,q9,"('not applicable', 'not applicable')",Other,
ID1067,q10,"('not applicable', 'not applicable')",Other,
ID1067,q11,"('not applicable', 'not applicable')",Other,
ID1067,q12,"('not applicable', 'not applicable')",Other,
ID1067,q13,"('not applicable', 'not applicable')",Other,
ID1067,q14,"('not applicable', 'not applicable')",Other,
ID1067,q15,"('not applicable', 'not applicable')",Other,
ID1067,q16,"('not applicable', 'not applicable')",Other,
ID1067,q17,"('not applicable', 'not applicable')",Other,
ID1067,q18,"('not applicable', 'not applicable')",Other,
ID1067,q19,"('not applicable', 'not applicable')",Other,
ID1067,q20,"('not applicable', 'not applicable')",Other,
ID1067,q21,"('not applicable', 'not applicable')",Other,
ID1067,q22,"('not applicable', 'not applicable')",Other,
ID1070,q2,"('High', 'Low')",High Relevance Labels,"('High', 'Low')"
ID1070,q3,"('Low', 'Low')",Low Relevance Labels,"('Low', 'Low')"
ID1070,q4,"('High', 'Low')",High Relevance Labels,"('High', 'Low')"
ID1070,q5,"('High', 'Low')",High Relevance Labels,"('High', 'Low')"
ID1070,q6,"('High', 'Low')",High Relevance Labels,"('High', 'Low')"
ID1070,q7,"('High', 'Low')",High Relevance Labels,"('High', 'Low')"
ID1070,q8,"('High', 'Low')",High Relevance Labels,"('High', 'Low')"
ID1070,q9,"('Low', 'Low')",Low Relevance Labels,"('Low', 'Low')"
ID1070,q10,"('Low', 'Low')",Low Relevance Labels,"('Low', 'Low')"
ID1070,q11,"('Low', 'Low')",Low Relevance Labels,"('Low', 'Low')"
ID1070,q12,"('Low', 'Low')",Low Relevance Labels,"('Low', 'Low')"
ID1070,q13,"('Low', 'not applicable')",Other,
ID1070,q14,"('not applicable', 'not applicable')",Other,
ID1070,q15,"('not applicable', 'not applicable')",Other,
ID1070,q16,"('not applicable', 'not applicable')",Other,
ID1070,q17,"('not applicable', 'not applicable')",Other,
ID1070,q18,"('not applicable', 'not applicable')",Other,
ID1070,q19,"('not applicable', 'not applicable')",Other,
ID1070,q20,"('not applicable', 'not applicable')",Other,
ID1070,q21,"('not applicable', 'not applicable')",Other,
ID1070,q22,"('not applicable', 'not applicable')",Other,
ID1076,q2,"('High', 'High')",High Relevance Labels,"('High', 'High')"
ID1076,q3,"('High', 'Low')",High Relevance Labels,"('High', 'Low')"
ID1076,q4,"('Low', 'Low')",Low Relevance Labels,"('Low', 'Low')"
ID1076,q5,"('Low', 'Low')",Low Relevance Labels,"('Low', 'Low')"
ID1076,q6,"('Low', 'Low')",Low Relevance Labels,"('Low', 'Low')"
ID1076,q7,"('Irr', 'Low')",Low Relevance Labels,"('Low', 'Irr')"
ID1076,q8,"('High', 'Low')",High Relevance Labels,"('High', 'Low')"
ID1076,q9,"('Irr', 'Low')",Low Relevance Labels,"('Low', 'Irr')"
ID1076,q10,"('Irr', 'Low')",Low Relevance Labels,"('Low', 'Irr')"
ID1076,q11,"('High', 'Irr')",Low Relevance Labels,"('High', 'Irr')"
ID1076,q12,"('High', 'Low')",High Relevance Labels,"('High', 'Low')"
ID1076,q13,"('High', 'High')",High Relevance Labels,"('High', 'High')"
ID1076,q14,"('High', 'High')",High Relevance Labels,"('High', 'High')"
ID1076,q15,"('High', 'High')",High Relevance Labels,"('High', 'High')"
ID1076,q16,"('High', 'Low')",High Relevance Labels,"('High', 'Low')"
ID1076,q17,"('High', 'Low')",High Relevance Labels,"('High', 'Low')"
ID1076,q18,"('High', 'High')",High Relevance Labels,"('High', 'High')"
ID1076,q19,"('not applicable', 'not applicable')",Other,
ID1076,q20,"('not applicable', 'not applicable')",Other,
ID1076,q21,"('not applicable', 'not applicable')",Other,
ID1076,q22,"('not applicable', 'not applicable')",Other,
ID1085,q2,"('High', 'Low')",High Relevance Labels,"('High', 'Low')"
ID1085,q3,"('High', 'High')",High Relevance Labels,"('High', 'High')"
ID1085,q4,"('Irr', 'Low')",Low Relevance Labels,"('Low', 'Irr')"
ID1085,q5,"('Irr', 'Low')",Low Relevance Labels,"('Low', 'Irr')"
ID1085,q6,"('High', 'Low')",High Relevance Labels,"('High', 'Low')"
ID1085,q7,"('High', 'not applicable')",Other,
ID1087,q2,"('High', 'High')",High Relevance Labels,"('High', 'High')"
ID1087,q3,"('High', 'Low')",High Relevance Labels,"('High', 'Low')"
ID1087,q4,"('High', 'Low')",High Relevance Labels,"('High', 'Low')"
ID1087,q5,"('Low', 'Low')",Low Relevance Labels,"('Low', 'Low')"
ID1087,q6,"('High', 'Irr')",Low Relevance Labels,"('High', 'Irr')"
ID1087,q7,"('High', 'Low')",High Relevance Labels,"('High', 'Low')"
ID1087,q8,"('Low', 'Low')",Low Relevance Labels,"('Low', 'Low')"
ID1087,q9,"('Low', 'Low')",Low Relevance Labels,"('Low', 'Low')"
ID1087,q10,"('Low', 'Low')",Low Relevance Labels,"('Low', 'Low')"
ID1087,q11,"('High', 'not applicable')",Other,
ID1087,q12,"('High', 'Low')",High Relevance Labels,"('High', 'Low')"
ID1087,q13,"('Low', 'Low')",Low Relevance Labels,"('Low', 'Low')"
ID1087,q14,"('High', 'High')",High Relevance Labels,"('High', 'High')"
ID1087,q15,"('not applicable', 'not applicable')",Other,
ID1087,q16,"('not applicable', 'not applicable')",Other,
ID1087,q17,"('not applicable', 'not applicable')",Other,
ID1087,q18,"('not applicable', 'not applicable')",Other,
ID1087,q19,"('not applicable', 'not applicable')",Other,
ID1087,q20,"('not applicable', 'not applicable')",Other,
ID1087,q21,"('not applicable', 'not applicable')",Other,
ID1087,q22,"('not applicable', 'not applicable')",Other,
ID1090,q2,"('High', 'High')",High Relevance Labels,"('High', 'High')"
ID1090,q3,"('High', 'High')",High Relevance Labels,"('High', 'High')"
ID1090,q4,"('High', 'High')",High Relevance Labels,"('High', 'High')"
ID1090,q5,"('Low', 'Low')",Low Relevance Labels,"('Low', 'Low')"
ID1090,q6,"('Irr', 'Low')",Low Relevance Labels,"('Low', 'Irr')"
ID1090,q7,"('Low', 'Low')",Low Relevance Labels,"('Low', 'Low')"
ID1090,q8,"('Low', 'not applicable')",Other,
ID1090,q9,"('High', 'High')",High Relevance Labels,"('High', 'High')"
ID1090,q10,"('High', 'High')",High Relevance Labels,"('High', 'High')"
ID1090,q11,"('High', 'High')",High Relevance Labels,"('High', 'High')"
ID1090,q12,"('not applicable', 'not applicable')",Other,
ID1090,q13,"('not applicable', 'not applicable')",Other,
ID1090,q14,"('not applicable', 'not applicable')",Other,
ID1090,q15,"('not applicable', 'not applicable')",Other,
ID1090,q16,"('not applicable', 'not applicable')",Other,
ID1090,q17,"('not applicable', 'not applicable')",Other,
ID1090,q18,"('not applicable', 'not applicable')",Other,
ID1090,q19,"('not applicable', 'not applicable')",Other,
ID1090,q20,"('not applicable', 'not applicable')",Other,
ID1090,q21,"('not applicable', 'not applicable')",Other,
ID1090,q22,"('not applicable', 'not applicable')",Other,
ID1093,q2,"('High', 'Low')",High Relevance Labels,"('High', 'Low')"
ID1093,q3,"('Irr', 'Low')",Low Relevance Labels,"('Low', 'Irr')"
ID1093,q4,"('High', 'High')",High Relevance Labels,"('High', 'High')"
ID1093,q5,"('High', 'High')",High Relevance Labels,"('High', 'High')"
ID1093,q6,"('High', 'High')",High Relevance Labels,"('High', 'High')"
ID1093,q7,"('High', 'Low')",High Relevance Labels,"('High', 'Low')"
ID1093,q8,"('Irr', 'Low')",Low Relevance Labels,"('Low', 'Irr')"
ID1093,q9,"('High', 'Low')",High Relevance Labels,"('High', 'Low')"
ID1093,q10,"('High', 'Irr')",Low Relevance Labels,"('High', 'Irr')"
ID1093,q11,"('not applicable', 'not applicable')",Other,
ID1093,q12,"('not applicable', 'not applicable')",Other,
ID1093,q13,"('not applicable', 'not applicable')",Other,
ID1093,q14,"('not applicable', 'not applicable')",Other,
ID1093,q15,"('not applicable', 'not applicable')",Other,
ID1093,q16,"('not applicable', 'not applicable')",Other,
ID1093,q17,"('not applicable', 'not applicable')",Other,
ID1093,q18,"('not applicable', 'not applicable')",Other,
ID1093,q19,"('not applicable', 'not applicable')",Other,
ID1093,q20,"('not applicable', 'not applicable')",Other,
ID1093,q21,"('not applicable', 'not applicable')",Other,
ID1093,q22,"('not applicable', 'not applicable')",Other,
ID1098,q2,"('High', 'High')",High Relevance Labels,"('High', 'High')"
ID1098,q3,"('High', 'Low')",High Relevance Labels,"('High', 'Low')"
ID1098,q4,"('Low', 'Low')",Low Relevance Labels,"('Low', 'Low')"
ID1098,q5,"('High', 'Low')",High Relevance Labels,"('High', 'Low')"
ID1098,q6,"('High', 'Low')",High Relevance Labels,"('High', 'Low')"
ID1098,q7,"('Low', 'Low')",Low Relevance Labels,"('Low', 'Low')"
ID1098,q8,"('High', 'Low')",High Relevance Labels,"('High', 'Low')"
ID1098,q9,"('High', 'High')",High Relevance Labels,"('High', 'High')"
ID1098,q10,"('High', 'Low')",High Relevance Labels,"('High', 'Low')"
ID1098,q11,"('High', 'Low')",High Relevance Labels,"('High', 'Low')"
ID1098,q12,"('High', 'Low')",High Relevance Labels,"('High', 'Low')"
ID1098,q13,"('Low', 'Low')",Low Relevance Labels,"('Low', 'Low')"
ID1098,q14,"('High', 'Low')",High Relevance Labels,"('High', 'Low')"
ID1098,q15,"('High', 'Low')",High Relevance Labels,"('High', 'Low')"
ID1098,q16,"('Low', 'not applicable')",Other,
ID1098,q17,"('not applicable', 'not applicable')",Other,
ID1098,q18,"('not applicable', 'not applicable')",Other,
ID1098,q19,"('not applicable', 'not applicable')",Other,
ID1098,q20,"('not applicable', 'not applicable')",Other,
ID1098,q21,"('not applicable', 'not applicable')",Other,
ID1098,q22,"('not applicable', 'not applicable')",Other,
ID1099,q2,"('High', 'High')",High Relevance Labels,"('High', 'High')"
ID1099,q3,"('High', 'Low')",High Relevance Labels,"('High', 'Low')"
ID1099,q4,"('High', 'Low')",High Relevance Labels,"('High', 'Low')"
ID1099,q5,"('Low', 'Low')",Low Relevance Labels,"('Low', 'Low')"
ID1099,q6,"('Low', 'Low')",Low Relevance Labels,"('Low', 'Low')"
ID1099,q7,"('Low', 'Low')",Low Relevance Labels,"('Low', 'Low')"
ID1099,q8,"('High', 'High')",High Relevance Labels,"('High', 'High')"
ID1099,q9,"('High', 'Low')",High Relevance Labels,"('High', 'Low')"
ID1099,q10,"('High', 'Low')",High Relevance Labels,"('High', 'Low')"
ID1099,q11,"('High', 'Low')",High Relevance Labels,"('High', 'Low')"
ID1099,q12,"('High', 'High')",High Relevance Labels,"('High', 'High')"
ID1099,q13,"('Irr', 'Low')",Low Relevance Labels,"('Low', 'Irr')"
ID1099,q14,"('not applicable', 'not applicable')",Other,
ID1099,q15,"('not applicable', 'not applicable')",Other,
ID1099,q16,"('not applicable', 'not applicable')",Other,
ID1099,q17,"('not applicable', 'not applicable')",Other,
ID1099,q18,"('not applicable', 'not applicable')",Other,
ID1099,q19,"('not applicable', 'not applicable')",Other,
ID1099,q20,"('not applicable', 'not applicable')",Other,
ID1099,q21,"('not applicable', 'not applicable')",Other,
ID1099,q22,"('not applicable', 'not applicable')",Other,
ID1110,q2,"('High', 'High')",High Relevance Labels,"('High', 'High')"
ID1110,q3,"('High', 'High')",High Relevance Labels,"('High', 'High')"
ID1110,q4,"('High', 'High')",High Relevance Labels,"('High', 'High')"
ID1110,q5,"('Low', 'Low')",Low Relevance Labels,"('Low', 'Low')"
ID1110,q6,"('High', 'High')",High Relevance Labels,"('High', 'High')"
ID1110,q7,"('Low', 'Low')",Low Relevance Labels,"('Low', 'Low')"
ID1116,q2,"('High', 'High')",High Relevance Labels,"('High', 'High')"
ID1116,q3,"('High', 'Low')",High Relevance Labels,"('High', 'Low')"
ID1116,q4,"('Irr', 'Low')",Low Relevance Labels,"('Low', 'Irr')"
ID1116,q5,"('High', 'High')",High Relevance Labels,"('High', 'High')"
ID1116,q6,"('Low', 'Low')",Low Relevance Labels,"('Low', 'Low')"
ID1116,q7,"('Low', 'Low')",Low Relevance Labels,"('Low', 'Low')"
ID1116,q8,"('Low', 'Low')",Low Relevance Labels,"('Low', 'Low')"
ID1116,q9,"('Low', 'Low')",Low Relevance Labels,"('Low', 'Low')"
ID1116,q10,"('Irr', 'Low')",Low Relevance Labels,"('Low', 'Irr')"
ID1116,q11,"('Low', 'Low')",Low Relevance Labels,"('Low', 'Low')"
ID1116,q12,"('High', 'Low')",High Relevance Labels,"('High', 'Low')"
ID1116,q13,"('not applicable', 'not applicable')",Other,
ID1116,q14,"('not applicable', 'not applicable')",Other,
ID1116,q15,"('not applicable', 'not applicable')",Other,
ID1116,q16,"('not applicable', 'not applicable')",Other,
ID1116,q17,"('not applicable', 'not applicable')",Other,
ID1116,q18,"('not applicable', 'not applicable')",Other,
ID1116,q19,"('not applicable', 'not applicable')",Other,
ID1116,q20,"('not applicable', 'not applicable')",Other,
ID1116,q21,"('not applicable', 'not applicable')",Other,
ID1116,q22,"('not applicable', 'not applicable')",Other,
ID1121,q2,"('High', 'High')",High Relevance Labels,"('High', 'High')"
ID1121,q3,"('High', 'High')",High Relevance Labels,"('High', 'High')"
ID1121,q4,"('Low', 'Low')",Low Relevance Labels,"('Low', 'Low')"
ID1121,q5,"('Low', 'Low')",Low Relevance Labels,"('Low', 'Low')"
ID1121,q6,"('High', 'Low')",High Relevance Labels,"('High', 'Low')"
ID1121,q7,"('High', 'Low')",High Relevance Labels,"('High', 'Low')"
ID1121,q8,"('Low', 'Low')",Low Relevance Labels,"('Low', 'Low')"
ID1121,q9,"('Low', 'Low')",Low Relevance Labels,"('Low', 'Low')"
ID1121,q10,"('High', 'High')",High Relevance Labels,"('High', 'High')"
ID1121,q11,"('Low', 'Low')",Low Relevance Labels,"('Low', 'Low')"
ID1121,q12,"('Irr', 'Low')",Low Relevance Labels,"('Low', 'Irr')"
ID1121,q13,"('High', 'Low')",High Relevance Labels,"('High', 'Low')"
ID1121,q14,"('High', 'Low')",High Relevance Labels,"('High', 'Low')"
ID1121,q15,"('Low', 'Low')",Low Relevance Labels,"('Low', 'Low')"
ID1121,q16,"('not applicable', 'not applicable')",Other,
ID1121,q17,"('not applicable', 'not applicable')",Other,
ID1121,q18,"('not applicable', 'not applicable')",Other,
ID1121,q19,"('not applicable', 'not applicable')",Other,
ID1121,q20,"('not applicable', 'not applicable')",Other,
ID1121,q21,"('not applicable', 'not applicable')",Other,
ID1121,q22,"('not applicable', 'not applicable')",Other,
ID1125,q2,"('High', 'Low')",High Relevance Labels,"('High', 'Low')"
ID1125,q3,"('Low', 'Low')",Low Relevance Labels,"('Low', 'Low')"
ID1125,q4,"('Low', 'Low')",Low Relevance Labels,"('Low', 'Low')"
ID1125,q5,"('Irr', 'Low')",Low Relevance Labels,"('Low', 'Irr')"
ID1125,q6,"('Low', 'Low')",Low Relevance Labels,"('Low', 'Low')"
ID1125,q7,"('High', 'High')",High Relevance Labels,"('High', 'High')"
ID1129,q2,"('High', 'Low')",High Relevance Labels,"('High', 'Low')"
ID1129,q3,"('High', 'High')",High Relevance Labels,"('High', 'High')"
ID1129,q4,"('Low', 'Low')",Low Relevance Labels,"('Low', 'Low')"
ID1129,q5,"('Irr', 'Low')",Low Relevance Labels,"('Low', 'Irr')"
ID1129,q6,"('Low', 'Low')",Low Relevance Labels,"('Low', 'Low')"
ID1129,q7,"('Low', 'Low')",Low Relevance Labels,"('Low', 'Low')"
ID1129,q8,"('Low', 'Low')",Low Relevance Labels,"('Low', 'Low')"
ID1129,q9,"('High', 'High')",High Relevance Labels,"('High', 'High')"
ID1129,q10,"('High', 'High')",High Relevance Labels,"('High', 'High')"
ID1129,q11,"('Low', 'Low')",Low Relevance Labels,"('Low', 'Low')"
ID1129,q12,"('not applicable', 'not applicable')",Other,
ID1129,q13,"('not applicable', 'not applicable')",Other,
ID1129,q14,"('not applicable', 'not applicable')",Other,
ID1129,q15,"('not applicable', 'not applicable')",Other,
ID1129,q16,"('not applicable', 'not applicable')",Other,
ID1129,q17,"('not applicable', 'not applicable')",Other,
ID1129,q18,"('not applicable', 'not applicable')",Other,
ID1129,q19,"('not applicable', 'not applicable')",Other,
ID1129,q20,"('not applicable', 'not applicable')",Other,
ID1129,q21,"('not applicable', 'not applicable')",Other,
ID1129,q22,"('not applicable', 'not applicable')",Other,
ID1132,q2,"('High', 'High')",High Relevance Labels,"('High', 'High')"
ID1132,q3,"('High', 'High')",High Relevance Labels,"('High', 'High')"
ID1132,q4,"('High', 'Low')",High Relevance Labels,"('High', 'Low')"
ID1132,q5,"('High', 'Irr')",Low Relevance Labels,"('High', 'Irr')"
ID1132,q6,"('High', 'Low')",High Relevance Labels,"('High', 'Low')"
ID1132,q7,"('High', 'Low')",High Relevance Labels,"('High', 'Low')"
ID1132,q8,"('High', 'Low')",High Relevance Labels,"('High', 'Low')"
ID1132,q9,"('High', 'High')",High Relevance Labels,"('High', 'High')"
ID1132,q10,"('High', 'High')",High Relevance Labels,"('High', 'High')"
ID1132,q11,"('High', 'High')",High Relevance Labels,"('High', 'High')"
ID1132,q12,"('High', 'High')",High Relevance Labels,"('High', 'High')"
ID1132,q13,"('Low', 'Low')",Low Relevance Labels,"('Low', 'Low')"
ID1132,q14,"('High', 'High')",High Relevance Labels,"('High', 'High')"
ID1132,q15,"('High', 'High')",High Relevance Labels,"('High', 'High')"
ID1132,q16,"('Low', 'Low')",Low Relevance Labels,"('Low', 'Low')"
ID1132,q17,"('High', 'High')",High Relevance Labels,"('High', 'High')"
ID1132,q18,"('High', 'Low')",High Relevance Labels,"('High', 'Low')"
ID1132,q19,"('not applicable', 'not applicable')",Other,
ID1132,q20,"('not applicable', 'not applicable')",Other,
ID1132,q21,"('not applicable', 'not applicable')",Other,
ID1132,q22,"('not applicable', 'not applicable')",Other,
ID1137,q2,"('High', 'High')",High Relevance Labels,"('High', 'High')"
ID1137,q3,"('High', 'Low')",High Relevance Labels,"('High', 'Low')"
ID1137,q4,"('High', 'High')",High Relevance Labels,"('High', 'High')"
ID1137,q5,"('High', 'Low')",High Relevance Labels,"('High', 'Low')"
ID1137,q6,"('Low', 'Low')",Low Relevance Labels,"('Low', 'Low')"
ID1137,q7,"('High', 'Low')",High Relevance Labels,"('High', 'Low')"
ID1137,q8,"('Low', 'Low')",Low Relevance Labels,"('Low', 'Low')"
ID1137,q9,"('Low', 'Low')",Low Relevance Labels,"('Low', 'Low')"
ID1137,q10,"('Low', 'Low')",Low Relevance Labels,"('Low', 'Low')"
ID1142,q2,"('High', 'High')",High Relevance Labels,"('High', 'High')"
ID1142,q3,"('Low', 'Low')",Low Relevance Labels,"('Low', 'Low')"
ID1142,q4,"('High', 'Low')",High Relevance Labels,"('High', 'Low')"
ID1142,q5,"('High', 'Low')",High Relevance Labels,"('High', 'Low')"
ID1142,q6,"('Low', 'Low')",Low Relevance Labels,"('Low', 'Low')"
ID1142,q7,"('Low', 'Low')",Low Relevance Labels,"('Low', 'Low')"
ID1142,q8,"('Low', 'Low')",Low Relevance Labels,"('Low', 'Low')"
ID1142,q9,"('High', 'High')",High Relevance Labels,"('High', 'High')"
ID1142,q10,"('High', 'Low')",High Relevance Labels,"('High', 'Low')"
ID1142,q11,"('High', 'High')",High Relevance Labels,"('High', 'High')"
ID1142,q12,"('not applicable', 'not applicable')",Other,
ID1142,q13,"('not applicable', 'not applicable')",Other,
ID1142,q14,"('not applicable', 'not applicable')",Other,
ID1142,q15,"('not applicable', 'not applicable')",Other,
ID1142,q16,"('not applicable', 'not applicable')",Other,
ID1142,q17,"('not applicable', 'not applicable')",Other,
ID1142,q18,"('not applicable', 'not applicable')",Other,
ID1142,q19,"('not applicable', 'not applicable')",Other,
ID1142,q20,"('not applicable', 'not applicable')",Other,
ID1142,q21,"('not applicable', 'not applicable')",Other,
ID1142,q22,"('not applicable', 'not applicable')",Other,
ID1146,q2,"('High', 'High')",High Relevance Labels,"('High', 'High')"
ID1146,q3,"('Low', 'Low')",Low Relevance Labels,"('Low', 'Low')"
ID1146,q4,"('High', 'Low')",High Relevance Labels,"('High', 'Low')"
ID1146,q5,"('High', 'High')",High Relevance Labels,"('High', 'High')"
ID1146,q6,"('High', 'High')",High Relevance Labels,"('High', 'High')"
ID1146,q7,"('High', 'High')",High Relevance Labels,"('High', 'High')"
ID1146,q8,"('not applicable', 'not applicable')",Other,
ID1147,q2,"('High', 'High')",High Relevance Labels,"('High', 'High')"
ID1147,q3,"('High', 'Low')",High Relevance Labels,"('High', 'Low')"
ID1147,q4,"('Low', 'Low')",Low Relevance Labels,"('Low', 'Low')"
ID1147,q5,"('High', 'Irr')",Low Relevance Labels,"('High', 'Irr')"
ID1147,q6,"('Irr', 'Low')",Low Relevance Labels,"('Low', 'Irr')"
ID1147,q7,"('High', 'High')",High Relevance Labels,"('High', 'High')"
ID1147,q8,"('not applicable', 'not applicable')",Other,
ID1147,q9,"('not applicable', 'not applicable')",Other,
ID1147,q10,"('not applicable', 'not applicable')",Other,
ID1147,q11,"('not applicable', 'not applicable')",Other,
ID1147,q12,"('not applicable', 'not applicable')",Other,
ID1147,q13,"('not applicable', 'not applicable')",Other,
ID1147,q14,"('not applicable', 'not applicable')",Other,
ID1147,q15,"('not applicable', 'not applicable')",Other,
ID1147,q16,"('not applicable', 'not applicable')",Other,
ID1147,q17,"('not applicable', 'not applicable')",Other,
ID1147,q18,"('not applicable', 'not applicable')",Other,
ID1147,q19,"('not applicable', 'not applicable')",Other,
ID1147,q20,"('not applicable', 'not applicable')",Other,
ID1147,q21,"('not applicable', 'not applicable')",Other,
ID1147,q22,"('not applicable', 'not applicable')",Other,
ID1148,q2,"('High', 'Low')",High Relevance Labels,"('High', 'Low')"
ID1148,q3,"('High', 'Low')",High Relevance Labels,"('High', 'Low')"
ID1148,q4,"('High', 'Low')",High Relevance Labels,"('High', 'Low')"
ID1148,q5,"('Low', 'Low')",Low Relevance Labels,"('Low', 'Low')"
ID1148,q6,"('Irr', 'Low')",Low Relevance Labels,"('Low', 'Irr')"
ID1148,q7,"('High', 'High')",High Relevance Labels,"('High', 'High')"
ID1148,q8,"('High', 'Low')",High Relevance Labels,"('High', 'Low')"
ID1148,q9,"('High', 'High')",High Relevance Labels,"('High', 'High')"
ID1148,q10,"('Irr', 'Low')",Low Relevance Labels,"('Low', 'Irr')"
ID1148,q11,"('Irr', 'Low')",Low Relevance Labels,"('Low', 'Irr')"
ID1148,q12,"('High', 'High')",High Relevance Labels,"('High', 'High')"
ID1148,q13,"('High', 'Low')",High Relevance Labels,"('High', 'Low')"
ID1148,q14,"('High', 'Low')",High Relevance Labels,"('High', 'Low')"
ID1148,q15,"('High', 'Low')",High Relevance Labels,"('High', 'Low')"
ID1148,q16,"('High', 'High')",High Relevance Labels,"('High', 'High')"
ID1148,q17,"('High', 'Low')",High Relevance Labels,"('High', 'Low')"
ID1148,q18,"('High', 'Low')",High Relevance Labels,"('High', 'Low')"
ID1148,q19,"('Irr', 'Low')",Low Relevance Labels,"('Low', 'Irr')"
ID1148,q20,"('not applicable', 'not applicable')",Other,
ID1148,q21,"('not applicable', 'not applicable')",Other,
ID1148,q22,"('not applicable', 'not applicable')",Other,
ID1149,q2,"('High', 'High')",High Relevance Labels,"('High', 'High')"
ID1149,q3,"('Low', 'Low')",Low Relevance Labels,"('Low', 'Low')"
ID1149,q4,"('High', 'Low')",High Relevance Labels,"('High', 'Low')"
ID1149,q5,"('High', 'Low')",High Relevance Labels,"('High', 'Low')"
ID1149,q6,"('Low', 'Low')",Low Relevance Labels,"('Low', 'Low')"
ID1149,q7,"('Low', 'Low')",Low Relevance Labels,"('Low', 'Low')"
ID1149,q8,"('High', 'Low')",High Relevance Labels,"('High', 'Low')"
ID1149,q9,"('High', 'High')",High Relevance Labels,"('High', 'High')"
ID1149,q10,"('High', 'High')",High Relevance Labels,"('High', 'High')"
ID1149,q11,"('not applicable', 'not applicable')",Other,
ID1149,q12,"('not applicable', 'not applicable')",Other,
ID1149,q13,"('not applicable', 'not applicable')",Other,
ID1149,q14,"('not applicable', 'not applicable')",Other,
ID1149,q15,"('not applicable', 'not applicable')",Other,
ID1149,q16,"('not applicable', 'not applicable')",Other,
ID1149,q17,"('not applicable', 'not applicable')",Other,
ID1149,q18,"('not applicable', 'not applicable')",Other,
ID1149,q19,"('not applicable', 'not applicable')",Other,
ID1149,q20,"('not applicable', 'not applicable')",Other,
ID1149,q21,"('not applicable', 'not applicable')",Other,
ID1149,q22,"('not applicable', 'not applicable')",Other,
ID1152,q2,"('High', 'High')",High Relevance Labels,"('High', 'High')"
ID1152,q3,"('High', 'High')",High Relevance Labels,"('High', 'High')"
ID1152,q4,"('Irr', 'Low')",Low Relevance Labels,"('Low', 'Irr')"
ID1152,q5,"('High', 'Low')",High Relevance Labels,"('High', 'Low')"
ID1152,q6,"('High', 'High')",High Relevance Labels,"('High', 'High')"
ID1152,q7,"('not applicable', 'not applicable')",Other,
ID1152,q8,"('not applicable', 'not applicable')",Other,
ID1152,q9,"('not applicable', 'not applicable')",Other,
ID1152,q10,"('not applicable', 'not applicable')",Other,
ID1152,q11,"('not applicable', 'not applicable')",Other,
ID1152,q12,"('not applicable', 'not applicable')",Other,
ID1152,q13,"('not applicable', 'not applicable')",Other,
ID1152,q14,"('not applicable', 'not applicable')",Other,
ID1152,q15,"('not applicable', 'not applicable')",Other,
ID1152,q16,"('not applicable', 'not applicable')",Other,
ID1152,q17,"('not applicable', 'not applicable')",Other,
ID1152,q18,"('not applicable', 'not applicable')",Other,
ID1152,q19,"('not applicable', 'not applicable')",Other,
ID1152,q20,"('not applicable', 'not applicable')",Other,
ID1152,q21,"('not applicable', 'not applicable')",Other,
ID1152,q22,"('not applicable', 'not applicable')",Other,
ID1153,q2,"('Irr', 'Low')",Low Relevance Labels,"('Low', 'Irr')"
ID1153,q3,"('High', 'High')",High Relevance Labels,"('High', 'High')"
ID1153,q4,"('High', 'Low')",High Relevance Labels,"('High', 'Low')"
ID1153,q5,"('High', 'Irr')",Low Relevance Labels,"('High', 'Irr')"
ID1153,q6,"('Irr', 'Low')",Low Relevance Labels,"('Low', 'Irr')"
ID1153,q7,"('High', 'High')",High Relevance Labels,"('High', 'High')"
ID1153,q8,"('High', 'High')",High Relevance Labels,"('High', 'High')"
ID1153,q9,"('Irr', 'Low')",Low Relevance Labels,"('Low', 'Irr')"
ID1153,q10,"('Low', 'not applicable')",Other,
ID1153,q11,"('not applicable', 'not applicable')",Other,
ID1153,q12,"('not applicable', 'not applicable')",Other,
ID1153,q13,"('not applicable', 'not applicable')",Other,
ID1153,q14,"('not applicable', 'not applicable')",Other,
ID1153,q15,"('not applicable', 'not applicable')",Other,
ID1153,q16,"('not applicable', 'not applicable')",Other,
ID1153,q17,"('not applicable', 'not applicable')",Other,
ID1153,q18,"('not applicable', 'not applicable')",Other,
ID1153,q19,"('not applicable', 'not applicable')",Other,
ID1153,q20,"('not applicable', 'not applicable')",Other,
ID1153,q21,"('not applicable', 'not applicable')",Other,
ID1153,q22,"('not applicable', 'not applicable')",Other,
ID1167,q2,"('High', 'High')",High Relevance Labels,"('High', 'High')"
ID1167,q3,"('Low', 'Low')",Low Relevance Labels,"('Low', 'Low')"
ID1167,q4,"('Low', 'Low')",Low Relevance Labels,"('Low', 'Low')"
ID1167,q5,"('High', 'Irr')",Low Relevance Labels,"('High', 'Irr')"
ID1167,q6,"('Low', 'Low')",Low Relevance Labels,"('Low', 'Low')"
ID1167,q7,"('Low', 'Low')",Low Relevance Labels,"('Low', 'Low')"
ID1167,q8,"('High', 'Low')",High Relevance Labels,"('High', 'Low')"
ID1167,q9,"('High', 'High')",High Relevance Labels,"('High', 'High')"
ID1167,q10,"('Low', 'Low')",Low Relevance Labels,"('Low', 'Low')"
ID1167,q11,"('Low', 'Low')",Low Relevance Labels,"('Low', 'Low')"
ID1167,q12,"('Low', 'Low')",Low Relevance Labels,"('Low', 'Low')"
ID1167,q13,"('High', 'Low')",High Relevance Labels,"('High', 'Low')"
ID1167,q14,"('High', 'High')",High Relevance Labels,"('High', 'High')"
ID1167,q15,"('Low', 'Low')",Low Relevance Labels,"('Low', 'Low')"
ID1167,q16,"('High', 'Irr')",Low Relevance Labels,"('High', 'Irr')"
ID1167,q17,"('not applicable', 'not applicable')",Other,
ID1167,q18,"('not applicable', 'not applicable')",Other,
ID1167,q19,"('not applicable', 'not applicable')",Other,
ID1167,q20,"('not applicable', 'not applicable')",Other,
ID1167,q21,"('not applicable', 'not applicable')",Other,
ID1167,q22,"('not applicable', 'not applicable')",Other,
ID1171,q2,"('High', 'High')",High Relevance Labels,"('High', 'High')"
ID1171,q3,"('High', 'High')",High Relevance Labels,"('High', 'High')"
ID1171,q4,"('Irr', 'Low')",Low Relevance Labels,"('Low', 'Irr')"
ID1171,q5,"('High', 'High')",High Relevance Labels,"('High', 'High')"
ID1171,q6,"('Low', 'Low')",Low Relevance Labels,"('Low', 'Low')"
ID1171,q7,"('High', 'High')",High Relevance Labels,"('High', 'High')"
ID1171,q8,"('High', 'High')",High Relevance Labels,"('High', 'High')"
ID1171,q9,"('High', 'High')",High Relevance Labels,"('High', 'High')"
ID1171,q10,"('High', 'High')",High Relevance Labels,"('High', 'High')"
ID1171,q11,"('not applicable', 'not applicable')",Other,
ID1171,q12,"('not applicable', 'not applicable')",Other,
ID1171,q13,"('not applicable', 'not applicable')",Other,
ID1171,q14,"('not applicable', 'not applicable')",Other,
ID1171,q15,"('not applicable', 'not applicable')",Other,
ID1171,q16,"('not applicable', 'not applicable')",Other,
ID1171,q17,"('not applicable', 'not applicable')",Other,
ID1171,q18,"('not applicable', 'not applicable')",Other,
ID1171,q19,"('not applicable', 'not applicable')",Other,
ID1171,q20,"('not applicable', 'not applicable')",Other,
ID1171,q21,"('not applicable', 'not applicable')",Other,
ID1171,q22,"('not applicable', 'not applicable')",Other,
ID1175,q2,"('High', 'not applicable')",Other,
ID1175,q3,"('High', 'not applicable')",Other,
ID1175,q4,"('High', 'not applicable')",Other,
ID1175,q5,"('Low', 'not applicable')",Other,
ID1175,q6,"('Low', 'not applicable')",Other,
ID1175,q7,"('High', 'not applicable')",Other,
ID1175,q8,"('High', 'not applicable')",Other,
ID1175,q9,"('High', 'not applicable')",Other,
ID1175,q10,"('not applicable', 'not applicable')",Other,
ID1175,q11,"('not applicable', 'not applicable')",Other,
ID1175,q12,"('not applicable', 'not applicable')",Other,
ID1175,q13,"('not applicable', 'not applicable')",Other,
ID1175,q14,"('not applicable', 'not applicable')",Other,
ID1175,q15,"('not applicable', 'not applicable')",Other,
ID1175,q16,"('not applicable', 'not applicable')",Other,
ID1175,q17,"('not applicable', 'not applicable')",Other,
ID1175,q18,"('not applicable', 'not applicable')",Other,
ID1175,q19,"('not applicable', 'not applicable')",Other,
ID1175,q20,"('not applicable', 'not applicable')",Other,
ID1175,q21,"('not applicable', 'not applicable')",Other,
ID1175,q22,"('not applicable', 'not applicable')",Other,
ID1184,q2,"('High', 'High')",High Relevance Labels,"('High', 'High')"
ID1184,q3,"('Low', 'Low')",Low Relevance Labels,"('Low', 'Low')"
ID1184,q4,"('High', 'Low')",High Relevance Labels,"('High', 'Low')"
ID1184,q5,"('High', 'High')",High Relevance Labels,"('High', 'High')"
ID1184,q6,"('Low', 'Low')",Low Relevance Labels,"('Low', 'Low')"
ID1184,q7,"('High', 'High')",High Relevance Labels,"('High', 'High')"
ID1184,q8,"('Low', 'Low')",Low Relevance Labels,"('Low', 'Low')"
ID1184,q9,"('High', 'Low')",High Relevance Labels,"('High', 'Low')"
ID1184,q10,"('Low', 'Low')",Low Relevance Labels,"('Low', 'Low')"
ID1184,q11,"('not applicable', 'not applicable')",Other,
ID1184,q12,"('not applicable', 'not applicable')",Other,
ID1184,q13,"('not applicable', 'not applicable')",Other,
ID1184,q14,"('not applicable', 'not applicable')",Other,
ID1184,q15,"('not applicable', 'not applicable')",Other,
ID1184,q16,"('not applicable', 'not applicable')",Other,
ID1184,q17,"('not applicable', 'not applicable')",Other,
ID1184,q18,"('not applicable', 'not applicable')",Other,
ID1184,q19,"('not applicable', 'not applicable')",Other,
ID1184,q20,"('not applicable', 'not applicable')",Other,
ID1184,q21,"('not applicable', 'not applicable')",Other,
ID1184,q22,"('not applicable', 'not applicable')",Other,
ID1193,q2,"('High', 'High')",High Relevance Labels,"('High', 'High')"
ID1193,q3,"('Low', 'Low')",Low Relevance Labels,"('Low', 'Low')"
ID1193,q4,"('High', 'High')",High Relevance Labels,"('High', 'High')"
ID1193,q5,"('High', 'Irr')",Low Relevance Labels,"('High', 'Irr')"
ID1197,q2,"('High', 'Low')",High Relevance Labels,"('High', 'Low')"
ID1197,q3,"('High', 'Low')",High Relevance Labels,"('High', 'Low')"
ID1197,q4,"('Low', 'Low')",Low Relevance Labels,"('Low', 'Low')"
ID1197,q5,"('High', 'Low')",High Relevance Labels,"('High', 'Low')"
ID1197,q6,"('High', 'High')",High Relevance Labels,"('High', 'High')"
ID1197,q7,"('High', 'High')",High Relevance Labels,"('High', 'High')"
ID1206,q2,"('High', 'High')",High Relevance Labels,"('High', 'High')"
ID1206,q3,"('High', 'Low')",High Relevance Labels,"('High', 'Low')"
ID1206,q4,"('Low', 'Low')",Low Relevance Labels,"('Low', 'Low')"
ID1206,q5,"('High', 'High')",High Relevance Labels,"('High', 'High')"
ID1206,q6,"('Low', 'Low')",Low Relevance Labels,"('Low', 'Low')"
ID1206,q7,"('Low', 'Low')",Low Relevance Labels,"('Low', 'Low')"
ID1206,q8,"('Low', 'Low')",Low Relevance Labels,"('Low', 'Low')"
ID1206,q9,"('High', 'Irr')",Low Relevance Labels,"('High', 'Irr')"
ID1206,q10,"('Irr', 'Low')",Low Relevance Labels,"('Low', 'Irr')"
ID1206,q11,"('Irr', 'Irr')",Irrelevant Labels,"('Irr', 'Irr')"
ID1206,q12,"('Low', 'Low')",Low Relevance Labels,"('Low', 'Low')"
ID1206,q13,"('High', 'Low')",High Relevance Labels,"('High', 'Low')"
ID1206,q14,"('Low', 'Low')",Low Relevance Labels,"('Low', 'Low')"
ID1206,q15,"('Low', 'Low')",Low Relevance Labels,"('Low', 'Low')"
ID1206,q16,"('not applicable', 'not applicable')",Other,
ID1206,q17,"('not applicable', 'not applicable')",Other,
ID1206,q18,"('not applicable', 'not applicable')",Other,
ID1206,q19,"('not applicable', 'not applicable')",Other,
ID1206,q20,"('not applicable', 'not applicable')",Other,
ID1206,q21,"('not applicable', 'not applicable')",Other,
ID1206,q22,"('not applicable', 'not applicable')",Other,
ID1209,q2,"('High', 'Low')",High Relevance Labels,"('High', 'Low')"
ID1209,q3,"('High', 'High')",High Relevance Labels,"('High', 'High')"
ID1209,q4,"('High', 'High')",High Relevance Labels,"('High', 'High')"
ID1209,q5,"('Irr', 'Low')",Low Relevance Labels,"('Low', 'Irr')"
ID1209,q6,"('not applicable', 'not applicable')",Other,
ID1209,q7,"('not applicable', 'not applicable')",Other,
ID1209,q8,"('not applicable', 'not applicable')",Other,
ID1209,q9,"('not applicable', 'not applicable')",Other,
ID1209,q10,"('not applicable', 'not applicable')",Other,
ID1209,q11,"('not applicable', 'not applicable')",Other,
ID1209,q12,"('not applicable', 'not applicable')",Other,
ID1209,q13,"('not applicable', 'not applicable')",Other,
ID1209,q14,"('not applicable', 'not applicable')",Other,
ID1209,q15,"('not applicable', 'not applicable')",Other,
ID1209,q16,"('not applicable', 'not applicable')",Other,
ID1209,q17,"('not applicable', 'not applicable')",Other,
ID1209,q18,"('not applicable', 'not applicable')",Other,
ID1209,q19,"('not applicable', 'not applicable')",Other,
ID1209,q20,"('not applicable', 'not applicable')",Other,
ID1209,q21,"('not applicable', 'not applicable')",Other,
ID1209,q22,"('not applicable', 'not applicable')",Other,
ID1215,q2,"('High', 'High')",High Relevance Labels,"('High', 'High')"
ID1215,q3,"('High', 'High')",High Relevance Labels,"('High', 'High')"
ID1215,q4,"('High', 'Low')",High Relevance Labels,"('High', 'Low')"
ID1215,q5,"('Low', 'Low')",Low Relevance Labels,"('Low', 'Low')"
ID1215,q6,"('High', 'Low')",High Relevance Labels,"('High', 'Low')"
ID1215,q7,"('High', 'High')",High Relevance Labels,"('High', 'High')"
ID1215,q8,"('High', 'Low')",High Relevance Labels,"('High', 'Low')"
ID1215,q9,"('Low', 'Low')",Low Relevance Labels,"('Low', 'Low')"
ID1215,q10,"('High', 'Low')",High Relevance Labels,"('High', 'Low')"
ID1215,q11,"('High', 'Low')",High Relevance Labels,"('High', 'Low')"
ID1215,q12,"('High', 'High')",High Relevance Labels,"('High', 'High')"
ID1215,q13,"('High', 'High')",High Relevance Labels,"('High', 'High')"
ID1215,q14,"('not applicable', 'not applicable')",Other,
ID1215,q15,"('not applicable', 'not applicable')",Other,
ID1215,q16,"('not applicable', 'not applicable')",Other,
ID1215,q17,"('not applicable', 'not applicable')",Other,
ID1215,q18,"('not applicable', 'not applicable')",Other,
ID1215,q19,"('not applicable', 'not applicable')",Other,
ID1215,q20,"('not applicable', 'not applicable')",Other,
ID1215,q21,"('not applicable', 'not applicable')",Other,
ID1215,q22,"('not applicable', 'not applicable')",Other,
ID1216,q2,"('High', 'Irr')",Low Relevance Labels,"('High', 'Irr')"
ID1216,q3,"('Irr', 'Low')",Low Relevance Labels,"('Low', 'Irr')"
ID1216,q4,"('Low', 'Low')",Low Relevance Labels,"('Low', 'Low')"
ID1216,q5,"('Irr', 'Low')",Low Relevance Labels,"('Low', 'Irr')"
ID1216,q6,"('Low', 'Low')",Low Relevance Labels,"('Low', 'Low')"
ID1216,q7,"('High', 'Low')",High Relevance Labels,"('High', 'Low')"
ID1216,q8,"('High', 'Low')",High Relevance Labels,"('High', 'Low')"
ID1216,q9,"('High', 'Low')",High Relevance Labels,"('High', 'Low')"
ID1217,q2,"('High', 'High')",High Relevance Labels,"('High', 'High')"
ID1217,q3,"('Low', 'Low')",Low Relevance Labels,"('Low', 'Low')"
ID1217,q4,"('High', 'High')",High Relevance Labels,"('High', 'High')"
ID1217,q5,"('Low', 'Low')",Low Relevance Labels,"('Low', 'Low')"
ID1217,q6,"('High', 'not applicable')",Other,
ID1217,q7,"('High', 'not applicable')",Other,
ID1217,q8,"('Low', 'not applicable')",Other,
ID1217,q9,"('High', 'High')",High Relevance Labels,"('High', 'High')"
ID1217,q10,"('High', 'High')",High Relevance Labels,"('High', 'High')"
ID1217,q11,"('High', 'not applicable')",Other,
ID1217,q12,"('not applicable', 'not applicable')",Other,
ID1217,q13,"('not applicable', 'not applicable')",Other,
ID1217,q14,"('not applicable', 'not applicable')",Other,
ID1217,q15,"('not applicable', 'not applicable')",Other,
ID1217,q16,"('not applicable', 'not applicable')",Other,
ID1217,q17,"('not applicable', 'not applicable')",Other,
ID1217,q18,"('not applicable', 'not applicable')",Other,
ID1217,q19,"('not applicable', 'not applicable')",Other,
ID1217,q20,"('not applicable', 'not applicable')",Other,
ID1217,q21,"('not applicable', 'not applicable')",Other,
ID1217,q22,"('not applicable', 'not applicable')",Other,
ID1224,q2,"('High', 'Low')",High Relevance Labels,"('High', 'Low')"
ID1224,q3,"('Irr', 'Low')",Low Relevance Labels,"('Low', 'Irr')"
ID1224,q4,"('High', 'High')",High Relevance Labels,"('High', 'High')"
ID1224,q5,"('Irr', 'Low')",Low Relevance Labels,"('Low', 'Irr')"
ID1224,q6,"('Low', 'Low')",Low Relevance Labels,"('Low', 'Low')"
ID1224,q7,"('High', 'Low')",High Relevance Labels,"('High', 'Low')"
ID1224,q8,"('High', 'Low')",High Relevance Labels,"('High', 'Low')"
ID1224,q9,"('High', 'Low')",High Relevance Labels,"('High', 'Low')"
ID1224,q10,"('High', 'High')",High Relevance Labels,"('High', 'High')"
ID1224,q11,"('High', 'Low')",High Relevance Labels,"('High', 'Low')"
ID1224,q12,"('High', 'High')",High Relevance Labels,"('High', 'High')"
ID1224,q13,"('Low', 'Low')",Low Relevance Labels,"('Low', 'Low')"
ID1224,q14,"('Low', 'not applicable')",Other,
ID1224,q15,"('not applicable', 'not applicable')",Other,
ID1224,q16,"('not applicable', 'not applicable')",Other,
ID1224,q17,"('not applicable', 'not applicable')",Other,
ID1224,q18,"('not applicable', 'not applicable')",Other,
ID1224,q19,"('not applicable', 'not applicable')",Other,
ID1224,q20,"('not applicable', 'not applicable')",Other,
ID1224,q21,"('not applicable', 'not applicable')",Other,
ID1224,q22,"('not applicable', 'not applicable')",Other,
ID1228,q2,"('High', 'High')",High Relevance Labels,"('High', 'High')"
ID1228,q3,"('High', 'High')",High Relevance Labels,"('High', 'High')"
ID1228,q4,"('Low', 'Low')",Low Relevance Labels,"('Low', 'Low')"
ID1228,q5,"('Low', 'Low')",Low Relevance Labels,"('Low', 'Low')"
ID1228,q6,"('Low', 'Low')",Low Relevance Labels,"('Low', 'Low')"
ID1228,q7,"('Irr', 'Low')",Low Relevance Labels,"('Low', 'Irr')"
ID1228,q8,"('High', 'Low')",High Relevance Labels,"('High', 'Low')"
ID1228,q9,"('Low', 'Low')",Low Relevance Labels,"('Low', 'Low')"
ID1228,q10,"('High', 'High')",High Relevance Labels,"('High', 'High')"
ID1228,q11,"('Irr', 'Low')",Low Relevance Labels,"('Low', 'Irr')"
ID1228,q12,"('not applicable', 'not applicable')",Other,
ID1228,q13,"('not applicable', 'not applicable')",Other,
ID1228,q14,"('not applicable', 'not applicable')",Other,
ID1228,q15,"('not applicable', 'not applicable')",Other,
ID1228,q16,"('not applicable', 'not applicable')",Other,
ID1228,q17,"('not applicable', 'not applicable')",Other,
ID1228,q18,"('not applicable', 'not applicable')",Other,
ID1228,q19,"('not applicable', 'not applicable')",Other,
ID1228,q20,"('not applicable', 'not applicable')",Other,
ID1228,q21,"('not applicable', 'not applicable')",Other,
ID1228,q22,"('not applicable', 'not applicable')",Other,
ID1229,q2,"('High', 'High')",High Relevance Labels,"('High', 'High')"
ID1229,q3,"('Low', 'Low')",Low Relevance Labels,"('Low', 'Low')"
ID1229,q4,"('Low', 'Low')",Low Relevance Labels,"('Low', 'Low')"
ID1229,q5,"('Low', 'Low')",Low Relevance Labels,"('Low', 'Low')"
ID1229,q6,"('High', 'Low')",High Relevance Labels,"('High', 'Low')"
ID1229,q7,"('High', 'Low')",High Relevance Labels,"('High', 'Low')"
ID1229,q8,"('High', 'High')",High Relevance Labels,"('High', 'High')"
ID1229,q9,"('High', 'Low')",High Relevance Labels,"('High', 'Low')"
ID1229,q10,"('High', 'Low')",High Relevance Labels,"('High', 'Low')"
ID1229,q11,"('High', 'Low')",High Relevance Labels,"('High', 'Low')"
ID1229,q12,"('High', 'Low')",High Relevance Labels,"('High', 'Low')"
ID1229,q13,"('High', 'High')",High Relevance Labels,"('High', 'High')"
ID1229,q14,"('High', 'High')",High Relevance Labels,"('High', 'High')"
ID1229,q15,"('High', 'High')",High Relevance Labels,"('High', 'High')"
ID1229,q16,"('High', 'High')",High Relevance Labels,"('High', 'High')"
ID1229,q17,"('High', 'not applicable')",Other,
ID1229,q18,"('not applicable', 'not applicable')",Other,
ID1229,q19,"('not applicable', 'not applicable')",Other,
ID1229,q20,"('not applicable', 'not applicable')",Other,
ID1229,q21,"('not applicable', 'not applicable')",Other,
ID1229,q22,"('not applicable', 'not applicable')",Other,
ID1234,q2,"('High', 'High')",High Relevance Labels,"('High', 'High')"
ID1234,q3,"('High', 'Low')",High Relevance Labels,"('High', 'Low')"
ID1234,q4,"('High', 'Low')",High Relevance Labels,"('High', 'Low')"
ID1234,q5,"('High', 'Low')",High Relevance Labels,"('High', 'Low')"
ID1234,q6,"('High', 'Low')",High Relevance Labels,"('High', 'Low')"
ID1234,q7,"('High', 'High')",High Relevance Labels,"('High', 'High')"
ID1234,q8,"('High', 'High')",High Relevance Labels,"('High', 'High')"
ID1234,q9,"('High', 'High')",High Relevance Labels,"('High', 'High')"
ID1234,q10,"('High', 'Low')",High Relevance Labels,"('High', 'Low')"
ID1234,q11,"('Low', 'Low')",Low Relevance Labels,"('Low', 'Low')"
ID1234,q12,"('High', 'High')",High Relevance Labels,"('High', 'High')"
ID1234,q13,"('not applicable', 'not applicable')",Other,
ID1234,q14,"('not applicable', 'not applicable')",Other,
ID1234,q15,"('not applicable', 'not applicable')",Other,
ID1234,q16,"('not applicable', 'not applicable')",Other,
ID1234,q17,"('not applicable', 'not applicable')",Other,
ID1234,q18,"('not applicable', 'not applicable')",Other,
ID1234,q19,"('not applicable', 'not applicable')",Other,
ID1234,q20,"('not applicable', 'not applicable')",Other,
ID1234,q21,"('not applicable', 'not applicable')",Other,
ID1234,q22,"('not applicable', 'not applicable')",Other,
ID1239,q2,"('High', 'High')",High Relevance Labels,"('High', 'High')"
ID1239,q3,"('High', 'Low')",High Relevance Labels,"('High', 'Low')"
ID1239,q4,"('High', 'Low')",High Relevance Labels,"('High', 'Low')"
ID1239,q5,"('Low', 'Low')",Low Relevance Labels,"('Low', 'Low')"
ID1239,q6,"('High', 'High')",High Relevance Labels,"('High', 'High')"
ID1239,q7,"('High', 'High')",High Relevance Labels,"('High', 'High')"
ID1239,q8,"('High', 'High')",High Relevance Labels,"('High', 'High')"
ID1239,q9,"('not applicable', 'not applicable')",Other,
ID1239,q10,"('not applicable', 'not applicable')",Other,
ID1239,q11,"('not applicable', 'not applicable')",Other,
ID1239,q12,"('not applicable', 'not applicable')",Other,
ID1239,q13,"('not applicable', 'not applicable')",Other,
ID1239,q14,"('not applicable', 'not applicable')",Other,
ID1239,q15,"('not applicable', 'not applicable')",Other,
ID1239,q16,"('not applicable', 'not applicable')",Other,
ID1239,q17,"('not applicable', 'not applicable')",Other,
ID1239,q18,"('not applicable', 'not applicable')",Other,
ID1239,q19,"('not applicable', 'not applicable')",Other,
ID1239,q20,"('not applicable', 'not applicable')",Other,
ID1239,q21,"('not applicable', 'not applicable')",Other,
ID1239,q22,"('not applicable', 'not applicable')",Other,
ID1246,q2,"('Low', 'Low')",Low Relevance Labels,"('Low', 'Low')"
ID1246,q3,"('Irr', 'Low')",Low Relevance Labels,"('Low', 'Irr')"
ID1246,q4,"('High', 'High')",High Relevance Labels,"('High', 'High')"
ID1246,q5,"('Low', 'Low')",Low Relevance Labels,"('Low', 'Low')"
ID1246,q6,"('High', 'High')",High Relevance Labels,"('High', 'High')"
ID1246,q7,"('High', 'Low')",High Relevance Labels,"('High', 'Low')"
ID1246,q8,"('Irr', 'Low')",Low Relevance Labels,"('Low', 'Irr')"
ID1246,q9,"('Low', 'Low')",Low Relevance Labels,"('Low', 'Low')"
ID1246,q10,"('High', 'High')",High Relevance Labels,"('High', 'High')"
ID1246,q11,"('High', 'Low')",High Relevance Labels,"('High', 'Low')"
ID1246,q12,"('Low', 'Low')",Low Relevance Labels,"('Low', 'Low')"
ID1246,q13,"('Irr', 'Irr')",Irrelevant Labels,"('Irr', 'Irr')"
ID1246,q14,"('High', 'High')",High Relevance Labels,"('High', 'High')"
ID1249,q2,"('Low', 'Low')",Low Relevance Labels,"('Low', 'Low')"
ID1249,q3,"('High', 'High')",High Relevance Labels,"('High', 'High')"
ID1249,q4,"('Low', 'Low')",Low Relevance Labels,"('Low', 'Low')"
ID1249,q5,"('Low', 'Low')",Low Relevance Labels,"('Low', 'Low')"
ID1249,q6,"('High', 'High')",High Relevance Labels,"('High', 'High')"
ID1249,q7,"('High', 'High')",High Relevance Labels,"('High', 'High')"
ID1249,q8,"('High', 'High')",High Relevance Labels,"('High', 'High')"
ID1249,q9,"('High', 'High')",High Relevance Labels,"('High', 'High')"
ID1249,q10,"('not applicable', 'not applicable')",Other,
ID1249,q11,"('not applicable', 'not applicable')",Other,
ID1249,q12,"('not applicable', 'not applicable')",Other,
ID1249,q13,"('not applicable', 'not applicable')",Other,
ID1249,q14,"('not applicable', 'not applicable')",Other,
ID1249,q15,"('not applicable', 'not applicable')",Other,
ID1249,q16,"('not applicable', 'not applicable')",Other,
ID1249,q17,"('not applicable', 'not applicable')",Other,
ID1249,q18,"('not applicable', 'not applicable')",Other,
ID1249,q19,"('not applicable', 'not applicable')",Other,
ID1249,q20,"('not applicable', 'not applicable')",Other,
ID1249,q21,"('not applicable', 'not applicable')",Other,
ID1249,q22,"('not applicable', 'not applicable')",Other,
ID1252,q2,"('High', 'High')",High Relevance Labels,"('High', 'High')"
ID1252,q3,"('High', 'Low')",High Relevance Labels,"('High', 'Low')"
ID1252,q4,"('High', 'Low')",High Relevance Labels,"('High', 'Low')"
ID1252,q5,"('Low', 'Low')",Low Relevance Labels,"('Low', 'Low')"
ID1252,q6,"('High', 'High')",High Relevance Labels,"('High', 'High')"
ID1252,q7,"('High', 'High')",High Relevance Labels,"('High', 'High')"
ID1252,q8,"('not applicable', 'not applicable')",Other,
ID1252,q9,"('not applicable', 'not applicable')",Other,
ID1252,q10,"('not applicable', 'not applicable')",Other,
ID1252,q11,"('not applicable', 'not applicable')",Other,
ID1252,q12,"('not applicable', 'not applicable')",Other,
ID1252,q13,"('not applicable', 'not applicable')",Other,
ID1252,q14,"('not applicable', 'not applicable')",Other,
ID1252,q15,"('not applicable', 'not applicable')",Other,
ID1252,q16,"('not applicable', 'not applicable')",Other,
ID1252,q17,"('not applicable', 'not applicable')",Other,
ID1252,q18,"('not applicable', 'not applicable')",Other,
ID1252,q19,"('not applicable', 'not applicable')",Other,
ID1252,q20,"('not applicable', 'not applicable')",Other,
ID1252,q21,"('not applicable', 'not applicable')",Other,
ID1252,q22,"('not applicable', 'not applicable')",Other,
ID1267,q2,"('High', 'High')",High Relevance Labels,"('High', 'High')"
ID1267,q3,"('High', 'High')",High Relevance Labels,"('High', 'High')"
ID1267,q4,"('Low', 'Low')",Low Relevance Labels,"('Low', 'Low')"
ID1267,q5,"('High', 'Low')",High Relevance Labels,"('High', 'Low')"
ID1267,q6,"('High', 'Low')",High Relevance Labels,"('High', 'Low')"
ID1267,q7,"('Low', 'Low')",Low Relevance Labels,"('Low', 'Low')"
ID1267,q8,"('High', 'Irr')",Low Relevance Labels,"('High', 'Irr')"
ID1267,q9,"('High', 'Low')",High Relevance Labels,"('High', 'Low')"
ID1267,q10,"('High', 'High')",High Relevance Labels,"('High', 'High')"
ID1267,q11,"('High', 'High')",High Relevance Labels,"('High', 'High')"
ID1267,q12,"('High', 'High')",High Relevance Labels,"('High', 'High')"
ID1267,q13,"('not applicable', 'not applicable')",Other,
ID1267,q14,"('not applicable', 'not applicable')",Other,
ID1267,q15,"('not applicable', 'not applicable')",Other,
ID1267,q16,"('not applicable', 'not applicable')",Other,
ID1267,q17,"('not applicable', 'not applicable')",Other,
ID1267,q18,"('not applicable', 'not applicable')",Other,
ID1267,q19,"('not applicable', 'not applicable')",Other,
ID1267,q20,"('not applicable', 'not applicable')",Other,
ID1267,q21,"('not applicable', 'not applicable')",Other,
ID1267,q22,"('not applicable', 'not applicable')",Other,
ID1269,q2,"('High', 'High')",High Relevance Labels,"('High', 'High')"
ID1269,q3,"('Irr', 'Irr')",Irrelevant Labels,"('Irr', 'Irr')"
ID1269,q4,"('Low', 'Low')",Low Relevance Labels,"('Low', 'Low')"
ID1269,q5,"('Low', 'Low')",Low Relevance Labels,"('Low', 'Low')"
ID1269,q6,"('Low', 'Low')",Low Relevance Labels,"('Low', 'Low')"
ID1269,q7,"('Low', 'Low')",Low Relevance Labels,"('Low', 'Low')"
ID1269,q8,"('High', 'Low')",High Relevance Labels,"('High', 'Low')"
ID1269,q9,"('High', 'High')",High Relevance Labels,"('High', 'High')"
ID1269,q10,"('Irr', 'Low')",Low Relevance Labels,"('Low', 'Irr')"
ID1269,q11,"('Irr', 'Low')",Low Relevance Labels,"('Low', 'Irr')"
ID1269,q12,"('Irr', 'Irr')",Irrelevant Labels,"('Irr', 'Irr')"
ID1269,q13,"('not applicable', 'not applicable')",Other,
ID1269,q14,"('not applicable', 'not applicable')",Other,
ID1269,q15,"('not applicable', 'not applicable')",Other,
ID1269,q16,"('not applicable', 'not applicable')",Other,
ID1269,q17,"('not applicable', 'not applicable')",Other,
ID1269,q18,"('not applicable', 'not applicable')",Other,
ID1269,q19,"('not applicable', 'not applicable')",Other,
ID1269,q20,"('not applicable', 'not applicable')",Other,
ID1269,q21,"('not applicable', 'not applicable')",Other,
ID1269,q22,"('not applicable', 'not applicable')",Other,
ID1272,q2,"('High', 'Low')",High Relevance Labels,"('High', 'Low')"
ID1272,q3,"('High', 'Low')",High Relevance Labels,"('High', 'Low')"
ID1272,q4,"('High', 'Low')",High Relevance Labels,"('High', 'Low')"
ID1272,q5,"('Irr', 'Irr')",Irrelevant Labels,"('Irr', 'Irr')"
ID1272,q6,"('High', 'High')",High Relevance Labels,"('High', 'High')"
ID1272,q7,"('Low', 'Low')",Low Relevance Labels,"('Low', 'Low')"
ID1272,q8,"('Irr', 'Low')",Low Relevance Labels,"('Low', 'Irr')"
ID1272,q9,"('High', 'Low')",High Relevance Labels,"('High', 'Low')"
ID1272,q10,"('Irr', 'Low')",Low Relevance Labels,"('Low', 'Irr')"
ID1272,q11,"('High', 'Irr')",Low Relevance Labels,"('High', 'Irr')"
ID1272,q12,"('High', 'Low')",High Relevance Labels,"('High', 'Low')"
ID1272,q13,"('Irr', 'Irr')",Irrelevant Labels,"('Irr', 'Irr')"
ID1272,q14,"('not applicable', 'not applicable')",Other,
ID1272,q15,"('not applicable', 'not applicable')",Other,
ID1272,q16,"('not applicable', 'not applicable')",Other,
ID1272,q17,"('not applicable', 'not applicable')",Other,
ID1272,q18,"('not applicable', 'not applicable')",Other,
ID1272,q19,"('not applicable', 'not applicable')",Other,
ID1272,q20,"('not applicable', 'not applicable')",Other,
ID1272,q21,"('not applicable', 'not applicable')",Other,
ID1272,q22,"('not applicable', 'not applicable')",Other,
ID1273,q2,"('High', 'High')",High Relevance Labels,"('High', 'High')"
ID1273,q3,"('Low', 'Low')",Low Relevance Labels,"('Low', 'Low')"
ID1273,q4,"('Low', 'Low')",Low Relevance Labels,"('Low', 'Low')"
ID1273,q5,"('Low', 'Low')",Low Relevance Labels,"('Low', 'Low')"
ID1273,q6,"('Low', 'Low')",Low Relevance Labels,"('Low', 'Low')"
ID1273,q7,"('High', 'High')",High Relevance Labels,"('High', 'High')"
ID1273,q8,"('Low', 'Low')",Low Relevance Labels,"('Low', 'Low')"
ID1273,q9,"('Low', 'Low')",Low Relevance Labels,"('Low', 'Low')"
ID1273,q10,"('High', 'Low')",High Relevance Labels,"('High', 'Low')"
ID1273,q11,"('Low', 'Low')",Low Relevance Labels,"('Low', 'Low')"
ID1273,q12,"('Low', 'Low')",Low Relevance Labels,"('Low', 'Low')"
ID1273,q13,"('Low', 'Low')",Low Relevance Labels,"('Low', 'Low')"
ID1273,q14,"('Low', 'Low')",Low Relevance Labels,"('Low', 'Low')"
ID1278,q2,"('High', 'Irr')",Low Relevance Labels,"('High', 'Irr')"
ID1278,q3,"('High', 'High')",High Relevance Labels,"('High', 'High')"
ID1278,q4,"('Low', 'Low')",Low Relevance Labels,"('Low', 'Low')"
ID1278,q5,"('High', 'High')",High Relevance Labels,"('High', 'High')"
ID1278,q6,"('High', 'Low')",High Relevance Labels,"('High', 'Low')"
ID1278,q7,"('Low', 'Low')",Low Relevance Labels,"('Low', 'Low')"
ID1278,q8,"('Low', 'Low')",Low Relevance Labels,"('Low', 'Low')"
ID1278,q9,"('Low', 'Low')",Low Relevance Labels,"('Low', 'Low')"
ID1278,q10,"('High', 'Low')",High Relevance Labels,"('High', 'Low')"
ID1278,q11,"('Low', 'Low')",Low Relevance Labels,"('Low', 'Low')"
ID1278,q12,"('High', 'High')",High Relevance Labels,"('High', 'High')"
ID1278,q13,"('not applicable', 'not applicable')",Other,
ID1278,q14,"('not applicable', 'not applicable')",Other,
ID1278,q15,"('not applicable', 'not applicable')",Other,
ID1278,q16,"('not applicable', 'not applicable')",Other,
ID1278,q17,"('not applicable', 'not applicable')",Other,
ID1278,q18,"('not applicable', 'not applicable')",Other,
ID1278,q19,"('not applicable', 'not applicable')",Other,
ID1278,q20,"('not applicable', 'not applicable')",Other,
ID1278,q21,"('not applicable', 'not applicable')",Other,
ID1278,q22,"('not applicable', 'not applicable')",Other,
ID1280,q2,"('High', 'High')",High Relevance Labels,"('High', 'High')"
ID1280,q3,"('High', 'Low')",High Relevance Labels,"('High', 'Low')"
ID1280,q4,"('Low', 'Low')",Low Relevance Labels,"('Low', 'Low')"
ID1280,q5,"('High', 'Low')",High Relevance Labels,"('High', 'Low')"
ID1280,q6,"('High', 'High')",High Relevance Labels,"('High', 'High')"
ID1280,q7,"('High', 'Low')",High Relevance Labels,"('High', 'Low')"
ID1280,q8,"('not applicable', 'not applicable')",Other,
ID1280,q9,"('not applicable', 'not applicable')",Other,
ID1280,q10,"('not applicable', 'not applicable')",Other,
ID1280,q11,"('not applicable', 'not applicable')",Other,
ID1280,q12,"('not applicable', 'not applicable')",Other,
ID1280,q13,"('not applicable', 'not applicable')",Other,
ID1280,q14,"('not applicable', 'not applicable')",Other,
ID1280,q15,"('not applicable', 'not applicable')",Other,
ID1280,q16,"('not applicable', 'not applicable')",Other,
ID1280,q17,"('not applicable', 'not applicable')",Other,
ID1280,q18,"('not applicable', 'not applicable')",Other,
ID1280,q19,"('not applicable', 'not applicable')",Other,
ID1280,q20,"('not applicable', 'not applicable')",Other,
ID1280,q21,"('not applicable', 'not applicable')",Other,
ID1280,q22,"('not applicable', 'not applicable')",Other,
ID1284,q2,"('High', 'High')",High Relevance Labels,"('High', 'High')"
ID1284,q3,"('High', 'Low')",High Relevance Labels,"('High', 'Low')"
ID1284,q4,"('Low', 'Low')",Low Relevance Labels,"('Low', 'Low')"
ID1284,q5,"('High', 'High')",High Relevance Labels,"('High', 'High')"
ID1284,q6,"('not applicable', 'not applicable')",Other,
ID1284,q7,"('not applicable', 'not applicable')",Other,
ID1284,q8,"('not applicable', 'not applicable')",Other,
ID1284,q9,"('not applicable', 'not applicable')",Other,
ID1284,q10,"('not applicable', 'not applicable')",Other,
ID1284,q11,"('not applicable', 'not applicable')",Other,
ID1284,q12,"('not applicable', 'not applicable')",Other,
ID1284,q13,"('not applicable', 'not applicable')",Other,
ID1284,q14,"('not applicable', 'not applicable')",Other,
ID1284,q15,"('not applicable', 'not applicable')",Other,
ID1284,q16,"('not applicable', 'not applicable')",Other,
ID1284,q17,"('not applicable', 'not applicable')",Other,
ID1284,q18,"('not applicable', 'not applicable')",Other,
ID1284,q19,"('not applicable', 'not applicable')",Other,
ID1284,q20,"('not applicable', 'not applicable')",Other,
ID1284,q21,"('not applicable', 'not applicable')",Other,
ID1284,q22,"('not applicable', 'not applicable')",Other,
ID1286,q2,"('High', 'Low')",High Relevance Labels,"('High', 'Low')"
ID1286,q3,"('Irr', 'Low')",Low Relevance Labels,"('Low', 'Irr')"
ID1286,q4,"('Irr', 'Low')",Low Relevance Labels,"('Low', 'Irr')"
ID1286,q5,"('High', 'Irr')",Low Relevance Labels,"('High', 'Irr')"
ID1286,q6,"('Irr', 'Low')",Low Relevance Labels,"('Low', 'Irr')"
ID1286,q7,"('Irr', 'Low')",Low Relevance Labels,"('Low', 'Irr')"
ID1286,q8,"('Irr', 'Low')",Low Relevance Labels,"('Low', 'Irr')"
ID1286,q9,"('High', 'High')",High Relevance Labels,"('High', 'High')"
ID1286,q10,"('High', 'Low')",High Relevance Labels,"('High', 'Low')"
ID1286,q11,"('High', 'High')",High Relevance Labels,"('High', 'High')"
ID1286,q12,"('Low', 'Low')",Low Relevance Labels,"('Low', 'Low')"
ID1286,q13,"('not applicable', 'not applicable')",Other,
ID1286,q14,"('not applicable', 'not applicable')",Other,
ID1286,q15,"('not applicable', 'not applicable')",Other,
ID1286,q16,"('not applicable', 'not applicable')",Other,
ID1286,q17,"('not applicable', 'not applicable')",Other,
ID1286,q18,"('not applicable', 'not applicable')",Other,
ID1286,q19,"('not applicable', 'not applicable')",Other,
ID1286,q20,"('not applicable', 'not applicable')",Other,
ID1286,q21,"('not applicable', 'not applicable')",Other,
ID1286,q22,"('not applicable', 'not applicable')",Other,
ID1297,q2,"('Irr', 'Low')",Low Relevance Labels,"('Low', 'Irr')"
ID1297,q3,"('Irr', 'Low')",Low Relevance Labels,"('Low', 'Irr')"
ID1297,q4,"('High', 'Irr')",Low Relevance Labels,"('High', 'Irr')"
ID1297,q5,"('High', 'Irr')",Low Relevance Labels,"('High', 'Irr')"
ID1297,q6,"('not applicable', 'not applicable')",Other,
ID1297,q7,"('not applicable', 'not applicable')",Other,
ID1297,q8,"('not applicable', 'not applicable')",Other,
ID1297,q9,"('not applicable', 'not applicable')",Other,
ID1297,q10,"('not applicable', 'not applicable')",Other,
ID1297,q11,"('not applicable', 'not applicable')",Other,
ID1297,q12,"('not applicable', 'not applicable')",Other,
ID1297,q13,"('not applicable', 'not applicable')",Other,
ID1297,q14,"('not applicable', 'not applicable')",Other,
ID1297,q15,"('not applicable', 'not applicable')",Other,
ID1297,q16,"('not applicable', 'not applicable')",Other,
ID1297,q17,"('not applicable', 'not applicable')",Other,
ID1297,q18,"('not applicable', 'not applicable')",Other,
ID1297,q19,"('not applicable', 'not applicable')",Other,
ID1297,q20,"('not applicable', 'not applicable')",Other,
ID1297,q21,"('not applicable', 'not applicable')",Other,
ID1297,q22,"('not applicable', 'not applicable')",Other,
ID1299,q2,"('High', 'Low')",High Relevance Labels,"('High', 'Low')"
ID1299,q3,"('Low', 'Low')",Low Relevance Labels,"('Low', 'Low')"
ID1299,q4,"('High', 'Low')",High Relevance Labels,"('High', 'Low')"
ID1299,q5,"('Low', 'Low')",Low Relevance Labels,"('Low', 'Low')"
ID1299,q6,"('High', 'Low')",High Relevance Labels,"('High', 'Low')"
ID1299,q7,"('High', 'Low')",High Relevance Labels,"('High', 'Low')"
ID1299,q8,"('High', 'High')",High Relevance Labels,"('High', 'High')"
ID1299,q9,"('not applicable', 'not applicable')",Other,
ID1299,q10,"('not applicable', 'not applicable')",Other,
ID1299,q11,"('not applicable', 'not applicable')",Other,
ID1299,q12,"('not applicable', 'not applicable')",Other,
ID1299,q13,"('not applicable', 'not applicable')",Other,
ID1299,q14,"('not applicable', 'not applicable')",Other,
ID1299,q15,"('not applicable', 'not applicable')",Other,
ID1299,q16,"('not applicable', 'not applicable')",Other,
ID1299,q17,"('not applicable', 'not applicable')",Other,
ID1299,q18,"('not applicable', 'not applicable')",Other,
ID1299,q19,"('not applicable', 'not applicable')",Other,
ID1299,q20,"('not applicable', 'not applicable')",Other,
ID1299,q21,"('not applicable', 'not applicable')",Other,
ID1299,q22,"('not applicable', 'not applicable')",Other,
ID1301,q2,"('High', 'High')",High Relevance Labels,"('High', 'High')"
ID1301,q3,"('High', 'Low')",High Relevance Labels,"('High', 'Low')"
ID1301,q4,"('High', 'High')",High Relevance Labels,"('High', 'High')"
ID1301,q5,"('High', 'High')",High Relevance Labels,"('High', 'High')"
ID1301,q6,"('Low', 'Low')",Low Relevance Labels,"('Low', 'Low')"
ID1301,q7,"('Low', 'Low')",Low Relevance Labels,"('Low', 'Low')"
ID1301,q8,"('Low', 'Low')",Low Relevance Labels,"('Low', 'Low')"
ID1301,q9,"('High', 'Low')",High Relevance Labels,"('High', 'Low')"
ID1301,q10,"('Low', 'Low')",Low Relevance Labels,"('Low', 'Low')"
ID1301,q11,"('High', 'High')",High Relevance Labels,"('High', 'High')"
ID1301,q12,"('High', 'High')",High Relevance Labels,"('High', 'High')"
ID1301,q13,"('High', 'High')",High Relevance Labels,"('High', 'High')"
ID1301,q14,"('not applicable', 'not applicable')",Other,
ID1301,q15,"('not applicable', 'not applicable')",Other,
ID1301,q16,"('not applicable', 'not applicable')",Other,
ID1301,q17,"('not applicable', 'not applicable')",Other,
ID1301,q18,"('not applicable', 'not applicable')",Other,
ID1301,q19,"('not applicable', 'not applicable')",Other,
ID1301,q20,"('not applicable', 'not applicable')",Other,
ID1301,q21,"('not applicable', 'not applicable')",Other,
ID1301,q22,"('not applicable', 'not applicable')",Other,
ID1302,q2,"('High', 'Low')",High Relevance Labels,"('High', 'Low')"
ID1302,q3,"('Low', 'Low')",Low Relevance Labels,"('Low', 'Low')"
ID1302,q4,"('Irr', 'Low')",Low Relevance Labels,"('Low', 'Irr')"
ID1302,q5,"('High', 'Low')",High Relevance Labels,"('High', 'Low')"
ID1302,q6,"('High', 'High')",High Relevance Labels,"('High', 'High')"
ID1302,q7,"('High', 'Low')",High Relevance Labels,"('High', 'Low')"
ID1302,q8,"('not applicable', 'not applicable')",Other,
ID1302,q9,"('not applicable', 'not applicable')",Other,
ID1302,q10,"('not applicable', 'not applicable')",Other,
ID1302,q11,"('not applicable', 'not applicable')",Other,
ID1302,q12,"('not applicable', 'not applicable')",Other,
ID1302,q13,"('not applicable', 'not applicable')",Other,
ID1302,q14,"('not applicable', 'not applicable')",Other,
ID1302,q15,"('not applicable', 'not applicable')",Other,
ID1302,q16,"('not applicable', 'not applicable')",Other,
ID1302,q17,"('not applicable', 'not applicable')",Other,
ID1302,q18,"('not applicable', 'not applicable')",Other,
ID1302,q19,"('not applicable', 'not applicable')",Other,
ID1302,q20,"('not applicable', 'not applicable')",Other,
ID1302,q21,"('not applicable', 'not applicable')",Other,
ID1302,q22,"('not applicable', 'not applicable')",Other,
ID1307,q2,"('Low', 'Low')",Low Relevance Labels,"('Low', 'Low')"
ID1307,q3,"('Low', 'Low')",Low Relevance Labels,"('Low', 'Low')"
ID1307,q4,"('Low', 'Low')",Low Relevance Labels,"('Low', 'Low')"
ID1307,q5,"('Low', 'Low')",Low Relevance Labels,"('Low', 'Low')"
ID1307,q6,"('High', 'High')",High Relevance Labels,"('High', 'High')"
ID1307,q7,"('Irr', 'Low')",Low Relevance Labels,"('Low', 'Irr')"
ID1307,q8,"('Irr', 'Low')",Low Relevance Labels,"('Low', 'Irr')"
ID1307,q9,"('not applicable', 'not applicable')",Other,
ID1307,q10,"('not applicable', 'not applicable')",Other,
ID1307,q11,"('not applicable', 'not applicable')",Other,
ID1307,q12,"('not applicable', 'not applicable')",Other,
ID1307,q13,"('not applicable', 'not applicable')",Other,
ID1307,q14,"('not applicable', 'not applicable')",Other,
ID1307,q15,"('not applicable', 'not applicable')",Other,
ID1307,q16,"('not applicable', 'not applicable')",Other,
ID1307,q17,"('not applicable', 'not applicable')",Other,
ID1307,q18,"('not applicable', 'not applicable')",Other,
ID1307,q19,"('not applicable', 'not applicable')",Other,
ID1307,q20,"('not applicable', 'not applicable')",Other,
ID1307,q21,"('not applicable', 'not applicable')",Other,
ID1307,q22,"('not applicable', 'not applicable')",Other,
ID1315,q2,"('Low', 'Low')",Low Relevance Labels,"('Low', 'Low')"
ID1315,q3,"('High', 'Low')",High Relevance Labels,"('High', 'Low')"
ID1315,q4,"('High', 'High')",High Relevance Labels,"('High', 'High')"
ID1315,q5,"('Low', 'Low')",Low Relevance Labels,"('Low', 'Low')"
ID1315,q6,"('Low', 'Low')",Low Relevance Labels,"('Low', 'Low')"
ID1315,q7,"('Low', 'Low')",Low Relevance Labels,"('Low', 'Low')"
ID1315,q8,"('Low', 'Low')",Low Relevance Labels,"('Low', 'Low')"
ID1315,q9,"('High', 'Low')",High Relevance Labels,"('High', 'Low')"
ID1315,q10,"('Low', 'Low')",Low Relevance Labels,"('Low', 'Low')"
ID1315,q11,"('High', 'Low')",High Relevance Labels,"('High', 'Low')"
ID1315,q12,"('High', 'Low')",High Relevance Labels,"('High', 'Low')"
ID1315,q13,"('High', 'Irr')",Low Relevance Labels,"('High', 'Irr')"
ID1315,q14,"('not applicable', 'not applicable')",Other,
ID1315,q15,"('not applicable', 'not applicable')",Other,
ID1315,q16,"('not applicable', 'not applicable')",Other,
ID1315,q17,"('not applicable', 'not applicable')",Other,
ID1315,q18,"('not applicable', 'not applicable')",Other,
ID1315,q19,"('not applicable', 'not applicable')",Other,
ID1315,q20,"('not applicable', 'not applicable')",Other,
ID1315,q21,"('not applicable', 'not applicable')",Other,
ID1315,q22,"('not applicable', 'not applicable')",Other,
ID1328,q2,"('High', 'High')",High Relevance Labels,"('High', 'High')"
ID1328,q3,"('High', 'Low')",High Relevance Labels,"('High', 'Low')"
ID1328,q4,"('High', 'High')",High Relevance Labels,"('High', 'High')"
ID1328,q5,"('High', 'Low')",High Relevance Labels,"('High', 'Low')"
ID1328,q6,"('Low', 'Low')",Low Relevance Labels,"('Low', 'Low')"
ID1328,q7,"('Low', 'Low')",Low Relevance Labels,"('Low', 'Low')"
ID1328,q8,"('High', 'Low')",High Relevance Labels,"('High', 'Low')"
ID1328,q9,"('High', 'Low')",High Relevance Labels,"('High', 'Low')"
ID1328,q10,"('not applicable', 'not applicable')",Other,
ID1328,q11,"('not applicable', 'not applicable')",Other,
ID1328,q12,"('not applicable', 'not applicable')",Other,
ID1328,q13,"('not applicable', 'not applicable')",Other,
ID1328,q14,"('not applicable', 'not applicable')",Other,
ID1328,q15,"('not applicable', 'not applicable')",Other,
ID1328,q16,"('not applicable', 'not applicable')",Other,
ID1328,q17,"('not applicable', 'not applicable')",Other,
ID1328,q18,"('not applicable', 'not applicable')",Other,
ID1328,q19,"('not applicable', 'not applicable')",Other,
ID1328,q20,"('not applicable', 'not applicable')",Other,
ID1328,q21,"('not applicable', 'not applicable')",Other,
ID1328,q22,"('not applicable', 'not applicable')",Other,
ID1329,q2,"('High', 'Low')",High Relevance Labels,"('High', 'Low')"
ID1329,q3,"('High', 'High')",High Relevance Labels,"('High', 'High')"
ID1329,q4,"('Irr', 'Irr')",Irrelevant Labels,"('Irr', 'Irr')"
ID1329,q5,"('High', 'Low')",High Relevance Labels,"('High', 'Low')"
ID1329,q6,"('High', 'High')",High Relevance Labels,"('High', 'High')"
ID1329,q7,"('High', 'High')",High Relevance Labels,"('High', 'High')"
ID1329,q8,"('not applicable', 'not applicable')",Other,
ID1329,q9,"('not applicable', 'not applicable')",Other,
ID1329,q10,"('not applicable', 'not applicable')",Other,
ID1329,q11,"('not applicable', 'not applicable')",Other,
ID1329,q12,"('not applicable', 'not applicable')",Other,
ID1329,q13,"('not applicable', 'not applicable')",Other,
ID1329,q14,"('not applicable', 'not applicable')",Other,
ID1329,q15,"('not applicable', 'not applicable')",Other,
ID1329,q16,"('not applicable', 'not applicable')",Other,
ID1329,q17,"('not applicable', 'not applicable')",Other,
ID1329,q18,"('not applicable', 'not applicable')",Other,
ID1329,q19,"('not applicable', 'not applicable')",Other,
ID1329,q20,"('not applicable', 'not applicable')",Other,
ID1329,q21,"('not applicable', 'not applicable')",Other,
ID1329,q22,"('not applicable', 'not applicable')",Other,
ID1330,q2,"('High', 'Irr')",Low Relevance Labels,"('High', 'Irr')"
ID1330,q3,"('High', 'High')",High Relevance Labels,"('High', 'High')"
ID1330,q4,"('High', 'High')",High Relevance Labels,"('High', 'High')"
ID1330,q5,"('not applicable', 'not applicable')",Other,
ID1330,q6,"('not applicable', 'not applicable')",Other,
ID1330,q7,"('not applicable', 'not applicable')",Other,
ID1330,q8,"('not applicable', 'not applicable')",Other,
ID1330,q9,"('not applicable', 'not applicable')",Other,
ID1330,q10,"('not applicable', 'not applicable')",Other,
ID1330,q11,"('not applicable', 'not applicable')",Other,
ID1330,q12,"('not applicable', 'not applicable')",Other,
ID1330,q13,"('not applicable', 'not applicable')",Other,
ID1330,q14,"('not applicable', 'not applicable')",Other,
ID1330,q15,"('not applicable', 'not applicable')",Other,
ID1330,q16,"('not applicable', 'not applicable')",Other,
ID1330,q17,"('not applicable', 'not applicable')",Other,
ID1330,q18,"('not applicable', 'not applicable')",Other,
ID1330,q19,"('not applicable', 'not applicable')",Other,
ID1330,q20,"('not applicable', 'not applicable')",Other,
ID1330,q21,"('not applicable', 'not applicable')",Other,
ID1330,q22,"('not applicable', 'not applicable')",Other,
ID1332,q2,"('High', 'High')",High Relevance Labels,"('High', 'High')"
ID1332,q3,"('High', 'Low')",High Relevance Labels,"('High', 'Low')"
ID1332,q4,"('High', 'Low')",High Relevance Labels,"('High', 'Low')"
ID1332,q5,"('Low', 'Low')",Low Relevance Labels,"('Low', 'Low')"
ID1332,q6,"('Low', 'Low')",Low Relevance Labels,"('Low', 'Low')"
ID1332,q7,"('Low', 'Low')",Low Relevance Labels,"('Low', 'Low')"
ID1332,q8,"('Low', 'Low')",Low Relevance Labels,"('Low', 'Low')"
ID1332,q9,"('Low', 'Low')",Low Relevance Labels,"('Low', 'Low')"
ID1332,q10,"('High', 'Low')",High Relevance Labels,"('High', 'Low')"
ID1332,q11,"('Low', 'Low')",Low Relevance Labels,"('Low', 'Low')"
ID1332,q12,"('High', 'Low')",High Relevance Labels,"('High', 'Low')"
ID1332,q13,"('Low', 'Low')",Low Relevance Labels,"('Low', 'Low')"
ID1332,q14,"('High', 'Low')",High Relevance Labels,"('High', 'Low')"
ID1332,q15,"('High', 'Low')",High Relevance Labels,"('High', 'Low')"
ID1332,q16,"('High', 'Low')",High Relevance Labels,"('High', 'Low')"
ID1332,q17,"('High', 'High')",High Relevance Labels,"('High', 'High')"
ID1332,q18,"('Low', 'Low')",Low Relevance Labels,"('Low', 'Low')"
ID1335,q2,"('High', 'High')",High Relevance Labels,"('High', 'High')"
ID1335,q3,"('High', 'High')",High Relevance Labels,"('High', 'High')"
ID1335,q4,"('Low', 'Low')",Low Relevance Labels,"('Low', 'Low')"
ID1335,q5,"('High', 'High')",High Relevance Labels,"('High', 'High')"
ID1335,q6,"('High', 'High')",High Relevance Labels,"('High', 'High')"
ID1335,q7,"('High', 'High')",High Relevance Labels,"('High', 'High')"
ID1335,q8,"('High', 'Low')",High Relevance Labels,"('High', 'Low')"
ID1335,q9,"('High', 'Low')",High Relevance Labels,"('High', 'Low')"
ID1335,q10,"('High', 'High')",High Relevance Labels,"('High', 'High')"
ID1335,q11,"('High', 'Low')",High Relevance Labels,"('High', 'Low')"
ID1335,q12,"('not applicable', 'not applicable')",Other,
ID1335,q13,"('not applicable', 'not applicable')",Other,
ID1335,q14,"('not applicable', 'not applicable')",Other,
ID1335,q15,"('not applicable', 'not applicable')",Other,
ID1335,q16,"('not applicable', 'not applicable')",Other,
ID1335,q17,"('not applicable', 'not applicable')",Other,
ID1335,q18,"('not applicable', 'not applicable')",Other,
ID1335,q19,"('not applicable', 'not applicable')",Other,
ID1335,q20,"('not applicable', 'not applicable')",Other,
ID1335,q21,"('not applicable', 'not applicable')",Other,
ID1335,q22,"('not applicable', 'not applicable')",Other,
ID1337,q2,"('High', 'High')",High Relevance Labels,"('High', 'High')"
ID1337,q3,"('High', 'High')",High Relevance Labels,"('High', 'High')"
ID1337,q4,"('High', 'Low')",High Relevance Labels,"('High', 'Low')"
ID1337,q5,"('High', 'High')",High Relevance Labels,"('High', 'High')"
ID1337,q6,"('Low', 'Low')",Low Relevance Labels,"('Low', 'Low')"
ID1337,q7,"('High', 'High')",High Relevance Labels,"('High', 'High')"
ID1337,q8,"('High', 'High')",High Relevance Labels,"('High', 'High')"
ID1337,q9,"('High', 'Irr')",Low Relevance Labels,"('High', 'Irr')"
ID1337,q10,"('Irr', 'Low')",Low Relevance Labels,"('Low', 'Irr')"
ID1337,q11,"('not applicable', 'not applicable')",Other,
ID1337,q12,"('not applicable', 'not applicable')",Other,
ID1337,q13,"('not applicable', 'not applicable')",Other,
ID1337,q14,"('not applicable', 'not applicable')",Other,
ID1337,q15,"('not applicable', 'not applicable')",Other,
ID1337,q16,"('not applicable', 'not applicable')",Other,
ID1337,q17,"('not applicable', 'not applicable')",Other,
ID1337,q18,"('not applicable', 'not applicable')",Other,
ID1337,q19,"('not applicable', 'not applicable')",Other,
ID1337,q20,"('not applicable', 'not applicable')",Other,
ID1337,q21,"('not applicable', 'not applicable')",Other,
ID1337,q22,"('not applicable', 'not applicable')",Other,
ID1339,q2,"('High', 'High')",High Relevance Labels,"('High', 'High')"
ID1339,q3,"('Irr', 'Low')",Low Relevance Labels,"('Low', 'Irr')"
ID1339,q4,"('Irr', 'Irr')",Irrelevant Labels,"('Irr', 'Irr')"
ID1339,q5,"('High', 'Low')",High Relevance Labels,"('High', 'Low')"
ID1339,q6,"('High', 'Low')",High Relevance Labels,"('High', 'Low')"
ID1339,q7,"('Irr', 'Low')",Low Relevance Labels,"('Low', 'Irr')"
ID1339,q8,"('High', 'Low')",High Relevance Labels,"('High', 'Low')"
ID1339,q9,"('High', 'Low')",High Relevance Labels,"('High', 'Low')"
ID1339,q10,"('High', 'Low')",High Relevance Labels,"('High', 'Low')"
ID1339,q11,"('High', 'Low')",High Relevance Labels,"('High', 'Low')"
ID1339,q12,"('Low', 'Low')",Low Relevance Labels,"('Low', 'Low')"
ID1339,q13,"('Low', 'Low')",Low Relevance Labels,"('Low', 'Low')"
ID1339,q14,"('Low', 'Low')",Low Relevance Labels,"('Low', 'Low')"
ID1339,q15,"('Low', 'Low')",Low Relevance Labels,"('Low', 'Low')"
ID1339,q16,"('High', 'Low')",High Relevance Labels,"('High', 'Low')"
ID1339,q17,"('High', 'Low')",High Relevance Labels,"('High', 'Low')"
ID1339,q18,"('not applicable', 'not applicable')",Other,
ID1339,q19,"('not applicable', 'not applicable')",Other,
ID1339,q20,"('not applicable', 'not applicable')",Other,
ID1339,q21,"('not applicable', 'not applicable')",Other,
ID1339,q22,"('not applicable', 'not applicable')",Other,
ID1345,q2,"('High', 'High')",High Relevance Labels,"('High', 'High')"
ID1345,q3,"('High', 'Low')",High Relevance Labels,"('High', 'Low')"
ID1345,q4,"('High', 'High')",High Relevance Labels,"('High', 'High')"
ID1345,q5,"('Irr', 'Low')",Low Relevance Labels,"('Low', 'Irr')"
ID1345,q6,"('Low', 'Low')",Low Relevance Labels,"('Low', 'Low')"
ID1345,q7,"('Irr', 'Low')",Low Relevance Labels,"('Low', 'Irr')"
ID1345,q8,"('High', 'High')",High Relevance Labels,"('High', 'High')"
ID1345,q9,"('Low', 'Low')",Low Relevance Labels,"('Low', 'Low')"
ID1345,q10,"('Low', 'Low')",Low Relevance Labels,"('Low', 'Low')"
ID1345,q11,"('not applicable', 'not applicable')",Other,
ID1345,q12,"('not applicable', 'not applicable')",Other,
ID1345,q13,"('not applicable', 'not applicable')",Other,
ID1345,q14,"('not applicable', 'not applicable')",Other,
ID1345,q15,"('not applicable', 'not applicable')",Other,
ID1345,q16,"('not applicable', 'not applicable')",Other,
ID1345,q17,"('not applicable', 'not applicable')",Other,
ID1345,q18,"('not applicable', 'not applicable')",Other,
ID1345,q19,"('not applicable', 'not applicable')",Other,
ID1345,q20,"('not applicable', 'not applicable')",Other,
ID1345,q21,"('not applicable', 'not applicable')",Other,
ID1345,q22,"('not applicable', 'not applicable')",Other,
ID1349,q2,"('High', 'High')",High Relevance Labels,"('High', 'High')"
ID1349,q3,"('Low', 'Low')",Low Relevance Labels,"('Low', 'Low')"
ID1349,q4,"('High', 'High')",High Relevance Labels,"('High', 'High')"
ID1349,q5,"('High', 'Low')",High Relevance Labels,"('High', 'Low')"
ID1349,q6,"('Low', 'Low')",Low Relevance Labels,"('Low', 'Low')"
ID1349,q7,"('High', 'Low')",High Relevance Labels,"('High', 'Low')"
ID1349,q8,"('High', 'Low')",High Relevance Labels,"('High', 'Low')"
ID1349,q9,"('High', 'Low')",High Relevance Labels,"('High', 'Low')"
ID1349,q10,"('High', 'Low')",High Relevance Labels,"('High', 'Low')"
ID1349,q11,"('High', 'Low')",High Relevance Labels,"('High', 'Low')"
ID1349,q12,"('High', 'Low')",High Relevance Labels,"('High', 'Low')"
ID1349,q13,"('High', 'Low')",High Relevance Labels,"('High', 'Low')"
ID1349,q14,"('High', 'Low')",High Relevance Labels,"('High', 'Low')"
ID1349,q15,"('High', 'Low')",High Relevance Labels,"('High', 'Low')"
ID1350,q2,"('High', 'High')",High Relevance Labels,"('High', 'High')"
ID1350,q3,"('High', 'High')",High Relevance Labels,"('High', 'High')"
ID1350,q4,"('Low', 'Low')",Low Relevance Labels,"('Low', 'Low')"
ID1350,q5,"('Irr', 'Low')",Low Relevance Labels,"('Low', 'Irr')"
ID1350,q6,"('Low', 'Low')",Low Relevance Labels,"('Low', 'Low')"
ID1350,q7,"('Low', 'Low')",Low Relevance Labels,"('Low', 'Low')"
ID1350,q8,"('Low', 'Low')",Low Relevance Labels,"('Low', 'Low')"
ID1350,q9,"('Low', 'Low')",Low Relevance Labels,"('Low', 'Low')"
ID1350,q10,"('Low', 'Low')",Low Relevance Labels,"('Low', 'Low')"
ID1350,q11,"('High', 'Low')",High Relevance Labels,"('High', 'Low')"
ID1350,q12,"('Low', 'Low')",Low Relevance Labels,"('Low', 'Low')"
ID1350,q13,"('High', 'High')",High Relevance Labels,"('High', 'High')"
ID1350,q14,"('High', 'High')",High Relevance Labels,"('High', 'High')"
ID1350,q15,"('High', 'Irr')",Low Relevance Labels,"('High', 'Irr')"
ID1350,q16,"('Irr', 'Irr')",Irrelevant Labels,"('Irr', 'Irr')"
ID1350,q17,"('High', 'not applicable')",Other,
ID1350,q18,"('High', 'not applicable')",Other,
ID1350,q19,"('High', 'not applicable')",Other,
ID1350,q20,"('not applicable', 'not applicable')",Other,
ID1350,q21,"('not applicable', 'not applicable')",Other,
ID1350,q22,"('not applicable', 'not applicable')",Other,
ID1354,q2,"('Irr', 'Low')",Low Relevance Labels,"('Low', 'Irr')"
ID1354,q3,"('High', 'High')",High Relevance Labels,"('High', 'High')"
ID1354,q4,"('High', 'High')",High Relevance Labels,"('High', 'High')"
ID1354,q5,"('Low', 'Low')",Low Relevance Labels,"('Low', 'Low')"
ID1354,q6,"('High', 'Low')",High Relevance Labels,"('High', 'Low')"
ID1354,q7,"('High', 'Low')",High Relevance Labels,"('High', 'Low')"
ID1354,q8,"('Irr', 'Low')",Low Relevance Labels,"('Low', 'Irr')"
ID1354,q9,"('Irr', 'Low')",Low Relevance Labels,"('Low', 'Irr')"
ID1354,q10,"('Irr', 'Low')",Low Relevance Labels,"('Low', 'Irr')"
ID1354,q11,"('Irr', 'Low')",Low Relevance Labels,"('Low', 'Irr')"
ID1354,q12,"('Irr', 'Low')",Low Relevance Labels,"('Low', 'Irr')"
ID1354,q13,"('Irr', 'Low')",Low Relevance Labels,"('Low', 'Irr')"
ID1354,q14,"('High', 'High')",High Relevance Labels,"('High', 'High')"
ID1354,q15,"('not applicable', 'not applicable')",Other,
ID1354,q16,"('not applicable', 'not applicable')",Other,
ID1354,q17,"('not applicable', 'not applicable')",Other,
ID1354,q18,"('not applicable', 'not applicable')",Other,
ID1354,q19,"('not applicable', 'not applicable')",Other,
ID1354,q20,"('not applicable', 'not applicable')",Other,
ID1354,q21,"('not applicable', 'not applicable')",Other,
ID1354,q22,"('not applicable', 'not applicable')",Other,
ID1360,q2,"('High', 'Low')",High Relevance Labels,"('High', 'Low')"
ID1360,q3,"('High', 'Low')",High Relevance Labels,"('High', 'Low')"
ID1360,q4,"('Low', 'Low')",Low Relevance Labels,"('Low', 'Low')"
ID1360,q5,"('High', 'Low')",High Relevance Labels,"('High', 'Low')"
ID1360,q6,"('Low', 'Low')",Low Relevance Labels,"('Low', 'Low')"
ID1360,q7,"('High', 'Low')",High Relevance Labels,"('High', 'Low')"
ID1360,q8,"('Low', 'Low')",Low Relevance Labels,"('Low', 'Low')"
ID1360,q9,"('Low', 'Low')",Low Relevance Labels,"('Low', 'Low')"
ID1360,q10,"('Low', 'Low')",Low Relevance Labels,"('Low', 'Low')"
ID1360,q11,"('High', 'High')",High Relevance Labels,"('High', 'High')"
ID1360,q12,"('High', 'High')",High Relevance Labels,"('High', 'High')"
ID1360,q13,"('not applicable', 'not applicable')",Other,
ID1360,q14,"('not applicable', 'not applicable')",Other,
ID1360,q15,"('not applicable', 'not applicable')",Other,
ID1360,q16,"('not applicable', 'not applicable')",Other,
ID1360,q17,"('not applicable', 'not applicable')",Other,
ID1360,q18,"('not applicable', 'not applicable')",Other,
ID1360,q19,"('not applicable', 'not applicable')",Other,
ID1360,q20,"('not applicable', 'not applicable')",Other,
ID1360,q21,"('not applicable', 'not applicable')",Other,
ID1360,q22,"('not applicable', 'not applicable')",Other,
ID1371,q2,"('High', 'Low')",High Relevance Labels,"('High', 'Low')"
ID1371,q3,"('Irr', 'Low')",Low Relevance Labels,"('Low', 'Irr')"
ID1371,q4,"('High', 'Low')",High Relevance Labels,"('High', 'Low')"
ID1371,q5,"('Irr', 'Low')",Low Relevance Labels,"('Low', 'Irr')"
ID1371,q6,"('Irr', 'Low')",Low Relevance Labels,"('Low', 'Irr')"
ID1371,q7,"('High', 'High')",High Relevance Labels,"('High', 'High')"
ID1371,q8,"('Low', 'Low')",Low Relevance Labels,"('Low', 'Low')"
ID1371,q9,"('High', 'High')",High Relevance Labels,"('High', 'High')"
ID1371,q10,"('not applicable', 'not applicable')",Other,
ID1371,q11,"('not applicable', 'not applicable')",Other,
ID1371,q12,"('not applicable', 'not applicable')",Other,
ID1371,q13,"('not applicable', 'not applicable')",Other,
ID1371,q14,"('not applicable', 'not applicable')",Other,
ID1371,q15,"('not applicable', 'not applicable')",Other,
ID1371,q16,"('not applicable', 'not applicable')",Other,
ID1371,q17,"('not applicable', 'not applicable')",Other,
ID1371,q18,"('not applicable', 'not applicable')",Other,
ID1371,q19,"('not applicable', 'not applicable')",Other,
ID1371,q20,"('not applicable', 'not applicable')",Other,
ID1371,q21,"('not applicable', 'not applicable')",Other,
ID1371,q22,"('not applicable', 'not applicable')",Other,
ID1374,q2,"('High', 'Low')",High Relevance Labels,"('High', 'Low')"
ID1374,q3,"('Low', 'Low')",Low Relevance Labels,"('Low', 'Low')"
ID1374,q4,"('High', 'Low')",High Relevance Labels,"('High', 'Low')"
ID1374,q5,"('Irr', 'Low')",Low Relevance Labels,"('Low', 'Irr')"
ID1374,q6,"('High', 'High')",High Relevance Labels,"('High', 'High')"
ID1374,q7,"('Low', 'Low')",Low Relevance Labels,"('Low', 'Low')"
ID1374,q8,"('High', 'Low')",High Relevance Labels,"('High', 'Low')"
ID1374,q9,"('High', 'Low')",High Relevance Labels,"('High', 'Low')"
ID1374,q10,"('High', 'High')",High Relevance Labels,"('High', 'High')"
ID1374,q11,"('High', 'High')",High Relevance Labels,"('High', 'High')"
ID1374,q12,"('High', 'Low')",High Relevance Labels,"('High', 'Low')"
ID1374,q13,"('High', 'Low')",High Relevance Labels,"('High', 'Low')"
ID1374,q14,"('High', 'not applicable')",Other,
ID1374,q15,"('not applicable', 'not applicable')",Other,
ID1374,q16,"('not applicable', 'not applicable')",Other,
ID1374,q17,"('not applicable', 'not applicable')",Other,
ID1374,q18,"('not applicable', 'not applicable')",Other,
ID1374,q19,"('not applicable', 'not applicable')",Other,
ID1374,q20,"('not applicable', 'not applicable')",Other,
ID1374,q21,"('not applicable', 'not applicable')",Other,
ID1374,q22,"('not applicable', 'not applicable')",Other,
ID1394,q2,"('High', 'Irr')",Low Relevance Labels,"('High', 'Irr')"
ID1394,q3,"('Low', 'Low')",Low Relevance Labels,"('Low', 'Low')"
ID1394,q4,"('Low', 'Low')",Low Relevance Labels,"('Low', 'Low')"
ID1394,q5,"('Low', 'Low')",Low Relevance Labels,"('Low', 'Low')"
ID1394,q6,"('High', 'Low')",High Relevance Labels,"('High', 'Low')"
ID1394,q7,"('High', 'High')",High Relevance Labels,"('High', 'High')"
ID1394,q8,"('High', 'Low')",High Relevance Labels,"('High', 'Low')"
ID1394,q9,"('High', 'Low')",High Relevance Labels,"('High', 'Low')"
ID1394,q10,"('Low', 'Low')",Low Relevance Labels,"('Low', 'Low')"
ID1394,q11,"('Irr', 'Low')",Low Relevance Labels,"('Low', 'Irr')"
ID1394,q12,"('Irr', 'Low')",Low Relevance Labels,"('Low', 'Irr')"
ID1394,q13,"('Irr', 'Low')",Low Relevance Labels,"('Low', 'Irr')"
ID1394,q14,"('High', 'Low')",High Relevance Labels,"('High', 'Low')"
ID1394,q15,"('not applicable', 'not applicable')",Other,
ID1394,q16,"('not applicable', 'not applicable')",Other,
ID1394,q17,"('not applicable', 'not applicable')",Other,
ID1394,q18,"('not applicable', 'not applicable')",Other,
ID1394,q19,"('not applicable', 'not applicable')",Other,
ID1394,q20,"('not applicable', 'not applicable')",Other,
ID1394,q21,"('not applicable', 'not applicable')",Other,
ID1394,q22,"('not applicable', 'not applicable')",Other,
ID1396,q2,"('Irr', 'Low')",Low Relevance Labels,"('Low', 'Irr')"
ID1396,q3,"('High', 'Low')",High Relevance Labels,"('High', 'Low')"
ID1396,q4,"('High', 'High')",High Relevance Labels,"('High', 'High')"
ID1396,q5,"('Low', 'Low')",Low Relevance Labels,"('Low', 'Low')"
ID1396,q6,"('not applicable', 'not applicable')",Other,
ID1396,q7,"('not applicable', 'not applicable')",Other,
ID1396,q8,"('not applicable', 'not applicable')",Other,
ID1396,q9,"('not applicable', 'not applicable')",Other,
ID1396,q10,"('not applicable', 'not applicable')",Other,
ID1396,q11,"('not applicable', 'not applicable')",Other,
ID1396,q12,"('not applicable', 'not applicable')",Other,
ID1396,q13,"('not applicable', 'not applicable')",Other,
ID1396,q14,"('not applicable', 'not applicable')",Other,
ID1396,q15,"('not applicable', 'not applicable')",Other,
ID1396,q16,"('not applicable', 'not applicable')",Other,
ID1396,q17,"('not applicable', 'not applicable')",Other,
ID1396,q18,"('not applicable', 'not applicable')",Other,
ID1396,q19,"('not applicable', 'not applicable')",Other,
ID1396,q20,"('not applicable', 'not applicable')",Other,
ID1396,q21,"('not applicable', 'not applicable')",Other,
ID1396,q22,"('not applicable', 'not applicable')",Other,
ID1398,q2,"('High', 'High')",High Relevance Labels,"('High', 'High')"
ID1398,q3,"('Low', 'Low')",Low Relevance Labels,"('Low', 'Low')"
ID1398,q4,"('High', 'Low')",High Relevance Labels,"('High', 'Low')"
ID1398,q5,"('High', 'Low')",High Relevance Labels,"('High', 'Low')"
ID1398,q6,"('Low', 'Low')",Low Relevance Labels,"('Low', 'Low')"
ID1398,q7,"('High', 'Low')",High Relevance Labels,"('High', 'Low')"
ID1398,q8,"('High', 'High')",High Relevance Labels,"('High', 'High')"
ID1398,q9,"('High', 'Low')",High Relevance Labels,"('High', 'Low')"
ID1398,q10,"('High', 'Low')",High Relevance Labels,"('High', 'Low')"
ID1398,q11,"('Low', 'Low')",Low Relevance Labels,"('Low', 'Low')"
ID1398,q12,"('Low', 'Low')",Low Relevance Labels,"('Low', 'Low')"
ID1398,q13,"('not applicable', 'not applicable')",Other,
ID1398,q14,"('not applicable', 'not applicable')",Other,
ID1398,q15,"('not applicable', 'not applicable')",Other,
ID1398,q16,"('not applicable', 'not applicable')",Other,
ID1398,q17,"('not applicable', 'not applicable')",Other,
ID1398,q18,"('not applicable', 'not applicable')",Other,
ID1398,q19,"('not applicable', 'not applicable')",Other,
ID1398,q20,"('not applicable', 'not applicable')",Other,
ID1398,q21,"('not applicable', 'not applicable')",Other,
ID1398,q22,"('not applicable', 'not applicable')",Other,
ID1399,q2,"('High', 'High')",High Relevance Labels,"('High', 'High')"
ID1399,q3,"('High', 'High')",High Relevance Labels,"('High', 'High')"
ID1399,q4,"('High', 'Low')",High Relevance Labels,"('High', 'Low')"
ID1399,q5,"('High', 'High')",High Relevance Labels,"('High', 'High')"
ID1399,q6,"('Irr', 'Low')",Low Relevance Labels,"('Low', 'Irr')"
ID1399,q7,"('Irr', 'Low')",Low Relevance Labels,"('Low', 'Irr')"
ID1399,q8,"('High', 'High')",High Relevance Labels,"('High', 'High')"
ID1399,q9,"('High', 'High')",High Relevance Labels,"('High', 'High')"
ID1399,q10,"('Low', 'Low')",Low Relevance Labels,"('Low', 'Low')"
ID1399,q11,"('High', 'Low')",High Relevance Labels,"('High', 'Low')"
ID1399,q12,"('Irr', 'Low')",Low Relevance Labels,"('Low', 'Irr')"
ID1399,q13,"('not applicable', 'not applicable')",Other,
ID1399,q14,"('not applicable', 'not applicable')",Other,
ID1399,q15,"('not applicable', 'not applicable')",Other,
ID1399,q16,"('not applicable', 'not applicable')",Other,
ID1399,q17,"('not applicable', 'not applicable')",Other,
ID1399,q18,"('not applicable', 'not applicable')",Other,
ID1399,q19,"('not applicable', 'not applicable')",Other,
ID1399,q20,"('not applicable', 'not applicable')",Other,
ID1399,q21,"('not applicable', 'not applicable')",Other,
ID1399,q22,"('not applicable', 'not applicable')",Other,
ID1401,q2,"('High', 'High')",High Relevance Labels,"('High', 'High')"
ID1401,q3,"('High', 'Low')",High Relevance Labels,"('High', 'Low')"
ID1401,q4,"('Low', 'Low')",Low Relevance Labels,"('Low', 'Low')"
ID1401,q5,"('Low', 'Low')",Low Relevance Labels,"('Low', 'Low')"
ID1401,q6,"('High', 'Low')",High Relevance Labels,"('High', 'Low')"
ID1401,q7,"('Low', 'Low')",Low Relevance Labels,"('Low', 'Low')"
ID1401,q8,"('Low', 'Low')",Low Relevance Labels,"('Low', 'Low')"
ID1401,q9,"('Low', 'Low')",Low Relevance Labels,"('Low', 'Low')"
ID1401,q10,"('Low', 'Low')",Low Relevance Labels,"('Low', 'Low')"
ID1401,q11,"('Irr', 'Irr')",Irrelevant Labels,"('Irr', 'Irr')"
ID1401,q12,"('Irr', 'Low')",Low Relevance Labels,"('Low', 'Irr')"
ID1401,q13,"('not applicable', 'not applicable')",Other,
ID1401,q14,"('not applicable', 'not applicable')",Other,
ID1401,q15,"('not applicable', 'not applicable')",Other,
ID1401,q16,"('not applicable', 'not applicable')",Other,
ID1401,q17,"('not applicable', 'not applicable')",Other,
ID1401,q18,"('not applicable', 'not applicable')",Other,
ID1401,q19,"('not applicable', 'not applicable')",Other,
ID1401,q20,"('not applicable', 'not applicable')",Other,
ID1401,q21,"('not applicable', 'not applicable')",Other,
ID1401,q22,"('not applicable', 'not applicable')",Other,
ID1402,q2,"('High', 'High')",High Relevance Labels,"('High', 'High')"
ID1402,q3,"('High', 'Low')",High Relevance Labels,"('High', 'Low')"
ID1402,q4,"('High', 'Low')",High Relevance Labels,"('High', 'Low')"
ID1402,q5,"('Low', 'Low')",Low Relevance Labels,"('Low', 'Low')"
ID1402,q6,"('Irr', 'Low')",Low Relevance Labels,"('Low', 'Irr')"
ID1402,q7,"('Irr', 'Low')",Low Relevance Labels,"('Low', 'Irr')"
ID1402,q8,"('High', 'Low')",High Relevance Labels,"('High', 'Low')"
ID1402,q9,"('High', 'Low')",High Relevance Labels,"('High', 'Low')"
ID1402,q10,"('Low', 'Low')",Low Relevance Labels,"('Low', 'Low')"
ID1402,q11,"('High', 'Low')",High Relevance Labels,"('High', 'Low')"
ID1402,q12,"('High', 'High')",High Relevance Labels,"('High', 'High')"
ID1402,q13,"('High', 'Low')",High Relevance Labels,"('High', 'Low')"
ID1402,q14,"('Low', 'Low')",Low Relevance Labels,"('Low', 'Low')"
ID1402,q15,"('Irr', 'Irr')",Irrelevant Labels,"('Irr', 'Irr')"
ID1402,q16,"('High', 'Low')",High Relevance Labels,"('High', 'Low')"
ID1402,q17,"('Low', 'Low')",Low Relevance Labels,"('Low', 'Low')"
ID1402,q18,"('Low', 'Low')",Low Relevance Labels,"('Low', 'Low')"
ID1402,q19,"('High', 'Low')",High Relevance Labels,"('High', 'Low')"
ID1402,q20,"('Low', 'not applicable')",Other,
ID1402,q21,"('not applicable', 'not applicable')",Other,
ID1402,q22,"('not applicable', 'not applicable')",Other,
ID1405,q2,"('High', 'High')",High Relevance Labels,"('High', 'High')"
ID1405,q3,"('High', 'Low')",High Relevance Labels,"('High', 'Low')"
ID1405,q4,"('Low', 'Low')",Low Relevance Labels,"('Low', 'Low')"
ID1405,q5,"('Low', 'Low')",Low Relevance Labels,"('Low', 'Low')"
ID1405,q6,"('High', 'High')",High Relevance Labels,"('High', 'High')"
ID1405,q7,"('not applicable', 'not applicable')",Other,
ID1405,q8,"('not applicable', 'not applicable')",Other,
ID1405,q9,"('not applicable', 'not applicable')",Other,
ID1405,q10,"('not applicable', 'not applicable')",Other,
ID1405,q11,"('not applicable', 'not applicable')",Other,
ID1405,q12,"('not applicable', 'not applicable')",Other,
ID1405,q13,"('not applicable', 'not applicable')",Other,
ID1405,q14,"('not applicable', 'not applicable')",Other,
ID1405,q15,"('not applicable', 'not applicable')",Other,
ID1405,q16,"('not applicable', 'not applicable')",Other,
ID1405,q17,"('not applicable', 'not applicable')",Other,
ID1405,q18,"('not applicable', 'not applicable')",Other,
ID1405,q19,"('not applicable', 'not applicable')",Other,
ID1405,q20,"('not applicable', 'not applicable')",Other,
ID1405,q21,"('not applicable', 'not applicable')",Other,
ID1405,q22,"('not applicable', 'not applicable')",Other,
ID1411,q2,"('High', 'Low')",High Relevance Labels,"('High', 'Low')"
ID1411,q3,"('High', 'High')",High Relevance Labels,"('High', 'High')"
ID1411,q4,"('High', 'High')",High Relevance Labels,"('High', 'High')"
ID1411,q5,"('Low', 'Low')",Low Relevance Labels,"('Low', 'Low')"
ID1411,q6,"('Low', 'Low')",Low Relevance Labels,"('Low', 'Low')"
ID1411,q7,"('Irr', 'Irr')",Irrelevant Labels,"('Irr', 'Irr')"
ID1411,q8,"('Irr', 'Low')",Low Relevance Labels,"('Low', 'Irr')"
ID1411,q9,"('Irr', 'Low')",Low Relevance Labels,"('Low', 'Irr')"
ID1411,q10,"('High', 'Low')",High Relevance Labels,"('High', 'Low')"
ID1411,q11,"('High', 'High')",High Relevance Labels,"('High', 'High')"
ID1411,q12,"('Low', 'Low')",Low Relevance Labels,"('Low', 'Low')"
ID1411,q13,"('Irr', 'Irr')",Irrelevant Labels,"('Irr', 'Irr')"
ID1411,q14,"('not applicable', 'not applicable')",Other,
ID1411,q15,"('not applicable', 'not applicable')",Other,
ID1411,q16,"('not applicable', 'not applicable')",Other,
ID1411,q17,"('not applicable', 'not applicable')",Other,
ID1411,q18,"('not applicable', 'not applicable')",Other,
ID1411,q19,"('not applicable', 'not applicable')",Other,
ID1411,q20,"('not applicable', 'not applicable')",Other,
ID1411,q21,"('not applicable', 'not applicable')",Other,
ID1411,q22,"('not applicable', 'not applicable')",Other,
ID1418,q2,"('High', 'High')",High Relevance Labels,"('High', 'High')"
ID1418,q3,"('High', 'Low')",High Relevance Labels,"('High', 'Low')"
ID1418,q4,"('High', 'Low')",High Relevance Labels,"('High', 'Low')"
ID1418,q5,"('High', 'Low')",High Relevance Labels,"('High', 'Low')"
ID1418,q6,"('Low', 'Low')",Low Relevance Labels,"('Low', 'Low')"
ID1418,q7,"('High', 'Low')",High Relevance Labels,"('High', 'Low')"
ID1418,q8,"('Low', 'Low')",Low Relevance Labels,"('Low', 'Low')"
ID1418,q9,"('High', 'Low')",High Relevance Labels,"('High', 'Low')"
ID1418,q10,"('Low', 'Low')",Low Relevance Labels,"('Low', 'Low')"
ID1418,q11,"('Low', 'Low')",Low Relevance Labels,"('Low', 'Low')"
ID1418,q12,"('High', 'High')",High Relevance Labels,"('High', 'High')"
ID1418,q13,"('Low', 'Low')",Low Relevance Labels,"('Low', 'Low')"
ID1418,q14,"('High', 'Low')",High Relevance Labels,"('High', 'Low')"
ID1418,q15,"('High', 'Low')",High Relevance Labels,"('High', 'Low')"
ID1418,q16,"('not applicable', 'not applicable')",Other,
ID1418,q17,"('not applicable', 'not applicable')",Other,
ID1418,q18,"('not applicable', 'not applicable')",Other,
ID1418,q19,"('not applicable', 'not applicable')",Other,
ID1418,q20,"('not applicable', 'not applicable')",Other,
ID1418,q21,"('not applicable', 'not applicable')",Other,
ID1418,q22,"('not applicable', 'not applicable')",Other,
ID1419,q2,"('High', 'High')",High Relevance Labels,"('High', 'High')"
ID1419,q3,"('Low', 'Low')",Low Relevance Labels,"('Low', 'Low')"
ID1419,q4,"('Low', 'Low')",Low Relevance Labels,"('Low', 'Low')"
ID1419,q5,"('High', 'Low')",High Relevance Labels,"('High', 'Low')"
ID1419,q6,"('High', 'High')",High Relevance Labels,"('High', 'High')"
ID1419,q7,"('High', 'Low')",High Relevance Labels,"('High', 'Low')"
ID1419,q8,"('Irr', 'not applicable')",Other,
ID1419,q9,"('High', 'Low')",High Relevance Labels,"('High', 'Low')"
ID1419,q10,"('High', 'High')",High Relevance Labels,"('High', 'High')"
ID1419,q11,"('Low', 'Low')",Low Relevance Labels,"('Low', 'Low')"
ID1419,q12,"('Irr', 'Irr')",Irrelevant Labels,"('Irr', 'Irr')"
ID1419,q13,"('High', 'Irr')",Low Relevance Labels,"('High', 'Irr')"
ID1419,q14,"('High', 'Irr')",Low Relevance Labels,"('High', 'Irr')"
ID1419,q15,"('not applicable', 'not applicable')",Other,
ID1419,q16,"('not applicable', 'not applicable')",Other,
ID1419,q17,"('not applicable', 'not applicable')",Other,
ID1419,q18,"('not applicable', 'not applicable')",Other,
ID1419,q19,"('not applicable', 'not applicable')",Other,
ID1419,q20,"('not applicable', 'not applicable')",Other,
ID1419,q21,"('not applicable', 'not applicable')",Other,
ID1419,q22,"('not applicable', 'not applicable')",Other,
ID1421,q2,"('High', 'Low')",High Relevance Labels,"('High', 'Low')"
ID1421,q3,"('High', 'Low')",High Relevance Labels,"('High', 'Low')"
ID1421,q4,"('High', 'High')",High Relevance Labels,"('High', 'High')"
ID1421,q5,"('High', 'Irr')",Low Relevance Labels,"('High', 'Irr')"
ID1421,q6,"('High', 'Irr')",Low Relevance Labels,"('High', 'Irr')"
ID1421,q7,"('Irr', 'Irr')",Irrelevant Labels,"('Irr', 'Irr')"
ID1421,q8,"('Irr', 'Irr')",Irrelevant Labels,"('Irr', 'Irr')"
ID1421,q9,"('High', 'High')",High Relevance Labels,"('High', 'High')"
ID1421,q10,"('High', 'Low')",High Relevance Labels,"('High', 'Low')"
ID1421,q11,"('High', 'High')",High Relevance Labels,"('High', 'High')"
ID1421,q12,"('High', 'Irr')",Low Relevance Labels,"('High', 'Irr')"
ID1421,q13,"('High', 'Irr')",Low Relevance Labels,"('High', 'Irr')"
ID1421,q14,"('not applicable', 'not applicable')",Other,
ID1421,q15,"('not applicable', 'not applicable')",Other,
ID1421,q16,"('not applicable', 'not applicable')",Other,
ID1421,q17,"('not applicable', 'not applicable')",Other,
ID1421,q18,"('not applicable', 'not applicable')",Other,
ID1421,q19,"('not applicable', 'not applicable')",Other,
ID1421,q20,"('not applicable', 'not applicable')",Other,
ID1421,q21,"('not applicable', 'not applicable')",Other,
ID1421,q22,"('not applicable', 'not applicable')",Other,
ID1429,q2,"('High', 'Low')",High Relevance Labels,"('High', 'Low')"
ID1429,q3,"('High', 'Low')",High Relevance Labels,"('High', 'Low')"
ID1429,q4,"('Low', 'Low')",Low Relevance Labels,"('Low', 'Low')"
ID1429,q5,"('Low', 'Low')",Low Relevance Labels,"('Low', 'Low')"
ID1429,q6,"('Low', 'Low')",Low Relevance Labels,"('Low', 'Low')"
ID1429,q7,"('High', 'Low')",High Relevance Labels,"('High', 'Low')"
ID1429,q8,"('Low', 'Low')",Low Relevance Labels,"('Low', 'Low')"
ID1429,q9,"('High', 'High')",High Relevance Labels,"('High', 'High')"
ID1429,q10,"('Low', 'Low')",Low Relevance Labels,"('Low', 'Low')"
ID1429,q11,"('Irr', 'Irr')",Irrelevant Labels,"('Irr', 'Irr')"
ID1429,q12,"('not applicable', 'not applicable')",Other,
ID1429,q13,"('not applicable', 'not applicable')",Other,
ID1429,q14,"('not applicable', 'not applicable')",Other,
ID1429,q15,"('not applicable', 'not applicable')",Other,
ID1429,q16,"('not applicable', 'not applicable')",Other,
ID1429,q17,"('not applicable', 'not applicable')",Other,
ID1429,q18,"('not applicable', 'not applicable')",Other,
ID1429,q19,"('not applicable', 'not applicable')",Other,
ID1429,q20,"('not applicable', 'not applicable')",Other,
ID1429,q21,"('not applicable', 'not applicable')",Other,
ID1429,q22,"('not applicable', 'not applicable')",Other,
ID1434,q2,"('High', 'High')",High Relevance Labels,"('High', 'High')"
ID1434,q3,"('High', 'Low')",High Relevance Labels,"('High', 'Low')"
ID1434,q4,"('High', 'Low')",High Relevance Labels,"('High', 'Low')"
ID1434,q5,"('Low', 'Low')",Low Relevance Labels,"('Low', 'Low')"
ID1434,q6,"('High', 'Low')",High Relevance Labels,"('High', 'Low')"
ID1434,q7,"('High', 'Low')",High Relevance Labels,"('High', 'Low')"
ID1434,q8,"('High', 'High')",High Relevance Labels,"('High', 'High')"
ID1434,q9,"('not applicable', 'not applicable')",Other,
ID1434,q10,"('not applicable', 'not applicable')",Other,
ID1434,q11,"('not applicable', 'not applicable')",Other,
ID1434,q12,"('not applicable', 'not applicable')",Other,
ID1434,q13,"('not applicable', 'not applicable')",Other,
ID1434,q14,"('not applicable', 'not applicable')",Other,
ID1434,q15,"('not applicable', 'not applicable')",Other,
ID1434,q16,"('not applicable', 'not applicable')",Other,
ID1434,q17,"('not applicable', 'not applicable')",Other,
ID1434,q18,"('not applicable', 'not applicable')",Other,
ID1434,q19,"('not applicable', 'not applicable')",Other,
ID1434,q20,"('not applicable', 'not applicable')",Other,
ID1434,q21,"('not applicable', 'not applicable')",Other,
ID1434,q22,"('not applicable', 'not applicable')",Other,
ID1439,q2,"('High', 'High')",High Relevance Labels,"('High', 'High')"
ID1439,q3,"('High', 'High')",High Relevance Labels,"('High', 'High')"
ID1439,q4,"('High', 'High')",High Relevance Labels,"('High', 'High')"
ID1439,q5,"('High', 'High')",High Relevance Labels,"('High', 'High')"
ID1439,q6,"('Low', 'Low')",Low Relevance Labels,"('Low', 'Low')"
ID1439,q7,"('Low', 'Low')",Low Relevance Labels,"('Low', 'Low')"
ID1439,q8,"('Low', 'Low')",Low Relevance Labels,"('Low', 'Low')"
ID1439,q9,"('Low', 'Low')",Low Relevance Labels,"('Low', 'Low')"
ID1439,q10,"('not applicable', 'not applicable')",Other,
ID1439,q11,"('not applicable', 'not applicable')",Other,
ID1439,q12,"('not applicable', 'not applicable')",Other,
ID1439,q13,"('not applicable', 'not applicable')",Other,
ID1439,q14,"('not applicable', 'not applicable')",Other,
ID1439,q15,"('not applicable', 'not applicable')",Other,
ID1439,q16,"('not applicable', 'not applicable')",Other,
ID1439,q17,"('not applicable', 'not applicable')",Other,
ID1439,q18,"('not applicable', 'not applicable')",Other,
ID1439,q19,"('not applicable', 'not applicable')",Other,
ID1439,q20,"('not applicable', 'not applicable')",Other,
ID1439,q21,"('not applicable', 'not applicable')",Other,
ID1439,q22,"('not applicable', 'not applicable')",Other,
ID1446,q2,"('High', 'High')",High Relevance Labels,"('High', 'High')"
ID1446,q3,"('High', 'High')",High Relevance Labels,"('High', 'High')"
ID1446,q4,"('High', 'Low')",High Relevance Labels,"('High', 'Low')"
ID1446,q5,"('High', 'Low')",High Relevance Labels,"('High', 'Low')"
ID1446,q6,"('High', 'High')",High Relevance Labels,"('High', 'High')"
ID1446,q7,"('High', 'High')",High Relevance Labels,"('High', 'High')"
ID1446,q8,"('High', 'Low')",High Relevance Labels,"('High', 'Low')"
ID1458,q2,"('High', 'High')",High Relevance Labels,"('High', 'High')"
ID1458,q3,"('High', 'Low')",High Relevance Labels,"('High', 'Low')"
ID1458,q4,"('Low', 'Low')",Low Relevance Labels,"('Low', 'Low')"
ID1458,q5,"('High', 'High')",High Relevance Labels,"('High', 'High')"
ID1458,q6,"('Low', 'Low')",Low Relevance Labels,"('Low', 'Low')"
ID1458,q7,"('Low', 'Low')",Low Relevance Labels,"('Low', 'Low')"
ID1458,q8,"('High', 'High')",High Relevance Labels,"('High', 'High')"
ID1458,q9,"('High', 'Low')",High Relevance Labels,"('High', 'Low')"
ID1458,q10,"('High', 'Low')",High Relevance Labels,"('High', 'Low')"
ID1458,q11,"('High', 'Low')",High Relevance Labels,"('High', 'Low')"
ID1458,q12,"('High', 'High')",High Relevance Labels,"('High', 'High')"
ID1458,q13,"('High', 'Low')",High Relevance Labels,"('High', 'Low')"
ID1458,q14,"('not applicable', 'not applicable')",Other,
ID1458,q15,"('not applicable', 'not applicable')",Other,
ID1458,q16,"('not applicable', 'not applicable')",Other,
ID1458,q17,"('not applicable', 'not applicable')",Other,
ID1458,q18,"('not applicable', 'not applicable')",Other,
ID1458,q19,"('not applicable', 'not applicable')",Other,
ID1458,q20,"('not applicable', 'not applicable')",Other,
ID1458,q21,"('not applicable', 'not applicable')",Other,
ID1458,q22,"('not applicable', 'not applicable')",Other,
ID1460,q2,"('High', 'High')",High Relevance Labels,"('High', 'High')"
ID1460,q3,"('Low', 'Low')",Low Relevance Labels,"('Low', 'Low')"
ID1460,q4,"('High', 'High')",High Relevance Labels,"('High', 'High')"
ID1460,q5,"('Irr', 'Low')",Low Relevance Labels,"('Low', 'Irr')"
ID1460,q6,"('not applicable', 'not applicable')",Other,
ID1460,q7,"('not applicable', 'not applicable')",Other,
ID1460,q8,"('not applicable', 'not applicable')",Other,
ID1460,q9,"('not applicable', 'not applicable')",Other,
ID1460,q10,"('not applicable', 'not applicable')",Other,
ID1460,q11,"('not applicable', 'not applicable')",Other,
ID1460,q12,"('not applicable', 'not applicable')",Other,
ID1460,q13,"('not applicable', 'not applicable')",Other,
ID1460,q14,"('not applicable', 'not applicable')",Other,
ID1460,q15,"('not applicable', 'not applicable')",Other,
ID1460,q16,"('not applicable', 'not applicable')",Other,
ID1460,q17,"('not applicable', 'not applicable')",Other,
ID1460,q18,"('not applicable', 'not applicable')",Other,
ID1460,q19,"('not applicable', 'not applicable')",Other,
ID1460,q20,"('not applicable', 'not applicable')",Other,
ID1460,q21,"('not applicable', 'not applicable')",Other,
ID1460,q22,"('not applicable', 'not applicable')",Other,
ID1477,q2,"('High', 'Low')",High Relevance Labels,"('High', 'Low')"
ID1477,q3,"('High', 'High')",High Relevance Labels,"('High', 'High')"
ID1477,q4,"('High', 'High')",High Relevance Labels,"('High', 'High')"
ID1477,q5,"('High', 'High')",High Relevance Labels,"('High', 'High')"
ID1477,q6,"('High', 'High')",High Relevance Labels,"('High', 'High')"
ID1477,q7,"('Low', 'Low')",Low Relevance Labels,"('Low', 'Low')"
ID1477,q8,"('High', 'High')",High Relevance Labels,"('High', 'High')"
ID1477,q9,"('High', 'High')",High Relevance Labels,"('High', 'High')"
ID1477,q10,"('High', 'High')",High Relevance Labels,"('High', 'High')"
ID1477,q11,"('High', 'High')",High Relevance Labels,"('High', 'High')"
ID1477,q12,"('High', 'High')",High Relevance Labels,"('High', 'High')"
ID1477,q13,"('High', 'High')",High Relevance Labels,"('High', 'High')"
ID1477,q14,"('High', 'High')",High Relevance Labels,"('High', 'High')"
ID1477,q15,"('High', 'High')",High Relevance Labels,"('High', 'High')"
ID1477,q16,"('High', 'High')",High Relevance Labels,"('High', 'High')"
ID1477,q17,"('High', 'not applicable')",Other,
ID1477,q18,"('not applicable', 'not applicable')",Other,
ID1477,q19,"('not applicable', 'not applicable')",Other,
ID1477,q20,"('not applicable', 'not applicable')",Other,
ID1477,q21,"('not applicable', 'not applicable')",Other,
ID1477,q22,"('not applicable', 'not applicable')",Other,
ID1479,q2,"('Low', 'Low')",Low Relevance Labels,"('Low', 'Low')"
ID1479,q3,"('High', 'Low')",High Relevance Labels,"('High', 'Low')"
ID1479,q4,"('High', 'Low')",High Relevance Labels,"('High', 'Low')"
ID1479,q5,"('High', 'Low')",High Relevance Labels,"('High', 'Low')"
ID1479,q6,"('Irr', 'Low')",Low Relevance Labels,"('Low', 'Irr')"
ID1479,q7,"('Low', 'Low')",Low Relevance Labels,"('Low', 'Low')"
ID1479,q8,"('High', 'High')",High Relevance Labels,"('High', 'High')"
ID1479,q9,"('not applicable', 'not applicable')",Other,
ID1479,q10,"('not applicable', 'not applicable')",Other,
ID1479,q11,"('not applicable', 'not applicable')",Other,
ID1479,q12,"('not applicable', 'not applicable')",Other,
ID1479,q13,"('not applicable', 'not applicable')",Other,
ID1479,q14,"('not applicable', 'not applicable')",Other,
ID1479,q15,"('not applicable', 'not applicable')",Other,
ID1479,q16,"('not applicable', 'not applicable')",Other,
ID1479,q17,"('not applicable', 'not applicable')",Other,
ID1479,q18,"('not applicable', 'not applicable')",Other,
ID1479,q19,"('not applicable', 'not applicable')",Other,
ID1479,q20,"('not applicable', 'not applicable')",Other,
ID1479,q21,"('not applicable', 'not applicable')",Other,
ID1479,q22,"('not applicable', 'not applicable')",Other,
ID1486,q2,"('High', 'Low')",High Relevance Labels,"('High', 'Low')"
ID1486,q3,"('High', 'Low')",High Relevance Labels,"('High', 'Low')"
ID1486,q4,"('High', 'Low')",High Relevance Labels,"('High', 'Low')"
ID1486,q5,"('High', 'Low')",High Relevance Labels,"('High', 'Low')"
ID1486,q6,"('Low', 'Low')",Low Relevance Labels,"('Low', 'Low')"
ID1486,q7,"('Low', 'Low')",Low Relevance Labels,"('Low', 'Low')"
ID1486,q8,"('Low', 'Low')",Low Relevance Labels,"('Low', 'Low')"
ID1486,q9,"('High', 'High')",High Relevance Labels,"('High', 'High')"
ID1486,q10,"('High', 'Low')",High Relevance Labels,"('High', 'Low')"
ID1486,q11,"('not applicable', 'not applicable')",Other,
ID1486,q12,"('not applicable', 'not applicable')",Other,
ID1486,q13,"('not applicable', 'not applicable')",Other,
ID1486,q14,"('not applicable', 'not applicable')",Other,
ID1486,q15,"('not applicable', 'not applicable')",Other,
ID1486,q16,"('not applicable', 'not applicable')",Other,
ID1486,q17,"('not applicable', 'not applicable')",Other,
ID1486,q18,"('not applicable', 'not applicable')",Other,
ID1486,q19,"('not applicable', 'not applicable')",Other,
ID1486,q20,"('not applicable', 'not applicable')",Other,
ID1486,q21,"('not applicable', 'not applicable')",Other,
ID1486,q22,"('not applicable', 'not applicable')",Other,
ID1491,q2,"('High', 'High')",High Relevance Labels,"('High', 'High')"
ID1491,q3,"('High', 'High')",High Relevance Labels,"('High', 'High')"
ID1491,q4,"('High', 'Low')",High Relevance Labels,"('High', 'Low')"
ID1491,q5,"('High', 'High')",High Relevance Labels,"('High', 'High')"
ID1491,q6,"('High', 'High')",High Relevance Labels,"('High', 'High')"
ID1491,q7,"('High', 'High')",High Relevance Labels,"('High', 'High')"
ID1491,q8,"('Low', 'Low')",Low Relevance Labels,"('Low', 'Low')"
ID1491,q9,"('High', 'High')",High Relevance Labels,"('High', 'High')"
ID1491,q10,"('High', 'High')",High Relevance Labels,"('High', 'High')"
ID1491,q11,"('High', 'Low')",High Relevance Labels,"('High', 'Low')"
ID1491,q12,"('High', 'High')",High Relevance Labels,"('High', 'High')"
ID1491,q13,"('High', 'Low')",High Relevance Labels,"('High', 'Low')"
ID1491,q14,"('High', 'Low')",High Relevance Labels,"('High', 'Low')"
ID1491,q15,"('High', 'High')",High Relevance Labels,"('High', 'High')"
ID1491,q16,"('not applicable', 'not applicable')",Other,
ID1491,q17,"('not applicable', 'not applicable')",Other,
ID1491,q18,"('not applicable', 'not applicable')",Other,
ID1491,q19,"('not applicable', 'not applicable')",Other,
ID1491,q20,"('not applicable', 'not applicable')",Other,
ID1491,q21,"('not applicable', 'not applicable')",Other,
ID1491,q22,"('not applicable', 'not applicable')",Other,
ID1492,q2,"('High', 'High')",High Relevance Labels,"('High', 'High')"
ID1492,q3,"('High', 'High')",High Relevance Labels,"('High', 'High')"
ID1492,q4,"('Low', 'Low')",Low Relevance Labels,"('Low', 'Low')"
ID1492,q5,"('Low', 'Low')",Low Relevance Labels,"('Low', 'Low')"
ID1500,q2,"('High', 'Low')",High Relevance Labels,"('High', 'Low')"
ID1500,q3,"('Low', 'Low')",Low Relevance Labels,"('Low', 'Low')"
ID1500,q4,"('High', 'High')",High Relevance Labels,"('High', 'High')"
ID1500,q5,"('High', 'High')",High Relevance Labels,"('High', 'High')"
ID1500,q6,"('not applicable', 'not applicable')",Other,
ID1500,q7,"('not applicable', 'not applicable')",Other,
ID1500,q8,"('not applicable', 'not applicable')",Other,
ID1500,q9,"('not applicable', 'not applicable')",Other,
ID1500,q10,"('not applicable', 'not applicable')",Other,
ID1500,q11,"('not applicable', 'not applicable')",Other,
ID1500,q12,"('not applicable', 'not applicable')",Other,
ID1500,q13,"('not applicable', 'not applicable')",Other,
ID1500,q14,"('not applicable', 'not applicable')",Other,
ID1500,q15,"('not applicable', 'not applicable')",Other,
ID1500,q16,"('not applicable', 'not applicable')",Other,
ID1500,q17,"('not applicable', 'not applicable')",Other,
ID1500,q18,"('not applicable', 'not applicable')",Other,
ID1500,q19,"('not applicable', 'not applicable')",Other,
ID1500,q20,"('not applicable', 'not applicable')",Other,
ID1500,q21,"('not applicable', 'not applicable')",Other,
ID1500,q22,"('not applicable', 'not applicable')",Other,
ID1506,q2,"('High', 'High')",High Relevance Labels,"('High', 'High')"
ID1506,q3,"('Low', 'Low')",Low Relevance Labels,"('Low', 'Low')"
ID1506,q4,"('Low', 'Low')",Low Relevance Labels,"('Low', 'Low')"
ID1506,q5,"('Low', 'Low')",Low Relevance Labels,"('Low', 'Low')"
ID1506,q6,"('not applicable', 'not applicable')",Other,
ID1506,q7,"('not applicable', 'not applicable')",Other,
ID1506,q8,"('not applicable', 'not applicable')",Other,
ID1506,q9,"('not applicable', 'not applicable')",Other,
ID1506,q10,"('not applicable', 'not applicable')",Other,
ID1506,q11,"('not applicable', 'not applicable')",Other,
ID1506,q12,"('not applicable', 'not applicable')",Other,
ID1506,q13,"('not applicable', 'not applicable')",Other,
ID1506,q14,"('not applicable', 'not applicable')",Other,
ID1506,q15,"('not applicable', 'not applicable')",Other,
ID1506,q16,"('not applicable', 'not applicable')",Other,
ID1506,q17,"('not applicable', 'not applicable')",Other,
ID1506,q18,"('not applicable', 'not applicable')",Other,
ID1506,q19,"('not applicable', 'not applicable')",Other,
ID1506,q20,"('not applicable', 'not applicable')",Other,
ID1506,q21,"('not applicable', 'not applicable')",Other,
ID1506,q22,"('not applicable', 'not applicable')",Other,
ID1508,q2,"('Irr', 'Low')",Low Relevance Labels,"('Low', 'Irr')"
ID1508,q3,"('Irr', 'Low')",Low Relevance Labels,"('Low', 'Irr')"
ID1508,q4,"('Irr', 'Low')",Low Relevance Labels,"('Low', 'Irr')"
ID1508,q5,"('Irr', 'Low')",Low Relevance Labels,"('Low', 'Irr')"
ID1508,q6,"('Irr', 'Low')",Low Relevance Labels,"('Low', 'Irr')"
ID1508,q7,"('Irr', 'Low')",Low Relevance Labels,"('Low', 'Irr')"
ID1508,q8,"('Irr', 'Low')",Low Relevance Labels,"('Low', 'Irr')"
ID1508,q9,"('High', 'High')",High Relevance Labels,"('High', 'High')"
ID1508,q10,"('Irr', 'Low')",Low Relevance Labels,"('Low', 'Irr')"
ID1508,q11,"('Irr', 'Low')",Low Relevance Labels,"('Low', 'Irr')"
ID1508,q12,"('Irr', 'Low')",Low Relevance Labels,"('Low', 'Irr')"
ID1508,q13,"('Irr', 'Low')",Low Relevance Labels,"('Low', 'Irr')"
ID1508,q14,"('not applicable', 'not applicable')",Other,
ID1508,q15,"('not applicable', 'not applicable')",Other,
ID1508,q16,"('not applicable', 'not applicable')",Other,
ID1508,q17,"('not applicable', 'not applicable')",Other,
ID1508,q18,"('not applicable', 'not applicable')",Other,
ID1508,q19,"('not applicable', 'not applicable')",Other,
ID1508,q20,"('not applicable', 'not applicable')",Other,
ID1508,q21,"('not applicable', 'not applicable')",Other,
ID1508,q22,"('not applicable', 'not applicable')",Other,
ID1513,q2,"('High', 'High')",High Relevance Labels,"('High', 'High')"
ID1513,q3,"('High', 'High')",High Relevance Labels,"('High', 'High')"
ID1513,q4,"('High', 'High')",High Relevance Labels,"('High', 'High')"
ID1513,q5,"('High', 'High')",High Relevance Labels,"('High', 'High')"
ID1513,q6,"('High', 'High')",High Relevance Labels,"('High', 'High')"
ID1513,q7,"('Irr', 'Low')",Low Relevance Labels,"('Low', 'Irr')"
ID1513,q8,"('Irr', 'Low')",Low Relevance Labels,"('Low', 'Irr')"
ID1513,q9,"('High', 'Low')",High Relevance Labels,"('High', 'Low')"
ID1513,q10,"('High', 'High')",High Relevance Labels,"('High', 'High')"
ID1513,q11,"('High', 'High')",High Relevance Labels,"('High', 'High')"
ID1513,q12,"('High', 'High')",High Relevance Labels,"('High', 'High')"
ID1513,q13,"('High', 'High')",High Relevance Labels,"('High', 'High')"
ID1513,q14,"('High', 'High')",High Relevance Labels,"('High', 'High')"
ID1513,q15,"('Low', 'Low')",Low Relevance Labels,"('Low', 'Low')"
ID1513,q16,"('High', 'Low')",High Relevance Labels,"('High', 'Low')"
ID1513,q17,"('High', 'Irr')",Low Relevance Labels,"('High', 'Irr')"
ID1513,q18,"('Low', 'Low')",Low Relevance Labels,"('Low', 'Low')"
ID1513,q19,"('High', 'Low')",High Relevance Labels,"('High', 'Low')"
ID1513,q20,"('Low', 'Low')",Low Relevance Labels,"('Low', 'Low')"
ID1513,q21,"('High', 'Low')",High Relevance Labels,"('High', 'Low')"
ID1513,q22,"('Low', 'Low')",Low Relevance Labels,"('Low', 'Low')"
ID1514,q2,"('High', 'High')",High Relevance Labels,"('High', 'High')"
ID1514,q3,"('High', 'High')",High Relevance Labels,"('High', 'High')"
ID1514,q4,"('High', 'High')",High Relevance Labels,"('High', 'High')"
ID1514,q5,"('Low', 'Low')",Low Relevance Labels,"('Low', 'Low')"
ID1514,q6,"('Low', 'Low')",Low Relevance Labels,"('Low', 'Low')"
ID1514,q7,"('High', 'Low')",High Relevance Labels,"('High', 'Low')"
ID1514,q8,"('Irr', 'Low')",Low Relevance Labels,"('Low', 'Irr')"
ID1514,q9,"('High', 'Low')",High Relevance Labels,"('High', 'Low')"
ID1514,q10,"('High', 'Low')",High Relevance Labels,"('High', 'Low')"
ID1514,q11,"('High', 'High')",High Relevance Labels,"('High', 'High')"
ID1514,q12,"('High', 'Irr')",Low Relevance Labels,"('High', 'Irr')"
ID1514,q13,"('not applicable', 'not applicable')",Other,
ID1514,q14,"('not applicable', 'not applicable')",Other,
ID1514,q15,"('not applicable', 'not applicable')",Other,
ID1514,q16,"('not applicable', 'not applicable')",Other,
ID1514,q17,"('not applicable', 'not applicable')",Other,
ID1514,q18,"('not applicable', 'not applicable')",Other,
ID1514,q19,"('not applicable', 'not applicable')",Other,
ID1514,q20,"('not applicable', 'not applicable')",Other,
ID1514,q21,"('not applicable', 'not applicable')",Other,
ID1514,q22,"('not applicable', 'not applicable')",Other,
ID1515,q2,"('High', 'High')",High Relevance Labels,"('High', 'High')"
ID1515,q3,"('High', 'High')",High Relevance Labels,"('High', 'High')"
ID1515,q4,"('High', 'High')",High Relevance Labels,"('High', 'High')"
ID1515,q5,"('Low', 'Low')",Low Relevance Labels,"('Low', 'Low')"
ID1515,q6,"('Irr', 'Low')",Low Relevance Labels,"('Low', 'Irr')"
ID1515,q7,"('Irr', 'Low')",Low Relevance Labels,"('Low', 'Irr')"
ID1515,q8,"('Irr', 'Low')",Low Relevance Labels,"('Low', 'Irr')"
ID1515,q9,"('High', 'High')",High Relevance Labels,"('High', 'High')"
ID1515,q10,"('Low', 'Low')",Low Relevance Labels,"('Low', 'Low')"
ID1515,q11,"('Irr', 'Low')",Low Relevance Labels,"('Low', 'Irr')"
ID1515,q12,"('Low', 'Low')",Low Relevance Labels,"('Low', 'Low')"
ID1515,q13,"('not applicable', 'not applicable')",Other,
ID1515,q14,"('not applicable', 'not applicable')",Other,
ID1515,q15,"('not applicable', 'not applicable')",Other,
ID1515,q16,"('not applicable', 'not applicable')",Other,
ID1515,q17,"('not applicable', 'not applicable')",Other,
ID1515,q18,"('not applicable', 'not applicable')",Other,
ID1515,q19,"('not applicable', 'not applicable')",Other,
ID1515,q20,"('not applicable', 'not applicable')",Other,
ID1515,q21,"('not applicable', 'not applicable')",Other,
ID1515,q22,"('not applicable', 'not applicable')",Other,
ID1517,q2,"('High', 'High')",High Relevance Labels,"('High', 'High')"
ID1517,q3,"('High', 'High')",High Relevance Labels,"('High', 'High')"
ID1517,q4,"('Low', 'Low')",Low Relevance Labels,"('Low', 'Low')"
ID1517,q5,"('Low', 'Low')",Low Relevance Labels,"('Low', 'Low')"
ID1517,q6,"('High', 'Low')",High Relevance Labels,"('High', 'Low')"
ID1517,q7,"('Low', 'Low')",Low Relevance Labels,"('Low', 'Low')"
ID1517,q8,"('High', 'High')",High Relevance Labels,"('High', 'High')"
ID1517,q9,"('Low', 'Low')",Low Relevance Labels,"('Low', 'Low')"
ID1517,q10,"('Low', 'Low')",Low Relevance Labels,"('Low', 'Low')"
ID1517,q11,"('Irr', 'Low')",Low Relevance Labels,"('Low', 'Irr')"
ID1517,q12,"('High', 'Low')",High Relevance Labels,"('High', 'Low')"
ID1518,q2,"('High', 'High')",High Relevance Labels,"('High', 'High')"
ID1518,q3,"('High', 'High')",High Relevance Labels,"('High', 'High')"
ID1518,q4,"('Low', 'Low')",Low Relevance Labels,"('Low', 'Low')"
ID1518,q5,"('Irr', 'Low')",Low Relevance Labels,"('Low', 'Irr')"
ID1518,q6,"('High', 'High')",High Relevance Labels,"('High', 'High')"
ID1518,q7,"('High', 'High')",High Relevance Labels,"('High', 'High')"
ID1518,q8,"('High', 'Low')",High Relevance Labels,"('High', 'Low')"
ID1518,q9,"('Irr', 'Irr')",Irrelevant Labels,"('Irr', 'Irr')"
ID1518,q10,"('not applicable', 'not applicable')",Other,
ID1518,q11,"('not applicable', 'not applicable')",Other,
ID1518,q12,"('not applicable', 'not applicable')",Other,
ID1518,q13,"('not applicable', 'not applicable')",Other,
ID1518,q14,"('not applicable', 'not applicable')",Other,
ID1518,q15,"('not applicable', 'not applicable')",Other,
ID1518,q16,"('not applicable', 'not applicable')",Other,
ID1518,q17,"('not applicable', 'not applicable')",Other,
ID1518,q18,"('not applicable', 'not applicable')",Other,
ID1518,q19,"('not applicable', 'not applicable')",Other,
ID1518,q20,"('not applicable', 'not applicable')",Other,
ID1518,q21,"('not applicable', 'not applicable')",Other,
ID1518,q22,"('not applicable', 'not applicable')",Other,
ID1526,q2,"('High', 'High')",High Relevance Labels,"('High', 'High')"
ID1526,q3,"('High', 'Low')",High Relevance Labels,"('High', 'Low')"
ID1526,q4,"('High', 'Low')",High Relevance Labels,"('High', 'Low')"
ID1526,q5,"('High', 'High')",High Relevance Labels,"('High', 'High')"
ID1526,q6,"('Irr', 'Low')",Low Relevance Labels,"('Low', 'Irr')"
ID1526,q7,"('High', 'Low')",High Relevance Labels,"('High', 'Low')"
ID1526,q8,"('High', 'Low')",High Relevance Labels,"('High', 'Low')"
ID1526,q9,"('Irr', 'Low')",Low Relevance Labels,"('Low', 'Irr')"
ID1526,q10,"('not applicable', 'not applicable')",Other,
ID1526,q11,"('not applicable', 'not applicable')",Other,
ID1526,q12,"('not applicable', 'not applicable')",Other,
ID1526,q13,"('not applicable', 'not applicable')",Other,
ID1526,q14,"('not applicable', 'not applicable')",Other,
ID1526,q15,"('not applicable', 'not applicable')",Other,
ID1526,q16,"('not applicable', 'not applicable')",Other,
ID1526,q17,"('not applicable', 'not applicable')",Other,
ID1526,q18,"('not applicable', 'not applicable')",Other,
ID1526,q19,"('not applicable', 'not applicable')",Other,
ID1526,q20,"('not applicable', 'not applicable')",Other,
ID1526,q21,"('not applicable', 'not applicable')",Other,
ID1526,q22,"('not applicable', 'not applicable')",Other,
ID1530,q2,"('High', 'High')",High Relevance Labels,"('High', 'High')"
ID1530,q3,"('High', 'Low')",High Relevance Labels,"('High', 'Low')"
ID1530,q4,"('Low', 'Low')",Low Relevance Labels,"('Low', 'Low')"
ID1530,q5,"('Low', 'Low')",Low Relevance Labels,"('Low', 'Low')"
ID1530,q6,"('High', 'High')",High Relevance Labels,"('High', 'High')"
ID1530,q7,"('Irr', 'Low')",Low Relevance Labels,"('Low', 'Irr')"
ID1530,q8,"('Low', 'Low')",Low Relevance Labels,"('Low', 'Low')"
ID1530,q9,"('High', 'High')",High Relevance Labels,"('High', 'High')"
ID1530,q10,"('Irr', 'Low')",Low Relevance Labels,"('Low', 'Irr')"
ID1530,q11,"('High', 'High')",High Relevance Labels,"('High', 'High')"
ID1530,q12,"('High', 'High')",High Relevance Labels,"('High', 'High')"
ID1530,q13,"('Low', 'Low')",Low Relevance Labels,"('Low', 'Low')"
ID1530,q14,"('High', 'Low')",High Relevance Labels,"('High', 'Low')"
ID1530,q15,"('High', 'Low')",High Relevance Labels,"('High', 'Low')"
ID1530,q16,"('High', 'High')",High Relevance Labels,"('High', 'High')"
ID1531,q2,"('High', 'High')",High Relevance Labels,"('High', 'High')"
ID1531,q3,"('High', 'High')",High Relevance Labels,"('High', 'High')"
ID1531,q4,"('High', 'High')",High Relevance Labels,"('High', 'High')"
ID1531,q5,"('High', 'High')",High Relevance Labels,"('High', 'High')"
ID1531,q6,"('High', 'Irr')",Low Relevance Labels,"('High', 'Irr')"
ID1531,q7,"('Low', 'Low')",Low Relevance Labels,"('Low', 'Low')"
ID1532,q2,"('High', 'High')",High Relevance Labels,"('High', 'High')"
ID1532,q3,"('High', 'High')",High Relevance Labels,"('High', 'High')"
ID1532,q4,"('Low', 'Low')",Low Relevance Labels,"('Low', 'Low')"
ID1532,q5,"('Low', 'Low')",Low Relevance Labels,"('Low', 'Low')"
ID1532,q6,"('Low', 'Low')",Low Relevance Labels,"('Low', 'Low')"
ID1532,q7,"('Irr', 'Low')",Low Relevance Labels,"('Low', 'Irr')"
ID1532,q8,"('High', 'High')",High Relevance Labels,"('High', 'High')"
ID1532,q9,"('High', 'High')",High Relevance Labels,"('High', 'High')"
ID1532,q10,"('High', 'Low')",High Relevance Labels,"('High', 'Low')"
ID1532,q11,"('Irr', 'Low')",Low Relevance Labels,"('Low', 'Irr')"
ID1532,q12,"('Irr', 'Low')",Low Relevance Labels,"('Low', 'Irr')"
ID1532,q13,"('High', 'High')",High Relevance Labels,"('High', 'High')"
ID1532,q14,"('not applicable', 'not applicable')",Other,
ID1532,q15,"('not applicable', 'not applicable')",Other,
ID1532,q16,"('Irr', 'not applicable')",Other,
ID1532,q17,"('not applicable', 'not applicable')",Other,
ID1532,q18,"('not applicable', 'not applicable')",Other,
ID1532,q19,"('not applicable', 'not applicable')",Other,
ID1532,q20,"('not applicable', 'not applicable')",Other,
ID1532,q21,"('not applicable', 'not applicable')",Other,
ID1532,q22,"('not applicable', 'not applicable')",Other,
ID1538,q2,"('High', 'High')",High Relevance Labels,"('High', 'High')"
ID1538,q3,"('High', 'High')",High Relevance Labels,"('High', 'High')"
ID1538,q4,"('High', 'High')",High Relevance Labels,"('High', 'High')"
ID1538,q5,"('High', 'Low')",High Relevance Labels,"('High', 'Low')"
ID1538,q6,"('High', 'High')",High Relevance Labels,"('High', 'High')"
ID1538,q7,"('High', 'Low')",High Relevance Labels,"('High', 'Low')"
ID1538,q8,"('High', 'High')",High Relevance Labels,"('High', 'High')"
ID1538,q9,"('High', 'Low')",High Relevance Labels,"('High', 'Low')"
ID1538,q11,"('Low', 'Low')",Low Relevance Labels,"('Low', 'Low')"
ID1538,q12,"('Irr', 'Low')",Low Relevance Labels,"('Low', 'Irr')"
ID1538,q13,"('High', 'Irr')",Low Relevance Labels,"('High', 'Irr')"
ID1538,q14,"('High', 'Low')",High Relevance Labels,"('High', 'Low')"
ID1538,q15,"('High', 'High')",High Relevance Labels,"('High', 'High')"
ID1540,q2,"('High', 'High')",High Relevance Labels,"('High', 'High')"
ID1540,q3,"('Low', 'Low')",Low Relevance Labels,"('Low', 'Low')"
ID1540,q4,"('High', 'High')",High Relevance Labels,"('High', 'High')"
ID1540,q5,"('High', 'High')",High Relevance Labels,"('High', 'High')"
ID1540,q6,"('High', 'Low')",High Relevance Labels,"('High', 'Low')"
ID1540,q7,"('Low', 'Low')",Low Relevance Labels,"('Low', 'Low')"
ID1540,q8,"('Low', 'Low')",Low Relevance Labels,"('Low', 'Low')"
ID1540,q9,"('High', 'High')",High Relevance Labels,"('High', 'High')"
ID1540,q10,"('Low', 'Low')",Low Relevance Labels,"('Low', 'Low')"
ID1540,q11,"('Low', 'Low')",Low Relevance Labels,"('Low', 'Low')"
ID1540,q12,"('High', 'High')",High Relevance Labels,"('High', 'High')"
ID1540,q13,"('Low', 'Low')",Low Relevance Labels,"('Low', 'Low')"
ID1540,q14,"('High', 'High')",High Relevance Labels,"('High', 'High')"
ID1540,q15,"('High', 'High')",High Relevance Labels,"('High', 'High')"
ID1540,q16,"('Low', 'Low')",Low Relevance Labels,"('Low', 'Low')"
ID1551,q2,"('High', 'High')",High Relevance Labels,"('High', 'High')"
ID1551,q3,"('High', 'Low')",High Relevance Labels,"('High', 'Low')"
ID1551,q4,"('High', 'Low')",High Relevance Labels,"('High', 'Low')"
ID1551,q5,"('Low', 'Low')",Low Relevance Labels,"('Low', 'Low')"
ID1551,q6,"('Low', 'Low')",Low Relevance Labels,"('Low', 'Low')"
ID1551,q7,"('Low', 'Low')",Low Relevance Labels,"('Low', 'Low')"
ID1551,q8,"('Low', 'Low')",Low Relevance Labels,"('Low', 'Low')"
ID1551,q9,"('Low', 'Low')",Low Relevance Labels,"('Low', 'Low')"
ID1551,q10,"('Low', 'Low')",Low Relevance Labels,"('Low', 'Low')"
ID1551,q11,"('High', 'Low')",High Relevance Labels,"('High', 'Low')"
ID1551,q12,"('Low', 'Low')",Low Relevance Labels,"('Low', 'Low')"
ID1551,q13,"('High', 'High')",High Relevance Labels,"('High', 'High')"
ID1551,q14,"('Low', 'Low')",Low Relevance Labels,"('Low', 'Low')"
ID1551,q15,"('High', 'Low')",High Relevance Labels,"('High', 'Low')"
ID1551,q16,"('High', 'Low')",High Relevance Labels,"('High', 'Low')"
ID1551,q17,"('High', 'Low')",High Relevance Labels,"('High', 'Low')"
ID1551,q18,"('High', 'Low')",High Relevance Labels,"('High', 'Low')"
ID1551,q19,"('Low', 'Low')",Low Relevance Labels,"('Low', 'Low')"
ID1551,q20,"('Low', 'Low')",Low Relevance Labels,"('Low', 'Low')"
ID1551,q21,"('High', 'High')",High Relevance Labels,"('High', 'High')"
ID1551,q22,"('Low', 'Low')",Low Relevance Labels,"('Low', 'Low')"
ID1552,q2,"('High', 'High')",High Relevance Labels,"('High', 'High')"
ID1552,q3,"('High', 'High')",High Relevance Labels,"('High', 'High')"
ID1552,q4,"('High', 'Low')",High Relevance Labels,"('High', 'Low')"
ID1552,q5,"('Low', 'Low')",Low Relevance Labels,"('Low', 'Low')"
ID1552,q6,"('High', 'Low')",High Relevance Labels,"('High', 'Low')"
ID1552,q7,"('High', 'Low')",High Relevance Labels,"('High', 'Low')"
ID1552,q8,"('High', 'Low')",High Relevance Labels,"('High', 'Low')"
ID1552,q9,"('High', 'Low')",High Relevance Labels,"('High', 'Low')"
ID1553,q2,"('High', 'Low')",High Relevance Labels,"('High', 'Low')"
ID1553,q3,"('Low', 'Low')",Low Relevance Labels,"('Low', 'Low')"
ID1553,q4,"('Low', 'Low')",Low Relevance Labels,"('Low', 'Low')"
ID1553,q5,"('High', 'High')",High Relevance Labels,"('High', 'High')"
ID1553,q6,"('High', 'High')",High Relevance Labels,"('High', 'High')"
ID1553,q7,"('High', 'High')",High Relevance Labels,"('High', 'High')"
ID1553,q8,"('High', 'Low')",High Relevance Labels,"('High', 'Low')"
ID1553,q9,"('High', 'Low')",High Relevance Labels,"('High', 'Low')"
ID1553,q10,"('High', 'Low')",High Relevance Labels,"('High', 'Low')"
ID1553,q11,"('High', 'High')",High Relevance Labels,"('High', 'High')"
ID1553,q12,"('Low', 'Low')",Low Relevance Labels,"('Low', 'Low')"
ID1553,q13,"('High', 'Low')",High Relevance Labels,"('High', 'Low')"
ID1553,q14,"('High', 'Low')",High Relevance Labels,"('High', 'Low')"
ID1553,q15,"('High', 'Low')",High Relevance Labels,"('High', 'Low')"
ID1553,q16,"('High', 'Low')",High Relevance Labels,"('High', 'Low')"
ID1553,q17,"('not applicable', 'not applicable')",Other,
ID1553,q18,"('not applicable', 'not applicable')",Other,
ID1553,q19,"('not applicable', 'not applicable')",Other,
ID1553,q20,"('not applicable', 'not applicable')",Other,
ID1553,q21,"('not applicable', 'not applicable')",Other,
ID1553,q22,"('not applicable', 'not applicable')",Other,
ID1557,q2,"('High', 'Low')",High Relevance Labels,"('High', 'Low')"
ID1557,q3,"('Irr', 'Irr')",Irrelevant Labels,"('Irr', 'Irr')"
ID1557,q4,"('Irr', 'Irr')",Irrelevant Labels,"('Irr', 'Irr')"
ID1557,q5,"('Irr', 'Irr')",Irrelevant Labels,"('Irr', 'Irr')"
ID1557,q6,"('Irr', 'Irr')",Irrelevant Labels,"('Irr', 'Irr')"
ID1557,q7,"('Irr', 'Irr')",Irrelevant Labels,"('Irr', 'Irr')"
ID1557,q8,"('High', 'High')",High Relevance Labels,"('High', 'High')"
ID1557,q9,"('Irr', 'Irr')",Irrelevant Labels,"('Irr', 'Irr')"
ID1557,q10,"('not applicable', 'not applicable')",Other,
ID1557,q11,"('not applicable', 'not applicable')",Other,
ID1557,q12,"('not applicable', 'not applicable')",Other,
ID1557,q13,"('not applicable', 'not applicable')",Other,
ID1557,q14,"('not applicable', 'not applicable')",Other,
ID1557,q15,"('not applicable', 'not applicable')",Other,
ID1557,q16,"('not applicable', 'not applicable')",Other,
ID1557,q17,"('not applicable', 'not applicable')",Other,
ID1557,q18,"('not applicable', 'not applicable')",Other,
ID1557,q19,"('not applicable', 'not applicable')",Other,
ID1557,q20,"('not applicable', 'not applicable')",Other,
ID1557,q21,"('not applicable', 'not applicable')",Other,
ID1557,q22,"('not applicable', 'not applicable')",Other,
ID1558,q2,"('High', 'Low')",High Relevance Labels,"('High', 'Low')"
ID1558,q3,"('High', 'Low')",High Relevance Labels,"('High', 'Low')"
ID1558,q4,"('Irr', 'Low')",Low Relevance Labels,"('Low', 'Irr')"
ID1558,q5,"('High', 'Low')",High Relevance Labels,"('High', 'Low')"
ID1558,q6,"('High', 'High')",High Relevance Labels,"('High', 'High')"
ID1558,q7,"('High', 'High')",High Relevance Labels,"('High', 'High')"
ID1558,q8,"('High', 'High')",High Relevance Labels,"('High', 'High')"
ID1558,q9,"('Irr', 'Low')",Low Relevance Labels,"('Low', 'Irr')"
ID1559,q2,"('High', 'High')",High Relevance Labels,"('High', 'High')"
ID1559,q3,"('High', 'Low')",High Relevance Labels,"('High', 'Low')"
ID1559,q4,"('Irr', 'Low')",Low Relevance Labels,"('Low', 'Irr')"
ID1559,q5,"('Low', 'Low')",Low Relevance Labels,"('Low', 'Low')"
ID1559,q6,"('Irr', 'Low')",Low Relevance Labels,"('Low', 'Irr')"
ID1559,q7,"('High', 'Low')",High Relevance Labels,"('High', 'Low')"
ID1559,q8,"('High', 'High')",High Relevance Labels,"('High', 'High')"
ID1559,q9,"('not applicable', 'not applicable')",Other,
ID1559,q10,"('not applicable', 'not applicable')",Other,
ID1559,q11,"('not applicable', 'not applicable')",Other,
ID1559,q12,"('not applicable', 'not applicable')",Other,
ID1559,q13,"('not applicable', 'not applicable')",Other,
ID1559,q14,"('not applicable', 'not applicable')",Other,
ID1559,q15,"('not applicable', 'not applicable')",Other,
ID1559,q16,"('not applicable', 'not applicable')",Other,
ID1559,q17,"('not applicable', 'not applicable')",Other,
ID1559,q18,"('not applicable', 'not applicable')",Other,
ID1559,q19,"('not applicable', 'not applicable')",Other,
ID1559,q20,"('not applicable', 'not applicable')",Other,
ID1559,q21,"('not applicable', 'not applicable')",Other,
ID1559,q22,"('not applicable', 'not applicable')",Other,
ID1560,q2,"('High', 'High')",High Relevance Labels,"('High', 'High')"
ID1560,q3,"('High', 'Low')",High Relevance Labels,"('High', 'Low')"
ID1560,q4,"('High', 'Low')",High Relevance Labels,"('High', 'Low')"
ID1560,q5,"('Low', 'Low')",Low Relevance Labels,"('Low', 'Low')"
ID1560,q6,"('Low', 'Low')",Low Relevance Labels,"('Low', 'Low')"
ID1560,q7,"('Low', 'Low')",Low Relevance Labels,"('Low', 'Low')"
ID1560,q8,"('High', 'Low')",High Relevance Labels,"('High', 'Low')"
ID1560,q9,"('Irr', 'Low')",Low Relevance Labels,"('Low', 'Irr')"
ID1560,q10,"('High', 'not applicable')",Other,
ID1560,q11,"('High', 'Low')",High Relevance Labels,"('High', 'Low')"
ID1560,q12,"('High', 'High')",High Relevance Labels,"('High', 'High')"
ID1560,q13,"('High', 'Low')",High Relevance Labels,"('High', 'Low')"
ID1560,q14,"('Irr', 'Low')",Low Relevance Labels,"('Low', 'Irr')"
ID1560,q15,"('not applicable', 'not applicable')",Other,
ID1560,q16,"('not applicable', 'not applicable')",Other,
ID1560,q17,"('not applicable', 'not applicable')",Other,
ID1560,q18,"('not applicable', 'not applicable')",Other,
ID1560,q19,"('not applicable', 'not applicable')",Other,
ID1560,q20,"('not applicable', 'not applicable')",Other,
ID1560,q21,"('not applicable', 'not applicable')",Other,
ID1560,q22,"('not applicable', 'not applicable')",Other,
ID1569,q2,"('High', 'High')",High Relevance Labels,"('High', 'High')"
ID1569,q3,"('High', 'High')",High Relevance Labels,"('High', 'High')"
ID1569,q4,"('Low', 'Low')",Low Relevance Labels,"('Low', 'Low')"
ID1569,q5,"('not applicable', 'not applicable')",Other,
ID1569,q6,"('not applicable', 'not applicable')",Other,
ID1569,q7,"('not applicable', 'not applicable')",Other,
ID1569,q8,"('not applicable', 'not applicable')",Other,
ID1569,q9,"('not applicable', 'not applicable')",Other,
ID1569,q10,"('not applicable', 'not applicable')",Other,
ID1569,q11,"('not applicable', 'not applicable')",Other,
ID1569,q12,"('not applicable', 'not applicable')",Other,
ID1569,q13,"('not applicable', 'not applicable')",Other,
ID1569,q14,"('not applicable', 'not applicable')",Other,
ID1569,q15,"('not applicable', 'not applicable')",Other,
ID1569,q16,"('not applicable', 'not applicable')",Other,
ID1569,q17,"('not applicable', 'not applicable')",Other,
ID1569,q18,"('not applicable', 'not applicable')",Other,
ID1569,q19,"('not applicable', 'not applicable')",Other,
ID1569,q20,"('not applicable', 'not applicable')",Other,
ID1569,q21,"('not applicable', 'not applicable')",Other,
ID1569,q22,"('not applicable', 'not applicable')",Other,
ID1570,q2,"('High', 'High')",High Relevance Labels,"('High', 'High')"
ID1570,q3,"('High', 'High')",High Relevance Labels,"('High', 'High')"
ID1570,q4,"('High', 'Low')",High Relevance Labels,"('High', 'Low')"
ID1570,q5,"('Irr', 'Low')",Low Relevance Labels,"('Low', 'Irr')"
ID1570,q6,"('Irr', 'Low')",Low Relevance Labels,"('Low', 'Irr')"
ID1570,q7,"('Low', 'Low')",Low Relevance Labels,"('Low', 'Low')"
ID1570,q8,"('Low', 'Low')",Low Relevance Labels,"('Low', 'Low')"
ID1570,q9,"('High', 'High')",High Relevance Labels,"('High', 'High')"
ID1570,q10,"('not applicable', 'not applicable')",Other,
ID1570,q11,"('not applicable', 'not applicable')",Other,
ID1570,q12,"('not applicable', 'not applicable')",Other,
ID1570,q13,"('not applicable', 'not applicable')",Other,
ID1570,q14,"('not applicable', 'not applicable')",Other,
ID1570,q15,"('not applicable', 'not applicable')",Other,
ID1570,q16,"('not applicable', 'not applicable')",Other,
ID1570,q17,"('not applicable', 'not applicable')",Other,
ID1570,q18,"('not applicable', 'not applicable')",Other,
ID1570,q19,"('not applicable', 'not applicable')",Other,
ID1570,q20,"('not applicable', 'not applicable')",Other,
ID1570,q21,"('not applicable', 'not applicable')",Other,
ID1570,q22,"('not applicable', 'not applicable')",Other,
ID1571,q2,"('High', 'High')",High Relevance Labels,"('High', 'High')"
ID1571,q3,"('High', 'High')",High Relevance Labels,"('High', 'High')"
ID1571,q4,"('High', 'Low')",High Relevance Labels,"('High', 'Low')"
ID1571,q5,"('Low', 'Low')",Low Relevance Labels,"('Low', 'Low')"
ID1571,q6,"('Low', 'Low')",Low Relevance Labels,"('Low', 'Low')"
ID1571,q7,"('Low', 'Low')",Low Relevance Labels,"('Low', 'Low')"
ID1571,q8,"('High', 'High')",High Relevance Labels,"('High', 'High')"
ID1571,q9,"('Low', 'Low')",Low Relevance Labels,"('Low', 'Low')"
ID1571,q10,"('Low', 'Low')",Low Relevance Labels,"('Low', 'Low')"
ID1571,q11,"('not applicable', 'not applicable')",Other,
ID1571,q12,"('not applicable', 'not applicable')",Other,
ID1571,q13,"('not applicable', 'not applicable')",Other,
ID1571,q14,"('not applicable', 'not applicable')",Other,
ID1571,q15,"('not applicable', 'not applicable')",Other,
ID1571,q16,"('not applicable', 'not applicable')",Other,
ID1571,q17,"('not applicable', 'not applicable')",Other,
ID1571,q18,"('not applicable', 'not applicable')",Other,
ID1571,q19,"('not applicable', 'not applicable')",Other,
ID1571,q20,"('not applicable', 'not applicable')",Other,
ID1571,q21,"('not applicable', 'not applicable')",Other,
ID1571,q22,"('not applicable', 'not applicable')",Other,
ID1585,q2,"('High', 'Low')",High Relevance Labels,"('High', 'Low')"
ID1585,q3,"('High', 'High')",High Relevance Labels,"('High', 'High')"
ID1585,q4,"('Low', 'Low')",Low Relevance Labels,"('Low', 'Low')"
ID1585,q5,"('Low', 'Low')",Low Relevance Labels,"('Low', 'Low')"
ID1585,q6,"('High', 'Low')",High Relevance Labels,"('High', 'Low')"
ID1585,q7,"('Irr', 'Low')",Low Relevance Labels,"('Low', 'Irr')"
ID1585,q8,"('High', 'High')",High Relevance Labels,"('High', 'High')"
ID1585,q9,"('Irr', 'Low')",Low Relevance Labels,"('Low', 'Irr')"
ID1585,q10,"('Irr', 'Low')",Low Relevance Labels,"('Low', 'Irr')"
ID1585,q11,"('High', 'Low')",High Relevance Labels,"('High', 'Low')"
ID1585,q12,"('Irr', 'Irr')",Irrelevant Labels,"('Irr', 'Irr')"
ID1585,q13,"('not applicable', 'not applicable')",Other,
ID1585,q14,"('not applicable', 'not applicable')",Other,
ID1585,q15,"('not applicable', 'not applicable')",Other,
ID1585,q16,"('not applicable', 'not applicable')",Other,
ID1585,q17,"('not applicable', 'not applicable')",Other,
ID1585,q18,"('not applicable', 'not applicable')",Other,
ID1585,q19,"('not applicable', 'not applicable')",Other,
ID1585,q20,"('not applicable', 'not applicable')",Other,
ID1585,q21,"('not applicable', 'not applicable')",Other,
ID1585,q22,"('not applicable', 'not applicable')",Other,
ID1588,q2,"('High', 'High')",High Relevance Labels,"('High', 'High')"
ID1588,q3,"('High', 'High')",High Relevance Labels,"('High', 'High')"
ID1588,q4,"('High', 'Low')",High Relevance Labels,"('High', 'Low')"
ID1588,q5,"('High', 'Low')",High Relevance Labels,"('High', 'Low')"
ID1588,q6,"('High', 'not applicable')",Other,
ID1588,q7,"('Low', 'not applicable')",Other,
ID1588,q8,"('High', 'not applicable')",Other,
ID1588,q9,"('High', 'not applicable')",Other,
ID1588,q10,"('High', 'not applicable')",Other,
ID1588,q11,"('High', 'not applicable')",Other,
ID1588,q12,"('High', 'not applicable')",Other,
ID1588,q13,"('High', 'not applicable')",Other,
ID1588,q14,"('Low', 'not applicable')",Other,
ID1588,q15,"('High', 'not applicable')",Other,
ID1588,q16,"('Low', 'not applicable')",Other,
ID1588,q17,"('not applicable', 'not applicable')",Other,
ID1588,q18,"('not applicable', 'not applicable')",Other,
ID1588,q19,"('not applicable', 'not applicable')",Other,
ID1588,q20,"('not applicable', 'not applicable')",Other,
ID1588,q21,"('not applicable', 'not applicable')",Other,
ID1588,q22,"('not applicable', 'not applicable')",Other,
ID1594,q2,"('High', 'High')",High Relevance Labels,"('High', 'High')"
ID1594,q3,"('High', 'High')",High Relevance Labels,"('High', 'High')"
ID1594,q4,"('Low', 'Low')",Low Relevance Labels,"('Low', 'Low')"
ID1594,q5,"('Low', 'Low')",Low Relevance Labels,"('Low', 'Low')"
ID1594,q6,"('High', 'High')",High Relevance Labels,"('High', 'High')"
ID1594,q7,"('High', 'High')",High Relevance Labels,"('High', 'High')"
ID1594,q8,"('High', 'High')",High Relevance Labels,"('High', 'High')"
ID1594,q9,"('High', 'High')",High Relevance Labels,"('High', 'High')"
ID1594,q10,"('High', 'High')",High Relevance Labels,"('High', 'High')"
ID1594,q11,"('Irr', 'not applicable')",Other,
ID1594,q12,"('not applicable', 'not applicable')",Other,
ID1594,q13,"('not applicable', 'not applicable')",Other,
ID1594,q14,"('not applicable', 'not applicable')",Other,
ID1594,q15,"('not applicable', 'not applicable')",Other,
ID1594,q16,"('not applicable', 'not applicable')",Other,
ID1594,q17,"('not applicable', 'not applicable')",Other,
ID1594,q18,"('not applicable', 'not applicable')",Other,
ID1594,q19,"('not applicable', 'not applicable')",Other,
ID1594,q20,"('not applicable', 'not applicable')",Other,
ID1594,q21,"('not applicable', 'not applicable')",Other,
ID1594,q22,"('not applicable', 'not applicable')",Other,
ID1596,q2,"('High', 'High')",High Relevance Labels,"('High', 'High')"
ID1596,q3,"('High', 'Irr')",Low Relevance Labels,"('High', 'Irr')"
ID1596,q4,"('Irr', 'Low')",Low Relevance Labels,"('Low', 'Irr')"
ID1596,q5,"('High', 'High')",High Relevance Labels,"('High', 'High')"
ID1596,q6,"('High', 'High')",High Relevance Labels,"('High', 'High')"
ID1596,q7,"('High', 'High')",High Relevance Labels,"('High', 'High')"
ID1596,q8,"('Low', 'Low')",Low Relevance Labels,"('Low', 'Low')"
ID1596,q9,"('High', 'Low')",High Relevance Labels,"('High', 'Low')"
ID1596,q10,"('High', 'High')",High Relevance Labels,"('High', 'High')"
ID1596,q11,"('High', 'Low')",High Relevance Labels,"('High', 'Low')"
ID1596,q12,"('High', 'High')",High Relevance Labels,"('High', 'High')"
ID1596,q13,"('Irr', 'Low')",Low Relevance Labels,"('Low', 'Irr')"
ID1596,q14,"('not applicable', 'not applicable')",Other,
ID1596,q15,"('not applicable', 'not applicable')",Other,
ID1596,q16,"('not applicable', 'not applicable')",Other,
ID1596,q17,"('not applicable', 'not applicable')",Other,
ID1596,q18,"('not applicable', 'not applicable')",Other,
ID1596,q19,"('not applicable', 'not applicable')",Other,
ID1596,q20,"('not applicable', 'not applicable')",Other,
ID1596,q21,"('not applicable', 'not applicable')",Other,
ID1596,q22,"('not applicable', 'not applicable')",Other,
ID1607,q2,"('High', 'High')",High Relevance Labels,"('High', 'High')"
ID1607,q3,"('High', 'High')",High Relevance Labels,"('High', 'High')"
ID1607,q4,"('High', 'High')",High Relevance Labels,"('High', 'High')"
ID1607,q5,"('High', 'Irr')",Low Relevance Labels,"('High', 'Irr')"
ID1607,q6,"('High', 'Low')",High Relevance Labels,"('High', 'Low')"
ID1607,q7,"('Irr', 'Irr')",Irrelevant Labels,"('Irr', 'Irr')"
ID1607,q8,"('High', 'High')",High Relevance Labels,"('High', 'High')"
ID1607,q9,"('Low', 'Low')",Low Relevance Labels,"('Low', 'Low')"
ID1607,q10,"('Low', 'Low')",Low Relevance Labels,"('Low', 'Low')"
ID1607,q11,"('Low', 'not applicable')",Other,
ID1607,q12,"('Low', 'not applicable')",Other,
ID1607,q13,"('Irr', 'Low')",Low Relevance Labels,"('Low', 'Irr')"
ID1607,q14,"('Irr', 'Low')",Low Relevance Labels,"('Low', 'Irr')"
ID1607,q15,"('Irr', 'Irr')",Irrelevant Labels,"('Irr', 'Irr')"
ID1607,q16,"('not applicable', 'not applicable')",Other,
ID1607,q17,"('not applicable', 'not applicable')",Other,
ID1607,q18,"('not applicable', 'not applicable')",Other,
ID1607,q19,"('not applicable', 'not applicable')",Other,
ID1607,q20,"('not applicable', 'not applicable')",Other,
ID1607,q21,"('not applicable', 'not applicable')",Other,
ID1607,q22,"('not applicable', 'not applicable')",Other,
ID1610,q2,"('High', 'High')",High Relevance Labels,"('High', 'High')"
ID1610,q3,"('High', 'High')",High Relevance Labels,"('High', 'High')"
ID1610,q4,"('Low', 'Low')",Low Relevance Labels,"('Low', 'Low')"
ID1610,q5,"('High', 'High')",High Relevance Labels,"('High', 'High')"
ID1610,q6,"('High', 'High')",High Relevance Labels,"('High', 'High')"
ID1610,q7,"('Low', 'Low')",Low Relevance Labels,"('Low', 'Low')"
ID1610,q8,"('High', 'Low')",High Relevance Labels,"('High', 'Low')"
ID1610,q9,"('Low', 'Low')",Low Relevance Labels,"('Low', 'Low')"
ID1610,q10,"('Low', 'Low')",Low Relevance Labels,"('Low', 'Low')"
ID1610,q11,"('High', 'High')",High Relevance Labels,"('High', 'High')"
ID1610,q12,"('High', 'Low')",High Relevance Labels,"('High', 'Low')"
ID1610,q13,"('High', 'Low')",High Relevance Labels,"('High', 'Low')"
ID1617,q2,"('High', 'High')",High Relevance Labels,"('High', 'High')"
ID1617,q3,"('Low', 'Low')",Low Relevance Labels,"('Low', 'Low')"
ID1617,q4,"('Irr', 'Low')",Low Relevance Labels,"('Low', 'Irr')"
ID1617,q5,"('Low', 'Low')",Low Relevance Labels,"('Low', 'Low')"
ID1617,q6,"('High', 'Low')",High Relevance Labels,"('High', 'Low')"
ID1617,q7,"('High', 'High')",High Relevance Labels,"('High', 'High')"
ID1617,q8,"('Low', 'Low')",Low Relevance Labels,"('Low', 'Low')"
ID1617,q9,"('Low', 'Low')",Low Relevance Labels,"('Low', 'Low')"
ID1617,q10,"('not applicable', 'not applicable')",Other,
ID1617,q11,"('not applicable', 'not applicable')",Other,
ID1617,q12,"('not applicable', 'not applicable')",Other,
ID1617,q13,"('not applicable', 'not applicable')",Other,
ID1617,q14,"('not applicable', 'not applicable')",Other,
ID1617,q15,"('not applicable', 'not applicable')",Other,
ID1617,q16,"('not applicable', 'not applicable')",Other,
ID1617,q17,"('not applicable', 'not applicable')",Other,
ID1617,q18,"('not applicable', 'not applicable')",Other,
ID1617,q19,"('not applicable', 'not applicable')",Other,
ID1617,q20,"('not applicable', 'not applicable')",Other,
ID1617,q21,"('not applicable', 'not applicable')",Other,
ID1617,q22,"('not applicable', 'not applicable')",Other,
ID1625,q2,"('High', 'Low')",High Relevance Labels,"('High', 'Low')"
ID1625,q3,"('High', 'Low')",High Relevance Labels,"('High', 'Low')"
ID1625,q4,"('Low', 'Low')",Low Relevance Labels,"('Low', 'Low')"
ID1625,q5,"('High', 'Low')",High Relevance Labels,"('High', 'Low')"
ID1625,q6,"('Low', 'Low')",Low Relevance Labels,"('Low', 'Low')"
ID1625,q7,"('Low', 'Low')",Low Relevance Labels,"('Low', 'Low')"
ID1629,q2,"('Irr', 'Low')",Low Relevance Labels,"('Low', 'Irr')"
ID1629,q3,"('Irr', 'Irr')",Irrelevant Labels,"('Irr', 'Irr')"
ID1629,q4,"('High', 'High')",High Relevance Labels,"('High', 'High')"
ID1629,q5,"('High', 'Low')",High Relevance Labels,"('High', 'Low')"
ID1629,q6,"('Low', 'Low')",Low Relevance Labels,"('Low', 'Low')"
ID1629,q7,"('High', 'Low')",High Relevance Labels,"('High', 'Low')"
ID1629,q8,"('High', 'High')",High Relevance Labels,"('High', 'High')"
ID1629,q9,"('High', 'High')",High Relevance Labels,"('High', 'High')"
ID1629,q10,"('High', 'Low')",High Relevance Labels,"('High', 'Low')"
ID1629,q11,"('High', 'High')",High Relevance Labels,"('High', 'High')"
ID1629,q12,"('Irr', 'not applicable')",Other,
ID1641,q2,"('High', 'High')",High Relevance Labels,"('High', 'High')"
ID1641,q3,"('High', 'High')",High Relevance Labels,"('High', 'High')"
ID1641,q4,"('High', 'Low')",High Relevance Labels,"('High', 'Low')"
ID1641,q5,"('Irr', 'Irr')",Irrelevant Labels,"('Irr', 'Irr')"
ID1641,q6,"('Low', 'Low')",Low Relevance Labels,"('Low', 'Low')"
ID1641,q7,"('Irr', 'Irr')",Irrelevant Labels,"('Irr', 'Irr')"
ID1641,q8,"('not applicable', 'not applicable')",Other,
ID1641,q9,"('not applicable', 'not applicable')",Other,
ID1641,q10,"('not applicable', 'not applicable')",Other,
ID1641,q11,"('not applicable', 'not applicable')",Other,
ID1641,q12,"('not applicable', 'not applicable')",Other,
ID1641,q13,"('not applicable', 'not applicable')",Other,
ID1641,q14,"('not applicable', 'not applicable')",Other,
ID1641,q15,"('not applicable', 'not applicable')",Other,
ID1641,q16,"('not applicable', 'not applicable')",Other,
ID1641,q17,"('not applicable', 'not applicable')",Other,
ID1641,q18,"('not applicable', 'not applicable')",Other,
ID1641,q19,"('not applicable', 'not applicable')",Other,
ID1641,q20,"('not applicable', 'not applicable')",Other,
ID1641,q21,"('not applicable', 'not applicable')",Other,
ID1641,q22,"('not applicable', 'not applicable')",Other,
ID1645,q2,"('High', 'High')",High Relevance Labels,"('High', 'High')"
ID1645,q3,"('High', 'High')",High Relevance Labels,"('High', 'High')"
ID1645,q4,"('Low', 'Low')",Low Relevance Labels,"('Low', 'Low')"
ID1645,q5,"('Low', 'Low')",Low Relevance Labels,"('Low', 'Low')"
ID1645,q6,"('High', 'Low')",High Relevance Labels,"('High', 'Low')"
ID1645,q7,"('High', 'Low')",High Relevance Labels,"('High', 'Low')"
ID1645,q8,"('High', 'Low')",High Relevance Labels,"('High', 'Low')"
ID1645,q9,"('Irr', 'not applicable')",Other,
ID1645,q10,"('not applicable', 'not applicable')",Other,
ID1645,q11,"('not applicable', 'not applicable')",Other,
ID1645,q12,"('not applicable', 'not applicable')",Other,
ID1645,q13,"('not applicable', 'not applicable')",Other,
ID1645,q14,"('not applicable', 'not applicable')",Other,
ID1645,q15,"('not applicable', 'not applicable')",Other,
ID1645,q16,"('not applicable', 'not applicable')",Other,
ID1645,q17,"('not applicable', 'not applicable')",Other,
ID1645,q18,"('not applicable', 'not applicable')",Other,
ID1645,q19,"('not applicable', 'not applicable')",Other,
ID1645,q20,"('not applicable', 'not applicable')",Other,
ID1645,q21,"('not applicable', 'not applicable')",Other,
ID1645,q22,"('not applicable', 'not applicable')",Other,
ID1655,q2,"('High', 'High')",High Relevance Labels,"('High', 'High')"
ID1655,q3,"('Low', 'Low')",Low Relevance Labels,"('Low', 'Low')"
ID1655,q4,"('High', 'High')",High Relevance Labels,"('High', 'High')"
ID1655,q5,"('High', 'Low')",High Relevance Labels,"('High', 'Low')"
ID1655,q6,"('High', 'Low')",High Relevance Labels,"('High', 'Low')"
ID1655,q7,"('High', 'High')",High Relevance Labels,"('High', 'High')"
ID1655,q8,"('High', 'High')",High Relevance Labels,"('High', 'High')"
ID1655,q9,"('Low', 'Low')",Low Relevance Labels,"('Low', 'Low')"
ID1655,q10,"('High', 'High')",High Relevance Labels,"('High', 'High')"
ID1655,q11,"('High', 'Low')",High Relevance Labels,"('High', 'Low')"
ID1655,q12,"('High', 'High')",High Relevance Labels,"('High', 'High')"
ID1655,q13,"('High', 'High')",High Relevance Labels,"('High', 'High')"
ID1655,q14,"('High', 'Low')",High Relevance Labels,"('High', 'Low')"
ID1655,q15,"('High', 'High')",High Relevance Labels,"('High', 'High')"
ID1655,q16,"('High', 'High')",High Relevance Labels,"('High', 'High')"
ID1655,q17,"('High', 'High')",High Relevance Labels,"('High', 'High')"
ID1655,q18,"('High', 'Low')",High Relevance Labels,"('High', 'Low')"
ID1655,q19,"('not applicable', 'not applicable')",Other,
ID1655,q20,"('not applicable', 'not applicable')",Other,
ID1655,q21,"('not applicable', 'not applicable')",Other,
ID1655,q22,"('not applicable', 'not applicable')",Other,
ID1662,q2,"('High', 'High')",High Relevance Labels,"('High', 'High')"
ID1662,q3,"('High', 'Low')",High Relevance Labels,"('High', 'Low')"
ID1662,q4,"('Irr', 'Low')",Low Relevance Labels,"('Low', 'Irr')"
ID1662,q5,"('High', 'High')",High Relevance Labels,"('High', 'High')"
ID1662,q6,"('High', 'High')",High Relevance Labels,"('High', 'High')"
ID1662,q7,"('High', 'Low')",High Relevance Labels,"('High', 'Low')"
ID1662,q8,"('not applicable', 'not applicable')",Other,
ID1662,q9,"('not applicable', 'not applicable')",Other,
ID1662,q10,"('not applicable', 'not applicable')",Other,
ID1662,q11,"('not applicable', 'not applicable')",Other,
ID1662,q12,"('not applicable', 'not applicable')",Other,
ID1662,q13,"('not applicable', 'not applicable')",Other,
ID1662,q14,"('not applicable', 'not applicable')",Other,
ID1662,q15,"('not applicable', 'not applicable')",Other,
ID1662,q16,"('not applicable', 'not applicable')",Other,
ID1662,q17,"('not applicable', 'not applicable')",Other,
ID1662,q18,"('not applicable', 'not applicable')",Other,
ID1662,q19,"('not applicable', 'not applicable')",Other,
ID1662,q20,"('not applicable', 'not applicable')",Other,
ID1662,q21,"('not applicable', 'not applicable')",Other,
ID1662,q22,"('not applicable', 'not applicable')",Other,
ID1663,q2,"('High', 'High')",High Relevance Labels,"('High', 'High')"
ID1663,q3,"('High', 'High')",High Relevance Labels,"('High', 'High')"
ID1663,q4,"('High', 'Low')",High Relevance Labels,"('High', 'Low')"
ID1663,q5,"('Low', 'Low')",Low Relevance Labels,"('Low', 'Low')"
ID1663,q6,"('Low', 'Low')",Low Relevance Labels,"('Low', 'Low')"
ID1663,q7,"('Low', 'not applicable')",Other,
ID1663,q8,"('High', 'Low')",High Relevance Labels,"('High', 'Low')"
ID1663,q9,"('Low', 'Low')",Low Relevance Labels,"('Low', 'Low')"
ID1663,q10,"('High', 'High')",High Relevance Labels,"('High', 'High')"
ID1663,q11,"('High', 'Low')",High Relevance Labels,"('High', 'Low')"
ID1663,q12,"('Low', 'Low')",Low Relevance Labels,"('Low', 'Low')"
ID1663,q13,"('Irr', 'Irr')",Irrelevant Labels,"('Irr', 'Irr')"
ID1663,q14,"('Irr', 'Irr')",Irrelevant Labels,"('Irr', 'Irr')"
ID1663,q15,"('Irr', 'Irr')",Irrelevant Labels,"('Irr', 'Irr')"
ID1663,q16,"('not applicable', 'not applicable')",Other,
ID1663,q17,"('not applicable', 'not applicable')",Other,
ID1663,q18,"('not applicable', 'not applicable')",Other,
ID1663,q19,"('not applicable', 'not applicable')",Other,
ID1663,q20,"('not applicable', 'not applicable')",Other,
ID1663,q21,"('not applicable', 'not applicable')",Other,
ID1663,q22,"('not applicable', 'not applicable')",Other,
ID1666,q2,"('High', 'High')",High Relevance Labels,"('High', 'High')"
ID1666,q3,"('Low', 'Low')",Low Relevance Labels,"('Low', 'Low')"
ID1666,q4,"('Low', 'Low')",Low Relevance Labels,"('Low', 'Low')"
ID1666,q5,"('High', 'Low')",High Relevance Labels,"('High', 'Low')"
ID1666,q6,"('High', 'Low')",High Relevance Labels,"('High', 'Low')"
ID1666,q7,"('High', 'Low')",High Relevance Labels,"('High', 'Low')"
ID1666,q8,"('High', 'Low')",High Relevance Labels,"('High', 'Low')"
ID1666,q9,"('High', 'High')",High Relevance Labels,"('High', 'High')"
ID1666,q10,"('High', 'Irr')",Low Relevance Labels,"('High', 'Irr')"
ID1666,q11,"('High', 'Low')",High Relevance Labels,"('High', 'Low')"
ID1666,q12,"('not applicable', 'not applicable')",Other,
ID1666,q13,"('not applicable', 'not applicable')",Other,
ID1666,q14,"('not applicable', 'not applicable')",Other,
ID1666,q15,"('not applicable', 'not applicable')",Other,
ID1666,q16,"('not applicable', 'not applicable')",Other,
ID1666,q17,"('not applicable', 'not applicable')",Other,
ID1666,q18,"('not applicable', 'not applicable')",Other,
ID1666,q19,"('not applicable', 'not applicable')",Other,
ID1666,q20,"('not applicable', 'not applicable')",Other,
ID1666,q21,"('not applicable', 'not applicable')",Other,
ID1666,q22,"('not applicable', 'not applicable')",Other,
ID1679,q2,"('High', 'High')",High Relevance Labels,"('High', 'High')"
ID1679,q3,"('High', 'High')",High Relevance Labels,"('High', 'High')"
ID1679,q4,"('High', 'High')",High Relevance Labels,"('High', 'High')"
ID1679,q5,"('High', 'High')",High Relevance Labels,"('High', 'High')"
ID1679,q6,"('High', 'High')",High Relevance Labels,"('High', 'High')"
ID1679,q7,"('High', 'Low')",High Relevance Labels,"('High', 'Low')"
ID1679,q8,"('High', 'Low')",High Relevance Labels,"('High', 'Low')"
ID1679,q9,"('Low', 'Low')",Low Relevance Labels,"('Low', 'Low')"
ID1679,q10,"('High', 'High')",High Relevance Labels,"('High', 'High')"
ID1679,q11,"('High', 'High')",High Relevance Labels,"('High', 'High')"
ID1679,q12,"('High', 'Low')",High Relevance Labels,"('High', 'Low')"
ID1679,q13,"('Irr', 'not applicable')",Other,
ID1679,q14,"('Irr', 'not applicable')",Other,
ID1679,q15,"('not applicable', 'not applicable')",Other,
ID1679,q16,"('not applicable', 'not applicable')",Other,
ID1679,q17,"('not applicable', 'not applicable')",Other,
ID1679,q18,"('not applicable', 'not applicable')",Other,
ID1679,q19,"('not applicable', 'not applicable')",Other,
ID1679,q20,"('not applicable', 'not applicable')",Other,
ID1679,q21,"('not applicable', 'not applicable')",Other,
ID1679,q22,"('not applicable', 'not applicable')",Other,
ID1693,q2,"('High', 'High')",High Relevance Labels,"('High', 'High')"
ID1693,q3,"('High', 'Low')",High Relevance Labels,"('High', 'Low')"
ID1693,q4,"('Low', 'Low')",Low Relevance Labels,"('Low', 'Low')"
ID1693,q5,"('Low', 'Low')",Low Relevance Labels,"('Low', 'Low')"
ID1693,q6,"('Low', 'Low')",Low Relevance Labels,"('Low', 'Low')"
ID1693,q7,"('High', 'High')",High Relevance Labels,"('High', 'High')"
ID1693,q8,"('High', 'High')",High Relevance Labels,"('High', 'High')"
ID1693,q9,"('High', 'Low')",High Relevance Labels,"('High', 'Low')"
ID1693,q10,"('High', 'High')",High Relevance Labels,"('High', 'High')"
ID1693,q11,"('Irr', 'Low')",Low Relevance Labels,"('Low', 'Irr')"
ID1694,q2,"('High', 'High')",High Relevance Labels,"('High', 'High')"
ID1694,q3,"('High', 'High')",High Relevance Labels,"('High', 'High')"
ID1694,q4,"('High', 'High')",High Relevance Labels,"('High', 'High')"
ID1694,q5,"('Low', 'Low')",Low Relevance Labels,"('Low', 'Low')"
ID1694,q6,"('Low', 'Low')",Low Relevance Labels,"('Low', 'Low')"
ID1694,q7,"('Irr', 'not applicable')",Other,
ID1694,q8,"('Irr', 'Low')",Low Relevance Labels,"('Low', 'Irr')"
ID1694,q9,"('Low', 'not applicable')",Other,
ID1694,q10,"('Irr', 'Low')",Low Relevance Labels,"('Low', 'Irr')"
ID1694,q11,"('High', 'Low')",High Relevance Labels,"('High', 'Low')"
ID1694,q12,"('Low', 'not applicable')",Other,
ID1694,q13,"('not applicable', 'not applicable')",Other,
ID1694,q14,"('not applicable', 'not applicable')",Other,
ID1694,q15,"('not applicable', 'not applicable')",Other,
ID1694,q16,"('not applicable', 'not applicable')",Other,
ID1694,q17,"('not applicable', 'not applicable')",Other,
ID1694,q18,"('not applicable', 'not applicable')",Other,
ID1694,q19,"('not applicable', 'not applicable')",Other,
ID1694,q20,"('not applicable', 'not applicable')",Other,
ID1694,q21,"('not applicable', 'not applicable')",Other,
ID1694,q22,"('not applicable', 'not applicable')",Other,
ID1696,q2,"('High', 'High')",High Relevance Labels,"('High', 'High')"
ID1696,q3,"('High', 'High')",High Relevance Labels,"('High', 'High')"
ID1696,q4,"('Low', 'Low')",Low Relevance Labels,"('Low', 'Low')"
ID1696,q5,"('Irr', 'Low')",Low Relevance Labels,"('Low', 'Irr')"
ID1696,q6,"('Low', 'Low')",Low Relevance Labels,"('Low', 'Low')"
ID1696,q7,"('High', 'High')",High Relevance Labels,"('High', 'High')"
ID1696,q8,"('not applicable', 'not applicable')",Other,
ID1696,q9,"('not applicable', 'not applicable')",Other,
ID1696,q10,"('not applicable', 'not applicable')",Other,
ID1696,q11,"('not applicable', 'not applicable')",Other,
ID1696,q12,"('not applicable', 'not applicable')",Other,
ID1696,q13,"('not applicable', 'not applicable')",Other,
ID1696,q14,"('not applicable', 'not applicable')",Other,
ID1696,q15,"('not applicable', 'not applicable')",Other,
ID1696,q16,"('not applicable', 'not applicable')",Other,
ID1696,q17,"('not applicable', 'not applicable')",Other,
ID1696,q18,"('not applicable', 'not applicable')",Other,
ID1696,q19,"('not applicable', 'not applicable')",Other,
ID1696,q20,"('not applicable', 'not applicable')",Other,
ID1696,q21,"('not applicable', 'not applicable')",Other,
ID1696,q22,"('not applicable', 'not applicable')",Other,
ID1697,q2,"('High', 'High')",High Relevance Labels,"('High', 'High')"
ID1697,q3,"('High', 'High')",High Relevance Labels,"('High', 'High')"
ID1697,q4,"('Irr', 'Low')",Low Relevance Labels,"('Low', 'Irr')"
ID1697,q5,"('Irr', 'Low')",Low Relevance Labels,"('Low', 'Irr')"
ID1697,q6,"('High', 'Low')",High Relevance Labels,"('High', 'Low')"
ID1697,q7,"('Irr', 'not applicable')",Other,
ID1702,q2,"('High', 'High')",High Relevance Labels,"('High', 'High')"
ID1702,q3,"('Low', 'Low')",Low Relevance Labels,"('Low', 'Low')"
ID1702,q4,"('High', 'High')",High Relevance Labels,"('High', 'High')"
ID1702,q5,"('Irr', 'Low')",Low Relevance Labels,"('Low', 'Irr')"
ID1702,q6,"('Irr', 'Low')",Low Relevance Labels,"('Low', 'Irr')"
ID1702,q7,"('High', 'Low')",High Relevance Labels,"('High', 'Low')"
ID1702,q8,"('Irr', 'Irr')",Irrelevant Labels,"('Irr', 'Irr')"
ID1702,q9,"('High', 'Low')",High Relevance Labels,"('High', 'Low')"
ID1702,q10,"('High', 'Low')",High Relevance Labels,"('High', 'Low')"
ID1702,q11,"('Low', 'Low')",Low Relevance Labels,"('Low', 'Low')"
ID1702,q12,"('Irr', 'Irr')",Irrelevant Labels,"('Irr', 'Irr')"
ID1702,q13,"('High', 'Low')",High Relevance Labels,"('High', 'Low')"
ID1702,q14,"('not applicable', 'not applicable')",Other,
ID1702,q15,"('not applicable', 'not applicable')",Other,
ID1702,q16,"('not applicable', 'not applicable')",Other,
ID1702,q17,"('not applicable', 'not applicable')",Other,
ID1702,q18,"('not applicable', 'not applicable')",Other,
ID1702,q19,"('not applicable', 'not applicable')",Other,
ID1702,q20,"('not applicable', 'not applicable')",Other,
ID1702,q21,"('not applicable', 'not applicable')",Other,
ID1702,q22,"('not applicable', 'not applicable')",Other,
ID1706,q2,"('High', 'High')",High Relevance Labels,"('High', 'High')"
ID1706,q3,"('High', 'High')",High Relevance Labels,"('High', 'High')"
ID1706,q4,"('High', 'High')",High Relevance Labels,"('High', 'High')"
ID1706,q5,"('High', 'Low')",High Relevance Labels,"('High', 'Low')"
ID1706,q6,"('High', 'Low')",High Relevance Labels,"('High', 'Low')"
ID1706,q7,"('Low', 'Low')",Low Relevance Labels,"('Low', 'Low')"
ID1706,q8,"('Low', 'Low')",Low Relevance Labels,"('Low', 'Low')"
ID1706,q9,"('Irr', 'Low')",Low Relevance Labels,"('Low', 'Irr')"
ID1706,q10,"('Low', 'Low')",Low Relevance Labels,"('Low', 'Low')"
ID1706,q11,"('High', 'High')",High Relevance Labels,"('High', 'High')"
ID1706,q12,"('not applicable', 'not applicable')",Other,
ID1706,q13,"('not applicable', 'not applicable')",Other,
ID1706,q14,"('not applicable', 'not applicable')",Other,
ID1706,q15,"('not applicable', 'not applicable')",Other,
ID1706,q16,"('not applicable', 'not applicable')",Other,
ID1706,q17,"('not applicable', 'not applicable')",Other,
ID1706,q18,"('not applicable', 'not applicable')",Other,
ID1706,q19,"('not applicable', 'not applicable')",Other,
ID1706,q20,"('not applicable', 'not applicable')",Other,
ID1706,q21,"('not applicable', 'not applicable')",Other,
ID1706,q22,"('not applicable', 'not applicable')",Other,
ID1710,q2,"('High', 'High')",High Relevance Labels,"('High', 'High')"
ID1710,q3,"('Low', 'Low')",Low Relevance Labels,"('Low', 'Low')"
ID1710,q4,"('Low', 'Low')",Low Relevance Labels,"('Low', 'Low')"
ID1710,q5,"('Low', 'Low')",Low Relevance Labels,"('Low', 'Low')"
ID1710,q6,"('Low', 'Low')",Low Relevance Labels,"('Low', 'Low')"
ID1710,q7,"('Low', 'Low')",Low Relevance Labels,"('Low', 'Low')"
ID1710,q8,"('High', 'Low')",High Relevance Labels,"('High', 'Low')"
ID1710,q9,"('High', 'Low')",High Relevance Labels,"('High', 'Low')"
ID1710,q10,"('Irr', 'Low')",Low Relevance Labels,"('Low', 'Irr')"
ID1710,q11,"('Low', 'Low')",Low Relevance Labels,"('Low', 'Low')"
ID1710,q12,"('not applicable', 'not applicable')",Other,
ID1710,q13,"('not applicable', 'not applicable')",Other,
ID1710,q14,"('not applicable', 'not applicable')",Other,
ID1710,q15,"('not applicable', 'not applicable')",Other,
ID1710,q16,"('not applicable', 'not applicable')",Other,
ID1710,q17,"('not applicable', 'not applicable')",Other,
ID1710,q18,"('not applicable', 'not applicable')",Other,
ID1710,q19,"('not applicable', 'not applicable')",Other,
ID1710,q20,"('not applicable', 'not applicable')",Other,
ID1710,q21,"('not applicable', 'not applicable')",Other,
ID1710,q22,"('not applicable', 'not applicable')",Other,
ID1711,q2,"('High', 'Low')",High Relevance Labels,"('High', 'Low')"
ID1711,q3,"('High', 'Low')",High Relevance Labels,"('High', 'Low')"
ID1711,q4,"('Low', 'Low')",Low Relevance Labels,"('Low', 'Low')"
ID1711,q5,"('High', 'Low')",High Relevance Labels,"('High', 'Low')"
ID1711,q6,"('High', 'Low')",High Relevance Labels,"('High', 'Low')"
ID1711,q7,"('High', 'Low')",High Relevance Labels,"('High', 'Low')"
ID1711,q8,"('High', 'Irr')",Low Relevance Labels,"('High', 'Irr')"
ID1711,q9,"('Low', 'not applicable')",Other,
ID1711,q10,"('not applicable', 'not applicable')",Other,
ID1711,q11,"('not applicable', 'not applicable')",Other,
ID1711,q12,"('not applicable', 'not applicable')",Other,
ID1711,q13,"('not applicable', 'not applicable')",Other,
ID1711,q14,"('not applicable', 'not applicable')",Other,
ID1711,q15,"('not applicable', 'not applicable')",Other,
ID1711,q16,"('not applicable', 'not applicable')",Other,
ID1711,q17,"('not applicable', 'not applicable')",Other,
ID1711,q18,"('not applicable', 'not applicable')",Other,
ID1711,q19,"('not applicable', 'not applicable')",Other,
ID1711,q20,"('not applicable', 'not applicable')",Other,
ID1711,q21,"('not applicable', 'not applicable')",Other,
ID1711,q22,"('not applicable', 'not applicable')",Other,
ID1713,q2,"('High', 'Low')",High Relevance Labels,"('High', 'Low')"
ID1713,q3,"('High', 'Low')",High Relevance Labels,"('High', 'Low')"
ID1713,q4,"('High', 'Low')",High Relevance Labels,"('High', 'Low')"
ID1713,q5,"('Low', 'Low')",Low Relevance Labels,"('Low', 'Low')"
ID1713,q6,"('Low', 'Low')",Low Relevance Labels,"('Low', 'Low')"
ID1713,q7,"('High', 'High')",High Relevance Labels,"('High', 'High')"
ID1713,q8,"('High', 'Low')",High Relevance Labels,"('High', 'Low')"
ID1713,q9,"('not applicable', 'not applicable')",Other,
ID1713,q10,"('not applicable', 'not applicable')",Other,
ID1713,q11,"('not applicable', 'not applicable')",Other,
ID1713,q12,"('not applicable', 'not applicable')",Other,
ID1713,q13,"('not applicable', 'not applicable')",Other,
ID1713,q14,"('not applicable', 'not applicable')",Other,
ID1713,q15,"('not applicable', 'not applicable')",Other,
ID1713,q16,"('not applicable', 'not applicable')",Other,
ID1713,q17,"('not applicable', 'not applicable')",Other,
ID1713,q18,"('not applicable', 'not applicable')",Other,
ID1713,q19,"('not applicable', 'not applicable')",Other,
ID1713,q20,"('not applicable', 'not applicable')",Other,
ID1713,q21,"('not applicable', 'not applicable')",Other,
ID1713,q22,"('not applicable', 'not applicable')",Other,
ID1715,q2,"('High', 'Irr')",Low Relevance Labels,"('High', 'Irr')"
ID1715,q3,"('Irr', 'Low')",Low Relevance Labels,"('Low', 'Irr')"
ID1715,q4,"('Irr', 'Low')",Low Relevance Labels,"('Low', 'Irr')"
ID1715,q5,"('Irr', 'Low')",Low Relevance Labels,"('Low', 'Irr')"
ID1715,q6,"('Irr', 'Low')",Low Relevance Labels,"('Low', 'Irr')"
ID1715,q7,"('High', 'High')",High Relevance Labels,"('High', 'High')"
ID1715,q8,"('not applicable', 'not applicable')",Other,
ID1715,q9,"('not applicable', 'not applicable')",Other,
ID1715,q10,"('not applicable', 'not applicable')",Other,
ID1715,q11,"('not applicable', 'not applicable')",Other,
ID1715,q12,"('not applicable', 'not applicable')",Other,
ID1715,q13,"('not applicable', 'not applicable')",Other,
ID1715,q14,"('not applicable', 'not applicable')",Other,
ID1715,q15,"('not applicable', 'not applicable')",Other,
ID1715,q16,"('not applicable', 'not applicable')",Other,
ID1715,q17,"('not applicable', 'not applicable')",Other,
ID1715,q18,"('not applicable', 'not applicable')",Other,
ID1715,q19,"('not applicable', 'not applicable')",Other,
ID1715,q20,"('not applicable', 'not applicable')",Other,
ID1715,q21,"('not applicable', 'not applicable')",Other,
ID1715,q22,"('not applicable', 'not applicable')",Other,
ID1725,q2,"('High', 'High')",High Relevance Labels,"('High', 'High')"
ID1725,q3,"('High', 'Low')",High Relevance Labels,"('High', 'Low')"
ID1725,q4,"('Low', 'Low')",Low Relevance Labels,"('Low', 'Low')"
ID1725,q5,"('Irr', 'Low')",Low Relevance Labels,"('Low', 'Irr')"
ID1725,q6,"('Low', 'Low')",Low Relevance Labels,"('Low', 'Low')"
ID1725,q7,"('Low', 'Low')",Low Relevance Labels,"('Low', 'Low')"
ID1725,q8,"('High', 'Low')",High Relevance Labels,"('High', 'Low')"
ID1725,q9,"('High', 'High')",High Relevance Labels,"('High', 'High')"
ID1725,q10,"('High', 'Low')",High Relevance Labels,"('High', 'Low')"
ID1725,q11,"('Low', 'not applicable')",Other,
ID1725,q12,"('not applicable', 'not applicable')",Other,
ID1725,q13,"('not applicable', 'not applicable')",Other,
ID1725,q14,"('not applicable', 'not applicable')",Other,
ID1725,q15,"('not applicable', 'not applicable')",Other,
ID1725,q16,"('not applicable', 'not applicable')",Other,
ID1725,q17,"('not applicable', 'not applicable')",Other,
ID1725,q18,"('not applicable', 'not applicable')",Other,
ID1725,q19,"('not applicable', 'not applicable')",Other,
ID1725,q20,"('not applicable', 'not applicable')",Other,
ID1725,q21,"('not applicable', 'not applicable')",Other,
ID1725,q22,"('not applicable', 'not applicable')",Other,
ID1741,q2,"('High', 'Low')",High Relevance Labels,"('High', 'Low')"
ID1741,q3,"('High', 'Low')",High Relevance Labels,"('High', 'Low')"
ID1741,q4,"('Low', 'Low')",Low Relevance Labels,"('Low', 'Low')"
ID1741,q5,"('Irr', 'Low')",Low Relevance Labels,"('Low', 'Irr')"
ID1741,q6,"('Low', 'Low')",Low Relevance Labels,"('Low', 'Low')"
ID1741,q7,"('Low', 'Low')",Low Relevance Labels,"('Low', 'Low')"
ID1741,q8,"('High', 'Low')",High Relevance Labels,"('High', 'Low')"
ID1741,q9,"('High', 'High')",High Relevance Labels,"('High', 'High')"
ID1741,q10,"('not applicable', 'not applicable')",Other,
ID1741,q11,"('not applicable', 'not applicable')",Other,
ID1741,q12,"('not applicable', 'not applicable')",Other,
ID1741,q13,"('not applicable', 'not applicable')",Other,
ID1741,q14,"('not applicable', 'not applicable')",Other,
ID1741,q15,"('not applicable', 'not applicable')",Other,
ID1741,q16,"('not applicable', 'not applicable')",Other,
ID1741,q17,"('not applicable', 'not applicable')",Other,
ID1741,q18,"('not applicable', 'not applicable')",Other,
ID1741,q19,"('not applicable', 'not applicable')",Other,
ID1741,q20,"('not applicable', 'not applicable')",Other,
ID1741,q21,"('not applicable', 'not applicable')",Other,
ID1741,q22,"('not applicable', 'not applicable')",Other,
ID1742,q2,"('High', 'High')",High Relevance Labels,"('High', 'High')"
ID1742,q3,"('Low', 'Low')",Low Relevance Labels,"('Low', 'Low')"
ID1742,q4,"('Low', 'Low')",Low Relevance Labels,"('Low', 'Low')"
ID1742,q5,"('High', 'High')",High Relevance Labels,"('High', 'High')"
ID1742,q6,"('Low', 'Low')",Low Relevance Labels,"('Low', 'Low')"
ID1742,q7,"('High', 'Low')",High Relevance Labels,"('High', 'Low')"
ID1742,q8,"('High', 'Low')",High Relevance Labels,"('High', 'Low')"
ID1742,q9,"('not applicable', 'not applicable')",Other,
ID1742,q10,"('not applicable', 'not applicable')",Other,
ID1742,q11,"('not applicable', 'not applicable')",Other,
ID1742,q12,"('not applicable', 'not applicable')",Other,
ID1742,q13,"('not applicable', 'not applicable')",Other,
ID1742,q14,"('not applicable', 'not applicable')",Other,
ID1742,q15,"('not applicable', 'not applicable')",Other,
ID1742,q16,"('not applicable', 'not applicable')",Other,
ID1742,q17,"('not applicable', 'not applicable')",Other,
ID1742,q18,"('not applicable', 'not applicable')",Other,
ID1742,q19,"('not applicable', 'not applicable')",Other,
ID1742,q20,"('not applicable', 'not applicable')",Other,
ID1742,q21,"('not applicable', 'not applicable')",Other,
ID1742,q22,"('not applicable', 'not applicable')",Other,
ID1751,q2,"('High', 'Low')",High Relevance Labels,"('High', 'Low')"
ID1751,q3,"('High', 'Low')",High Relevance Labels,"('High', 'Low')"
ID1751,q4,"('Irr', 'Irr')",Irrelevant Labels,"('Irr', 'Irr')"
ID1751,q5,"('Irr', 'Low')",Low Relevance Labels,"('Low', 'Irr')"
ID1751,q6,"('Irr', 'Low')",Low Relevance Labels,"('Low', 'Irr')"
ID1751,q7,"('High', 'High')",High Relevance Labels,"('High', 'High')"
ID1751,q8,"('Irr', 'Low')",Low Relevance Labels,"('Low', 'Irr')"
ID1751,q9,"('not applicable', 'not applicable')",Other,
ID1751,q10,"('not applicable', 'not applicable')",Other,
ID1751,q11,"('not applicable', 'not applicable')",Other,
ID1751,q12,"('not applicable', 'not applicable')",Other,
ID1751,q13,"('not applicable', 'not applicable')",Other,
ID1751,q14,"('not applicable', 'not applicable')",Other,
ID1751,q15,"('not applicable', 'not applicable')",Other,
ID1751,q16,"('not applicable', 'not applicable')",Other,
ID1751,q17,"('not applicable', 'not applicable')",Other,
ID1751,q18,"('not applicable', 'not applicable')",Other,
ID1751,q19,"('not applicable', 'not applicable')",Other,
ID1751,q20,"('not applicable', 'not applicable')",Other,
ID1751,q21,"('not applicable', 'not applicable')",Other,
ID1751,q22,"('not applicable', 'not applicable')",Other,
ID1756,q2,"('High', 'High')",High Relevance Labels,"('High', 'High')"
ID1756,q3,"('High', 'Low')",High Relevance Labels,"('High', 'Low')"
ID1756,q4,"('Low', 'Low')",Low Relevance Labels,"('Low', 'Low')"
ID1756,q5,"('High', 'Low')",High Relevance Labels,"('High', 'Low')"
ID1756,q6,"('High', 'Low')",High Relevance Labels,"('High', 'Low')"
ID1756,q7,"('Low', 'Low')",Low Relevance Labels,"('Low', 'Low')"
ID1756,q8,"('High', 'Low')",High Relevance Labels,"('High', 'Low')"
ID1756,q9,"('Low', 'Low')",Low Relevance Labels,"('Low', 'Low')"
ID1756,q10,"('High', 'High')",High Relevance Labels,"('High', 'High')"
ID1756,q11,"('Low', 'Low')",Low Relevance Labels,"('Low', 'Low')"
ID1756,q12,"('High', 'High')",High Relevance Labels,"('High', 'High')"
ID1756,q13,"('High', 'Low')",High Relevance Labels,"('High', 'Low')"
ID1756,q14,"('Low', 'Low')",Low Relevance Labels,"('Low', 'Low')"
ID1756,q15,"('Irr', 'Irr')",Irrelevant Labels,"('Irr', 'Irr')"
ID1756,q16,"('Irr', 'Irr')",Irrelevant Labels,"('Irr', 'Irr')"
ID1756,q17,"('not applicable', 'not applicable')",Other,
ID1756,q18,"('not applicable', 'not applicable')",Other,
ID1756,q19,"('not applicable', 'not applicable')",Other,
ID1756,q20,"('not applicable', 'not applicable')",Other,
ID1756,q21,"('not applicable', 'not applicable')",Other,
ID1756,q22,"('not applicable', 'not applicable')",Other,
ID1772,q2,"('Low', 'Low')",Low Relevance Labels,"('Low', 'Low')"
ID1772,q3,"('Irr', 'Low')",Low Relevance Labels,"('Low', 'Irr')"
ID1772,q4,"('High', 'High')",High Relevance Labels,"('High', 'High')"
ID1772,q5,"('High', 'Low')",High Relevance Labels,"('High', 'Low')"
ID1774,q2,"('High', 'High')",High Relevance Labels,"('High', 'High')"
ID1774,q3,"('Low', 'Low')",Low Relevance Labels,"('Low', 'Low')"
ID1774,q4,"('Low', 'Low')",Low Relevance Labels,"('Low', 'Low')"
ID1774,q5,"('High', 'Low')",High Relevance Labels,"('High', 'Low')"
ID1774,q6,"('High', 'Low')",High Relevance Labels,"('High', 'Low')"
ID1774,q7,"('not applicable', 'not applicable')",Other,
ID1774,q8,"('not applicable', 'not applicable')",Other,
ID1774,q9,"('not applicable', 'not applicable')",Other,
ID1774,q10,"('not applicable', 'not applicable')",Other,
ID1774,q11,"('not applicable', 'not applicable')",Other,
ID1774,q12,"('not applicable', 'not applicable')",Other,
ID1774,q13,"('not applicable', 'not applicable')",Other,
ID1774,q14,"('not applicable', 'not applicable')",Other,
ID1774,q15,"('not applicable', 'not applicable')",Other,
ID1774,q16,"('not applicable', 'not applicable')",Other,
ID1774,q17,"('not applicable', 'not applicable')",Other,
ID1774,q18,"('not applicable', 'not applicable')",Other,
ID1774,q19,"('not applicable', 'not applicable')",Other,
ID1774,q20,"('not applicable', 'not applicable')",Other,
ID1774,q21,"('not applicable', 'not applicable')",Other,
ID1774,q22,"('not applicable', 'not applicable')",Other,
ID1776,q2,"('High', 'High')",High Relevance Labels,"('High', 'High')"
ID1776,q3,"('High', 'High')",High Relevance Labels,"('High', 'High')"
ID1776,q4,"('High', 'Low')",High Relevance Labels,"('High', 'Low')"
ID1776,q5,"('Irr', 'Low')",Low Relevance Labels,"('Low', 'Irr')"
ID1776,q6,"('Irr', 'Low')",Low Relevance Labels,"('Low', 'Irr')"
ID1776,q7,"('Low', 'not applicable')",Other,
ID1776,q8,"('High', 'High')",High Relevance Labels,"('High', 'High')"
ID1776,q9,"('Low', 'Low')",Low Relevance Labels,"('Low', 'Low')"
ID1776,q10,"('not applicable', 'not applicable')",Other,
ID1776,q11,"('not applicable', 'not applicable')",Other,
ID1776,q12,"('not applicable', 'not applicable')",Other,
ID1776,q13,"('not applicable', 'not applicable')",Other,
ID1776,q14,"('not applicable', 'not applicable')",Other,
ID1776,q15,"('not applicable', 'not applicable')",Other,
ID1776,q16,"('not applicable', 'not applicable')",Other,
ID1776,q17,"('not applicable', 'not applicable')",Other,
ID1776,q18,"('not applicable', 'not applicable')",Other,
ID1776,q19,"('not applicable', 'not applicable')",Other,
ID1776,q20,"('not applicable', 'not applicable')",Other,
ID1776,q21,"('not applicable', 'not applicable')",Other,
ID1776,q22,"('not applicable', 'not applicable')",Other,
ID1778,q2,"('High', 'High')",High Relevance Labels,"('High', 'High')"
ID1778,q3,"('High', 'High')",High Relevance Labels,"('High', 'High')"
ID1778,q4,"('Low', 'Low')",Low Relevance Labels,"('Low', 'Low')"
ID1778,q5,"('High', 'Low')",High Relevance Labels,"('High', 'Low')"
ID1778,q6,"('High', 'High')",High Relevance Labels,"('High', 'High')"
ID1778,q7,"('Low', 'Low')",Low Relevance Labels,"('Low', 'Low')"
ID1778,q8,"('not applicable', 'not applicable')",Other,
ID1778,q9,"('not applicable', 'not applicable')",Other,
ID1778,q10,"('not applicable', 'not applicable')",Other,
ID1778,q11,"('not applicable', 'not applicable')",Other,
ID1778,q12,"('not applicable', 'not applicable')",Other,
ID1778,q13,"('not applicable', 'not applicable')",Other,
ID1778,q14,"('not applicable', 'not applicable')",Other,
ID1778,q15,"('not applicable', 'not applicable')",Other,
ID1778,q16,"('not applicable', 'not applicable')",Other,
ID1778,q17,"('not applicable', 'not applicable')",Other,
ID1778,q18,"('not applicable', 'not applicable')",Other,
ID1778,q19,"('not applicable', 'not applicable')",Other,
ID1778,q20,"('not applicable', 'not applicable')",Other,
ID1778,q21,"('not applicable', 'not applicable')",Other,
ID1778,q22,"('not applicable', 'not applicable')",Other,
ID1783,q2,"('High', 'High')",High Relevance Labels,"('High', 'High')"
ID1783,q3,"('Low', 'Low')",Low Relevance Labels,"('Low', 'Low')"
ID1783,q4,"('Low', 'Low')",Low Relevance Labels,"('Low', 'Low')"
ID1783,q5,"('Low', 'Low')",Low Relevance Labels,"('Low', 'Low')"
ID1783,q6,"('High', 'Low')",High Relevance Labels,"('High', 'Low')"
ID1783,q7,"('High', 'Low')",High Relevance Labels,"('High', 'Low')"
ID1783,q8,"('Low', 'Low')",Low Relevance Labels,"('Low', 'Low')"
ID1783,q9,"('High', 'Low')",High Relevance Labels,"('High', 'Low')"
ID1783,q10,"('not applicable', 'not applicable')",Other,
ID1783,q11,"('not applicable', 'not applicable')",Other,
ID1783,q12,"('not applicable', 'not applicable')",Other,
ID1783,q13,"('not applicable', 'not applicable')",Other,
ID1783,q14,"('not applicable', 'not applicable')",Other,
ID1783,q15,"('not applicable', 'not applicable')",Other,
ID1783,q16,"('not applicable', 'not applicable')",Other,
ID1783,q17,"('not applicable', 'not applicable')",Other,
ID1783,q18,"('not applicable', 'not applicable')",Other,
ID1783,q19,"('not applicable', 'not applicable')",Other,
ID1783,q20,"('not applicable', 'not applicable')",Other,
ID1783,q21,"('not applicable', 'not applicable')",Other,
ID1783,q22,"('not applicable', 'not applicable')",Other,
ID1797,q2,"('High', 'Low')",High Relevance Labels,"('High', 'Low')"
ID1797,q3,"('High', 'High')",High Relevance Labels,"('High', 'High')"
ID1797,q4,"('High', 'High')",High Relevance Labels,"('High', 'High')"
ID1797,q5,"('High', 'Low')",High Relevance Labels,"('High', 'Low')"
ID1797,q6,"('Low', 'Low')",Low Relevance Labels,"('Low', 'Low')"
ID1797,q7,"('High', 'Low')",High Relevance Labels,"('High', 'Low')"
ID1797,q8,"('Low', 'Low')",Low Relevance Labels,"('Low', 'Low')"
ID1797,q9,"('High', 'High')",High Relevance Labels,"('High', 'High')"
ID1797,q10,"('High', 'High')",High Relevance Labels,"('High', 'High')"
ID1797,q11,"('Low', 'Low')",Low Relevance Labels,"('Low', 'Low')"
ID1797,q12,"('High', 'High')",High Relevance Labels,"('High', 'High')"
ID1797,q13,"('High', 'High')",High Relevance Labels,"('High', 'High')"
ID1797,q14,"('High', 'Low')",High Relevance Labels,"('High', 'Low')"
ID1797,q15,"('not applicable', 'not applicable')",Other,
ID1797,q16,"('not applicable', 'not applicable')",Other,
ID1797,q17,"('not applicable', 'not applicable')",Other,
ID1797,q18,"('not applicable', 'not applicable')",Other,
ID1797,q19,"('not applicable', 'not applicable')",Other,
ID1797,q20,"('not applicable', 'not applicable')",Other,
ID1797,q21,"('not applicable', 'not applicable')",Other,
ID1797,q22,"('not applicable', 'not applicable')",Other,
ID1822,q2,"('Irr', 'Low')",Low Relevance Labels,"('Low', 'Irr')"
ID1822,q3,"('Low', 'Low')",Low Relevance Labels,"('Low', 'Low')"
ID1822,q4,"('Low', 'Low')",Low Relevance Labels,"('Low', 'Low')"
ID1822,q5,"('Irr', 'Low')",Low Relevance Labels,"('Low', 'Irr')"
ID1822,q6,"('Low', 'Low')",Low Relevance Labels,"('Low', 'Low')"
ID1822,q7,"('Low', 'Low')",Low Relevance Labels,"('Low', 'Low')"
ID1822,q8,"('Low', 'Low')",Low Relevance Labels,"('Low', 'Low')"
ID1822,q9,"('High', 'Low')",High Relevance Labels,"('High', 'Low')"
ID1822,q10,"('High', 'Low')",High Relevance Labels,"('High', 'Low')"
ID1822,q11,"('Low', 'Low')",Low Relevance Labels,"('Low', 'Low')"
ID1822,q12,"('Irr', 'Low')",Low Relevance Labels,"('Low', 'Irr')"
ID1822,q13,"('Low', 'Low')",Low Relevance Labels,"('Low', 'Low')"
ID1822,q14,"('High', 'Low')",High Relevance Labels,"('High', 'Low')"
ID1822,q15,"('not applicable', 'not applicable')",Other,
ID1822,q16,"('not applicable', 'not applicable')",Other,
ID1822,q17,"('not applicable', 'not applicable')",Other,
ID1822,q18,"('not applicable', 'not applicable')",Other,
ID1822,q19,"('not applicable', 'not applicable')",Other,
ID1822,q20,"('not applicable', 'not applicable')",Other,
ID1822,q21,"('not applicable', 'not applicable')",Other,
ID1822,q22,"('not applicable', 'not applicable')",Other,
ID1823,q2,"('High', 'High')",High Relevance Labels,"('High', 'High')"
ID1823,q3,"('High', 'High')",High Relevance Labels,"('High', 'High')"
ID1823,q4,"('Low', 'Low')",Low Relevance Labels,"('Low', 'Low')"
ID1823,q5,"('High', 'Low')",High Relevance Labels,"('High', 'Low')"
ID1823,q6,"('High', 'High')",High Relevance Labels,"('High', 'High')"
ID1823,q7,"('Irr', 'Low')",Low Relevance Labels,"('Low', 'Irr')"
ID1823,q8,"('High', 'High')",High Relevance Labels,"('High', 'High')"
ID1823,q9,"('High', 'Low')",High Relevance Labels,"('High', 'Low')"
ID1823,q10,"('Irr', 'Low')",Low Relevance Labels,"('Low', 'Irr')"
ID1823,q11,"('High', 'High')",High Relevance Labels,"('High', 'High')"
ID1823,q12,"('High', 'High')",High Relevance Labels,"('High', 'High')"
ID1823,q13,"('High', 'High')",High Relevance Labels,"('High', 'High')"
ID1823,q14,"('High', 'High')",High Relevance Labels,"('High', 'High')"
ID1823,q15,"('not applicable', 'not applicable')",Other,
ID1823,q16,"('not applicable', 'not applicable')",Other,
ID1823,q17,"('not applicable', 'not applicable')",Other,
ID1823,q18,"('not applicable', 'not applicable')",Other,
ID1823,q19,"('not applicable', 'not applicable')",Other,
ID1823,q20,"('not applicable', 'not applicable')",Other,
ID1823,q21,"('not applicable', 'not applicable')",Other,
ID1823,q22,"('not applicable', 'not applicable')",Other,
ID1825,q2,"('High', 'Low')",High Relevance Labels,"('High', 'Low')"
ID1825,q3,"('High', 'Low')",High Relevance Labels,"('High', 'Low')"
ID1825,q4,"('High', 'Low')",High Relevance Labels,"('High', 'Low')"
ID1825,q5,"('High', 'High')",High Relevance Labels,"('High', 'High')"
ID1825,q6,"('High', 'Low')",High Relevance Labels,"('High', 'Low')"
ID1825,q7,"('Low', 'Low')",Low Relevance Labels,"('Low', 'Low')"
ID1825,q8,"('High', 'Low')",High Relevance Labels,"('High', 'Low')"
ID1825,q9,"('Low', 'Low')",Low Relevance Labels,"('Low', 'Low')"
ID1825,q10,"('not applicable', 'not applicable')",Other,
ID1825,q11,"('not applicable', 'not applicable')",Other,
ID1825,q12,"('not applicable', 'not applicable')",Other,
ID1825,q13,"('not applicable', 'not applicable')",Other,
ID1825,q14,"('not applicable', 'not applicable')",Other,
ID1825,q15,"('not applicable', 'not applicable')",Other,
ID1825,q16,"('not applicable', 'not applicable')",Other,
ID1825,q17,"('not applicable', 'not applicable')",Other,
ID1825,q18,"('not applicable', 'not applicable')",Other,
ID1825,q19,"('not applicable', 'not applicable')",Other,
ID1825,q20,"('not applicable', 'not applicable')",Other,
ID1825,q21,"('not applicable', 'not applicable')",Other,
ID1825,q22,"('not applicable', 'not applicable')",Other,
ID1829,q2,"('High', 'High')",High Relevance Labels,"('High', 'High')"
ID1829,q3,"('Irr', 'Low')",Low Relevance Labels,"('Low', 'Irr')"
ID1829,q4,"('High', 'High')",High Relevance Labels,"('High', 'High')"
ID1829,q5,"('High', 'Irr')",Low Relevance Labels,"('High', 'Irr')"
ID1829,q6,"('Irr', 'Irr')",Irrelevant Labels,"('Irr', 'Irr')"
ID1829,q7,"('Irr', 'Irr')",Irrelevant Labels,"('Irr', 'Irr')"
ID1829,q8,"('High', 'Low')",High Relevance Labels,"('High', 'Low')"
ID1829,q9,"('High', 'High')",High Relevance Labels,"('High', 'High')"
ID1829,q10,"('not applicable', 'not applicable')",Other,
ID1829,q11,"('not applicable', 'not applicable')",Other,
ID1829,q12,"('not applicable', 'not applicable')",Other,
ID1829,q13,"('not applicable', 'not applicable')",Other,
ID1829,q14,"('not applicable', 'not applicable')",Other,
ID1829,q15,"('not applicable', 'not applicable')",Other,
ID1829,q16,"('not applicable', 'not applicable')",Other,
ID1829,q17,"('not applicable', 'not applicable')",Other,
ID1829,q18,"('not applicable', 'not applicable')",Other,
ID1829,q19,"('not applicable', 'not applicable')",Other,
ID1829,q20,"('not applicable', 'not applicable')",Other,
ID1829,q21,"('not applicable', 'not applicable')",Other,
ID1829,q22,"('not applicable', 'not applicable')",Other,
ID1831,q2,"('High', 'High')",High Relevance Labels,"('High', 'High')"
ID1831,q3,"('Low', 'Low')",Low Relevance Labels,"('Low', 'Low')"
ID1831,q4,"('Low', 'Low')",Low Relevance Labels,"('Low', 'Low')"
ID1831,q5,"('Low', 'Low')",Low Relevance Labels,"('Low', 'Low')"
ID1831,q6,"('Irr', 'not applicable')",Other,
ID1831,q7,"('Irr', 'Low')",Low Relevance Labels,"('Low', 'Irr')"
ID1831,q8,"('Irr', 'not applicable')",Other,
ID1831,q9,"('High', 'High')",High Relevance Labels,"('High', 'High')"
ID1831,q10,"('Low', 'Low')",Low Relevance Labels,"('Low', 'Low')"
ID1831,q11,"('Low', 'Low')",Low Relevance Labels,"('Low', 'Low')"
ID1831,q12,"('Low', 'Low')",Low Relevance Labels,"('Low', 'Low')"
ID1831,q13,"('High', 'Low')",High Relevance Labels,"('High', 'Low')"
ID1831,q14,"('Low', 'Low')",Low Relevance Labels,"('Low', 'Low')"
ID1831,q15,"('High', 'Low')",High Relevance Labels,"('High', 'Low')"
ID1831,q16,"('Irr', 'Irr')",Irrelevant Labels,"('Irr', 'Irr')"
ID1831,q17,"('not applicable', 'not applicable')",Other,
ID1831,q18,"('not applicable', 'not applicable')",Other,
ID1831,q19,"('not applicable', 'not applicable')",Other,
ID1831,q20,"('not applicable', 'not applicable')",Other,
ID1831,q21,"('not applicable', 'not applicable')",Other,
ID1831,q22,"('not applicable', 'not applicable')",Other,
ID1834,q2,"('High', 'High')",High Relevance Labels,"('High', 'High')"
ID1834,q3,"('Low', 'Low')",Low Relevance Labels,"('Low', 'Low')"
ID1834,q4,"('Low', 'Low')",Low Relevance Labels,"('Low', 'Low')"
ID1834,q5,"('not applicable', 'not applicable')",Other,
ID1834,q6,"('not applicable', 'not applicable')",Other,
ID1834,q7,"('not applicable', 'not applicable')",Other,
ID1834,q8,"('not applicable', 'not applicable')",Other,
ID1834,q9,"('not applicable', 'not applicable')",Other,
ID1834,q10,"('not applicable', 'not applicable')",Other,
ID1834,q11,"('not applicable', 'not applicable')",Other,
ID1834,q12,"('not applicable', 'not applicable')",Other,
ID1834,q13,"('not applicable', 'not applicable')",Other,
ID1834,q14,"('not applicable', 'not applicable')",Other,
ID1834,q15,"('not applicable', 'not applicable')",Other,
ID1834,q16,"('not applicable', 'not applicable')",Other,
ID1834,q17,"('not applicable', 'not applicable')",Other,
ID1834,q18,"('not applicable', 'not applicable')",Other,
ID1834,q19,"('not applicable', 'not applicable')",Other,
ID1834,q20,"('not applicable', 'not applicable')",Other,
ID1834,q21,"('not applicable', 'not applicable')",Other,
ID1834,q22,"('not applicable', 'not applicable')",Other,
ID1835,q2,"('High', 'High')",High Relevance Labels,"('High', 'High')"
ID1835,q3,"('High', 'Low')",High Relevance Labels,"('High', 'Low')"
ID1835,q4,"('High', 'Low')",High Relevance Labels,"('High', 'Low')"
ID1835,q5,"('High', 'Low')",High Relevance Labels,"('High', 'Low')"
ID1835,q6,"('High', 'High')",High Relevance Labels,"('High', 'High')"
ID1835,q7,"('High', 'High')",High Relevance Labels,"('High', 'High')"
ID1835,q8,"('High', 'High')",High Relevance Labels,"('High', 'High')"
ID1835,q9,"('High', 'Low')",High Relevance Labels,"('High', 'Low')"
ID1835,q10,"('Low', 'Low')",Low Relevance Labels,"('Low', 'Low')"
ID1835,q11,"('High', 'Low')",High Relevance Labels,"('High', 'Low')"
ID1835,q12,"('High', 'High')",High Relevance Labels,"('High', 'High')"
ID1835,q13,"('High', 'Low')",High Relevance Labels,"('High', 'Low')"
ID1836,q2,"('High', 'High')",High Relevance Labels,"('High', 'High')"
ID1836,q3,"('High', 'Low')",High Relevance Labels,"('High', 'Low')"
ID1836,q4,"('High', 'Low')",High Relevance Labels,"('High', 'Low')"
ID1836,q5,"('High', 'High')",High Relevance Labels,"('High', 'High')"
ID1836,q6,"('High', 'High')",High Relevance Labels,"('High', 'High')"
ID1836,q7,"('High', 'High')",High Relevance Labels,"('High', 'High')"
ID1836,q8,"('High', 'Low')",High Relevance Labels,"('High', 'Low')"
ID1836,q9,"('Irr', 'Low')",Low Relevance Labels,"('Low', 'Irr')"
ID1836,q10,"('Low', 'Low')",Low Relevance Labels,"('Low', 'Low')"
ID1836,q11,"('Low', 'Low')",Low Relevance Labels,"('Low', 'Low')"
ID1836,q12,"('High', 'Low')",High Relevance Labels,"('High', 'Low')"
ID1836,q13,"('High', 'High')",High Relevance Labels,"('High', 'High')"
ID1836,q14,"('not applicable', 'not applicable')",Other,
ID1836,q15,"('not applicable', 'not applicable')",Other,
ID1836,q16,"('not applicable', 'not applicable')",Other,
ID1836,q17,"('not applicable', 'not applicable')",Other,
ID1836,q18,"('not applicable', 'not applicable')",Other,
ID1836,q19,"('not applicable', 'not applicable')",Other,
ID1836,q20,"('not applicable', 'not applicable')",Other,
ID1836,q21,"('not applicable', 'not applicable')",Other,
ID1836,q22,"('not applicable', 'not applicable')",Other,
ID1842,q2,"('High', 'High')",High Relevance Labels,"('High', 'High')"
ID1842,q3,"('High', 'High')",High Relevance Labels,"('High', 'High')"
ID1842,q4,"('High', 'High')",High Relevance Labels,"('High', 'High')"
ID1842,q5,"('High', 'Low')",High Relevance Labels,"('High', 'Low')"
ID1842,q6,"('High', 'Low')",High Relevance Labels,"('High', 'Low')"
ID1842,q7,"('High', 'High')",High Relevance Labels,"('High', 'High')"
ID1842,q8,"('Low', 'Low')",Low Relevance Labels,"('Low', 'Low')"
ID1842,q9,"('High', 'Low')",High Relevance Labels,"('High', 'Low')"
ID1842,q10,"('High', 'Low')",High Relevance Labels,"('High', 'Low')"
ID1842,q11,"('Low', 'Low')",Low Relevance Labels,"('Low', 'Low')"
ID1842,q12,"('High', 'High')",High Relevance Labels,"('High', 'High')"
ID1842,q13,"('Low', 'Low')",Low Relevance Labels,"('Low', 'Low')"
ID1842,q14,"('Low', 'Low')",Low Relevance Labels,"('Low', 'Low')"
ID1842,q15,"('High', 'High')",High Relevance Labels,"('High', 'High')"
ID1842,q16,"('High', 'High')",High Relevance Labels,"('High', 'High')"
ID1842,q17,"('Low', 'Low')",Low Relevance Labels,"('Low', 'Low')"
ID1842,q18,"('High', 'High')",High Relevance Labels,"('High', 'High')"
ID1842,q19,"('not applicable', 'not applicable')",Other,
ID1842,q20,"('not applicable', 'not applicable')",Other,
ID1842,q21,"('not applicable', 'not applicable')",Other,
ID1842,q22,"('not applicable', 'not applicable')",Other,
ID1846,q2,"('High', 'Low')",High Relevance Labels,"('High', 'Low')"
ID1846,q3,"('High', 'High')",High Relevance Labels,"('High', 'High')"
ID1846,q4,"('High', 'Low')",High Relevance Labels,"('High', 'Low')"
ID1846,q5,"('Low', 'Low')",Low Relevance Labels,"('Low', 'Low')"
ID1846,q6,"('High', 'High')",High Relevance Labels,"('High', 'High')"
ID1846,q7,"('Low', 'Low')",Low Relevance Labels,"('Low', 'Low')"
ID1846,q8,"('Low', 'Low')",Low Relevance Labels,"('Low', 'Low')"
ID1846,q9,"('High', 'Low')",High Relevance Labels,"('High', 'Low')"
ID1846,q10,"('Low', 'Low')",Low Relevance Labels,"('Low', 'Low')"
ID1846,q11,"('High', 'High')",High Relevance Labels,"('High', 'High')"
ID1846,q12,"('High', 'High')",High Relevance Labels,"('High', 'High')"
ID1846,q13,"('High', 'High')",High Relevance Labels,"('High', 'High')"
ID1846,q14,"('not applicable', 'not applicable')",Other,
ID1846,q15,"('not applicable', 'not applicable')",Other,
ID1846,q16,"('not applicable', 'not applicable')",Other,
ID1846,q17,"('not applicable', 'not applicable')",Other,
ID1846,q18,"('not applicable', 'not applicable')",Other,
ID1846,q19,"('not applicable', 'not applicable')",Other,
ID1846,q20,"('not applicable', 'not applicable')",Other,
ID1846,q21,"('not applicable', 'not applicable')",Other,
ID1846,q22,"('not applicable', 'not applicable')",Other,
ID1860,q2,"('High', 'Irr')",Low Relevance Labels,"('High', 'Irr')"
ID1860,q3,"('High', 'Low')",High Relevance Labels,"('High', 'Low')"
ID1860,q4,"('High', 'High')",High Relevance Labels,"('High', 'High')"
ID1860,q5,"('High', 'Irr')",Low Relevance Labels,"('High', 'Irr')"
ID1860,q6,"('High', 'Low')",High Relevance Labels,"('High', 'Low')"
ID1860,q7,"('High', 'Low')",High Relevance Labels,"('High', 'Low')"
ID1860,q8,"('Irr', 'Low')",Low Relevance Labels,"('Low', 'Irr')"
ID1860,q9,"('High', 'Low')",High Relevance Labels,"('High', 'Low')"
ID1860,q10,"('High', 'High')",High Relevance Labels,"('High', 'High')"
ID1860,q11,"('High', 'Low')",High Relevance Labels,"('High', 'Low')"
ID1860,q12,"('High', 'High')",High Relevance Labels,"('High', 'High')"
ID1860,q13,"('High', 'Low')",High Relevance Labels,"('High', 'Low')"
ID1860,q14,"('High', 'High')",High Relevance Labels,"('High', 'High')"
ID1860,q15,"('High', 'Low')",High Relevance Labels,"('High', 'Low')"
ID1860,q16,"('High', 'Low')",High Relevance Labels,"('High', 'Low')"
ID1860,q17,"('High', 'High')",High Relevance Labels,"('High', 'High')"
ID1860,q18,"('High', 'Low')",High Relevance Labels,"('High', 'Low')"
ID1860,q19,"('High', 'High')",High Relevance Labels,"('High', 'High')"
ID1860,q20,"('High', 'High')",High Relevance Labels,"('High', 'High')"
ID1860,q21,"('Low', 'Low')",Low Relevance Labels,"('Low', 'Low')"
ID1860,q22,"('not applicable', 'not applicable')",Other,
ID1863,q2,"('High', 'High')",High Relevance Labels,"('High', 'High')"
ID1863,q3,"('Irr', 'Low')",Low Relevance Labels,"('Low', 'Irr')"
ID1863,q4,"('High', 'High')",High Relevance Labels,"('High', 'High')"
ID1863,q5,"('Irr', 'Low')",Low Relevance Labels,"('Low', 'Irr')"
ID1863,q6,"('Irr', 'Low')",Low Relevance Labels,"('Low', 'Irr')"
ID1863,q7,"('Irr', 'Low')",Low Relevance Labels,"('Low', 'Irr')"
ID1863,q8,"('Irr', 'Low')",Low Relevance Labels,"('Low', 'Irr')"
ID1863,q9,"('Irr', 'Low')",Low Relevance Labels,"('Low', 'Irr')"
ID1863,q10,"('Low', 'Low')",Low Relevance Labels,"('Low', 'Low')"
ID1863,q11,"('High', 'High')",High Relevance Labels,"('High', 'High')"
ID1863,q12,"('not applicable', 'not applicable')",Other,
ID1863,q13,"('not applicable', 'not applicable')",Other,
ID1863,q14,"('not applicable', 'not applicable')",Other,
ID1863,q15,"('not applicable', 'not applicable')",Other,
ID1863,q16,"('not applicable', 'not applicable')",Other,
ID1863,q17,"('not applicable', 'not applicable')",Other,
ID1863,q18,"('not applicable', 'not applicable')",Other,
ID1863,q19,"('not applicable', 'not applicable')",Other,
ID1863,q20,"('not applicable', 'not applicable')",Other,
ID1863,q21,"('not applicable', 'not applicable')",Other,
ID1863,q22,"('not applicable', 'not applicable')",Other,
ID1865,q2,"('High', 'High')",High Relevance Labels,"('High', 'High')"
ID1865,q3,"('High', 'Low')",High Relevance Labels,"('High', 'Low')"
ID1865,q4,"('Low', 'Low')",Low Relevance Labels,"('Low', 'Low')"
ID1865,q5,"('Low', 'Low')",Low Relevance Labels,"('Low', 'Low')"
ID1865,q6,"('Low', 'Low')",Low Relevance Labels,"('Low', 'Low')"
ID1865,q7,"('High', 'High')",High Relevance Labels,"('High', 'High')"
ID1865,q8,"('High', 'High')",High Relevance Labels,"('High', 'High')"
ID1865,q9,"('Low', 'Low')",Low Relevance Labels,"('Low', 'Low')"
ID1865,q10,"('Low', 'Low')",Low Relevance Labels,"('Low', 'Low')"
ID1865,q11,"('Low', 'Low')",Low Relevance Labels,"('Low', 'Low')"
ID1865,q12,"('Low', 'Low')",Low Relevance Labels,"('Low', 'Low')"
ID1865,q13,"('Irr', 'Low')",Low Relevance Labels,"('Low', 'Irr')"
ID1865,q14,"('High', 'High')",High Relevance Labels,"('High', 'High')"
ID1865,q15,"('not applicable', 'not applicable')",Other,
ID1865,q16,"('not applicable', 'not applicable')",Other,
ID1865,q17,"('not applicable', 'not applicable')",Other,
ID1865,q18,"('not applicable', 'not applicable')",Other,
ID1865,q19,"('not applicable', 'not applicable')",Other,
ID1865,q20,"('not applicable', 'not applicable')",Other,
ID1865,q21,"('not applicable', 'not applicable')",Other,
ID1865,q22,"('not applicable', 'not applicable')",Other,
ID1879,q2,"('High', 'High')",High Relevance Labels,"('High', 'High')"
ID1879,q3,"('High', 'High')",High Relevance Labels,"('High', 'High')"
ID1879,q4,"('High', 'Low')",High Relevance Labels,"('High', 'Low')"
ID1879,q5,"('High', 'Low')",High Relevance Labels,"('High', 'Low')"
ID1879,q6,"('High', 'Low')",High Relevance Labels,"('High', 'Low')"
ID1879,q7,"('Irr', 'not applicable')",Other,
ID1879,q8,"('High', 'Low')",High Relevance Labels,"('High', 'Low')"
ID1879,q9,"('High', 'Low')",High Relevance Labels,"('High', 'Low')"
ID1879,q10,"('Irr', 'not applicable')",Other,
ID1887,q2,"('High', 'High')",High Relevance Labels,"('High', 'High')"
ID1887,q3,"('Irr', 'Low')",Low Relevance Labels,"('Low', 'Irr')"
ID1887,q4,"('Irr', 'Low')",Low Relevance Labels,"('Low', 'Irr')"
ID1887,q5,"('Low', 'Low')",Low Relevance Labels,"('Low', 'Low')"
ID1887,q6,"('Low', 'Low')",Low Relevance Labels,"('Low', 'Low')"
ID1887,q7,"('High', 'High')",High Relevance Labels,"('High', 'High')"
ID1887,q8,"('Low', 'Low')",Low Relevance Labels,"('Low', 'Low')"
ID1887,q9,"('High', 'High')",High Relevance Labels,"('High', 'High')"
ID1887,q10,"('High', 'High')",High Relevance Labels,"('High', 'High')"
ID1887,q11,"('High', 'High')",High Relevance Labels,"('High', 'High')"
ID1887,q12,"('High', 'Low')",High Relevance Labels,"('High', 'Low')"
ID1887,q13,"('not applicable', 'not applicable')",Other,
ID1887,q14,"('not applicable', 'not applicable')",Other,
ID1887,q15,"('not applicable', 'not applicable')",Other,
ID1887,q16,"('not applicable', 'not applicable')",Other,
ID1887,q17,"('not applicable', 'not applicable')",Other,
ID1887,q18,"('not applicable', 'not applicable')",Other,
ID1887,q19,"('not applicable', 'not applicable')",Other,
ID1887,q20,"('not applicable', 'not applicable')",Other,
ID1887,q21,"('not applicable', 'not applicable')",Other,
ID1887,q22,"('not applicable', 'not applicable')",Other,
ID1892,q2,"('High', 'High')",High Relevance Labels,"('High', 'High')"
ID1892,q3,"('High', 'High')",High Relevance Labels,"('High', 'High')"
ID1892,q4,"('High', 'High')",High Relevance Labels,"('High', 'High')"
ID1892,q5,"('Low', 'Low')",Low Relevance Labels,"('Low', 'Low')"
ID1892,q6,"('Low', 'Low')",Low Relevance Labels,"('Low', 'Low')"
ID1892,q7,"('High', 'Low')",High Relevance Labels,"('High', 'Low')"
ID1892,q8,"('Low', 'Low')",Low Relevance Labels,"('Low', 'Low')"
ID1892,q9,"('Low', 'Low')",Low Relevance Labels,"('Low', 'Low')"
ID1895,q2,"('High', 'High')",High Relevance Labels,"('High', 'High')"
ID1895,q3,"('High', 'High')",High Relevance Labels,"('High', 'High')"
ID1895,q4,"('High', 'High')",High Relevance Labels,"('High', 'High')"
ID1895,q5,"('Low', 'Low')",Low Relevance Labels,"('Low', 'Low')"
ID1895,q6,"('Low', 'Low')",Low Relevance Labels,"('Low', 'Low')"
ID1895,q7,"('High', 'High')",High Relevance Labels,"('High', 'High')"
ID1895,q8,"('High', 'High')",High Relevance Labels,"('High', 'High')"
ID1895,q9,"('not applicable', 'not applicable')",Other,
ID1895,q10,"('not applicable', 'not applicable')",Other,
ID1895,q11,"('not applicable', 'not applicable')",Other,
ID1895,q12,"('not applicable', 'not applicable')",Other,
ID1895,q13,"('not applicable', 'not applicable')",Other,
ID1895,q14,"('not applicable', 'not applicable')",Other,
ID1895,q15,"('not applicable', 'not applicable')",Other,
ID1895,q16,"('not applicable', 'not applicable')",Other,
ID1895,q17,"('not applicable', 'not applicable')",Other,
ID1895,q18,"('not applicable', 'not applicable')",Other,
ID1895,q19,"('not applicable', 'not applicable')",Other,
ID1895,q20,"('not applicable', 'not applicable')",Other,
ID1895,q21,"('not applicable', 'not applicable')",Other,
ID1895,q22,"('not applicable', 'not applicable')",Other,
ID1900,q2,"('High', 'Low')",High Relevance Labels,"('High', 'Low')"
ID1900,q3,"('Irr', 'Low')",Low Relevance Labels,"('Low', 'Irr')"
ID1900,q4,"('Low', 'Low')",Low Relevance Labels,"('Low', 'Low')"
ID1900,q5,"('Irr', 'Low')",Low Relevance Labels,"('Low', 'Irr')"
ID1900,q6,"('Irr', 'Low')",Low Relevance Labels,"('Low', 'Irr')"
ID1900,q7,"('High', 'Low')",High Relevance Labels,"('High', 'Low')"
ID1900,q8,"('Irr', 'Low')",Low Relevance Labels,"('Low', 'Irr')"
ID1900,q9,"('Low', 'Low')",Low Relevance Labels,"('Low', 'Low')"
ID1900,q10,"('High', 'High')",High Relevance Labels,"('High', 'High')"
ID1900,q11,"('Low', 'Low')",Low Relevance Labels,"('Low', 'Low')"
ID1900,q12,"('Low', 'Low')",Low Relevance Labels,"('Low', 'Low')"
ID1900,q13,"('Low', 'Low')",Low Relevance Labels,"('Low', 'Low')"
ID1900,q14,"('High', 'Low')",High Relevance Labels,"('High', 'Low')"
ID1900,q15,"('Irr', 'Low')",Low Relevance Labels,"('Low', 'Irr')"
ID1900,q16,"('Low', 'not applicable')",Other,
ID1900,q17,"('not applicable', 'not applicable')",Other,
ID1900,q18,"('not applicable', 'not applicable')",Other,
ID1900,q19,"('not applicable', 'not applicable')",Other,
ID1900,q20,"('not applicable', 'not applicable')",Other,
ID1900,q21,"('not applicable', 'not applicable')",Other,
ID1900,q22,"('not applicable', 'not applicable')",Other,
ID1902,q2,"('High', 'Low')",High Relevance Labels,"('High', 'Low')"
ID1902,q3,"('Irr', 'Low')",Low Relevance Labels,"('Low', 'Irr')"
ID1902,q4,"('Irr', 'Low')",Low Relevance Labels,"('Low', 'Irr')"
ID1902,q5,"('Low', 'Low')",Low Relevance Labels,"('Low', 'Low')"
ID1902,q6,"('Low', 'Low')",Low Relevance Labels,"('Low', 'Low')"
ID1902,q7,"('High', 'Low')",High Relevance Labels,"('High', 'Low')"
ID1902,q8,"('High', 'High')",High Relevance Labels,"('High', 'High')"
ID1902,q9,"('Low', 'Low')",Low Relevance Labels,"('Low', 'Low')"
ID1902,q10,"('High', 'High')",High Relevance Labels,"('High', 'High')"
ID1902,q11,"('Low', 'Low')",Low Relevance Labels,"('Low', 'Low')"
ID1902,q12,"('High', 'High')",High Relevance Labels,"('High', 'High')"
ID1902,q13,"('Irr', 'Low')",Low Relevance Labels,"('Low', 'Irr')"
ID1902,q14,"('not applicable', 'not applicable')",Other,
ID1902,q15,"('not applicable', 'not applicable')",Other,
ID1902,q16,"('not applicable', 'not applicable')",Other,
ID1902,q17,"('not applicable', 'not applicable')",Other,
ID1902,q18,"('not applicable', 'not applicable')",Other,
ID1902,q19,"('not applicable', 'not applicable')",Other,
ID1902,q20,"('not applicable', 'not applicable')",Other,
ID1902,q21,"('not applicable', 'not applicable')",Other,
ID1902,q22,"('not applicable', 'not applicable')",Other,
ID1903,q2,"('High', 'High')",High Relevance Labels,"('High', 'High')"
ID1903,q3,"('High', 'High')",High Relevance Labels,"('High', 'High')"
ID1903,q4,"('Low', 'Low')",Low Relevance Labels,"('Low', 'Low')"
ID1903,q5,"('High', 'High')",High Relevance Labels,"('High', 'High')"
ID1903,q6,"('High', 'High')",High Relevance Labels,"('High', 'High')"
ID1903,q7,"('Low', 'Low')",Low Relevance Labels,"('Low', 'Low')"
ID1903,q8,"('High', 'Low')",High Relevance Labels,"('High', 'Low')"
ID1903,q9,"('Irr', 'Low')",Low Relevance Labels,"('Low', 'Irr')"
ID1903,q10,"('Irr', 'Low')",Low Relevance Labels,"('Low', 'Irr')"
ID1903,q11,"('High', 'High')",High Relevance Labels,"('High', 'High')"
ID1903,q12,"('Low', 'Low')",Low Relevance Labels,"('Low', 'Low')"
ID1903,q13,"('Low', 'Low')",Low Relevance Labels,"('Low', 'Low')"
ID1903,q14,"('Low', 'Low')",Low Relevance Labels,"('Low', 'Low')"
ID1903,q15,"('not applicable', 'not applicable')",Other,
ID1903,q16,"('not applicable', 'not applicable')",Other,
ID1903,q17,"('not applicable', 'not applicable')",Other,
ID1903,q18,"('not applicable', 'not applicable')",Other,
ID1903,q19,"('not applicable', 'not applicable')",Other,
ID1903,q20,"('not applicable', 'not applicable')",Other,
ID1903,q21,"('not applicable', 'not applicable')",Other,
ID1903,q22,"('not applicable', 'not applicable')",Other,
ID1904,q2,"('High', 'High')",High Relevance Labels,"('High', 'High')"
ID1904,q3,"('High', 'High')",High Relevance Labels,"('High', 'High')"
ID1904,q4,"('Irr', 'Low')",Low Relevance Labels,"('Low', 'Irr')"
ID1904,q5,"('Irr', 'Low')",Low Relevance Labels,"('Low', 'Irr')"
ID1904,q6,"('High', 'Low')",High Relevance Labels,"('High', 'Low')"
ID1904,q7,"('Low', 'Low')",Low Relevance Labels,"('Low', 'Low')"
ID1904,q8,"('Irr', 'Low')",Low Relevance Labels,"('Low', 'Irr')"
ID1904,q9,"('Low', 'Low')",Low Relevance Labels,"('Low', 'Low')"
ID1904,q10,"('not applicable', 'not applicable')",Other,
ID1904,q11,"('not applicable', 'not applicable')",Other,
ID1904,q12,"('not applicable', 'not applicable')",Other,
ID1904,q13,"('not applicable', 'not applicable')",Other,
ID1904,q14,"('not applicable', 'not applicable')",Other,
ID1904,q15,"('not applicable', 'not applicable')",Other,
ID1904,q16,"('not applicable', 'not applicable')",Other,
ID1904,q17,"('not applicable', 'not applicable')",Other,
ID1904,q18,"('not applicable', 'not applicable')",Other,
ID1904,q19,"('not applicable', 'not applicable')",Other,
ID1904,q20,"('not applicable', 'not applicable')",Other,
ID1904,q21,"('not applicable', 'not applicable')",Other,
ID1904,q22,"('not applicable', 'not applicable')",Other,
ID1917,q2,"('High', 'High')",High Relevance Labels,"('High', 'High')"
ID1917,q3,"('High', 'Low')",High Relevance Labels,"('High', 'Low')"
ID1917,q4,"('Low', 'Low')",Low Relevance Labels,"('Low', 'Low')"
ID1917,q5,"('High', 'Low')",High Relevance Labels,"('High', 'Low')"
ID1917,q6,"('High', 'Low')",High Relevance Labels,"('High', 'Low')"
ID1917,q7,"('High', 'Low')",High Relevance Labels,"('High', 'Low')"
ID1917,q8,"('Low', 'Low')",Low Relevance Labels,"('Low', 'Low')"
ID1917,q9,"('Low', 'Low')",Low Relevance Labels,"('Low', 'Low')"
ID1917,q10,"('Irr', 'Low')",Low Relevance Labels,"('Low', 'Irr')"
ID1917,q11,"('Irr', 'Low')",Low Relevance Labels,"('Low', 'Irr')"
ID1917,q12,"('Irr', 'Low')",Low Relevance Labels,"('Low', 'Irr')"
ID1917,q13,"('High', 'Irr')",Low Relevance Labels,"('High', 'Irr')"
ID1917,q14,"('High', 'Low')",High Relevance Labels,"('High', 'Low')"
ID1917,q15,"('High', 'Irr')",Low Relevance Labels,"('High', 'Irr')"
ID1917,q16,"('High', 'Low')",High Relevance Labels,"('High', 'Low')"
ID1917,q17,"('Low', 'not applicable')",Other,
ID1917,q18,"('not applicable', 'not applicable')",Other,
ID1917,q19,"('not applicable', 'not applicable')",Other,
ID1917,q20,"('not applicable', 'not applicable')",Other,
ID1917,q21,"('not applicable', 'not applicable')",Other,
ID1917,q22,"('not applicable', 'not applicable')",Other,
ID1927,q2,"('High', 'High')",High Relevance Labels,"('High', 'High')"
ID1927,q3,"('High', 'Low')",High Relevance Labels,"('High', 'Low')"
ID1927,q4,"('High', 'Low')",High Relevance Labels,"('High', 'Low')"
ID1927,q5,"('Low', 'Low')",Low Relevance Labels,"('Low', 'Low')"
ID1927,q6,"('High', 'Low')",High Relevance Labels,"('High', 'Low')"
ID1927,q7,"('Irr', 'Low')",Low Relevance Labels,"('Low', 'Irr')"
ID1927,q8,"('Irr', 'Low')",Low Relevance Labels,"('Low', 'Irr')"
ID1927,q9,"('Irr', 'Low')",Low Relevance Labels,"('Low', 'Irr')"
ID1927,q10,"('Irr', 'Low')",Low Relevance Labels,"('Low', 'Irr')"
ID1927,q11,"('not applicable', 'not applicable')",Other,
ID1927,q12,"('not applicable', 'not applicable')",Other,
ID1927,q13,"('not applicable', 'not applicable')",Other,
ID1927,q14,"('not applicable', 'not applicable')",Other,
ID1927,q15,"('not applicable', 'not applicable')",Other,
ID1927,q16,"('not applicable', 'not applicable')",Other,
ID1927,q17,"('not applicable', 'not applicable')",Other,
ID1927,q18,"('not applicable', 'not applicable')",Other,
ID1927,q19,"('not applicable', 'not applicable')",Other,
ID1927,q20,"('not applicable', 'not applicable')",Other,
ID1927,q21,"('not applicable', 'not applicable')",Other,
ID1927,q22,"('not applicable', 'not applicable')",Other,
ID1931,q2,"('High', 'High')",High Relevance Labels,"('High', 'High')"
ID1931,q3,"('High', 'Low')",High Relevance Labels,"('High', 'Low')"
ID1931,q4,"('Low', 'Low')",Low Relevance Labels,"('Low', 'Low')"
ID1931,q5,"('High', 'Low')",High Relevance Labels,"('High', 'Low')"
ID1931,q6,"('High', 'Low')",High Relevance Labels,"('High', 'Low')"
ID1931,q7,"('Irr', 'Low')",Low Relevance Labels,"('Low', 'Irr')"
ID1931,q8,"('not applicable', 'not applicable')",Other,
ID1931,q9,"('not applicable', 'not applicable')",Other,
ID1931,q10,"('not applicable', 'not applicable')",Other,
ID1931,q11,"('not applicable', 'not applicable')",Other,
ID1931,q12,"('not applicable', 'not applicable')",Other,
ID1931,q13,"('not applicable', 'not applicable')",Other,
ID1931,q14,"('not applicable', 'not applicable')",Other,
ID1931,q15,"('not applicable', 'not applicable')",Other,
ID1931,q16,"('not applicable', 'not applicable')",Other,
ID1931,q17,"('not applicable', 'not applicable')",Other,
ID1931,q18,"('not applicable', 'not applicable')",Other,
ID1931,q19,"('not applicable', 'not applicable')",Other,
ID1931,q20,"('not applicable', 'not applicable')",Other,
ID1931,q21,"('not applicable', 'not applicable')",Other,
ID1931,q22,"('not applicable', 'not applicable')",Other,
ID1932,q2,"('High', 'Low')",High Relevance Labels,"('High', 'Low')"
ID1932,q3,"('Low', 'Low')",Low Relevance Labels,"('Low', 'Low')"
ID1932,q4,"('High', 'High')",High Relevance Labels,"('High', 'High')"
ID1932,q5,"('Low', 'Low')",Low Relevance Labels,"('Low', 'Low')"
ID1932,q6,"('High', 'Low')",High Relevance Labels,"('High', 'Low')"
ID1932,q7,"('Irr', 'Low')",Low Relevance Labels,"('Low', 'Irr')"
ID1932,q8,"('High', 'Low')",High Relevance Labels,"('High', 'Low')"
ID1932,q9,"('High', 'High')",High Relevance Labels,"('High', 'High')"
ID1932,q10,"('Low', 'Low')",Low Relevance Labels,"('Low', 'Low')"
ID1932,q11,"('Low', 'Low')",Low Relevance Labels,"('Low', 'Low')"
ID1932,q12,"('Low', 'Low')",Low Relevance Labels,"('Low', 'Low')"
ID1932,q13,"('Low', 'Low')",Low Relevance Labels,"('Low', 'Low')"
ID1932,q14,"('Low', 'Low')",Low Relevance Labels,"('Low', 'Low')"
ID1932,q15,"('Irr', 'Low')",Low Relevance Labels,"('Low', 'Irr')"
ID1932,q16,"('Irr', 'Low')",Low Relevance Labels,"('Low', 'Irr')"
ID1932,q17,"('Low', 'Low')",Low Relevance Labels,"('Low', 'Low')"
ID1932,q18,"('Low', 'Low')",Low Relevance Labels,"('Low', 'Low')"
ID1932,q19,"('not applicable', 'not applicable')",Other,
ID1932,q20,"('not applicable', 'not applicable')",Other,
ID1932,q21,"('not applicable', 'not applicable')",Other,
ID1932,q22,"('not applicable', 'not applicable')",Other,
ID1949,q2,"('High', 'Low')",High Relevance Labels,"('High', 'Low')"
ID1949,q3,"('Irr', 'Low')",Low Relevance Labels,"('Low', 'Irr')"
ID1949,q4,"('Low', 'Low')",Low Relevance Labels,"('Low', 'Low')"
ID1949,q5,"('High', 'Low')",High Relevance Labels,"('High', 'Low')"
ID1949,q6,"('Low', 'Low')",Low Relevance Labels,"('Low', 'Low')"
ID1949,q7,"('Low', 'Low')",Low Relevance Labels,"('Low', 'Low')"
ID1949,q8,"('High', 'Low')",High Relevance Labels,"('High', 'Low')"
ID1949,q9,"('High', 'High')",High Relevance Labels,"('High', 'High')"
ID1949,q10,"('High', 'not applicable')",Other,
ID1949,q11,"('not applicable', 'not applicable')",Other,
ID1949,q12,"('not applicable', 'not applicable')",Other,
ID1949,q13,"('not applicable', 'not applicable')",Other,
ID1949,q14,"('not applicable', 'not applicable')",Other,
ID1949,q15,"('not applicable', 'not applicable')",Other,
ID1949,q16,"('not applicable', 'not applicable')",Other,
ID1949,q17,"('not applicable', 'not applicable')",Other,
ID1949,q18,"('not applicable', 'not applicable')",Other,
ID1949,q19,"('not applicable', 'not applicable')",Other,
ID1949,q20,"('not applicable', 'not applicable')",Other,
ID1949,q21,"('not applicable', 'not applicable')",Other,
ID1949,q22,"('not applicable', 'not applicable')",Other,
ID1952,q2,"('High', 'not applicable')",Other,
ID1952,q3,"('High', 'High')",High Relevance Labels,"('High', 'High')"
ID1952,q4,"('High', 'Low')",High Relevance Labels,"('High', 'Low')"
ID1952,q5,"('High', 'Low')",High Relevance Labels,"('High', 'Low')"
ID1952,q6,"('High', 'Low')",High Relevance Labels,"('High', 'Low')"
ID1952,q7,"('Low', 'Low')",Low Relevance Labels,"('Low', 'Low')"
ID1952,q8,"('High', 'Irr')",Low Relevance Labels,"('High', 'Irr')"
ID1952,q9,"('not applicable', 'not applicable')",Other,
ID1952,q10,"('not applicable', 'not applicable')",Other,
ID1952,q11,"('not applicable', 'not applicable')",Other,
ID1952,q12,"('not applicable', 'not applicable')",Other,
ID1952,q13,"('not applicable', 'not applicable')",Other,
ID1952,q14,"('not applicable', 'not applicable')",Other,
ID1952,q15,"('not applicable', 'not applicable')",Other,
ID1952,q16,"('not applicable', 'not applicable')",Other,
ID1952,q17,"('not applicable', 'not applicable')",Other,
ID1952,q18,"('not applicable', 'not applicable')",Other,
ID1952,q19,"('not applicable', 'not applicable')",Other,
ID1952,q20,"('not applicable', 'not applicable')",Other,
ID1952,q21,"('not applicable', 'not applicable')",Other,
ID1952,q22,"('not applicable', 'not applicable')",Other,
ID1955,q2,"('High', 'High')",High Relevance Labels,"('High', 'High')"
ID1955,q3,"('High', 'High')",High Relevance Labels,"('High', 'High')"
ID1955,q4,"('High', 'High')",High Relevance Labels,"('High', 'High')"
ID1955,q5,"('Low', 'Low')",Low Relevance Labels,"('Low', 'Low')"
ID1955,q6,"('High', 'High')",High Relevance Labels,"('High', 'High')"
ID1955,q7,"('Low', 'Low')",Low Relevance Labels,"('Low', 'Low')"
ID1955,q8,"('Low', 'Low')",Low Relevance Labels,"('Low', 'Low')"
ID1955,q9,"('High', 'Low')",High Relevance Labels,"('High', 'Low')"
ID1955,q10,"('High', 'High')",High Relevance Labels,"('High', 'High')"
ID1955,q11,"('not applicable', 'not applicable')",Other,
ID1955,q12,"('not applicable', 'not applicable')",Other,
ID1955,q13,"('not applicable', 'not applicable')",Other,
ID1955,q14,"('not applicable', 'not applicable')",Other,
ID1955,q15,"('not applicable', 'not applicable')",Other,
ID1955,q16,"('not applicable', 'not applicable')",Other,
ID1955,q17,"('not applicable', 'not applicable')",Other,
ID1955,q18,"('not applicable', 'not applicable')",Other,
ID1955,q19,"('not applicable', 'not applicable')",Other,
ID1955,q20,"('not applicable', 'not applicable')",Other,
ID1955,q21,"('not applicable', 'not applicable')",Other,
ID1955,q22,"('not applicable', 'not applicable')",Other,
ID1956,q2,"('High', 'Low')",High Relevance Labels,"('High', 'Low')"
ID1956,q3,"('Low', 'Low')",Low Relevance Labels,"('Low', 'Low')"
ID1956,q4,"('High', 'Low')",High Relevance Labels,"('High', 'Low')"
ID1956,q5,"('High', 'Low')",High Relevance Labels,"('High', 'Low')"
ID1956,q6,"('Low', 'Low')",Low Relevance Labels,"('Low', 'Low')"
ID1956,q7,"('High', 'Low')",High Relevance Labels,"('High', 'Low')"
ID1956,q8,"('not applicable', 'not applicable')",Other,
ID1956,q9,"('not applicable', 'not applicable')",Other,
ID1956,q10,"('not applicable', 'not applicable')",Other,
ID1956,q11,"('not applicable', 'not applicable')",Other,
ID1956,q12,"('not applicable', 'not applicable')",Other,
ID1956,q13,"('not applicable', 'not applicable')",Other,
ID1956,q14,"('not applicable', 'not applicable')",Other,
ID1956,q15,"('not applicable', 'not applicable')",Other,
ID1956,q16,"('not applicable', 'not applicable')",Other,
ID1956,q17,"('not applicable', 'not applicable')",Other,
ID1956,q18,"('not applicable', 'not applicable')",Other,
ID1956,q19,"('not applicable', 'not applicable')",Other,
ID1956,q20,"('not applicable', 'not applicable')",Other,
ID1956,q21,"('not applicable', 'not applicable')",Other,
ID1956,q22,"('not applicable', 'not applicable')",Other,
ID1957,q2,"('High', 'Low')",High Relevance Labels,"('High', 'Low')"
ID1957,q3,"('High', 'High')",High Relevance Labels,"('High', 'High')"
ID1957,q4,"('Low', 'Low')",Low Relevance Labels,"('Low', 'Low')"
ID1957,q5,"('High', 'High')",High Relevance Labels,"('High', 'High')"
ID1957,q6,"('Low', 'Low')",Low Relevance Labels,"('Low', 'Low')"
ID1957,q7,"('not applicable', 'not applicable')",Other,
ID1957,q8,"('not applicable', 'not applicable')",Other,
ID1957,q9,"('not applicable', 'not applicable')",Other,
ID1957,q10,"('not applicable', 'not applicable')",Other,
ID1957,q11,"('not applicable', 'not applicable')",Other,
ID1957,q12,"('not applicable', 'not applicable')",Other,
ID1957,q13,"('not applicable', 'not applicable')",Other,
ID1957,q14,"('not applicable', 'not applicable')",Other,
ID1957,q15,"('not applicable', 'not applicable')",Other,
ID1957,q16,"('not applicable', 'not applicable')",Other,
ID1957,q17,"('not applicable', 'not applicable')",Other,
ID1957,q18,"('not applicable', 'not applicable')",Other,
ID1957,q19,"('not applicable', 'not applicable')",Other,
ID1957,q20,"('not applicable', 'not applicable')",Other,
ID1957,q21,"('not applicable', 'not applicable')",Other,
ID1957,q22,"('not applicable', 'not applicable')",Other,
ID1959,q2,"('High', 'Low')",High Relevance Labels,"('High', 'Low')"
ID1959,q3,"('High', 'Low')",High Relevance Labels,"('High', 'Low')"
ID1959,q4,"('High', 'High')",High Relevance Labels,"('High', 'High')"
ID1959,q5,"('Low', 'Low')",Low Relevance Labels,"('Low', 'Low')"
ID1959,q6,"('High', 'Low')",High Relevance Labels,"('High', 'Low')"
ID1959,q7,"('High', 'Low')",High Relevance Labels,"('High', 'Low')"
ID1959,q8,"('Low', 'Low')",Low Relevance Labels,"('Low', 'Low')"
ID1959,q9,"('Low', 'Low')",Low Relevance Labels,"('Low', 'Low')"
ID1959,q10,"('Irr', 'Low')",Low Relevance Labels,"('Low', 'Irr')"
ID1959,q11,"('Irr', 'Low')",Low Relevance Labels,"('Low', 'Irr')"
ID1959,q12,"('High', 'High')",High Relevance Labels,"('High', 'High')"
ID1959,q13,"('High', 'Low')",High Relevance Labels,"('High', 'Low')"
ID1959,q14,"('High', 'Low')",High Relevance Labels,"('High', 'Low')"
ID1959,q15,"('High', 'Low')",High Relevance Labels,"('High', 'Low')"
ID1959,q16,"('Irr', 'Low')",Low Relevance Labels,"('Low', 'Irr')"
ID1959,q17,"('High', 'High')",High Relevance Labels,"('High', 'High')"
ID1959,q18,"('High', 'High')",High Relevance Labels,"('High', 'High')"
ID1959,q19,"('High', 'High')",High Relevance Labels,"('High', 'High')"
ID1959,q20,"('not applicable', 'not applicable')",Other,
ID1959,q21,"('not applicable', 'not applicable')",Other,
ID1959,q22,"('not applicable', 'not applicable')",Other,
ID1969,q2,"('High', 'High')",High Relevance Labels,"('High', 'High')"
ID1969,q3,"('High', 'High')",High Relevance Labels,"('High', 'High')"
ID1969,q4,"('High', 'Low')",High Relevance Labels,"('High', 'Low')"
ID1969,q5,"('Low', 'Low')",Low Relevance Labels,"('Low', 'Low')"
ID1969,q6,"('Low', 'Low')",Low Relevance Labels,"('Low', 'Low')"
ID1969,q7,"('Low', 'Low')",Low Relevance Labels,"('Low', 'Low')"
ID1969,q8,"('High', 'High')",High Relevance Labels,"('High', 'High')"
ID1969,q9,"('High', 'not applicable')",Other,
ID1969,q10,"('not applicable', 'not applicable')",Other,
ID1969,q11,"('not applicable', 'not applicable')",Other,
ID1969,q12,"('not applicable', 'not applicable')",Other,
ID1969,q13,"('not applicable', 'not applicable')",Other,
ID1969,q14,"('not applicable', 'not applicable')",Other,
ID1969,q15,"('not applicable', 'not applicable')",Other,
ID1969,q16,"('not applicable', 'not applicable')",Other,
ID1969,q17,"('not applicable', 'not applicable')",Other,
ID1969,q18,"('not applicable', 'not applicable')",Other,
ID1969,q19,"('not applicable', 'not applicable')",Other,
ID1969,q20,"('not applicable', 'not applicable')",Other,
ID1969,q21,"('not applicable', 'not applicable')",Other,
ID1969,q22,"('not applicable', 'not applicable')",Other,
ID1972,q2,"('High', 'High')",High Relevance Labels,"('High', 'High')"
ID1972,q3,"('Irr', 'Low')",Low Relevance Labels,"('Low', 'Irr')"
ID1972,q4,"('Irr', 'Low')",Low Relevance Labels,"('Low', 'Irr')"
ID1972,q5,"('High', 'Low')",High Relevance Labels,"('High', 'Low')"
ID1972,q6,"('Irr', 'Low')",Low Relevance Labels,"('Low', 'Irr')"
ID1972,q7,"('High', 'Low')",High Relevance Labels,"('High', 'Low')"
ID1972,q8,"('High', 'Irr')",Low Relevance Labels,"('High', 'Irr')"
ID1972,q9,"('Irr', 'Low')",Low Relevance Labels,"('Low', 'Irr')"
ID1972,q10,"('not applicable', 'not applicable')",Other,
ID1972,q11,"('not applicable', 'not applicable')",Other,
ID1972,q12,"('not applicable', 'not applicable')",Other,
ID1972,q13,"('not applicable', 'not applicable')",Other,
ID1972,q14,"('not applicable', 'not applicable')",Other,
ID1972,q15,"('not applicable', 'not applicable')",Other,
ID1972,q16,"('not applicable', 'not applicable')",Other,
ID1972,q17,"('not applicable', 'not applicable')",Other,
ID1972,q18,"('not applicable', 'not applicable')",Other,
ID1972,q19,"('not applicable', 'not applicable')",Other,
ID1972,q20,"('not applicable', 'not applicable')",Other,
ID1972,q21,"('not applicable', 'not applicable')",Other,
ID1972,q22,"('not applicable', 'not applicable')",Other,
ID1979,q2,"('High', 'Low')",High Relevance Labels,"('High', 'Low')"
ID1979,q3,"('High', 'High')",High Relevance Labels,"('High', 'High')"
ID1979,q4,"('High', 'Low')",High Relevance Labels,"('High', 'Low')"
ID1979,q5,"('Low', 'Low')",Low Relevance Labels,"('Low', 'Low')"
ID1979,q6,"('High', 'Low')",High Relevance Labels,"('High', 'Low')"
ID1979,q7,"('not applicable', 'not applicable')",Other,
ID1979,q8,"('not applicable', 'not applicable')",Other,
ID1979,q9,"('not applicable', 'not applicable')",Other,
ID1979,q10,"('not applicable', 'not applicable')",Other,
ID1979,q11,"('not applicable', 'not applicable')",Other,
ID1979,q12,"('not applicable', 'not applicable')",Other,
ID1979,q13,"('not applicable', 'not applicable')",Other,
ID1979,q14,"('not applicable', 'not applicable')",Other,
ID1979,q15,"('not applicable', 'not applicable')",Other,
ID1979,q16,"('not applicable', 'not applicable')",Other,
ID1979,q17,"('not applicable', 'not applicable')",Other,
ID1979,q18,"('not applicable', 'not applicable')",Other,
ID1979,q19,"('not applicable', 'not applicable')",Other,
ID1979,q20,"('not applicable', 'not applicable')",Other,
ID1979,q21,"('not applicable', 'not applicable')",Other,
ID1979,q22,"('not applicable', 'not applicable')",Other,
ID1986,q2,"('High', 'High')",High Relevance Labels,"('High', 'High')"
ID1986,q3,"('High', 'Low')",High Relevance Labels,"('High', 'Low')"
ID1986,q4,"('Low', 'Low')",Low Relevance Labels,"('Low', 'Low')"
ID1986,q5,"('High', 'High')",High Relevance Labels,"('High', 'High')"
ID1986,q6,"('Low', 'Low')",Low Relevance Labels,"('Low', 'Low')"
ID1986,q7,"('High', 'High')",High Relevance Labels,"('High', 'High')"
ID1986,q8,"('not applicable', 'not applicable')",Other,
ID1986,q9,"('not applicable', 'not applicable')",Other,
ID1986,q10,"('not applicable', 'not applicable')",Other,
ID1986,q11,"('not applicable', 'not applicable')",Other,
ID1986,q12,"('not applicable', 'not applicable')",Other,
ID1986,q13,"('not applicable', 'not applicable')",Other,
ID1986,q14,"('not applicable', 'not applicable')",Other,
ID1986,q15,"('not applicable', 'not applicable')",Other,
ID1986,q16,"('not applicable', 'not applicable')",Other,
ID1986,q17,"('not applicable', 'not applicable')",Other,
ID1986,q18,"('not applicable', 'not applicable')",Other,
ID1986,q19,"('not applicable', 'not applicable')",Other,
ID1986,q20,"('not applicable', 'not applicable')",Other,
ID1986,q21,"('not applicable', 'not applicable')",Other,
ID1986,q22,"('not applicable', 'not applicable')",Other,
ID1993,q2,"('High', 'High')",High Relevance Labels,"('High', 'High')"
ID1993,q3,"('High', 'Low')",High Relevance Labels,"('High', 'Low')"
ID1993,q4,"('Low', 'Low')",Low Relevance Labels,"('Low', 'Low')"
ID1993,q5,"('Low', 'Low')",Low Relevance Labels,"('Low', 'Low')"
ID1993,q6,"('Low', 'Low')",Low Relevance Labels,"('Low', 'Low')"
ID1993,q7,"('not applicable', 'not applicable')",Other,
ID1993,q8,"('not applicable', 'not applicable')",Other,
ID1993,q9,"('not applicable', 'not applicable')",Other,
ID1993,q10,"('not applicable', 'not applicable')",Other,
ID1993,q11,"('not applicable', 'not applicable')",Other,
ID1993,q12,"('not applicable', 'not applicable')",Other,
ID1993,q13,"('not applicable', 'not applicable')",Other,
ID1993,q14,"('not applicable', 'not applicable')",Other,
ID1993,q15,"('not applicable', 'not applicable')",Other,
ID1993,q16,"('not applicable', 'not applicable')",Other,
ID1993,q17,"('not applicable', 'not applicable')",Other,
ID1993,q18,"('not applicable', 'not applicable')",Other,
ID1993,q19,"('not applicable', 'not applicable')",Other,
ID1993,q20,"('not applicable', 'not applicable')",Other,
ID1993,q21,"('not applicable', 'not applicable')",Other,
ID1993,q22,"('not applicable', 'not applicable')",Other,
ID1995,q2,"('High', 'High')",High Relevance Labels,"('High', 'High')"
ID1995,q3,"('High', 'Low')",High Relevance Labels,"('High', 'Low')"
ID1995,q4,"('Low', 'Low')",Low Relevance Labels,"('Low', 'Low')"
ID1995,q5,"('Low', 'Low')",Low Relevance Labels,"('Low', 'Low')"
ID1995,q6,"('High', 'Low')",High Relevance Labels,"('High', 'Low')"
ID1995,q7,"('not applicable', 'not applicable')",Other,
ID1995,q8,"('not applicable', 'not applicable')",Other,
ID1995,q9,"('not applicable', 'not applicable')",Other,
ID1995,q10,"('not applicable', 'not applicable')",Other,
ID1995,q11,"('not applicable', 'not applicable')",Other,
ID1995,q12,"('not applicable', 'not applicable')",Other,
ID1995,q13,"('not applicable', 'not applicable')",Other,
ID1995,q14,"('not applicable', 'not applicable')",Other,
ID1995,q15,"('not applicable', 'not applicable')",Other,
ID1995,q16,"('not applicable', 'not applicable')",Other,
ID1995,q17,"('not applicable', 'not applicable')",Other,
ID1995,q18,"('not applicable', 'not applicable')",Other,
ID1995,q19,"('not applicable', 'not applicable')",Other,
ID1995,q20,"('not applicable', 'not applicable')",Other,
ID1995,q21,"('not applicable', 'not applicable')",Other,
ID1995,q22,"('not applicable', 'not applicable')",Other,
ID1996,q2,"('High', 'High')",High Relevance Labels,"('High', 'High')"
ID1996,q3,"('Low', 'Low')",Low Relevance Labels,"('Low', 'Low')"
ID1996,q4,"('High', 'High')",High Relevance Labels,"('High', 'High')"
ID1996,q5,"('not applicable', 'not applicable')",Other,
ID1996,q6,"('not applicable', 'not applicable')",Other,
ID1996,q7,"('not applicable', 'not applicable')",Other,
ID1996,q8,"('not applicable', 'not applicable')",Other,
ID1996,q9,"('not applicable', 'not applicable')",Other,
ID1996,q10,"('not applicable', 'not applicable')",Other,
ID1996,q11,"('not applicable', 'not applicable')",Other,
ID1996,q12,"('not applicable', 'not applicable')",Other,
ID1996,q13,"('not applicable', 'not applicable')",Other,
ID1996,q14,"('not applicable', 'not applicable')",Other,
ID1996,q15,"('not applicable', 'not applicable')",Other,
ID1996,q16,"('not applicable', 'not applicable')",Other,
ID1996,q17,"('not applicable', 'not applicable')",Other,
ID1996,q18,"('not applicable', 'not applicable')",Other,
ID1996,q19,"('not applicable', 'not applicable')",Other,
ID1996,q20,"('not applicable', 'not applicable')",Other,
ID1996,q21,"('not applicable', 'not applicable')",Other,
ID1996,q22,"('not applicable', 'not applicable')",Other,
ID1998,q2,"('High', 'Irr')",Low Relevance Labels,"('High', 'Irr')"
ID1998,q3,"('High', 'Irr')",Low Relevance Labels,"('High', 'Irr')"
ID1998,q4,"('High', 'Irr')",Low Relevance Labels,"('High', 'Irr')"
ID1998,q5,"('High', 'Irr')",Low Relevance Labels,"('High', 'Irr')"
ID1998,q6,"('High', 'Irr')",Low Relevance Labels,"('High', 'Irr')"
ID1998,q7,"('High', 'Irr')",Low Relevance Labels,"('High', 'Irr')"
ID1998,q8,"('Irr', 'Low')",Low Relevance Labels,"('Low', 'Irr')"
ID1998,q9,"('Irr', 'Irr')",Irrelevant Labels,"('Irr', 'Irr')"
