row,col,ppl,data_source_corr
0,High,13.516196250915527,jama
0,High,17.69131851196289,jama
0,High,33.040679931640625,jama
0,High,49.95983123779297,jama
0,High,37.63325881958008,jama
0,Low,25.30890655517578,jama
0,Low,12.0121488571167,jama
0,Low,129.83993530273438,jama
0,Low,53.45164489746094,jama
0,Low,75.33090209960938,jama
0,Low,216.6696014404297,jama
1,High,15.38199234008789,medxpert
1,High,17.658218383789062,medxpert
1,High,60.17991638183594,medxpert
1,High,8.250760078430176,medxpert
1,High,19.572479248046875,medxpert
1,High,293.3031311035156,medxpert
1,Low,13.095061302185059,medxpert
2,High,16.46169090270996,medxpert
2,High,24.515260696411133,medxpert
2,High,24.859468460083008,medxpert
2,High,27.375469207763672,medxpert
2,Low,48.641883850097656,medxpert
2,Low,5.659392356872559,medxpert
2,Low,76.90734100341797,medxpert
3,High,26.546085357666016,mmlu
3,High,32.157047271728516,mmlu
3,High,25.682199478149414,mmlu
3,High,28.047828674316406,mmlu
3,High,20.820966720581055,mmlu
3,High,58.99626159667969,mmlu
3,Low,88.27511596679688,mmlu
4,High,18.336313247680664,jama
4,High,25.77243423461914,jama
4,High,31.024494171142578,jama
4,High,15.692459106445312,jama
4,High,22.484403610229492,jama
4,High,53.06397247314453,jama
4,Low,135.06446838378906,jama
5,High,25.332571029663086,jama
5,High,34.74006271362305,jama
5,High,45.66289520263672,jama
5,High,33.78218078613281,jama
5,High,54.96175765991211,jama
5,High,33.19478988647461,jama
5,High,40.60224533081055,jama
5,High,24.937786102294922,jama
5,Low,22.011104583740234,jama
5,Low,9.284428596496582,jama
5,Low,48.64042663574219,jama
5,Low,64.34354400634766,jama
6,High,18.802690505981445,jama
6,High,37.28903579711914,jama
6,High,14.410160064697266,jama
6,High,46.28697204589844,jama
6,High,38.060523986816406,jama
6,High,164.53067016601562,jama
6,High,27.549785614013672,jama
6,High,18.837705612182617,jama
6,High,155.50094604492188,jama
6,Low,57.20317840576172,jama
6,Low,156.74478149414062,jama
7,High,22.001543045043945,mmlu
7,High,20.129968643188477,mmlu
7,Low,7.415650844573975,mmlu
7,Low,45.14867401123047,mmlu
8,High,16.439353942871094,medxpert
8,High,40.32556915283203,medxpert
8,High,41.922061920166016,medxpert
8,High,235.68795776367188,medxpert
8,Low,63.4585075378418,medxpert
9,High,21.507898330688477,mmlu
9,High,9.599246978759766,mmlu
9,High,8.016228675842285,mmlu
9,High,22.947118759155273,mmlu
9,Low,29.5423526763916,mmlu
9,Low,17.66460609436035,mmlu
9,Low,31.853038787841797,mmlu
9,Low,36.51255798339844,mmlu
10,High,49.68482208251953,medbullets
10,High,26.293302536010742,medbullets
10,High,68.1290512084961,medbullets
10,High,6.853547096252441,medbullets
10,Low,14.26156234741211,medbullets
10,Low,5.416088104248047,medbullets
11,High,35.46981430053711,medbullets
11,High,15.20608901977539,medbullets
11,High,55.10429763793945,medbullets
11,High,16.424528121948242,medbullets
11,High,27.819334030151367,medbullets
11,High,37.71541976928711,medbullets
11,High,6.054159164428711,medbullets
11,High,25.291244506835938,medbullets
11,Low,28.377058029174805,medbullets
11,Low,52.2833366394043,medbullets
11,Low,42.21308135986328,medbullets
11,Low,22.926774978637695,medbullets
12,High,15.05691909790039,medbullets
12,High,19.461977005004883,medbullets
12,High,92.35135650634766,medbullets
12,High,200.47158813476562,medbullets
12,High,39.2369384765625,medbullets
12,Low,20.492191314697266,medbullets
12,Low,5.397463798522949,medbullets
13,High,22.5831356048584,medbullets
13,High,10.225966453552246,medbullets
13,High,36.004817962646484,medbullets
13,High,20.71027946472168,medbullets
13,High,15.161470413208008,medbullets
13,High,14.796096801757812,medbullets
13,High,47.12289047241211,medbullets
13,High,35.11731719970703,medbullets
13,Low,20.932373046875,medbullets
13,Low,5.508382797241211,medbullets
13,Low,11.002198219299316,medbullets
14,High,16.05036163330078,mmlu
14,High,33.848976135253906,mmlu
14,High,9.03441333770752,mmlu
14,Low,146.56956481933594,mmlu
15,High,17.28989601135254,jama
15,High,100.15457153320312,jama
15,High,73.46931457519531,jama
15,High,99.34365844726562,jama
15,High,31.642078399658203,jama
15,High,21.123699188232422,jama
15,High,24.3031005859375,jama
15,High,24.47134017944336,jama
15,Low,132.28488159179688,jama
15,Low,82.26316833496094,jama
15,Low,242.99435424804688,jama
15,Low,28.26136016845703,jama
15,Low,46.03249740600586,jama
15,Low,80.24359893798828,jama
16,High,11.103264808654785,medxpert
16,High,36.6331672668457,medxpert
16,High,24.614702224731445,medxpert
16,High,8.326549530029297,medxpert
16,High,42.183624267578125,medxpert
16,High,10.467606544494629,medxpert
16,High,61.54831314086914,medxpert
16,Low,11.932191848754883,medxpert
17,High,15.536713600158691,medxpert
17,High,72.14854431152344,medxpert
17,High,85.14092254638672,medxpert
18,High,12.269630432128906,medbullets
18,High,39.63636016845703,medbullets
18,High,122.98323059082031,medbullets
18,High,285.57476806640625,medbullets
18,High,44.5847282409668,medbullets
18,High,425.9592590332031,medbullets
18,High,13.12165355682373,medbullets
18,High,45.125823974609375,medbullets
18,High,57.09697723388672,medbullets
18,High,19.637954711914062,medbullets
18,High,55.42559051513672,medbullets
18,Low,22.412506103515625,medbullets
18,Low,10.881012916564941,medbullets
18,Low,5.021114349365234,medbullets
19,High,11.436779022216797,jama
19,High,626.5454711914062,jama
19,High,40.18456268310547,jama
19,High,89.35363006591797,jama
19,High,52.320106506347656,jama
19,High,119.5684814453125,jama
19,Low,27.106245040893555,jama
19,Low,15.0134859085083,jama
20,High,47.56794357299805,medbullets
20,High,30.694156646728516,medbullets
20,High,95.29944610595703,medbullets
20,High,154.62033081054688,medbullets
20,High,25.81475067138672,medbullets
20,Low,41.114585876464844,medbullets
20,Low,19.457908630371094,medbullets
20,Low,30.515153884887695,medbullets
20,Low,8.112077713012695,medbullets
20,Low,46.20820236206055,medbullets
21,High,23.356868743896484,medxpert
21,High,89.7720718383789,medxpert
21,Low,86.27049255371094,medxpert
21,Low,94.56178283691406,medxpert
22,High,38.505393981933594,mmlu
22,High,92.8486328125,mmlu
22,Low,15.084135055541992,mmlu
22,Low,24.71769905090332,mmlu
23,High,29.22356605529785,mmlu
23,High,212.03916931152344,mmlu
23,High,34.5343017578125,mmlu
23,Low,21.740909576416016,mmlu
23,Low,12.914876937866211,mmlu
23,Low,7.921497821807861,mmlu
23,Low,36.88888168334961,mmlu
24,High,12.124682426452637,jama
24,High,14.623709678649902,jama
24,High,51.5384635925293,jama
24,Low,13.723175048828125,jama
24,Low,88.59107971191406,jama
24,Low,13.590982437133789,jama
24,Low,32.26372528076172,jama
25,High,16.71808624267578,jama
25,High,26.084016799926758,jama
25,High,30.03592300415039,jama
25,High,54.78087615966797,jama
25,Low,19.52228546142578,jama
25,Low,102.04548645019531,jama
25,Low,22.10371208190918,jama
25,Low,20.292024612426758,jama
26,High,65.73956298828125,medxpert
26,High,39.85287094116211,medxpert
26,High,126.5619125366211,medxpert
26,Low,104.53778076171875,medxpert
26,Low,17.032602310180664,medxpert
27,High,13.998136520385742,medbullets
27,High,44.45640563964844,medbullets
27,High,210.0960235595703,medbullets
28,High,16.246910095214844,jama
28,High,74.70258331298828,jama
28,High,24.847986221313477,jama
28,High,22.015413284301758,jama
28,High,26.357412338256836,jama
28,High,156.7093505859375,jama
28,Low,15.643611907958984,jama
28,Low,25.92640495300293,jama
28,Low,13.925512313842773,jama
28,Low,46.30272674560547,jama
28,Low,484.10003662109375,jama
28,Low,54.70833206176758,jama
29,High,16.17270851135254,medxpert
29,High,67.94065856933594,medxpert
29,High,202.21682739257812,medxpert
29,Low,148.08226013183594,medxpert
30,High,13.771188735961914,medxpert
30,High,71.97906494140625,medxpert
30,High,38.83022689819336,medxpert
30,Low,10.920695304870605,medxpert
30,Low,26.213436126708984,medxpert
30,Low,34.27944564819336,medxpert
30,Low,72.63986206054688,medxpert
30,Low,36.53797912597656,medxpert
31,High,16.54862403869629,mmlu
31,High,24.40253257751465,mmlu
31,High,45.65815734863281,mmlu
31,High,74.62664794921875,mmlu
31,High,236.46975708007812,mmlu
31,High,6.669281482696533,mmlu
31,High,23.139625549316406,mmlu
31,Low,8.671037673950195,mmlu
31,Low,14.813148498535156,mmlu
32,High,15.44683837890625,medbullets
32,High,57.81813049316406,medbullets
32,High,107.08236694335938,medbullets
32,High,8.82568645477295,medbullets
32,High,5.268929481506348,medbullets
32,Low,83.5575942993164,medbullets
32,Low,212.9658203125,medbullets
32,Low,47.292301177978516,medbullets
33,High,11.352912902832031,medxpert
33,High,205.83238220214844,medxpert
33,Low,20.477535247802734,medxpert
33,Low,33.47782897949219,medxpert
34,High,16.460126876831055,medxpert
34,High,10.775283813476562,medxpert
34,Low,8.993515968322754,medxpert
34,Low,13.481937408447266,medxpert
34,Low,16.045068740844727,medxpert
34,Low,8.85705280303955,medxpert
34,Low,12.214552879333496,medxpert
34,Low,14.26502513885498,medxpert
35,High,7.424312114715576,jama
35,High,11.673432350158691,jama
35,High,22.844318389892578,jama
35,High,24.427865982055664,jama
35,High,29.429393768310547,jama
35,High,42.583045959472656,jama
35,Low,18.58940315246582,jama
35,Low,51.205787658691406,jama
35,Low,94.59484100341797,jama
35,Low,29.670984268188477,jama
36,High,12.121463775634766,jama
36,High,18.899763107299805,jama
36,High,27.438997268676758,jama
36,High,77.55774688720703,jama
36,High,14.046585083007812,jama
36,High,18.925626754760742,jama
36,High,49.167213439941406,jama
36,High,15.427435874938965,jama
36,High,26.23186683654785,jama
36,High,14.337258338928223,jama
36,Low,47.160003662109375,jama
37,High,12.307376861572266,medxpert
37,High,192.27642822265625,medxpert
37,High,12.321466445922852,medxpert
37,Low,107.620361328125,medxpert
37,Low,7.951273441314697,medxpert
38,High,25.448331832885742,mmlu
38,High,17.51154899597168,mmlu
38,High,15.903417587280273,mmlu
38,High,35.103729248046875,mmlu
38,High,80.43905639648438,mmlu
38,High,52.15609359741211,mmlu
38,High,19.413558959960938,mmlu
38,Low,100.07174682617188,mmlu
38,Low,18.47237205505371,mmlu
38,Low,8.383064270019531,mmlu
38,Low,337.8802185058594,mmlu
38,Low,389.9997253417969,mmlu
38,Low,476.0986328125,mmlu
38,Low,82.44318389892578,mmlu
39,High,14.246437072753906,jama
39,High,10.079296112060547,jama
39,High,46.64339065551758,jama
39,High,31.54752540588379,jama
39,High,36.19731521606445,jama
39,High,19.08725929260254,jama
39,High,23.376371383666992,jama
39,High,31.647567749023438,jama
39,High,38.58405685424805,jama
39,Low,15.363033294677734,jama
39,Low,147.08184814453125,jama
40,High,13.965001106262207,medbullets
40,High,15.170785903930664,medbullets
40,High,32.76276397705078,medbullets
40,High,25.98216438293457,medbullets
40,High,31.399038314819336,medbullets
40,High,59.86690902709961,medbullets
40,High,19.857894897460938,medbullets
40,Low,59.94858169555664,medbullets
40,Low,10.04450511932373,medbullets
40,Low,22.171798706054688,medbullets
40,Low,6.234344482421875,medbullets
41,High,26.37308120727539,medxpert
41,High,22.381620407104492,medxpert
41,High,148.71238708496094,medxpert
41,Low,24.744958877563477,medxpert
41,Low,207.5997314453125,medxpert
41,Low,45.2495231628418,medxpert
42,High,15.005309104919434,mmlu
42,High,21.598224639892578,mmlu
42,High,29.383535385131836,mmlu
42,High,11.523439407348633,mmlu
42,High,55.856544494628906,mmlu
42,Low,27.49750518798828,mmlu
42,Low,22.816242218017578,mmlu
42,Low,19.590822219848633,mmlu
42,Low,34.68352127075195,mmlu
42,Low,10.245926856994629,mmlu
42,Low,40.15605926513672,mmlu
42,Low,85.80693054199219,mmlu
42,Low,37.95646286010742,mmlu
42,Low,48.85603332519531,mmlu
43,High,8.782102584838867,medbullets
43,High,26.388397216796875,medbullets
43,High,49.294551849365234,medbullets
43,High,398.6192321777344,medbullets
43,Low,65.71890258789062,medbullets
43,Low,158.11431884765625,medbullets
43,Low,308.1964111328125,medbullets
43,Low,55.41277313232422,medbullets
43,Low,33.97032165527344,medbullets
43,Low,118.47032928466797,medbullets
43,Low,30.686662673950195,medbullets
43,Low,52.688133239746094,medbullets
43,Low,5.663393974304199,medbullets
43,Low,29.946762084960938,medbullets
43,Low,156.57191467285156,medbullets
43,Low,20.51780128479004,medbullets
44,High,13.07356071472168,jama
44,High,21.106813430786133,jama
44,High,26.11617660522461,jama
44,High,105.50438690185547,jama
44,High,12.240489959716797,jama
44,High,73.01683044433594,jama
44,High,31.913698196411133,jama
44,High,65.72100830078125,jama
44,High,41.36909866333008,jama
44,High,24.111013412475586,jama
44,High,25.526691436767578,jama
44,Low,27.46633529663086,jama
45,High,11.72728443145752,mmlu
45,High,22.85215187072754,mmlu
45,High,24.067766189575195,mmlu
45,High,79.31066131591797,mmlu
45,High,28.84168815612793,mmlu
45,Low,36.86412048339844,mmlu
45,Low,13.95264720916748,mmlu
45,Low,738.61083984375,mmlu
45,Low,309.92431640625,mmlu
45,Low,200.74374389648438,mmlu
46,High,15.338480949401855,mmlu
46,Low,13.848108291625977,mmlu
46,Low,72.74402618408203,mmlu
46,Low,46.047393798828125,mmlu
47,High,26.777860641479492,jama
47,High,8.46850299835205,jama
47,High,18.113996505737305,jama
47,High,18.98367691040039,jama
47,High,105.15927124023438,jama
47,High,18.841432571411133,jama
47,Low,23.697904586791992,jama
47,Low,30.885051727294922,jama
47,Low,19.64687156677246,jama
47,Low,6.326421737670898,jama
47,Low,13.209722518920898,jama
47,Low,40.738460540771484,jama
47,Low,79.92352294921875,jama
48,High,17.487377166748047,mmlu
48,High,39.33137893676758,mmlu
48,High,67.40251922607422,mmlu
48,High,13.675348281860352,mmlu
48,High,23.437623977661133,mmlu
48,Low,18.242576599121094,mmlu
48,Low,32.90055465698242,mmlu
49,High,11.863007545471191,jama
49,High,38.72236251831055,jama
49,Low,72.71475219726562,jama
49,Low,60.885929107666016,jama
49,Low,53.44547653198242,jama
50,High,22.439197540283203,mmlu
50,High,8.431381225585938,mmlu
50,High,171.938232421875,mmlu
50,High,15.265316009521484,mmlu
50,High,231.94776916503906,mmlu
50,High,42.53249740600586,mmlu
50,High,158.30245971679688,mmlu
50,High,115.52787017822266,mmlu
50,Low,55.647823333740234,mmlu
50,Low,10.295160293579102,mmlu
50,Low,60.94643020629883,mmlu
51,High,16.540767669677734,medxpert
51,High,28.87837791442871,medxpert
51,High,43.16434097290039,medxpert
51,High,10.746549606323242,medxpert
51,High,61.81529235839844,medxpert
51,Low,14.468635559082031,medxpert
51,Low,49.44065475463867,medxpert
51,Low,6.297298431396484,medxpert
52,High,9.746891975402832,medxpert
52,High,61.74782943725586,medxpert
52,High,7.899761199951172,medxpert
52,High,29.222402572631836,medxpert
52,Low,23.672985076904297,medxpert
52,Low,75.52493286132812,medxpert
53,High,40.45484924316406,medxpert
53,High,7.847282409667969,medxpert
53,Low,13.334993362426758,medxpert
53,Low,32.583099365234375,medxpert
54,High,21.7349910736084,medxpert
54,High,13.804913520812988,medxpert
54,High,25.858259201049805,medxpert
54,High,222.4322509765625,medxpert
54,Low,22.936092376708984,medxpert
54,Low,30.620807647705078,medxpert
54,Low,52.881385803222656,medxpert
55,High,17.278215408325195,jama
55,High,132.25946044921875,jama
55,High,17.095287322998047,jama
55,High,25.49776840209961,jama
55,High,20.090810775756836,jama
55,High,84.95753479003906,jama
55,Low,18.530580520629883,jama
55,Low,6.472364902496338,jama
55,Low,34.25016784667969,jama
55,Low,31.44356918334961,jama
56,High,21.657745361328125,jama
56,High,34.65643310546875,jama
56,High,51.880496978759766,jama
56,High,59.54963302612305,jama
56,High,131.3331298828125,jama
56,High,153.86953735351562,jama
56,High,23.06846046447754,jama
56,High,49.177574157714844,jama
56,High,5.310248851776123,jama
56,High,23.158456802368164,jama
56,High,131.52369689941406,jama
56,Low,16.781829833984375,jama
56,Low,163.5260772705078,jama
56,Low,50.0526123046875,jama
56,Low,131.3470916748047,jama
57,High,14.455589294433594,medxpert
57,High,16.387483596801758,medxpert
57,High,19.552019119262695,medxpert
57,Low,80.6105728149414,medxpert
58,High,17.384403228759766,medbullets
58,High,9.121853828430176,medbullets
58,High,21.846811294555664,medbullets
58,High,6.842523574829102,medbullets
58,Low,11.390352249145508,medbullets
59,High,66.4002685546875,jama
59,High,20.57473373413086,jama
59,Low,75.66797637939453,jama
59,Low,61.068904876708984,jama
59,Low,170.1097869873047,jama
59,Low,5.494305610656738,jama
59,Low,10.811766624450684,jama
59,Low,119.23393249511719,jama
59,Low,21.76848793029785,jama
60,High,14.094059944152832,mmlu
60,High,5.954301834106445,mmlu
60,High,66.64375305175781,mmlu
60,High,27.04042625427246,mmlu
60,High,15.657022476196289,mmlu
60,High,21.95267677307129,mmlu
60,High,100.1710433959961,mmlu
60,Low,24.871450424194336,mmlu
60,Low,34.1536750793457,mmlu
60,Low,38.67035675048828,mmlu
60,Low,34.99776840209961,mmlu
60,Low,35.448482513427734,mmlu
61,High,14.380008697509766,jama
61,High,45.89011001586914,jama
61,High,133.13671875,jama
61,High,31.722726821899414,jama
61,High,146.62843322753906,jama
61,High,111.10025787353516,jama
61,High,50.22775650024414,jama
61,High,18.572906494140625,jama
61,High,29.172033309936523,jama
61,High,44.89299392700195,jama
61,High,697.4640502929688,jama
61,High,101.44563293457031,jama
61,Low,60.808692932128906,jama
61,Low,14.995681762695312,jama
61,Low,34.13582229614258,jama
61,Low,244.08212280273438,jama
62,High,24.453725814819336,jama
62,High,17.773832321166992,jama
62,High,43.65416717529297,jama
62,High,74.70201873779297,jama
62,High,17.076967239379883,jama
62,High,92.29981231689453,jama
62,High,52.423519134521484,jama
62,High,18.321502685546875,jama
62,High,19.739728927612305,jama
62,High,91.37093353271484,jama
62,High,39.01799392700195,jama
62,High,31.366567611694336,jama
62,High,57.00644302368164,jama
62,High,58.05973815917969,jama
62,High,29.713153839111328,jama
62,High,73.03308868408203,jama
62,Low,37.14969253540039,jama
62,Low,16.916473388671875,jama
63,High,17.8800106048584,medbullets
63,High,70.12122344970703,medbullets
63,High,53.72187042236328,medbullets
63,High,693.8364868164062,medbullets
63,Low,18.264585494995117,medbullets
63,Low,225.33822631835938,medbullets
63,Low,60.57942199707031,medbullets
63,Low,5.028581142425537,medbullets
63,Low,32.049072265625,medbullets
63,Low,383.0559997558594,medbullets
64,High,100.78143310546875,mmlu
64,High,123.71780395507812,mmlu
64,High,42.202362060546875,mmlu
64,Low,20.192726135253906,mmlu
64,Low,104.48968505859375,mmlu
65,High,10.47964096069336,medxpert
65,High,49.76791763305664,medxpert
65,High,14.571590423583984,medxpert
65,High,36.79499816894531,medxpert
65,High,100.0090103149414,medxpert
65,Low,29.7984561920166,medxpert
65,Low,11.05502700805664,medxpert
65,Low,35.63760757446289,medxpert
65,Low,76.43385314941406,medxpert
66,High,7.9936394691467285,medxpert
66,High,122.33680725097656,medxpert
66,High,34.28535461425781,medxpert
66,Low,15.527865409851074,medxpert
66,Low,8.157670974731445,medxpert
67,High,19.65009880065918,mmlu
67,High,11.365528106689453,mmlu
67,High,12.572049140930176,mmlu
67,High,46.8430061340332,mmlu
67,High,294.2913513183594,mmlu
67,High,394.9394836425781,mmlu
67,High,76.08807373046875,mmlu
67,Low,51.978675842285156,mmlu
67,Low,19.691314697265625,mmlu
68,High,23.075498580932617,jama
68,High,73.32313537597656,jama
68,High,39.725669860839844,jama
68,High,53.953311920166016,jama
68,High,51.301795959472656,jama
68,Low,23.061939239501953,jama
68,Low,17.4160099029541,jama
68,Low,180.49835205078125,jama
68,Low,46.43877410888672,jama
68,Low,33.77637481689453,jama
68,Low,466.3113708496094,jama
68,Low,81.63993072509766,jama
68,Low,64.1612777709961,jama
68,Low,61.5544548034668,jama
69,High,12.351815223693848,medxpert
69,High,23.054903030395508,medxpert
69,High,127.9123306274414,medxpert
69,High,29.471845626831055,medxpert
69,Low,136.1915740966797,medxpert
69,Low,34.375282287597656,medxpert
70,High,6.229748249053955,medbullets
70,High,38.437034606933594,medbullets
70,High,21.417753219604492,medbullets
70,High,9.814520835876465,medbullets
70,Low,18.99090576171875,medbullets
70,Low,35.93183135986328,medbullets
70,Low,7.984479904174805,medbullets
70,Low,8.199311256408691,medbullets
70,Low,16.826309204101562,medbullets
70,Low,15.61751937866211,medbullets
71,High,25.17278289794922,medbullets
71,High,30.877197265625,medbullets
71,High,72.25699615478516,medbullets
71,High,27.939611434936523,medbullets
71,High,118.02770233154297,medbullets
71,Low,13.371251106262207,medbullets
71,Low,13.620773315429688,medbullets
71,Low,5.667068004608154,medbullets
72,High,12.76230525970459,mmlu
72,High,25.20586585998535,mmlu
72,High,87.99127960205078,mmlu
72,High,27.986921310424805,mmlu
72,High,56.39790725708008,mmlu
72,High,71.47196197509766,mmlu
72,High,18.70758056640625,mmlu
72,High,119.99554443359375,mmlu
72,High,78.15370178222656,mmlu
72,Low,49.069087982177734,mmlu
72,Low,21.316905975341797,mmlu
72,Low,51.63362503051758,mmlu
72,Low,11.948210716247559,mmlu
72,Low,7.7928853034973145,mmlu
72,Low,45.14867401123047,mmlu
73,High,77.45577239990234,medbullets
73,High,23.0456485748291,medbullets
73,High,33.49837112426758,medbullets
73,High,39.88798904418945,medbullets
73,High,35.01416778564453,medbullets
73,Low,40.09075927734375,medbullets
73,Low,9.278122901916504,medbullets
73,Low,30.00533103942871,medbullets
73,Low,59.31540298461914,medbullets
73,Low,8.270419120788574,medbullets
74,High,23.67316436767578,jama
74,High,19.88234519958496,jama
74,High,31.5701961517334,jama
74,High,33.96238327026367,jama
74,High,65.71894073486328,jama
74,High,25.233322143554688,jama
74,High,22.423267364501953,jama
74,High,18.971500396728516,jama
74,High,34.25168991088867,jama
74,High,29.250654220581055,jama
74,High,25.600139617919922,jama
74,High,33.96942138671875,jama
74,Low,32.60910415649414,jama
74,Low,185.2450714111328,jama
74,Low,232.7657928466797,jama
75,High,21.97739028930664,mmlu
75,High,17.527523040771484,mmlu
75,High,5.728429794311523,mmlu
75,High,12.224321365356445,mmlu
75,High,43.262474060058594,mmlu
75,Low,57.140201568603516,mmlu
75,Low,28.220800399780273,mmlu
75,Low,37.58810806274414,mmlu
75,Low,14.211769104003906,mmlu
76,High,14.654195785522461,mmlu
76,High,54.483482360839844,mmlu
76,High,20.33216094970703,mmlu
76,High,21.35027313232422,mmlu
76,High,129.57473754882812,mmlu
77,High,25.3427791595459,medxpert
77,Low,18.105493545532227,medxpert
77,Low,41.057437896728516,medxpert
77,Low,10.00780200958252,medxpert
77,Low,746.8656005859375,medxpert
78,High,21.305011749267578,medbullets
78,High,43.47018051147461,medbullets
78,High,37.62662887573242,medbullets
78,High,11.126733779907227,medbullets
78,Low,51.22513961791992,medbullets
78,Low,13.657362937927246,medbullets
78,Low,8.680465698242188,medbullets
78,Low,48.34347152709961,medbullets
78,Low,5.452238082885742,medbullets
78,Low,37.527191162109375,medbullets
79,High,15.468984603881836,jama
79,High,15.613509178161621,jama
79,High,38.830474853515625,jama
79,High,45.511531829833984,jama
79,High,29.03382682800293,jama
79,High,81.74545288085938,jama
79,High,48.77792739868164,jama
79,High,560.2269287109375,jama
79,High,113.21245574951172,jama
79,High,154.06924438476562,jama
79,High,31.823623657226562,jama
79,Low,215.63035583496094,jama
79,Low,125.42756652832031,jama
79,Low,61.539276123046875,jama
79,Low,37.495208740234375,jama
80,High,13.078293800354004,medxpert
80,High,45.60917663574219,medxpert
80,High,25.373403549194336,medxpert
80,High,193.00099182128906,medxpert
80,High,37.724365234375,medxpert
80,High,30.831331253051758,medxpert
80,Low,50.44737243652344,medxpert
81,High,20.384140014648438,mmlu
81,High,69.9276351928711,mmlu
81,High,7.545662879943848,mmlu
81,High,259.3853454589844,mmlu
81,High,30.042768478393555,mmlu
81,Low,13.271881103515625,mmlu
81,Low,45.48988723754883,mmlu
81,Low,23.5024471282959,mmlu
82,High,22.849035263061523,medxpert
82,High,40.54172134399414,medxpert
82,High,139.16680908203125,medxpert
82,High,58.85997772216797,medxpert
82,Low,11.500097274780273,medxpert
82,Low,40.15605926513672,medxpert
83,High,15.92689037322998,jama
83,High,94.76057434082031,jama
83,High,39.32742691040039,jama
83,High,15.427755355834961,jama
83,High,38.61919403076172,jama
83,High,43.989776611328125,jama
83,High,36.1070442199707,jama
83,High,97.27711486816406,jama
83,Low,83.9085922241211,jama
83,Low,38.4606819152832,jama
84,High,21.286733627319336,medxpert
84,Low,39.14223098754883,medxpert
84,Low,6.494604110717773,medxpert
84,Low,51.669090270996094,medxpert
85,High,15.5748872756958,mmlu
85,High,103.16485595703125,mmlu
85,High,18.952489852905273,mmlu
85,High,30.670425415039062,mmlu
85,Low,26.276371002197266,mmlu
85,Low,8.617362022399902,mmlu
85,Low,65.523681640625,mmlu
86,High,8.685794830322266,mmlu
86,High,246.56288146972656,mmlu
86,High,30.370664596557617,mmlu
86,High,64.26106262207031,mmlu
86,Low,83.97223663330078,mmlu
86,Low,144.40997314453125,mmlu
86,Low,21.332441329956055,mmlu
86,Low,172.28842163085938,mmlu
86,Low,81.89624786376953,mmlu
86,Low,8.770485877990723,mmlu
87,High,15.88774299621582,medbullets
87,High,132.2910614013672,medbullets
87,High,12.243834495544434,medbullets
87,High,40.88857650756836,medbullets
87,High,142.12710571289062,medbullets
87,High,9.268295288085938,medbullets
87,Low,5.345951557159424,medbullets
88,High,21.85086441040039,medxpert
88,High,31.486967086791992,medxpert
88,Low,174.66859436035156,medxpert
88,Low,30.81599998474121,medxpert
88,Low,21.35385513305664,medxpert
88,Low,41.927764892578125,medxpert
88,Low,6.6964874267578125,medxpert
89,High,10.489194869995117,jama
89,High,10.660500526428223,jama
89,High,11.305206298828125,jama
89,High,37.96343231201172,jama
89,High,18.93475341796875,jama
89,High,10.303703308105469,jama
89,High,26.749217987060547,jama
89,High,23.38784408569336,jama
89,High,176.20196533203125,jama
89,Low,8.22421932220459,jama
89,Low,45.81326675415039,jama
89,Low,51.837406158447266,jama
89,Low,13.95322036743164,jama
89,Low,4058.601318359375,jama
89,Low,5.898318767547607,jama
89,Low,4.719366550445557,jama
89,Low,11.814310073852539,jama
89,Low,6.956570148468018,jama
90,High,13.890026092529297,medxpert
90,High,25.976694107055664,medxpert
90,High,52.4923095703125,medxpert
90,Low,14.681397438049316,medxpert
90,Low,15.043867111206055,medxpert
90,Low,63.470401763916016,medxpert
90,Low,52.54499816894531,medxpert
91,High,12.125524520874023,medxpert
91,High,28.543302536010742,medxpert
91,High,94.39244842529297,medxpert
91,High,10.632285118103027,medxpert
91,High,83.29532623291016,medxpert
91,High,79.75159454345703,medxpert
91,High,11.217558860778809,medxpert
91,High,41.00482940673828,medxpert
91,Low,17.174869537353516,medxpert
92,High,30.87273597717285,jama
92,High,16.48599624633789,jama
92,High,12.631670951843262,jama
92,High,22.398174285888672,jama
92,High,52.94607925415039,jama
92,High,7.466977119445801,jama
92,Low,8.345848083496094,jama
92,Low,30.907785415649414,jama
92,Low,8.748303413391113,jama
93,High,18.630401611328125,mmlu
93,High,9.565031051635742,mmlu
93,High,12.375184059143066,mmlu
93,High,24.147199630737305,mmlu
93,High,49.6085205078125,mmlu
93,Low,11.21623706817627,mmlu
93,Low,6.656929969787598,mmlu
93,Low,175.66078186035156,mmlu
93,Low,104.48968505859375,mmlu
93,Low,45.42829513549805,mmlu
93,Low,53.357574462890625,mmlu
94,High,29.37718963623047,medbullets
94,High,39.60305404663086,medbullets
94,High,80.32621765136719,medbullets
94,High,55.82075881958008,medbullets
94,High,39.8043098449707,medbullets
94,High,82.73646545410156,medbullets
94,High,6.790508270263672,medbullets
94,High,37.51430892944336,medbullets
94,Low,105.62165832519531,medbullets
94,Low,11.602538108825684,medbullets
94,Low,19.501026153564453,medbullets
95,High,9.568466186523438,medxpert
95,High,30.924331665039062,medxpert
95,High,10.071739196777344,medxpert
95,High,26.263080596923828,medxpert
95,High,21.923757553100586,medxpert
95,High,10.926505088806152,medxpert
95,High,21.98719596862793,medxpert
95,High,17.327150344848633,medxpert
95,High,22.876432418823242,medxpert
95,High,34.99061584472656,medxpert
95,High,28.57931900024414,medxpert
95,Low,8.719356536865234,medxpert
95,Low,50.48579025268555,medxpert
96,High,17.156156539916992,jama
96,High,31.465909957885742,jama
96,High,104.85404205322266,jama
96,High,236.32254028320312,jama
96,High,52.4242057800293,jama
96,High,166.21484375,jama
96,High,41.72774887084961,jama
96,Low,13.501761436462402,jama
96,Low,6.263166904449463,jama
96,Low,25.103479385375977,jama
96,Low,41.6436882019043,jama
96,Low,34.3399772644043,jama
96,Low,58.96828079223633,jama
96,Low,73.32173156738281,jama
96,Low,36.86329650878906,jama
96,Low,75.68799591064453,jama
96,Low,89.57401275634766,jama
96,Low,14.472478866577148,jama
97,High,10.96321964263916,medbullets
97,High,12.960365295410156,medbullets
97,High,42.08426284790039,medbullets
97,Low,13.844193458557129,medbullets
97,Low,6.5269012451171875,medbullets
97,Low,33.46760559082031,medbullets
98,High,10.654187202453613,medbullets
98,High,72.28535461425781,medbullets
98,High,137.81692504882812,medbullets
98,High,37.184329986572266,medbullets
98,High,63.34199905395508,medbullets
98,Low,6.4252543449401855,medbullets
98,Low,13.748479843139648,medbullets
98,Low,14.094986915588379,medbullets
98,Low,55.1102409362793,medbullets
98,Low,23.39082145690918,medbullets
98,Low,87.77847290039062,medbullets
99,High,51.67266082763672,medbullets
99,High,14.725411415100098,medbullets
99,Low,28.003774642944336,medbullets
99,Low,44.33982467651367,medbullets
99,Low,15.270386695861816,medbullets
99,Low,262.7726135253906,medbullets
99,Low,7.905868053436279,medbullets
99,Low,26.31667137145996,medbullets
99,Low,8.999570846557617,medbullets
99,Low,55.14646530151367,medbullets
100,High,16.39536476135254,mmlu
100,High,37.617130279541016,mmlu
100,High,9.144190788269043,mmlu
100,High,13.522092819213867,mmlu
100,High,18.795923233032227,mmlu
100,Low,26.63501739501953,mmlu
101,High,15.98239803314209,mmlu
101,High,13.524613380432129,mmlu
101,High,17.75674057006836,mmlu
101,Low,144.9375762939453,mmlu
102,High,51.384681701660156,jama
102,High,18.95661163330078,jama
102,High,24.367219924926758,jama
102,High,18.945415496826172,jama
102,High,22.156042098999023,jama
102,High,23.92990493774414,jama
102,Low,25.99976921081543,jama
102,Low,23.724130630493164,jama
102,Low,17.582653045654297,jama
102,Low,27.442626953125,jama
102,Low,183.24935913085938,jama
103,High,58.142879486083984,mmlu
103,High,41.999732971191406,mmlu
103,High,146.00128173828125,mmlu
103,High,40.39375305175781,mmlu
103,Low,137.42739868164062,mmlu
104,High,21.53550910949707,medxpert
104,High,34.94628143310547,medxpert
104,High,14.129484176635742,medxpert
104,High,16.20441246032715,medxpert
104,High,17.405193328857422,medxpert
104,High,14.25495433807373,medxpert
104,High,389.4921875,medxpert
104,High,3124.017333984375,medxpert
104,High,1.0,medxpert
104,High,1.0,medxpert
104,High,1.0,medxpert
104,High,28.571565628051758,medxpert
104,High,1.0,medxpert
104,High,26.58953094482422,medxpert
104,High,8.77382755279541,medxpert
104,High,1.0,medxpert
104,High,43.391502380371094,medxpert
104,High,13.322576522827148,medxpert
104,High,1.0,medxpert
104,High,28.701045989990234,medxpert
104,High,43.861663818359375,medxpert
104,High,1.0,medxpert
104,High,17.06719398498535,medxpert
104,High,41.22919845581055,medxpert
104,Low,9.071125984191895,medxpert
104,Low,41.336849212646484,medxpert
105,High,22.293354034423828,mmlu
105,High,76.7624740600586,mmlu
105,High,41.04517364501953,mmlu
105,High,8.599501609802246,mmlu
105,High,48.4852180480957,mmlu
106,High,53.079750061035156,jama
106,High,43.32285690307617,jama
106,High,109.78067016601562,jama
106,High,78.15447998046875,jama
106,High,9.276741027832031,jama
106,High,23.837316513061523,jama
106,High,21.841821670532227,jama
106,High,28.925199508666992,jama
106,High,177.7719268798828,jama
106,Low,15.158123970031738,jama
106,Low,25.018901824951172,jama
106,Low,167.14268493652344,jama
106,Low,273.6864929199219,jama
106,Low,160.35256958007812,jama
107,High,14.35702896118164,mmlu
107,High,31.808717727661133,mmlu
107,High,29.584213256835938,mmlu
107,High,8.526288032531738,mmlu
107,High,80.47623443603516,mmlu
107,High,53.78843688964844,mmlu
107,High,27.402935028076172,mmlu
107,High,106.47362518310547,mmlu
107,Low,10.000042915344238,mmlu
107,Low,35.596717834472656,mmlu
107,Low,16.729965209960938,mmlu
107,Low,68.66891479492188,mmlu
108,High,12.442826271057129,medxpert
108,High,32.740142822265625,medxpert
108,High,287.1468200683594,medxpert
108,High,56.09727478027344,medxpert
108,High,27.174564361572266,medxpert
108,Low,20.938562393188477,medxpert
108,Low,14.3155517578125,medxpert
108,Low,44.30677795410156,medxpert
108,Low,50.16216278076172,medxpert
109,High,108.07661437988281,jama
109,High,41.52729797363281,jama
109,High,43.645164489746094,jama
109,High,38.9928092956543,jama
109,High,20.083675384521484,jama
109,High,22.327341079711914,jama
109,High,44.65821838378906,jama
109,Low,14.551909446716309,jama
110,High,13.171103477478027,medxpert
110,High,46.720672607421875,medxpert
110,High,29.729284286499023,medxpert
110,High,21.768512725830078,medxpert
110,Low,37.18379592895508,medxpert
110,Low,34.809200286865234,medxpert
110,Low,7.397347927093506,medxpert
110,Low,47.59388732910156,medxpert
110,Low,27.778541564941406,medxpert
110,Low,74.64785766601562,medxpert
111,High,15.846826553344727,medxpert
111,High,115.50527954101562,medxpert
111,High,132.56011962890625,medxpert
111,High,23.323423385620117,medxpert
111,High,9.50423812866211,medxpert
111,High,155.7332000732422,medxpert
111,High,13.50243091583252,medxpert
111,Low,282.2995300292969,medxpert
112,High,12.744083404541016,medxpert
112,High,25.094329833984375,medxpert
112,High,32.65493392944336,medxpert
112,Low,297.57257080078125,medxpert
112,Low,38.91575241088867,medxpert
112,Low,1005.3448486328125,medxpert
112,Low,1.0,medxpert
112,Low,10.293722152709961,medxpert
112,Low,1.0,medxpert
112,Low,1.0,medxpert
112,Low,289.44598388671875,medxpert
112,Low,108.9099349975586,medxpert
112,Low,250.49464416503906,medxpert
112,Low,278.9017028808594,medxpert
112,Low,56.30149841308594,medxpert
112,Low,987.8272094726562,medxpert
112,Low,36.40159606933594,medxpert
112,Low,212.47854614257812,medxpert
112,Low,11.2969970703125,medxpert
113,High,22.55602264404297,medxpert
113,High,20.01561737060547,medxpert
113,High,4.069087028503418,medxpert
113,High,66.83113098144531,medxpert
113,High,389.4921875,medxpert
113,High,3124.017333984375,medxpert
113,High,1.0,medxpert
113,High,1.0,medxpert
113,High,1.0,medxpert
113,High,20.807403564453125,medxpert
113,High,1.0,medxpert
113,High,184.8836212158203,medxpert
113,High,33.81809997558594,medxpert
113,High,4.146909236907959,medxpert
113,High,40.57658004760742,medxpert
113,High,16.637561798095703,medxpert
113,High,1.0,medxpert
113,High,28.461185455322266,medxpert
113,High,10.458843231201172,medxpert
113,High,1.0,medxpert
113,High,642.1640014648438,medxpert
113,High,11.054036140441895,medxpert
113,High,1.0,medxpert
113,High,687.59716796875,medxpert
113,High,123.06137084960938,medxpert
113,High,1.0,medxpert
113,High,3087.621337890625,medxpert
113,High,22.17865562438965,medxpert
113,High,1.0,medxpert
113,High,38.24537658691406,medxpert
113,High,53.26197052001953,medxpert
113,Low,15.312232971191406,medxpert
113,Low,24.97296714782715,medxpert
113,Low,956.233642578125,medxpert
113,Low,24.082412719726562,medxpert
114,High,9.264610290527344,medxpert
114,High,23.552988052368164,medxpert
114,High,33.62080383300781,medxpert
114,High,15.557525634765625,medxpert
115,High,13.65084171295166,jama
115,High,76.443115234375,jama
115,High,61.11268997192383,jama
115,High,13.377498626708984,jama
115,High,27.0080623626709,jama
115,High,84.75267791748047,jama
115,High,38.03194808959961,jama
115,High,58.25968933105469,jama
115,High,22.653207778930664,jama
115,High,71.40015411376953,jama
115,High,35.194026947021484,jama
115,High,197.47511291503906,jama
115,High,166.54568481445312,jama
115,High,198.47227478027344,jama
115,Low,55.85797882080078,jama
116,High,8.10806655883789,jama
116,High,68.36969757080078,jama
116,High,14.410561561584473,jama
116,High,12.005165100097656,jama
116,Low,45.5684928894043,jama
116,Low,47.29111862182617,jama
116,Low,18.198211669921875,jama
117,High,19.64556121826172,medxpert
117,High,82.94387817382812,medxpert
117,High,16.96589469909668,medxpert
117,Low,48.037837982177734,medxpert
118,High,138.21047973632812,jama
118,High,68.92338562011719,jama
118,High,48.180320739746094,jama
118,High,24.83799934387207,jama
118,High,10.786750793457031,jama
118,High,89.9275894165039,jama
118,High,27.54229736328125,jama
118,High,71.55744934082031,jama
118,High,24.24237823486328,jama
118,Low,31.75938606262207,jama
118,Low,10.383018493652344,jama
118,Low,44.6075325012207,jama
119,High,5.643916130065918,jama
119,High,69.07740020751953,jama
119,High,45.103912353515625,jama
119,High,34.32158279418945,jama
119,High,40.791683197021484,jama
119,High,19.750463485717773,jama
119,High,29.17959976196289,jama
119,High,22.64763069152832,jama
119,Low,74.22102355957031,jama
119,Low,84.87679290771484,jama
119,Low,20.782197952270508,jama
119,Low,37.04438781738281,jama
119,Low,37.80831527709961,jama
119,Low,19.19548225402832,jama
119,Low,63.33620071411133,jama
120,High,22.746219635009766,medxpert
120,High,22.785192489624023,medxpert
120,High,187.04095458984375,medxpert
120,High,95.0682373046875,medxpert
120,Low,118.92867279052734,medxpert
120,Low,57.032405853271484,medxpert
120,Low,15.39154052734375,medxpert
120,Low,17.69672966003418,medxpert
121,High,7.349803924560547,medxpert
121,High,49.08669662475586,medxpert
121,High,57.42396545410156,medxpert
121,High,26.75005340576172,medxpert
121,Low,65.72743225097656,medxpert
122,High,10.222020149230957,medbullets
122,High,35.494224548339844,medbullets
122,High,22.20035743713379,medbullets
122,High,17.882535934448242,medbullets
122,High,220.97283935546875,medbullets
122,High,125.90628814697266,medbullets
122,Low,9.097070693969727,medbullets
122,Low,13.125815391540527,medbullets
122,Low,10.860238075256348,medbullets
123,High,14.156847953796387,mmlu
123,High,20.644271850585938,mmlu
123,High,19.805866241455078,mmlu
123,High,155.00775146484375,mmlu
123,High,32.8863525390625,mmlu
123,Low,50.58476638793945,mmlu
123,Low,22.108234405517578,mmlu
123,Low,28.3687801361084,mmlu
123,Low,11.075652122497559,mmlu
123,Low,8.561620712280273,mmlu
123,Low,40.43941116333008,mmlu
123,Low,95.6794662475586,mmlu
124,High,17.689449310302734,medbullets
124,High,75.74588012695312,medbullets
124,High,5.313641548156738,medbullets
124,Low,44.79141616821289,medbullets
124,Low,64.70249938964844,medbullets
124,Low,344.1735534667969,medbullets
124,Low,44.93913650512695,medbullets
124,Low,43.56426239013672,medbullets
124,Low,45.09868621826172,medbullets
125,High,16.49468231201172,jama
125,High,185.52406311035156,jama
125,High,30.36406707763672,jama
125,High,15.481119155883789,jama
125,High,101.56349182128906,jama
125,High,20.312610626220703,jama
125,High,39.708805084228516,jama
125,Low,139.8644561767578,jama
125,Low,37.748966217041016,jama
125,Low,58.352352142333984,jama
125,Low,165.6881561279297,jama
125,Low,53.19593811035156,jama
126,High,38.328025817871094,mmlu
126,High,15.85730266571045,mmlu
126,High,286.41546630859375,mmlu
126,Low,26.454421997070312,mmlu
126,Low,106.81035614013672,mmlu
126,Low,29.02022933959961,mmlu
126,Low,17.390766143798828,mmlu
126,Low,15.872803688049316,mmlu
126,Low,11.642807006835938,mmlu
126,Low,12.96544361114502,mmlu
126,Low,83.65973663330078,mmlu
126,Low,22.381113052368164,mmlu
126,Low,55.555213928222656,mmlu
126,Low,40.73237228393555,mmlu
126,Low,27.653234481811523,mmlu
127,High,14.644752502441406,medbullets
127,High,25.700366973876953,medbullets
127,High,6.370271682739258,medbullets
127,High,7.61813497543335,medbullets
127,High,80.44074249267578,medbullets
127,High,9.881331443786621,medbullets
127,Low,85.33358001708984,medbullets
127,Low,35.140464782714844,medbullets
127,Low,25.816129684448242,medbullets
127,Low,19.758634567260742,medbullets
128,High,29.654739379882812,mmlu
128,High,18.16583824157715,mmlu
128,High,26.462772369384766,mmlu
128,High,51.874908447265625,mmlu
128,High,27.60878562927246,mmlu
128,High,13.616107940673828,mmlu
128,Low,69.8747329711914,mmlu
128,Low,37.433223724365234,mmlu
128,Low,538.6481323242188,mmlu
128,Low,12.77737045288086,mmlu
128,Low,6.088576316833496,mmlu
128,Low,50.34379959106445,mmlu
128,Low,45.809303283691406,mmlu
129,High,18.094322204589844,medxpert
129,High,81.93843841552734,medxpert
129,High,173.54434204101562,medxpert
129,High,151.4619140625,medxpert
129,Low,23.67694854736328,medxpert
129,Low,34.41215133666992,medxpert
130,High,19.008670806884766,medxpert
130,High,50.931373596191406,medxpert
130,High,69.38192749023438,medxpert
130,High,14.107829093933105,medxpert
130,High,27.071247100830078,medxpert
130,High,29.768653869628906,medxpert
130,High,5.988123416900635,medxpert
130,High,40.710330963134766,medxpert
130,High,29.24712562561035,medxpert
130,Low,22.295169830322266,medxpert
131,High,8.923819541931152,jama
131,High,39.037628173828125,jama
131,High,46.69620895385742,jama
131,High,18.654895782470703,jama
131,High,18.023052215576172,jama
131,High,14.839730262756348,jama
131,High,27.69150733947754,jama
131,Low,5.659296989440918,jama
131,Low,29.52707862854004,jama
132,High,19.4787540435791,jama
132,High,37.172630310058594,jama
132,High,28.18225860595703,jama
132,High,81.41398620605469,jama
132,High,13.05864143371582,jama
132,High,42.50750732421875,jama
132,High,31.347339630126953,jama
132,High,40.01311492919922,jama
132,High,56.192848205566406,jama
132,Low,48.182960510253906,jama
133,High,69.24909210205078,medbullets
133,High,24.893625259399414,medbullets
133,High,32.07917785644531,medbullets
133,High,11.274664878845215,medbullets
133,High,32.001007080078125,medbullets
133,Low,28.83265495300293,medbullets
133,Low,76.70926666259766,medbullets
133,Low,31.184179306030273,medbullets
133,Low,6.035381317138672,medbullets
133,Low,195.40809631347656,medbullets
134,High,13.818681716918945,medxpert
134,High,34.556087493896484,medxpert
134,High,100.63716888427734,medxpert
134,Low,60.1533203125,medxpert
134,Low,13.055681228637695,medxpert
134,Low,21.845670700073242,medxpert
134,Low,6.669875144958496,medxpert
135,High,15.546445846557617,jama
135,High,42.23823928833008,jama
135,High,32.777591705322266,jama
135,High,145.601806640625,jama
135,High,69.28413391113281,jama
135,High,68.49627685546875,jama
135,High,90.78394317626953,jama
135,High,36.08633041381836,jama
135,High,29.04467010498047,jama
135,High,91.85832977294922,jama
135,High,50.61107635498047,jama
135,High,70.80412292480469,jama
135,High,17.87993621826172,jama
135,High,22.0767765045166,jama
135,High,70.81631469726562,jama
135,High,55.98509216308594,jama
135,High,266.4173278808594,jama
135,Low,43.404075622558594,jama
135,Low,284.0201110839844,jama
135,Low,99.03433227539062,jama
135,Low,48.687286376953125,jama
136,High,19.72863006591797,medbullets
136,High,24.554035186767578,medbullets
136,High,39.239933013916016,medbullets
136,High,13.665529251098633,medbullets
136,Low,71.0748062133789,medbullets
136,Low,31.288530349731445,medbullets
136,Low,9.07764720916748,medbullets
136,Low,5.275661945343018,medbullets
136,Low,43.563846588134766,medbullets
137,High,10.966174125671387,jama
137,High,22.0322208404541,jama
137,High,97.45957946777344,jama
137,High,70.66718292236328,jama
137,High,28.940141677856445,jama
137,High,21.148929595947266,jama
137,High,25.179624557495117,jama
137,Low,87.05609893798828,jama
137,Low,182.3775634765625,jama
137,Low,29.16290855407715,jama
138,High,7.634594440460205,jama
138,High,9.44229793548584,jama
138,High,6.315310478210449,jama
138,High,30.91190528869629,jama
138,High,14.436369895935059,jama
138,High,16.570457458496094,jama
138,High,66.16738891601562,jama
138,High,11.531627655029297,jama
138,High,27.058618545532227,jama
138,Low,10.791215896606445,jama
138,Low,84.0938491821289,jama
139,High,24.46489906311035,medxpert
139,High,51.87316131591797,medxpert
139,High,32.0334587097168,medxpert
139,High,41.05537414550781,medxpert
139,Low,32.73043441772461,medxpert
140,High,31.43752670288086,jama
140,High,60.329925537109375,jama
140,High,36.55204772949219,jama
140,High,38.1170768737793,jama
140,High,63.97150421142578,jama
140,High,61.24717712402344,jama
140,High,154.02516174316406,jama
140,High,72.8133316040039,jama
140,High,23.01441192626953,jama
140,High,31.308149337768555,jama
140,High,63.9124755859375,jama
140,High,14.982912063598633,jama
140,Low,11.690362930297852,jama
140,Low,45.74081039428711,jama
140,Low,25.752864837646484,jama
140,Low,186.26937866210938,jama
141,High,23.893299102783203,mmlu
141,High,14.03056526184082,mmlu
141,High,17.92555809020996,mmlu
141,High,75.86682891845703,mmlu
141,Low,29.23935317993164,mmlu
141,Low,27.55565643310547,mmlu
141,Low,7.4552483558654785,mmlu
142,High,11.421300888061523,jama
142,High,30.362043380737305,jama
142,High,4.267242908477783,jama
142,High,10.754461288452148,jama
142,High,21.677173614501953,jama
142,Low,10.876181602478027,jama
142,Low,17.202314376831055,jama
143,High,10.5220365524292,medxpert
143,High,31.164297103881836,medxpert
143,Low,11.088791847229004,medxpert
143,Low,5.045036315917969,medxpert
144,High,23.026046752929688,jama
144,High,6.064262866973877,jama
144,High,201.51414489746094,jama
144,High,37.13046646118164,jama
144,High,29.800168991088867,jama
144,High,25.571090698242188,jama
144,Low,10.95572280883789,jama
144,Low,20.74444580078125,jama
144,Low,41.432586669921875,jama
144,Low,33.28672409057617,jama
144,Low,54.74674987792969,jama
144,Low,150.70944213867188,jama
145,High,15.360315322875977,medxpert
145,High,41.506263732910156,medxpert
145,High,22.882667541503906,medxpert
145,High,45.624271392822266,medxpert
145,High,29.065568923950195,medxpert
145,Low,63.775054931640625,medxpert
145,Low,22.31008529663086,medxpert
145,Low,139.49327087402344,medxpert
146,High,16.28982162475586,jama
146,High,28.493715286254883,jama
146,High,13.21708869934082,jama
146,Low,9.608277320861816,jama
146,Low,35.30289077758789,jama
146,Low,6.625826835632324,jama
146,Low,14.14311408996582,jama
146,Low,42.68284225463867,jama
146,Low,40.124305725097656,jama
147,High,13.474112510681152,medxpert
147,High,31.726926803588867,medxpert
147,High,24.855623245239258,medxpert
147,High,11.680115699768066,medxpert
147,Low,31.42574691772461,medxpert
147,Low,10.589642524719238,medxpert
147,Low,7.672494888305664,medxpert
148,High,33.536258697509766,medxpert
148,High,35.08950424194336,medxpert
148,High,6.787987232208252,medxpert
148,High,30.360326766967773,medxpert
148,Low,10.911754608154297,medxpert
148,Low,18.323205947875977,medxpert
148,Low,29.451082229614258,medxpert
149,High,10.049520492553711,mmlu
149,High,24.71249008178711,mmlu
149,High,7.412735939025879,mmlu
149,High,13.34263801574707,mmlu
149,High,36.619686126708984,mmlu
149,High,48.02354431152344,mmlu
149,High,465.61505126953125,mmlu
149,High,67.70747375488281,mmlu
149,Low,22.884008407592773,mmlu
149,Low,65.53687286376953,mmlu
149,Low,34.13378143310547,mmlu
150,High,8.024686813354492,medbullets
150,High,25.492403030395508,medbullets
150,High,31.54180335998535,medbullets
150,High,11.626662254333496,medbullets
150,High,6.290682792663574,medbullets
150,High,130.02413940429688,medbullets
150,Low,83.0031509399414,medbullets
150,Low,68.3025131225586,medbullets
150,Low,182.18069458007812,medbullets
151,High,10.452536582946777,jama
151,High,139.3568572998047,jama
151,High,31.167810440063477,jama
151,High,41.928565979003906,jama
151,High,26.493417739868164,jama
151,High,10.120849609375,jama
151,High,98.0882797241211,jama
151,Low,108.92385864257812,jama
151,Low,19.024499893188477,jama
151,Low,14.908244132995605,jama
151,Low,95.8253402709961,jama
152,High,14.729987144470215,medxpert
152,High,30.796253204345703,medxpert
152,High,146.05767822265625,medxpert
152,High,69.2579116821289,medxpert
152,Low,11.553133010864258,medxpert
152,Low,52.39320755004883,medxpert
153,High,19.241031646728516,jama
153,High,55.9627799987793,jama
153,High,11.249408721923828,jama
153,High,8.505416870117188,jama
153,High,90.50709533691406,jama
153,Low,9.20248794555664,jama
153,Low,23.455686569213867,jama
153,Low,52.30482864379883,jama
153,Low,290.2204895019531,jama
153,Low,24.85559844970703,jama
153,Low,60.962711334228516,jama
153,Low,37.58637237548828,jama
153,Low,19.369674682617188,jama
154,High,31.914276123046875,medxpert
154,High,12.411043167114258,medxpert
154,High,5.7899909019470215,medxpert
154,High,16.371883392333984,medxpert
154,High,207.09352111816406,medxpert
154,Low,18.716379165649414,medxpert
154,Low,32.75160217285156,medxpert
154,Low,15.718490600585938,medxpert
154,Low,10.511540412902832,medxpert
154,Low,157.58050537109375,medxpert
154,Low,38.52484130859375,medxpert
155,High,12.166215896606445,medxpert
155,High,10.387016296386719,medxpert
155,High,24.237268447875977,medxpert
155,High,12.0642728805542,medxpert
155,High,21.849435806274414,medxpert
155,Low,10.877861976623535,medxpert
156,High,24.50630760192871,medxpert
156,High,23.647014617919922,medxpert
156,Low,38.3460578918457,medxpert
156,Low,58.263275146484375,medxpert
157,High,15.899866104125977,medbullets
157,High,21.969457626342773,medbullets
157,High,23.804126739501953,medbullets
157,High,23.446245193481445,medbullets
157,High,45.196414947509766,medbullets
157,Low,34.40184783935547,medbullets
157,Low,5.0361738204956055,medbullets
157,Low,356.356689453125,medbullets
158,High,29.805810928344727,medxpert
158,High,85.09469604492188,medxpert
158,High,79.82768249511719,medxpert
158,High,76.56024932861328,medxpert
158,Low,74.6910400390625,medxpert
158,Low,311.6151428222656,medxpert
158,Low,38.30720520019531,medxpert
158,Low,30.787639617919922,medxpert
158,Low,26.3706111907959,medxpert
158,Low,98.03057861328125,medxpert
158,Low,62.532169342041016,medxpert
159,High,10.999905586242676,medxpert
159,High,133.41888427734375,medxpert
159,High,36.89154815673828,medxpert
159,High,11.972731590270996,medxpert
159,High,140.4707489013672,medxpert
159,High,18.397018432617188,medxpert
159,High,53.879425048828125,medxpert
159,High,22.32257843017578,medxpert
159,High,13.566040992736816,medxpert
160,High,11.108930587768555,jama
160,High,24.63373374938965,jama
160,High,20.470733642578125,jama
160,High,60.915401458740234,jama
160,High,28.716577529907227,jama
160,High,28.568023681640625,jama
160,High,34.187713623046875,jama
160,High,123.4084243774414,jama
160,Low,31.195138931274414,jama
160,Low,129.8010711669922,jama
160,Low,51.420257568359375,jama
161,High,34.409812927246094,medxpert
161,High,32.236289978027344,medxpert
161,High,32.215091705322266,medxpert
161,Low,67.17208862304688,medxpert
162,High,13.423005104064941,jama
162,High,54.52461242675781,jama
162,High,1132.8260498046875,jama
162,High,357.82550048828125,jama
162,High,62.958099365234375,jama
162,High,67.41081237792969,jama
162,High,27.282306671142578,jama
162,High,49.42098617553711,jama
162,High,134.44818115234375,jama
162,High,47.96306228637695,jama
162,High,25.352970123291016,jama
162,High,482.2126770019531,jama
162,High,160.83921813964844,jama
162,High,47.58799743652344,jama
162,High,44.892147064208984,jama
163,High,15.538002014160156,jama
163,High,101.43160247802734,jama
163,High,21.17133331298828,jama
163,High,61.92069625854492,jama
163,High,21.792011260986328,jama
163,Low,25.20008659362793,jama
164,High,9.821023941040039,medbullets
164,High,15.605319023132324,medbullets
164,High,4.348927974700928,medbullets
164,High,91.25746154785156,medbullets
164,Low,140.11611938476562,medbullets
164,Low,29.303863525390625,medbullets
164,Low,54.42071533203125,medbullets
165,High,11.006291389465332,medxpert
165,High,18.62309455871582,medxpert
165,High,39.38777542114258,medxpert
165,High,44.53905487060547,medxpert
165,High,27.59219741821289,medxpert
165,High,19.72617530822754,medxpert
165,High,165.56503295898438,medxpert
165,Low,22.564693450927734,medxpert
165,Low,21.111587524414062,medxpert
166,High,10.723276138305664,jama
166,High,5.69136381149292,jama
166,High,15.138169288635254,jama
166,High,33.58477783203125,jama
166,High,23.14979362487793,jama
166,High,16.093341827392578,jama
166,High,37.04388427734375,jama
166,High,14.511387825012207,jama
166,Low,27.556623458862305,jama
166,Low,58.43597412109375,jama
166,Low,20.292760848999023,jama
167,High,9.394336700439453,jama
167,High,36.66178512573242,jama
167,High,8.98741340637207,jama
167,High,5.588615417480469,jama
167,High,66.53176879882812,jama
167,High,20.868053436279297,jama
167,High,9.791488647460938,jama
167,High,31.308303833007812,jama
167,High,30.470623016357422,jama
167,High,44.54212188720703,jama
167,High,28.707895278930664,jama
167,Low,28.976768493652344,jama
167,Low,32.36482620239258,jama
167,Low,173.8347930908203,jama
168,High,32.36320495605469,medbullets
168,High,52.601993560791016,medbullets
168,High,40.83204650878906,medbullets
168,Low,11.420120239257812,medbullets
168,Low,38.76239013671875,medbullets
168,Low,35.705081939697266,medbullets
168,Low,5.424758434295654,medbullets
168,Low,19.361289978027344,medbullets
169,High,31.73756217956543,jama
169,High,24.440914154052734,jama
169,High,86.42584228515625,jama
169,High,43.70779037475586,jama
169,High,43.141868591308594,jama
169,High,9.165493965148926,jama
169,High,57.9443473815918,jama
169,High,31.786739349365234,jama
169,Low,27.126306533813477,jama
169,Low,27.953285217285156,jama
169,Low,16.243688583374023,jama
169,Low,13.40199089050293,jama
169,Low,119.3951187133789,jama
169,Low,179.4142303466797,jama
170,High,16.47893714904785,mmlu
170,High,17.976463317871094,mmlu
170,High,10.6120023727417,mmlu
170,High,104.26034545898438,mmlu
170,High,13.993046760559082,mmlu
170,High,78.3862533569336,mmlu
170,Low,15.230851173400879,mmlu
170,Low,45.14867401123047,mmlu
170,Low,11.53061294555664,mmlu
171,High,9.167287826538086,medxpert
171,High,9.889078140258789,medxpert
171,High,44.03620147705078,medxpert
171,High,346.80841064453125,medxpert
171,High,389.4921875,medxpert
171,High,3124.017333984375,medxpert
171,High,1.0,medxpert
171,High,1.0,medxpert
171,High,1.0,medxpert
171,High,6.923243045806885,medxpert
171,High,1.0,medxpert
171,High,194.70477294921875,medxpert
171,High,9.511963844299316,medxpert
171,High,1.0,medxpert
171,High,475.35528564453125,medxpert
171,High,17.984180450439453,medxpert
171,High,1.0,medxpert
171,High,24.49094009399414,medxpert
171,High,74.89725494384766,medxpert
171,High,26.622034072875977,medxpert
171,High,59.509944915771484,medxpert
171,Low,39.84296417236328,medxpert
172,High,19.03972816467285,mmlu
172,High,24.171810150146484,mmlu
172,High,36.505977630615234,mmlu
172,High,27.96092414855957,mmlu
172,High,208.33216857910156,mmlu
172,High,159.0428009033203,mmlu
172,High,117.16360473632812,mmlu
172,High,119.72840881347656,mmlu
172,Low,78.01753234863281,mmlu
172,Low,16.940034866333008,mmlu
173,High,27.501903533935547,medxpert
173,High,27.536296844482422,medxpert
173,High,34.159080505371094,medxpert
173,High,86.41731262207031,medxpert
173,Low,44.20054244995117,medxpert
174,High,19.91876983642578,jama
174,High,11.875846862792969,jama
174,High,27.417749404907227,jama
174,High,31.098180770874023,jama
174,High,91.32593536376953,jama
174,High,22.8741512298584,jama
174,High,47.94993591308594,jama
174,High,41.79191589355469,jama
174,High,70.43350982666016,jama
174,High,228.70156860351562,jama
174,High,44.90595626831055,jama
174,Low,44.993019104003906,jama
174,Low,24.527917861938477,jama
174,Low,47.07674789428711,jama
174,Low,77.0440673828125,jama
175,High,21.484725952148438,jama
175,High,145.1035919189453,jama
175,High,41.04298400878906,jama
175,High,15.878260612487793,jama
175,High,44.82441711425781,jama
175,High,34.62493133544922,jama
175,High,7.281130790710449,jama
175,High,17.80665397644043,jama
175,High,15.019655227661133,jama
175,Low,182.01727294921875,jama
175,Low,19.340822219848633,jama
175,Low,220.4140625,jama
175,Low,36.32315444946289,jama
175,Low,35.146121978759766,jama
175,Low,20.966033935546875,jama
176,High,13.810367584228516,jama
176,High,29.163639068603516,jama
176,High,52.58476257324219,jama
176,High,34.61970138549805,jama
176,High,60.32903289794922,jama
176,High,39.54897689819336,jama
176,High,29.2132568359375,jama
176,Low,22.8586368560791,jama
176,Low,18.24777603149414,jama
177,High,10.321600914001465,medxpert
177,High,87.14440155029297,medxpert
177,High,11.734587669372559,medxpert
177,High,83.33600616455078,medxpert
177,Low,45.51426696777344,medxpert
178,High,8.344389915466309,mmlu
178,High,64.34648895263672,mmlu
178,High,86.80382537841797,mmlu
178,High,61.49275588989258,mmlu
178,Low,77.76082611083984,mmlu
179,High,15.491379737854004,mmlu
179,High,10.409624099731445,mmlu
179,High,52.451751708984375,mmlu
179,High,30.308622360229492,mmlu
179,High,21.340526580810547,mmlu
179,High,28.2838077545166,mmlu
179,High,67.49897766113281,mmlu
180,High,11.267824172973633,medxpert
180,High,35.8674430847168,medxpert
180,High,10.04560375213623,medxpert
180,High,35.5640869140625,medxpert
180,Low,46.4047737121582,medxpert
180,Low,40.15605926513672,medxpert
180,Low,42.49746322631836,medxpert
181,High,8.882173538208008,medxpert
181,High,38.652854919433594,medxpert
181,High,19.453474044799805,medxpert
181,Low,51.54291534423828,medxpert
181,Low,71.85557556152344,medxpert
182,High,26.730485916137695,mmlu
182,High,18.147172927856445,mmlu
182,High,49.43710708618164,mmlu
182,High,61.77079772949219,mmlu
182,Low,21.275108337402344,mmlu
183,High,10.830409049987793,medbullets
183,High,118.85610961914062,medbullets
183,High,22.049236297607422,medbullets
183,High,138.37196350097656,medbullets
183,High,145.07550048828125,medbullets
183,High,29.335796356201172,medbullets
183,Low,33.98362731933594,medbullets
183,Low,5.704216957092285,medbullets
184,High,10.754997253417969,medxpert
184,High,52.06564712524414,medxpert
184,High,8.553485870361328,medxpert
184,High,38.401885986328125,medxpert
184,High,228.89356994628906,medxpert
184,Low,37.40946960449219,medxpert
184,Low,154.56520080566406,medxpert
185,High,9.994558334350586,medbullets
185,High,27.3395938873291,medbullets
185,High,18.357873916625977,medbullets
185,High,91.3831787109375,medbullets
185,High,194.39390563964844,medbullets
185,High,11.530475616455078,medbullets
185,Low,32.954158782958984,medbullets
185,Low,46.76873016357422,medbullets
185,Low,5.044291973114014,medbullets
186,High,17.974468231201172,jama
186,High,64.79141235351562,jama
186,High,12.234596252441406,jama
186,High,119.15147399902344,jama
186,High,46.68744659423828,jama
186,High,44.340972900390625,jama
186,High,32.872005462646484,jama
186,High,26.70163345336914,jama
186,High,15.150041580200195,jama
186,High,21.249473571777344,jama
186,High,44.14886474609375,jama
186,High,13.826831817626953,jama
186,High,103.0460205078125,jama
186,Low,41.62982940673828,jama
187,High,23.741910934448242,jama
187,High,30.034826278686523,jama
187,High,71.50703430175781,jama
187,High,28.995634078979492,jama
187,High,5.4480085372924805,jama
187,High,65.30477905273438,jama
187,High,107.59424591064453,jama
187,Low,31.519882202148438,jama
187,Low,18.558887481689453,jama
187,Low,10.910979270935059,jama
187,Low,8.984166145324707,jama
187,Low,49.10335159301758,jama
187,Low,278.8052978515625,jama
187,Low,13.133590698242188,jama
188,High,15.095231056213379,medxpert
188,High,12.853508949279785,medxpert
188,High,12.220905303955078,medxpert
188,High,29.33332061767578,medxpert
188,High,14.421646118164062,medxpert
188,Low,20.424551010131836,medxpert
188,Low,25.188879013061523,medxpert
189,High,12.52164077758789,medxpert
189,High,21.24539566040039,medxpert
189,High,55.0335578918457,medxpert
189,High,5.426750659942627,medxpert
189,High,212.76779174804688,medxpert
189,High,5.307764053344727,medxpert
189,Low,24.89922332763672,medxpert
189,Low,46.90595245361328,medxpert
189,Low,93.24314880371094,medxpert
190,High,10.468830108642578,jama
190,High,30.773651123046875,jama
190,High,108.99050903320312,jama
190,High,532.6697998046875,jama
190,High,19.69281578063965,jama
190,High,19.645915985107422,jama
190,High,10.72909164428711,jama
190,High,17.985591888427734,jama
190,Low,30.889699935913086,jama
190,Low,19.146339416503906,jama
190,Low,64.43316650390625,jama
191,High,60.378936767578125,jama
191,High,156.72720336914062,jama
191,High,40.85624313354492,jama
191,High,41.33631896972656,jama
191,High,168.76168823242188,jama
191,High,17.4280948638916,jama
191,High,31.78206443786621,jama
191,High,70.76325225830078,jama
191,High,6.344563007354736,jama
191,High,13.10988998413086,jama
191,High,79.65084075927734,jama
191,High,47.66415023803711,jama
191,High,30.55992317199707,jama
191,Low,30.78770637512207,jama
191,Low,13.065995216369629,jama
191,Low,159.09580993652344,jama
192,High,10.47140884399414,jama
192,High,263.56195068359375,jama
192,High,64.41786193847656,jama
192,High,47.02006149291992,jama
192,High,33.252655029296875,jama
192,High,43.06720733642578,jama
192,High,66.1252212524414,jama
192,High,21.18129539489746,jama
192,High,101.61445617675781,jama
192,High,49.47133255004883,jama
192,High,217.9077606201172,jama
192,Low,52.24613952636719,jama
192,Low,74.2731704711914,jama
192,Low,406.2022399902344,jama
192,Low,10.907618522644043,jama
192,Low,20.154613494873047,jama
193,High,18.968862533569336,medbullets
193,High,79.6395263671875,medbullets
193,High,27.963523864746094,medbullets
193,High,15.91966724395752,medbullets
193,High,38.20785140991211,medbullets
193,High,37.040103912353516,medbullets
193,High,27.293302536010742,medbullets
193,Low,37.58628845214844,medbullets
193,Low,6.239444255828857,medbullets
193,Low,34.47531509399414,medbullets
193,Low,6.0768256187438965,medbullets
193,Low,84.16606140136719,medbullets
194,High,12.95297908782959,jama
194,High,31.657506942749023,jama
194,High,22.778799057006836,jama
194,High,26.27583885192871,jama
194,Low,32.62025451660156,jama
194,Low,12.931656837463379,jama
194,Low,17.527910232543945,jama
194,Low,34.88840103149414,jama
194,Low,14.931482315063477,jama
194,Low,14.91913890838623,jama
194,Low,18.27543067932129,jama
195,High,32.65880584716797,medbullets
195,High,162.8636932373047,medbullets
195,High,32.57683181762695,medbullets
195,High,12.084768295288086,medbullets
195,High,27.86081314086914,medbullets
195,High,86.5142822265625,medbullets
195,High,57.47593307495117,medbullets
195,Low,32.69451904296875,medbullets
195,Low,89.9931411743164,medbullets
195,Low,230.66404724121094,medbullets
195,Low,7.756114482879639,medbullets
195,Low,14.39949893951416,medbullets
195,Low,83.33504486083984,medbullets
196,High,21.9709415435791,jama
196,High,53.90182113647461,jama
196,High,12.644733428955078,jama
196,High,22.042203903198242,jama
196,High,27.929288864135742,jama
196,High,34.21721649169922,jama
196,High,44.320281982421875,jama
196,High,25.581689834594727,jama
196,Low,26.82425880432129,jama
196,Low,201.32723999023438,jama
197,High,15.229293823242188,jama
197,High,43.08818054199219,jama
197,High,27.06228256225586,jama
197,High,9.88154125213623,jama
197,High,9.031281471252441,jama
197,High,75.69384765625,jama
197,High,48.780189514160156,jama
197,High,27.22758674621582,jama
197,Low,21.463878631591797,jama
197,Low,7.423428535461426,jama
197,Low,30.020414352416992,jama
198,High,11.806645393371582,medbullets
198,High,70.57131958007812,medbullets
198,High,25.7763614654541,medbullets
198,High,42.51260757446289,medbullets
198,High,13.823047637939453,medbullets
198,Low,6.041907787322998,medbullets
198,Low,45.24749755859375,medbullets
199,High,7.97136116027832,jama
199,High,20.047025680541992,jama
199,High,33.09619140625,jama
199,High,27.650360107421875,jama
199,High,13.297158241271973,jama
199,High,89.4098892211914,jama
199,High,38.08831024169922,jama
199,High,69.62541961669922,jama
199,High,174.59765625,jama
199,High,185.13575744628906,jama
199,High,61.781166076660156,jama
199,Low,17.35536003112793,jama
199,Low,12.874422073364258,jama
199,Low,25.624048233032227,jama
199,Low,97.31937408447266,jama
199,Low,83.12030792236328,jama
199,Low,49.946895599365234,jama
199,Low,80.07755279541016,jama
200,High,10.67945384979248,jama
200,High,24.49359130859375,jama
200,High,24.286418914794922,jama
200,High,20.964662551879883,jama
200,High,41.64976501464844,jama
200,High,5.145266532897949,jama
200,High,17.917125701904297,jama
200,High,10.845610618591309,jama
200,Low,19.900524139404297,jama
200,Low,6.4415283203125,jama
200,Low,115.41454315185547,jama
200,Low,8.944611549377441,jama
201,High,18.20672607421875,jama
201,High,355.1944580078125,jama
201,High,18.000438690185547,jama
201,High,33.539710998535156,jama
201,High,172.22821044921875,jama
201,High,33.01268768310547,jama
201,High,13.360142707824707,jama
201,High,12.804126739501953,jama
201,Low,61.85916519165039,jama
201,Low,32.446327209472656,jama
201,Low,19.332155227661133,jama
201,Low,22.988893508911133,jama
201,Low,16.499332427978516,jama
201,Low,29.93075942993164,jama
201,Low,52.78070831298828,jama
201,Low,66.30968475341797,jama
201,Low,164.21823120117188,jama
201,Low,67.89680480957031,jama
201,Low,438.48846435546875,jama
201,Low,10.471016883850098,jama
201,Low,37.74787902832031,jama
202,High,13.046177864074707,jama
202,High,9.462994575500488,jama
202,High,79.74657440185547,jama
202,High,42.34944152832031,jama
202,High,102.09254455566406,jama
202,High,42.812747955322266,jama
202,High,53.16661071777344,jama
202,High,21.098255157470703,jama
202,Low,25.74020004272461,jama
202,Low,30.36456298828125,jama
202,Low,32.83671951293945,jama
202,Low,212.609375,jama
202,Low,62.574913024902344,jama
202,Low,19.3541259765625,jama
203,High,53.950443267822266,medxpert
203,High,58.291839599609375,medxpert
203,High,15.358699798583984,medxpert
203,Low,205.8286590576172,medxpert
203,Low,9.560317993164062,medxpert
203,Low,10.552643775939941,medxpert
203,Low,6.2797369956970215,medxpert
203,Low,32.22404098510742,medxpert
204,High,45.032222747802734,jama
204,High,46.069576263427734,jama
204,High,33.52729415893555,jama
204,High,13.321392059326172,jama
204,High,27.541606903076172,jama
204,High,23.334775924682617,jama
204,High,38.1791877746582,jama
204,Low,21.454940795898438,jama
204,Low,25.870220184326172,jama
204,Low,35.87723922729492,jama
204,Low,28.37862205505371,jama
204,Low,38.35232162475586,jama
204,Low,176.9687957763672,jama
205,High,18.4751033782959,jama
205,High,13.646302223205566,jama
205,High,27.59991455078125,jama
205,High,40.02706527709961,jama
205,High,12.668880462646484,jama
205,High,253.1540069580078,jama
205,High,43.83363342285156,jama
205,High,68.83164978027344,jama
205,Low,26.2736759185791,jama
205,Low,285.78070068359375,jama
206,High,11.3985595703125,medbullets
206,High,29.47520637512207,medbullets
206,High,90.08309173583984,medbullets
206,High,85.44525909423828,medbullets
206,High,12.242142677307129,medbullets
206,High,18.172460556030273,medbullets
206,High,7.622803211212158,medbullets
206,High,50.295867919921875,medbullets
206,High,68.29720306396484,medbullets
206,Low,26.99861717224121,medbullets
206,Low,31.213420867919922,medbullets
207,High,11.320931434631348,medbullets
207,High,53.50393295288086,medbullets
207,High,5.3683037757873535,medbullets
207,Low,30.058393478393555,medbullets
207,Low,22.583309173583984,medbullets
207,Low,5.200005054473877,medbullets
208,High,10.150556564331055,jama
208,High,80.96629333496094,jama
208,High,57.52289962768555,jama
208,High,85.50440216064453,jama
208,High,24.068931579589844,jama
208,High,108.76239776611328,jama
208,High,13.401712417602539,jama
208,High,18.15701675415039,jama
208,High,75.53015899658203,jama
208,High,14.07345199584961,jama
208,Low,21.730016708374023,jama
208,Low,22.56855010986328,jama
208,Low,42.73442459106445,jama
208,Low,207.6673583984375,jama
208,Low,159.00836181640625,jama
208,Low,103.44691467285156,jama
209,High,17.174020767211914,medxpert
209,High,28.88100814819336,medxpert
209,High,77.35372161865234,medxpert
209,High,28.679452896118164,medxpert
209,Low,29.421180725097656,medxpert
209,Low,28.799230575561523,medxpert
209,Low,23.386272430419922,medxpert
209,Low,153.6061553955078,medxpert
210,High,17.974180221557617,medxpert
210,High,38.34235382080078,medxpert
210,High,158.52589416503906,medxpert
210,High,17.68609046936035,medxpert
210,Low,43.867652893066406,medxpert
210,Low,10.668139457702637,medxpert
210,Low,91.99000549316406,medxpert
211,High,19.590864181518555,jama
211,High,169.73788452148438,jama
211,High,23.28914451599121,jama
211,High,20.879568099975586,jama
211,High,92.56192016601562,jama
211,High,9.306204795837402,jama
211,High,60.64366912841797,jama
211,High,5.386222839355469,jama
211,High,39.76590347290039,jama
211,High,39.672176361083984,jama
211,High,25.93360710144043,jama
211,Low,10.14549446105957,jama
211,Low,64.02750396728516,jama
211,Low,15.273605346679688,jama
212,High,11.997279167175293,medxpert
212,High,45.03221130371094,medxpert
212,High,79.42605590820312,medxpert
212,Low,16.394454956054688,medxpert
212,Low,18.28407859802246,medxpert
212,Low,13.104968070983887,medxpert
212,Low,7.6788740158081055,medxpert
212,Low,108.28491973876953,medxpert
213,High,19.28594398498535,mmlu
213,High,58.11903762817383,mmlu
213,High,85.73912048339844,mmlu
213,Low,23.15581703186035,mmlu
214,High,7.217681407928467,medxpert
214,High,11.963357925415039,medxpert
214,High,18.9776668548584,medxpert
214,High,11.640056610107422,medxpert
214,High,7.709949970245361,medxpert
214,Low,19.043123245239258,medxpert
214,Low,5.765385150909424,medxpert
215,High,46.33915710449219,medxpert
215,High,29.619487762451172,medxpert
215,High,66.42778778076172,medxpert
215,High,67.91726684570312,medxpert
215,High,70.2956771850586,medxpert
215,Low,14.852034568786621,medxpert
215,Low,37.02602767944336,medxpert
216,High,9.72805404663086,mmlu
216,High,36.62826919555664,mmlu
216,High,13.604302406311035,mmlu
216,High,9.740927696228027,mmlu
216,Low,121.53941345214844,mmlu
216,Low,35.77429962158203,mmlu
217,High,7.753398418426514,medxpert
217,High,21.951257705688477,medxpert
217,High,4.745265960693359,medxpert
218,High,27.57444190979004,jama
218,High,23.695369720458984,jama
218,High,17.576862335205078,jama
218,High,24.434885025024414,jama
218,High,25.92254066467285,jama
218,High,57.64530563354492,jama
218,High,185.1094512939453,jama
218,High,12.381797790527344,jama
218,Low,21.602834701538086,jama
218,Low,30.84041976928711,jama
218,Low,35.453731536865234,jama
219,High,15.057844161987305,medxpert
219,High,30.47251319885254,medxpert
219,High,75.96569061279297,medxpert
219,Low,55.40064239501953,medxpert
219,Low,376.0370178222656,medxpert
219,Low,22.40668296813965,medxpert
220,High,9.655259132385254,medbullets
220,High,15.177854537963867,medbullets
220,High,63.3035888671875,medbullets
220,High,10.029658317565918,medbullets
220,High,55.455406188964844,medbullets
220,High,6.788642883300781,medbullets
220,Low,151.38063049316406,medbullets
220,Low,12.242789268493652,medbullets
220,Low,5.6053385734558105,medbullets
221,High,9.73817253112793,jama
221,High,31.891611099243164,jama
221,High,35.969749450683594,jama
221,High,28.455249786376953,jama
221,High,43.55138397216797,jama
221,High,96.42607116699219,jama
221,High,143.09007263183594,jama
221,High,29.969131469726562,jama
221,High,70.04409790039062,jama
221,Low,45.759090423583984,jama
221,Low,6.2817301750183105,jama
221,Low,31.035442352294922,jama
221,Low,148.50978088378906,jama
221,Low,476.9827880859375,jama
221,Low,23.72663688659668,jama
222,High,19.35481834411621,medbullets
222,High,11.325810432434082,medbullets
222,High,196.58062744140625,medbullets
222,High,56.970951080322266,medbullets
222,High,32.21440124511719,medbullets
222,Low,38.73584747314453,medbullets
222,Low,36.9290885925293,medbullets
222,Low,5.234864711761475,medbullets
222,Low,45.3903923034668,medbullets
222,Low,62.50787353515625,medbullets
223,High,22.130088806152344,medxpert
223,High,19.363643646240234,medxpert
223,High,51.227020263671875,medxpert
223,High,30.9010066986084,medxpert
223,High,102.224365234375,medxpert
223,High,367.99932861328125,medxpert
223,High,140.94906616210938,medxpert
223,High,396.6412353515625,medxpert
223,High,90.92123413085938,medxpert
223,Low,68.85023498535156,medxpert
223,Low,32.606788635253906,medxpert
223,Low,137.4989776611328,medxpert
223,Low,4.514931678771973,medxpert
223,Low,168.1741485595703,medxpert
223,Low,62.350276947021484,medxpert
223,Low,99.5426254272461,medxpert
223,Low,32.22099685668945,medxpert
224,High,14.571833610534668,jama
224,High,8.660325050354004,jama
224,High,21.88850975036621,jama
224,High,21.4104061126709,jama
224,High,17.839515686035156,jama
224,Low,19.157257080078125,jama
224,Low,47.61967086791992,jama
224,Low,23.56513023376465,jama
224,Low,54.54903030395508,jama
224,Low,30.696989059448242,jama
224,Low,60.508113861083984,jama
224,Low,21.3111515045166,jama
224,Low,169.93922424316406,jama
225,High,10.24583911895752,jama
225,High,40.38650131225586,jama
225,High,185.59706115722656,jama
225,High,148.11827087402344,jama
225,High,70.84228515625,jama
225,High,25.089113235473633,jama
225,High,11.276766777038574,jama
225,High,42.78713607788086,jama
225,High,29.541471481323242,jama
225,High,193.04811096191406,jama
225,High,33.74113845825195,jama
225,High,34.943790435791016,jama
225,Low,31.304201126098633,jama
225,Low,60.869384765625,jama
226,High,12.95669174194336,medbullets
226,High,53.09456253051758,medbullets
226,High,73.11253356933594,medbullets
226,High,20.649524688720703,medbullets
226,High,52.650177001953125,medbullets
226,High,228.1986083984375,medbullets
226,High,11.264593124389648,medbullets
226,High,130.53390502929688,medbullets
226,High,22.884979248046875,medbullets
226,Low,35.059532165527344,medbullets
226,Low,82.252197265625,medbullets
226,Low,7.084251880645752,medbullets
226,Low,6.0117411613464355,medbullets
227,High,12.929640769958496,jama
227,High,48.178401947021484,jama
227,High,31.667224884033203,jama
227,High,47.58163070678711,jama
227,High,43.30009460449219,jama
227,High,39.314735412597656,jama
227,High,37.80995559692383,jama
227,Low,45.39033889770508,jama
227,Low,108.0041275024414,jama
227,Low,56.406917572021484,jama
228,High,12.891834259033203,mmlu
228,High,14.126112937927246,mmlu
228,High,72.62372589111328,mmlu
228,High,16.458393096923828,mmlu
228,High,14.285360336303711,mmlu
228,High,18.32933235168457,mmlu
228,Low,9.88916301727295,mmlu
228,Low,57.41632843017578,mmlu
229,High,13.013405799865723,mmlu
229,High,22.465625762939453,mmlu
229,High,26.040124893188477,mmlu
229,High,51.879669189453125,mmlu
229,High,193.03688049316406,mmlu
229,High,20.115144729614258,mmlu
229,Low,37.45150375366211,mmlu
229,Low,31.01109504699707,mmlu
229,Low,6.648551940917969,mmlu
229,Low,45.14867401123047,mmlu
230,High,14.994415283203125,medbullets
230,High,47.21873474121094,medbullets
230,High,53.11613845825195,medbullets
230,High,34.30950927734375,medbullets
230,High,13.53001880645752,medbullets
230,High,26.693191528320312,medbullets
230,High,108.89720916748047,medbullets
230,Low,97.2050552368164,medbullets
230,Low,6.469473838806152,medbullets
230,Low,6.160556316375732,medbullets
230,Low,88.5494384765625,medbullets
230,Low,80.28038024902344,medbullets
231,High,11.237471580505371,jama
231,High,22.61846351623535,jama
231,High,86.47130584716797,jama
231,High,27.791942596435547,jama
231,High,18.552255630493164,jama
231,High,120.35432434082031,jama
231,High,43.5561637878418,jama
231,High,59.83332061767578,jama
231,High,114.23583984375,jama
231,Low,36.22055435180664,jama
231,Low,29.563575744628906,jama
232,High,19.982465744018555,jama
232,High,33.616268157958984,jama
232,High,12.052250862121582,jama
232,High,50.641483306884766,jama
232,High,131.15545654296875,jama
232,High,250.87416076660156,jama
232,High,135.6872100830078,jama
232,High,34.54356002807617,jama
232,High,393.0995788574219,jama
232,Low,29.35533332824707,jama
232,Low,20.625539779663086,jama
232,Low,14.587713241577148,jama
232,Low,582.9865112304688,jama
232,Low,647.8329467773438,jama
232,Low,71.07046508789062,jama
233,High,18.160581588745117,mmlu
233,High,73.08224487304688,mmlu
233,High,12.789898872375488,mmlu
233,High,39.681453704833984,mmlu
233,Low,7.6461286544799805,mmlu
233,Low,48.89369201660156,mmlu
233,Low,124.04659271240234,mmlu
233,Low,1284.914306640625,mmlu
233,Low,20.461698532104492,mmlu
234,High,12.168998718261719,jama
234,High,24.403667449951172,jama
234,High,27.523923873901367,jama
234,High,13.699710845947266,jama
234,High,14.494026184082031,jama
234,High,233.760498046875,jama
234,High,10.54236125946045,jama
234,High,17.53036117553711,jama
234,High,56.102516174316406,jama
234,High,30.880111694335938,jama
234,High,9.119949340820312,jama
234,Low,12.455469131469727,jama
234,Low,17.281145095825195,jama
235,High,14.55463695526123,medbullets
235,High,33.97750473022461,medbullets
235,High,33.24802780151367,medbullets
235,High,7.43712043762207,medbullets
235,High,59.63669967651367,medbullets
235,Low,39.52385711669922,medbullets
235,Low,9.226805686950684,medbullets
235,Low,5.843315601348877,medbullets
235,Low,669.5731811523438,medbullets
236,High,24.791927337646484,mmlu
236,High,40.08635330200195,mmlu
236,Low,52.69902801513672,mmlu
236,Low,32.997066497802734,mmlu
236,Low,6.343806266784668,mmlu
236,Low,155.55789184570312,mmlu
236,Low,148.97279357910156,mmlu
237,High,17.52230453491211,medxpert
237,High,85.8438491821289,medxpert
237,High,7.947856426239014,medxpert
237,High,65.3465576171875,medxpert
237,Low,55.98998260498047,medxpert
237,Low,112.87001037597656,medxpert
237,Low,26.001567840576172,medxpert
237,Low,59.1716423034668,medxpert
238,High,27.250276565551758,mmlu
238,High,9.76573371887207,mmlu
238,High,80.38066101074219,mmlu
238,High,23.482603073120117,mmlu
238,Low,109.01078033447266,mmlu
239,High,39.2055549621582,medxpert
239,High,129.5103759765625,medxpert
239,High,67.9130630493164,medxpert
239,High,31.026247024536133,medxpert
239,Low,18.072505950927734,medxpert
239,Low,640.9110107421875,medxpert
239,Low,59.77334976196289,medxpert
239,Low,96.4727554321289,medxpert
239,Low,399.56671142578125,medxpert
240,High,17.52562141418457,medxpert
240,High,20.275253295898438,medxpert
240,High,51.83308029174805,medxpert
241,High,10.043951034545898,mmlu
241,High,14.249062538146973,mmlu
241,High,31.911205291748047,mmlu
241,High,24.735078811645508,mmlu
241,Low,14.616453170776367,mmlu
241,Low,28.721698760986328,mmlu
241,Low,56.12860870361328,mmlu
241,Low,57.827396392822266,mmlu
241,Low,92.79901885986328,mmlu
241,Low,63.5029182434082,mmlu
242,High,17.401931762695312,jama
242,High,27.204254150390625,jama
242,High,322.2702941894531,jama
242,High,59.2440299987793,jama
242,High,53.12586212158203,jama
242,High,34.17683029174805,jama
242,High,50.89682388305664,jama
242,High,25.87508201599121,jama
242,High,62.61914825439453,jama
242,High,35.79883575439453,jama
242,Low,47.37044906616211,jama
243,High,38.45420837402344,mmlu
243,High,44.31218719482422,mmlu
243,High,21.111492156982422,mmlu
243,High,46.643714904785156,mmlu
243,High,26.32611083984375,mmlu
243,High,34.33991241455078,mmlu
243,Low,158.95220947265625,mmlu
243,Low,87.93427276611328,mmlu
243,Low,169.3277130126953,mmlu
243,Low,9.982569694519043,mmlu
243,Low,69.67670440673828,mmlu
244,High,11.388063430786133,medxpert
244,High,11.942147254943848,medxpert
244,High,38.67211151123047,medxpert
244,High,18.31324005126953,medxpert
244,Low,115.71134185791016,medxpert
244,Low,15.969710350036621,medxpert
244,Low,7.578998565673828,medxpert
244,Low,43.439491271972656,medxpert
245,High,10.056699752807617,jama
245,High,22.356693267822266,jama
245,High,9.46459674835205,jama
245,High,22.031604766845703,jama
245,High,28.129657745361328,jama
245,High,78.33868408203125,jama
245,Low,13.37973690032959,jama
245,Low,21.58646583557129,jama
246,High,19.869260787963867,medxpert
246,High,16.463424682617188,medxpert
246,High,48.930171966552734,medxpert
246,High,74.19444274902344,medxpert
246,High,30.673168182373047,medxpert
246,High,45.413352966308594,medxpert
246,High,20.103713989257812,medxpert
246,Low,34.14076232910156,medxpert
247,High,18.891185760498047,jama
247,High,93.82089233398438,jama
247,High,88.59467315673828,jama
247,High,24.167234420776367,jama
247,High,18.64750099182129,jama
247,High,32.70984649658203,jama
247,High,98.31519317626953,jama
247,Low,28.652334213256836,jama
247,Low,64.13044738769531,jama
247,Low,52.717838287353516,jama
247,Low,29.81190299987793,jama
247,Low,26.704103469848633,jama
248,High,18.01958656311035,jama
248,High,77.16984558105469,jama
248,High,32.56916809082031,jama
248,High,54.78192138671875,jama
248,High,28.184144973754883,jama
248,High,42.5646858215332,jama
248,High,22.293581008911133,jama
248,High,33.08610916137695,jama
248,High,27.2718563079834,jama
248,High,41.30900573730469,jama
248,Low,20.750276565551758,jama
248,Low,118.58076477050781,jama
249,High,16.14070701599121,medxpert
249,High,110.7302017211914,medxpert
249,High,22.834619522094727,medxpert
249,High,8.26709270477295,medxpert
249,High,33.051544189453125,medxpert
249,High,228.12060546875,medxpert
249,Low,44.94710922241211,medxpert
249,Low,23.499576568603516,medxpert
249,Low,65.32847595214844,medxpert
249,Low,109.84868621826172,medxpert
250,High,15.402443885803223,medxpert
250,High,32.4093017578125,medxpert
250,High,145.4163360595703,medxpert
250,High,12.978826522827148,medxpert
250,High,8.588433265686035,medxpert
250,High,769.7716064453125,medxpert
250,High,5974.83935546875,medxpert
250,High,38.30221939086914,medxpert
250,High,1.0,medxpert
250,High,1.0,medxpert
250,High,120.65904998779297,medxpert
250,High,30.00020980834961,medxpert
250,High,250.49464416503906,medxpert
250,High,37.39668273925781,medxpert
250,High,120.56438446044922,medxpert
250,High,31.034902572631836,medxpert
250,Low,14.286311149597168,medxpert
250,Low,17.932754516601562,medxpert
250,Low,89.77532196044922,medxpert
251,High,13.534152030944824,medxpert
251,High,33.23651885986328,medxpert
251,High,6.997559547424316,medxpert
251,High,44.951717376708984,medxpert
251,Low,51.5072021484375,medxpert
251,Low,143.54527282714844,medxpert
251,Low,22.013032913208008,medxpert
251,Low,40.18700408935547,medxpert
251,Low,4.912693023681641,medxpert
251,Low,28.31432342529297,medxpert
251,Low,204.5808868408203,medxpert
252,High,20.260839462280273,jama
252,High,14.470833778381348,jama
252,High,17.19854164123535,jama
252,High,97.26547241210938,jama
252,High,35.61853790283203,jama
252,High,20.862144470214844,jama
252,Low,19.34612274169922,jama
252,Low,4.973859786987305,jama
252,Low,9.429293632507324,jama
252,Low,8.563984870910645,jama
252,Low,7.1698479652404785,jama
252,Low,72.74436950683594,jama
253,High,15.299270629882812,medxpert
253,High,9.763921737670898,medxpert
253,High,27.368850708007812,medxpert
253,Low,21.02197265625,medxpert
253,Low,4.830135345458984,medxpert
254,High,10.52975845336914,medbullets
254,High,60.06446838378906,medbullets
254,High,24.61637306213379,medbullets
254,High,80.95394897460938,medbullets
254,High,26.943252563476562,medbullets
254,High,105.46273040771484,medbullets
254,High,280.1022644042969,medbullets
254,Low,31.65458106994629,medbullets
254,Low,5.1968092918396,medbullets
255,High,19.284757614135742,medbullets
255,High,7.690792083740234,medbullets
255,High,28.93520164489746,medbullets
255,High,309.6002502441406,medbullets
255,High,5.106922626495361,medbullets
255,Low,47.9340934753418,medbullets
255,Low,23.735984802246094,medbullets
255,Low,8.58245849609375,medbullets
255,Low,21.309476852416992,medbullets
255,Low,18.28692054748535,medbullets
255,Low,34.98155212402344,medbullets
256,High,11.835603713989258,medbullets
256,High,97.52796173095703,medbullets
256,High,59.04075241088867,medbullets
256,High,25.477449417114258,medbullets
256,Low,20.65424156188965,medbullets
256,Low,41.93345642089844,medbullets
256,Low,32.56708526611328,medbullets
256,Low,5.501374244689941,medbullets
257,High,49.86577606201172,jama
257,High,35.22633743286133,jama
257,High,44.64739227294922,jama
257,High,35.42005157470703,jama
257,High,67.634033203125,jama
257,High,5.289802551269531,jama
257,Low,10.532306671142578,jama
257,Low,17.365650177001953,jama
257,Low,20.806480407714844,jama
257,Low,293.91973876953125,jama
257,Low,11.610610008239746,jama
257,Low,54.76092529296875,jama
257,Low,22.00078773498535,jama
258,High,117.14488983154297,mmlu
258,High,30.968454360961914,mmlu
258,High,14.580439567565918,mmlu
258,High,26.82526969909668,mmlu
258,Low,26.361635208129883,mmlu
258,Low,8.616865158081055,mmlu
258,Low,40.39543914794922,mmlu
259,High,46.470008850097656,medxpert
259,High,47.40449905395508,medxpert
259,High,103.71080780029297,medxpert
259,Low,20.385690689086914,medxpert
259,Low,39.401702880859375,medxpert
259,Low,6.07317590713501,medxpert
259,Low,43.051544189453125,medxpert
259,Low,135.60008239746094,medxpert
260,High,15.539977073669434,mmlu
260,High,43.06734085083008,mmlu
260,High,121.09184265136719,mmlu
260,High,138.33627319335938,mmlu
260,High,39.936317443847656,mmlu
260,High,14.82642650604248,mmlu
260,High,18.299970626831055,mmlu
260,Low,32.336883544921875,mmlu
260,Low,25.170812606811523,mmlu
260,Low,304.8215637207031,mmlu
260,Low,10.410079956054688,mmlu
260,Low,34.46784591674805,mmlu
261,High,22.884479522705078,jama
261,High,43.53607940673828,jama
261,High,19.126718521118164,jama
261,High,24.670774459838867,jama
261,Low,16.080812454223633,jama
261,Low,14.086221694946289,jama
261,Low,28.391799926757812,jama
261,Low,8.818758964538574,jama
261,Low,27.71477508544922,jama
261,Low,42.997718811035156,jama
261,Low,40.695899963378906,jama
262,High,12.70860481262207,medxpert
262,High,61.40690231323242,medxpert
262,High,31.962738037109375,medxpert
262,Low,44.326114654541016,medxpert
262,Low,8.782212257385254,medxpert
262,Low,20.725887298583984,medxpert
263,High,11.588465690612793,medxpert
263,High,13.293222427368164,medxpert
263,High,10.191003799438477,medxpert
263,High,40.45542526245117,medxpert
263,High,29.123046875,medxpert
263,High,34.27202224731445,medxpert
263,High,20.137197494506836,medxpert
263,Low,145.7864532470703,medxpert
264,High,20.9045352935791,mmlu
264,High,49.011165618896484,mmlu
264,Low,128.37034606933594,mmlu
265,High,24.115985870361328,mmlu
265,High,92.0956039428711,mmlu
265,High,22.320295333862305,mmlu
265,High,22.44927978515625,mmlu
265,High,24.861568450927734,mmlu
265,Low,24.45807647705078,mmlu
265,Low,79.14118957519531,mmlu
266,High,16.067480087280273,medbullets
266,High,8.065776824951172,medbullets
266,High,13.454318046569824,medbullets
266,High,5.487485885620117,medbullets
266,High,33.30462646484375,medbullets
266,High,21.823415756225586,medbullets
266,Low,616.5300903320312,medbullets
267,High,8.647209167480469,medxpert
267,High,60.74357223510742,medxpert
267,High,231.29293823242188,medxpert
267,High,118.00794219970703,medxpert
267,High,45.24941635131836,medxpert
267,High,50.842430114746094,medxpert
267,High,9.152538299560547,medxpert
267,Low,9.07576847076416,medxpert
268,High,14.088462829589844,mmlu
268,High,33.75705337524414,mmlu
268,High,78.28032684326172,mmlu
268,High,23.49424934387207,mmlu
268,High,44.16069412231445,mmlu
268,High,12.40962028503418,mmlu
268,Low,16.298126220703125,mmlu
268,Low,82.31446075439453,mmlu
269,High,20.104724884033203,medbullets
269,High,33.97394943237305,medbullets
269,High,46.762386322021484,medbullets
269,High,26.418664932250977,medbullets
269,High,13.1233491897583,medbullets
269,High,18.59494400024414,medbullets
269,High,31.846900939941406,medbullets
269,Low,9.413129806518555,medbullets
269,Low,5.053168296813965,medbullets
269,Low,60.89768600463867,medbullets
269,Low,31.370439529418945,medbullets
270,High,14.671730995178223,medxpert
270,High,66.60521697998047,medxpert
270,High,13.308979034423828,medxpert
270,Low,28.51154136657715,medxpert
271,High,31.27599334716797,medxpert
271,High,90.43566131591797,medxpert
271,High,6.304065704345703,medxpert
271,High,58.59227752685547,medxpert
271,Low,71.48174285888672,medxpert
272,High,13.771782875061035,medxpert
272,High,13.164799690246582,medxpert
272,High,82.38765716552734,medxpert
272,High,71.00109100341797,medxpert
272,High,130.8463134765625,medxpert
272,High,57.106727600097656,medxpert
272,High,1.0,medxpert
272,High,1.0,medxpert
272,High,58.59434509277344,medxpert
272,High,147.0426483154297,medxpert
272,High,40.363128662109375,medxpert
272,High,55.12855911254883,medxpert
272,High,7.886159896850586,medxpert
272,High,92.96217346191406,medxpert
272,High,240.89833068847656,medxpert
272,High,1386.2742919921875,medxpert
272,High,17.06688117980957,medxpert
272,High,1100.92529296875,medxpert
272,High,17.278104782104492,medxpert
272,High,365.89404296875,medxpert
272,High,20.054363250732422,medxpert
272,High,4581.06787109375,medxpert
272,High,39.659820556640625,medxpert
272,High,118.32528686523438,medxpert
272,High,31.276626586914062,medxpert
272,High,13.658742904663086,medxpert
272,High,32.73497772216797,medxpert
272,High,23.65595817565918,medxpert
272,Low,12.941446304321289,medxpert
272,Low,23.25026512145996,medxpert
273,High,9.912467002868652,mmlu
273,High,21.314157485961914,mmlu
273,High,57.97417068481445,mmlu
273,High,52.231204986572266,mmlu
273,Low,6.122441291809082,mmlu
274,High,8.86777400970459,mmlu
274,High,18.005529403686523,mmlu
274,High,17.91447639465332,mmlu
274,High,21.89733123779297,mmlu
274,Low,10.917652130126953,mmlu
275,High,19.02781105041504,jama
275,High,15.518157958984375,jama
275,High,20.71303939819336,jama
275,High,40.28987503051758,jama
275,High,41.33087921142578,jama
275,High,31.44327735900879,jama
275,High,63.21788787841797,jama
275,Low,21.3663330078125,jama
275,Low,22.915061950683594,jama
275,Low,120.08999633789062,jama
275,Low,27.014070510864258,jama
275,Low,108.85344696044922,jama
276,High,14.12763500213623,jama
276,High,93.01449584960938,jama
276,High,34.55726623535156,jama
276,High,21.54503059387207,jama
276,High,22.56983757019043,jama
276,High,94.86428833007812,jama
276,High,41.28529739379883,jama
276,Low,33.1828498840332,jama
276,Low,310.24737548828125,jama
276,Low,27.526660919189453,jama
276,Low,195.75335693359375,jama
276,Low,45.88822555541992,jama
276,Low,113.39366149902344,jama
276,Low,18.769447326660156,jama
276,Low,35.45252990722656,jama
276,Low,81.28946685791016,jama
277,High,21.700008392333984,jama
277,High,6.863862991333008,jama
277,High,27.77729606628418,jama
277,High,4.085002899169922,jama
277,High,31.73638153076172,jama
277,Low,21.020158767700195,jama
277,Low,22.72161865234375,jama
277,Low,17.357379913330078,jama
277,Low,51.55064392089844,jama
277,Low,28.391799926757812,jama
277,Low,37.145545959472656,jama
277,Low,29.183759689331055,jama
277,Low,59.23442840576172,jama
278,High,30.94232177734375,medxpert
278,High,73.43090057373047,medxpert
278,High,27.783376693725586,medxpert
278,High,25.7252254486084,medxpert
278,High,87.31135559082031,medxpert
278,High,48.15958786010742,medxpert
279,High,16.522920608520508,mmlu
279,High,19.517892837524414,mmlu
279,High,20.24962043762207,mmlu
279,Low,55.03980255126953,mmlu
280,High,14.362271308898926,mmlu
280,High,30.949630737304688,mmlu
280,High,13.607640266418457,mmlu
280,High,39.09785461425781,mmlu
280,Low,9.600922584533691,mmlu
280,Low,19.309795379638672,mmlu
280,Low,82.31446075439453,mmlu
281,High,15.633337020874023,mmlu
281,High,15.884324073791504,mmlu
281,High,38.75548553466797,mmlu
281,Low,15.459733963012695,mmlu
281,Low,13.312975883483887,mmlu
281,Low,39.795989990234375,mmlu
281,Low,51.4921989440918,mmlu
281,Low,19.739686965942383,mmlu
281,Low,28.576940536499023,mmlu
281,Low,70.90409088134766,mmlu
282,High,9.690248489379883,medxpert
282,High,24.089292526245117,medxpert
282,High,46.14316940307617,medxpert
282,High,24.00465965270996,medxpert
282,High,41.850677490234375,medxpert
282,High,37.350730895996094,medxpert
282,Low,71.798583984375,medxpert
282,Low,10.058652877807617,medxpert
283,High,14.14436149597168,jama
283,High,25.025501251220703,jama
283,High,58.48405456542969,jama
283,High,44.61532974243164,jama
283,High,37.53061294555664,jama
283,High,31.585086822509766,jama
283,Low,18.37905502319336,jama
283,Low,14.563613891601562,jama
283,Low,47.5533561706543,jama
283,Low,151.72677612304688,jama
283,Low,120.65933227539062,jama
283,Low,23.05240821838379,jama
283,Low,12.015955924987793,jama
283,Low,37.73138427734375,jama
283,Low,297.7603759765625,jama
283,Low,48.200286865234375,jama
284,High,16.887027740478516,medxpert
284,Low,19.946868896484375,medxpert
284,Low,55.05253219604492,medxpert
284,Low,40.40673828125,medxpert
285,High,20.454063415527344,jama
285,High,63.20975112915039,jama
285,High,37.277854919433594,jama
285,High,31.601078033447266,jama
285,High,24.1793212890625,jama
285,High,292.1812438964844,jama
285,High,9.264533042907715,jama
285,High,28.140932083129883,jama
285,High,17.6971492767334,jama
285,High,24.39516830444336,jama
285,Low,66.52034759521484,jama
285,Low,57.00779724121094,jama
285,Low,41.74515151977539,jama
285,Low,5.993769645690918,jama
285,Low,12.649262428283691,jama
285,Low,41.61609649658203,jama
285,Low,214.79624938964844,jama
286,High,11.709017753601074,medbullets
286,High,40.285282135009766,medbullets
286,High,344.0614929199219,medbullets
286,High,31.945131301879883,medbullets
286,High,138.49864196777344,medbullets
286,High,28.275432586669922,medbullets
286,High,26.89776039123535,medbullets
286,High,33.65536880493164,medbullets
286,High,87.71930694580078,medbullets
286,Low,33.50580596923828,medbullets
286,Low,4.901731014251709,medbullets
286,Low,57.65306091308594,medbullets
287,High,17.76072883605957,mmlu
287,High,46.61539840698242,mmlu
287,High,105.99880981445312,mmlu
287,High,36.109291076660156,mmlu
287,Low,40.15605926513672,mmlu
288,High,48.627784729003906,medxpert
288,High,60.711341857910156,medxpert
288,High,17.49263572692871,medxpert
288,Low,18.10622787475586,medxpert
288,Low,144.42581176757812,medxpert
289,High,9.828275680541992,jama
289,High,26.16938591003418,jama
289,High,25.220901489257812,jama
289,High,78.59663391113281,jama
289,High,16.355714797973633,jama
289,High,23.68157196044922,jama
289,Low,106.30955505371094,jama
289,Low,124.23796844482422,jama
289,Low,17.8536434173584,jama
289,Low,100.36454010009766,jama
289,Low,29.547924041748047,jama
289,Low,151.82664489746094,jama
289,Low,47.08091354370117,jama
290,High,15.147296905517578,jama
290,High,46.02315902709961,jama
290,High,87.61709594726562,jama
290,High,26.849294662475586,jama
290,High,89.8289794921875,jama
290,High,173.39230346679688,jama
290,High,18.761966705322266,jama
290,High,48.09368133544922,jama
290,Low,6.380671501159668,jama
290,Low,13.448732376098633,jama
291,High,21.82444953918457,medxpert
291,High,46.68973922729492,medxpert
291,High,19.529953002929688,medxpert
291,Low,12.842425346374512,medxpert
291,Low,9.52234935760498,medxpert
291,Low,129.44825744628906,medxpert
292,High,7.5794267654418945,medbullets
292,High,63.055320739746094,medbullets
292,High,17.847009658813477,medbullets
292,High,5.576764106750488,medbullets
292,High,24.05261993408203,medbullets
292,Low,63.5483512878418,medbullets
292,Low,35.016319274902344,medbullets
292,Low,46.83168411254883,medbullets
292,Low,62.97052764892578,medbullets
293,High,19.13965606689453,jama
293,High,29.371971130371094,jama
293,High,25.71236228942871,jama
293,High,14.860636711120605,jama
293,High,12.217071533203125,jama
293,High,8.043807029724121,jama
293,High,17.90542984008789,jama
293,Low,47.19608688354492,jama
293,Low,32.968231201171875,jama
294,High,12.470502853393555,medxpert
294,High,31.765579223632812,medxpert
294,High,17.17587661743164,medxpert
294,High,16.353179931640625,medxpert
294,High,30.93451690673828,medxpert
295,High,12.957396507263184,mmlu
295,High,11.912572860717773,mmlu
295,High,18.84738540649414,mmlu
295,Low,46.047393798828125,mmlu
296,High,18.255817413330078,jama
296,High,29.140661239624023,jama
296,High,50.02245330810547,jama
296,High,38.01399230957031,jama
296,High,44.20989990234375,jama
296,High,13.103886604309082,jama
296,High,60.22886276245117,jama
296,High,602.0801391601562,jama
296,Low,34.097904205322266,jama
297,High,16.082557678222656,medxpert
297,High,37.21414566040039,medxpert
297,Low,202.61912536621094,medxpert
297,Low,25.024673461914062,medxpert
297,Low,5.141173839569092,medxpert
297,Low,33.03470230102539,medxpert
297,Low,40.9254150390625,medxpert
298,High,21.208189010620117,jama
298,High,30.778230667114258,jama
298,High,49.9444694519043,jama
298,High,39.43132400512695,jama
298,High,35.12947463989258,jama
298,High,35.36528015136719,jama
298,High,90.4992904663086,jama
298,Low,16.58409309387207,jama
298,Low,20.970561981201172,jama
299,High,12.288515090942383,medbullets
299,High,26.522342681884766,medbullets
299,High,69.76719665527344,medbullets
299,High,56.83549880981445,medbullets
299,High,11.70627498626709,medbullets
299,Low,6.279516220092773,medbullets
299,Low,5.0322699546813965,medbullets
299,Low,67.60363006591797,medbullets
299,Low,54.595924377441406,medbullets
299,Low,99.16551208496094,medbullets
300,High,7.493049621582031,mmlu
300,High,28.67652702331543,mmlu
300,High,62.2895393371582,mmlu
300,High,7.73613166809082,mmlu
300,Low,26.216447830200195,mmlu
300,Low,45.14867401123047,mmlu
301,High,18.58209228515625,medxpert
301,High,39.69298553466797,medxpert
301,High,78.49247741699219,medxpert
301,High,44.79850387573242,medxpert
301,High,23.373544692993164,medxpert
301,Low,487.34136962890625,medxpert
301,Low,14.821898460388184,medxpert
301,Low,13.671175956726074,medxpert
301,Low,113.311767578125,medxpert
301,Low,1.0,medxpert
301,Low,13.235602378845215,medxpert
301,Low,1.0,medxpert
301,Low,1.0,medxpert
301,Low,289.44598388671875,medxpert
301,Low,84.18424224853516,medxpert
301,Low,250.49464416503906,medxpert
301,Low,498.1680603027344,medxpert
301,Low,56.30149841308594,medxpert
301,Low,987.8272094726562,medxpert
301,Low,53.169944763183594,medxpert
301,Low,41.052486419677734,medxpert
301,Low,76.32914733886719,medxpert
301,Low,29.21449089050293,medxpert
302,High,19.599754333496094,jama
302,High,22.469911575317383,jama
302,High,33.37615203857422,jama
302,High,29.948511123657227,jama
302,High,48.64535140991211,jama
302,High,71.94873046875,jama
302,High,48.00370788574219,jama
302,Low,23.24199676513672,jama
302,Low,14.845441818237305,jama
302,Low,123.41654205322266,jama
302,Low,26.619291305541992,jama
302,Low,39.68220138549805,jama
302,Low,50.842159271240234,jama
302,Low,36.16093063354492,jama
302,Low,57.93526077270508,jama
302,Low,30.071556091308594,jama
303,High,13.571434020996094,medxpert
303,High,65.52159118652344,medxpert
303,High,251.8846435546875,medxpert
303,Low,75.6551284790039,medxpert
303,Low,47.21616744995117,medxpert
304,High,26.013912200927734,medxpert
304,High,177.23252868652344,medxpert
304,High,31.690948486328125,medxpert
304,High,28.647769927978516,medxpert
304,High,500.1800842285156,medxpert
304,Low,23.733327865600586,medxpert
304,Low,29.481067657470703,medxpert
304,Low,289.44598388671875,medxpert
304,Low,120.29505920410156,medxpert
304,Low,1.0,medxpert
304,Low,1.0,medxpert
304,Low,250.49464416503906,medxpert
304,Low,295.1548156738281,medxpert
304,Low,56.30149841308594,medxpert
304,Low,1343.623046875,medxpert
304,Low,1.0,medxpert
304,Low,12.038345336914062,medxpert
304,Low,77.29918670654297,medxpert
305,High,6.816466331481934,jama
305,High,36.881141662597656,jama
305,High,12.61233901977539,jama
305,High,10.21883773803711,jama
305,High,78.80480194091797,jama
305,High,19.073535919189453,jama
305,High,177.63880920410156,jama
305,Low,29.162595748901367,jama
305,Low,22.35648536682129,jama
305,Low,116.88699340820312,jama
305,Low,135.8520965576172,jama
306,High,17.175737380981445,jama
306,High,52.632591247558594,jama
306,High,18.253559112548828,jama
306,High,64.9185791015625,jama
306,High,92.67603302001953,jama
306,High,37.658443450927734,jama
306,High,49.355045318603516,jama
306,High,23.60294532775879,jama
306,High,12.926179885864258,jama
306,High,36.488983154296875,jama
306,High,118.43582153320312,jama
306,Low,175.90109252929688,jama
306,Low,242.80357360839844,jama
307,High,14.886506080627441,jama
307,High,27.2236270904541,jama
307,High,19.171205520629883,jama
307,High,29.96827507019043,jama
307,High,41.89431381225586,jama
307,Low,40.89427947998047,jama
307,Low,36.5191650390625,jama
307,Low,11.720338821411133,jama
307,Low,24.16510772705078,jama
307,Low,64.00042724609375,jama
307,Low,12.713027954101562,jama
308,High,52.478145599365234,mmlu
308,High,11.265388488769531,mmlu
308,Low,50.54399871826172,mmlu
308,Low,14.662559509277344,mmlu
308,Low,61.61174011230469,mmlu
309,High,8.682146072387695,medbullets
309,High,21.86152458190918,medbullets
309,High,93.67922973632812,medbullets
309,High,6.83416223526001,medbullets
309,High,57.13113021850586,medbullets
309,High,37.0949592590332,medbullets
309,Low,26.892454147338867,medbullets
309,Low,113.57726287841797,medbullets
310,High,13.134195327758789,medbullets
310,High,42.675018310546875,medbullets
310,High,28.777685165405273,medbullets
310,High,36.568077087402344,medbullets
310,High,45.03466033935547,medbullets
310,Low,26.354263305664062,medbullets
310,Low,7.101933002471924,medbullets
311,High,27.816133499145508,jama
311,High,58.72561264038086,jama
311,High,74.61807250976562,jama
311,Low,33.401893615722656,jama
311,Low,39.67727279663086,jama
311,Low,23.472766876220703,jama
311,Low,29.850351333618164,jama
311,Low,34.62788772583008,jama
311,Low,125.0220718383789,jama
311,Low,9.228224754333496,jama
312,High,31.163013458251953,medxpert
312,High,32.6228141784668,medxpert
312,Low,28.95203971862793,medxpert
313,High,11.851444244384766,jama
313,High,16.282522201538086,jama
313,High,36.91246032714844,jama
313,High,45.22087097167969,jama
313,High,69.576171875,jama
313,High,80.71292114257812,jama
313,High,20.79353141784668,jama
313,Low,33.33205795288086,jama
313,Low,16.562150955200195,jama
313,Low,34.3863639831543,jama
314,High,38.87680435180664,jama
314,High,42.94139099121094,jama
314,High,30.167255401611328,jama
314,High,29.990690231323242,jama
314,High,59.166507720947266,jama
314,High,10.34632396697998,jama
314,High,82.014892578125,jama
314,High,83.13307189941406,jama
314,Low,40.9149055480957,jama
314,Low,61.767765045166016,jama
314,Low,30.437864303588867,jama
314,Low,15.46745777130127,jama
314,Low,50.57249450683594,jama
315,High,30.982877731323242,jama
315,High,86.57502746582031,jama
315,High,32.49251174926758,jama
315,High,60.54962158203125,jama
315,High,28.468448638916016,jama
315,High,21.320219039916992,jama
315,High,36.13179397583008,jama
315,High,4458.95166015625,jama
315,High,118.49151611328125,jama
315,High,75.78590393066406,jama
315,High,28.852811813354492,jama
315,High,29.18653106689453,jama
315,High,73.28562927246094,jama
315,High,63.30534362792969,jama
315,High,106.67501068115234,jama
315,High,46.56895446777344,jama
315,Low,185.2450714111328,jama
315,Low,49.71757507324219,jama
316,High,14.24665355682373,jama
316,High,78.43590545654297,jama
316,High,23.82509994506836,jama
316,Low,54.73792266845703,jama
316,Low,85.13256072998047,jama
316,Low,23.056028366088867,jama
316,Low,67.55152893066406,jama
317,High,25.201295852661133,jama
317,High,32.9281005859375,jama
317,High,54.17243576049805,jama
317,High,75.77029418945312,jama
317,High,14.139627456665039,jama
317,High,48.860286712646484,jama
317,High,25.432811737060547,jama
317,High,39.187156677246094,jama
317,High,151.03367614746094,jama
317,High,85.45768737792969,jama
317,High,16.786972045898438,jama
317,High,78.14673614501953,jama
317,High,29.095834732055664,jama
317,Low,27.3062801361084,jama
317,Low,75.888427734375,jama
317,Low,85.0393295288086,jama
318,High,10.275696754455566,medbullets
318,High,30.02744483947754,medbullets
318,High,21.083515167236328,medbullets
318,High,5.337480545043945,medbullets
318,Low,39.13553237915039,medbullets
318,Low,195.65780639648438,medbullets
318,Low,35.908817291259766,medbullets
319,High,52.40772247314453,jama
319,High,27.0255126953125,jama
319,High,28.923812866210938,jama
319,Low,5.2440595626831055,jama
319,Low,361.573486328125,jama
319,Low,132.57687377929688,jama
319,Low,332.18914794921875,jama
320,High,29.673242568969727,mmlu
320,High,19.599498748779297,mmlu
320,High,14.743253707885742,mmlu
321,High,12.703055381774902,medxpert
321,High,30.17104721069336,medxpert
321,High,17.804296493530273,medxpert
321,High,37.65549087524414,medxpert
321,High,51.25251770019531,medxpert
321,Low,33.98362731933594,medxpert
321,Low,30.620807647705078,medxpert
322,High,13.432113647460938,jama
322,High,30.053293228149414,jama
322,High,19.214937210083008,jama
322,High,40.84796142578125,jama
322,High,95.10220336914062,jama
322,High,19.367631912231445,jama
322,Low,34.466331481933594,jama
322,Low,48.971343994140625,jama
322,Low,97.80757904052734,jama
322,Low,25.046140670776367,jama
323,High,33.70700454711914,jama
323,High,106.1954574584961,jama
323,High,31.37576675415039,jama
323,High,46.48216247558594,jama
323,High,20.078857421875,jama
323,High,24.85391616821289,jama
323,High,89.18502044677734,jama
323,High,30.244516372680664,jama
323,Low,21.74770164489746,jama
323,Low,14.811290740966797,jama
323,Low,127.97614288330078,jama
323,Low,61.198368072509766,jama
323,Low,98.05236053466797,jama
323,Low,164.69659423828125,jama
323,Low,19.500789642333984,jama
324,High,14.32005786895752,jama
324,High,68.39800262451172,jama
324,High,29.224918365478516,jama
324,High,39.5665283203125,jama
324,High,22.1501522064209,jama
324,High,219.46095275878906,jama
324,High,23.55126953125,jama
324,High,35.09966278076172,jama
324,High,38.8516845703125,jama
324,Low,49.350242614746094,jama
324,Low,25.84841537475586,jama
324,Low,19.669628143310547,jama
324,Low,72.49906158447266,jama
325,High,15.137989044189453,mmlu
325,High,55.39266586303711,mmlu
325,High,41.96800231933594,mmlu
326,High,8.202564239501953,medxpert
326,High,15.85539722442627,medxpert
326,High,5.9065775871276855,medxpert
326,High,18.823373794555664,medxpert
326,High,38.68680953979492,medxpert
326,High,6.514627933502197,medxpert
326,Low,11.681622505187988,medxpert
327,High,110.78787994384766,jama
327,High,18.053604125976562,jama
327,High,13.7103853225708,jama
327,High,53.625267028808594,jama
327,High,29.859148025512695,jama
327,High,362.19781494140625,jama
327,High,64.8855209350586,jama
327,High,38.071475982666016,jama
327,Low,24.89608383178711,jama
327,Low,9.687797546386719,jama
327,Low,27.47530174255371,jama
327,Low,72.51202392578125,jama
327,Low,90.1713638305664,jama
327,Low,71.35356140136719,jama
328,High,17.530752182006836,mmlu
328,High,15.967520713806152,mmlu
328,High,17.843515396118164,mmlu
328,High,10.85215950012207,mmlu
328,High,13.014314651489258,mmlu
328,Low,50.179805755615234,mmlu
328,Low,44.62822341918945,mmlu
328,Low,50.67763137817383,mmlu
329,High,18.789730072021484,medxpert
329,High,34.84868240356445,medxpert
329,High,19.714073181152344,medxpert
329,High,52.521263122558594,medxpert
329,High,78.03003692626953,medxpert
329,High,132.74468994140625,medxpert
329,High,48.396751403808594,medxpert
329,Low,49.030704498291016,medxpert
330,High,11.183022499084473,medbullets
330,High,119.584228515625,medbullets
330,High,24.444072723388672,medbullets
330,High,67.34809875488281,medbullets
330,High,43.44697952270508,medbullets
330,High,258.4540710449219,medbullets
330,High,44.84675598144531,medbullets
330,High,62.91032409667969,medbullets
330,Low,42.22382354736328,medbullets
330,Low,7.208471298217773,medbullets
330,Low,51.61006546020508,medbullets
330,Low,19.501026153564453,medbullets
331,High,11.144792556762695,medxpert
331,High,100.1250991821289,medxpert
331,High,30.9156551361084,medxpert
331,High,8.559822082519531,medxpert
331,High,51.7562370300293,medxpert
331,High,40.15605926513672,medxpert
331,High,33.669776916503906,medxpert
331,High,98.32429504394531,medxpert
331,Low,31.859594345092773,medxpert
332,High,10.924173355102539,medxpert
332,High,49.00885009765625,medxpert
332,High,11.221305847167969,medxpert
332,High,38.052276611328125,medxpert
332,Low,8.103235244750977,medxpert
332,Low,7.308592319488525,medxpert
333,High,9.538979530334473,medxpert
333,High,36.36798858642578,medxpert
333,High,6.1321282386779785,medxpert
333,High,130.91734313964844,medxpert
333,Low,76.92057800292969,medxpert
333,Low,31.871383666992188,medxpert
333,Low,5.925346374511719,medxpert
334,High,24.86807632446289,mmlu
334,High,38.61850357055664,mmlu
334,Low,69.56246948242188,mmlu
335,High,5.538693428039551,jama
335,High,52.111061096191406,jama
335,High,5.457917213439941,jama
335,High,41.53133773803711,jama
335,High,6.28993558883667,jama
335,High,9.966586112976074,jama
335,High,47.4588623046875,jama
335,Low,32.19194412231445,jama
335,Low,981.57666015625,jama
336,High,13.501288414001465,medxpert
336,High,62.47655487060547,medxpert
336,High,25.1951904296875,medxpert
336,Low,37.76871109008789,medxpert
337,High,22.805925369262695,mmlu
337,High,22.725046157836914,mmlu
337,High,12.1566743850708,mmlu
337,Low,131.6837921142578,mmlu
337,Low,7.016198635101318,mmlu
337,Low,35.2606201171875,mmlu
337,Low,117.50276947021484,mmlu
338,High,12.244651794433594,medxpert
338,High,34.25710678100586,medxpert
338,High,36.48188400268555,medxpert
338,High,7.9997735023498535,medxpert
338,High,77.46405029296875,medxpert
338,High,30.860998153686523,medxpert
338,High,38.53602981567383,medxpert
338,High,113.18029022216797,medxpert
339,High,11.049742698669434,medxpert
339,High,17.066991806030273,medxpert
339,High,99.27082824707031,medxpert
339,High,47.86981964111328,medxpert
339,Low,83.62910461425781,medxpert
339,Low,7.373448848724365,medxpert
339,Low,6.95024299621582,medxpert
340,High,9.341940879821777,jama
340,High,43.841400146484375,jama
340,High,20.456647872924805,jama
340,High,51.95476531982422,jama
340,High,23.516481399536133,jama
340,High,53.009212493896484,jama
340,High,221.93093872070312,jama
340,High,18.175416946411133,jama
340,High,11.568714141845703,jama
340,High,23.13047981262207,jama
340,High,29.222564697265625,jama
340,Low,48.378074645996094,jama
340,Low,8.099567413330078,jama
340,Low,24.45807647705078,jama
340,Low,625.728271484375,jama
340,Low,108.60790252685547,jama
340,Low,242.96688842773438,jama
340,Low,844.28662109375,jama
341,High,21.89642333984375,jama
341,High,16.551607131958008,jama
341,High,49.996856689453125,jama
341,High,159.56129455566406,jama
341,High,29.944297790527344,jama
341,High,18.83522605895996,jama
341,High,12.24103832244873,jama
341,High,15.08296012878418,jama
341,High,13.950362205505371,jama
341,High,28.49618148803711,jama
341,High,69.92475891113281,jama
341,Low,40.40841293334961,jama
341,Low,114.34931182861328,jama
341,Low,420.2740173339844,jama
341,Low,49.639854431152344,jama
342,High,23.42914390563965,medbullets
342,High,34.45893096923828,medbullets
342,High,189.02171325683594,medbullets
342,High,6.098765850067139,medbullets
342,High,71.71560668945312,medbullets
342,High,42.11513900756836,medbullets
342,Low,18.88887596130371,medbullets
342,Low,29.442195892333984,medbullets
342,Low,32.84370803833008,medbullets
343,High,16.996530532836914,medxpert
343,High,35.41428756713867,medxpert
343,High,231.33055114746094,medxpert
343,High,54.69599914550781,medxpert
343,High,60.89205551147461,medxpert
343,Low,23.98882293701172,medxpert
343,Low,36.79893112182617,medxpert
343,Low,6.113284587860107,medxpert
343,Low,49.55783462524414,medxpert
344,High,4.923030376434326,medbullets
344,High,28.841751098632812,medbullets
344,High,25.073253631591797,medbullets
344,High,18.27676010131836,medbullets
344,Low,36.10676193237305,medbullets
344,Low,51.968055725097656,medbullets
344,Low,30.052339553833008,medbullets
344,Low,6.977350234985352,medbullets
345,High,20.17831802368164,mmlu
345,High,16.3626651763916,mmlu
345,High,63.29206085205078,mmlu
345,High,38.320220947265625,mmlu
345,High,67.56389617919922,mmlu
345,High,239.02365112304688,mmlu
346,High,10.147954940795898,medbullets
346,High,24.489444732666016,medbullets
346,High,16.585430145263672,medbullets
346,High,9.998906135559082,medbullets
346,High,4.913021087646484,medbullets
346,High,104.48321533203125,medbullets
346,High,29.803180694580078,medbullets
346,Low,71.88716888427734,medbullets
346,Low,89.92129516601562,medbullets
346,Low,6.609772205352783,medbullets
346,Low,121.68763732910156,medbullets
347,High,15.146090507507324,medxpert
347,High,46.682037353515625,medxpert
347,Low,60.47399139404297,medxpert
347,Low,19.129701614379883,medxpert
347,Low,7.0828680992126465,medxpert
348,High,29.880035400390625,medxpert
348,High,35.32444381713867,medxpert
348,High,22.16840171813965,medxpert
348,High,16.81194496154785,medxpert
348,High,13.490798950195312,medxpert
348,Low,77.25875854492188,medxpert
349,High,21.926219940185547,mmlu
349,High,59.16343307495117,mmlu
349,High,53.77565383911133,mmlu
349,Low,219.05499267578125,mmlu
349,Low,33.00961685180664,mmlu
350,High,51.911861419677734,medbullets
350,High,75.84859466552734,medbullets
350,High,26.27139663696289,medbullets
350,High,15.957545280456543,medbullets
350,High,18.036457061767578,medbullets
350,High,49.69783401489258,medbullets
350,Low,17.242677688598633,medbullets
350,Low,50.17536926269531,medbullets
350,Low,164.63943481445312,medbullets
350,Low,151.286376953125,medbullets
350,Low,8.156609535217285,medbullets
351,High,37.56917953491211,mmlu
351,High,116.25709533691406,mmlu
351,High,21.928802490234375,mmlu
351,High,15.636102676391602,mmlu
351,High,63.74966812133789,mmlu
351,High,51.03415298461914,mmlu
352,High,10.871514320373535,jama
352,High,41.66561508178711,jama
352,High,63.07778549194336,jama
352,High,32.793357849121094,jama
352,High,40.198936462402344,jama
352,High,77.8565444946289,jama
352,Low,30.35137176513672,jama
352,Low,22.930463790893555,jama
352,Low,281.53179931640625,jama
352,Low,108.39443969726562,jama
352,Low,237.81321716308594,jama
352,Low,22.142051696777344,jama
352,Low,11.642354965209961,jama
353,High,26.718521118164062,medxpert
353,High,16.675905227661133,medxpert
353,High,69.76399993896484,medxpert
353,Low,14.478087425231934,medxpert
353,Low,43.555519104003906,medxpert
354,High,10.101953506469727,jama
354,High,88.70834350585938,jama
354,High,121.35896301269531,jama
354,High,72.98713684082031,jama
354,High,26.647109985351562,jama
354,High,63.018707275390625,jama
354,High,33.06477737426758,jama
354,High,19.265714645385742,jama
354,High,24.03236198425293,jama
354,High,15.401176452636719,jama
354,High,43.0186882019043,jama
354,High,18.44024658203125,jama
354,Low,27.897207260131836,jama
354,Low,28.33342742919922,jama
355,High,15.750238418579102,medbullets
355,High,13.95585823059082,medbullets
355,High,15.12456226348877,medbullets
355,Low,5.614647388458252,medbullets
355,Low,29.24632453918457,medbullets
356,High,28.072158813476562,medxpert
356,High,65.91424560546875,medxpert
356,High,24.99424934387207,medxpert
356,High,19.61170196533203,medxpert
356,Low,27.782939910888672,medxpert
356,Low,42.259765625,medxpert
357,High,21.77510643005371,medxpert
357,High,40.57261276245117,medxpert
357,High,21.103118896484375,medxpert
357,High,7.8724589347839355,medxpert
357,Low,45.575042724609375,medxpert
358,High,8.741981506347656,medxpert
358,Low,30.08646583557129,medxpert
358,Low,93.42263793945312,medxpert
358,Low,112.96977996826172,medxpert
358,Low,32.31090545654297,medxpert
358,Low,28.331199645996094,medxpert
358,Low,9.67127799987793,medxpert
358,Low,61.11922073364258,medxpert
358,Low,288.814697265625,medxpert
359,High,11.166722297668457,medxpert
359,High,27.537904739379883,medxpert
359,High,30.052045822143555,medxpert
359,High,22.28895378112793,medxpert
359,Low,36.14007568359375,medxpert
359,Low,12.140748977661133,medxpert
359,Low,109.12618255615234,medxpert
360,High,17.571929931640625,mmlu
360,High,46.07606887817383,mmlu
360,High,27.507307052612305,mmlu
360,Low,17.087339401245117,mmlu
360,Low,55.024871826171875,mmlu
361,High,31.15009307861328,medxpert
361,High,35.88899612426758,medxpert
361,High,15.049782752990723,medxpert
361,Low,58.89451599121094,medxpert
361,Low,63.052852630615234,medxpert
362,High,25.679290771484375,jama
362,High,42.57497024536133,jama
362,High,31.52497673034668,jama
362,High,25.718351364135742,jama
362,High,81.50126647949219,jama
362,Low,24.64255142211914,jama
362,Low,16.52225112915039,jama
362,Low,63.11885452270508,jama
362,Low,24.263877868652344,jama
362,Low,137.19271850585938,jama
362,Low,14.772331237792969,jama
362,Low,63.085845947265625,jama
362,Low,36.80043029785156,jama
362,Low,22.565689086914062,jama
362,Low,96.69994354248047,jama
362,Low,11.193184852600098,jama
362,Low,41.18124771118164,jama
363,High,9.051786422729492,medxpert
363,High,38.26856994628906,medxpert
363,High,13.114457130432129,medxpert
363,High,42.59511184692383,medxpert
363,High,19.071407318115234,medxpert
363,High,116.61276245117188,medxpert
363,Low,139.45285034179688,medxpert
363,Low,4.436379432678223,medxpert
363,Low,35.869022369384766,medxpert
363,Low,287.33380126953125,medxpert
364,High,22.35419464111328,medxpert
364,High,968.720947265625,medxpert
364,High,1.0,medxpert
364,High,11.095135688781738,medxpert
364,High,1.0,medxpert
364,High,1.0,medxpert
364,High,289.44598388671875,medxpert
364,High,71.97673034667969,medxpert
364,High,250.49464416503906,medxpert
364,High,278.9017028808594,medxpert
364,High,56.30149841308594,medxpert
364,High,1072.2763671875,medxpert
364,High,95.66691589355469,medxpert
364,High,791.8060302734375,medxpert
364,High,80.60100555419922,medxpert
364,High,35.18130111694336,medxpert
364,High,98.3266830444336,medxpert
364,Low,26.17072868347168,medxpert
365,High,10.686208724975586,medxpert
365,High,72.25626373291016,medxpert
365,High,304.8215637207031,medxpert
365,High,6.219181537628174,medxpert
365,High,20.052841186523438,medxpert
365,High,104.53997802734375,medxpert
365,High,16.03274917602539,medxpert
365,Low,37.444190979003906,medxpert
365,Low,10.827773094177246,medxpert
365,Low,13.104968070983887,medxpert
365,Low,13.83074951171875,medxpert
365,Low,7.471626281738281,medxpert
365,Low,24.45409393310547,medxpert
366,High,8.614385604858398,medbullets
366,High,37.92999267578125,medbullets
366,High,60.05263900756836,medbullets
366,High,30.40093994140625,medbullets
366,High,59.993621826171875,medbullets
366,Low,31.65458106994629,medbullets
366,Low,6.1174702644348145,medbullets
366,Low,102.96066284179688,medbullets
366,Low,30.98424530029297,medbullets
366,Low,224.7086181640625,medbullets
366,Low,37.14191436767578,medbullets
366,Low,164.97508239746094,medbullets
367,High,55.908687591552734,jama
367,High,30.367603302001953,jama
367,High,38.12007522583008,jama
367,High,155.87652587890625,jama
367,High,15.445781707763672,jama
367,High,76.00514221191406,jama
367,High,367.47991943359375,jama
367,High,128.71966552734375,jama
367,High,834.2745361328125,jama
367,Low,28.065649032592773,jama
367,Low,133.29678344726562,jama
367,Low,27.187376022338867,jama
367,Low,13.242751121520996,jama
368,High,53.723060607910156,medbullets
368,High,25.46006965637207,medbullets
368,High,22.9481143951416,medbullets
368,High,47.269432067871094,medbullets
368,High,35.41769027709961,medbullets
368,High,14.955339431762695,medbullets
368,Low,11.081294059753418,medbullets
368,Low,24.703060150146484,medbullets
368,Low,67.68359375,medbullets
368,Low,18.87431526184082,medbullets
368,Low,5.508382797241211,medbullets
369,High,12.04351806640625,jama
369,High,61.28652572631836,jama
369,High,104.17676544189453,jama
369,High,36.993160247802734,jama
369,High,82.2891845703125,jama
369,High,27.065773010253906,jama
369,High,30.823583602905273,jama
369,High,15.961529731750488,jama
369,High,39.82179260253906,jama
369,High,48.45760726928711,jama
369,High,873.85498046875,jama
369,Low,150.79469299316406,jama
369,Low,47.22213363647461,jama
369,Low,18.737131118774414,jama
369,Low,55.92329788208008,jama
369,Low,50.03321075439453,jama
369,Low,91.14031219482422,jama
369,Low,255.49342346191406,jama
369,Low,18.94225311279297,jama
369,Low,25.834989547729492,jama
370,High,10.628988265991211,mmlu
370,High,29.4196720123291,mmlu
370,High,10.964713096618652,mmlu
370,High,18.254690170288086,mmlu
370,High,57.4130973815918,mmlu
370,Low,34.8759880065918,mmlu
370,Low,411.9217834472656,mmlu
371,High,14.640737533569336,medbullets
371,High,23.249523162841797,medbullets
371,High,5.775254726409912,medbullets
371,High,408.2640686035156,medbullets
371,High,164.29531860351562,medbullets
371,High,1013.4280395507812,medbullets
371,High,32.097747802734375,medbullets
371,Low,17.724536895751953,medbullets
371,Low,109.08280181884766,medbullets
372,High,20.98261070251465,medxpert
372,High,14.587608337402344,medxpert
372,High,532.7886352539062,medxpert
372,High,135.1317138671875,medxpert
372,Low,20.767738342285156,medxpert
372,Low,723.4159545898438,medxpert
372,Low,17.435569763183594,medxpert
372,Low,33.39398956298828,medxpert
372,Low,64.94102478027344,medxpert
372,Low,362.1967468261719,medxpert
373,High,22.169965744018555,medbullets
373,High,11.535807609558105,medbullets
373,High,25.7049560546875,medbullets
373,High,27.117998123168945,medbullets
373,Low,34.50615310668945,medbullets
373,Low,21.54041862487793,medbullets
373,Low,7.696205139160156,medbullets
373,Low,29.200359344482422,medbullets
373,Low,46.20820236206055,medbullets
373,Low,37.3369026184082,medbullets
374,High,24.65828514099121,medbullets
374,High,89.75430297851562,medbullets
374,High,27.897357940673828,medbullets
374,High,5.451342582702637,medbullets
374,High,79.25021362304688,medbullets
374,High,13.480403900146484,medbullets
374,High,46.54758071899414,medbullets
374,High,16.542810440063477,medbullets
374,Low,42.49305725097656,medbullets
374,Low,34.171241760253906,medbullets
374,Low,54.59518051147461,medbullets
375,High,13.496914863586426,jama
375,High,28.72711753845215,jama
375,High,48.5771369934082,jama
375,High,37.169677734375,jama
375,High,26.606304168701172,jama
375,High,17.29453468322754,jama
375,High,25.334714889526367,jama
375,High,72.85507202148438,jama
375,High,254.07321166992188,jama
375,High,27.07482147216797,jama
375,High,27.94585418701172,jama
375,High,21.904916763305664,jama
375,Low,22.522974014282227,jama
376,High,9.205768585205078,mmlu
376,High,9.506921768188477,mmlu
376,High,43.25187301635742,mmlu
376,High,14.886474609375,mmlu
376,High,25.08481788635254,mmlu
376,Low,20.948814392089844,mmlu
377,High,11.40874195098877,medbullets
377,High,49.974082946777344,medbullets
377,High,62.060035705566406,medbullets
377,High,44.860164642333984,medbullets
377,High,112.42086791992188,medbullets
377,High,91.40644836425781,medbullets
377,High,45.52945327758789,medbullets
377,High,5.469074726104736,medbullets
377,High,59.776546478271484,medbullets
377,Low,19.08361053466797,medbullets
377,Low,5.3300395011901855,medbullets
378,High,11.78739070892334,medxpert
378,High,91.97575378417969,medxpert
378,High,24.78261375427246,medxpert
378,High,29.61485481262207,medxpert
378,High,20.004150390625,medxpert
378,High,28.539403915405273,medxpert
378,Low,17.546077728271484,medxpert
379,High,44.76974105834961,jama
379,High,33.34615707397461,jama
379,Low,9.03769588470459,jama
379,Low,39.129878997802734,jama
379,Low,37.85653305053711,jama
379,Low,29.321474075317383,jama
379,Low,14.332651138305664,jama
379,Low,14.843846321105957,jama
379,Low,34.42103958129883,jama
380,High,16.934499740600586,medxpert
380,High,7.836083889007568,medxpert
380,High,30.56922721862793,medxpert
380,High,38.83892822265625,medxpert
380,Low,19.636531829833984,medxpert
380,Low,29.31613540649414,medxpert
381,High,34.213600158691406,medbullets
381,High,17.721668243408203,medbullets
381,High,6.053794860839844,medbullets
381,High,37.198631286621094,medbullets
381,High,36.947113037109375,medbullets
381,High,107.7071762084961,medbullets
381,Low,27.789398193359375,medbullets
381,Low,35.77429962158203,medbullets
382,High,14.471636772155762,mmlu
382,High,14.592367172241211,mmlu
382,High,54.23786926269531,mmlu
382,Low,303.2183532714844,mmlu
382,Low,21.130769729614258,mmlu
382,Low,10.263620376586914,mmlu
382,Low,104.48968505859375,mmlu
383,High,44.601844787597656,jama
383,High,36.05036926269531,jama
383,High,177.7053985595703,jama
383,High,78.05857849121094,jama
383,High,15.312298774719238,jama
383,High,90.03138732910156,jama
383,High,27.74749755859375,jama
383,High,14.14415168762207,jama
383,High,80.05445861816406,jama
383,Low,51.35224151611328,jama
383,Low,41.14979934692383,jama
383,Low,20.99989128112793,jama
384,High,8.785310745239258,jama
384,High,7.903188228607178,jama
384,High,24.557157516479492,jama
384,Low,33.44596481323242,jama
384,Low,96.52714538574219,jama
384,Low,64.9543685913086,jama
384,Low,23.911428451538086,jama
384,Low,8.983111381530762,jama
384,Low,20.013866424560547,jama
384,Low,17.31113624572754,jama
384,Low,31.682268142700195,jama
384,Low,18.398466110229492,jama
384,Low,223.53005981445312,jama
385,High,20.263383865356445,jama
385,High,19.33439064025879,jama
385,High,38.75560760498047,jama
385,High,12.599418640136719,jama
385,High,42.852718353271484,jama
385,High,26.916593551635742,jama
385,High,30.587461471557617,jama
385,High,21.977357864379883,jama
385,High,20.378314971923828,jama
385,High,42.727134704589844,jama
385,Low,16.4805908203125,jama
385,Low,40.12568664550781,jama
385,Low,21.722211837768555,jama
385,Low,27.326353073120117,jama
385,Low,119.28988647460938,jama
386,High,14.963224411010742,medxpert
386,High,44.994789123535156,medxpert
386,High,17.975839614868164,medxpert
386,High,9.26302433013916,medxpert
386,High,30.685440063476562,medxpert
386,High,98.2868881225586,medxpert
386,High,21.55274772644043,medxpert
386,High,120.18863677978516,medxpert
386,High,1.0,medxpert
386,High,1.0,medxpert
386,High,58.59434509277344,medxpert
386,High,161.6525421142578,medxpert
386,High,40.363128662109375,medxpert
386,High,56.87296676635742,medxpert
386,High,16.382822036743164,medxpert
386,High,115.99888610839844,medxpert
386,High,4154.84814453125,medxpert
386,High,54.6328125,medxpert
386,High,240.89833068847656,medxpert
386,High,4581.06787109375,medxpert
386,High,37.03929138183594,medxpert
386,High,118.32528686523438,medxpert
386,High,40.363128662109375,medxpert
386,High,38.02096176147461,medxpert
386,High,29.458290100097656,medxpert
386,High,32.6657829284668,medxpert
386,High,1.0,medxpert
386,High,50814.52734375,medxpert
386,High,1.0,medxpert
386,High,339.7210998535156,medxpert
386,High,365.89404296875,medxpert
386,High,403.4288024902344,medxpert
386,High,1589.3712158203125,medxpert
386,High,598.3289794921875,medxpert
386,High,10323.5966796875,medxpert
386,High,1.0,medxpert
386,High,85.17105865478516,medxpert
386,Low,25.11121368408203,medxpert
386,Low,46.48641586303711,medxpert
387,High,10.932631492614746,medxpert
387,High,45.05001449584961,medxpert
387,Low,135.52386474609375,medxpert
387,Low,29.959095001220703,medxpert
387,Low,232.5115203857422,medxpert
387,Low,95.25115203857422,medxpert
387,Low,12.57221794128418,medxpert
388,High,14.528121948242188,jama
388,High,33.250492095947266,jama
388,High,18.901966094970703,jama
388,High,139.04940795898438,jama
388,High,275.61505126953125,jama
388,High,224.0436553955078,jama
388,High,21.793277740478516,jama
388,High,9.23963737487793,jama
388,High,32.7390022277832,jama
388,High,9.02142333984375,jama
388,Low,39.350379943847656,jama
388,Low,62.439056396484375,jama
388,Low,15.912214279174805,jama
388,Low,12.350410461425781,jama
388,Low,50.02534103393555,jama
389,High,8.169086456298828,medxpert
389,High,55.292335510253906,medxpert
389,High,35.65816879272461,medxpert
389,High,31.993555068969727,medxpert
389,High,24.93437957763672,medxpert
389,Low,12.876721382141113,medxpert
389,Low,28.584266662597656,medxpert
389,Low,6.720519542694092,medxpert
389,Low,8.370929718017578,medxpert
390,High,11.997353553771973,mmlu
390,High,79.1905288696289,mmlu
390,Low,159.14634704589844,mmlu
390,Low,17.277206420898438,mmlu
390,Low,120.85955047607422,mmlu
390,Low,10.28356647491455,mmlu
390,Low,17.345767974853516,mmlu
390,Low,17.148862838745117,mmlu
390,Low,34.141334533691406,mmlu
390,Low,246.79849243164062,mmlu
390,Low,44.90174865722656,mmlu
391,High,31.867233276367188,medbullets
391,High,54.099395751953125,medbullets
391,High,55.049407958984375,medbullets
391,Low,22.20100212097168,medbullets
391,Low,9.411048889160156,medbullets
391,Low,20.311235427856445,medbullets
391,Low,30.561635971069336,medbullets
391,Low,77.3657455444336,medbullets
391,Low,26.93976402282715,medbullets
391,Low,5.508382797241211,medbullets
391,Low,68.7320785522461,medbullets
391,Low,32.03264236450195,medbullets
392,High,23.97005844116211,medbullets
392,High,69.78665924072266,medbullets
392,High,13.403926849365234,medbullets
392,High,30.093982696533203,medbullets
392,Low,82.85260772705078,medbullets
392,Low,21.54475212097168,medbullets
392,Low,30.687732696533203,medbullets
392,Low,26.15593719482422,medbullets
392,Low,5.798824310302734,medbullets
392,Low,21.41145896911621,medbullets
393,High,48.706268310546875,medbullets
393,High,24.644607543945312,medbullets
393,Low,28.156024932861328,medbullets
393,Low,35.51156997680664,medbullets
393,Low,13.733466148376465,medbullets
393,Low,7.985429763793945,medbullets
393,Low,34.156044006347656,medbullets
393,Low,28.687843322753906,medbullets
394,High,9.839531898498535,jama
394,High,13.582829475402832,jama
394,High,34.164878845214844,jama
394,High,26.453197479248047,jama
394,High,35.299346923828125,jama
394,High,574.3798828125,jama
394,Low,6.7857818603515625,jama
394,Low,210.4014129638672,jama
394,Low,23.158946990966797,jama
394,Low,16.49961280822754,jama
395,High,8.295743942260742,jama
395,High,38.120731353759766,jama
395,High,43.727638244628906,jama
395,High,20.69582748413086,jama
395,High,35.63216781616211,jama
395,High,26.47584342956543,jama
395,High,10.472692489624023,jama
395,Low,23.248369216918945,jama
395,Low,71.1312255859375,jama
395,Low,8.797856330871582,jama
395,Low,12.263335227966309,jama
395,Low,130.46353149414062,jama
395,Low,487.94989013671875,jama
395,Low,159.62728881835938,jama
395,Low,21.97356605529785,jama
396,High,20.340267181396484,jama
396,High,49.83784484863281,jama
396,High,33.0790901184082,jama
396,High,57.41268539428711,jama
396,High,10.732832908630371,jama
396,High,25.302854537963867,jama
396,High,40.870662689208984,jama
396,High,25.684600830078125,jama
396,High,33.95749282836914,jama
396,Low,16.898086547851562,jama
397,High,18.793991088867188,medbullets
397,High,27.800579071044922,medbullets
397,High,14.981843948364258,medbullets
397,High,57.248172760009766,medbullets
397,High,116.51215362548828,medbullets
397,High,15.31417179107666,medbullets
397,High,44.13555908203125,medbullets
397,High,32.467918395996094,medbullets
397,High,23.69315528869629,medbullets
397,High,101.27777099609375,medbullets
397,Low,24.605701446533203,medbullets
397,Low,21.000186920166016,medbullets
397,Low,4.984253406524658,medbullets
398,High,16.093124389648438,medxpert
398,High,104.05711364746094,medxpert
398,High,28.386228561401367,medxpert
398,Low,16.25979232788086,medxpert
398,Low,4.487861156463623,medxpert
398,Low,40.15671920776367,medxpert
398,Low,23.287975311279297,medxpert
399,High,11.145339012145996,jama
399,High,32.678131103515625,jama
399,High,24.765785217285156,jama
399,Low,30.43083953857422,jama
399,Low,46.12128448486328,jama
399,Low,57.92807388305664,jama
399,Low,44.605247497558594,jama
399,Low,117.29261779785156,jama
399,Low,279.1741943359375,jama
399,Low,68.35063934326172,jama
399,Low,61.97773742675781,jama
399,Low,123.33959197998047,jama
400,High,11.350807189941406,medxpert
400,High,10.498839378356934,medxpert
400,High,6.800556659698486,medxpert
400,High,18.271615982055664,medxpert
400,Low,67.13160705566406,medxpert
401,High,17.97088623046875,mmlu
401,High,34.674774169921875,mmlu
401,High,63.29206085205078,mmlu
401,High,7.193416118621826,mmlu
401,High,202.78392028808594,mmlu
401,High,364.7879943847656,mmlu
401,High,23.32762908935547,mmlu
401,High,67.11778259277344,mmlu
401,Low,143.9373321533203,mmlu
401,Low,25.452289581298828,mmlu
401,Low,72.17864990234375,mmlu
401,Low,32.3419189453125,mmlu
401,Low,7.863470077514648,mmlu
401,Low,23.45766258239746,mmlu
401,Low,69.67670440673828,mmlu
401,Low,47.32742691040039,mmlu
402,High,14.530623435974121,mmlu
402,High,65.62962341308594,mmlu
402,High,100.9676742553711,mmlu
402,Low,37.582786560058594,mmlu
403,High,31.33404541015625,mmlu
403,High,35.248870849609375,mmlu
403,High,14.099101066589355,mmlu
403,High,69.62203216552734,mmlu
403,High,6.830572605133057,mmlu
403,High,72.07423400878906,mmlu
403,High,27.547670364379883,mmlu
403,Low,31.63636016845703,mmlu
403,Low,96.6787338256836,mmlu
403,Low,108.89996337890625,mmlu
403,Low,9.717583656311035,mmlu
404,High,8.073210716247559,medxpert
404,High,49.19373321533203,medxpert
404,Low,87.61672973632812,medxpert
404,Low,29.12763023376465,medxpert
405,High,12.085420608520508,mmlu
405,High,26.92236328125,mmlu
405,High,38.8326530456543,mmlu
405,High,23.94170570373535,mmlu
405,High,80.63191223144531,mmlu
405,High,66.03057098388672,mmlu
405,Low,9.8864164352417,mmlu
406,High,38.539127349853516,medxpert
406,High,9.626082420349121,medxpert
406,High,50.28742980957031,medxpert
406,High,94.55529022216797,medxpert
406,Low,31.736698150634766,medxpert
406,Low,109.17146301269531,medxpert
406,Low,159.14634704589844,medxpert
406,Low,91.39677429199219,medxpert
406,Low,91.95404052734375,medxpert
407,High,13.589433670043945,medxpert
407,High,16.153318405151367,medxpert
407,High,34.08110809326172,medxpert
407,High,28.486963272094727,medxpert
407,High,30.9029598236084,medxpert
407,High,178.1124267578125,medxpert
407,Low,14.880271911621094,medxpert
407,Low,25.91950225830078,medxpert
407,Low,5.128619194030762,medxpert
407,Low,49.78809356689453,medxpert
407,Low,310.4801940917969,medxpert
407,Low,50.6507682800293,medxpert
407,Low,20.03830337524414,medxpert
407,Low,55.28247833251953,medxpert
408,High,9.340702056884766,medbullets
408,High,27.729246139526367,medbullets
408,High,21.142683029174805,medbullets
408,High,38.02872848510742,medbullets
408,High,44.84842300415039,medbullets
408,High,5.159366607666016,medbullets
408,High,110.60529327392578,medbullets
408,Low,15.606836318969727,medbullets
408,Low,24.97461700439453,medbullets
408,Low,28.39236068725586,medbullets
409,High,16.35638999938965,medbullets
409,High,6.11272668838501,medbullets
409,High,41.53608322143555,medbullets
409,High,113.28719329833984,medbullets
409,High,63.29051971435547,medbullets
409,High,92.1658935546875,medbullets
409,High,130.0564422607422,medbullets
409,High,40.333030700683594,medbullets
409,Low,28.150575637817383,medbullets
409,Low,90.3437271118164,medbullets
410,High,26.68292808532715,medxpert
410,High,13.70245361328125,medxpert
410,High,13.428427696228027,medxpert
410,High,25.17179298400879,medxpert
410,High,78.46538543701172,medxpert
410,Low,42.91350173950195,medxpert
411,High,9.884540557861328,medxpert
411,High,109.74738311767578,medxpert
411,High,177.62728881835938,medxpert
411,High,6.665505886077881,medxpert
411,High,21.230316162109375,medxpert
412,High,23.208965301513672,jama
412,High,22.59616470336914,jama
412,High,35.57923126220703,jama
412,High,26.810588836669922,jama
412,High,31.63406753540039,jama
412,High,53.147552490234375,jama
412,Low,43.026512145996094,jama
412,Low,23.464956283569336,jama
412,Low,10.281693458557129,jama
412,Low,30.448503494262695,jama
412,Low,10.401032447814941,jama
412,Low,30.541444778442383,jama
412,Low,33.517921447753906,jama
412,Low,18.113208770751953,jama
412,Low,122.76380157470703,jama
413,High,5.766888618469238,jama
413,High,13.885102272033691,jama
413,High,25.705642700195312,jama
413,High,17.432456970214844,jama
413,High,43.484474182128906,jama
413,High,77.72427368164062,jama
413,High,42.662322998046875,jama
413,High,30.171924591064453,jama
413,Low,32.843162536621094,jama
413,Low,19.100128173828125,jama
413,Low,31.68508529663086,jama
413,Low,5.886388301849365,jama
413,Low,133.578857421875,jama
413,Low,337.8051452636719,jama
413,Low,18.596038818359375,jama
413,Low,185.46197509765625,jama
413,Low,17.881832122802734,jama
413,Low,8.100822448730469,jama
413,Low,22.04169273376465,jama
413,Low,16.97032928466797,jama
413,Low,12.668366432189941,jama
414,High,8.327492713928223,medxpert
414,High,40.02091979980469,medxpert
414,High,7.728177070617676,medxpert
414,High,41.92388916015625,medxpert
414,High,78.04432678222656,medxpert
414,High,58.62891387939453,medxpert
414,Low,86.74259185791016,medxpert
414,Low,30.92344856262207,medxpert
415,High,15.78183650970459,medxpert
415,High,19.95182228088379,medxpert
415,Low,228.22647094726562,medxpert
415,Low,48.68328094482422,medxpert
415,Low,6.133594512939453,medxpert
416,High,27.9234561920166,mmlu
416,High,65.1189193725586,mmlu
416,High,29.37614631652832,mmlu
416,High,133.676025390625,mmlu
416,High,44.12646484375,mmlu
416,High,27.62656593322754,mmlu
416,High,104.348876953125,mmlu
416,Low,19.705806732177734,mmlu
417,High,9.029772758483887,medxpert
417,High,133.4549560546875,medxpert
417,High,34.95637893676758,medxpert
417,High,95.21382904052734,medxpert
417,Low,148.8589630126953,medxpert
417,Low,40.15605926513672,medxpert
418,High,9.809664726257324,medbullets
418,High,22.609670639038086,medbullets
418,High,61.03682327270508,medbullets
418,High,30.052339553833008,medbullets
418,Low,53.75168228149414,medbullets
418,Low,38.232147216796875,medbullets
418,Low,5.297627925872803,medbullets
418,Low,73.45790100097656,medbullets
419,High,7.888848781585693,mmlu
419,Low,7.875858783721924,mmlu
419,Low,9.8864164352417,mmlu
419,Low,29.241365432739258,mmlu
419,Low,8.195091247558594,mmlu
420,High,35.61194610595703,mmlu
420,High,132.37106323242188,mmlu
420,High,9.571307182312012,mmlu
420,High,20.146085739135742,mmlu
420,Low,25.19024658203125,mmlu
420,Low,72.68636322021484,mmlu
420,Low,53.64826202392578,mmlu
420,Low,20.0717830657959,mmlu
421,High,24.725343704223633,medxpert
421,High,32.403663635253906,medxpert
421,High,46.648826599121094,medxpert
421,High,50.09257888793945,medxpert
421,High,119.44226837158203,medxpert
421,High,92.97032928466797,medxpert
421,Low,40.9924430847168,medxpert
421,Low,42.67890548706055,medxpert
421,Low,12.857958793640137,medxpert
422,High,14.048839569091797,jama
422,High,17.811655044555664,jama
422,High,8.31369686126709,jama
422,High,7.575416564941406,jama
422,Low,7.753688335418701,jama
422,Low,19.11318588256836,jama
422,Low,15.504855155944824,jama
422,Low,97.86785888671875,jama
423,High,22.9562931060791,mmlu
423,High,40.59088134765625,mmlu
423,Low,22.84843635559082,mmlu
423,Low,130.86509704589844,mmlu
423,Low,6.815922737121582,mmlu
423,Low,37.96067428588867,mmlu
423,Low,21.302837371826172,mmlu
423,Low,8.713589668273926,mmlu
424,High,11.358200073242188,medxpert
424,High,29.320999145507812,medxpert
424,High,14.25495433807373,medxpert
424,High,874.3121337890625,medxpert
424,High,442.99322509765625,medxpert
424,High,1.0,medxpert
424,High,1.0,medxpert
424,High,155.38385009765625,medxpert
424,High,1552.5533447265625,medxpert
424,High,1.0,medxpert
424,High,105.24069213867188,medxpert
424,High,41.007301330566406,medxpert
424,High,104.11622619628906,medxpert
424,High,54.228816986083984,medxpert
424,High,686.2554931640625,medxpert
424,High,17.96858024597168,medxpert
424,High,1031.7017822265625,medxpert
424,High,18118.4765625,medxpert
424,High,17.06688117980957,medxpert
424,High,46.42744064331055,medxpert
424,High,17.278104782104492,medxpert
424,High,116.2635269165039,medxpert
424,High,16.89653968811035,medxpert
424,High,111.01167297363281,medxpert
424,High,35.56819534301758,medxpert
424,High,118.32528686523438,medxpert
424,High,39.019535064697266,medxpert
424,High,706.6580810546875,medxpert
424,High,1.0,medxpert
424,High,1.0,medxpert
424,High,13.658742904663086,medxpert
424,High,8.605003356933594,medxpert
424,High,363.046630859375,medxpert
424,High,8.605003356933594,medxpert
424,High,80.33702087402344,medxpert
424,High,2.979623317718506,medxpert
424,High,35.182430267333984,medxpert
424,High,2.979623317718506,medxpert
424,High,505.0257263183594,medxpert
424,High,2.979623317718506,medxpert
424,High,10323.5966796875,medxpert
424,High,2.979623317718506,medxpert
424,High,7.645693302154541,medxpert
424,Low,81.36955261230469,medxpert
424,Low,39.59568786621094,medxpert
424,Low,226.2171630859375,medxpert
425,High,18.158390045166016,medxpert
425,High,11.272294044494629,medxpert
425,High,72.18463897705078,medxpert
425,High,20.626911163330078,medxpert
425,Low,69.95668029785156,medxpert
425,Low,18.074613571166992,medxpert
425,Low,21.829275131225586,medxpert
426,High,21.328195571899414,jama
426,High,110.13121795654297,jama
426,High,36.9669075012207,jama
426,High,12.491122245788574,jama
426,High,18.81067657470703,jama
426,High,27.44747543334961,jama
426,High,13.849348068237305,jama
426,High,16.081758499145508,jama
426,High,86.87467193603516,jama
426,Low,19.045961380004883,jama
426,Low,43.492008209228516,jama
426,Low,14.421539306640625,jama
426,Low,14.477538108825684,jama
426,Low,35.71266174316406,jama
426,Low,3.9695088863372803,jama
426,Low,30.714557647705078,jama
426,Low,28.85605812072754,jama
427,High,14.496282577514648,medbullets
427,High,7.608992576599121,medbullets
427,High,17.330026626586914,medbullets
427,Low,38.861083984375,medbullets
427,Low,20.644657135009766,medbullets
427,Low,5.462107181549072,medbullets
428,High,8.324016571044922,jama
428,High,22.299976348876953,jama
428,High,30.709125518798828,jama
428,Low,54.459693908691406,jama
428,Low,51.07924270629883,jama
428,Low,147.6227264404297,jama
429,High,27.691421508789062,medxpert
429,High,18.276185989379883,medxpert
429,High,11.515935897827148,medxpert
429,High,20.37727928161621,medxpert
429,Low,272.997802734375,medxpert
429,Low,22.42555809020996,medxpert
429,Low,40.15605926513672,medxpert
429,Low,21.512184143066406,medxpert
430,High,32.35906982421875,jama
430,High,30.858989715576172,jama
430,High,322.9017333984375,jama
430,High,26.49161148071289,jama
430,High,59.30279541015625,jama
430,High,50.23427200317383,jama
430,High,69.49838256835938,jama
430,Low,58.326568603515625,jama
430,Low,85.620849609375,jama
430,Low,32.25048828125,jama
430,Low,183.9124755859375,jama
431,High,10.21626091003418,jama
431,High,21.439027786254883,jama
431,High,94.23397064208984,jama
431,High,14.860055923461914,jama
431,High,46.71726608276367,jama
431,High,7.157214641571045,jama
431,High,177.13426208496094,jama
431,Low,10.100181579589844,jama
431,Low,58.700504302978516,jama
431,Low,37.52701187133789,jama
431,Low,69.48390197753906,jama
431,Low,19.774456024169922,jama
431,Low,24.717727661132812,jama
431,Low,92.01693725585938,jama
431,Low,162.18907165527344,jama
432,High,17.30780792236328,medbullets
432,High,41.43648910522461,medbullets
432,High,29.110349655151367,medbullets
432,High,159.14149475097656,medbullets
432,High,127.95716857910156,medbullets
432,High,21.025968551635742,medbullets
432,Low,21.45027732849121,medbullets
432,Low,270.5409240722656,medbullets
432,Low,5.854048728942871,medbullets
432,Low,51.18388748168945,medbullets
432,Low,87.45018768310547,medbullets
433,High,12.894582748413086,medxpert
433,High,11.640450477600098,medxpert
433,High,23.994537353515625,medxpert
433,High,27.91202735900879,medxpert
434,High,8.316267013549805,medxpert
434,High,19.57588005065918,medxpert
434,High,28.69304084777832,medxpert
434,High,31.0297908782959,medxpert
434,High,254.8834228515625,medxpert
434,High,12.920827865600586,medxpert
434,Low,11.6579008102417,medxpert
434,Low,28.029964447021484,medxpert
435,High,11.559700965881348,jama
435,High,39.32001495361328,jama
435,High,78.35408020019531,jama
435,High,24.293907165527344,jama
435,High,32.22921371459961,jama
435,High,76.17251586914062,jama
435,High,23.13641357421875,jama
435,High,50.553829193115234,jama
435,High,339.3273620605469,jama
435,High,20.118349075317383,jama
435,High,78.67361450195312,jama
435,High,119.94033813476562,jama
435,Low,63.533206939697266,jama
435,Low,71.62551879882812,jama
435,Low,91.74687957763672,jama
435,Low,30.365705490112305,jama
436,High,19.367462158203125,mmlu
436,High,63.970558166503906,mmlu
436,High,20.63892364501953,mmlu
436,High,39.722686767578125,mmlu
436,Low,159.14634704589844,mmlu
436,Low,21.00843620300293,mmlu
436,Low,30.535057067871094,mmlu
436,Low,51.98280334472656,mmlu
436,Low,7.470582485198975,mmlu
436,Low,105.42070007324219,mmlu
437,High,16.014842987060547,jama
437,High,112.08007049560547,jama
437,High,84.26717376708984,jama
437,High,61.69944381713867,jama
437,High,26.016071319580078,jama
437,High,25.0136775970459,jama
437,High,33.757179260253906,jama
437,High,16.56473731994629,jama
437,High,114.95390319824219,jama
437,Low,72.27432250976562,jama
437,Low,107.37626647949219,jama
437,Low,18.65657615661621,jama
437,Low,120.61975860595703,jama
437,Low,8.736533164978027,jama
438,High,49.40642166137695,jama
438,High,82.52161407470703,jama
438,High,23.422536849975586,jama
438,High,319.494873046875,jama
438,High,28.02267074584961,jama
438,High,52.282264709472656,jama
438,High,320.27587890625,jama
438,High,22.398056030273438,jama
438,High,96.49359130859375,jama
438,High,37.42519760131836,jama
438,High,83.51689147949219,jama
438,High,60.12550735473633,jama
438,Low,50.34377670288086,jama
438,Low,49.13496398925781,jama
438,Low,129.7755584716797,jama
438,Low,279.4697570800781,jama
438,Low,10.56053638458252,jama
438,Low,21.581022262573242,jama
438,Low,6.4894022941589355,jama
438,Low,43.549278259277344,jama
438,Low,21.48341178894043,jama
439,High,12.494216918945312,jama
439,High,32.83988952636719,jama
439,High,41.971824645996094,jama
439,High,112.8516616821289,jama
439,Low,46.13336944580078,jama
439,Low,19.75031852722168,jama
439,Low,62.864261627197266,jama
439,Low,128.5271453857422,jama
439,Low,17.030048370361328,jama
439,Low,33.929931640625,jama
440,High,8.963130950927734,medxpert
440,High,24.70440673828125,medxpert
440,High,14.668111801147461,medxpert
440,High,7.020418643951416,medxpert
440,High,19.090641021728516,medxpert
440,High,12.958977699279785,medxpert
440,High,77.20256042480469,medxpert
440,High,18.839244842529297,medxpert
440,Low,12.648459434509277,medxpert
440,Low,5.763326644897461,medxpert
441,High,30.28474235534668,mmlu
441,High,34.630943298339844,mmlu
441,High,5.533565521240234,mmlu
441,Low,54.92486572265625,mmlu
441,Low,50.488868713378906,mmlu
441,Low,44.67063903808594,mmlu
441,Low,12.001848220825195,mmlu
441,Low,20.156972885131836,mmlu
442,High,17.95574951171875,jama
442,High,49.63600540161133,jama
442,High,22.568605422973633,jama
442,High,24.38589096069336,jama
442,High,38.61076354980469,jama
442,High,29.27237892150879,jama
442,High,19.842113494873047,jama
442,High,62.59657669067383,jama
442,High,54.72265625,jama
442,High,50.989383697509766,jama
442,Low,52.377933502197266,jama
442,Low,92.03897094726562,jama
442,Low,11.93842601776123,jama
442,Low,7.931290626525879,jama
442,Low,8978.0595703125,jama
443,High,20.40694236755371,jama
443,High,40.66728591918945,jama
443,High,27.340410232543945,jama
443,High,29.846878051757812,jama
443,High,84.1135025024414,jama
443,High,386.18865966796875,jama
443,High,28.25743865966797,jama
443,Low,111.77111053466797,jama
443,Low,47.13298034667969,jama
443,Low,82.22097778320312,jama
443,Low,72.9076919555664,jama
443,Low,31.820171356201172,jama
443,Low,17.55433464050293,jama
443,Low,33.32819366455078,jama
444,High,102.84558868408203,jama
444,High,11.493389129638672,jama
444,High,176.05096435546875,jama
444,High,21.555490493774414,jama
444,Low,54.296043395996094,jama
444,Low,1299.42578125,jama
444,Low,77.82491302490234,jama
444,Low,22.374130249023438,jama
444,Low,35.50225830078125,jama
445,High,13.578221321105957,jama
445,High,37.67734146118164,jama
445,High,16.58490753173828,jama
445,High,47.98725509643555,jama
445,High,13.73788070678711,jama
445,High,9.958234786987305,jama
445,High,177.69235229492188,jama
445,Low,45.7283935546875,jama
445,Low,57.88505554199219,jama
446,High,183.95616149902344,jama
446,High,186.86790466308594,jama
446,High,38.31378173828125,jama
446,High,25.220703125,jama
446,High,45.85298156738281,jama
446,Low,14.437274932861328,jama
446,Low,41.09541702270508,jama
446,Low,11.045489311218262,jama
446,Low,98.81427764892578,jama
447,High,12.23307991027832,jama
447,High,30.078439712524414,jama
447,High,25.657779693603516,jama
447,High,6.5470051765441895,jama
447,High,135.12269592285156,jama
447,Low,32.21598434448242,jama
447,Low,14.009928703308105,jama
447,Low,33.39579391479492,jama
447,Low,21.492237091064453,jama
447,Low,56.65907287597656,jama
448,High,18.612098693847656,jama
448,High,16.124217987060547,jama
448,High,31.89566421508789,jama
448,High,127.96473693847656,jama
448,High,52.2445068359375,jama
448,High,54.52155685424805,jama
448,Low,43.170597076416016,jama
448,Low,31.69390869140625,jama
448,Low,25.696176528930664,jama
449,High,23.204113006591797,medbullets
449,High,78.52130126953125,medbullets
449,High,71.19202423095703,medbullets
449,High,66.32745361328125,medbullets
449,High,16.128446578979492,medbullets
449,Low,22.526636123657227,medbullets
449,Low,18.761905670166016,medbullets
449,Low,22.376968383789062,medbullets
449,Low,29.804033279418945,medbullets
449,Low,5.487256050109863,medbullets
449,Low,44.55558776855469,medbullets
450,High,26.12484359741211,mmlu
450,High,25.856204986572266,mmlu
450,High,50.22904586791992,mmlu
450,High,18.49818229675293,mmlu
450,High,74.6928939819336,mmlu
450,High,20.21824836730957,mmlu
450,Low,19.030933380126953,mmlu
450,Low,131.15521240234375,mmlu
450,Low,55.286720275878906,mmlu
451,High,19.466102600097656,medxpert
451,High,101.6638412475586,medxpert
451,High,43.6085319519043,medxpert
451,High,266.8853454589844,medxpert
451,Low,23.813304901123047,medxpert
451,Low,24.221965789794922,medxpert
451,Low,83.38445281982422,medxpert
451,Low,63.31949996948242,medxpert
451,Low,40.59912872314453,medxpert
451,Low,11.36440372467041,medxpert
451,Low,17.6125545501709,medxpert
452,High,22.6292724609375,medxpert
452,High,133.1033935546875,medxpert
452,High,5.711789131164551,medxpert
452,High,19.84075927734375,medxpert
452,High,17.405853271484375,medxpert
452,High,130.8463134765625,medxpert
452,High,66.96041107177734,medxpert
452,High,1.0,medxpert
452,High,1.0,medxpert
452,High,58.59434509277344,medxpert
452,High,63.7071533203125,medxpert
452,High,240.89833068847656,medxpert
452,High,4581.06787109375,medxpert
452,High,35.56819534301758,medxpert
452,High,118.32528686523438,medxpert
452,High,29.458290100097656,medxpert
452,High,8.000722885131836,medxpert
452,High,167.0284423828125,medxpert
452,High,30.61814308166504,medxpert
452,High,1.0,medxpert
452,High,45.42582702636719,medxpert
452,High,1.0,medxpert
452,High,38.70957946777344,medxpert
452,High,127.49472045898438,medxpert
452,Low,30.450180053710938,medxpert
452,Low,35.10714340209961,medxpert
452,Low,10.504016876220703,medxpert
452,Low,115.96116638183594,medxpert
452,Low,32.975528717041016,medxpert
453,High,19.808439254760742,medxpert
453,High,13.779070854187012,medxpert
453,High,18.11734390258789,medxpert
453,High,6.485565185546875,medxpert
453,High,3.877592086791992,medxpert
453,High,66.93994903564453,medxpert
453,High,33.51136016845703,medxpert
453,Low,68.89085388183594,medxpert
454,High,37.585636138916016,jama
454,High,268.15740966796875,jama
454,High,24.755308151245117,jama
454,High,28.055078506469727,jama
454,High,21.519197463989258,jama
454,High,40.50359344482422,jama
454,High,12.743809700012207,jama
454,High,27.025615692138672,jama
454,High,17.21407127380371,jama
454,High,83.95125579833984,jama
454,High,40.29628372192383,jama
454,High,57.171627044677734,jama
454,High,50.400882720947266,jama
454,Low,157.74725341796875,jama
454,Low,669.4860229492188,jama
455,High,38.779815673828125,jama
455,High,74.31114959716797,jama
455,High,20.670616149902344,jama
455,High,42.014034271240234,jama
455,High,47.54517364501953,jama
455,Low,12.74932861328125,jama
455,Low,35.2748908996582,jama
455,Low,23.013906478881836,jama
455,Low,14.90542221069336,jama
455,Low,36.82106399536133,jama
456,High,24.735750198364258,jama
456,High,64.57382202148438,jama
456,High,157.24288940429688,jama
456,High,104.4067153930664,jama
456,High,29.28476333618164,jama
456,High,30.790605545043945,jama
456,High,21.290685653686523,jama
456,Low,31.92058563232422,jama
456,Low,184.46067810058594,jama
456,Low,14.515218734741211,jama
457,High,37.873008728027344,jama
457,High,39.18301773071289,jama
457,High,28.962526321411133,jama
457,High,14.7307767868042,jama
457,High,26.82662010192871,jama
457,High,20.95001220703125,jama
457,High,40.001155853271484,jama
457,Low,22.110490798950195,jama
458,High,32.4756965637207,mmlu
458,High,18.456327438354492,mmlu
458,High,31.675106048583984,mmlu
458,Low,23.571109771728516,mmlu
459,High,23.2669620513916,jama
459,High,9.536083221435547,jama
459,High,53.772884368896484,jama
459,High,35.65848922729492,jama
459,High,39.85380172729492,jama
459,High,97.700927734375,jama
459,High,19.844966888427734,jama
459,High,30.715333938598633,jama
459,Low,829.8621826171875,jama
459,Low,65.6377944946289,jama
459,Low,24.45549774169922,jama
459,Low,17.961877822875977,jama
459,Low,16.60389518737793,jama
460,High,14.884547233581543,jama
460,High,56.036773681640625,jama
460,High,20.359508514404297,jama
460,Low,90.42828369140625,jama
460,Low,106.15470886230469,jama
460,Low,30.624916076660156,jama
460,Low,23.398347854614258,jama
461,High,25.441287994384766,jama
461,High,94.89395904541016,jama
461,High,26.4298095703125,jama
461,High,38.42198944091797,jama
461,High,15.547018051147461,jama
461,Low,65.65153503417969,jama
461,Low,62.43119812011719,jama
461,Low,13.128451347351074,jama
461,Low,66.23238372802734,jama
461,Low,70.48986053466797,jama
461,Low,66.23238372802734,jama
461,Low,135.7751007080078,jama
462,High,17.228052139282227,medbullets
462,High,19.04081153869629,medbullets
462,High,36.60813522338867,medbullets
462,High,10.277796745300293,medbullets
462,High,75.73992156982422,medbullets
462,High,25.56723403930664,medbullets
462,Low,13.28980541229248,medbullets
462,Low,6.621750831604004,medbullets
462,Low,5.462960720062256,medbullets
463,High,17.913721084594727,medxpert
463,High,48.951271057128906,medxpert
463,Low,9.229126930236816,medxpert
464,High,22.50368309020996,medxpert
464,High,27.95461654663086,medxpert
464,High,21.776206970214844,medxpert
464,Low,104.23490142822266,medxpert
465,High,29.785749435424805,mmlu
465,High,36.63612747192383,mmlu
465,High,126.38292694091797,mmlu
465,High,73.38878631591797,mmlu
465,High,488.58575439453125,mmlu
465,High,23.28961181640625,mmlu
465,Low,46.047691345214844,mmlu
466,High,24.30107879638672,medxpert
466,High,18.750844955444336,medxpert
466,High,25.86786460876465,medxpert
466,Low,35.34083938598633,medxpert
467,High,13.182882308959961,mmlu
467,High,28.24169921875,mmlu
467,Low,33.72379684448242,mmlu
468,High,19.43291664123535,mmlu
468,High,17.60783576965332,mmlu
468,High,29.38429832458496,mmlu
468,Low,19.590513229370117,mmlu
469,High,31.63103485107422,medxpert
469,High,29.568191528320312,medxpert
469,High,107.46175384521484,medxpert
469,High,47.014869689941406,medxpert
469,High,7.733845233917236,medxpert
469,High,42.49406433105469,medxpert
469,Low,145.9696044921875,medxpert
470,High,14.666279792785645,medxpert
470,High,74.64222717285156,medxpert
470,Low,35.6807975769043,medxpert
470,Low,19.87221336364746,medxpert
471,High,27.433744430541992,medxpert
471,High,23.60126304626465,medxpert
471,High,15.734676361083984,medxpert
471,Low,22.082700729370117,medxpert
471,Low,54.54907989501953,medxpert
471,Low,7.570443630218506,medxpert
472,High,13.902811050415039,jama
472,High,37.71205520629883,jama
472,High,30.404714584350586,jama
472,High,15.085668563842773,jama
472,High,11.747612953186035,jama
472,High,23.827163696289062,jama
472,High,27.536802291870117,jama
472,High,28.933643341064453,jama
472,High,27.543874740600586,jama
472,High,23.432222366333008,jama
472,High,23.459753036499023,jama
472,High,26.44761085510254,jama
472,Low,23.093664169311523,jama
473,High,8.01904296875,jama
473,High,17.5210018157959,jama
473,High,28.08214569091797,jama
473,High,24.179290771484375,jama
473,High,14.348244667053223,jama
473,High,27.502933502197266,jama
473,High,38.10187911987305,jama
473,High,31.683679580688477,jama
473,Low,13.681111335754395,jama
473,Low,14.036849021911621,jama
473,Low,20.205778121948242,jama
473,Low,91.62092590332031,jama
474,High,19.041826248168945,jama
474,High,39.91038131713867,jama
474,High,37.429054260253906,jama
474,High,62.52403259277344,jama
474,High,154.88673400878906,jama
474,High,31.68003273010254,jama
474,High,56.53455352783203,jama
474,Low,31.497568130493164,jama
474,Low,21.511293411254883,jama
474,Low,40.644954681396484,jama
474,Low,404.661865234375,jama
474,Low,14.490302085876465,jama
475,High,20.720510482788086,medxpert
475,High,15.015451431274414,medxpert
475,High,172.85614013671875,medxpert
475,High,10.769780158996582,medxpert
475,High,34.68891143798828,medxpert
475,High,33.24506378173828,medxpert
475,High,46.94049835205078,medxpert
475,High,1.0,medxpert
475,High,1.0,medxpert
475,High,17.034414291381836,medxpert
475,High,168.1741485595703,medxpert
475,High,58.59434509277344,medxpert
475,High,188.46875,medxpert
475,High,125.37369537353516,medxpert
475,High,19.81279945373535,medxpert
475,High,363.4013366699219,medxpert
475,High,27.72308921813965,medxpert
475,High,365.89404296875,medxpert
475,High,32.708343505859375,medxpert
475,High,13.658742904663086,medxpert
475,High,36.67934036254883,medxpert
475,Low,21.05820083618164,medxpert
475,Low,33.44100570678711,medxpert
475,Low,62.985450744628906,medxpert
476,High,24.514219284057617,jama
476,High,61.64430236816406,jama
476,High,23.54159164428711,jama
476,High,44.910762786865234,jama
476,High,63.65522766113281,jama
476,High,111.7125473022461,jama
476,High,97.06476593017578,jama
476,High,127.87769317626953,jama
476,High,171.20086669921875,jama
476,High,33.34829330444336,jama
476,Low,28.31548500061035,jama
476,Low,57.529212951660156,jama
476,Low,81.80098724365234,jama
476,Low,27.047130584716797,jama
476,Low,56.37887191772461,jama
476,Low,12.35759162902832,jama
476,Low,32.83934783935547,jama
477,High,25.550737380981445,jama
477,High,170.26609802246094,jama
477,High,28.784465789794922,jama
477,High,21.395221710205078,jama
477,High,10.067361831665039,jama
477,High,14.205153465270996,jama
477,High,27.59998893737793,jama
477,High,126.02497863769531,jama
477,High,180.47433471679688,jama
477,High,34.111019134521484,jama
477,Low,46.18598556518555,jama
477,Low,19.699954986572266,jama
477,Low,28.925546646118164,jama
477,Low,48.2194709777832,jama
477,Low,22.714208602905273,jama
478,High,13.243989944458008,jama
478,High,65.44998931884766,jama
478,High,32.62495803833008,jama
478,High,26.732290267944336,jama
478,High,20.429506301879883,jama
478,High,53.0040283203125,jama
478,Low,41.76437759399414,jama
478,Low,12.200812339782715,jama
478,Low,30.327808380126953,jama
478,Low,20.818458557128906,jama
479,High,21.86387062072754,medbullets
479,High,51.743526458740234,medbullets
479,High,51.949562072753906,medbullets
479,High,35.08004379272461,medbullets
479,High,21.488418579101562,medbullets
479,High,31.1004695892334,medbullets
479,High,49.77897644042969,medbullets
479,High,61.865478515625,medbullets
479,Low,4.8600897789001465,medbullets
480,High,15.655951499938965,mmlu
480,High,43.255680084228516,mmlu
480,High,23.316823959350586,mmlu
480,Low,15.068686485290527,mmlu
480,Low,7.085740089416504,mmlu
480,Low,43.76983642578125,mmlu
480,Low,69.85128021240234,mmlu
480,Low,49.74050521850586,mmlu
480,Low,156.2545623779297,mmlu
480,Low,75.20294952392578,mmlu
481,High,15.551640510559082,jama
481,High,33.19133377075195,jama
481,High,37.510921478271484,jama
481,High,63.18251037597656,jama
481,High,37.64393615722656,jama
481,High,7.6456403732299805,jama
481,High,15.446820259094238,jama
481,High,38.770606994628906,jama
481,High,48.89339065551758,jama
481,Low,11.876115798950195,jama
481,Low,36.05876541137695,jama
481,Low,10.304049491882324,jama
481,Low,1224.6632080078125,jama
481,Low,28.37245750427246,jama
482,High,7.68378210067749,medxpert
482,High,8.546233177185059,medxpert
482,High,12.236259460449219,medxpert
482,High,5.480973243713379,medxpert
482,High,252.51625061035156,medxpert
482,High,17.83780288696289,medxpert
483,High,24.970365524291992,jama
483,High,23.944639205932617,jama
483,High,18.384201049804688,jama
483,High,8.956398963928223,jama
483,High,42.763038635253906,jama
483,High,32.40224838256836,jama
483,High,38.43478775024414,jama
483,High,47.79606628417969,jama
483,Low,35.75557327270508,jama
483,Low,21.044553756713867,jama
483,Low,27.22958755493164,jama
483,Low,41.89896011352539,jama
483,Low,115.52659606933594,jama
484,High,19.395992279052734,mmlu
484,High,34.353797912597656,mmlu
484,High,10.511195182800293,mmlu
484,High,11.000113487243652,mmlu
484,High,287.085205078125,mmlu
484,High,28.87103843688965,mmlu
484,Low,19.13710594177246,mmlu
484,Low,67.11909484863281,mmlu
484,Low,59.367103576660156,mmlu
484,Low,23.948442459106445,mmlu
484,Low,28.700172424316406,mmlu
485,High,31.58135986328125,jama
485,High,278.2944641113281,jama
485,High,30.19541358947754,jama
485,High,73.3486557006836,jama
485,High,38.44706726074219,jama
485,High,41.13107681274414,jama
485,High,37.466339111328125,jama
485,Low,48.02488708496094,jama
485,Low,301.6198425292969,jama
485,Low,113.48513793945312,jama
486,High,27.70280647277832,medbullets
486,High,19.920412063598633,medbullets
486,High,23.975984573364258,medbullets
486,High,115.6108627319336,medbullets
486,High,18.953773498535156,medbullets
486,High,90.58204650878906,medbullets
486,Low,5.5149827003479,medbullets
486,Low,46.273189544677734,medbullets
486,Low,52.01205825805664,medbullets
487,High,10.548018455505371,jama
487,High,40.72998046875,jama
487,High,49.09796905517578,jama
487,High,22.3019962310791,jama
487,High,35.9636116027832,jama
487,High,43.33568572998047,jama
487,High,36.78477478027344,jama
487,High,112.75984954833984,jama
487,High,345.9144287109375,jama
487,High,31.328271865844727,jama
487,High,1518.9971923828125,jama
487,High,61.02902603149414,jama
487,High,61.21859359741211,jama
487,Low,58.741634368896484,jama
487,Low,41.68447494506836,jama
488,High,11.156936645507812,jama
488,High,16.583208084106445,jama
488,High,100.56857299804688,jama
488,High,22.812179565429688,jama
488,High,17.47442054748535,jama
488,High,7.436385154724121,jama
488,High,15.633302688598633,jama
488,High,26.20716094970703,jama
488,Low,26.042966842651367,jama
488,Low,9.54114818572998,jama
488,Low,254.65066528320312,jama
488,Low,326.6128234863281,jama
489,High,15.028512954711914,jama
489,High,33.421539306640625,jama
489,High,9.82571029663086,jama
489,High,8.103741645812988,jama
489,High,51.779449462890625,jama
489,High,92.34449005126953,jama
489,High,51.058895111083984,jama
489,Low,18.37348747253418,jama
489,Low,44.11448669433594,jama
489,Low,41.37667465209961,jama
489,Low,28.421619415283203,jama
489,Low,71.86746978759766,jama
489,Low,14.680161476135254,jama
489,Low,33.17432403564453,jama
490,High,21.876296997070312,medxpert
490,High,124.24626922607422,medxpert
490,High,64.02680206298828,medxpert
490,High,12.39365005493164,medxpert
490,High,29.671459197998047,medxpert
490,Low,442.9068603515625,medxpert
490,Low,107.44054412841797,medxpert
490,Low,26.00300407409668,medxpert
490,Low,567.3723754882812,medxpert
490,Low,47.03765106201172,medxpert
490,Low,31.071514129638672,medxpert
490,Low,5.241466999053955,medxpert
491,High,21.477737426757812,medxpert
491,High,33.18480682373047,medxpert
491,High,79.00530242919922,medxpert
491,Low,32.85129928588867,medxpert
491,Low,8.399091720581055,medxpert
492,High,14.743324279785156,jama
492,High,20.067630767822266,jama
492,High,63.23091506958008,jama
492,High,16.127939224243164,jama
492,Low,17.23270606994629,jama
492,Low,17.297874450683594,jama
493,High,34.10087203979492,mmlu
493,High,72.17070007324219,mmlu
493,High,15.304400444030762,mmlu
493,High,55.88534164428711,mmlu
493,Low,18.578189849853516,mmlu
493,Low,42.156044006347656,mmlu
493,Low,9.132414817810059,mmlu
493,Low,51.8548583984375,mmlu
493,Low,236.16201782226562,mmlu
493,Low,40.15605926513672,mmlu
493,Low,48.85603332519531,mmlu
494,High,12.104764938354492,jama
494,High,37.608619689941406,jama
494,High,22.595184326171875,jama
494,High,35.2208366394043,jama
494,High,21.61837387084961,jama
494,High,14.476972579956055,jama
494,High,6.003940105438232,jama
494,High,25.448158264160156,jama
494,High,8.854622840881348,jama
494,High,35.00514602661133,jama
494,Low,18.59861946105957,jama
494,Low,17.764965057373047,jama
494,Low,56.543235778808594,jama
494,Low,28.823617935180664,jama
495,High,23.297664642333984,mmlu
495,High,9.044807434082031,mmlu
495,High,35.4583740234375,mmlu
495,High,13.686784744262695,mmlu
495,High,12.706268310546875,mmlu
495,Low,17.319360733032227,mmlu
495,Low,16.908418655395508,mmlu
495,Low,45.24522018432617,mmlu
495,Low,8.058221817016602,mmlu
495,Low,92.693359375,mmlu
495,Low,42.67499542236328,mmlu
496,High,25.38509178161621,medbullets
496,High,9.933740615844727,medbullets
496,High,29.09187126159668,medbullets
496,High,19.58087158203125,medbullets
496,High,186.36166381835938,medbullets
496,Low,15.49250602722168,medbullets
496,Low,39.82522201538086,medbullets
496,Low,52.688133239746094,medbullets
496,Low,5.740530014038086,medbullets
496,Low,27.055295944213867,medbullets
496,Low,44.495269775390625,medbullets
497,High,9.706335067749023,medxpert
497,High,14.974458694458008,medxpert
497,Low,15.979875564575195,medxpert
497,Low,180.4636688232422,medxpert
497,Low,6.728110313415527,medxpert
497,Low,4.9832444190979,medxpert
497,Low,98.40961456298828,medxpert
498,High,12.10477352142334,jama
498,High,24.133005142211914,jama
498,High,33.08270263671875,jama
498,High,326.547119140625,jama
498,High,14.435840606689453,jama
498,High,137.85845947265625,jama
498,High,71.43707275390625,jama
498,Low,167.8752899169922,jama
498,Low,20.84361457824707,jama
498,Low,307.021484375,jama
498,Low,72.53014373779297,jama
498,Low,122.36522674560547,jama
498,Low,116.9793930053711,jama
498,Low,63.55259704589844,jama
499,High,47.02039337158203,medxpert
499,Low,21.818572998046875,medxpert
499,Low,71.67745971679688,medxpert
499,Low,12.225746154785156,medxpert
499,Low,35.34083938598633,medxpert
499,Low,35.06978225708008,medxpert
500,High,22.63333511352539,jama
500,High,21.477127075195312,jama
500,High,53.265769958496094,jama
500,High,62.42634582519531,jama
500,High,80.6161880493164,jama
500,High,89.11602783203125,jama
500,High,51.033958435058594,jama
500,High,68.94577026367188,jama
500,High,13.449167251586914,jama
500,Low,65.87703704833984,jama
500,Low,79.9508056640625,jama
500,Low,28.875762939453125,jama
500,Low,122.01168060302734,jama
501,High,10.049396514892578,medbullets
501,High,61.60348892211914,medbullets
501,High,273.613037109375,medbullets
501,Low,132.62757873535156,medbullets
502,High,25.866199493408203,jama
502,High,168.81948852539062,jama
502,High,91.03701782226562,jama
502,High,19.371761322021484,jama
502,High,81.45417785644531,jama
502,High,216.3306884765625,jama
502,High,970.3440551757812,jama
502,High,30.251375198364258,jama
502,High,216.0126953125,jama
502,High,137.50572204589844,jama
502,High,46.648681640625,jama
502,High,47.16627883911133,jama
502,High,106.27655792236328,jama
502,High,31.514907836914062,jama
502,High,32.447410583496094,jama
502,Low,726.9569091796875,jama
502,Low,17.434114456176758,jama
503,High,24.884801864624023,jama
503,High,84.34496307373047,jama
503,High,25.20272445678711,jama
503,High,39.15422821044922,jama
503,High,13.808350563049316,jama
503,High,28.13258171081543,jama
503,High,20.319231033325195,jama
503,High,34.950714111328125,jama
503,Low,42.69873046875,jama
503,Low,35.29033660888672,jama
504,High,13.096084594726562,medbullets
504,High,22.372528076171875,medbullets
504,High,23.364988327026367,medbullets
504,High,39.74870681762695,medbullets
504,High,22.697317123413086,medbullets
504,Low,18.352956771850586,medbullets
504,Low,148.71975708007812,medbullets
504,Low,5.1716084480285645,medbullets
504,Low,138.37196350097656,medbullets
505,High,32.642730712890625,medxpert
505,High,8.6742582321167,medxpert
505,High,7.129327297210693,medxpert
505,High,20.177003860473633,medxpert
505,High,876.8773803710938,medxpert
505,High,87.50712585449219,medxpert
505,High,898.1104125976562,medxpert
505,High,1.0,medxpert
505,High,1.0,medxpert
505,High,1.0,medxpert
505,High,130.8463134765625,medxpert
505,High,66.48257446289062,medxpert
505,High,77.80194854736328,medxpert
505,High,119.68109130859375,medxpert
505,High,111.940673828125,medxpert
505,High,1434.756103515625,medxpert
505,High,16.432071685791016,medxpert
505,High,59.49768829345703,medxpert
505,High,59.49768829345703,medxpert
505,High,28.839771270751953,medxpert
505,High,61.626609802246094,medxpert
505,High,61.626609802246094,medxpert
505,High,363.4013366699219,medxpert
505,High,35.52769470214844,medxpert
505,High,35.52769470214844,medxpert
505,High,140.42941284179688,medxpert
505,High,45.42582702636719,medxpert
505,High,41.192726135253906,medxpert
505,High,47.96480178833008,medxpert
505,High,29.319568634033203,medxpert
505,High,42.26750564575195,medxpert
505,High,8.476783752441406,medxpert
505,High,162.7349090576172,medxpert
505,High,162.7349090576172,medxpert
505,High,10.966163635253906,medxpert
505,High,155.28273010253906,medxpert
505,High,155.28273010253906,medxpert
505,High,1863.6151123046875,medxpert
505,High,282.5570068359375,medxpert
505,High,282.5570068359375,medxpert
505,Low,37.1627197265625,medxpert
505,Low,898.1104125976562,medxpert
505,Low,87.50712585449219,medxpert
506,High,8.624985694885254,medbullets
506,High,117.66384887695312,medbullets
506,High,30.069734573364258,medbullets
506,High,28.057954788208008,medbullets
506,High,9.39793872833252,medbullets
506,High,108.68846893310547,medbullets
506,High,59.20269012451172,medbullets
506,High,43.08015823364258,medbullets
506,Low,131.82960510253906,medbullets
506,Low,6.106817245483398,medbullets
507,High,11.77756118774414,medxpert
507,High,57.076316833496094,medxpert
507,High,56.732391357421875,medxpert
507,High,51.92063522338867,medxpert
507,Low,54.74943542480469,medxpert
507,Low,26.88063621520996,medxpert
508,High,29.165300369262695,jama
508,High,26.2205867767334,jama
508,High,25.056777954101562,jama
508,High,46.33546829223633,jama
508,High,27.32329750061035,jama
508,High,59.933746337890625,jama
508,High,100.13738250732422,jama
508,High,127.08198547363281,jama
508,High,21.97667121887207,jama
508,High,30.489511489868164,jama
508,High,18.628215789794922,jama
508,High,38.553436279296875,jama
508,High,94.30858612060547,jama
508,Low,98.39962005615234,jama
508,Low,15.831944465637207,jama
508,Low,456.9111022949219,jama
508,Low,289.7995300292969,jama
508,Low,65.66809844970703,jama
509,High,8.466033935546875,jama
509,High,112.11150360107422,jama
509,High,1675.7984619140625,jama
509,High,34.189579010009766,jama
509,High,97.3809814453125,jama
509,High,50.688270568847656,jama
509,Low,28.165660858154297,jama
509,Low,113.85289001464844,jama
509,Low,63.513301849365234,jama
510,High,13.135796546936035,jama
510,High,23.630096435546875,jama
510,High,50.83011245727539,jama
510,High,49.96551513671875,jama
510,High,80.3598861694336,jama
510,High,39.068519592285156,jama
510,High,34.434268951416016,jama
510,Low,50.74219512939453,jama
510,Low,32.71699905395508,jama
510,Low,29.931428909301758,jama
510,Low,13.242015838623047,jama
510,Low,326.90606689453125,jama
510,Low,14.897526741027832,jama
510,Low,26.448226928710938,jama
510,Low,44.09202575683594,jama
510,Low,46.752098083496094,jama
510,Low,125.03065490722656,jama
511,High,23.965660095214844,medxpert
511,High,148.51849365234375,medxpert
511,Low,43.79762649536133,medxpert
511,Low,6.263415336608887,medxpert
511,Low,21.497705459594727,medxpert
512,High,58.142879486083984,mmlu
512,High,41.999732971191406,mmlu
512,High,146.00128173828125,mmlu
512,High,40.39375305175781,mmlu
512,Low,137.42739868164062,mmlu
513,High,20.239845275878906,medbullets
513,High,126.82059478759766,medbullets
513,High,77.57434844970703,medbullets
513,High,7.522423267364502,medbullets
513,High,35.54938507080078,medbullets
513,Low,10.066246032714844,medbullets
513,Low,31.747455596923828,medbullets
513,Low,547.6231079101562,medbullets
513,Low,25.510107040405273,medbullets
514,High,7.914000511169434,medxpert
514,High,30.442485809326172,medxpert
514,High,9.260281562805176,medxpert
514,High,15.242691040039062,medxpert
514,High,17.601242065429688,medxpert
514,Low,7.596563339233398,medxpert
514,Low,553.7962036132812,medxpert
514,Low,6.073313236236572,medxpert
514,Low,190.66661071777344,medxpert
514,Low,7.383958339691162,medxpert
515,High,13.698785781860352,medbullets
515,High,23.84343147277832,medbullets
515,High,25.20072364807129,medbullets
515,High,86.50702667236328,medbullets
515,High,37.867801666259766,medbullets
515,High,46.89496994018555,medbullets
515,High,17.166017532348633,medbullets
515,High,29.00680160522461,medbullets
515,High,178.64932250976562,medbullets
515,Low,24.977872848510742,medbullets
515,Low,5.36884880065918,medbullets
516,High,41.249916076660156,medbullets
516,High,34.829959869384766,medbullets
516,High,29.36172866821289,medbullets
516,High,57.833187103271484,medbullets
516,High,36.116817474365234,medbullets
516,High,28.540977478027344,medbullets
516,High,158.35568237304688,medbullets
516,Low,37.35074996948242,medbullets
516,Low,222.24142456054688,medbullets
516,Low,10.855480194091797,medbullets
517,High,28.460081100463867,medxpert
517,High,6.489865779876709,medxpert
517,Low,33.237953186035156,medxpert
518,High,8.523998260498047,jama
518,High,40.48300552368164,jama
518,High,142.5203857421875,jama
518,High,20.073684692382812,jama
518,High,74.33882141113281,jama
518,High,49.96857833862305,jama
518,High,5.253811359405518,jama
518,High,4.947153091430664,jama
518,High,40.18647766113281,jama
518,High,32.19461441040039,jama
518,High,17.346073150634766,jama
518,High,28.44168472290039,jama
518,High,25.235679626464844,jama
518,High,43.21816635131836,jama
518,High,21.32016944885254,jama
518,Low,42.2082405090332,jama
518,Low,211.52696228027344,jama
518,Low,44.945953369140625,jama
519,High,19.62812614440918,mmlu
519,High,11.634466171264648,mmlu
519,High,10.697288513183594,mmlu
519,High,56.324806213378906,mmlu
519,High,17.230918884277344,mmlu
519,High,34.46308898925781,mmlu
519,High,29.79899024963379,mmlu
519,High,25.092103958129883,mmlu
519,Low,63.942623138427734,mmlu
520,High,6.428869247436523,jama
520,High,6.811491966247559,jama
520,High,10.280029296875,jama
520,Low,11.868861198425293,jama
520,Low,29.21247100830078,jama
521,High,13.524984359741211,jama
521,High,9.761489868164062,jama
521,High,18.082366943359375,jama
521,High,8.132243156433105,jama
521,High,46.35076904296875,jama
521,High,184.8565673828125,jama
521,High,15.10492992401123,jama
521,Low,15.22757339477539,jama
521,Low,37.92212677001953,jama
521,Low,63.2093620300293,jama
521,Low,6.646226406097412,jama
521,Low,7.985012531280518,jama
521,Low,9.953713417053223,jama
521,Low,18.964405059814453,jama
521,Low,27.392921447753906,jama
522,High,10.931181907653809,jama
522,High,13.212038040161133,jama
522,High,12.517659187316895,jama
522,High,30.041393280029297,jama
522,High,21.881580352783203,jama
522,High,26.387630462646484,jama
522,High,88.4682388305664,jama
522,High,35.27508544921875,jama
522,High,52.99989700317383,jama
522,Low,23.851699829101562,jama
522,Low,34.939056396484375,jama
523,High,12.29203987121582,jama
523,High,45.3359375,jama
523,High,7.327268123626709,jama
523,High,27.02570343017578,jama
523,High,37.24761962890625,jama
523,High,26.761734008789062,jama
523,High,33.85443115234375,jama
523,Low,50.02699661254883,jama
523,Low,67.68546295166016,jama
524,High,24.449487686157227,medxpert
524,High,212.0588836669922,medxpert
524,High,28.964811325073242,medxpert
524,Low,295.6651611328125,medxpert
525,High,12.017778396606445,jama
525,High,55.729400634765625,jama
525,High,32.90858840942383,jama
525,High,31.85057830810547,jama
525,High,42.85075759887695,jama
525,High,64.68932342529297,jama
525,High,26.481094360351562,jama
525,High,43.40617752075195,jama
525,High,17.485666275024414,jama
525,High,25.573810577392578,jama
525,High,25.197755813598633,jama
525,High,54.07993698120117,jama
525,Low,27.51661491394043,jama
525,Low,15.42240047454834,jama
525,Low,23.964162826538086,jama
525,Low,151.31076049804688,jama
525,Low,42.65625,jama
525,Low,32.949493408203125,jama
526,High,20.18729591369629,medxpert
526,High,50.84791946411133,medxpert
526,High,20.871810913085938,medxpert
526,High,274.61962890625,medxpert
526,High,19.562807083129883,medxpert
526,High,23.194438934326172,medxpert
526,Low,18.25012969970703,medxpert
526,Low,7.127623081207275,medxpert
526,Low,48.929378509521484,medxpert
527,High,22.315954208374023,medxpert
527,High,106.18067169189453,medxpert
527,High,5.87750768661499,medxpert
527,High,116.20571899414062,medxpert
527,High,14.00008487701416,medxpert
527,High,55.729400634765625,medxpert
527,High,10.578736305236816,medxpert
527,High,13.956493377685547,medxpert
527,Low,189.8233184814453,medxpert
527,Low,35.8527946472168,medxpert
527,Low,25.940940856933594,medxpert
528,High,17.424034118652344,mmlu
528,High,57.68132781982422,mmlu
528,High,228.5907745361328,mmlu
528,High,30.587017059326172,mmlu
528,Low,14.202239990234375,mmlu
529,High,22.726634979248047,mmlu
529,High,49.32575225830078,mmlu
529,Low,14.787081718444824,mmlu
529,Low,13.508845329284668,mmlu
530,High,16.012290954589844,mmlu
530,High,51.79057693481445,mmlu
530,High,40.525367736816406,mmlu
530,High,57.534175872802734,mmlu
530,High,7.785319805145264,mmlu
530,High,48.8411979675293,mmlu
530,Low,12.420251846313477,mmlu
530,Low,155.65013122558594,mmlu
530,Low,17.32961654663086,mmlu
531,High,13.338910102844238,medxpert
531,High,27.37408447265625,medxpert
531,High,4.645879745483398,medxpert
531,High,25.660736083984375,medxpert
531,High,16.925121307373047,medxpert
531,Low,21.130769729614258,medxpert
531,Low,87.74043273925781,medxpert
531,Low,10.072131156921387,medxpert
531,Low,73.39813232421875,medxpert
532,High,10.203446388244629,jama
532,High,14.29446792602539,jama
532,High,125.06500244140625,jama
532,Low,164.881103515625,jama
532,Low,11.412308692932129,jama
532,Low,13.748464584350586,jama
532,Low,112.5932846069336,jama
532,Low,50.94577407836914,jama
532,Low,215.64044189453125,jama
532,Low,3.373777389526367,jama
532,Low,67.82005310058594,jama
532,Low,17.59893798828125,jama
532,Low,16.829214096069336,jama
532,Low,50.47060012817383,jama
533,High,23.06890106201172,mmlu
533,High,68.09945678710938,mmlu
533,High,14.060537338256836,mmlu
533,High,34.10194396972656,mmlu
533,High,45.13169860839844,mmlu
533,High,127.92208862304688,mmlu
533,Low,25.183124542236328,mmlu
533,Low,37.88859939575195,mmlu
533,Low,18.602733612060547,mmlu
533,Low,18.943513870239258,mmlu
533,Low,19.109893798828125,mmlu
533,Low,12.983492851257324,mmlu
534,High,22.643888473510742,medxpert
534,High,140.2106170654297,medxpert
534,High,3.899608850479126,medxpert
534,Low,67.30533599853516,medxpert
534,Low,27.90216064453125,medxpert
535,High,13.771566390991211,jama
535,High,7.76024866104126,jama
535,Low,35.70135498046875,jama
535,Low,42.78045654296875,jama
536,High,55.09917449951172,medxpert
536,High,28.00923728942871,medxpert
536,High,12.857315063476562,medxpert
536,High,36.9505500793457,medxpert
536,Low,19.682409286499023,medxpert
536,Low,44.52015686035156,medxpert
536,Low,112.03924560546875,medxpert
537,High,35.282073974609375,jama
537,High,7.91664981842041,jama
537,High,37.3216667175293,jama
537,High,21.077373504638672,jama
537,High,55.10503387451172,jama
537,High,22.95213508605957,jama
538,High,48.98330307006836,medxpert
538,High,7.010646343231201,medxpert
538,High,42.23400115966797,medxpert
538,Low,12.816368103027344,medxpert
538,Low,117.09278869628906,medxpert
539,High,15.428504943847656,medbullets
539,High,19.67230987548828,medbullets
539,High,11.7970609664917,medbullets
539,High,43.60034942626953,medbullets
539,High,14.211684226989746,medbullets
539,High,35.27552795410156,medbullets
539,High,36.803096771240234,medbullets
539,High,8.850732803344727,medbullets
539,Low,8.043972969055176,medbullets
539,Low,34.50802230834961,medbullets
540,High,12.641963005065918,jama
540,High,34.01993942260742,jama
540,High,12.311776161193848,jama
540,High,46.78174591064453,jama
540,High,9.225309371948242,jama
540,High,44.266971588134766,jama
540,High,20.103225708007812,jama
540,Low,20.239282608032227,jama
540,Low,24.251527786254883,jama
540,Low,30.923147201538086,jama
540,Low,77.14788055419922,jama
540,Low,77.49549102783203,jama
540,Low,17.022035598754883,jama
541,High,49.97861862182617,medbullets
541,High,39.967987060546875,medbullets
541,High,87.98805236816406,medbullets
541,High,9.824848175048828,medbullets
541,Low,37.37881851196289,medbullets
541,Low,163.23004150390625,medbullets
541,Low,107.23489379882812,medbullets
541,Low,73.6468734741211,medbullets
541,Low,20.865053176879883,medbullets
541,Low,51.682273864746094,medbullets
542,High,17.328142166137695,jama
542,High,80.51592254638672,jama
542,High,26.8830509185791,jama
542,High,72.39531707763672,jama
542,High,24.956771850585938,jama
542,Low,62.62046432495117,jama
542,Low,23.118019104003906,jama
542,Low,70.54393005371094,jama
543,High,18.911924362182617,mmlu
543,High,25.050004959106445,mmlu
543,High,44.23849868774414,mmlu
543,High,46.57966613769531,mmlu
543,High,31.678091049194336,mmlu
543,High,369.4125061035156,mmlu
543,Low,29.236677169799805,mmlu
543,Low,13.995932579040527,mmlu
543,Low,16.516874313354492,mmlu
543,Low,176.06068420410156,mmlu
543,Low,17.72251319885254,mmlu
543,Low,19.46308135986328,mmlu
543,Low,40.15605926513672,mmlu
543,Low,32.840850830078125,mmlu
544,High,14.077127456665039,medxpert
544,High,16.243494033813477,medxpert
544,High,14.639275550842285,medxpert
544,High,18.589744567871094,medxpert
544,High,37.848636627197266,medxpert
544,High,33.28282928466797,medxpert
544,Low,29.603759765625,medxpert
545,High,15.475265502929688,mmlu
545,High,14.345929145812988,mmlu
545,High,12.04980182647705,mmlu
545,Low,624.6392822265625,mmlu
546,High,8.663569450378418,medxpert
546,High,45.736351013183594,medxpert
546,High,64.90833282470703,medxpert
546,Low,19.077037811279297,medxpert
547,High,10.977744102478027,jama
547,High,10.937045097351074,jama
547,High,34.378395080566406,jama
547,High,21.737899780273438,jama
547,High,27.41152000427246,jama
547,High,20.932931900024414,jama
547,High,233.6203155517578,jama
547,High,98.99623107910156,jama
547,High,16.37545394897461,jama
547,High,17.09401512145996,jama
547,Low,117.86397552490234,jama
547,Low,35.99452590942383,jama
548,High,73.63057708740234,jama
548,High,16.02454376220703,jama
548,High,30.5697021484375,jama
548,High,74.52828216552734,jama
548,High,15.801587104797363,jama
548,High,9.901147842407227,jama
548,High,10.909387588500977,jama
548,Low,50.234893798828125,jama
548,Low,65.98518371582031,jama
548,Low,70.45682525634766,jama
549,High,17.7242374420166,medbullets
549,High,23.441486358642578,medbullets
549,High,90.03473663330078,medbullets
549,High,67.94759368896484,medbullets
549,High,104.95088195800781,medbullets
549,High,77.20116424560547,medbullets
549,High,4.877970218658447,medbullets
549,Low,139.89862060546875,medbullets
549,Low,46.87057876586914,medbullets
549,Low,7.126691818237305,medbullets
549,Low,74.31411743164062,medbullets
549,Low,225.6961212158203,medbullets
549,Low,55.89922332763672,medbullets
550,High,12.975796699523926,mmlu
550,High,72.1501235961914,mmlu
550,High,83.60139465332031,mmlu
550,High,28.77916717529297,mmlu
550,High,71.8804931640625,mmlu
550,Low,124.7411117553711,mmlu
550,Low,43.80902099609375,mmlu
550,Low,7.823914051055908,mmlu
551,High,16.558961868286133,medxpert
551,High,17.172075271606445,medxpert
551,High,17.24567413330078,medxpert
551,Low,12.083056449890137,medxpert
552,High,13.995985984802246,mmlu
552,High,23.668712615966797,mmlu
552,High,19.299049377441406,mmlu
552,High,14.541913986206055,mmlu
552,High,11.401777267456055,mmlu
552,Low,10.372027397155762,mmlu
552,Low,43.22468566894531,mmlu
553,High,12.254769325256348,medbullets
553,High,52.255218505859375,medbullets
553,High,15.484234809875488,medbullets
553,High,6.7516889572143555,medbullets
553,High,27.663177490234375,medbullets
553,High,95.21641540527344,medbullets
553,Low,57.04254913330078,medbullets
553,Low,29.605918884277344,medbullets
553,Low,44.22356414794922,medbullets
553,Low,65.9330062866211,medbullets
554,High,29.948211669921875,jama
554,High,17.4627742767334,jama
554,High,30.743196487426758,jama
554,High,19.677967071533203,jama
554,High,16.27837562561035,jama
554,High,32.13068389892578,jama
554,High,60.775936126708984,jama
554,High,9.336146354675293,jama
554,High,144.9397735595703,jama
554,High,32.762123107910156,jama
554,High,25.20008087158203,jama
554,High,37.52394485473633,jama
554,High,26.212085723876953,jama
554,High,58.05342102050781,jama
554,Low,11.262735366821289,jama
554,Low,13.739449501037598,jama
555,High,19.61050033569336,mmlu
555,High,14.207818031311035,mmlu
555,High,11.482406616210938,mmlu
555,High,655.9815063476562,mmlu
555,High,52.36799240112305,mmlu
555,High,25.433120727539062,mmlu
555,Low,60.31100082397461,mmlu
556,High,16.568166732788086,mmlu
556,High,38.33006286621094,mmlu
556,High,12.66434383392334,mmlu
556,Low,16.418346405029297,mmlu
557,High,29.556272506713867,jama
557,High,87.98422241210938,jama
557,High,28.315364837646484,jama
557,High,125.97625732421875,jama
557,High,60.90102767944336,jama
557,High,26.6818790435791,jama
557,High,33.26728820800781,jama
557,High,54.101341247558594,jama
557,High,80.00606536865234,jama
557,High,45.70250701904297,jama
557,Low,28.009431838989258,jama
557,Low,40.130008697509766,jama
557,Low,48.31389617919922,jama
557,Low,56.603092193603516,jama
557,Low,150.39743041992188,jama
557,Low,11.181984901428223,jama
558,High,16.162317276000977,medbullets
558,High,9.719413757324219,medbullets
558,High,31.284473419189453,medbullets
558,High,5.297627925872803,medbullets
558,High,20.45170021057129,medbullets
558,Low,6.839210033416748,medbullets
559,High,63.07372283935547,medbullets
559,High,76.71219635009766,medbullets
559,High,21.91891860961914,medbullets
559,High,33.57493209838867,medbullets
559,High,58.48031997680664,medbullets
559,High,57.528194427490234,medbullets
559,Low,11.719536781311035,medbullets
559,Low,11.221179962158203,medbullets
559,Low,76.06536865234375,medbullets
559,Low,41.31020736694336,medbullets
559,Low,5.677271366119385,medbullets
559,Low,29.02847671508789,medbullets
559,Low,196.21051025390625,medbullets
560,High,16.634035110473633,jama
560,High,268.5596008300781,jama
560,High,157.1565399169922,jama
560,High,24.339040756225586,jama
560,High,170.5516357421875,jama
560,High,124.67095184326172,jama
560,High,32.39039993286133,jama
560,High,88.98816680908203,jama
560,High,26.54878044128418,jama
560,Low,42.304786682128906,jama
560,Low,24.447956085205078,jama
560,Low,53.516395568847656,jama
561,High,13.500696182250977,mmlu
561,High,22.492294311523438,mmlu
561,Low,13.439062118530273,mmlu
561,Low,17.58732032775879,mmlu
562,High,12.091779708862305,medbullets
562,High,26.760356903076172,medbullets
562,High,59.543922424316406,medbullets
562,High,10.288348197937012,medbullets
562,High,59.1917610168457,medbullets
562,High,46.90678787231445,medbullets
562,Low,17.255733489990234,medbullets
562,Low,5.162053108215332,medbullets
563,High,36.32135009765625,medxpert
563,High,11.363739967346191,medxpert
563,High,25.59918212890625,medxpert
563,High,46.850704193115234,medxpert
563,High,73.55323791503906,medxpert
563,Low,48.6402587890625,medxpert
564,High,21.717369079589844,medxpert
564,Low,18.68124008178711,medxpert
564,Low,18.574106216430664,medxpert
564,Low,9.360514640808105,medxpert
565,High,11.375227928161621,medxpert
565,High,17.231088638305664,medxpert
565,High,22.75688362121582,medxpert
565,High,28.460025787353516,medxpert
565,High,21.38181495666504,medxpert
565,High,13.555191993713379,medxpert
565,High,21.21730613708496,medxpert
565,High,28.193374633789062,medxpert
566,High,12.746586799621582,medxpert
566,High,44.01969909667969,medxpert
566,High,179.1224822998047,medxpert
566,High,190.16351318359375,medxpert
566,High,8.92902660369873,medxpert
566,High,27.470809936523438,medxpert
566,High,130.8463134765625,medxpert
566,High,66.48257446289062,medxpert
566,High,1.0,medxpert
566,High,1.0,medxpert
566,High,40.21394729614258,medxpert
566,High,227.8553466796875,medxpert
566,High,226.8931121826172,medxpert
566,High,1954.9599609375,medxpert
566,High,104.21794891357422,medxpert
566,High,71.32077026367188,medxpert
566,High,240.89833068847656,medxpert
566,High,1.0,medxpert
566,High,139.67112731933594,medxpert
566,High,92.57463073730469,medxpert
566,High,106.68940734863281,medxpert
566,Low,20.33860969543457,medxpert
567,High,21.956552505493164,mmlu
567,High,23.698246002197266,mmlu
567,High,36.64892578125,mmlu
567,High,14.52741527557373,mmlu
567,Low,31.158687591552734,mmlu
568,High,17.81281089782715,mmlu
568,High,18.56052017211914,mmlu
568,High,17.228496551513672,mmlu
568,High,27.018341064453125,mmlu
568,Low,104.52372741699219,mmlu
568,Low,61.635982513427734,mmlu
568,Low,40.15605926513672,mmlu
569,High,13.794132232666016,medbullets
569,High,32.171226501464844,medbullets
569,High,77.2127685546875,medbullets
569,High,25.549341201782227,medbullets
569,High,19.326255798339844,medbullets
569,Low,23.71135711669922,medbullets
569,Low,13.969304084777832,medbullets
569,Low,56.05117416381836,medbullets
569,Low,6.186124801635742,medbullets
569,Low,22.792171478271484,medbullets
569,Low,12.410179138183594,medbullets
569,Low,93.57636260986328,medbullets
570,High,24.175643920898438,jama
570,High,20.64043426513672,jama
570,High,23.023950576782227,jama
570,High,14.453575134277344,jama
570,High,306.6627502441406,jama
570,High,13.706371307373047,jama
570,High,43.52678298950195,jama
570,High,15.95393180847168,jama
570,High,25.573762893676758,jama
570,High,38.46149826049805,jama
570,High,11.746010780334473,jama
570,High,84.78376007080078,jama
570,Low,18.801902770996094,jama
570,Low,1081.038330078125,jama
570,Low,7.131352424621582,jama
570,Low,10.056358337402344,jama
571,High,11.903212547302246,mmlu
571,High,18.986576080322266,mmlu
571,Low,9.709417343139648,mmlu
572,High,22.400747299194336,medbullets
572,High,46.190555572509766,medbullets
572,High,34.08555603027344,medbullets
572,High,45.606773376464844,medbullets
572,High,16.634586334228516,medbullets
572,Low,15.87099838256836,medbullets
572,Low,17.487009048461914,medbullets
572,Low,35.75975036621094,medbullets
572,Low,5.632650375366211,medbullets
572,Low,84.45128631591797,medbullets
572,Low,34.4171142578125,medbullets
573,High,23.930747985839844,medxpert
573,High,26.542509078979492,medxpert
573,High,23.358327865600586,medxpert
573,High,16.19987678527832,medxpert
573,High,33.30836486816406,medxpert
573,High,38.83921813964844,medxpert
573,Low,4.263073921203613,medxpert
574,High,18.120285034179688,medbullets
574,High,114.109375,medbullets
574,High,27.515623092651367,medbullets
574,High,15.32509994506836,medbullets
574,High,5.834743976593018,medbullets
574,High,114.85768127441406,medbullets
574,High,63.30817794799805,medbullets
574,Low,34.67435073852539,medbullets
574,Low,19.038448333740234,medbullets
574,Low,78.87137603759766,medbullets
574,Low,73.97743225097656,medbullets
575,High,24.570497512817383,mmlu
575,High,24.359214782714844,mmlu
575,High,28.66486358642578,mmlu
575,High,20.966093063354492,mmlu
575,High,36.898353576660156,mmlu
575,Low,31.418210983276367,mmlu
575,Low,10.298973083496094,mmlu
575,Low,20.512216567993164,mmlu
575,Low,27.218557357788086,mmlu
575,Low,10.00352954864502,mmlu
575,Low,6.274149417877197,mmlu
575,Low,23.13822364807129,mmlu
576,High,6.717637538909912,jama
576,High,15.741134643554688,jama
576,High,6.416715145111084,jama
576,High,10.638721466064453,jama
576,Low,38.41371536254883,jama
576,Low,86.26361846923828,jama
576,Low,157.75372314453125,jama
576,Low,5.587798595428467,jama
576,Low,31.304201126098633,jama
576,Low,7.261929512023926,jama
576,Low,18.99492073059082,jama
576,Low,20.056137084960938,jama
576,Low,18.630374908447266,jama
577,High,12.225630760192871,mmlu
577,High,64.68142700195312,mmlu
577,High,26.503942489624023,mmlu
577,High,23.357568740844727,mmlu
577,High,61.76166915893555,mmlu
577,High,136.7281951904297,mmlu
577,High,36.302703857421875,mmlu
577,Low,9.8864164352417,mmlu
578,High,25.872737884521484,medbullets
578,High,46.07846450805664,medbullets
578,High,29.18436050415039,medbullets
578,High,117.33042907714844,medbullets
578,High,112.98196411132812,medbullets
578,High,138.38291931152344,medbullets
578,Low,15.994550704956055,medbullets
578,Low,7.804374694824219,medbullets
578,Low,5.9678778648376465,medbullets
578,Low,182.64047241210938,medbullets
578,Low,18.35431480407715,medbullets
579,High,9.610036849975586,medbullets
579,High,79.09750366210938,medbullets
579,High,205.7805633544922,medbullets
579,High,29.85247230529785,medbullets
579,High,64.85332489013672,medbullets
579,High,29.89471435546875,medbullets
579,High,45.97181701660156,medbullets
579,High,44.87833023071289,medbullets
579,High,54.36864471435547,medbullets
579,Low,63.17435073852539,medbullets
579,Low,6.211512088775635,medbullets
579,Low,34.66533279418945,medbullets
579,Low,7.0250091552734375,medbullets
580,High,34.56440353393555,medxpert
580,High,54.00301742553711,medxpert
580,High,69.4350814819336,medxpert
580,High,32.74342346191406,medxpert
580,High,26.926870346069336,medxpert
580,Low,27.215547561645508,medxpert
581,High,6.367217063903809,medxpert
581,High,33.60470199584961,medxpert
581,High,29.211620330810547,medxpert
581,Low,70.22190856933594,medxpert
582,High,60.60883712768555,jama
582,High,30.345266342163086,jama
582,High,28.147865295410156,jama
582,High,8.399836540222168,jama
582,High,32.709224700927734,jama
582,High,7.898331642150879,jama
582,High,17.082107543945312,jama
582,Low,217.8887481689453,jama
582,Low,352.5647888183594,jama
583,High,18.43355941772461,mmlu
583,High,14.85545825958252,mmlu
583,High,18.140361785888672,mmlu
583,High,7.426779747009277,mmlu
583,High,28.127029418945312,mmlu
583,High,122.7691879272461,mmlu
583,High,122.75877380371094,mmlu
583,High,32.46725845336914,mmlu
583,High,51.646541595458984,mmlu
583,High,36.38765335083008,mmlu
583,Low,66.87244415283203,mmlu
583,Low,31.926681518554688,mmlu
583,Low,129.38438415527344,mmlu
583,Low,35.102928161621094,mmlu
583,Low,22.53626823425293,mmlu
584,High,9.684540748596191,jama
584,High,42.5245361328125,jama
584,High,135.85287475585938,jama
584,High,9.574501991271973,jama
584,High,126.58255767822266,jama
584,High,24.780410766601562,jama
584,High,7.525040626525879,jama
584,Low,108.50220489501953,jama
585,High,22.26581573486328,jama
585,High,21.991003036499023,jama
585,High,23.619815826416016,jama
585,High,11.121800422668457,jama
585,High,13.703516006469727,jama
586,High,10.590720176696777,medxpert
586,High,18.57994842529297,medxpert
586,Low,78.58677673339844,medxpert
586,Low,10.550329208374023,medxpert
586,Low,70.71963500976562,medxpert
587,High,19.01957893371582,mmlu
587,High,19.680644989013672,mmlu
587,High,6.152658939361572,mmlu
587,High,34.13740158081055,mmlu
587,High,40.45850372314453,mmlu
587,High,68.17526245117188,mmlu
587,Low,38.49102783203125,mmlu
587,Low,33.322933197021484,mmlu
587,Low,43.995262145996094,mmlu
587,Low,52.8178825378418,mmlu
587,Low,52.82522201538086,mmlu
588,High,39.59027862548828,mmlu
588,High,32.70989990234375,mmlu
588,High,21.335582733154297,mmlu
588,Low,14.464666366577148,mmlu
589,High,41.178016662597656,medxpert
589,Low,26.964773178100586,medxpert
589,Low,14.945536613464355,medxpert
589,Low,14.783930778503418,medxpert
589,Low,25.972721099853516,medxpert
589,Low,5.78009033203125,medxpert
590,High,17.553438186645508,medxpert
590,High,5.572190761566162,medxpert
590,High,16.096275329589844,medxpert
590,High,45.443180084228516,medxpert
590,High,71.43315124511719,medxpert
590,Low,23.181243896484375,medxpert
590,Low,50.288795471191406,medxpert
591,High,35.00724792480469,mmlu
591,High,33.04874038696289,mmlu
591,High,8.997481346130371,mmlu
591,High,154.1471405029297,mmlu
591,Low,27.796672821044922,mmlu
591,Low,5.419020652770996,mmlu
592,High,8.129364967346191,medbullets
592,High,21.86984634399414,medbullets
592,High,8.445070266723633,medbullets
592,Low,15.733529090881348,medbullets
592,Low,20.370832443237305,medbullets
592,Low,7.723545074462891,medbullets
592,Low,90.07574462890625,medbullets
593,High,6.701872825622559,jama
593,High,126.49168395996094,jama
593,High,61.24039840698242,jama
593,High,73.77603912353516,jama
593,High,13.332249641418457,jama
593,High,30.42378044128418,jama
593,High,22.836057662963867,jama
593,High,53.368553161621094,jama
593,High,27.462932586669922,jama
593,High,27.83306884765625,jama
593,High,105.19563293457031,jama
593,High,168.7091522216797,jama
593,Low,34.93899917602539,jama
594,High,9.400264739990234,medxpert
594,High,25.821046829223633,medxpert
594,Low,118.69430541992188,medxpert
595,High,23.839122772216797,mmlu
595,High,16.8595027923584,mmlu
595,High,114.37723541259766,mmlu
595,High,8.510066032409668,mmlu
595,High,31.944780349731445,mmlu
595,Low,13.576774597167969,mmlu
595,Low,45.237972259521484,mmlu
595,Low,12.272184371948242,mmlu
596,High,9.25115966796875,medbullets
596,High,85.79715728759766,medbullets
596,High,19.418460845947266,medbullets
596,High,58.969852447509766,medbullets
596,Low,44.41658401489258,medbullets
596,Low,5.016264915466309,medbullets
596,Low,312.8435363769531,medbullets
596,Low,156.3876190185547,medbullets
597,High,20.598981857299805,mmlu
597,High,92.72421264648438,mmlu
597,High,162.0476837158203,mmlu
597,Low,144.96507263183594,mmlu
597,Low,51.87960433959961,mmlu
598,High,8.726153373718262,jama
598,High,62.89040756225586,jama
598,High,18.341400146484375,jama
598,High,27.283523559570312,jama
598,High,144.3653564453125,jama
598,High,19.295501708984375,jama
598,High,112.5932846069336,jama
598,High,30.007612228393555,jama
598,High,65.89974975585938,jama
598,Low,134.2693634033203,jama
598,Low,117.37223052978516,jama
598,Low,91.09542846679688,jama
598,Low,81.17206573486328,jama
598,Low,18.76686668395996,jama
599,High,8.772759437561035,jama
599,High,40.26063537597656,jama
599,High,12.096490859985352,jama
599,High,31.441911697387695,jama
599,High,16.00049591064453,jama
599,High,30.972471237182617,jama
599,High,31.61098289489746,jama
599,High,42.76163101196289,jama
599,High,54.86811447143555,jama
599,Low,36.349151611328125,jama
600,High,10.383857727050781,jama
600,High,38.97236251831055,jama
600,High,32.07673645019531,jama
600,Low,41.72377014160156,jama
600,Low,13.935234069824219,jama
600,Low,101.97786712646484,jama
601,High,65.46543884277344,medxpert
601,High,27.83373260498047,medxpert
601,High,90.76329040527344,medxpert
602,High,12.661402702331543,medxpert
602,High,7.642293930053711,medxpert
602,High,32.04889678955078,medxpert
602,High,12.901655197143555,medxpert
602,High,24.14156150817871,medxpert
602,High,27.036293029785156,medxpert
602,High,8.839130401611328,medxpert
602,High,31.874984741210938,medxpert
603,High,21.95233726501465,medbullets
603,High,78.81257629394531,medbullets
603,High,61.69382095336914,medbullets
603,High,572.9069213867188,medbullets
603,High,61.21421432495117,medbullets
603,Low,5.297627925872803,medbullets
604,High,94.02058410644531,mmlu
604,High,16.753267288208008,mmlu
604,Low,15.218092918395996,mmlu
605,High,18.046070098876953,mmlu
605,High,18.472095489501953,mmlu
605,High,20.465986251831055,mmlu
605,High,161.98471069335938,mmlu
605,High,26.906673431396484,mmlu
605,High,14.888976097106934,mmlu
605,High,14.273931503295898,mmlu
605,High,6.944505214691162,mmlu
605,High,16.654361724853516,mmlu
605,High,16.06612777709961,mmlu
605,High,10.733549118041992,mmlu
606,High,16.680728912353516,jama
606,High,15.177204132080078,jama
606,High,27.011674880981445,jama
606,High,24.58673095703125,jama
606,High,13.781610488891602,jama
606,High,68.20318603515625,jama
606,High,50.31539535522461,jama
606,High,38.896488189697266,jama
606,High,66.561279296875,jama
606,High,56.762699127197266,jama
606,High,44.009864807128906,jama
606,High,23.2653751373291,jama
606,Low,52.62483596801758,jama
606,Low,92.95521545410156,jama
606,Low,44.731414794921875,jama
606,Low,27.99219512939453,jama
606,Low,1234.4237060546875,jama
607,High,49.401641845703125,medxpert
607,High,30.363967895507812,medxpert
607,High,208.4866943359375,medxpert
607,High,4.92269229888916,medxpert
607,High,38.02128982543945,medxpert
607,High,65.66728210449219,medxpert
607,Low,17.793479919433594,medxpert
607,Low,38.585060119628906,medxpert
607,Low,40.58050537109375,medxpert
607,Low,174.31198120117188,medxpert
607,Low,83.24124145507812,medxpert
608,High,7.433276176452637,mmlu
608,High,20.472042083740234,mmlu
608,High,17.594947814941406,mmlu
608,High,953.0817260742188,mmlu
608,High,141.9499969482422,mmlu
608,High,11.733288764953613,mmlu
608,High,119.78688049316406,mmlu
608,High,41.333763122558594,mmlu
608,High,19.865449905395508,mmlu
608,Low,9.859859466552734,mmlu
609,High,24.194284439086914,mmlu
609,High,52.15395736694336,mmlu
609,High,69.45773315429688,mmlu
609,High,12.734600067138672,mmlu
609,Low,15.157548904418945,mmlu
609,Low,14.505413055419922,mmlu
609,Low,118.04830169677734,mmlu
609,Low,121.00122833251953,mmlu
609,Low,158.95220947265625,mmlu
609,Low,14.567065238952637,mmlu
609,Low,6.747281551361084,mmlu
610,High,20.866453170776367,medbullets
610,High,41.38264465332031,medbullets
610,High,19.41704559326172,medbullets
610,High,59.8170051574707,medbullets
610,Low,45.691707611083984,medbullets
610,Low,40.125118255615234,medbullets
610,Low,23.72209358215332,medbullets
610,Low,6.017090797424316,medbullets
610,Low,114.11100769042969,medbullets
611,High,10.580938339233398,mmlu
611,High,18.689775466918945,mmlu
611,High,46.924224853515625,mmlu
611,High,11.759373664855957,mmlu
611,High,35.57685470581055,mmlu
611,High,94.09154510498047,mmlu
611,High,22.937402725219727,mmlu
611,High,63.8031005859375,mmlu
611,High,51.804691314697266,mmlu
611,High,112.89100646972656,mmlu
611,Low,22.498912811279297,mmlu
611,Low,14.873397827148438,mmlu
611,Low,94.92120361328125,mmlu
611,Low,26.31305694580078,mmlu
611,Low,82.29679870605469,mmlu
611,Low,69.85128021240234,mmlu
612,High,24.55369758605957,medxpert
612,High,20.297346115112305,medxpert
612,Low,35.08522033691406,medxpert
612,Low,10.415664672851562,medxpert
612,Low,10.48509693145752,medxpert
612,Low,23.94536018371582,medxpert
612,Low,9.505176544189453,medxpert
613,High,35.584747314453125,medbullets
613,High,74.98019409179688,medbullets
613,High,14.336287498474121,medbullets
613,High,19.68910789489746,medbullets
613,Low,61.76970672607422,medbullets
613,Low,49.422542572021484,medbullets
613,Low,36.91959762573242,medbullets
614,High,15.346525192260742,medbullets
614,High,90.90050506591797,medbullets
614,High,22.85374641418457,medbullets
614,High,47.61564254760742,medbullets
614,High,41.43379211425781,medbullets
614,High,189.1756134033203,medbullets
614,Low,24.976520538330078,medbullets
614,Low,39.523109436035156,medbullets
614,Low,5.760803699493408,medbullets
615,High,18.230703353881836,jama
615,High,37.435462951660156,jama
615,High,75.37174987792969,jama
615,High,17.05139923095703,jama
615,High,33.18344497680664,jama
615,Low,42.7547607421875,jama
615,Low,30.89931869506836,jama
616,High,51.790523529052734,jama
616,High,28.414424896240234,jama
616,High,39.640933990478516,jama
616,High,35.18259048461914,jama
616,High,135.3548583984375,jama
616,High,19.707700729370117,jama
616,High,37.82555389404297,jama
616,High,31.256000518798828,jama
616,High,30.208980560302734,jama
616,Low,26.337661743164062,jama
617,High,18.697708129882812,jama
617,High,81.15198516845703,jama
617,High,35.006229400634766,jama
617,High,16.96238136291504,jama
617,High,12.549717903137207,jama
617,High,64.69281005859375,jama
617,High,128.47084045410156,jama
617,High,17.7348690032959,jama
617,High,93.7400894165039,jama
617,High,20.09987449645996,jama
617,High,363.6353454589844,jama
617,High,25.273035049438477,jama
617,High,37.22760772705078,jama
617,High,64.90520477294922,jama
617,Low,27.240182876586914,jama
618,High,23.837566375732422,jama
618,High,26.232954025268555,jama
618,High,16.60600471496582,jama
618,High,2600.460693359375,jama
618,High,29.591337203979492,jama
618,High,24.279958724975586,jama
618,High,24.591672897338867,jama
618,High,221.36654663085938,jama
618,High,19.23167610168457,jama
618,High,64.26528930664062,jama
618,Low,79.96343231201172,jama
618,Low,243.212158203125,jama
618,Low,375.3032531738281,jama
618,Low,43.6212272644043,jama
619,High,121.51634979248047,jama
619,High,33.06227111816406,jama
619,High,151.06500244140625,jama
619,High,34.57765579223633,jama
619,High,286.0655212402344,jama
619,High,76.4229965209961,jama
619,High,28.087175369262695,jama
619,High,25.178743362426758,jama
619,Low,58.18864440917969,jama
619,Low,68.06027221679688,jama
619,Low,40.355323791503906,jama
619,Low,17.4934139251709,jama
619,Low,16.472612380981445,jama
620,High,28.21658706665039,mmlu
620,High,51.27769470214844,mmlu
620,Low,34.08653259277344,mmlu
621,High,11.100482940673828,medxpert
621,High,7.186400413513184,medxpert
621,High,165.94369506835938,medxpert
621,High,27.758474349975586,medxpert
621,Low,251.1477813720703,medxpert
621,Low,28.26689910888672,medxpert
621,Low,48.36649703979492,medxpert
622,High,21.72136116027832,jama
622,High,27.3612060546875,jama
622,High,83.11154174804688,jama
622,High,37.7446174621582,jama
622,High,21.863037109375,jama
622,High,33.0057487487793,jama
622,High,17.74764633178711,jama
622,Low,11.027424812316895,jama
622,Low,20.671417236328125,jama
622,Low,680.471923828125,jama
622,Low,57.50636672973633,jama
623,High,19.80606460571289,jama
623,High,26.366605758666992,jama
623,High,30.88691520690918,jama
623,High,8.069999694824219,jama
623,High,43.41889572143555,jama
623,High,232.83770751953125,jama
623,High,19.13847541809082,jama
623,High,199.3359375,jama
623,High,12.658378601074219,jama
623,Low,15.072460174560547,jama
623,Low,13.596680641174316,jama
623,Low,54.969356536865234,jama
624,High,22.2780704498291,medxpert
624,High,12.171656608581543,medxpert
624,High,13.82931137084961,medxpert
624,High,10.579931259155273,medxpert
624,High,12.776200294494629,medxpert
624,Low,17.01485252380371,medxpert
624,Low,51.669090270996094,medxpert
625,High,9.735774040222168,medbullets
625,High,45.90195083618164,medbullets
625,High,12.978327751159668,medbullets
625,High,51.966880798339844,medbullets
625,Low,15.3897066116333,medbullets
625,Low,55.058624267578125,medbullets
625,Low,5.3980488777160645,medbullets
625,Low,219.0499725341797,medbullets
626,High,32.29222869873047,medbullets
626,High,15.039925575256348,medbullets
626,High,15.61859130859375,medbullets
626,High,185.2351837158203,medbullets
626,High,141.04177856445312,medbullets
626,High,31.302326202392578,medbullets
626,High,7.0293378829956055,medbullets
626,High,60.24244689941406,medbullets
626,High,18.43755531311035,medbullets
627,High,21.84212875366211,medxpert
627,High,86.46463012695312,medxpert
627,High,63.56099319458008,medxpert
627,High,8.342085838317871,medxpert
627,High,134.32040405273438,medxpert
627,Low,21.608217239379883,medxpert
627,Low,23.933876037597656,medxpert
628,High,17.512025833129883,mmlu
628,High,29.741199493408203,mmlu
628,High,23.2292423248291,mmlu
628,Low,23.706626892089844,mmlu
628,Low,25.375102996826172,mmlu
628,Low,58.885921478271484,mmlu
628,Low,9.973152160644531,mmlu
628,Low,9.352849006652832,mmlu
628,Low,155.84605407714844,mmlu
628,Low,69.67670440673828,mmlu
629,High,28.60311508178711,medbullets
629,High,26.240741729736328,medbullets
629,High,41.13021469116211,medbullets
629,High,42.292667388916016,medbullets
629,Low,97.25164794921875,medbullets
629,Low,13.98243522644043,medbullets
629,Low,15.944890022277832,medbullets
629,Low,44.24385452270508,medbullets
629,Low,20.835857391357422,medbullets
630,High,24.140716552734375,medxpert
630,High,89.83489227294922,medxpert
630,High,35.54059600830078,medxpert
630,Low,43.49222946166992,medxpert
630,Low,42.411834716796875,medxpert
630,Low,64.29710388183594,medxpert
631,High,14.1617431640625,jama
631,High,29.507619857788086,jama
631,High,13.336305618286133,jama
631,High,61.570858001708984,jama
631,High,28.728891372680664,jama
631,High,61.51020431518555,jama
631,High,152.45286560058594,jama
631,High,19.254716873168945,jama
631,High,385.3037414550781,jama
631,High,49.55868148803711,jama
631,High,16.235445022583008,jama
631,High,23.37656593322754,jama
631,High,25.267972946166992,jama
631,High,54.62447738647461,jama
631,Low,94.51697540283203,jama
631,Low,3.373777389526367,jama
631,Low,67.82005310058594,jama
631,Low,17.59893798828125,jama
631,Low,16.829214096069336,jama
632,High,19.04599380493164,jama
632,High,12.877288818359375,jama
632,High,8.768725395202637,jama
632,High,27.8769474029541,jama
632,High,51.22715759277344,jama
632,Low,17.79721450805664,jama
632,Low,55.9748420715332,jama
632,Low,34.95546340942383,jama
632,Low,10.371807098388672,jama
632,Low,85.99518585205078,jama
632,Low,8.444645881652832,jama
633,High,13.153059959411621,medxpert
633,High,48.78807830810547,medxpert
633,High,23.90093421936035,medxpert
633,High,43.008399963378906,medxpert
633,Low,26.810230255126953,medxpert
634,High,17.459224700927734,medxpert
634,High,39.507320404052734,medxpert
634,High,73.5704574584961,medxpert
634,High,9.73067569732666,medxpert
634,High,18.681621551513672,medxpert
634,Low,15.00044059753418,medxpert
635,High,15.57878303527832,medbullets
635,High,34.4879035949707,medbullets
635,High,45.39078140258789,medbullets
635,High,176.33770751953125,medbullets
635,High,219.81788635253906,medbullets
635,Low,15.035871505737305,medbullets
635,Low,37.68630599975586,medbullets
635,Low,22.61646270751953,medbullets
635,Low,27.981712341308594,medbullets
635,Low,22.821149826049805,medbullets
635,Low,5.88716983795166,medbullets
635,Low,49.227359771728516,medbullets
635,Low,61.80046463012695,medbullets
636,High,19.622440338134766,medxpert
636,High,33.79265213012695,medxpert
636,High,22.002145767211914,medxpert
636,High,27.429676055908203,medxpert
636,High,7.80263090133667,medxpert
636,High,630.3587036132812,medxpert
636,High,26.059282302856445,medxpert
637,High,17.211483001708984,medxpert
637,High,33.139041900634766,medxpert
637,High,50.87032699584961,medxpert
637,Low,16.491918563842773,medxpert
638,High,17.10690689086914,jama
638,High,11.997986793518066,jama
638,High,39.85459899902344,jama
638,High,116.24201965332031,jama
638,High,79.56482696533203,jama
638,High,38.70832824707031,jama
638,High,23.45976448059082,jama
638,Low,56.54738235473633,jama
638,Low,14.981318473815918,jama
638,Low,24.52118682861328,jama
638,Low,60.71357727050781,jama
639,High,18.34423065185547,medxpert
639,High,37.85055160522461,medxpert
639,High,68.27861022949219,medxpert
639,High,15.668020248413086,medxpert
639,High,13.524613380432129,medxpert
639,High,16.383827209472656,medxpert
639,High,67.66329193115234,medxpert
639,Low,23.187368392944336,medxpert
639,Low,88.00852966308594,medxpert
639,Low,29.277307510375977,medxpert
639,Low,69.67670440673828,medxpert
640,High,21.167219161987305,jama
640,High,29.354883193969727,jama
640,High,64.02677154541016,jama
640,High,35.82503890991211,jama
640,High,363.1795959472656,jama
640,High,104.0565185546875,jama
640,Low,18.454837799072266,jama
640,Low,16.31887435913086,jama
640,Low,52.9271125793457,jama
640,Low,44.27543640136719,jama
640,Low,944.3314819335938,jama
641,High,21.587759017944336,jama
641,High,42.15045928955078,jama
641,High,110.20944213867188,jama
641,High,72.2811508178711,jama
641,High,109.30178833007812,jama
641,High,56.84476852416992,jama
641,High,160.02944946289062,jama
641,High,20.033536911010742,jama
641,High,27.918550491333008,jama
641,Low,26.617368698120117,jama
641,Low,164.4210205078125,jama
641,Low,179.0877227783203,jama
641,Low,736.3345947265625,jama
641,Low,49.24368667602539,jama
641,Low,286.63311767578125,jama
641,Low,65.417724609375,jama
641,Low,101.75103759765625,jama
641,Low,105.03955078125,jama
641,Low,34.96076583862305,jama
642,High,14.880573272705078,jama
642,High,24.687427520751953,jama
642,High,12.722394943237305,jama
642,High,801.2510986328125,jama
642,High,51.5494270324707,jama
642,High,90.88720703125,jama
642,High,24.71316146850586,jama
642,High,320.52886962890625,jama
642,High,99.46163177490234,jama
642,High,37.53522872924805,jama
642,Low,59.50010299682617,jama
642,Low,50.442054748535156,jama
642,Low,113.13458251953125,jama
642,Low,46.4597053527832,jama
643,High,20.902124404907227,mmlu
643,High,18.237367630004883,mmlu
643,High,30.09379005432129,mmlu
643,High,76.14749145507812,mmlu
643,Low,71.05806732177734,mmlu
644,High,30.640949249267578,medxpert
644,High,31.525712966918945,medxpert
644,High,32.694332122802734,medxpert
644,Low,25.484764099121094,medxpert
644,Low,103.39990997314453,medxpert
644,Low,14.254128456115723,medxpert
644,Low,46.718379974365234,medxpert
645,High,26.122501373291016,medbullets
645,High,34.58585739135742,medbullets
645,High,64.04869842529297,medbullets
645,High,12.37530517578125,medbullets
645,Low,14.367586135864258,medbullets
645,Low,19.71622085571289,medbullets
645,Low,34.59352111816406,medbullets
645,Low,55.37053680419922,medbullets
645,Low,5.602825164794922,medbullets
645,Low,52.389686584472656,medbullets
646,High,23.547883987426758,medxpert
646,High,130.54493713378906,medxpert
646,High,12.265523910522461,medxpert
646,High,10.938455581665039,medxpert
646,High,55.712074279785156,medxpert
646,Low,18.210121154785156,medxpert
646,Low,175.48715209960938,medxpert
647,High,21.550207138061523,jama
647,High,38.724342346191406,jama
647,High,12.461974143981934,jama
647,High,20.06626319885254,jama
647,High,31.843250274658203,jama
647,High,38.630706787109375,jama
647,High,26.778423309326172,jama
647,High,50.71961212158203,jama
647,Low,28.303686141967773,jama
647,Low,18.838279724121094,jama
648,High,10.700181007385254,mmlu
648,High,9.274685859680176,mmlu
648,High,29.705673217773438,mmlu
648,High,24.99386978149414,mmlu
648,High,6.6088995933532715,mmlu
648,High,8.194602966308594,mmlu
648,High,31.719369888305664,mmlu
648,High,192.30723571777344,mmlu
648,High,9.852309226989746,mmlu
648,Low,22.280057907104492,mmlu
648,Low,10.02501106262207,mmlu
648,Low,45.48988723754883,mmlu
648,Low,73.6854019165039,mmlu
648,Low,97.59821319580078,mmlu
649,High,19.536231994628906,mmlu
649,High,50.592872619628906,mmlu
649,High,18.991897583007812,mmlu
649,High,34.83811950683594,mmlu
649,High,54.072628021240234,mmlu
649,High,29.984283447265625,mmlu
649,High,100.24989318847656,mmlu
649,Low,11.144906997680664,mmlu
649,Low,77.66458892822266,mmlu
649,Low,85.76115417480469,mmlu
649,Low,20.27225112915039,mmlu
649,Low,38.12918472290039,mmlu
650,High,16.12458610534668,medbullets
650,High,33.64273452758789,medbullets
650,High,61.0927619934082,medbullets
650,High,407.4447326660156,medbullets
650,High,13.82231616973877,medbullets
650,Low,106.09797668457031,medbullets
650,Low,71.69085693359375,medbullets
650,Low,78.58464050292969,medbullets
650,Low,26.99861717224121,medbullets
650,Low,5.442277431488037,medbullets
651,High,11.648695945739746,medxpert
651,High,31.14626121520996,medxpert
651,High,25.743152618408203,medxpert
651,High,53.65204620361328,medxpert
651,Low,40.40412521362305,medxpert
652,High,17.766633987426758,mmlu
652,High,13.224881172180176,mmlu
652,High,6.364736080169678,mmlu
652,High,12.377790451049805,mmlu
652,High,14.68136215209961,mmlu
652,Low,17.445425033569336,mmlu
653,High,29.976821899414062,mmlu
653,High,29.824939727783203,mmlu
653,High,14.867785453796387,mmlu
653,High,12.841307640075684,mmlu
653,High,825.3605346679688,mmlu
653,High,9.529801368713379,mmlu
653,High,35.82778549194336,mmlu
653,High,61.746002197265625,mmlu
653,High,18.323801040649414,mmlu
653,Low,65.63964080810547,mmlu
653,Low,112.52935791015625,mmlu
654,High,15.58154010772705,medxpert
654,High,54.926490783691406,medxpert
654,High,17.025684356689453,medxpert
654,Low,40.35983657836914,medxpert
654,Low,61.00676727294922,medxpert
655,High,39.45237731933594,jama
655,High,25.109172821044922,jama
655,High,116.71857452392578,jama
655,High,19.225173950195312,jama
655,High,127.28588104248047,jama
655,High,19.592914581298828,jama
655,High,28.08641815185547,jama
655,High,48.73823547363281,jama
655,High,1017.9408569335938,jama
655,High,54.44774627685547,jama
655,High,322.5967102050781,jama
655,Low,151.7843780517578,jama
655,Low,37.978641510009766,jama
655,Low,45.231266021728516,jama
656,High,8.60083293914795,medxpert
656,High,13.133456230163574,medxpert
656,High,15.838924407958984,medxpert
656,High,4.620281219482422,medxpert
656,Low,65.72407531738281,medxpert
656,Low,31.67245101928711,medxpert
657,High,26.173479080200195,medxpert
657,High,29.695371627807617,medxpert
657,High,35.573455810546875,medxpert
657,High,41.28236389160156,medxpert
657,High,34.04353713989258,medxpert
657,High,12.540777206420898,medxpert
657,High,13.25779914855957,medxpert
658,High,17.854957580566406,jama
658,High,56.46962356567383,jama
658,High,42.948387145996094,jama
658,High,249.04295349121094,jama
658,High,82.87335205078125,jama
658,High,60.24707794189453,jama
658,High,47.63505935668945,jama
658,High,13.10597038269043,jama
658,High,51.47283172607422,jama
658,High,107.10208129882812,jama
658,High,19.828210830688477,jama
658,High,15.167360305786133,jama
658,High,13.349297523498535,jama
658,High,22.7806396484375,jama
658,High,22.862398147583008,jama
658,Low,13.74906063079834,jama
658,Low,21.935131072998047,jama
658,Low,15.595940589904785,jama
658,Low,32.47692108154297,jama
659,High,21.91513442993164,medbullets
659,High,25.090003967285156,medbullets
659,High,31.912109375,medbullets
659,High,39.988624572753906,medbullets
659,High,17.836837768554688,medbullets
659,High,19.347814559936523,medbullets
659,Low,55.873802185058594,medbullets
659,Low,6.575624942779541,medbullets
660,High,8.772696495056152,mmlu
660,High,55.09599685668945,mmlu
660,High,73.12982940673828,mmlu
660,High,25.514680862426758,mmlu
660,High,39.965110778808594,mmlu
660,Low,40.15605926513672,mmlu
660,Low,15.628806114196777,mmlu
660,Low,29.119539260864258,mmlu
661,High,13.447369575500488,mmlu
661,High,11.235955238342285,mmlu
661,High,129.55662536621094,mmlu
661,High,31.74134635925293,mmlu
661,High,12.083479881286621,mmlu
661,High,18.408248901367188,mmlu
661,Low,11.03754711151123,mmlu
662,High,13.58709716796875,mmlu
662,High,17.498586654663086,mmlu
662,High,29.08936309814453,mmlu
662,High,17.309289932250977,mmlu
662,High,80.42728424072266,mmlu
662,High,79.46446990966797,mmlu
662,High,36.67336654663086,mmlu
662,High,18.297557830810547,mmlu
663,High,42.6086311340332,medxpert
663,High,257.47003173828125,medxpert
663,High,32.93098831176758,medxpert
663,High,169.3914337158203,medxpert
663,High,89.91705322265625,medxpert
663,Low,27.233430862426758,medxpert
664,High,27.46060562133789,jama
664,High,38.96071243286133,jama
664,High,39.11933517456055,jama
664,High,53.40044021606445,jama
664,High,33.113128662109375,jama
664,High,30.034690856933594,jama
664,High,14.56676959991455,jama
664,High,18.83274269104004,jama
664,High,47.365150451660156,jama
664,High,14.22365665435791,jama
664,High,11.95095443725586,jama
664,High,254.8372344970703,jama
664,Low,54.97318649291992,jama
664,Low,14.74626350402832,jama
664,Low,49.440982818603516,jama
664,Low,48.75324249267578,jama
665,High,13.93093204498291,medbullets
665,High,32.50952911376953,medbullets
665,High,23.12952995300293,medbullets
665,High,48.01477813720703,medbullets
665,High,21.037567138671875,medbullets
665,Low,34.195858001708984,medbullets
665,Low,21.108814239501953,medbullets
665,Low,56.667850494384766,medbullets
665,Low,6.06010627746582,medbullets
666,High,20.954513549804688,mmlu
666,High,15.251819610595703,mmlu
666,High,32.79530334472656,mmlu
666,High,61.38201904296875,mmlu
666,Low,17.299036026000977,mmlu
666,Low,29.84208869934082,mmlu
666,Low,30.925601959228516,mmlu
667,High,12.752596855163574,jama
667,High,94.58631134033203,jama
667,High,18.33074378967285,jama
667,High,24.70037269592285,jama
667,High,26.175676345825195,jama
667,Low,20.086456298828125,jama
667,Low,110.51292419433594,jama
667,Low,64.50309753417969,jama
667,Low,16.750343322753906,jama
667,Low,85.32817077636719,jama
668,High,19.381633758544922,mmlu
668,High,88.14241027832031,mmlu
668,Low,68.7293930053711,mmlu
668,Low,63.94868850708008,mmlu
669,High,30.3525390625,medxpert
669,High,10.736660957336426,medxpert
669,High,19.29546546936035,medxpert
669,High,867.5082397460938,medxpert
670,High,12.855650901794434,medxpert
670,High,18.204246520996094,medxpert
670,High,13.36819076538086,medxpert
670,Low,40.53880310058594,medxpert
671,High,16.312070846557617,jama
671,High,33.01499557495117,jama
671,High,19.1251277923584,jama
671,High,15.02043628692627,jama
671,High,20.453893661499023,jama
671,High,29.86707305908203,jama
671,High,75.18373107910156,jama
671,High,22.145362854003906,jama
671,High,45.41159439086914,jama
671,Low,10.211221694946289,jama
671,Low,18.047941207885742,jama
671,Low,8.269612312316895,jama
671,Low,36.59361267089844,jama
672,High,11.359210014343262,mmlu
672,High,28.634679794311523,mmlu
672,High,24.10401153564453,mmlu
672,High,26.15326690673828,mmlu
672,High,55.808380126953125,mmlu
672,Low,15.039868354797363,mmlu
672,Low,20.931081771850586,mmlu
672,Low,19.739686965942383,mmlu
672,Low,513.8142700195312,mmlu
673,High,11.428658485412598,mmlu
673,High,32.654296875,mmlu
673,High,24.603622436523438,mmlu
673,Low,10.9483003616333,mmlu
673,Low,56.34691619873047,mmlu
673,Low,25.673744201660156,mmlu
673,Low,16.782678604125977,mmlu
673,Low,147.60372924804688,mmlu
673,Low,42.156044006347656,mmlu
673,Low,26.498804092407227,mmlu
673,Low,55.892669677734375,mmlu
674,High,10.623579025268555,medbullets
674,High,200.90728759765625,medbullets
674,High,48.371280670166016,medbullets
674,High,39.45191955566406,medbullets
674,High,17.457780838012695,medbullets
674,Low,16.97378921508789,medbullets
674,Low,24.476993560791016,medbullets
674,Low,18.42144203186035,medbullets
674,Low,94.87333679199219,medbullets
674,Low,5.65037202835083,medbullets
675,High,24.795677185058594,jama
675,High,42.52345657348633,jama
675,High,23.146869659423828,jama
675,High,79.302001953125,jama
675,Low,8.322046279907227,jama
675,Low,74.33588409423828,jama
675,Low,28.835796356201172,jama
675,Low,155.0399169921875,jama
675,Low,39.42900085449219,jama
675,Low,30.8488826751709,jama
675,Low,22.78909683227539,jama
676,High,20.809932708740234,mmlu
676,High,40.19123077392578,mmlu
676,High,24.699201583862305,mmlu
676,High,51.483726501464844,mmlu
676,High,13.000880241394043,mmlu
676,High,49.67949295043945,mmlu
676,Low,60.44602966308594,mmlu
677,High,16.502471923828125,medbullets
677,High,15.897850036621094,medbullets
677,High,30.866369247436523,medbullets
677,High,522.8793334960938,medbullets
677,Low,31.747455596923828,medbullets
677,Low,300.4052734375,medbullets
677,Low,5.694345951080322,medbullets
677,Low,15.825538635253906,medbullets
677,Low,38.63095474243164,medbullets
678,High,11.72104263305664,mmlu
678,High,12.175223350524902,mmlu
678,High,224.73806762695312,mmlu
678,High,43.09670639038086,mmlu
678,High,33.78838348388672,mmlu
678,Low,18.31329917907715,mmlu
678,Low,22.841955184936523,mmlu
679,High,32.95206832885742,medbullets
679,High,16.580093383789062,medbullets
679,High,41.423561096191406,medbullets
679,High,25.98345375061035,medbullets
679,Low,56.28262710571289,medbullets
679,Low,5.556643009185791,medbullets
679,Low,513.0900268554688,medbullets
680,High,14.339620590209961,medxpert
680,High,59.055397033691406,medxpert
680,High,86.53165435791016,medxpert
680,High,46.114776611328125,medxpert
680,High,24.979528427124023,medxpert
680,Low,36.16066360473633,medxpert
681,High,27.69293975830078,jama
681,High,16.016569137573242,jama
681,High,6.787286758422852,jama
681,High,9.790311813354492,jama
681,High,40.760108947753906,jama
681,High,23.692922592163086,jama
681,High,12.99603271484375,jama
681,High,30.077800750732422,jama
681,High,47.10383224487305,jama
681,Low,69.73200225830078,jama
681,Low,64.19717407226562,jama
681,Low,97.08016967773438,jama
681,Low,48.55322265625,jama
681,Low,6.646801471710205,jama
681,Low,637.3222045898438,jama
681,Low,37.22798156738281,jama
681,Low,33.833953857421875,jama
682,High,37.154136657714844,medbullets
682,High,26.595497131347656,medbullets
682,High,39.672786712646484,medbullets
682,High,173.26766967773438,medbullets
682,High,2127.068115234375,medbullets
682,Low,15.586455345153809,medbullets
682,Low,114.32727813720703,medbullets
682,Low,7.036651611328125,medbullets
682,Low,52.815086364746094,medbullets
682,Low,71.58792877197266,medbullets
683,High,14.711182594299316,medbullets
683,High,20.532777786254883,medbullets
683,High,23.93245506286621,medbullets
683,High,5.313627243041992,medbullets
683,High,47.92657470703125,medbullets
683,High,24.51708221435547,medbullets
683,Low,24.295673370361328,medbullets
683,Low,26.82145118713379,medbullets
683,Low,41.617069244384766,medbullets
684,High,23.783658981323242,jama
684,High,57.19234848022461,jama
684,High,11.107156753540039,jama
684,High,50.62464141845703,jama
684,High,43.6876220703125,jama
684,High,476.62677001953125,jama
684,High,33.128639221191406,jama
684,High,89.87251281738281,jama
684,High,43.84724426269531,jama
684,High,14.499650001525879,jama
684,High,660.8682861328125,jama
684,High,47.85108184814453,jama
684,High,30.05474853515625,jama
684,Low,100.7488021850586,jama
685,High,66.08125305175781,medxpert
685,High,27.450185775756836,medxpert
685,Low,11.57180404663086,medxpert
685,Low,735.4155883789062,medxpert
686,High,14.304476737976074,medbullets
686,High,220.19891357421875,medbullets
686,High,68.2278060913086,medbullets
686,Low,18.01760482788086,medbullets
686,Low,26.392105102539062,medbullets
686,Low,192.23287963867188,medbullets
686,Low,7.035255432128906,medbullets
686,Low,156.26171875,medbullets
687,High,11.631165504455566,medbullets
687,High,10.751948356628418,medbullets
687,High,25.434843063354492,medbullets
687,Low,20.981185913085938,medbullets
687,Low,78.44728088378906,medbullets
687,Low,199.291259765625,medbullets
688,High,12.820879936218262,mmlu
688,High,25.3330135345459,mmlu
688,High,75.48724365234375,mmlu
688,Low,34.818546295166016,mmlu
689,High,17.7786922454834,medxpert
689,High,10.016634941101074,medxpert
689,Low,23.749059677124023,medxpert
689,Low,16.025188446044922,medxpert
689,Low,52.17070388793945,medxpert
690,High,11.235392570495605,medxpert
690,High,79.15557098388672,medxpert
690,High,9.920772552490234,medxpert
690,Low,83.03489685058594,medxpert
691,High,15.024381637573242,jama
691,High,12.52164363861084,jama
691,High,24.982398986816406,jama
691,High,8.933663368225098,jama
691,High,511.3219909667969,jama
691,High,167.5389404296875,jama
691,High,73.3486557006836,jama
691,High,113.03854370117188,jama
691,High,77.86151123046875,jama
691,High,57.335235595703125,jama
691,High,16.477188110351562,jama
691,High,58.93404006958008,jama
691,High,31.76642608642578,jama
691,High,28.25838851928711,jama
691,High,47.904457092285156,jama
691,High,58.19713592529297,jama
691,Low,19.911272048950195,jama
691,Low,244.55943298339844,jama
692,High,25.69759750366211,mmlu
692,Low,44.29479217529297,mmlu
692,Low,30.32398796081543,mmlu
692,Low,25.09455108642578,mmlu
693,High,18.63810920715332,mmlu
693,High,87.21353149414062,mmlu
693,Low,23.560760498046875,mmlu
693,Low,43.68381118774414,mmlu
694,High,9.85244083404541,medbullets
694,High,55.03980255126953,medbullets
694,High,31.68805503845215,medbullets
694,Low,22.754051208496094,medbullets
694,Low,120.12757110595703,medbullets
694,Low,16.030195236206055,medbullets
694,Low,23.464839935302734,medbullets
694,Low,34.24013137817383,medbullets
694,Low,10.539748191833496,medbullets
694,Low,5.5149827003479,medbullets
694,Low,65.81487274169922,medbullets
694,Low,95.57353973388672,medbullets
695,High,10.662629127502441,jama
695,High,73.52935791015625,jama
695,High,36.56922912597656,jama
695,High,19.296524047851562,jama
695,High,43.51763153076172,jama
695,High,43.119895935058594,jama
695,High,52.014652252197266,jama
695,High,37.77729797363281,jama
695,High,96.02870178222656,jama
695,High,59.678260803222656,jama
695,High,65.41670227050781,jama
695,High,173.79600524902344,jama
695,High,848.3783569335938,jama
695,High,9.698990821838379,jama
695,High,28.681386947631836,jama
695,High,29.06192970275879,jama
695,Low,12.361696243286133,jama
695,Low,137.935791015625,jama
695,Low,115.46992492675781,jama
695,Low,146.3973846435547,jama
695,Low,37.844242095947266,jama
696,High,25.355695724487305,mmlu
696,High,101.48114776611328,mmlu
696,High,66.27102661132812,mmlu
696,High,54.68264389038086,mmlu
696,Low,27.913251876831055,mmlu
696,Low,68.70694732666016,mmlu
696,Low,9.512367248535156,mmlu
696,Low,40.0933723449707,mmlu
696,Low,47.123878479003906,mmlu
696,Low,50.08712387084961,mmlu
696,Low,41.42094039916992,mmlu
697,High,31.846006393432617,jama
697,High,24.894861221313477,jama
697,High,25.7325382232666,jama
697,High,19.44015884399414,jama
697,High,82.62055969238281,jama
697,High,68.02175903320312,jama
697,High,30.045948028564453,jama
697,High,54.13345718383789,jama
697,High,34.18463897705078,jama
697,High,39.66302490234375,jama
697,Low,104.06813049316406,jama
697,Low,15.074543952941895,jama
697,Low,46.55986785888672,jama
697,Low,123.4239501953125,jama
697,Low,32.4267463684082,jama
697,Low,598.7819213867188,jama
698,High,13.774949073791504,mmlu
698,High,23.056072235107422,mmlu
698,Low,26.48966407775879,mmlu
698,Low,50.23338317871094,mmlu
698,Low,188.78012084960938,mmlu
698,Low,506.8824462890625,mmlu
698,Low,40.0933723449707,mmlu
699,High,14.936239242553711,jama
699,High,347.8292541503906,jama
699,High,42.07004928588867,jama
699,High,26.782350540161133,jama
699,High,151.6671600341797,jama
699,High,62.50709915161133,jama
699,High,53.198158264160156,jama
699,High,70.51597595214844,jama
699,High,20.232711791992188,jama
699,High,20.671215057373047,jama
699,High,12.514749526977539,jama
699,High,134.13441467285156,jama
699,Low,35.30998992919922,jama
699,Low,118.0285415649414,jama
699,Low,185.21495056152344,jama
700,High,18.005687713623047,medbullets
700,High,19.523881912231445,medbullets
700,High,35.661739349365234,medbullets
700,High,41.552303314208984,medbullets
700,High,36.653656005859375,medbullets
700,High,30.098548889160156,medbullets
700,Low,22.811004638671875,medbullets
700,Low,73.97743225097656,medbullets
701,High,22.376659393310547,jama
701,High,19.832420349121094,jama
701,High,1832.0367431640625,jama
701,High,12.094700813293457,jama
701,High,79.96582794189453,jama
701,High,195.35499572753906,jama
701,High,106.4643783569336,jama
701,High,450.6914978027344,jama
701,High,84.59690856933594,jama
701,High,47.248756408691406,jama
701,High,73.53089904785156,jama
701,Low,42.999237060546875,jama
701,Low,20.659225463867188,jama
701,Low,51.38248062133789,jama
701,Low,505.0873718261719,jama
702,High,11.619346618652344,jama
702,High,23.220932006835938,jama
702,High,34.35891342163086,jama
702,High,38.162635803222656,jama
702,Low,23.46967315673828,jama
702,Low,23.855880737304688,jama
703,High,33.18648910522461,medbullets
703,High,41.129791259765625,medbullets
703,High,36.84162902832031,medbullets
703,High,28.566184997558594,medbullets
703,High,77.2055435180664,medbullets
703,Low,20.18060302734375,medbullets
703,Low,54.05510711669922,medbullets
703,Low,15.331550598144531,medbullets
703,Low,19.981225967407227,medbullets
703,Low,5.153805732727051,medbullets
703,Low,306.9124450683594,medbullets
703,Low,18.350114822387695,medbullets
703,Low,56.338775634765625,medbullets
704,High,35.90934753417969,medbullets
704,High,26.19000244140625,medbullets
704,High,78.12970733642578,medbullets
704,High,137.0612335205078,medbullets
704,Low,31.54779624938965,medbullets
704,Low,5.103777885437012,medbullets
705,High,20.835203170776367,jama
705,High,22.31312370300293,jama
705,High,11.853617668151855,jama
705,High,7.696196556091309,jama
705,High,12.91307544708252,jama
705,High,93.85758209228516,jama
705,High,21.083118438720703,jama
705,High,128.9807891845703,jama
705,High,10.9830904006958,jama
705,High,36.84837341308594,jama
705,High,102.17339324951172,jama
705,High,79.92340087890625,jama
705,High,112.05548858642578,jama
705,Low,11.74790096282959,jama
705,Low,130.46353149414062,jama
706,High,11.167656898498535,medbullets
706,High,19.021142959594727,medbullets
706,High,37.6093635559082,medbullets
706,High,24.050195693969727,medbullets
706,High,53.01108169555664,medbullets
706,High,34.68043899536133,medbullets
706,Low,44.16548538208008,medbullets
706,Low,22.398841857910156,medbullets
706,Low,5.508382797241211,medbullets
707,High,9.343111991882324,jama
707,High,70.01831817626953,jama
707,High,19.390600204467773,jama
707,High,95.66759490966797,jama
707,High,13.099766731262207,jama
707,High,4.78015661239624,jama
707,High,9.17977523803711,jama
707,High,63.35160446166992,jama
707,High,32.712100982666016,jama
707,High,9.052712440490723,jama
707,Low,29.692794799804688,jama
707,Low,100.7581787109375,jama
707,Low,21.989418029785156,jama
707,Low,33.527915954589844,jama
707,Low,57.82221603393555,jama
708,High,13.876871109008789,medbullets
708,High,13.648632049560547,medbullets
708,High,38.8442268371582,medbullets
708,High,42.735618591308594,medbullets
708,High,5.47484827041626,medbullets
708,High,64.28276062011719,medbullets
708,High,28.025970458984375,medbullets
708,High,11.926534652709961,medbullets
708,Low,11.376193046569824,medbullets
709,High,9.346516609191895,mmlu
709,High,47.30615997314453,mmlu
709,High,20.793874740600586,mmlu
709,High,11.767708778381348,mmlu
709,High,20.02806854248047,mmlu
709,High,76.3510971069336,mmlu
709,High,43.49934005737305,mmlu
709,High,126.6473388671875,mmlu
709,Low,18.94873809814453,mmlu
709,Low,226.2146759033203,mmlu
710,High,6.983643531799316,mmlu
710,High,60.499603271484375,mmlu
710,High,37.5359992980957,mmlu
710,High,7.555397033691406,mmlu
710,High,65.0387954711914,mmlu
710,High,92.39958953857422,mmlu
710,Low,46.48739242553711,mmlu
711,High,11.439276695251465,jama
711,High,1002.40380859375,jama
711,High,28.92928123474121,jama
711,High,38.5780143737793,jama
711,High,171.87527465820312,jama
711,High,637.2213134765625,jama
711,High,65.16756439208984,jama
711,High,179.30303955078125,jama
711,High,16.310083389282227,jama
711,High,41.27212142944336,jama
711,High,26.31180191040039,jama
711,High,24.202159881591797,jama
711,Low,8.47513198852539,jama
711,Low,93.74079895019531,jama
711,Low,74.54925537109375,jama
711,Low,1188.7578125,jama
712,High,10.346563339233398,jama
712,High,45.424007415771484,jama
712,High,12.794334411621094,jama
712,High,40.70478820800781,jama
712,High,43.95771408081055,jama
712,High,4.588346481323242,jama
712,High,27.944974899291992,jama
712,High,40.176841735839844,jama
712,High,17.483457565307617,jama
712,High,261.5267028808594,jama
712,High,98.50862884521484,jama
712,High,21.60269546508789,jama
712,High,4.691620349884033,jama
712,High,9.369758605957031,jama
712,High,27.093046188354492,jama
712,Low,20.06047821044922,jama
712,Low,18.449037551879883,jama
712,Low,21.519500732421875,jama
712,Low,13.231607437133789,jama
712,Low,11.176254272460938,jama
712,Low,19.559043884277344,jama
713,High,11.58631420135498,medbullets
713,High,34.56893539428711,medbullets
713,High,45.346153259277344,medbullets
713,High,6.188848495483398,medbullets
713,High,85.8967056274414,medbullets
713,High,40.66035461425781,medbullets
713,High,33.67904281616211,medbullets
713,Low,54.249366760253906,medbullets
714,High,20.06764030456543,medbullets
714,High,45.46685028076172,medbullets
714,High,63.606834411621094,medbullets
714,High,26.61954689025879,medbullets
714,High,41.190086364746094,medbullets
714,High,48.825199127197266,medbullets
714,High,24.27461051940918,medbullets
714,High,27.557371139526367,medbullets
714,High,120.15660858154297,medbullets
714,High,41.70219802856445,medbullets
714,High,24.365541458129883,medbullets
714,High,703.1177368164062,medbullets
714,Low,18.320755004882812,medbullets
714,Low,33.85587692260742,medbullets
714,Low,7.183187484741211,medbullets
715,High,66.51390838623047,medxpert
715,High,55.1534309387207,medxpert
715,Low,64.47818756103516,medxpert
715,Low,10.220536231994629,medxpert
715,Low,8.006328582763672,medxpert
715,Low,40.15671920776367,medxpert
715,Low,48.51323318481445,medxpert
715,Low,1027.177734375,medxpert
716,High,15.545089721679688,jama
716,High,30.995683670043945,jama
716,High,27.321075439453125,jama
716,High,47.63713836669922,jama
716,High,16.906126022338867,jama
716,High,21.64234733581543,jama
716,Low,9.19755744934082,jama
716,Low,111.13713836669922,jama
717,High,7.266785621643066,medxpert
717,High,20.50059700012207,medxpert
717,High,6.184550762176514,medxpert
717,High,32.620567321777344,medxpert
717,Low,64.44204711914062,medxpert
717,Low,27.085412979125977,medxpert
717,Low,22.328737258911133,medxpert
718,High,12.414011001586914,medbullets
718,High,25.229291915893555,medbullets
718,High,13.370856285095215,medbullets
718,Low,161.23583984375,medbullets
718,Low,47.42274475097656,medbullets
718,Low,22.792165756225586,medbullets
718,Low,22.28896141052246,medbullets
718,Low,27.663421630859375,medbullets
718,Low,5.182941436767578,medbullets
718,Low,17.024505615234375,medbullets
718,Low,49.293209075927734,medbullets
719,High,64.82543182373047,medxpert
719,High,9.509081840515137,medxpert
719,High,62.62765884399414,medxpert
719,Low,52.17350769042969,medxpert
719,Low,8.400229454040527,medxpert
719,Low,15.357564926147461,medxpert
719,Low,669.4237670898438,medxpert
720,High,9.743183135986328,mmlu
720,High,109.54530334472656,mmlu
720,Low,23.561838150024414,mmlu
721,High,18.337173461914062,medbullets
721,High,19.279075622558594,medbullets
721,High,107.5752182006836,medbullets
721,High,27.083221435546875,medbullets
721,Low,19.261873245239258,medbullets
721,Low,39.127647399902344,medbullets
721,Low,12.680550575256348,medbullets
721,Low,5.941112995147705,medbullets
722,High,14.974017143249512,medxpert
722,High,34.397525787353516,medxpert
722,High,83.00465393066406,medxpert
722,High,60.81776809692383,medxpert
722,Low,23.425111770629883,medxpert
722,Low,154.7948760986328,medxpert
722,Low,4.088077068328857,medxpert
722,Low,18.644527435302734,medxpert
722,Low,8.853330612182617,medxpert
723,High,7.848480224609375,medxpert
723,High,9.448660850524902,medxpert
723,High,8.891831398010254,medxpert
723,High,33.755306243896484,medxpert
723,Low,30.81287956237793,medxpert
724,High,14.421347618103027,jama
724,High,19.827495574951172,jama
724,High,20.887935638427734,jama
724,High,40.07489776611328,jama
724,High,21.113155364990234,jama
724,High,65.24890899658203,jama
724,High,86.45539855957031,jama
724,High,129.17115783691406,jama
724,High,52.041683197021484,jama
724,High,74.26725769042969,jama
724,High,86.90927124023438,jama
724,Low,37.16627502441406,jama
724,Low,53.041927337646484,jama
724,Low,26.97530746459961,jama
725,High,8.134956359863281,jama
725,High,142.2630615234375,jama
725,High,12.960143089294434,jama
725,High,85.48446655273438,jama
725,High,209.38404846191406,jama
725,High,3.686546802520752,jama
725,High,4.648151397705078,jama
725,High,13.243263244628906,jama
725,High,24.665252685546875,jama
725,High,22.666973114013672,jama
725,High,19.072185516357422,jama
725,Low,20.097976684570312,jama
725,Low,66.93302154541016,jama
725,Low,10.446785926818848,jama
726,High,20.407272338867188,jama
726,High,24.565858840942383,jama
726,High,30.624216079711914,jama
726,High,43.2335205078125,jama
726,High,34.54920959472656,jama
726,High,29.4155330657959,jama
726,High,21.666391372680664,jama
726,High,29.419559478759766,jama
726,High,47.88496780395508,jama
726,High,15.949520111083984,jama
726,High,57.470455169677734,jama
726,High,195.3698272705078,jama
726,High,115.98538970947266,jama
726,Low,103.42955780029297,jama
726,Low,35.24885940551758,jama
726,Low,50.345550537109375,jama
727,High,10.945408821105957,medxpert
727,High,13.057499885559082,medxpert
727,High,4.634764194488525,medxpert
727,High,42.523101806640625,medxpert
727,High,104.184814453125,medxpert
727,High,108.31781005859375,medxpert
727,Low,307.9126281738281,medxpert
728,High,7.081515789031982,jama
728,High,171.49107360839844,jama
728,High,21.85396957397461,jama
728,High,20.081470489501953,jama
728,High,21.387142181396484,jama
728,High,51.4836311340332,jama
728,High,48.05478286743164,jama
728,High,24.873016357421875,jama
728,High,31.88588523864746,jama
728,High,22.56521987915039,jama
728,Low,39.6404914855957,jama
728,Low,67.89042663574219,jama
728,Low,48.96575164794922,jama
729,High,31.61471939086914,medxpert
729,High,127.95454406738281,medxpert
729,High,97.54051971435547,medxpert
729,High,13.759623527526855,medxpert
729,High,38.26618194580078,medxpert
729,Low,29.554336547851562,medxpert
729,Low,22.65613555908203,medxpert
730,High,10.994974136352539,mmlu
730,High,97.86188507080078,mmlu
730,High,22.53626823425293,mmlu
730,High,123.8908920288086,mmlu
730,High,13.626270294189453,mmlu
730,High,14.551885604858398,mmlu
730,High,18.15178108215332,mmlu
731,High,22.95914649963379,jama
731,High,23.726654052734375,jama
731,High,17.86690902709961,jama
731,High,3.0470433235168457,jama
731,High,30.327062606811523,jama
731,Low,13.731266021728516,jama
731,Low,17.614612579345703,jama
731,Low,66.3661117553711,jama
731,Low,259.67156982421875,jama
731,Low,60.3739013671875,jama
731,Low,204.84873962402344,jama
732,High,35.85982131958008,mmlu
732,High,10.338924407958984,mmlu
732,High,31.449588775634766,mmlu
732,High,31.53398323059082,mmlu
732,High,42.007774353027344,mmlu
732,High,27.84708023071289,mmlu
732,High,54.708229064941406,mmlu
732,High,52.26786804199219,mmlu
732,Low,37.68999099731445,mmlu
732,Low,16.477252960205078,mmlu
732,Low,51.16851806640625,mmlu
732,Low,72.60835266113281,mmlu
732,Low,21.59795570373535,mmlu
732,Low,40.15605926513672,mmlu
732,Low,27.674062728881836,mmlu
733,High,27.045053482055664,mmlu
733,High,34.27656555175781,mmlu
733,High,104.76248931884766,mmlu
733,Low,141.3634796142578,mmlu
734,High,10.534444808959961,jama
734,High,49.31245422363281,jama
734,High,51.18014144897461,jama
734,High,30.12202262878418,jama
734,High,39.312591552734375,jama
734,High,31.971738815307617,jama
734,High,53.56792068481445,jama
734,High,127.60881042480469,jama
734,High,90.75104522705078,jama
734,High,138.15150451660156,jama
734,High,30.473711013793945,jama
734,High,152.45838928222656,jama
734,High,63.05107879638672,jama
734,High,85.46580505371094,jama
734,Low,26.618995666503906,jama
735,High,12.287492752075195,mmlu
735,High,10.644726753234863,mmlu
735,Low,16.219438552856445,mmlu
735,Low,14.548418998718262,mmlu
735,Low,16.064111709594727,mmlu
735,Low,73.71418762207031,mmlu
736,High,73.296875,medxpert
736,High,65.4429702758789,medxpert
736,High,132.60235595703125,medxpert
736,High,100.3847427368164,medxpert
736,Low,88.69332885742188,medxpert
736,Low,23.71499252319336,medxpert
736,Low,48.72686004638672,medxpert
737,High,11.146928787231445,medxpert
737,High,34.030521392822266,medxpert
737,High,92.782470703125,medxpert
737,High,20.129032135009766,medxpert
737,High,57.81414031982422,medxpert
737,High,410.039306640625,medxpert
737,Low,15.588558197021484,medxpert
737,Low,135.7931671142578,medxpert
738,High,21.43830108642578,jama
738,High,41.04150390625,jama
738,High,47.21152877807617,jama
738,High,24.841238021850586,jama
738,High,34.861331939697266,jama
738,High,99.42953491210938,jama
738,High,30.17449378967285,jama
738,Low,35.54853057861328,jama
738,Low,91.28971862792969,jama
739,High,30.2332706451416,mmlu
739,High,44.66917419433594,mmlu
739,High,8.848052978515625,mmlu
739,High,45.829063415527344,mmlu
739,High,88.07510375976562,mmlu
739,High,25.286643981933594,mmlu
739,High,38.21125411987305,mmlu
739,High,215.78176879882812,mmlu
739,Low,114.8917007446289,mmlu
739,Low,47.071285247802734,mmlu
739,Low,18.227317810058594,mmlu
739,Low,46.94487380981445,mmlu
740,High,19.52170753479004,medbullets
740,High,25.352867126464844,medbullets
740,High,15.727066993713379,medbullets
740,High,64.6877212524414,medbullets
740,High,36.7851676940918,medbullets
740,Low,34.60153579711914,medbullets
740,Low,18.294456481933594,medbullets
740,Low,24.419292449951172,medbullets
740,Low,5.47779655456543,medbullets
741,High,18.726594924926758,medbullets
741,High,41.755245208740234,medbullets
741,High,47.66653823852539,medbullets
741,High,27.639175415039062,medbullets
741,High,5.1805806159973145,medbullets
741,High,5.564262866973877,medbullets
741,Low,32.245338439941406,medbullets
741,Low,34.927696228027344,medbullets
742,High,12.879303932189941,jama
742,High,152.07205200195312,jama
742,High,67.52347564697266,jama
742,High,20.544023513793945,jama
742,High,48.575687408447266,jama
742,High,9.668045997619629,jama
742,High,7.1392974853515625,jama
742,High,29.966903686523438,jama
742,High,64.52497100830078,jama
742,High,12.116207122802734,jama
742,High,37.95152282714844,jama
742,Low,14.811290740966797,jama
742,Low,168.39633178710938,jama
742,Low,13.66003704071045,jama
743,High,16.183006286621094,mmlu
743,High,41.063499450683594,mmlu
743,High,30.537235260009766,mmlu
743,Low,13.142349243164062,mmlu
743,Low,12.204431533813477,mmlu
744,High,34.703670501708984,medxpert
744,High,20.0656795501709,medxpert
744,Low,15.569418907165527,medxpert
744,Low,36.88275146484375,medxpert
744,Low,25.031980514526367,medxpert
745,High,11.393418312072754,medxpert
745,High,18.995391845703125,medxpert
745,High,28.303834915161133,medxpert
745,High,1.0,medxpert
745,High,10.958863258361816,medxpert
745,High,1.0,medxpert
745,High,1.0,medxpert
745,High,250.49464416503906,medxpert
745,High,245.64962768554688,medxpert
745,High,335.76324462890625,medxpert
745,High,1615.9774169921875,medxpert
745,High,289.44598388671875,medxpert
745,High,57.79823303222656,medxpert
745,High,40.0539665222168,medxpert
745,High,96.37890625,medxpert
745,High,5.271307945251465,medxpert
745,Low,73.85730743408203,medxpert
745,Low,160.02297973632812,medxpert
745,Low,145.07550048828125,medxpert
746,High,19.368274688720703,mmlu
746,High,35.530948638916016,mmlu
746,High,14.33045768737793,mmlu
746,High,9.51832103729248,mmlu
746,High,55.27725601196289,mmlu
746,High,40.240291595458984,mmlu
746,Low,50.488868713378906,mmlu
746,Low,44.643985748291016,mmlu
746,Low,18.29918098449707,mmlu
746,Low,95.28617858886719,mmlu
746,Low,45.48988723754883,mmlu
747,High,6.749095916748047,medbullets
747,High,31.99614906311035,medbullets
747,High,5.043240547180176,medbullets
747,High,95.01508331298828,medbullets
747,Low,29.283205032348633,medbullets
747,Low,26.427736282348633,medbullets
747,Low,83.77725982666016,medbullets
748,High,14.528846740722656,mmlu
748,High,22.24949836730957,mmlu
748,High,19.568382263183594,mmlu
748,High,83.39742279052734,mmlu
748,Low,19.590513229370117,mmlu
749,High,14.570247650146484,medbullets
749,High,33.985843658447266,medbullets
749,High,50.902366638183594,medbullets
749,High,117.98633575439453,medbullets
749,High,29.486894607543945,medbullets
749,High,5.53302526473999,medbullets
749,High,14.646441459655762,medbullets
749,Low,349.62982177734375,medbullets
749,Low,32.27294921875,medbullets
750,High,17.56422233581543,medbullets
750,High,34.714561462402344,medbullets
750,High,30.713211059570312,medbullets
750,Low,9.46744441986084,medbullets
750,Low,372.92852783203125,medbullets
750,Low,4.799172401428223,medbullets
751,High,21.455944061279297,jama
751,High,61.299827575683594,jama
751,High,34.03456497192383,jama
751,High,12.230422973632812,jama
751,High,18.64883041381836,jama
751,High,13.790005683898926,jama
751,High,33.99114227294922,jama
751,High,7.918635368347168,jama
751,High,40.523929595947266,jama
751,High,17.347623825073242,jama
751,High,24.72071647644043,jama
751,High,23.11589813232422,jama
751,High,50.609920501708984,jama
751,Low,51.257415771484375,jama
751,Low,41.43885040283203,jama
751,Low,112.65982055664062,jama
751,Low,18.054567337036133,jama
751,Low,586.4124755859375,jama
751,Low,236.4818115234375,jama
751,Low,10.543696403503418,jama
751,Low,18.82664680480957,jama
752,High,14.405071258544922,medxpert
752,High,49.2391471862793,medxpert
752,High,123.28766632080078,medxpert
752,Low,58.265052795410156,medxpert
753,High,16.9257755279541,mmlu
753,High,30.176321029663086,mmlu
753,High,22.68044090270996,mmlu
753,High,102.60749053955078,mmlu
753,High,81.29841613769531,mmlu
753,High,32.691734313964844,mmlu
753,High,98.59453582763672,mmlu
753,High,32.93069839477539,mmlu
753,Low,204.21966552734375,mmlu
753,Low,6.607310771942139,mmlu
753,Low,10.542037010192871,mmlu
753,Low,8.57778263092041,mmlu
753,Low,84.28963470458984,mmlu
753,Low,32.50485610961914,mmlu
753,Low,68.66891479492188,mmlu
754,High,13.202720642089844,jama
754,High,16.005207061767578,jama
754,High,14.895651817321777,jama
754,High,40.26247787475586,jama
754,High,21.26331901550293,jama
754,High,47.04849624633789,jama
754,High,22.451740264892578,jama
754,High,10.433013916015625,jama
754,High,19.771080017089844,jama
755,High,11.038616180419922,jama
755,High,13.696637153625488,jama
755,High,16.71677017211914,jama
755,High,33.911800384521484,jama
755,High,105.24812316894531,jama
755,Low,22.674882888793945,jama
755,Low,27.589447021484375,jama
755,Low,46.55066680908203,jama
755,Low,17.420108795166016,jama
755,Low,27.97157859802246,jama
756,High,8.713592529296875,medxpert
756,High,17.676626205444336,medxpert
756,High,6.488043785095215,medxpert
756,High,9.776989936828613,medxpert
756,High,9.697919845581055,medxpert
756,Low,20.82623291015625,medxpert
757,High,23.32506561279297,medxpert
757,High,15.469327926635742,medxpert
757,High,42.02552795410156,medxpert
757,Low,42.406982421875,medxpert
757,Low,8.954784393310547,medxpert
757,Low,55.71427917480469,medxpert
758,High,13.039206504821777,jama
758,High,18.039621353149414,jama
758,High,40.54471969604492,jama
758,High,31.575458526611328,jama
758,High,60.280120849609375,jama
758,High,30.32967185974121,jama
758,High,90.67764282226562,jama
758,High,47.623592376708984,jama
758,High,135.0142364501953,jama
758,High,13.631988525390625,jama
758,High,24.672651290893555,jama
758,Low,73.18891906738281,jama
758,Low,32.93557357788086,jama
758,Low,33.808189392089844,jama
758,Low,116.16217803955078,jama
758,Low,27.85700798034668,jama
758,Low,58.54845428466797,jama
758,Low,10.881888389587402,jama
758,Low,13.596320152282715,jama
759,High,10.870694160461426,mmlu
759,High,45.87907028198242,mmlu
759,Low,37.478370666503906,mmlu
760,High,11.408096313476562,mmlu
760,High,30.270124435424805,mmlu
760,High,31.159860610961914,mmlu
760,High,6.882482051849365,mmlu
760,High,344.1361083984375,mmlu
760,High,13.460021018981934,mmlu
761,High,6.257657527923584,jama
761,High,48.49872970581055,jama
761,High,36.888343811035156,jama
761,High,13.680684089660645,jama
761,High,22.685138702392578,jama
761,High,35.71780014038086,jama
761,Low,62.17380905151367,jama
761,Low,36.28911590576172,jama
761,Low,10.639753341674805,jama
761,Low,65.14631652832031,jama
761,Low,17.839006423950195,jama
761,Low,22.57647705078125,jama
761,Low,26.661739349365234,jama
761,Low,28.60923957824707,jama
762,High,10.553987503051758,jama
762,High,52.984230041503906,jama
762,High,13.092135429382324,jama
762,High,104.7621841430664,jama
762,High,30.093868255615234,jama
762,High,35.83049774169922,jama
762,High,29.822200775146484,jama
762,High,69.34442138671875,jama
762,High,18.393535614013672,jama
762,High,178.93943786621094,jama
762,High,110.2408218383789,jama
762,High,28.581363677978516,jama
762,High,131.19741821289062,jama
762,High,21.859460830688477,jama
762,Low,221.17831420898438,jama
763,High,19.264211654663086,medxpert
763,High,24.70123291015625,medxpert
763,High,39.61775588989258,medxpert
763,Low,99.96477508544922,medxpert
763,Low,8.575733184814453,medxpert
763,Low,71.51842498779297,medxpert
763,Low,84.29735565185547,medxpert
763,Low,85.91592407226562,medxpert
763,Low,32.3660774230957,medxpert
764,High,8.389655113220215,medbullets
764,High,28.386228561401367,medbullets
764,High,35.597721099853516,medbullets
764,High,11.4712553024292,medbullets
764,High,6.424086570739746,medbullets
764,High,225.3007354736328,medbullets
764,High,547.1527709960938,medbullets
764,High,27.73790168762207,medbullets
764,High,9.662823677062988,medbullets
764,Low,62.300472259521484,medbullets
765,High,32.33098602294922,jama
765,High,27.927410125732422,jama
765,High,369.32073974609375,jama
765,High,30.614425659179688,jama
765,Low,38.96380615234375,jama
766,High,12.457141876220703,medxpert
766,High,11.834739685058594,medxpert
766,High,12.204315185546875,medxpert
766,Low,12.981053352355957,medxpert
766,Low,74.42465209960938,medxpert
767,High,37.51508712768555,jama
767,High,22.128103256225586,jama
767,High,31.771909713745117,jama
767,High,27.006322860717773,jama
767,High,15.784650802612305,jama
767,High,10.064215660095215,jama
767,High,137.8275146484375,jama
767,High,30.774612426757812,jama
767,High,13.50920581817627,jama
767,High,26.912519454956055,jama
767,High,42.631004333496094,jama
767,High,17.39507484436035,jama
767,High,15.05147647857666,jama
767,High,631.869140625,jama
767,High,56.51905059814453,jama
767,Low,88.6832275390625,jama
767,Low,46.252037048339844,jama
768,High,25.858781814575195,medxpert
768,High,48.2184944152832,medxpert
768,High,18.916582107543945,medxpert
768,Low,341.9844970703125,medxpert
769,High,12.575763702392578,jama
769,High,29.516281127929688,jama
769,High,25.685609817504883,jama
769,Low,19.864173889160156,jama
769,Low,119.82355499267578,jama
769,Low,16.37016487121582,jama
769,Low,24.498123168945312,jama
769,Low,22.580751419067383,jama
769,Low,124.18781280517578,jama
769,Low,40.977256774902344,jama
770,High,17.543426513671875,jama
770,High,13.962719917297363,jama
770,High,24.568260192871094,jama
770,High,419.5367736816406,jama
770,High,33.202842712402344,jama
770,High,142.37998962402344,jama
770,High,42.90401840209961,jama
770,High,13.961432456970215,jama
770,High,20.14107322692871,jama
770,High,39.22920227050781,jama
770,Low,86.237548828125,jama
770,Low,39.76808547973633,jama
770,Low,229.91493225097656,jama
771,High,60.961753845214844,medxpert
771,High,25.951356887817383,medxpert
771,High,20.840730667114258,medxpert
771,Low,39.435585021972656,medxpert
771,Low,13.214872360229492,medxpert
771,Low,5.555534839630127,medxpert
771,Low,90.34075927734375,medxpert
772,High,15.393324851989746,medbullets
772,High,184.83621215820312,medbullets
772,High,41.13446044921875,medbullets
772,High,33.38154602050781,medbullets
772,Low,8.178275108337402,medbullets
772,Low,15.256699562072754,medbullets
772,Low,16.94182014465332,medbullets
772,Low,5.1904296875,medbullets
773,High,17.067777633666992,mmlu
773,Low,212.03916931152344,mmlu
773,Low,18.143653869628906,mmlu
773,Low,20.585887908935547,mmlu
773,Low,18.065595626831055,mmlu
773,Low,10.105167388916016,mmlu
773,Low,14.672518730163574,mmlu
774,High,17.672061920166016,medxpert
774,High,20.253662109375,medxpert
774,High,389.4921875,medxpert
774,High,3124.017333984375,medxpert
774,High,1.0,medxpert
774,High,1.0,medxpert
774,High,1.0,medxpert
774,High,23.901714324951172,medxpert
774,High,488.5326232910156,medxpert
774,High,73.69981384277344,medxpert
774,High,11.606386184692383,medxpert
774,High,1.0,medxpert
774,High,130.08187866210938,medxpert
774,High,20.807403564453125,medxpert
774,High,1.0,medxpert
774,High,69.47499084472656,medxpert
774,High,33.81809997558594,medxpert
774,High,5.868102550506592,medxpert
774,High,15.714427947998047,medxpert
774,High,12.325428009033203,medxpert
774,High,1.0,medxpert
774,High,1012.2409057617188,medxpert
774,High,10.924428939819336,medxpert
774,High,1.0,medxpert
774,High,459.8311462402344,medxpert
774,High,19.085708618164062,medxpert
774,High,1.0,medxpert
774,High,217.4210968017578,medxpert
774,High,10.458843231201172,medxpert
774,High,1.0,medxpert
774,High,368.7637634277344,medxpert
774,High,11.054036140441895,medxpert
774,High,1.0,medxpert
774,High,324.1641540527344,medxpert
774,High,8.238336563110352,medxpert
774,High,1.0,medxpert
774,High,22.811813354492188,medxpert
774,High,28.602582931518555,medxpert
774,High,1.0,medxpert
774,High,1.0,medxpert
774,High,28.239131927490234,medxpert
774,High,1.0,medxpert
774,High,346.4215087890625,medxpert
774,High,28.715633392333984,medxpert
774,High,1.0,medxpert
774,High,857.4014282226562,medxpert
774,High,29.862586975097656,medxpert
774,High,1.0,medxpert
774,High,117.06101989746094,medxpert
774,High,43.861663818359375,medxpert
774,High,1.0,medxpert
774,High,26.896392822265625,medxpert
774,High,7.886159896850586,medxpert
774,High,1.0,medxpert
774,High,106.06610870361328,medxpert
774,High,16855.32421875,medxpert
774,High,1.0,medxpert
774,High,1.0,medxpert
774,High,16.56138038635254,medxpert
774,High,1.0,medxpert
774,High,182.78919982910156,medxpert
774,High,8.45163631439209,medxpert
774,High,1.0,medxpert
774,High,1522.5242919921875,medxpert
774,High,11.788867950439453,medxpert
774,High,1.0,medxpert
774,High,60.71562576293945,medxpert
774,High,16.6488037109375,medxpert
774,High,185.35968017578125,medxpert
774,Low,29.846492767333984,medxpert
774,Low,27.315832138061523,medxpert
774,Low,24.539731979370117,medxpert
774,Low,22.163972854614258,medxpert
774,Low,45.429378509521484,medxpert
774,Low,21.515478134155273,medxpert
774,Low,90.34075927734375,medxpert
774,Low,65.87970733642578,medxpert
774,Low,66.5528335571289,medxpert
775,High,8.575279235839844,medbullets
775,High,15.116883277893066,medbullets
775,High,5.724961280822754,medbullets
775,High,118.26200103759766,medbullets
775,High,55.515201568603516,medbullets
775,High,61.42171859741211,medbullets
775,High,22.58356285095215,medbullets
775,Low,16.841135025024414,medbullets
775,Low,45.4924201965332,medbullets
775,Low,47.292301177978516,medbullets
776,High,14.118940353393555,medxpert
776,High,17.40400505065918,medxpert
776,High,66.19017028808594,medxpert
776,High,17.844829559326172,medxpert
776,High,39.936317443847656,medxpert
776,Low,173.67413330078125,medxpert
776,Low,34.624298095703125,medxpert
776,Low,23.79865074157715,medxpert
776,Low,18.572490692138672,medxpert
776,Low,8.872077941894531,medxpert
776,Low,69.9800033569336,medxpert
777,High,26.921464920043945,medxpert
777,High,20.647104263305664,medxpert
777,High,235.37998962402344,medxpert
777,Low,20.949487686157227,medxpert
777,Low,16.486474990844727,medxpert
777,Low,135.64683532714844,medxpert
778,High,10.641140937805176,medxpert
778,High,19.35454559326172,medxpert
778,High,32.104434967041016,medxpert
778,High,42.18113708496094,medxpert
778,High,15.3351469039917,medxpert
778,Low,40.019412994384766,medxpert
778,Low,45.90503692626953,medxpert
779,High,15.139368057250977,jama
779,High,51.881656646728516,jama
779,High,15.145336151123047,jama
779,High,38.26063537597656,jama
779,High,23.29438018798828,jama
779,High,52.94856643676758,jama
779,High,41.47091293334961,jama
779,Low,11.331244468688965,jama
779,Low,56.54024124145508,jama
779,Low,101.57908630371094,jama
779,Low,191.93592834472656,jama
779,Low,74.83849334716797,jama
779,Low,241.51321411132812,jama
780,High,27.974794387817383,mmlu
780,High,29.741186141967773,mmlu
780,High,10.756869316101074,mmlu
780,High,38.972816467285156,mmlu
780,High,74.37601470947266,mmlu
780,High,46.9900016784668,mmlu
780,High,74.64728546142578,mmlu
780,High,197.28509521484375,mmlu
780,High,30.237897872924805,mmlu
780,Low,9.814027786254883,mmlu
780,Low,7.913516998291016,mmlu
780,Low,149.50401306152344,mmlu
781,High,25.193376541137695,mmlu
781,High,15.524774551391602,mmlu
781,High,8.085049629211426,mmlu
781,High,185.4562225341797,mmlu
781,High,5.036779403686523,mmlu
781,High,19.247791290283203,mmlu
781,Low,25.532541275024414,mmlu
781,Low,36.51255798339844,mmlu
781,Low,9.831306457519531,mmlu
782,High,20.821321487426758,medbullets
782,High,93.9229507446289,medbullets
782,High,34.684288024902344,medbullets
782,High,29.7552433013916,medbullets
782,High,42.58411407470703,medbullets
782,High,55.86152267456055,medbullets
782,Low,25.32996368408203,medbullets
782,Low,5.508382797241211,medbullets
783,High,11.209734916687012,medxpert
783,High,28.04237174987793,medxpert
783,High,9.599926948547363,medxpert
783,High,52.901702880859375,medxpert
783,Low,29.454553604125977,medxpert
784,High,25.799718856811523,jama
784,High,24.477880477905273,jama
784,High,109.01436614990234,jama
784,High,34.13191604614258,jama
784,High,29.52044105529785,jama
784,Low,59.27401351928711,jama
784,Low,28.175607681274414,jama
785,High,38.29752731323242,mmlu
785,Low,24.761428833007812,mmlu
785,Low,27.323564529418945,mmlu
785,Low,24.093957901000977,mmlu
785,Low,10.897748947143555,mmlu
785,Low,82.31446075439453,mmlu
786,High,14.492353439331055,medxpert
786,High,22.78964614868164,medxpert
786,High,10.872743606567383,medxpert
786,High,34.50609588623047,medxpert
786,High,5.924890518188477,medxpert
786,High,38.99541473388672,medxpert
786,Low,491.40350341796875,medxpert
786,Low,25.496789932250977,medxpert
786,Low,18.131746292114258,medxpert
786,Low,113.61463928222656,medxpert
786,Low,10.2725248336792,medxpert
786,Low,27.2346248626709,medxpert
786,Low,20.65212059020996,medxpert
786,Low,40.15605926513672,medxpert
787,High,282.6543273925781,medbullets
787,High,27.141502380371094,medbullets
787,High,22.415477752685547,medbullets
787,High,62.027671813964844,medbullets
787,Low,18.990108489990234,medbullets
787,Low,60.512847900390625,medbullets
787,Low,22.452972412109375,medbullets
787,Low,585.3907470703125,medbullets
787,Low,7.381178379058838,medbullets
788,High,18.709552764892578,medxpert
788,High,18.905319213867188,medxpert
788,High,18.72960090637207,medxpert
788,High,15.913200378417969,medxpert
788,High,46.897865295410156,medxpert
788,High,119.56615447998047,medxpert
788,High,55.31731033325195,medxpert
789,High,12.476996421813965,medxpert
789,High,30.44062042236328,medxpert
789,High,114.57286071777344,medxpert
789,High,99.69343566894531,medxpert
789,High,139.1067657470703,medxpert
789,Low,10.991928100585938,medxpert
789,Low,18.789386749267578,medxpert
789,Low,10.727437019348145,medxpert
789,Low,6.251319885253906,medxpert
789,Low,45.14867401123047,medxpert
789,Low,41.904972076416016,medxpert
790,High,14.665767669677734,mmlu
790,High,19.968463897705078,mmlu
790,High,77.48362731933594,mmlu
790,High,79.5843276977539,mmlu
790,High,47.9116325378418,mmlu
790,Low,24.8742733001709,mmlu
790,Low,18.09726333618164,mmlu
790,Low,7.843074321746826,mmlu
790,Low,32.98171615600586,mmlu
790,Low,36.044620513916016,mmlu
791,High,19.826488494873047,medxpert
791,High,74.83381652832031,medxpert
791,High,47.08698654174805,medxpert
791,High,91.1055908203125,medxpert
791,High,306.2096252441406,medxpert
791,High,48.61573028564453,medxpert
791,Low,90.79402923583984,medxpert
791,Low,11.972018241882324,medxpert
792,High,23.416614532470703,jama
792,High,101.79641723632812,jama
792,High,33.80769729614258,jama
792,High,99.4977798461914,jama
792,High,51.096649169921875,jama
792,High,22.575439453125,jama
792,Low,50.19050598144531,jama
793,High,10.202203750610352,medbullets
793,High,29.928110122680664,medbullets
793,High,22.541400909423828,medbullets
793,High,26.786239624023438,medbullets
793,High,54.43748092651367,medbullets
793,Low,26.49104118347168,medbullets
793,Low,35.910274505615234,medbullets
793,Low,5.196649551391602,medbullets
793,Low,141.36024475097656,medbullets
793,Low,37.013248443603516,medbullets
793,Low,39.78499221801758,medbullets
794,High,22.729143142700195,medxpert
794,High,58.41050720214844,medxpert
794,High,84.39838409423828,medxpert
794,High,62.54108810424805,medxpert
794,High,60.810665130615234,medxpert
794,Low,14.988452911376953,medxpert
794,Low,11.5514497756958,medxpert
794,Low,117.80644226074219,medxpert
795,High,24.31814193725586,medxpert
795,High,45.59711837768555,medxpert
795,High,123.41082763671875,medxpert
795,High,14.25495433807373,medxpert
795,High,130.8463134765625,medxpert
795,High,57.106727600097656,medxpert
795,High,1.0,medxpert
795,High,1.0,medxpert
795,High,21.55274772644043,medxpert
795,High,61.626609802246094,medxpert
795,High,58.59434509277344,medxpert
795,High,53.45553207397461,medxpert
795,High,40.363128662109375,medxpert
795,High,41.28102493286133,medxpert
795,High,7.886159896850586,medxpert
795,High,2672.11328125,medxpert
795,High,7.801258563995361,medxpert
795,High,2822.314453125,medxpert
795,High,53.94729232788086,medxpert
795,Low,11.168747901916504,medxpert
795,Low,21.306875228881836,medxpert
795,Low,7.178072929382324,medxpert
796,High,8.303889274597168,medxpert
796,High,97.59374237060547,medxpert
796,Low,22.906776428222656,medxpert
796,Low,183.3553009033203,medxpert
796,Low,24.69721031188965,medxpert
797,High,13.83471965789795,medxpert
797,High,33.37970733642578,medxpert
797,High,31.688182830810547,medxpert
797,High,35.70566177368164,medxpert
797,High,123.93539428710938,medxpert
797,Low,70.59585571289062,medxpert
798,High,137.56671142578125,medxpert
798,Low,11.123382568359375,medxpert
798,Low,42.33753967285156,medxpert
798,Low,49.71938705444336,medxpert
799,High,12.45311164855957,jama
799,High,13.529251098632812,jama
799,High,19.819517135620117,jama
799,High,29.148574829101562,jama
799,High,31.213516235351562,jama
799,High,38.78895950317383,jama
799,High,10.973379135131836,jama
799,High,32.382747650146484,jama
799,Low,16.85771369934082,jama
799,Low,64.00869750976562,jama
799,Low,59.649009704589844,jama
800,High,9.790326118469238,mmlu
800,High,24.105121612548828,mmlu
800,High,50.9943962097168,mmlu
800,High,8.006152153015137,mmlu
800,High,23.166461944580078,mmlu
800,Low,25.31209945678711,mmlu
800,Low,47.32740783691406,mmlu
801,High,14.152328491210938,medxpert
801,High,13.362831115722656,medxpert
801,Low,8.846186637878418,medxpert
802,High,12.085504531860352,medxpert
802,High,20.105915069580078,medxpert
802,High,30.25425148010254,medxpert
802,Low,185.7583770751953,medxpert
802,Low,19.739686965942383,medxpert
802,Low,89.61912536621094,medxpert
802,Low,22.73052406311035,medxpert
803,High,9.609370231628418,medxpert
803,High,20.07699966430664,medxpert
803,High,22.97940444946289,medxpert
803,High,6.687720775604248,medxpert
803,High,26.19631576538086,medxpert
803,Low,35.992271423339844,medxpert
804,High,21.780988693237305,medxpert
804,High,9.433918952941895,medxpert
804,High,17.336435317993164,medxpert
804,Low,50.84447479248047,medxpert
804,Low,18.258934020996094,medxpert
805,High,26.112396240234375,medxpert
805,High,18.459142684936523,medxpert
805,High,10.360527992248535,medxpert
805,Low,55.345645904541016,medxpert
805,Low,4.3224873542785645,medxpert
806,High,26.68539810180664,jama
806,High,27.596446990966797,jama
806,High,77.08037567138672,jama
806,High,17.6125431060791,jama
806,High,34.93399429321289,jama
806,High,9.934538841247559,jama
806,High,29.701786041259766,jama
806,High,82.78607177734375,jama
806,High,230.30828857421875,jama
806,Low,13.363045692443848,jama
806,Low,22.80423355102539,jama
806,Low,8.547107696533203,jama
806,Low,13.255757331848145,jama
806,Low,22.438512802124023,jama
807,High,20.885757446289062,jama
807,High,66.4533920288086,jama
807,High,10.073748588562012,jama
807,High,9.14730453491211,jama
807,Low,8.694659233093262,jama
807,Low,63.32544708251953,jama
807,Low,61.70320510864258,jama
807,Low,38.04568862915039,jama
807,Low,28.927627563476562,jama
807,Low,100.27436828613281,jama
808,High,20.164928436279297,medxpert
808,High,36.04975128173828,medxpert
808,High,55.8594970703125,medxpert
808,High,49.10378646850586,medxpert
808,High,21.470388412475586,medxpert
808,High,22.30939483642578,medxpert
808,Low,78.80070495605469,medxpert
808,Low,33.916778564453125,medxpert
809,High,14.720396041870117,medbullets
809,High,17.555326461791992,medbullets
809,Low,86.80722045898438,medbullets
809,Low,49.084007263183594,medbullets
809,Low,5.313594818115234,medbullets
809,Low,371.89801025390625,medbullets
809,Low,74.25627899169922,medbullets
809,Low,17.454137802124023,medbullets
810,High,48.32065200805664,jama
810,High,71.38544464111328,jama
810,High,18.72233772277832,jama
810,High,14.8236083984375,jama
810,High,31.640840530395508,jama
810,High,64.62264251708984,jama
810,High,81.05387115478516,jama
810,High,28.048906326293945,jama
810,High,822.0090942382812,jama
810,Low,37.92143249511719,jama
810,Low,64.9676284790039,jama
810,Low,26.739959716796875,jama
810,Low,77.44144439697266,jama
810,Low,18.51472282409668,jama
810,Low,131.5620880126953,jama
811,High,26.276277542114258,medxpert
811,High,12.811161994934082,medxpert
811,High,41.59739685058594,medxpert
811,Low,22.182971954345703,medxpert
812,High,51.488773345947266,medxpert
812,High,80.61487579345703,medxpert
812,High,61.75654602050781,medxpert
812,High,98.2868881225586,medxpert
812,High,389.4921875,medxpert
812,High,3124.017333984375,medxpert
812,High,1.0,medxpert
812,High,1.0,medxpert
812,High,1.0,medxpert
812,High,28.302248001098633,medxpert
812,High,1.0,medxpert
812,High,326.70660400390625,medxpert
812,High,14.507302284240723,medxpert
812,High,1.0,medxpert
812,High,132.38868713378906,medxpert
812,High,16.637561798095703,medxpert
812,High,1.0,medxpert
812,High,22.85594940185547,medxpert
812,High,6.923243045806885,medxpert
812,High,1.0,medxpert
812,High,194.70477294921875,medxpert
812,High,8.77382755279541,medxpert
812,High,1.0,medxpert
812,High,43.391502380371094,medxpert
812,High,66.89913940429688,medxpert
812,High,1.0,medxpert
812,High,19.987701416015625,medxpert
812,High,43.861663818359375,medxpert
812,High,1.0,medxpert
812,High,17.06719398498535,medxpert
812,High,16.02336311340332,medxpert
812,High,1.0,medxpert
812,High,443.0798645019531,medxpert
812,High,192.86317443847656,medxpert
812,High,125.52210235595703,medxpert
812,Low,11.897078514099121,medxpert
812,Low,43.786766052246094,medxpert
812,Low,144.5767059326172,medxpert
813,High,12.922734260559082,mmlu
813,High,305.7159118652344,mmlu
813,High,29.976951599121094,mmlu
813,Low,13.518095016479492,mmlu
813,Low,45.48988723754883,mmlu
814,High,19.983007431030273,medxpert
814,High,42.95583724975586,medxpert
814,High,15.555222511291504,medxpert
814,High,60.04161834716797,medxpert
814,Low,20.437671661376953,medxpert
814,Low,49.83740234375,medxpert
814,Low,4.360992431640625,medxpert
814,Low,86.25922393798828,medxpert
815,High,10.224559783935547,medxpert
815,High,38.98905563354492,medxpert
815,High,26.12880516052246,medxpert
815,Low,34.53019332885742,medxpert
816,High,15.711966514587402,medxpert
816,High,30.000282287597656,medxpert
816,High,6.710646152496338,medxpert
816,High,28.627471923828125,medxpert
816,Low,21.221145629882812,medxpert
816,Low,53.88166046142578,medxpert
817,High,15.98184585571289,medxpert
817,High,10.797183990478516,medxpert
817,High,21.445858001708984,medxpert
817,High,15.8768310546875,medxpert
817,Low,69.68789672851562,medxpert
818,High,15.441426277160645,medxpert
818,High,44.759613037109375,medxpert
818,High,134.8285675048828,medxpert
818,High,16.59701919555664,medxpert
818,Low,20.705978393554688,medxpert
818,Low,11.314075469970703,medxpert
818,Low,19.739686965942383,medxpert
818,Low,35.90529251098633,medxpert
819,High,15.181788444519043,mmlu
819,High,8.729848861694336,mmlu
819,High,22.94507598876953,mmlu
819,High,27.116802215576172,mmlu
819,High,18.696861267089844,mmlu
819,High,23.147233963012695,mmlu
819,Low,77.28201293945312,mmlu
819,Low,13.514482498168945,mmlu
819,Low,915.6751098632812,mmlu
819,Low,23.704771041870117,mmlu
819,Low,104.48968505859375,mmlu
819,Low,185.2186737060547,mmlu
819,Low,167.3490753173828,mmlu
820,High,21.40525245666504,medxpert
820,High,19.916973114013672,medxpert
820,High,28.19722557067871,medxpert
820,High,45.498199462890625,medxpert
820,High,5.544703960418701,medxpert
820,Low,26.11585807800293,medxpert
820,Low,22.968826293945312,medxpert
820,Low,15.494302749633789,medxpert
820,Low,28.380693435668945,medxpert
820,Low,12.282563209533691,medxpert
821,High,31.668914794921875,jama
821,High,20.806425094604492,jama
821,High,205.3734588623047,jama
821,High,14.520438194274902,jama
821,High,100.04540252685547,jama
821,High,36.80891036987305,jama
821,Low,27.26194953918457,jama
821,Low,46.69232177734375,jama
821,Low,31.2309513092041,jama
821,Low,41.18745422363281,jama
821,Low,54.47514343261719,jama
822,High,147.1587371826172,jama
822,High,213.8809051513672,jama
822,High,17.586151123046875,jama
822,High,21.217296600341797,jama
822,High,87.31330871582031,jama
822,High,22.441165924072266,jama
822,High,72.51517486572266,jama
822,High,29.618139266967773,jama
822,High,148.9455108642578,jama
822,High,21.98077964782715,jama
822,High,91.91848754882812,jama
822,High,18.22834014892578,jama
822,High,19.685361862182617,jama
822,Low,100.48090362548828,jama
822,Low,45.887943267822266,jama
822,Low,94.9378662109375,jama
822,Low,96.46493530273438,jama
822,Low,71.75039672851562,jama
822,Low,68.00538635253906,jama
822,Low,31.78940773010254,jama
822,Low,50.722938537597656,jama
823,High,10.282212257385254,mmlu
823,High,33.332977294921875,mmlu
823,High,18.252099990844727,mmlu
823,High,8.816410064697266,mmlu
823,High,46.59904861450195,mmlu
823,High,178.84262084960938,mmlu
823,Low,55.647823333740234,mmlu
823,Low,14.508661270141602,mmlu
824,High,12.356952667236328,medxpert
824,High,44.73570251464844,medxpert
824,High,68.55669403076172,medxpert
824,High,37.71019744873047,medxpert
825,High,34.18062210083008,jama
825,High,23.585102081298828,jama
825,High,98.82398986816406,jama
825,High,75.51258850097656,jama
825,High,48.24333190917969,jama
825,High,50.53908157348633,jama
825,High,33.780006408691406,jama
825,High,67.15181732177734,jama
825,High,105.4554443359375,jama
825,High,18.909854888916016,jama
825,High,28.108171463012695,jama
825,Low,14.470439910888672,jama
825,Low,307.81292724609375,jama
826,High,12.630903244018555,mmlu
826,High,42.63848876953125,mmlu
826,High,26.212234497070312,mmlu
826,High,7.0524444580078125,mmlu
826,High,42.04765701293945,mmlu
826,High,46.990055084228516,mmlu
826,High,258.24957275390625,mmlu
826,High,11.476585388183594,mmlu
826,Low,56.77355194091797,mmlu
826,Low,61.893978118896484,mmlu
827,High,10.788931846618652,mmlu
827,High,24.96331214904785,mmlu
827,High,10.188545227050781,mmlu
827,High,21.490245819091797,mmlu
827,High,19.11162757873535,mmlu
827,High,38.47842025756836,mmlu
827,Low,34.03066635131836,mmlu
827,Low,17.785871505737305,mmlu
827,Low,17.78538703918457,mmlu
827,Low,13.743475914001465,mmlu
827,Low,366.609375,mmlu
828,High,17.975650787353516,jama
828,High,41.60249328613281,jama
828,High,7.640750885009766,jama
828,High,228.56724548339844,jama
828,High,29.859121322631836,jama
828,High,19.824748992919922,jama
828,Low,61.976287841796875,jama
828,Low,20.77827262878418,jama
828,Low,68.44218444824219,jama
828,Low,14.229208946228027,jama
828,Low,78.75652313232422,jama
828,Low,20.92389678955078,jama
828,Low,21.21271324157715,jama
829,High,125.92994689941406,jama
829,High,18.294198989868164,jama
829,High,24.818002700805664,jama
829,High,20.84071159362793,jama
829,High,15.639607429504395,jama
829,High,39.81130599975586,jama
829,High,11.025317192077637,jama
829,High,66.0825424194336,jama
829,High,34.46294021606445,jama
829,High,17.213287353515625,jama
829,High,76.52875518798828,jama
829,Low,82.43386840820312,jama
830,High,21.456342697143555,mmlu
830,High,22.16166877746582,mmlu
830,Low,10.311606407165527,mmlu
831,High,23.983064651489258,medxpert
831,High,52.08202362060547,medxpert
831,High,6.877431869506836,medxpert
831,High,92.71184539794922,medxpert
831,Low,15.959957122802734,medxpert
831,Low,21.015729904174805,medxpert
831,Low,76.10858154296875,medxpert
832,High,11.637201309204102,mmlu
832,High,19.989665985107422,mmlu
832,High,25.122285842895508,mmlu
832,High,35.14183044433594,mmlu
832,High,156.00047302246094,mmlu
832,High,25.776323318481445,mmlu
832,Low,15.192644119262695,mmlu
832,Low,60.13040542602539,mmlu
832,Low,10.59865951538086,mmlu
833,High,26.436912536621094,jama
833,High,127.24315643310547,jama
833,High,252.2817840576172,jama
833,High,57.49372100830078,jama
833,High,25.26740074157715,jama
833,High,48.834503173828125,jama
833,High,27.100631713867188,jama
833,Low,15.891876220703125,jama
833,Low,45.72848892211914,jama
833,Low,31.321327209472656,jama
833,Low,47.7532958984375,jama
833,Low,60.35769271850586,jama
834,High,10.02066421508789,jama
834,High,22.449556350708008,jama
834,High,47.093318939208984,jama
834,High,19.964183807373047,jama
834,Low,6.624377727508545,jama
834,Low,40.88667678833008,jama
834,Low,68.34779357910156,jama
834,Low,94.65087890625,jama
834,Low,7.498203277587891,jama
834,Low,7.497443675994873,jama
834,Low,6.881634712219238,jama
835,High,10.886564254760742,medbullets
835,High,23.347782135009766,medbullets
835,High,33.66417694091797,medbullets
835,High,36.506317138671875,medbullets
835,High,37.16459274291992,medbullets
835,High,190.47323608398438,medbullets
835,High,5.1579155921936035,medbullets
835,High,22.409910202026367,medbullets
835,High,105.68806457519531,medbullets
835,High,47.48666000366211,medbullets
835,High,227.44805908203125,medbullets
835,Low,33.98362731933594,medbullets
835,Low,14.720877647399902,medbullets
835,Low,5.4399189949035645,medbullets
835,Low,96.9460678100586,medbullets
836,High,9.995928764343262,medbullets
836,High,66.6342544555664,medbullets
836,High,22.06637954711914,medbullets
836,High,37.526912689208984,medbullets
836,High,23.498144149780273,medbullets
836,High,32.050289154052734,medbullets
836,Low,49.514347076416016,medbullets
836,Low,39.13481521606445,medbullets
836,Low,31.747455596923828,medbullets
836,Low,5.297627925872803,medbullets
836,Low,54.97465133666992,medbullets
836,Low,52.72676467895508,medbullets
836,Low,62.731163024902344,medbullets
837,High,49.9156494140625,medbullets
837,High,26.845104217529297,medbullets
837,High,754.2564697265625,medbullets
837,Low,45.00307083129883,medbullets
837,Low,35.39566421508789,medbullets
837,Low,41.300537109375,medbullets
837,Low,4.79866886138916,medbullets
837,Low,71.8743896484375,medbullets
838,High,7.668710708618164,medxpert
838,High,17.413532257080078,medxpert
838,High,60.04035949707031,medxpert
838,High,34.490962982177734,medxpert
838,High,40.81706237792969,medxpert
838,Low,23.085853576660156,medxpert
838,Low,30.272932052612305,medxpert
838,Low,47.48942184448242,medxpert
839,High,23.91293716430664,mmlu
839,High,17.770479202270508,mmlu
839,High,69.3073959350586,mmlu
839,High,22.42892837524414,mmlu
839,Low,61.893978118896484,mmlu
839,Low,60.628868103027344,mmlu
839,Low,40.15605926513672,mmlu
839,Low,48.006568908691406,mmlu
840,High,28.115114212036133,mmlu
840,High,26.469436645507812,mmlu
840,High,32.23795700073242,mmlu
840,High,40.15605926513672,mmlu
840,High,45.14867401123047,mmlu
840,High,23.081682205200195,mmlu
840,High,272.7604675292969,mmlu
840,Low,61.893978118896484,mmlu
840,Low,41.0307731628418,mmlu
840,Low,68.68238067626953,mmlu
841,High,16.714998245239258,jama
841,High,526.512939453125,jama
841,High,18.380617141723633,jama
841,High,1105.234130859375,jama
841,High,4.934380531311035,jama
841,High,45.727333068847656,jama
841,Low,52.00321960449219,jama
841,Low,5.758421421051025,jama
841,Low,21.112689971923828,jama
841,Low,120.92445373535156,jama
841,Low,120.46588897705078,jama
841,Low,70.77610778808594,jama
841,Low,11.448206901550293,jama
841,Low,12.886239051818848,jama
841,Low,36.9013557434082,jama
842,High,10.372112274169922,medbullets
842,High,50.791770935058594,medbullets
842,High,36.43928909301758,medbullets
842,Low,20.412635803222656,medbullets
842,Low,6.179614543914795,medbullets
842,Low,29.62729835510254,medbullets
842,Low,179.2303924560547,medbullets
843,High,26.894359588623047,medxpert
843,Low,44.248138427734375,medxpert
843,Low,48.70767593383789,medxpert
844,High,15.989426612854004,jama
844,High,16.12164306640625,jama
844,High,57.579132080078125,jama
844,High,30.25265884399414,jama
844,High,34.27569580078125,jama
844,High,113.27320098876953,jama
844,Low,87.5408935546875,jama
844,Low,227.5648956298828,jama
844,Low,19.05784034729004,jama
845,High,27.545469284057617,medbullets
845,High,25.21307945251465,medbullets
845,High,293.922119140625,medbullets
845,High,117.66272735595703,medbullets
845,High,221.44012451171875,medbullets
845,High,6.329124450683594,medbullets
845,Low,9.426222801208496,medbullets
845,Low,5.040415287017822,medbullets
845,Low,257.8579406738281,medbullets
846,High,11.8291015625,medxpert
846,High,42.808387756347656,medxpert
846,High,28393.236328125,medxpert
846,High,505.2723693847656,medxpert
846,High,1.0,medxpert
846,High,1.0,medxpert
846,High,1.0,medxpert
846,High,1.0,medxpert
846,High,355.3299560546875,medxpert
846,High,35.920166015625,medxpert
846,High,355.3299560546875,medxpert
846,High,44.451236724853516,medxpert
846,High,305.7159118652344,medxpert
846,High,32.556968688964844,medxpert
846,High,305.7159118652344,medxpert
846,High,38.63090896606445,medxpert
846,High,1786.9781494140625,medxpert
846,High,45.11267852783203,medxpert
846,High,1786.9781494140625,medxpert
846,High,42.48649597167969,medxpert
846,High,20.444961547851562,medxpert
846,High,34.127742767333984,medxpert
846,High,20.44498062133789,medxpert
846,High,29.319568634033203,medxpert
846,High,30.931589126586914,medxpert
846,High,35.82966232299805,medxpert
846,High,30.931589126586914,medxpert
846,High,31.159765243530273,medxpert
846,High,10882.615234375,medxpert
846,High,549.486572265625,medxpert
846,High,10882.615234375,medxpert
846,High,22026.466796875,medxpert
846,High,64.12769317626953,medxpert
846,Low,7.2518205642700195,medxpert
846,Low,37.91327667236328,medxpert
846,Low,72.94896697998047,medxpert
847,High,10.525797843933105,jama
847,High,36.32537841796875,jama
847,High,15.380517959594727,jama
847,High,13.891469955444336,jama
847,High,39.79812240600586,jama
847,High,6.6563849449157715,jama
847,High,15.143610000610352,jama
847,High,63.096858978271484,jama
847,Low,8.497014045715332,jama
847,Low,18.970233917236328,jama
848,High,23.5091495513916,jama
848,High,59.26968765258789,jama
848,High,15.549778938293457,jama
848,High,32.306053161621094,jama
848,High,99.52525329589844,jama
848,High,24.953529357910156,jama
848,High,113.33403778076172,jama
848,High,77.83727264404297,jama
848,High,43.07109832763672,jama
848,High,87.44159698486328,jama
848,High,232.95144653320312,jama
848,High,304.88568115234375,jama
848,High,31.622438430786133,jama
848,Low,85.29529571533203,jama
848,Low,184.78675842285156,jama
848,Low,72.29548645019531,jama
848,Low,255.0435333251953,jama
849,High,11.252111434936523,mmlu
849,High,76.73872375488281,mmlu
849,Low,9.203357696533203,mmlu
850,High,21.750049591064453,medbullets
850,High,28.919090270996094,medbullets
850,High,19.430164337158203,medbullets
850,High,50.81037521362305,medbullets
850,High,51.46798324584961,medbullets
850,High,59.71597671508789,medbullets
850,Low,45.846466064453125,medbullets
850,Low,5.300705432891846,medbullets
850,Low,36.98807907104492,medbullets
851,High,9.733687400817871,medbullets
851,High,16.615827560424805,medbullets
851,High,23.473936080932617,medbullets
851,High,16.085912704467773,medbullets
851,High,16.229764938354492,medbullets
851,High,60.152286529541016,medbullets
851,High,325.8670654296875,medbullets
851,High,42.71473693847656,medbullets
851,High,82.91390991210938,medbullets
851,Low,29.74253273010254,medbullets
851,Low,5.635934352874756,medbullets
851,Low,53.572017669677734,medbullets
852,High,11.198395729064941,mmlu
852,High,104.56878662109375,mmlu
852,High,15.850431442260742,mmlu
852,High,205.1871795654297,mmlu
852,Low,42.36823272705078,mmlu
853,High,15.730813026428223,jama
853,High,91.74512481689453,jama
853,High,27.68303680419922,jama
853,High,17.797765731811523,jama
853,High,26.86800765991211,jama
853,Low,39.134403228759766,jama
853,Low,93.52305603027344,jama
853,Low,16.190080642700195,jama
853,Low,48.7320442199707,jama
853,Low,21.937572479248047,jama
853,Low,29.057025909423828,jama
853,Low,18.12047576904297,jama
853,Low,13.579943656921387,jama
853,Low,6.982422351837158,jama
854,High,18.519134521484375,mmlu
854,High,16.352739334106445,mmlu
854,Low,58.52726745605469,mmlu
855,High,19.82768440246582,jama
855,High,12.860408782958984,jama
855,High,31.52325439453125,jama
855,High,35.61692428588867,jama
855,High,13.459673881530762,jama
855,High,34.03204345703125,jama
855,High,6.213254928588867,jama
855,High,42.12725830078125,jama
855,Low,72.37344360351562,jama
856,High,19.583187103271484,medxpert
856,High,7.3803839683532715,medxpert
856,High,17.822874069213867,medxpert
856,High,10.258519172668457,medxpert
856,High,11.31004524230957,medxpert
856,High,42.29396438598633,medxpert
856,High,114.81086730957031,medxpert
856,High,248.54525756835938,medxpert
856,High,1.0,medxpert
856,High,3124.017333984375,medxpert
856,High,1.0,medxpert
856,High,1.0,medxpert
856,High,1.0,medxpert
856,High,1.0,medxpert
856,High,28.302248001098633,medxpert
856,High,1.0,medxpert
856,High,1.0,medxpert
856,High,326.70660400390625,medxpert
856,High,15.880227088928223,medxpert
856,High,1.0,medxpert
856,High,1.0,medxpert
856,High,23.231470108032227,medxpert
856,High,15.815389633178711,medxpert
856,High,1.0,medxpert
856,High,1.0,medxpert
856,High,698.4252319335938,medxpert
856,High,33.487403869628906,medxpert
856,High,1.0,medxpert
856,High,1.0,medxpert
856,High,170.822509765625,medxpert
856,High,14.507080078125,medxpert
856,High,1.0,medxpert
856,High,1.0,medxpert
856,High,132.38868713378906,medxpert
856,High,16.637561798095703,medxpert
856,High,1.0,medxpert
856,High,1.0,medxpert
856,High,22.85594940185547,medxpert
856,High,6.923243045806885,medxpert
856,High,1.0,medxpert
856,High,1.0,medxpert
856,High,194.70477294921875,medxpert
856,High,9.538832664489746,medxpert
856,High,1.0,medxpert
856,High,1.0,medxpert
856,High,26.87670135498047,medxpert
856,High,14.332852363586426,medxpert
856,Low,11.199585914611816,medxpert
856,Low,92.1738052368164,medxpert
857,High,23.25071907043457,jama
857,High,35.8841552734375,jama
857,High,57.76701736450195,jama
857,High,324.433837890625,jama
857,High,13.895865440368652,jama
857,High,1220.930419921875,jama
857,High,29.805377960205078,jama
857,High,71.34151458740234,jama
857,High,46.35368728637695,jama
857,Low,48.88175964355469,jama
857,Low,42.69361114501953,jama
857,Low,214.18331909179688,jama
857,Low,69.2998275756836,jama
857,Low,81.40847778320312,jama
858,High,12.987391471862793,mmlu
858,High,5.200552940368652,mmlu
858,High,12.372795104980469,mmlu
858,Low,22.010499954223633,mmlu
858,Low,35.961605072021484,mmlu
858,Low,56.19778060913086,mmlu
859,High,13.77604866027832,mmlu
859,High,28.186853408813477,mmlu
859,High,39.384422302246094,mmlu
859,High,83.618896484375,mmlu
859,Low,68.98003387451172,mmlu
859,Low,7.389801502227783,mmlu
859,Low,9.329127311706543,mmlu
859,Low,6.293525695800781,mmlu
859,Low,46.864051818847656,mmlu
859,Low,41.904972076416016,mmlu
860,High,55.486724853515625,jama
860,High,93.27058410644531,jama
860,High,182.3768768310547,jama
860,High,72.55374145507812,jama
860,High,120.92549896240234,jama
860,High,207.17886352539062,jama
860,Low,16.935129165649414,jama
860,Low,79.87589263916016,jama
860,Low,35.167266845703125,jama
860,Low,151.31076049804688,jama
860,Low,28.528579711914062,jama
860,Low,72.91627502441406,jama
860,Low,62.60726547241211,jama
861,High,11.470982551574707,mmlu
861,High,184.36080932617188,mmlu
861,High,12.562254905700684,mmlu
861,Low,7.881635665893555,mmlu
862,High,10.683902740478516,mmlu
862,High,73.7343978881836,mmlu
862,Low,33.67530059814453,mmlu
862,Low,8.105814933776855,mmlu
863,High,40.56572723388672,mmlu
863,High,17.46650505065918,mmlu
863,Low,50.804176330566406,mmlu
863,Low,11.35843563079834,mmlu
864,High,7.632728576660156,jama
864,High,13.209622383117676,jama
864,High,18.958812713623047,jama
864,High,14.08065128326416,jama
864,High,22.266613006591797,jama
864,High,27.212011337280273,jama
864,High,55.681800842285156,jama
864,High,10.38662338256836,jama
864,Low,16.700843811035156,jama
865,High,10.263359069824219,medbullets
865,High,20.6513671875,medbullets
865,High,49.285194396972656,medbullets
865,High,102.3722152709961,medbullets
865,High,25.306215286254883,medbullets
865,High,34.24273681640625,medbullets
865,Low,75.35098266601562,medbullets
865,Low,58.14171600341797,medbullets
865,Low,41.2984619140625,medbullets
865,Low,6.028524398803711,medbullets
865,Low,139.2730255126953,medbullets
865,Low,62.811405181884766,medbullets
866,High,31.665502548217773,mmlu
866,High,29.793867111206055,mmlu
866,High,29.80553436279297,mmlu
867,High,20.500625610351562,medbullets
867,High,56.4280891418457,medbullets
867,High,374.72064208984375,medbullets
867,High,10.009328842163086,medbullets
867,High,63.996158599853516,medbullets
867,High,100.17701721191406,medbullets
867,High,329.76409912109375,medbullets
867,Low,16.938936233520508,medbullets
867,Low,28.500455856323242,medbullets
868,High,18.522361755371094,medxpert
868,High,26.324949264526367,medxpert
868,High,28.74545669555664,medxpert
868,High,26.39288902282715,medxpert
868,High,52.203914642333984,medxpert
868,Low,7.034470081329346,medxpert
869,High,10.032401084899902,jama
869,High,54.82511901855469,jama
869,High,15.748390197753906,jama
869,High,55.748294830322266,jama
869,High,78.10687255859375,jama
869,High,51.072509765625,jama
869,Low,28.694677352905273,jama
869,Low,124.97808074951172,jama
869,Low,20.81947135925293,jama
869,Low,28.77859115600586,jama
869,Low,25.27143669128418,jama
870,High,16.102846145629883,medxpert
870,High,83.34435272216797,medxpert
870,High,91.34222412109375,medxpert
870,High,290.0709228515625,medxpert
870,Low,41.347957611083984,medxpert
870,Low,18.797088623046875,medxpert
870,Low,7.174263954162598,medxpert
871,High,30.013107299804688,mmlu
871,High,17.748699188232422,mmlu
871,High,30.613500595092773,mmlu
871,High,37.0974235534668,mmlu
871,Low,18.90858268737793,mmlu
871,Low,43.21253967285156,mmlu
871,Low,29.793682098388672,mmlu
872,High,11.649612426757812,medxpert
872,High,278.2850341796875,medxpert
872,High,20.12966537475586,medxpert
872,Low,8.256451606750488,medxpert
872,Low,17.4794979095459,medxpert
873,High,11.028024673461914,medxpert
873,High,30.506839752197266,medxpert
873,High,65.15426635742188,medxpert
873,High,6.80377197265625,medxpert
873,High,14.223480224609375,medxpert
873,Low,27.505332946777344,medxpert
873,Low,57.44694900512695,medxpert
873,Low,20.705322265625,medxpert
874,High,11.805046081542969,jama
874,High,18.553821563720703,jama
874,High,16.164501190185547,jama
874,High,62.92594909667969,jama
874,High,42.42572021484375,jama
874,High,54.21979522705078,jama
874,High,46.06636047363281,jama
874,High,22.757844924926758,jama
874,High,52.112674713134766,jama
874,High,34.88490295410156,jama
874,High,64.23826599121094,jama
874,High,46.028079986572266,jama
874,High,171.86036682128906,jama
874,Low,22.119348526000977,jama
874,Low,17.046581268310547,jama
874,Low,205.44320678710938,jama
874,Low,31.76931381225586,jama
874,Low,146.14991760253906,jama
874,Low,93.29896545410156,jama
875,High,19.550256729125977,medbullets
875,High,32.15473175048828,medbullets
875,High,83.609130859375,medbullets
875,High,54.8256950378418,medbullets
875,High,11.913087844848633,medbullets
875,Low,121.99195098876953,medbullets
875,Low,5.367088794708252,medbullets
876,High,24.81673240661621,medxpert
876,High,173.33824157714844,medxpert
876,High,41.24784851074219,medxpert
876,Low,7.518453598022461,medxpert
876,Low,5.738616943359375,medxpert
877,High,17.844614028930664,medbullets
877,High,31.75107192993164,medbullets
877,High,97.04472351074219,medbullets
877,High,33.50580596923828,medbullets
877,High,25.267093658447266,medbullets
877,High,28.708786010742188,medbullets
877,High,317.80560302734375,medbullets
877,Low,4.937292098999023,medbullets
878,High,18.10230827331543,jama
878,High,29.926570892333984,jama
878,High,110.97938537597656,jama
878,High,26.304866790771484,jama
878,High,69.46736907958984,jama
878,High,64.42296600341797,jama
878,Low,19.7294864654541,jama
878,Low,396.6573486328125,jama
878,Low,45.279624938964844,jama
878,Low,117.13818359375,jama
878,Low,15.332119941711426,jama
878,Low,119.00128936767578,jama
878,Low,149.7410888671875,jama
878,Low,35.00050354003906,jama
878,Low,33.400413513183594,jama
879,High,27.133350372314453,jama
879,High,334.831298828125,jama
879,High,56.28316879272461,jama
879,High,131.6123504638672,jama
879,High,23.50588607788086,jama
879,High,104.15943145751953,jama
879,High,19.84384536743164,jama
879,High,205.99105834960938,jama
879,High,19.392948150634766,jama
879,Low,19.411174774169922,jama
879,Low,23.17531967163086,jama
879,Low,88.45343780517578,jama
880,High,10.568168640136719,jama
880,High,55.636573791503906,jama
880,High,19.715408325195312,jama
880,Low,34.64134216308594,jama
880,Low,64.09011840820312,jama
880,Low,20.316198348999023,jama
880,Low,65.82579040527344,jama
880,Low,35.698692321777344,jama
881,High,9.214062690734863,medxpert
881,High,52.29304504394531,medxpert
881,High,8.851770401000977,medxpert
881,High,15.182244300842285,medxpert
881,High,25.03923988342285,medxpert
881,High,40.53880310058594,medxpert
881,High,8.564485549926758,medxpert
881,Low,16.461814880371094,medxpert
882,High,10.013819694519043,mmlu
882,High,20.640851974487305,mmlu
882,High,23.92552375793457,mmlu
882,High,123.49359893798828,mmlu
882,High,7.10128927230835,mmlu
882,Low,13.390379905700684,mmlu
882,Low,35.086334228515625,mmlu
882,Low,87.91835021972656,mmlu
882,Low,159.14634704589844,mmlu
883,High,12.651388168334961,jama
883,High,28.23522186279297,jama
883,High,114.3505630493164,jama
883,High,53.508384704589844,jama
883,High,13.217100143432617,jama
883,Low,36.301509857177734,jama
883,Low,100.9107894897461,jama
883,Low,52.856719970703125,jama
884,High,15.527606010437012,medxpert
884,High,39.579444885253906,medxpert
884,High,7.8234758377075195,medxpert
884,High,43.52897262573242,medxpert
884,High,12.667913436889648,medxpert
884,High,321.7524108886719,medxpert
884,Low,16.649463653564453,medxpert
884,Low,20.895462036132812,medxpert
885,High,19.20999526977539,mmlu
885,High,59.05438232421875,mmlu
885,High,138.4526824951172,mmlu
885,High,32.62675094604492,mmlu
885,Low,13.165060997009277,mmlu
885,Low,37.22519302368164,mmlu
885,Low,15.049278259277344,mmlu
886,High,13.981045722961426,mmlu
886,High,124.46894073486328,mmlu
886,High,52.44163131713867,mmlu
886,High,239.86546325683594,mmlu
886,Low,15.039868354797363,mmlu
886,Low,21.363924026489258,mmlu
886,Low,8.893150329589844,mmlu
886,Low,10.377573013305664,mmlu
886,Low,6.681258678436279,mmlu
886,Low,84.66417694091797,mmlu
886,Low,69.67670440673828,mmlu
886,Low,156.14439392089844,mmlu
887,High,10.310335159301758,medxpert
887,High,17.690471649169922,medxpert
887,High,17.596769332885742,medxpert
887,High,40.312591552734375,medxpert
887,High,11.67049789428711,medxpert
887,High,14.856598854064941,medxpert
887,Low,82.00128936767578,medxpert
887,Low,27.815462112426758,medxpert
888,High,36.66989517211914,medxpert
888,High,13.941916465759277,medxpert
888,High,17.624128341674805,medxpert
888,High,4.906965732574463,medxpert
888,High,22.924041748046875,medxpert
889,High,34.305206298828125,jama
889,High,86.5682601928711,jama
889,High,39.634376525878906,jama
889,High,22.186838150024414,jama
889,High,34.666954040527344,jama
889,High,35.227867126464844,jama
889,High,31.648784637451172,jama
889,High,34.38190460205078,jama
889,High,31.76479148864746,jama
889,Low,39.23888397216797,jama
889,Low,5.264148712158203,jama
889,Low,15.216056823730469,jama
889,Low,172.9374237060547,jama
889,Low,71.89262390136719,jama
889,Low,124.15056610107422,jama
889,Low,652.7545776367188,jama
890,High,10.981914520263672,jama
890,High,133.0908203125,jama
890,High,35.62211990356445,jama
890,High,10.8303861618042,jama
890,High,23.847843170166016,jama
890,High,9.546299934387207,jama
890,Low,55.62551498413086,jama
890,Low,5.556262969970703,jama
890,Low,10.683018684387207,jama
890,Low,50.381019592285156,jama
890,Low,21.362905502319336,jama
890,Low,15.436140060424805,jama
891,High,24.029573440551758,medbullets
891,High,19.34745979309082,medbullets
891,High,16.34371566772461,medbullets
891,High,47.34440231323242,medbullets
891,Low,20.471994400024414,medbullets
891,Low,324.5865783691406,medbullets
891,Low,266.1233825683594,medbullets
892,High,8.868890762329102,medxpert
892,High,33.858299255371094,medxpert
892,High,22.96576499938965,medxpert
892,High,28.83658790588379,medxpert
892,Low,9.997844696044922,medxpert
893,High,10.982442855834961,medxpert
893,High,25.06245994567871,medxpert
893,High,73.86791229248047,medxpert
893,Low,9.822457313537598,medxpert
893,Low,7.07505989074707,medxpert
893,Low,21.3297061920166,medxpert
893,Low,6.700729846954346,medxpert
893,Low,60.59221649169922,medxpert
893,Low,40.620174407958984,medxpert
894,High,15.233208656311035,jama
894,High,64.05633544921875,jama
894,High,20.195751190185547,jama
894,High,27.151443481445312,jama
894,High,14.701127052307129,jama
894,High,36.734718322753906,jama
894,High,24.063003540039062,jama
894,High,26.41304588317871,jama
894,High,98.60234069824219,jama
894,High,73.69559478759766,jama
894,Low,7.929037094116211,jama
894,Low,130.46353149414062,jama
894,Low,109.84345245361328,jama
894,Low,35.46370315551758,jama
895,High,13.383148193359375,medbullets
895,High,22.23471450805664,medbullets
895,High,53.94793701171875,medbullets
895,High,34.29304504394531,medbullets
895,High,12.781907081604004,medbullets
895,Low,5.508382797241211,medbullets
895,Low,90.41043853759766,medbullets
895,Low,49.227359771728516,medbullets
895,Low,18.428936004638672,medbullets
896,High,7.531793117523193,jama
896,High,8.042383193969727,jama
896,High,12.120803833007812,jama
896,High,32.412391662597656,jama
896,High,36.013702392578125,jama
896,High,18.080276489257812,jama
896,Low,13.637726783752441,jama
896,Low,21.359670639038086,jama
896,Low,111.10205841064453,jama
896,Low,11.092514038085938,jama
896,Low,8.490579605102539,jama
896,Low,54.2489128112793,jama
897,High,13.819112777709961,medxpert
897,High,37.339576721191406,medxpert
897,High,543.5802001953125,medxpert
897,High,24.651918411254883,medxpert
897,Low,33.820960998535156,medxpert
897,Low,12.825333595275879,medxpert
897,Low,31.200361251831055,medxpert
897,Low,7.722038269042969,medxpert
898,High,11.465852737426758,jama
898,High,162.22203063964844,jama
898,High,47.22456359863281,jama
898,High,83.02361297607422,jama
898,Low,44.246986389160156,jama
898,Low,75.17945861816406,jama
899,High,15.851760864257812,jama
899,High,91.85482788085938,jama
899,High,12.361418724060059,jama
899,High,71.55783081054688,jama
899,Low,28.391799926757812,jama
899,Low,18.453163146972656,jama
899,Low,57.56024169921875,jama
899,Low,10.964539527893066,jama
899,Low,105.97960662841797,jama
900,High,15.415886878967285,jama
900,High,34.58929443359375,jama
900,High,77.00851440429688,jama
900,High,18.340431213378906,jama
900,High,24.367137908935547,jama
900,High,29.533184051513672,jama
900,High,170.43577575683594,jama
900,High,68.69699096679688,jama
900,High,121.2450180053711,jama
900,Low,27.297754287719727,jama
900,Low,281.7120056152344,jama
900,Low,82.99072265625,jama
900,Low,51.1993522644043,jama
901,High,22.73021697998047,medbullets
901,High,123.78170776367188,medbullets
901,High,18.64879035949707,medbullets
901,High,7.849711894989014,medbullets
901,High,34.77320098876953,medbullets
901,High,36.431488037109375,medbullets
901,High,43.66568374633789,medbullets
901,Low,26.257627487182617,medbullets
901,Low,48.95976638793945,medbullets
901,Low,47.292301177978516,medbullets
902,High,24.1878719329834,jama
902,High,76.62905883789062,jama
902,High,40.449031829833984,jama
902,High,15.948630332946777,jama
902,Low,29.51541519165039,jama
902,Low,34.62022018432617,jama
902,Low,29.286123275756836,jama
902,Low,149.09658813476562,jama
903,High,8.259437561035156,medxpert
903,High,39.35746383666992,medxpert
903,High,7.807171821594238,medxpert
903,High,61.591766357421875,medxpert
903,High,58.39950942993164,medxpert
903,High,44.33000183105469,medxpert
903,Low,44.85955810546875,medxpert
903,Low,49.03548812866211,medxpert
904,High,23.503847122192383,medxpert
904,High,20.11310577392578,medxpert
904,High,5.428009033203125,medxpert
904,High,64.6129379272461,medxpert
904,High,36.19955062866211,medxpert
904,Low,27.950014114379883,medxpert
904,Low,46.8212776184082,medxpert
905,High,18.55702018737793,medbullets
905,High,176.30953979492188,medbullets
905,High,16.726362228393555,medbullets
905,High,40.956417083740234,medbullets
905,High,99.97368621826172,medbullets
905,High,73.77171325683594,medbullets
905,Low,19.968053817749023,medbullets
905,Low,5.131409168243408,medbullets
905,Low,143.71827697753906,medbullets
906,High,9.400687217712402,medxpert
906,High,35.49729537963867,medxpert
906,High,15.31589126586914,medxpert
906,High,57.871009826660156,medxpert
906,High,86.5142822265625,medxpert
906,Low,73.11197662353516,medxpert
906,Low,6.777370929718018,medxpert
906,Low,27.07378387451172,medxpert
907,High,42.96424865722656,medxpert
907,High,16.653656005859375,medxpert
907,High,126.80995178222656,medxpert
907,High,29.32135581970215,medxpert
907,High,55.86983108520508,medxpert
907,High,27.972177505493164,medxpert
907,Low,126.4672622680664,medxpert
908,High,53.836578369140625,medxpert
908,High,6.951938629150391,medxpert
908,High,11.954385757446289,medxpert
908,High,208.80844116210938,medxpert
908,Low,22.346893310546875,medxpert
908,Low,249.91433715820312,medxpert
909,High,19.099044799804688,medbullets
909,High,13.963053703308105,medbullets
909,High,35.55329513549805,medbullets
909,High,75.48320770263672,medbullets
909,High,18.700101852416992,medbullets
909,High,183.0266876220703,medbullets
909,Low,32.50672149658203,medbullets
909,Low,6.580683708190918,medbullets
909,Low,47.559776306152344,medbullets
910,High,18.07106590270996,jama
910,High,62.051429748535156,jama
910,High,19.854000091552734,jama
910,Low,27.375925064086914,jama
910,Low,29.41141700744629,jama
910,Low,68.03999328613281,jama
911,High,48.212852478027344,medxpert
911,High,11.614645957946777,medxpert
911,High,61.67308807373047,medxpert
911,Low,29.572879791259766,medxpert
911,Low,20.235286712646484,medxpert
912,High,16.060428619384766,jama
912,High,15.2666597366333,jama
912,High,13.506353378295898,jama
912,High,51.78296661376953,jama
912,High,21.62856101989746,jama
912,High,18.152372360229492,jama
912,High,10.01974868774414,jama
912,High,26.73056411743164,jama
912,High,27.212018966674805,jama
912,High,158.49998474121094,jama
912,High,139.16554260253906,jama
912,High,131.9077606201172,jama
912,High,129.52130126953125,jama
912,Low,35.715538024902344,jama
912,Low,5.409528732299805,jama
912,Low,221.7724609375,jama
912,Low,120.9067611694336,jama
912,Low,60.908721923828125,jama
913,High,12.706049919128418,medbullets
913,High,38.83546829223633,medbullets
913,High,24.795753479003906,medbullets
913,High,55.58306121826172,medbullets
913,High,26.127784729003906,medbullets
913,High,17.05036163330078,medbullets
913,High,354.1568908691406,medbullets
913,Low,30.535158157348633,medbullets
913,Low,14.030769348144531,medbullets
913,Low,4.381950378417969,medbullets
913,Low,67.634521484375,medbullets
914,High,28.781597137451172,jama
914,High,17.43487548828125,jama
914,High,25.203149795532227,jama
914,High,45.118560791015625,jama
914,High,27.039535522460938,jama
914,High,94.26191711425781,jama
914,High,18.7805233001709,jama
914,High,120.36592102050781,jama
914,High,23.05474281311035,jama
914,Low,112.60617065429688,jama
915,High,28.807039260864258,mmlu
915,High,30.07028579711914,mmlu
915,High,129.9871826171875,mmlu
915,High,71.01728057861328,mmlu
915,High,290.43701171875,mmlu
915,Low,42.102630615234375,mmlu
915,Low,41.35688781738281,mmlu
915,Low,40.15605926513672,mmlu
916,High,18.393823623657227,jama
916,High,37.01856994628906,jama
916,High,66.96794891357422,jama
916,High,13.406678199768066,jama
916,High,30.726673126220703,jama
916,Low,6.916330337524414,jama
916,Low,8.599075317382812,jama
916,Low,57.60280227661133,jama
917,High,14.003813743591309,mmlu
917,High,9.278166770935059,mmlu
917,High,9.89639949798584,mmlu
917,High,52.21937561035156,mmlu
917,Low,484.02130126953125,mmlu
917,Low,13.21833324432373,mmlu
917,Low,46.221805572509766,mmlu
917,Low,23.14592170715332,mmlu
918,High,30.380586624145508,medbullets
918,High,18.94995880126953,medbullets
918,High,62.63052749633789,medbullets
918,High,31.640869140625,medbullets
918,High,86.89766693115234,medbullets
918,High,18.677566528320312,medbullets
918,High,131.80233764648438,medbullets
918,High,53.387657165527344,medbullets
918,Low,8.543715476989746,medbullets
918,Low,84.9608154296875,medbullets
919,High,10.359892845153809,medxpert
919,High,23.25221061706543,medxpert
919,High,28.52511978149414,medxpert
919,High,794.614013671875,medxpert
919,High,1.0,medxpert
919,High,8.463741302490234,medxpert
919,High,1.0,medxpert
919,High,1.0,medxpert
919,High,289.44598388671875,medxpert
919,High,106.73108673095703,medxpert
919,High,250.49464416503906,medxpert
919,High,238.091796875,medxpert
919,High,39.206939697265625,medxpert
919,High,16.19493293762207,medxpert
919,High,16.318817138671875,medxpert
919,High,65.06612396240234,medxpert
919,Low,171.99424743652344,medxpert
919,Low,118.2369613647461,medxpert
920,High,600.8635864257812,medxpert
920,High,40.4016227722168,medxpert
920,Low,14.976747512817383,medxpert
921,High,17.639068603515625,medxpert
921,High,23.129150390625,medxpert
921,High,27.506126403808594,medxpert
921,High,27.22303581237793,medxpert
921,High,35.11541748046875,medxpert
922,High,16.631803512573242,medxpert
922,High,35.2373161315918,medxpert
922,High,58.78158950805664,medxpert
922,Low,15.309911727905273,medxpert
922,Low,75.94196319580078,medxpert
922,Low,9.990415573120117,medxpert
922,Low,23.16828155517578,medxpert
922,Low,58.850608825683594,medxpert
923,High,24.365070343017578,jama
923,High,22.158714294433594,jama
923,High,92.50958251953125,jama
923,High,43.0306282043457,jama
923,High,91.12236022949219,jama
923,High,42.58152770996094,jama
923,Low,206.51515197753906,jama
923,Low,28.32149887084961,jama
923,Low,27.03105926513672,jama
923,Low,9.765782356262207,jama
923,Low,234.74412536621094,jama
923,Low,54.43352127075195,jama
923,Low,31.098899841308594,jama
923,Low,136.85342407226562,jama
923,Low,39.2071647644043,jama
923,Low,98.77056884765625,jama
923,Low,210.5260467529297,jama
923,Low,17.16993522644043,jama
924,High,22.053363800048828,medbullets
924,High,13.989211082458496,medbullets
924,High,26.17729949951172,medbullets
924,High,13.026246070861816,medbullets
924,High,34.104148864746094,medbullets
924,High,134.02923583984375,medbullets
924,High,144.13458251953125,medbullets
924,High,17.93312644958496,medbullets
924,Low,5.8748979568481445,medbullets
925,High,23.80350112915039,mmlu
925,High,19.893877029418945,mmlu
925,High,37.43576431274414,mmlu
925,High,54.53237533569336,mmlu
925,High,11.74303150177002,mmlu
925,Low,17.354991912841797,mmlu
926,High,8.410425186157227,jama
926,High,36.25577926635742,jama
926,High,10.837362289428711,jama
926,High,41.2316780090332,jama
926,Low,20.432296752929688,jama
926,Low,36.70280075073242,jama
927,High,31.253854751586914,mmlu
927,High,55.25767517089844,mmlu
927,High,21.412418365478516,mmlu
928,High,4.574483394622803,mmlu
928,High,39.93009948730469,mmlu
928,Low,17.10963249206543,mmlu
928,Low,17.720285415649414,mmlu
928,Low,40.15605926513672,mmlu
929,High,10.176078796386719,mmlu
929,High,138.115478515625,mmlu
929,High,46.909027099609375,mmlu
929,Low,6.216969966888428,mmlu
929,Low,79.06529998779297,mmlu
930,High,17.77777862548828,mmlu
930,High,27.732542037963867,mmlu
930,Low,74.87015533447266,mmlu
931,High,11.32292652130127,medxpert
931,High,26.59955596923828,medxpert
931,High,18.384950637817383,medxpert
931,Low,6488.79443359375,medxpert
931,Low,23.625171661376953,medxpert
931,Low,23.98882293701172,medxpert
931,Low,24.724069595336914,medxpert
931,Low,19.908784866333008,medxpert
931,Low,20.044902801513672,medxpert
931,Low,18.391786575317383,medxpert
931,Low,20.76551628112793,medxpert
931,Low,53.23101806640625,medxpert
932,High,14.958704948425293,medxpert
932,High,20.948135375976562,medxpert
932,High,87.77102661132812,medxpert
932,Low,21.05476188659668,medxpert
932,Low,72.18260955810547,medxpert
