ID_corr,label_1,label_2,label_3,label_4,label_5,label_6,label_7,label_8,label_9,label_10,label_11,label_12,label_13,label_14,label_15,label_16,label_17,label_18,label_19,label_20,label_21,label_22,label_23,label_24,label_25,label_26,label_27,label_28,label_29,label_30
ID0002,Low Relevance,Low Relevance,Low Relevance,High Relevance,Low Relevance,Low Relevance,Low Relevance,Low Relevance,Low Relevance,Low Relevance,Low Relevance,Irrelevant,Irrelevant,Irrelevant,Irrelevant,Irrelevant,Irrelevant,Irrelevant,Irrelevant,Irrelevant,Irrelevant,Irrelevant,Irrelevant,Irrelevant,Irrelevant,Irrelevant,Irrelevant,Irrelevant,Irrelevant,Irrelevant
ID0003,Irrelevant,Irrelevant,Irrelevant,Irrelevant,Irrelevant,Irrelevant,Irrelevant,Irrelevant,Irrelevant,Irrelevant,Irrelevant,Irrelevant,Irrelevant,Irrelevant,Irrelevant,Irrelevant,Irrelevant,Irrelevant,Irrelevant,Irrelevant,Irrelevant,Irrelevant,Irrelevant,Irrelevant,Irrelevant,Irrelevant,Irrelevant,Irrelevant,Irrelevant,Irrelevant
ID0007,Low Relevance,Low Relevance,Low Relevance,Low Relevance,High Relevance,Low Relevance,Irrelevant,Irrelevant,Irrelevant,Irrelevant,Irrelevant,Irrelevant,Irrelevant,Irrelevant,Irrelevant,Irrelevant,Irrelevant,Irrelevant,Irrelevant,Irrelevant,Irrelevant,Irrelevant,Irrelevant,Irrelevant,Irrelevant,Irrelevant,Irrelevant,Irrelevant,Irrelevant,Irrelevant
ID0009,Low Relevance,Low Relevance,Low Relevance,Irrelevant,Low Relevance,Low Relevance,Irrelevant,Low Relevance,Irrelevant,Irrelevant,Irrelevant,Irrelevant,Irrelevant,Irrelevant,Irrelevant,Irrelevant,Irrelevant,Irrelevant,Irrelevant,Irrelevant,Irrelevant,Irrelevant,Irrelevant,Irrelevant,Irrelevant,Irrelevant,Irrelevant,Irrelevant,Irrelevant,Irrelevant
ID0010,Irrelevant,Irrelevant,Irrelevant,Irrelevant,Irrelevant,Irrelevant,Irrelevant,Irrelevant,Irrelevant,Irrelevant,Irrelevant,Irrelevant,Irrelevant,Irrelevant,Irrelevant,Irrelevant,Irrelevant,Irrelevant,Irrelevant,Irrelevant,Irrelevant,Irrelevant,Irrelevant,Irrelevant,Irrelevant,Irrelevant,Irrelevant,Irrelevant,Irrelevant,Irrelevant
ID0013,High Relevance,High Relevance,Low Relevance,Low Relevance,Low Relevance,Low Relevance,High Relevance,Irrelevant,Irrelevant,Irrelevant,Irrelevant,Irrelevant,Irrelevant,Irrelevant,Irrelevant,Irrelevant,Irrelevant,Irrelevant,Irrelevant,Irrelevant,Irrelevant,Irrelevant,Irrelevant,Irrelevant,Irrelevant,Irrelevant,Irrelevant,Irrelevant,Irrelevant,Irrelevant
ID0015,Low Relevance,Low Relevance,Low Relevance,Low Relevance,Low Relevance,Low Relevance,Low Relevance,Low Relevance,Low Relevance,Low Relevance,Irrelevant,Irrelevant,Irrelevant,Irrelevant,Irrelevant,Irrelevant,Irrelevant,Irrelevant,Irrelevant,Irrelevant,Irrelevant,Irrelevant,Irrelevant,Irrelevant,Irrelevant,Irrelevant,Irrelevant,Irrelevant,Irrelevant,Irrelevant
ID0016,Irrelevant,Irrelevant,Irrelevant,Irrelevant,Irrelevant,Irrelevant,Irrelevant,Irrelevant,Irrelevant,Irrelevant,Irrelevant,Irrelevant,Irrelevant,Irrelevant,Irrelevant,Irrelevant,Irrelevant,Irrelevant,Irrelevant,Irrelevant,Irrelevant,Irrelevant,Irrelevant,Irrelevant,Irrelevant,Irrelevant,Irrelevant,Irrelevant,Irrelevant,Irrelevant
ID0017,Irrelevant,Irrelevant,Irrelevant,Irrelevant,Irrelevant,Irrelevant,Irrelevant,Irrelevant,Irrelevant,Irrelevant,Irrelevant,Irrelevant,Irrelevant,Irrelevant,Irrelevant,Irrelevant,Irrelevant,Irrelevant,Irrelevant,Irrelevant,Irrelevant,Irrelevant,Irrelevant,Irrelevant,Irrelevant,Irrelevant,Irrelevant,Irrelevant,Irrelevant,Irrelevant
ID0018,Low Relevance,High Relevance,Low Relevance,Low Relevance,Low Relevance,Low Relevance,High Relevance,High Relevance,High Relevance,Low Relevance,Low Relevance,Irrelevant,Irrelevant,Irrelevant,Irrelevant,Irrelevant,Irrelevant,Irrelevant,Irrelevant,Irrelevant,Irrelevant,Irrelevant,Irrelevant,Irrelevant,Irrelevant,Irrelevant,Irrelevant,Irrelevant,Irrelevant,Irrelevant
ID0021,Low Relevance,High Relevance,Low Relevance,Low Relevance,Low Relevance,High Relevance,Low Relevance,Low Relevance,High Relevance,Low Relevance,Low Relevance,Irrelevant,Irrelevant,Irrelevant,Irrelevant,Irrelevant,Irrelevant,Irrelevant,Irrelevant,Irrelevant,Irrelevant,Irrelevant,Irrelevant,Irrelevant,Irrelevant,Irrelevant,Irrelevant,Irrelevant,Irrelevant,Irrelevant
ID0024,Irrelevant,Irrelevant,Irrelevant,Irrelevant,Irrelevant,Irrelevant,Irrelevant,Irrelevant,Irrelevant,Irrelevant,Irrelevant,Irrelevant,Irrelevant,Irrelevant,Irrelevant,Irrelevant,Irrelevant,Irrelevant,Irrelevant,Irrelevant,Irrelevant,Irrelevant,Irrelevant,Irrelevant,Irrelevant,Irrelevant,Irrelevant,Irrelevant,Irrelevant,Irrelevant
ID0025,Irrelevant,Irrelevant,Irrelevant,Irrelevant,Irrelevant,Irrelevant,Irrelevant,Irrelevant,Irrelevant,Irrelevant,Irrelevant,Irrelevant,Irrelevant,Irrelevant,Irrelevant,Irrelevant,Irrelevant,Irrelevant,Irrelevant,Irrelevant,Irrelevant,Irrelevant,Irrelevant,Irrelevant,Irrelevant,Irrelevant,Irrelevant,Irrelevant,Irrelevant,Irrelevant
ID0027,Low Relevance,Low Relevance,Low Relevance,Low Relevance,Low Relevance,Low Relevance,Low Relevance,Low Relevance,Irrelevant,Irrelevant,Irrelevant,Irrelevant,Irrelevant,Irrelevant,Irrelevant,Irrelevant,Irrelevant,Irrelevant,Irrelevant,Irrelevant,Irrelevant,Irrelevant,Irrelevant,Irrelevant,Irrelevant,Irrelevant,Irrelevant,Irrelevant,Irrelevant,Irrelevant
ID0028,Low Relevance,Low Relevance,Low Relevance,Low Relevance,Low Relevance,Low Relevance,Irrelevant,Irrelevant,Irrelevant,Irrelevant,Irrelevant,Irrelevant,Irrelevant,Irrelevant,Irrelevant,Irrelevant,Irrelevant,Irrelevant,Irrelevant,Irrelevant,Irrelevant,Irrelevant,Irrelevant,Irrelevant,Irrelevant,Irrelevant,Irrelevant,Irrelevant,Irrelevant,Irrelevant
ID0029,Low Relevance,Low Relevance,Low Relevance,Low Relevance,Low Relevance,Low Relevance,Low Relevance,High Relevance,High Relevance,Low Relevance,Low Relevance,Low Relevance,Irrelevant,Irrelevant,Irrelevant,Irrelevant,Irrelevant,Irrelevant,Irrelevant,Irrelevant,Irrelevant,Irrelevant,Irrelevant,Irrelevant,Irrelevant,Irrelevant,Irrelevant,Irrelevant,Irrelevant,Irrelevant
ID0030,Low Relevance,Low Relevance,Low Relevance,Low Relevance,Low Relevance,Low Relevance,Low Relevance,Low Relevance,Low Relevance,Low Relevance,Low Relevance,Low Relevance,Low Relevance,Irrelevant,Irrelevant,Irrelevant,Irrelevant,Irrelevant,Irrelevant,Irrelevant,Irrelevant,Irrelevant,Irrelevant,Irrelevant,Irrelevant,Irrelevant,Irrelevant,Irrelevant,Irrelevant,Irrelevant
ID0032,Irrelevant,Irrelevant,Irrelevant,Irrelevant,Irrelevant,Irrelevant,Irrelevant,Irrelevant,Irrelevant,Irrelevant,Irrelevant,Irrelevant,Irrelevant,Irrelevant,Irrelevant,Irrelevant,Irrelevant,Irrelevant,Irrelevant,Irrelevant,Irrelevant,Irrelevant,Irrelevant,Irrelevant,Irrelevant,Irrelevant,Irrelevant,Irrelevant,Irrelevant,Irrelevant
ID0034,Low Relevance,Irrelevant,Irrelevant,Irrelevant,Irrelevant,Irrelevant,Irrelevant,Irrelevant,Irrelevant,Irrelevant,Irrelevant,Irrelevant,Irrelevant,Irrelevant,Irrelevant,Irrelevant,Irrelevant,Irrelevant,Irrelevant,Irrelevant,Irrelevant,Irrelevant,Irrelevant,Irrelevant,Irrelevant,Irrelevant,Irrelevant,Irrelevant,Irrelevant,Irrelevant
ID0039,Irrelevant,Irrelevant,Irrelevant,Irrelevant,Irrelevant,Irrelevant,Irrelevant,Irrelevant,Irrelevant,Irrelevant,Irrelevant,Irrelevant,Irrelevant,Irrelevant,Irrelevant,Irrelevant,Irrelevant,Irrelevant,Irrelevant,Irrelevant,Irrelevant,Irrelevant,Irrelevant,Irrelevant,Irrelevant,Irrelevant,Irrelevant,Irrelevant,Irrelevant,Irrelevant
ID0041,Irrelevant,Irrelevant,Irrelevant,Irrelevant,Irrelevant,Irrelevant,Irrelevant,Irrelevant,Irrelevant,Irrelevant,Irrelevant,Irrelevant,Irrelevant,Irrelevant,Irrelevant,Irrelevant,Irrelevant,Irrelevant,Irrelevant,Irrelevant,Irrelevant,Irrelevant,Irrelevant,Irrelevant,Irrelevant,Irrelevant,Irrelevant,Irrelevant,Irrelevant,Irrelevant
ID0042,Irrelevant,Irrelevant,Irrelevant,Irrelevant,Irrelevant,Irrelevant,Irrelevant,Irrelevant,Irrelevant,Irrelevant,Irrelevant,Irrelevant,Irrelevant,Irrelevant,Irrelevant,Irrelevant,Irrelevant,Irrelevant,Irrelevant,Irrelevant,Irrelevant,Irrelevant,Irrelevant,Irrelevant,Irrelevant,Irrelevant,Irrelevant,Irrelevant,Irrelevant,Irrelevant
ID0043,Irrelevant,Irrelevant,Irrelevant,Irrelevant,Irrelevant,Irrelevant,Irrelevant,Irrelevant,Irrelevant,Irrelevant,Irrelevant,Irrelevant,Irrelevant,Irrelevant,Irrelevant,Irrelevant,Irrelevant,Irrelevant,Irrelevant,Irrelevant,Irrelevant,Irrelevant,Irrelevant,Irrelevant,Irrelevant,Irrelevant,Irrelevant,Irrelevant,Irrelevant,Irrelevant
ID0044,Low Relevance,Low Relevance,Low Relevance,Low Relevance,Low Relevance,High Relevance,Low Relevance,Low Relevance,Low Relevance,Low Relevance,Low Relevance,Low Relevance,Low Relevance,Irrelevant,Irrelevant,Irrelevant,Irrelevant,Irrelevant,Irrelevant,Irrelevant,Irrelevant,Irrelevant,Irrelevant,Irrelevant,Irrelevant,Irrelevant,Irrelevant,Irrelevant,Irrelevant,Irrelevant
ID0045,Irrelevant,Irrelevant,Irrelevant,Irrelevant,Irrelevant,Irrelevant,Irrelevant,Irrelevant,Irrelevant,Irrelevant,Irrelevant,Irrelevant,Irrelevant,Irrelevant,Irrelevant,Irrelevant,Irrelevant,Irrelevant,Irrelevant,Irrelevant,Irrelevant,Irrelevant,Irrelevant,Irrelevant,Irrelevant,Irrelevant,Irrelevant,Irrelevant,Irrelevant,Irrelevant
ID0046,Low Relevance,Low Relevance,Low Relevance,Low Relevance,Low Relevance,Low Relevance,Low Relevance,Low Relevance,Low Relevance,Low Relevance,Low Relevance,Low Relevance,Low Relevance,Irrelevant,Irrelevant,Irrelevant,Irrelevant,Irrelevant,Irrelevant,Irrelevant,Irrelevant,Irrelevant,Irrelevant,Irrelevant,Irrelevant,Irrelevant,Irrelevant,Irrelevant,Irrelevant,Irrelevant
ID0047,Low Relevance,Low Relevance,Low Relevance,Low Relevance,Low Relevance,Low Relevance,Low Relevance,Low Relevance,Irrelevant,Irrelevant,Irrelevant,Irrelevant,Irrelevant,Irrelevant,Irrelevant,Irrelevant,Irrelevant,Irrelevant,Irrelevant,Irrelevant,Irrelevant,Irrelevant,Irrelevant,Irrelevant,Irrelevant,Irrelevant,Irrelevant,Irrelevant,Irrelevant,Irrelevant
ID0048,Irrelevant,Irrelevant,Irrelevant,Irrelevant,Irrelevant,Irrelevant,Irrelevant,Irrelevant,Irrelevant,Irrelevant,Irrelevant,Irrelevant,Irrelevant,Irrelevant,Irrelevant,Irrelevant,Irrelevant,Irrelevant,Irrelevant,Irrelevant,Irrelevant,Irrelevant,Irrelevant,Irrelevant,Irrelevant,Irrelevant,Irrelevant,Irrelevant,Irrelevant,Irrelevant
ID0049,Low Relevance,Low Relevance,Low Relevance,Low Relevance,Low Relevance,Low Relevance,Low Relevance,Low Relevance,Low Relevance,Low Relevance,Low Relevance,Low Relevance,Irrelevant,Irrelevant,Irrelevant,Irrelevant,Irrelevant,Irrelevant,Irrelevant,Irrelevant,Irrelevant,Irrelevant,Irrelevant,Irrelevant,Irrelevant,Irrelevant,Irrelevant,Irrelevant,Irrelevant,Irrelevant
ID0052,Irrelevant,Irrelevant,Irrelevant,Irrelevant,Irrelevant,Irrelevant,Irrelevant,Irrelevant,Irrelevant,Irrelevant,Irrelevant,Irrelevant,Irrelevant,Irrelevant,Irrelevant,Irrelevant,Irrelevant,Irrelevant,Irrelevant,Irrelevant,Irrelevant,Irrelevant,Irrelevant,Irrelevant,Irrelevant,Irrelevant,Irrelevant,Irrelevant,Irrelevant,Irrelevant
ID0053,Irrelevant,Irrelevant,Irrelevant,Irrelevant,Irrelevant,Irrelevant,Irrelevant,Irrelevant,Irrelevant,Irrelevant,Irrelevant,Irrelevant,Irrelevant,Irrelevant,Irrelevant,Irrelevant,Irrelevant,Irrelevant,Irrelevant,Irrelevant,Irrelevant,Irrelevant,Irrelevant,Irrelevant,Irrelevant,Irrelevant,Irrelevant,Irrelevant,Irrelevant,Irrelevant
ID0054,Low Relevance,Low Relevance,Low Relevance,Low Relevance,Low Relevance,Low Relevance,Low Relevance,Low Relevance,Low Relevance,Low Relevance,Low Relevance,Irrelevant,Irrelevant,Irrelevant,Irrelevant,Irrelevant,Irrelevant,Irrelevant,Irrelevant,Irrelevant,Irrelevant,Irrelevant,Irrelevant,Irrelevant,Irrelevant,Irrelevant,Irrelevant,Irrelevant,Irrelevant,Irrelevant
ID0055,Irrelevant,Irrelevant,Irrelevant,Irrelevant,Irrelevant,Irrelevant,Irrelevant,Irrelevant,Irrelevant,Irrelevant,Irrelevant,Irrelevant,Irrelevant,Irrelevant,Irrelevant,Irrelevant,Irrelevant,Irrelevant,Irrelevant,Irrelevant,Irrelevant,Irrelevant,Irrelevant,Irrelevant,Irrelevant,Irrelevant,Irrelevant,Irrelevant,Irrelevant,Irrelevant
ID0056,Irrelevant,Irrelevant,Irrelevant,Irrelevant,Irrelevant,Irrelevant,Irrelevant,Irrelevant,Irrelevant,Irrelevant,Irrelevant,Irrelevant,Irrelevant,Irrelevant,Irrelevant,Irrelevant,Irrelevant,Irrelevant,Irrelevant,Irrelevant,Irrelevant,Irrelevant,Irrelevant,Irrelevant,Irrelevant,Irrelevant,Irrelevant,Irrelevant,Irrelevant,Irrelevant
ID0057,Low Relevance,Irrelevant,Irrelevant,Irrelevant,Irrelevant,Irrelevant,Irrelevant,Irrelevant,Irrelevant,Irrelevant,Irrelevant,Irrelevant,Irrelevant,Irrelevant,Irrelevant,Irrelevant,Irrelevant,Irrelevant,Irrelevant,Irrelevant,Irrelevant,Irrelevant,Irrelevant,Irrelevant,Irrelevant,Irrelevant,Irrelevant,Irrelevant,Irrelevant,Irrelevant
ID0059,Irrelevant,Irrelevant,Irrelevant,Irrelevant,Irrelevant,Irrelevant,Irrelevant,Irrelevant,Irrelevant,Irrelevant,Irrelevant,Irrelevant,Irrelevant,Irrelevant,Irrelevant,Irrelevant,Irrelevant,Irrelevant,Irrelevant,Irrelevant,Irrelevant,Irrelevant,Irrelevant,Irrelevant,Irrelevant,Irrelevant,Irrelevant,Irrelevant,Irrelevant,Irrelevant
ID0060,Low Relevance,Low Relevance,Low Relevance,Low Relevance,Low Relevance,Low Relevance,Low Relevance,Irrelevant,Irrelevant,Irrelevant,Irrelevant,Irrelevant,Irrelevant,Irrelevant,Irrelevant,Irrelevant,Irrelevant,Irrelevant,Irrelevant,Irrelevant,Irrelevant,Irrelevant,Irrelevant,Irrelevant,Irrelevant,Irrelevant,Irrelevant,Irrelevant,Irrelevant,Irrelevant
ID0062,Low Relevance,Low Relevance,Low Relevance,Low Relevance,Low Relevance,Low Relevance,Low Relevance,Irrelevant,Irrelevant,Irrelevant,Irrelevant,Irrelevant,Irrelevant,Irrelevant,Irrelevant,Irrelevant,Irrelevant,Irrelevant,Irrelevant,Irrelevant,Irrelevant,Irrelevant,Irrelevant,Irrelevant,Irrelevant,Irrelevant,Irrelevant,Irrelevant,Irrelevant,Irrelevant
ID0063,Low Relevance,Low Relevance,Low Relevance,Low Relevance,Low Relevance,Irrelevant,Irrelevant,Irrelevant,Irrelevant,Irrelevant,Irrelevant,Irrelevant,Irrelevant,Irrelevant,Irrelevant,Irrelevant,Irrelevant,Irrelevant,Irrelevant,Irrelevant,Irrelevant,Irrelevant,Irrelevant,Irrelevant,Irrelevant,Irrelevant,Irrelevant,Irrelevant,Irrelevant,Irrelevant
ID0064,Low Relevance,Low Relevance,Irrelevant,Irrelevant,Irrelevant,Irrelevant,Irrelevant,Irrelevant,Irrelevant,Irrelevant,Irrelevant,Irrelevant,Irrelevant,Irrelevant,Irrelevant,Irrelevant,Irrelevant,Irrelevant,Irrelevant,Irrelevant,Irrelevant,Irrelevant,Irrelevant,Irrelevant,Irrelevant,Irrelevant,Irrelevant,Irrelevant,Irrelevant,Irrelevant
ID0067,High Relevance,Irrelevant,Irrelevant,Irrelevant,Irrelevant,Irrelevant,Irrelevant,Irrelevant,Irrelevant,Irrelevant,Irrelevant,Irrelevant,Irrelevant,Irrelevant,Irrelevant,Irrelevant,Irrelevant,Irrelevant,Irrelevant,Irrelevant,Irrelevant,Irrelevant,Irrelevant,Irrelevant,Irrelevant,Irrelevant,Irrelevant,Irrelevant,Irrelevant,Irrelevant
ID0069,High Relevance,Low Relevance,Low Relevance,Low Relevance,Low Relevance,Low Relevance,Low Relevance,Low Relevance,High Relevance,High Relevance,Low Relevance,Low Relevance,Irrelevant,Irrelevant,Irrelevant,Irrelevant,Irrelevant,Irrelevant,Irrelevant,Irrelevant,Irrelevant,Irrelevant,Irrelevant,Irrelevant,Irrelevant,Irrelevant,Irrelevant,Irrelevant,Irrelevant,Irrelevant
ID0071,Irrelevant,Irrelevant,Irrelevant,Irrelevant,Irrelevant,Irrelevant,Irrelevant,Irrelevant,Irrelevant,Irrelevant,Irrelevant,Irrelevant,Irrelevant,Irrelevant,Irrelevant,Irrelevant,Irrelevant,Irrelevant,Irrelevant,Irrelevant,Irrelevant,Irrelevant,Irrelevant,Irrelevant,Irrelevant,Irrelevant,Irrelevant,Irrelevant,Irrelevant,Irrelevant
ID0072,Irrelevant,Irrelevant,Irrelevant,Irrelevant,Irrelevant,Irrelevant,Irrelevant,Irrelevant,Irrelevant,Irrelevant,Irrelevant,Irrelevant,Irrelevant,Irrelevant,Irrelevant,Irrelevant,Irrelevant,Irrelevant,Irrelevant,Irrelevant,Irrelevant,Irrelevant,Irrelevant,Irrelevant,Irrelevant,Irrelevant,Irrelevant,Irrelevant,Irrelevant,Irrelevant
ID0073,Irrelevant,Irrelevant,Irrelevant,Irrelevant,Irrelevant,Irrelevant,Irrelevant,Irrelevant,Irrelevant,Irrelevant,Irrelevant,Irrelevant,Irrelevant,Irrelevant,Irrelevant,Irrelevant,Irrelevant,Irrelevant,Irrelevant,Irrelevant,Irrelevant,Irrelevant,Irrelevant,Irrelevant,Irrelevant,Irrelevant,Irrelevant,Irrelevant,Irrelevant,Irrelevant
ID0074,Low Relevance,Low Relevance,Low Relevance,Low Relevance,Low Relevance,Low Relevance,Low Relevance,Low Relevance,Low Relevance,Irrelevant,Irrelevant,Irrelevant,Irrelevant,Irrelevant,Irrelevant,Irrelevant,Irrelevant,Irrelevant,Irrelevant,Irrelevant,Irrelevant,Irrelevant,Irrelevant,Irrelevant,Irrelevant,Irrelevant,Irrelevant,Irrelevant,Irrelevant,Irrelevant
ID0076,Low Relevance,Low Relevance,Low Relevance,Low Relevance,Irrelevant,Low Relevance,Irrelevant,Irrelevant,Irrelevant,Irrelevant,Irrelevant,Irrelevant,Irrelevant,Irrelevant,Irrelevant,Irrelevant,Irrelevant,Irrelevant,Irrelevant,Irrelevant,Irrelevant,Irrelevant,Irrelevant,Irrelevant,Irrelevant,Irrelevant,Irrelevant,Irrelevant,Irrelevant,Irrelevant
ID0078,High Relevance,Low Relevance,Low Relevance,High Relevance,Low Relevance,Low Relevance,Low Relevance,Low Relevance,Low Relevance,Low Relevance,High Relevance,High Relevance,Low Relevance,Irrelevant,Irrelevant,Irrelevant,Irrelevant,Irrelevant,Irrelevant,Irrelevant,Irrelevant,Irrelevant,Irrelevant,Irrelevant,Irrelevant,Irrelevant,Irrelevant,Irrelevant,Irrelevant,Irrelevant
ID0079,Low Relevance,Low Relevance,Low Relevance,Low Relevance,Low Relevance,Low Relevance,Low Relevance,Low Relevance,Low Relevance,Low Relevance,Low Relevance,Irrelevant,Irrelevant,Irrelevant,Irrelevant,Irrelevant,Irrelevant,Irrelevant,Irrelevant,Irrelevant,Irrelevant,Irrelevant,Irrelevant,Irrelevant,Irrelevant,Irrelevant,Irrelevant,Irrelevant,Irrelevant,Irrelevant
ID0081,Low Relevance,Low Relevance,Low Relevance,Low Relevance,Low Relevance,Low Relevance,Low Relevance,Irrelevant,Irrelevant,Irrelevant,Irrelevant,Irrelevant,Irrelevant,Irrelevant,Irrelevant,Irrelevant,Irrelevant,Irrelevant,Irrelevant,Irrelevant,Irrelevant,Irrelevant,Irrelevant,Irrelevant,Irrelevant,Irrelevant,Irrelevant,Irrelevant,Irrelevant,Irrelevant
ID0082,Irrelevant,Irrelevant,Irrelevant,Irrelevant,Irrelevant,Irrelevant,Irrelevant,Irrelevant,Irrelevant,Irrelevant,Irrelevant,Irrelevant,Irrelevant,Irrelevant,Irrelevant,Irrelevant,Irrelevant,Irrelevant,Irrelevant,Irrelevant,Irrelevant,Irrelevant,Irrelevant,Irrelevant,Irrelevant,Irrelevant,Irrelevant,Irrelevant,Irrelevant,Irrelevant
ID0085,Irrelevant,Irrelevant,Irrelevant,Irrelevant,Irrelevant,Irrelevant,Irrelevant,Irrelevant,Irrelevant,Irrelevant,Irrelevant,Irrelevant,Irrelevant,Irrelevant,Irrelevant,Irrelevant,Irrelevant,Irrelevant,Irrelevant,Irrelevant,Irrelevant,Irrelevant,Irrelevant,Irrelevant,Irrelevant,Irrelevant,Irrelevant,Irrelevant,Irrelevant,Irrelevant
ID0086,Irrelevant,Irrelevant,Irrelevant,Irrelevant,Irrelevant,Irrelevant,Irrelevant,Irrelevant,Irrelevant,Irrelevant,Irrelevant,Irrelevant,Irrelevant,Irrelevant,Irrelevant,Irrelevant,Irrelevant,Irrelevant,Irrelevant,Irrelevant,Irrelevant,Irrelevant,Irrelevant,Irrelevant,Irrelevant,Irrelevant,Irrelevant,Irrelevant,Irrelevant,Irrelevant
ID0088,Low Relevance,Low Relevance,Low Relevance,Low Relevance,Low Relevance,Low Relevance,Low Relevance,Low Relevance,Low Relevance,Low Relevance,Low Relevance,Low Relevance,Irrelevant,Irrelevant,Irrelevant,Irrelevant,Irrelevant,Irrelevant,Irrelevant,Irrelevant,Irrelevant,Irrelevant,Irrelevant,Irrelevant,Irrelevant,Irrelevant,Irrelevant,Irrelevant,Irrelevant,Irrelevant
ID0089,Low Relevance,Low Relevance,Low Relevance,Low Relevance,Low Relevance,Low Relevance,Low Relevance,Low Relevance,Low Relevance,Low Relevance,Low Relevance,Low Relevance,Irrelevant,Irrelevant,Irrelevant,Irrelevant,Irrelevant,Irrelevant,Irrelevant,Irrelevant,Irrelevant,Irrelevant,Irrelevant,Irrelevant,Irrelevant,Irrelevant,Irrelevant,Irrelevant,Irrelevant,Irrelevant
ID0092,Low Relevance,Low Relevance,Low Relevance,Low Relevance,Low Relevance,Low Relevance,Low Relevance,Low Relevance,Irrelevant,Irrelevant,Irrelevant,Irrelevant,Irrelevant,Irrelevant,Irrelevant,Irrelevant,Irrelevant,Irrelevant,Irrelevant,Irrelevant,Irrelevant,Irrelevant,Irrelevant,Irrelevant,Irrelevant,Irrelevant,Irrelevant,Irrelevant,Irrelevant,Irrelevant
ID0093,Irrelevant,Irrelevant,Irrelevant,Irrelevant,Irrelevant,Irrelevant,Irrelevant,Irrelevant,Irrelevant,Irrelevant,Irrelevant,Irrelevant,Irrelevant,Irrelevant,Irrelevant,Irrelevant,Irrelevant,Irrelevant,Irrelevant,Irrelevant,Irrelevant,Irrelevant,Irrelevant,Irrelevant,Irrelevant,Irrelevant,Irrelevant,Irrelevant,Irrelevant,Irrelevant
ID0094,Low Relevance,Low Relevance,Low Relevance,Low Relevance,Low Relevance,Low Relevance,Low Relevance,Low Relevance,Low Relevance,Low Relevance,Low Relevance,Irrelevant,Irrelevant,Irrelevant,Irrelevant,Irrelevant,Irrelevant,Irrelevant,Irrelevant,Irrelevant,Irrelevant,Irrelevant,Irrelevant,Irrelevant,Irrelevant,Irrelevant,Irrelevant,Irrelevant,Irrelevant,Irrelevant
ID0096,Irrelevant,Irrelevant,Irrelevant,Irrelevant,Irrelevant,Irrelevant,Irrelevant,Irrelevant,Irrelevant,Irrelevant,Irrelevant,Irrelevant,Irrelevant,Irrelevant,Irrelevant,Irrelevant,Irrelevant,Irrelevant,Irrelevant,Irrelevant,Irrelevant,Irrelevant,Irrelevant,Irrelevant,Irrelevant,Irrelevant,Irrelevant,Irrelevant,Irrelevant,Irrelevant
ID0097,Irrelevant,Irrelevant,Irrelevant,Irrelevant,Irrelevant,Irrelevant,Irrelevant,Irrelevant,Irrelevant,Irrelevant,Irrelevant,Irrelevant,Irrelevant,Irrelevant,Irrelevant,Irrelevant,Irrelevant,Irrelevant,Irrelevant,Irrelevant,Irrelevant,Irrelevant,Irrelevant,Irrelevant,Irrelevant,Irrelevant,Irrelevant,Irrelevant,Irrelevant,Irrelevant
ID0098,Irrelevant,Irrelevant,Irrelevant,Irrelevant,Irrelevant,Irrelevant,Irrelevant,Irrelevant,Irrelevant,Irrelevant,Irrelevant,Irrelevant,Irrelevant,Irrelevant,Irrelevant,Irrelevant,Irrelevant,Irrelevant,Irrelevant,Irrelevant,Irrelevant,Irrelevant,Irrelevant,Irrelevant,Irrelevant,Irrelevant,Irrelevant,Irrelevant,Irrelevant,Irrelevant
ID0099,Low Relevance,Low Relevance,Low Relevance,Low Relevance,Low Relevance,Low Relevance,Low Relevance,Low Relevance,Low Relevance,Low Relevance,Low Relevance,Low Relevance,Irrelevant,Irrelevant,Irrelevant,Irrelevant,Irrelevant,Irrelevant,Irrelevant,Irrelevant,Irrelevant,Irrelevant,Irrelevant,Irrelevant,Irrelevant,Irrelevant,Irrelevant,Irrelevant,Irrelevant,Irrelevant
ID0101,Low Relevance,Low Relevance,Low Relevance,Low Relevance,Low Relevance,Irrelevant,Irrelevant,Irrelevant,Irrelevant,Irrelevant,Irrelevant,Irrelevant,Irrelevant,Irrelevant,Irrelevant,Irrelevant,Irrelevant,Irrelevant,Irrelevant,Irrelevant,Irrelevant,Irrelevant,Irrelevant,Irrelevant,Irrelevant,Irrelevant,Irrelevant,Irrelevant,Irrelevant,Irrelevant
ID0102,Low Relevance,Low Relevance,Low Relevance,Low Relevance,Low Relevance,Low Relevance,Low Relevance,Low Relevance,Low Relevance,Low Relevance,Low Relevance,Low Relevance,Irrelevant,Irrelevant,Irrelevant,Irrelevant,Irrelevant,Irrelevant,Irrelevant,Irrelevant,Irrelevant,Irrelevant,Irrelevant,Irrelevant,Irrelevant,Irrelevant,Irrelevant,Irrelevant,Irrelevant,Irrelevant
ID0106,Low Relevance,Low Relevance,Low Relevance,Low Relevance,Low Relevance,Low Relevance,High Relevance,Low Relevance,Irrelevant,Irrelevant,Irrelevant,Irrelevant,Irrelevant,Irrelevant,Irrelevant,Irrelevant,Irrelevant,Irrelevant,Irrelevant,Irrelevant,Irrelevant,Irrelevant,Irrelevant,Irrelevant,Irrelevant,Irrelevant,Irrelevant,Irrelevant,Irrelevant,Irrelevant
ID0108,Low Relevance,Low Relevance,Low Relevance,Low Relevance,Low Relevance,Low Relevance,Low Relevance,Low Relevance,Low Relevance,Low Relevance,Low Relevance,Low Relevance,Low Relevance,Irrelevant,Irrelevant,Irrelevant,Irrelevant,Irrelevant,Irrelevant,Irrelevant,Irrelevant,Irrelevant,Irrelevant,Irrelevant,Irrelevant,Irrelevant,Irrelevant,Irrelevant,Irrelevant,Irrelevant
ID0109,Low Relevance,Low Relevance,Low Relevance,Irrelevant,Irrelevant,Irrelevant,Low Relevance,Irrelevant,Irrelevant,Irrelevant,Irrelevant,Irrelevant,Irrelevant,Irrelevant,Irrelevant,Irrelevant,Irrelevant,Irrelevant,Irrelevant,Irrelevant,Irrelevant,Irrelevant,Irrelevant,Irrelevant,Irrelevant,Irrelevant,Irrelevant,Irrelevant,Irrelevant,Irrelevant
ID0110,Low Relevance,Low Relevance,Low Relevance,Low Relevance,Low Relevance,Low Relevance,Low Relevance,Low Relevance,Low Relevance,Low Relevance,Low Relevance,Irrelevant,Irrelevant,Irrelevant,Irrelevant,Irrelevant,Irrelevant,Irrelevant,Irrelevant,Irrelevant,Irrelevant,Irrelevant,Irrelevant,Irrelevant,Irrelevant,Irrelevant,Irrelevant,Irrelevant,Irrelevant,Irrelevant
ID0111,Irrelevant,Irrelevant,Irrelevant,Irrelevant,Irrelevant,Irrelevant,Irrelevant,Irrelevant,Irrelevant,Irrelevant,Irrelevant,Irrelevant,Irrelevant,Irrelevant,Irrelevant,Irrelevant,Irrelevant,Irrelevant,Irrelevant,Irrelevant,Irrelevant,Irrelevant,Irrelevant,Irrelevant,Irrelevant,Irrelevant,Irrelevant,Irrelevant,Irrelevant,Irrelevant
ID0112,Low Relevance,Low Relevance,Low Relevance,Low Relevance,Low Relevance,Low Relevance,Irrelevant,Irrelevant,Irrelevant,Irrelevant,Irrelevant,Irrelevant,Irrelevant,Irrelevant,Irrelevant,Irrelevant,Irrelevant,Irrelevant,Irrelevant,Irrelevant,Irrelevant,Irrelevant,Irrelevant,Irrelevant,Irrelevant,Irrelevant,Irrelevant,Irrelevant,Irrelevant,Irrelevant
ID0113,Low Relevance,Low Relevance,Low Relevance,Irrelevant,Low Relevance,High Relevance,High Relevance,Low Relevance,Low Relevance,High Relevance,Low Relevance,Low Relevance,High Relevance,Irrelevant,Irrelevant,Irrelevant,Irrelevant,Irrelevant,Irrelevant,Irrelevant,Irrelevant,Irrelevant,Irrelevant,Irrelevant,Irrelevant,Irrelevant,Irrelevant,Irrelevant,Irrelevant,Irrelevant
ID0115,Low Relevance,Low Relevance,Low Relevance,Low Relevance,Low Relevance,Low Relevance,Low Relevance,Low Relevance,Low Relevance,Low Relevance,Low Relevance,Low Relevance,Low Relevance,Irrelevant,Irrelevant,Irrelevant,Irrelevant,Irrelevant,Irrelevant,Irrelevant,Irrelevant,Irrelevant,Irrelevant,Irrelevant,Irrelevant,Irrelevant,Irrelevant,Irrelevant,Irrelevant,Irrelevant
ID0116,Irrelevant,Irrelevant,Irrelevant,Irrelevant,Irrelevant,Irrelevant,Irrelevant,Irrelevant,Irrelevant,Irrelevant,Irrelevant,Irrelevant,Irrelevant,Irrelevant,Irrelevant,Irrelevant,Irrelevant,Irrelevant,Irrelevant,Irrelevant,Irrelevant,Irrelevant,Irrelevant,Irrelevant,Irrelevant,Irrelevant,Irrelevant,Irrelevant,Irrelevant,Irrelevant
ID0117,High Relevance,High Relevance,Low Relevance,Low Relevance,Irrelevant,Irrelevant,Irrelevant,High Relevance,High Relevance,High Relevance,Irrelevant,Irrelevant,Irrelevant,Irrelevant,Irrelevant,Irrelevant,Irrelevant,Irrelevant,Irrelevant,Irrelevant,Irrelevant,Irrelevant,Irrelevant,Irrelevant,Irrelevant,Irrelevant,Irrelevant,Irrelevant,Irrelevant,Irrelevant
ID0119,High Relevance,Low Relevance,High Relevance,Low Relevance,Low Relevance,Irrelevant,Irrelevant,Irrelevant,Irrelevant,Irrelevant,Irrelevant,Irrelevant,Irrelevant,Irrelevant,Irrelevant,Irrelevant,Irrelevant,Irrelevant,Irrelevant,Irrelevant,Irrelevant,Irrelevant,Irrelevant,Irrelevant,Irrelevant,Irrelevant,Irrelevant,Irrelevant,Irrelevant,Irrelevant
ID0122,Low Relevance,Irrelevant,Irrelevant,Irrelevant,Irrelevant,Irrelevant,Irrelevant,Irrelevant,Irrelevant,Irrelevant,Irrelevant,Irrelevant,Irrelevant,Irrelevant,Irrelevant,Irrelevant,Irrelevant,Irrelevant,Irrelevant,Irrelevant,Irrelevant,Irrelevant,Irrelevant,Irrelevant,Irrelevant,Irrelevant,Irrelevant,Irrelevant,Irrelevant,Irrelevant
ID0124,Irrelevant,Irrelevant,Irrelevant,Irrelevant,Irrelevant,Irrelevant,Irrelevant,Irrelevant,Irrelevant,Irrelevant,Irrelevant,Irrelevant,Irrelevant,Irrelevant,Irrelevant,Irrelevant,Irrelevant,Irrelevant,Irrelevant,Irrelevant,Irrelevant,Irrelevant,Irrelevant,Irrelevant,Irrelevant,Irrelevant,Irrelevant,Irrelevant,Irrelevant,Irrelevant
ID0125,High Relevance,Low Relevance,Irrelevant,Irrelevant,Irrelevant,Irrelevant,Irrelevant,Irrelevant,Irrelevant,Irrelevant,Irrelevant,Irrelevant,Irrelevant,Irrelevant,Irrelevant,Irrelevant,Irrelevant,Irrelevant,Irrelevant,Irrelevant,Irrelevant,Irrelevant,Irrelevant,Irrelevant,Irrelevant,Irrelevant,Irrelevant,Irrelevant,Irrelevant,Irrelevant
ID0127,High Relevance,Low Relevance,Low Relevance,Low Relevance,Low Relevance,Low Relevance,Low Relevance,Low Relevance,Low Relevance,Low Relevance,Irrelevant,Irrelevant,Irrelevant,Irrelevant,Irrelevant,Irrelevant,Irrelevant,Irrelevant,Irrelevant,Irrelevant,Irrelevant,Irrelevant,Irrelevant,Irrelevant,Irrelevant,Irrelevant,Irrelevant,Irrelevant,Irrelevant,Irrelevant
ID0129,Irrelevant,Irrelevant,Irrelevant,Irrelevant,Irrelevant,Irrelevant,Irrelevant,Irrelevant,Irrelevant,Irrelevant,Irrelevant,Irrelevant,Irrelevant,Irrelevant,Irrelevant,Irrelevant,Irrelevant,Irrelevant,Irrelevant,Irrelevant,Irrelevant,Irrelevant,Irrelevant,Irrelevant,Irrelevant,Irrelevant,Irrelevant,Irrelevant,Irrelevant,Irrelevant
ID0130,Low Relevance,Low Relevance,Low Relevance,Low Relevance,Low Relevance,Low Relevance,Low Relevance,Low Relevance,Low Relevance,Irrelevant,Irrelevant,Irrelevant,Irrelevant,Irrelevant,Irrelevant,Irrelevant,Irrelevant,Irrelevant,Irrelevant,Irrelevant,Irrelevant,Irrelevant,Irrelevant,Irrelevant,Irrelevant,Irrelevant,Irrelevant,Irrelevant,Irrelevant,Irrelevant
ID0133,Irrelevant,Irrelevant,Irrelevant,Irrelevant,Irrelevant,Irrelevant,Irrelevant,Irrelevant,Irrelevant,Irrelevant,Irrelevant,Irrelevant,Irrelevant,Irrelevant,Irrelevant,Irrelevant,Irrelevant,Irrelevant,Irrelevant,Irrelevant,Irrelevant,Irrelevant,Irrelevant,Irrelevant,Irrelevant,Irrelevant,Irrelevant,Irrelevant,Irrelevant,Irrelevant
ID0135,High Relevance,Low Relevance,Low Relevance,Low Relevance,High Relevance,Low Relevance,Low Relevance,Low Relevance,Irrelevant,Irrelevant,Irrelevant,Irrelevant,Irrelevant,Irrelevant,Irrelevant,Irrelevant,Irrelevant,Irrelevant,Irrelevant,Irrelevant,Irrelevant,Irrelevant,Irrelevant,Irrelevant,Irrelevant,Irrelevant,Irrelevant,Irrelevant,Irrelevant,Irrelevant
ID0136,Irrelevant,Irrelevant,Irrelevant,Irrelevant,Irrelevant,Irrelevant,Irrelevant,Irrelevant,Irrelevant,Irrelevant,Irrelevant,Irrelevant,Irrelevant,Irrelevant,Irrelevant,Irrelevant,Irrelevant,Irrelevant,Irrelevant,Irrelevant,Irrelevant,Irrelevant,Irrelevant,Irrelevant,Irrelevant,Irrelevant,Irrelevant,Irrelevant,Irrelevant,Irrelevant
ID0137,Low Relevance,Low Relevance,Low Relevance,Low Relevance,Low Relevance,Low Relevance,Low Relevance,Low Relevance,Irrelevant,Irrelevant,Irrelevant,Irrelevant,Irrelevant,Irrelevant,Irrelevant,Irrelevant,Irrelevant,Irrelevant,Irrelevant,Irrelevant,Irrelevant,Irrelevant,Irrelevant,Irrelevant,Irrelevant,Irrelevant,Irrelevant,Irrelevant,Irrelevant,Irrelevant
ID0140,Low Relevance,Low Relevance,Low Relevance,Low Relevance,Low Relevance,Low Relevance,Irrelevant,Irrelevant,Irrelevant,Irrelevant,Irrelevant,Irrelevant,Irrelevant,Irrelevant,Irrelevant,Irrelevant,Irrelevant,Irrelevant,Irrelevant,Irrelevant,Irrelevant,Irrelevant,Irrelevant,Irrelevant,Irrelevant,Irrelevant,Irrelevant,Irrelevant,Irrelevant,Irrelevant
ID0141,Low Relevance,Irrelevant,Irrelevant,Irrelevant,Irrelevant,Irrelevant,Irrelevant,Irrelevant,Irrelevant,Irrelevant,Irrelevant,Irrelevant,Irrelevant,Irrelevant,Irrelevant,Irrelevant,Irrelevant,Irrelevant,Irrelevant,Irrelevant,Irrelevant,Irrelevant,Irrelevant,Irrelevant,Irrelevant,Irrelevant,Irrelevant,Irrelevant,Irrelevant,Irrelevant
ID0142,Low Relevance,Low Relevance,Low Relevance,Low Relevance,Low Relevance,Low Relevance,Irrelevant,Irrelevant,Irrelevant,Irrelevant,Irrelevant,Irrelevant,Irrelevant,Irrelevant,Irrelevant,Irrelevant,Irrelevant,Irrelevant,Irrelevant,Irrelevant,Irrelevant,Irrelevant,Irrelevant,Irrelevant,Irrelevant,Irrelevant,Irrelevant,Irrelevant,Irrelevant,Irrelevant
ID0144,Low Relevance,Low Relevance,Low Relevance,Low Relevance,Low Relevance,Low Relevance,Low Relevance,Low Relevance,Low Relevance,Low Relevance,Low Relevance,Low Relevance,Low Relevance,Irrelevant,Irrelevant,Irrelevant,Irrelevant,Irrelevant,Irrelevant,Irrelevant,Irrelevant,Irrelevant,Irrelevant,Irrelevant,Irrelevant,Irrelevant,Irrelevant,Irrelevant,Irrelevant,Irrelevant
ID0146,Irrelevant,Irrelevant,Irrelevant,Irrelevant,Irrelevant,Irrelevant,Irrelevant,Irrelevant,Irrelevant,Irrelevant,Irrelevant,Irrelevant,Irrelevant,Irrelevant,Irrelevant,Irrelevant,Irrelevant,Irrelevant,Irrelevant,Irrelevant,Irrelevant,Irrelevant,Irrelevant,Irrelevant,Irrelevant,Irrelevant,Irrelevant,Irrelevant,Irrelevant,Irrelevant
ID0147,Low Relevance,Irrelevant,Irrelevant,Irrelevant,Irrelevant,Irrelevant,Irrelevant,Irrelevant,Irrelevant,Irrelevant,Irrelevant,Irrelevant,Irrelevant,Irrelevant,Irrelevant,Irrelevant,Irrelevant,Irrelevant,Irrelevant,Irrelevant,Irrelevant,Irrelevant,Irrelevant,Irrelevant,Irrelevant,Irrelevant,Irrelevant,Irrelevant,Irrelevant,Irrelevant
ID0148,Low Relevance,Low Relevance,Irrelevant,Irrelevant,Irrelevant,Irrelevant,Irrelevant,Irrelevant,Irrelevant,Irrelevant,Irrelevant,Irrelevant,Irrelevant,Irrelevant,Irrelevant,Irrelevant,Irrelevant,Irrelevant,Irrelevant,Irrelevant,Irrelevant,Irrelevant,Irrelevant,Irrelevant,Irrelevant,Irrelevant,Irrelevant,Irrelevant,Irrelevant,Irrelevant
ID0149,Low Relevance,Low Relevance,Low Relevance,Low Relevance,Low Relevance,Low Relevance,Low Relevance,Low Relevance,Low Relevance,Low Relevance,Irrelevant,Irrelevant,Irrelevant,Irrelevant,Irrelevant,Irrelevant,Irrelevant,Irrelevant,Irrelevant,Irrelevant,Irrelevant,Irrelevant,Irrelevant,Irrelevant,Irrelevant,Irrelevant,Irrelevant,Irrelevant,Irrelevant,Irrelevant
ID0150,High Relevance,Low Relevance,Low Relevance,Low Relevance,Low Relevance,Low Relevance,High Relevance,High Relevance,Low Relevance,Low Relevance,High Relevance,Low Relevance,High Relevance,Irrelevant,Irrelevant,Irrelevant,Irrelevant,Irrelevant,Irrelevant,Irrelevant,Irrelevant,Irrelevant,Irrelevant,Irrelevant,Irrelevant,Irrelevant,Irrelevant,Irrelevant,Irrelevant,Irrelevant
ID0151,Irrelevant,Irrelevant,Irrelevant,Irrelevant,Irrelevant,Irrelevant,Irrelevant,Irrelevant,Irrelevant,Irrelevant,Irrelevant,Irrelevant,Irrelevant,Irrelevant,Irrelevant,Irrelevant,Irrelevant,Irrelevant,Irrelevant,Irrelevant,Irrelevant,Irrelevant,Irrelevant,Irrelevant,Irrelevant,Irrelevant,Irrelevant,Irrelevant,Irrelevant,Irrelevant
ID0152,Low Relevance,Low Relevance,Low Relevance,High Relevance,Low Relevance,Irrelevant,Irrelevant,Irrelevant,Irrelevant,Irrelevant,Irrelevant,Irrelevant,Irrelevant,Irrelevant,Irrelevant,Irrelevant,Irrelevant,Irrelevant,Irrelevant,Irrelevant,Irrelevant,Irrelevant,Irrelevant,Irrelevant,Irrelevant,Irrelevant,Irrelevant,Irrelevant,Irrelevant,Irrelevant
ID0153,Irrelevant,Irrelevant,Irrelevant,Irrelevant,Irrelevant,Irrelevant,Irrelevant,Irrelevant,Irrelevant,Irrelevant,Irrelevant,Irrelevant,Irrelevant,Irrelevant,Irrelevant,Irrelevant,Irrelevant,Irrelevant,Irrelevant,Irrelevant,Irrelevant,Irrelevant,Irrelevant,Irrelevant,Irrelevant,Irrelevant,Irrelevant,Irrelevant,Irrelevant,Irrelevant
ID0154,Low Relevance,Low Relevance,Low Relevance,Low Relevance,Low Relevance,Low Relevance,Low Relevance,Low Relevance,Low Relevance,Low Relevance,Low Relevance,Low Relevance,Irrelevant,Irrelevant,Irrelevant,Irrelevant,Irrelevant,Irrelevant,Irrelevant,Irrelevant,Irrelevant,Irrelevant,Irrelevant,Irrelevant,Irrelevant,Irrelevant,Irrelevant,Irrelevant,Irrelevant,Irrelevant
ID0155,Irrelevant,Irrelevant,Irrelevant,Irrelevant,Irrelevant,Irrelevant,Irrelevant,Irrelevant,Irrelevant,Irrelevant,Irrelevant,Irrelevant,Irrelevant,Irrelevant,Irrelevant,Irrelevant,Irrelevant,Irrelevant,Irrelevant,Irrelevant,Irrelevant,Irrelevant,Irrelevant,Irrelevant,Irrelevant,Irrelevant,Irrelevant,Irrelevant,Irrelevant,Irrelevant
ID0157,Irrelevant,Irrelevant,Irrelevant,Irrelevant,Irrelevant,Irrelevant,Irrelevant,Irrelevant,Irrelevant,Irrelevant,Irrelevant,Irrelevant,Irrelevant,Irrelevant,Irrelevant,Irrelevant,Irrelevant,Irrelevant,Irrelevant,Irrelevant,Irrelevant,Irrelevant,Irrelevant,Irrelevant,Irrelevant,Irrelevant,Irrelevant,Irrelevant,Irrelevant,Irrelevant
ID0161,Low Relevance,High Relevance,Low Relevance,Low Relevance,Low Relevance,Low Relevance,Low Relevance,Low Relevance,High Relevance,Low Relevance,Low Relevance,Low Relevance,Low Relevance,Irrelevant,Irrelevant,Irrelevant,Irrelevant,Irrelevant,Irrelevant,Irrelevant,Irrelevant,Irrelevant,Irrelevant,Irrelevant,Irrelevant,Irrelevant,Irrelevant,Irrelevant,Irrelevant,Irrelevant
ID0162,Low Relevance,Low Relevance,Low Relevance,Low Relevance,Low Relevance,Low Relevance,Low Relevance,Low Relevance,Low Relevance,Low Relevance,Irrelevant,Irrelevant,Irrelevant,Irrelevant,Irrelevant,Irrelevant,Irrelevant,Irrelevant,Irrelevant,Irrelevant,Irrelevant,Irrelevant,Irrelevant,Irrelevant,Irrelevant,Irrelevant,Irrelevant,Irrelevant,Irrelevant,Irrelevant
ID0163,Irrelevant,Irrelevant,Irrelevant,Irrelevant,Irrelevant,Irrelevant,Irrelevant,Irrelevant,Irrelevant,Irrelevant,Irrelevant,Irrelevant,Irrelevant,Irrelevant,Irrelevant,Irrelevant,Irrelevant,Irrelevant,Irrelevant,Irrelevant,Irrelevant,Irrelevant,Irrelevant,Irrelevant,Irrelevant,Irrelevant,Irrelevant,Irrelevant,Irrelevant,Irrelevant
ID0164,High Relevance,Irrelevant,Irrelevant,Irrelevant,Irrelevant,Irrelevant,Irrelevant,Irrelevant,Irrelevant,Irrelevant,Irrelevant,Irrelevant,Irrelevant,Irrelevant,Irrelevant,Irrelevant,Irrelevant,Irrelevant,Irrelevant,Irrelevant,Irrelevant,Irrelevant,Irrelevant,Irrelevant,Irrelevant,Irrelevant,Irrelevant,Irrelevant,Irrelevant,Irrelevant
ID0165,Irrelevant,Irrelevant,Irrelevant,Irrelevant,Irrelevant,Irrelevant,Irrelevant,Irrelevant,Irrelevant,Irrelevant,Irrelevant,Irrelevant,Irrelevant,Irrelevant,Irrelevant,Irrelevant,Irrelevant,Irrelevant,Irrelevant,Irrelevant,Irrelevant,Irrelevant,Irrelevant,Irrelevant,Irrelevant,Irrelevant,Irrelevant,Irrelevant,Irrelevant,Irrelevant
ID0166,Low Relevance,Low Relevance,Low Relevance,Irrelevant,Irrelevant,Irrelevant,Irrelevant,Irrelevant,Irrelevant,Irrelevant,Irrelevant,Irrelevant,Irrelevant,Irrelevant,Irrelevant,Irrelevant,Irrelevant,Irrelevant,Irrelevant,Irrelevant,Irrelevant,Irrelevant,Irrelevant,Irrelevant,Irrelevant,Irrelevant,Irrelevant,Irrelevant,Irrelevant,Irrelevant
ID0168,Low Relevance,Low Relevance,Low Relevance,Low Relevance,Low Relevance,Low Relevance,Low Relevance,Low Relevance,Low Relevance,Irrelevant,Irrelevant,Irrelevant,Irrelevant,Irrelevant,Irrelevant,Irrelevant,Irrelevant,Irrelevant,Irrelevant,Irrelevant,Irrelevant,Irrelevant,Irrelevant,Irrelevant,Irrelevant,Irrelevant,Irrelevant,Irrelevant,Irrelevant,Irrelevant
ID0169,Low Relevance,Low Relevance,Low Relevance,Low Relevance,Low Relevance,Low Relevance,High Relevance,High Relevance,Low Relevance,Low Relevance,Low Relevance,Low Relevance,Low Relevance,Irrelevant,Irrelevant,Irrelevant,Irrelevant,Irrelevant,Irrelevant,Irrelevant,Irrelevant,Irrelevant,Irrelevant,Irrelevant,Irrelevant,Irrelevant,Irrelevant,Irrelevant,Irrelevant,Irrelevant
ID0170,Low Relevance,High Relevance,Irrelevant,Irrelevant,Irrelevant,Irrelevant,Irrelevant,Irrelevant,Irrelevant,Irrelevant,Irrelevant,Irrelevant,Irrelevant,Irrelevant,Irrelevant,Irrelevant,Irrelevant,Irrelevant,Irrelevant,Irrelevant,Irrelevant,Irrelevant,Irrelevant,Irrelevant,Irrelevant,Irrelevant,Irrelevant,Irrelevant,Irrelevant,Irrelevant
ID0172,Low Relevance,Low Relevance,Low Relevance,Low Relevance,Low Relevance,Low Relevance,Low Relevance,Low Relevance,Low Relevance,Low Relevance,Low Relevance,Irrelevant,Irrelevant,Irrelevant,Irrelevant,Irrelevant,Irrelevant,Irrelevant,Irrelevant,Irrelevant,Irrelevant,Irrelevant,Irrelevant,Irrelevant,Irrelevant,Irrelevant,Irrelevant,Irrelevant,Irrelevant,Irrelevant
ID0177,Low Relevance,Low Relevance,Low Relevance,Low Relevance,Low Relevance,Low Relevance,Low Relevance,Low Relevance,Low Relevance,Low Relevance,Irrelevant,Irrelevant,Irrelevant,Irrelevant,Irrelevant,Irrelevant,Irrelevant,Irrelevant,Irrelevant,Irrelevant,Irrelevant,Irrelevant,Irrelevant,Irrelevant,Irrelevant,Irrelevant,Irrelevant,Irrelevant,Irrelevant,Irrelevant
ID0182,Low Relevance,Low Relevance,Low Relevance,Low Relevance,Low Relevance,Low Relevance,Low Relevance,Low Relevance,Irrelevant,Irrelevant,Irrelevant,Irrelevant,Irrelevant,Irrelevant,Irrelevant,Irrelevant,Irrelevant,Irrelevant,Irrelevant,Irrelevant,Irrelevant,Irrelevant,Irrelevant,Irrelevant,Irrelevant,Irrelevant,Irrelevant,Irrelevant,Irrelevant,Irrelevant
ID0184,High Relevance,Low Relevance,High Relevance,High Relevance,High Relevance,Low Relevance,Low Relevance,Low Relevance,Low Relevance,Low Relevance,High Relevance,High Relevance,Low Relevance,Irrelevant,Irrelevant,Irrelevant,Irrelevant,Irrelevant,Irrelevant,Irrelevant,Irrelevant,Irrelevant,Irrelevant,Irrelevant,Irrelevant,Irrelevant,Irrelevant,Irrelevant,Irrelevant,Irrelevant
ID0185,Irrelevant,Irrelevant,Irrelevant,Irrelevant,Irrelevant,Irrelevant,Irrelevant,Irrelevant,Irrelevant,Irrelevant,Irrelevant,Irrelevant,Irrelevant,Irrelevant,Irrelevant,Irrelevant,Irrelevant,Irrelevant,Irrelevant,Irrelevant,Irrelevant,Irrelevant,Irrelevant,Irrelevant,Irrelevant,Irrelevant,Irrelevant,Irrelevant,Irrelevant,Irrelevant
ID0186,Low Relevance,Low Relevance,Irrelevant,Irrelevant,Low Relevance,Irrelevant,Irrelevant,Low Relevance,Low Relevance,Low Relevance,Low Relevance,Irrelevant,Low Relevance,Irrelevant,Irrelevant,Irrelevant,Irrelevant,Irrelevant,Irrelevant,Irrelevant,Irrelevant,Irrelevant,Irrelevant,Irrelevant,Irrelevant,Irrelevant,Irrelevant,Irrelevant,Irrelevant,Irrelevant
ID0189,Irrelevant,Irrelevant,Irrelevant,Irrelevant,Irrelevant,Irrelevant,Irrelevant,Irrelevant,Irrelevant,Irrelevant,Irrelevant,Irrelevant,Irrelevant,Irrelevant,Irrelevant,Irrelevant,Irrelevant,Irrelevant,Irrelevant,Irrelevant,Irrelevant,Irrelevant,Irrelevant,Irrelevant,Irrelevant,Irrelevant,Irrelevant,Irrelevant,Irrelevant,Irrelevant
ID0190,Low Relevance,Low Relevance,High Relevance,Low Relevance,Low Relevance,Irrelevant,Irrelevant,Irrelevant,Irrelevant,Irrelevant,Irrelevant,Irrelevant,Irrelevant,Irrelevant,Irrelevant,Irrelevant,Irrelevant,Irrelevant,Irrelevant,Irrelevant,Irrelevant,Irrelevant,Irrelevant,Irrelevant,Irrelevant,Irrelevant,Irrelevant,Irrelevant,Irrelevant,Irrelevant
ID0191,Low Relevance,Low Relevance,Irrelevant,Irrelevant,Irrelevant,Irrelevant,Irrelevant,Irrelevant,Irrelevant,Irrelevant,Irrelevant,Irrelevant,Irrelevant,Irrelevant,Irrelevant,Irrelevant,Irrelevant,Irrelevant,Irrelevant,Irrelevant,Irrelevant,Irrelevant,Irrelevant,Irrelevant,Irrelevant,Irrelevant,Irrelevant,Irrelevant,Irrelevant,Irrelevant
ID0192,Low Relevance,Low Relevance,Low Relevance,Low Relevance,Low Relevance,Low Relevance,Low Relevance,Low Relevance,Low Relevance,Low Relevance,Low Relevance,Low Relevance,Low Relevance,Irrelevant,Irrelevant,Irrelevant,Irrelevant,Irrelevant,Irrelevant,Irrelevant,Irrelevant,Irrelevant,Irrelevant,Irrelevant,Irrelevant,Irrelevant,Irrelevant,Irrelevant,Irrelevant,Irrelevant
ID0193,Irrelevant,Irrelevant,Irrelevant,Irrelevant,Irrelevant,Irrelevant,Irrelevant,Irrelevant,Irrelevant,Irrelevant,Irrelevant,Irrelevant,Irrelevant,Irrelevant,Irrelevant,Irrelevant,Irrelevant,Irrelevant,Irrelevant,Irrelevant,Irrelevant,Irrelevant,Irrelevant,Irrelevant,Irrelevant,Irrelevant,Irrelevant,Irrelevant,Irrelevant,Irrelevant
ID0195,High Relevance,Low Relevance,Low Relevance,Low Relevance,Low Relevance,Low Relevance,Low Relevance,Low Relevance,Low Relevance,Low Relevance,Low Relevance,Low Relevance,Low Relevance,Irrelevant,Irrelevant,Irrelevant,Irrelevant,Irrelevant,Irrelevant,Irrelevant,Irrelevant,Irrelevant,Irrelevant,Irrelevant,Irrelevant,Irrelevant,Irrelevant,Irrelevant,Irrelevant,Irrelevant
ID0198,Irrelevant,High Relevance,Low Relevance,Low Relevance,Low Relevance,Irrelevant,Irrelevant,Irrelevant,Irrelevant,Irrelevant,Irrelevant,Irrelevant,Irrelevant,Irrelevant,Irrelevant,Irrelevant,Irrelevant,Irrelevant,Irrelevant,Irrelevant,Irrelevant,Irrelevant,Irrelevant,Irrelevant,Irrelevant,Irrelevant,Irrelevant,Irrelevant,Irrelevant,Irrelevant
ID0199,Low Relevance,Low Relevance,Low Relevance,Low Relevance,Low Relevance,Low Relevance,Low Relevance,Low Relevance,Low Relevance,Low Relevance,Low Relevance,Low Relevance,Low Relevance,Irrelevant,Irrelevant,Irrelevant,Irrelevant,Irrelevant,Irrelevant,Irrelevant,Irrelevant,Irrelevant,Irrelevant,Irrelevant,Irrelevant,Irrelevant,Irrelevant,Irrelevant,Irrelevant,Irrelevant
ID0200,Irrelevant,Irrelevant,Irrelevant,Irrelevant,Irrelevant,Irrelevant,Irrelevant,Irrelevant,Irrelevant,Irrelevant,Irrelevant,Irrelevant,Irrelevant,Irrelevant,Irrelevant,Irrelevant,Irrelevant,Irrelevant,Irrelevant,Irrelevant,Irrelevant,Irrelevant,Irrelevant,Irrelevant,Irrelevant,Irrelevant,Irrelevant,Irrelevant,Irrelevant,Irrelevant
ID0202,Irrelevant,Irrelevant,Irrelevant,Irrelevant,Irrelevant,Irrelevant,Irrelevant,Irrelevant,Irrelevant,Irrelevant,Irrelevant,Irrelevant,Irrelevant,Irrelevant,Irrelevant,Irrelevant,Irrelevant,Irrelevant,Irrelevant,Irrelevant,Irrelevant,Irrelevant,Irrelevant,Irrelevant,Irrelevant,Irrelevant,Irrelevant,Irrelevant,Irrelevant,Irrelevant
ID0206,Low Relevance,Low Relevance,Low Relevance,Low Relevance,Low Relevance,Low Relevance,Low Relevance,Irrelevant,Irrelevant,Irrelevant,Irrelevant,Irrelevant,Irrelevant,Irrelevant,Irrelevant,Irrelevant,Irrelevant,Irrelevant,Irrelevant,Irrelevant,Irrelevant,Irrelevant,Irrelevant,Irrelevant,Irrelevant,Irrelevant,Irrelevant,Irrelevant,Irrelevant,Irrelevant
ID0207,Low Relevance,Low Relevance,Low Relevance,Low Relevance,Low Relevance,Low Relevance,Low Relevance,Irrelevant,Irrelevant,Irrelevant,Irrelevant,Irrelevant,Irrelevant,Irrelevant,Irrelevant,Irrelevant,Irrelevant,Irrelevant,Irrelevant,Irrelevant,Irrelevant,Irrelevant,Irrelevant,Irrelevant,Irrelevant,Irrelevant,Irrelevant,Irrelevant,Irrelevant,Irrelevant
ID0209,Irrelevant,Irrelevant,Irrelevant,Irrelevant,Irrelevant,Irrelevant,Irrelevant,Irrelevant,Irrelevant,Irrelevant,Irrelevant,Irrelevant,Irrelevant,Irrelevant,Irrelevant,Irrelevant,Irrelevant,Irrelevant,Irrelevant,Irrelevant,Irrelevant,Irrelevant,Irrelevant,Irrelevant,Irrelevant,Irrelevant,Irrelevant,Irrelevant,Irrelevant,Irrelevant
ID0211,Irrelevant,Irrelevant,Irrelevant,Irrelevant,Irrelevant,Irrelevant,Irrelevant,Irrelevant,Irrelevant,Irrelevant,Irrelevant,Irrelevant,Irrelevant,Irrelevant,Irrelevant,Irrelevant,Irrelevant,Irrelevant,Irrelevant,Irrelevant,Irrelevant,Irrelevant,Irrelevant,Irrelevant,Irrelevant,Irrelevant,Irrelevant,Irrelevant,Irrelevant,Irrelevant
ID0213,Low Relevance,Low Relevance,Low Relevance,High Relevance,Low Relevance,Low Relevance,Low Relevance,Low Relevance,Low Relevance,Low Relevance,Low Relevance,Low Relevance,Low Relevance,Irrelevant,Irrelevant,Irrelevant,Irrelevant,Irrelevant,Irrelevant,Irrelevant,Irrelevant,Irrelevant,Irrelevant,Irrelevant,Irrelevant,Irrelevant,Irrelevant,Irrelevant,Irrelevant,Irrelevant
ID0215,Low Relevance,Low Relevance,Low Relevance,Low Relevance,Low Relevance,Low Relevance,Low Relevance,Low Relevance,Low Relevance,Irrelevant,Irrelevant,Irrelevant,Irrelevant,Irrelevant,Irrelevant,Irrelevant,Irrelevant,Irrelevant,Irrelevant,Irrelevant,Irrelevant,Irrelevant,Irrelevant,Irrelevant,Irrelevant,Irrelevant,Irrelevant,Irrelevant,Irrelevant,Irrelevant
ID0216,Irrelevant,Irrelevant,Irrelevant,Irrelevant,Irrelevant,Irrelevant,Irrelevant,Irrelevant,Irrelevant,Irrelevant,Irrelevant,Irrelevant,Irrelevant,Irrelevant,Irrelevant,Irrelevant,Irrelevant,Irrelevant,Irrelevant,Irrelevant,Irrelevant,Irrelevant,Irrelevant,Irrelevant,Irrelevant,Irrelevant,Irrelevant,Irrelevant,Irrelevant,Irrelevant
ID0217,Low Relevance,Low Relevance,Low Relevance,Low Relevance,Low Relevance,Low Relevance,Irrelevant,Irrelevant,Irrelevant,Irrelevant,Irrelevant,Irrelevant,Irrelevant,Irrelevant,Irrelevant,Irrelevant,Irrelevant,Irrelevant,Irrelevant,Irrelevant,Irrelevant,Irrelevant,Irrelevant,Irrelevant,Irrelevant,Irrelevant,Irrelevant,Irrelevant,Irrelevant,Irrelevant
ID0219,Irrelevant,Irrelevant,Irrelevant,Irrelevant,Irrelevant,Irrelevant,Irrelevant,Irrelevant,Irrelevant,Irrelevant,Irrelevant,Irrelevant,Irrelevant,Irrelevant,Irrelevant,Irrelevant,Irrelevant,Irrelevant,Irrelevant,Irrelevant,Irrelevant,Irrelevant,Irrelevant,Irrelevant,Irrelevant,Irrelevant,Irrelevant,Irrelevant,Irrelevant,Irrelevant
ID0220,Low Relevance,Low Relevance,Low Relevance,Low Relevance,Low Relevance,Low Relevance,Low Relevance,Low Relevance,Low Relevance,Low Relevance,Irrelevant,Irrelevant,Irrelevant,Irrelevant,Irrelevant,Irrelevant,Irrelevant,Irrelevant,Irrelevant,Irrelevant,Irrelevant,Irrelevant,Irrelevant,Irrelevant,Irrelevant,Irrelevant,Irrelevant,Irrelevant,Irrelevant,Irrelevant
ID0221,Low Relevance,Low Relevance,Irrelevant,Irrelevant,Irrelevant,Irrelevant,Irrelevant,Irrelevant,Irrelevant,Irrelevant,Irrelevant,Irrelevant,Irrelevant,Irrelevant,Irrelevant,Irrelevant,Irrelevant,Irrelevant,Irrelevant,Irrelevant,Irrelevant,Irrelevant,Irrelevant,Irrelevant,Irrelevant,Irrelevant,Irrelevant,Irrelevant,Irrelevant,Irrelevant
ID0222,High Relevance,Low Relevance,Low Relevance,Low Relevance,High Relevance,High Relevance,High Relevance,Low Relevance,High Relevance,Irrelevant,High Relevance,High Relevance,Irrelevant,Irrelevant,Irrelevant,Irrelevant,Irrelevant,Irrelevant,Irrelevant,Irrelevant,Irrelevant,Irrelevant,Irrelevant,Irrelevant,Irrelevant,Irrelevant,Irrelevant,Irrelevant,Irrelevant,Irrelevant
ID0229,Irrelevant,Irrelevant,Irrelevant,Irrelevant,Irrelevant,Irrelevant,Irrelevant,Irrelevant,Irrelevant,Irrelevant,Irrelevant,Irrelevant,Irrelevant,Irrelevant,Irrelevant,Irrelevant,Irrelevant,Irrelevant,Irrelevant,Irrelevant,Irrelevant,Irrelevant,Irrelevant,Irrelevant,Irrelevant,Irrelevant,Irrelevant,Irrelevant,Irrelevant,Irrelevant
ID0230,Low Relevance,Low Relevance,Low Relevance,Low Relevance,Low Relevance,Low Relevance,Low Relevance,Low Relevance,Low Relevance,Low Relevance,Irrelevant,Irrelevant,Irrelevant,Irrelevant,Irrelevant,Irrelevant,Irrelevant,Irrelevant,Irrelevant,Irrelevant,Irrelevant,Irrelevant,Irrelevant,Irrelevant,Irrelevant,Irrelevant,Irrelevant,Irrelevant,Irrelevant,Irrelevant
ID0232,High Relevance,Low Relevance,Low Relevance,Low Relevance,Low Relevance,High Relevance,Low Relevance,Low Relevance,Low Relevance,Low Relevance,Low Relevance,Low Relevance,Low Relevance,Irrelevant,Irrelevant,Irrelevant,Irrelevant,Irrelevant,Irrelevant,Irrelevant,Irrelevant,Irrelevant,Irrelevant,Irrelevant,Irrelevant,Irrelevant,Irrelevant,Irrelevant,Irrelevant,Irrelevant
ID0233,Low Relevance,Low Relevance,Low Relevance,Low Relevance,Low Relevance,Low Relevance,Low Relevance,Irrelevant,Irrelevant,Irrelevant,Irrelevant,Irrelevant,Irrelevant,Irrelevant,Irrelevant,Irrelevant,Irrelevant,Irrelevant,Irrelevant,Irrelevant,Irrelevant,Irrelevant,Irrelevant,Irrelevant,Irrelevant,Irrelevant,Irrelevant,Irrelevant,Irrelevant,Irrelevant
ID0235,Low Relevance,Low Relevance,Low Relevance,Low Relevance,Low Relevance,Low Relevance,Low Relevance,Low Relevance,Low Relevance,Irrelevant,Irrelevant,Irrelevant,Irrelevant,Irrelevant,Irrelevant,Irrelevant,Irrelevant,Irrelevant,Irrelevant,Irrelevant,Irrelevant,Irrelevant,Irrelevant,Irrelevant,Irrelevant,Irrelevant,Irrelevant,Irrelevant,Irrelevant,Irrelevant
ID0236,Low Relevance,Low Relevance,Low Relevance,Low Relevance,Low Relevance,Low Relevance,Low Relevance,Low Relevance,Low Relevance,Irrelevant,Irrelevant,Irrelevant,Irrelevant,Irrelevant,Irrelevant,Irrelevant,Irrelevant,Irrelevant,Irrelevant,Irrelevant,Irrelevant,Irrelevant,Irrelevant,Irrelevant,Irrelevant,Irrelevant,Irrelevant,Irrelevant,Irrelevant,Irrelevant
ID0237,High Relevance,Low Relevance,Low Relevance,Low Relevance,High Relevance,Low Relevance,High Relevance,Low Relevance,Low Relevance,Low Relevance,Low Relevance,Irrelevant,Irrelevant,Irrelevant,Irrelevant,Irrelevant,Irrelevant,Irrelevant,Irrelevant,Irrelevant,Irrelevant,Irrelevant,Irrelevant,Irrelevant,Irrelevant,Irrelevant,Irrelevant,Irrelevant,Irrelevant,Irrelevant
ID0238,Low Relevance,Low Relevance,Low Relevance,Low Relevance,Low Relevance,Low Relevance,Low Relevance,Irrelevant,Irrelevant,Irrelevant,Irrelevant,Irrelevant,Irrelevant,Irrelevant,Irrelevant,Irrelevant,Irrelevant,Irrelevant,Irrelevant,Irrelevant,Irrelevant,Irrelevant,Irrelevant,Irrelevant,Irrelevant,Irrelevant,Irrelevant,Irrelevant,Irrelevant,Irrelevant
ID0240,Low Relevance,Low Relevance,Low Relevance,Low Relevance,Low Relevance,Low Relevance,Low Relevance,Low Relevance,Irrelevant,Irrelevant,Irrelevant,Irrelevant,Irrelevant,Irrelevant,Irrelevant,Irrelevant,Irrelevant,Irrelevant,Irrelevant,Irrelevant,Irrelevant,Irrelevant,Irrelevant,Irrelevant,Irrelevant,Irrelevant,Irrelevant,Irrelevant,Irrelevant,Irrelevant
ID0241,Low Relevance,Low Relevance,Low Relevance,Low Relevance,Low Relevance,Low Relevance,Low Relevance,Low Relevance,Low Relevance,Low Relevance,Irrelevant,Irrelevant,Irrelevant,Irrelevant,Irrelevant,Irrelevant,Irrelevant,Irrelevant,Irrelevant,Irrelevant,Irrelevant,Irrelevant,Irrelevant,Irrelevant,Irrelevant,Irrelevant,Irrelevant,Irrelevant,Irrelevant,Irrelevant
ID0242,Irrelevant,Irrelevant,Irrelevant,Irrelevant,Irrelevant,Irrelevant,Irrelevant,Irrelevant,Irrelevant,Irrelevant,Irrelevant,Irrelevant,Irrelevant,Irrelevant,Irrelevant,Irrelevant,Irrelevant,Irrelevant,Irrelevant,Irrelevant,Irrelevant,Irrelevant,Irrelevant,Irrelevant,Irrelevant,Irrelevant,Irrelevant,Irrelevant,Irrelevant,Irrelevant
ID0243,Low Relevance,Low Relevance,Low Relevance,Low Relevance,Low Relevance,Low Relevance,Low Relevance,Low Relevance,Low Relevance,Low Relevance,Low Relevance,Low Relevance,Low Relevance,Irrelevant,Irrelevant,Irrelevant,Irrelevant,Irrelevant,Irrelevant,Irrelevant,Irrelevant,Irrelevant,Irrelevant,Irrelevant,Irrelevant,Irrelevant,Irrelevant,Irrelevant,Irrelevant,Irrelevant
ID0244,Low Relevance,Low Relevance,Low Relevance,Irrelevant,Irrelevant,Irrelevant,Irrelevant,Irrelevant,Irrelevant,Irrelevant,Irrelevant,Irrelevant,Irrelevant,Irrelevant,Irrelevant,Irrelevant,Irrelevant,Irrelevant,Irrelevant,Irrelevant,Irrelevant,Irrelevant,Irrelevant,Irrelevant,Irrelevant,Irrelevant,Irrelevant,Irrelevant,Irrelevant,Irrelevant
ID0246,Low Relevance,Low Relevance,Low Relevance,Low Relevance,Low Relevance,Low Relevance,Low Relevance,Low Relevance,Low Relevance,Low Relevance,Low Relevance,High Relevance,High Relevance,Irrelevant,Irrelevant,Irrelevant,Irrelevant,Irrelevant,Irrelevant,Irrelevant,Irrelevant,Irrelevant,Irrelevant,Irrelevant,Irrelevant,Irrelevant,Irrelevant,Irrelevant,Irrelevant,Irrelevant
ID0247,High Relevance,Low Relevance,Low Relevance,Low Relevance,Low Relevance,Low Relevance,Low Relevance,High Relevance,High Relevance,High Relevance,High Relevance,Irrelevant,Irrelevant,Irrelevant,Irrelevant,Irrelevant,Irrelevant,Irrelevant,Irrelevant,Irrelevant,Irrelevant,Irrelevant,Irrelevant,Irrelevant,Irrelevant,Irrelevant,Irrelevant,Irrelevant,Irrelevant,Irrelevant
ID0248,High Relevance,Low Relevance,Low Relevance,Low Relevance,Low Relevance,Low Relevance,Irrelevant,Irrelevant,Irrelevant,Irrelevant,Irrelevant,Irrelevant,Irrelevant,Irrelevant,Irrelevant,Irrelevant,Irrelevant,Irrelevant,Irrelevant,Irrelevant,Irrelevant,Irrelevant,Irrelevant,Irrelevant,Irrelevant,Irrelevant,Irrelevant,Irrelevant,Irrelevant,Irrelevant
ID0249,Irrelevant,Irrelevant,Irrelevant,Irrelevant,Irrelevant,Irrelevant,Irrelevant,Irrelevant,Irrelevant,Irrelevant,Irrelevant,Irrelevant,Irrelevant,Irrelevant,Irrelevant,Irrelevant,Irrelevant,Irrelevant,Irrelevant,Irrelevant,Irrelevant,Irrelevant,Irrelevant,Irrelevant,Irrelevant,Irrelevant,Irrelevant,Irrelevant,Irrelevant,Irrelevant
ID0251,Low Relevance,Low Relevance,Irrelevant,Low Relevance,Irrelevant,Irrelevant,Irrelevant,Irrelevant,Irrelevant,Irrelevant,Irrelevant,Irrelevant,Irrelevant,Irrelevant,Irrelevant,Irrelevant,Irrelevant,Irrelevant,Irrelevant,Irrelevant,Irrelevant,Irrelevant,Irrelevant,Irrelevant,Irrelevant,Irrelevant,Irrelevant,Irrelevant,Irrelevant,Irrelevant
ID0253,Low Relevance,Low Relevance,Low Relevance,Low Relevance,Irrelevant,Irrelevant,Irrelevant,Irrelevant,Irrelevant,Irrelevant,Irrelevant,Irrelevant,Irrelevant,Irrelevant,Irrelevant,Irrelevant,Irrelevant,Irrelevant,Irrelevant,Irrelevant,Irrelevant,Irrelevant,Irrelevant,Irrelevant,Irrelevant,Irrelevant,Irrelevant,Irrelevant,Irrelevant,Irrelevant
ID0254,Low Relevance,High Relevance,Low Relevance,Low Relevance,Low Relevance,Low Relevance,Low Relevance,Low Relevance,Low Relevance,Low Relevance,Low Relevance,Irrelevant,Irrelevant,Irrelevant,Irrelevant,Irrelevant,Irrelevant,Irrelevant,Irrelevant,Irrelevant,Irrelevant,Irrelevant,Irrelevant,Irrelevant,Irrelevant,Irrelevant,Irrelevant,Irrelevant,Irrelevant,Irrelevant
ID0256,Irrelevant,Irrelevant,Irrelevant,Irrelevant,Irrelevant,Irrelevant,Irrelevant,Irrelevant,Irrelevant,Irrelevant,Irrelevant,Irrelevant,Irrelevant,Irrelevant,Irrelevant,Irrelevant,Irrelevant,Irrelevant,Irrelevant,Irrelevant,Irrelevant,Irrelevant,Irrelevant,Irrelevant,Irrelevant,Irrelevant,Irrelevant,Irrelevant,Irrelevant,Irrelevant
ID0257,Low Relevance,Low Relevance,Low Relevance,Low Relevance,Irrelevant,Low Relevance,Low Relevance,Irrelevant,Irrelevant,Irrelevant,Irrelevant,Irrelevant,Irrelevant,Irrelevant,Irrelevant,Irrelevant,Irrelevant,Irrelevant,Irrelevant,Irrelevant,Irrelevant,Irrelevant,Irrelevant,Irrelevant,Irrelevant,Irrelevant,Irrelevant,Irrelevant,Irrelevant,Irrelevant
ID0258,Irrelevant,Irrelevant,Irrelevant,Irrelevant,Irrelevant,Irrelevant,Irrelevant,Irrelevant,Irrelevant,Irrelevant,Irrelevant,Irrelevant,Irrelevant,Irrelevant,Irrelevant,Irrelevant,Irrelevant,Irrelevant,Irrelevant,Irrelevant,Irrelevant,Irrelevant,Irrelevant,Irrelevant,Irrelevant,Irrelevant,Irrelevant,Irrelevant,Irrelevant,Irrelevant
ID0262,Irrelevant,Irrelevant,Irrelevant,Irrelevant,Irrelevant,Irrelevant,Irrelevant,Irrelevant,Irrelevant,Irrelevant,Irrelevant,Irrelevant,Irrelevant,Irrelevant,Irrelevant,Irrelevant,Irrelevant,Irrelevant,Irrelevant,Irrelevant,Irrelevant,Irrelevant,Irrelevant,Irrelevant,Irrelevant,Irrelevant,Irrelevant,Irrelevant,Irrelevant,Irrelevant
ID0265,Low Relevance,Low Relevance,High Relevance,Low Relevance,Low Relevance,Irrelevant,Irrelevant,Irrelevant,Irrelevant,Irrelevant,Irrelevant,Irrelevant,Irrelevant,Irrelevant,Irrelevant,Irrelevant,Irrelevant,Irrelevant,Irrelevant,Irrelevant,Irrelevant,Irrelevant,Irrelevant,Irrelevant,Irrelevant,Irrelevant,Irrelevant,Irrelevant,Irrelevant,Irrelevant
ID0268,Low Relevance,Low Relevance,Low Relevance,Low Relevance,Low Relevance,Low Relevance,Low Relevance,Low Relevance,Low Relevance,Irrelevant,Irrelevant,Irrelevant,Irrelevant,Irrelevant,Irrelevant,Irrelevant,Irrelevant,Irrelevant,Irrelevant,Irrelevant,Irrelevant,Irrelevant,Irrelevant,Irrelevant,Irrelevant,Irrelevant,Irrelevant,Irrelevant,Irrelevant,Irrelevant
ID0270,Low Relevance,Low Relevance,Low Relevance,Irrelevant,Irrelevant,Irrelevant,Irrelevant,Irrelevant,Irrelevant,Irrelevant,Irrelevant,Irrelevant,Irrelevant,Irrelevant,Irrelevant,Irrelevant,Irrelevant,Irrelevant,Irrelevant,Irrelevant,Irrelevant,Irrelevant,Irrelevant,Irrelevant,Irrelevant,Irrelevant,Irrelevant,Irrelevant,Irrelevant,Irrelevant
ID0275,Low Relevance,Low Relevance,Low Relevance,Irrelevant,Irrelevant,Irrelevant,Low Relevance,Low Relevance,Irrelevant,Irrelevant,Irrelevant,Irrelevant,Irrelevant,Irrelevant,Irrelevant,Irrelevant,Irrelevant,Irrelevant,Irrelevant,Irrelevant,Irrelevant,Irrelevant,Irrelevant,Irrelevant,Irrelevant,Irrelevant,Irrelevant,Irrelevant,Irrelevant,Irrelevant
ID0277,Low Relevance,Low Relevance,High Relevance,Low Relevance,Low Relevance,Low Relevance,Low Relevance,Low Relevance,Low Relevance,Low Relevance,Low Relevance,Low Relevance,Low Relevance,Irrelevant,Irrelevant,Irrelevant,Irrelevant,Irrelevant,Irrelevant,Irrelevant,Irrelevant,Irrelevant,Irrelevant,Irrelevant,Irrelevant,Irrelevant,Irrelevant,Irrelevant,Irrelevant,Irrelevant
ID0278,Low Relevance,Low Relevance,Low Relevance,Low Relevance,Low Relevance,Low Relevance,Low Relevance,Low Relevance,Irrelevant,Irrelevant,Irrelevant,Irrelevant,Irrelevant,Irrelevant,Irrelevant,Irrelevant,Irrelevant,Irrelevant,Irrelevant,Irrelevant,Irrelevant,Irrelevant,Irrelevant,Irrelevant,Irrelevant,Irrelevant,Irrelevant,Irrelevant,Irrelevant,Irrelevant
ID0280,Low Relevance,Irrelevant,Irrelevant,Irrelevant,Irrelevant,Irrelevant,Irrelevant,Irrelevant,Irrelevant,Irrelevant,Irrelevant,Irrelevant,Irrelevant,Irrelevant,Irrelevant,Irrelevant,Irrelevant,Irrelevant,Irrelevant,Irrelevant,Irrelevant,Irrelevant,Irrelevant,Irrelevant,Irrelevant,Irrelevant,Irrelevant,Irrelevant,Irrelevant,Irrelevant
ID0281,High Relevance,High Relevance,Low Relevance,High Relevance,Low Relevance,High Relevance,Low Relevance,Low Relevance,Irrelevant,Low Relevance,Irrelevant,Irrelevant,Irrelevant,Irrelevant,Irrelevant,Irrelevant,Irrelevant,Irrelevant,Irrelevant,Irrelevant,Irrelevant,Irrelevant,Irrelevant,Irrelevant,Irrelevant,Irrelevant,Irrelevant,Irrelevant,Irrelevant,Irrelevant
ID0283,High Relevance,High Relevance,Low Relevance,Low Relevance,Low Relevance,Low Relevance,Low Relevance,Low Relevance,Low Relevance,Low Relevance,Low Relevance,Low Relevance,Low Relevance,Irrelevant,Irrelevant,Irrelevant,Irrelevant,Irrelevant,Irrelevant,Irrelevant,Irrelevant,Irrelevant,Irrelevant,Irrelevant,Irrelevant,Irrelevant,Irrelevant,Irrelevant,Irrelevant,Irrelevant
ID0284,Low Relevance,Low Relevance,Low Relevance,Irrelevant,Low Relevance,High Relevance,High Relevance,Low Relevance,Irrelevant,Irrelevant,Irrelevant,Irrelevant,Irrelevant,Irrelevant,Irrelevant,Irrelevant,Irrelevant,Irrelevant,Irrelevant,Irrelevant,Irrelevant,Irrelevant,Irrelevant,Irrelevant,Irrelevant,Irrelevant,Irrelevant,Irrelevant,Irrelevant,Irrelevant
ID0286,Low Relevance,Low Relevance,Low Relevance,Low Relevance,Low Relevance,Low Relevance,Low Relevance,Low Relevance,Low Relevance,Low Relevance,Irrelevant,Irrelevant,Irrelevant,Irrelevant,Irrelevant,Irrelevant,Irrelevant,Irrelevant,Irrelevant,Irrelevant,Irrelevant,Irrelevant,Irrelevant,Irrelevant,Irrelevant,Irrelevant,Irrelevant,Irrelevant,Irrelevant,Irrelevant
ID0287,Low Relevance,Low Relevance,Low Relevance,Low Relevance,Low Relevance,Low Relevance,Low Relevance,Low Relevance,Low Relevance,Low Relevance,Low Relevance,Low Relevance,Low Relevance,Irrelevant,Irrelevant,Irrelevant,Irrelevant,Irrelevant,Irrelevant,Irrelevant,Irrelevant,Irrelevant,Irrelevant,Irrelevant,Irrelevant,Irrelevant,Irrelevant,Irrelevant,Irrelevant,Irrelevant
ID0289,Low Relevance,Low Relevance,Low Relevance,Low Relevance,Low Relevance,Low Relevance,Low Relevance,Low Relevance,Low Relevance,Low Relevance,Low Relevance,Low Relevance,Irrelevant,Irrelevant,Irrelevant,Irrelevant,Irrelevant,Irrelevant,Irrelevant,Irrelevant,Irrelevant,Irrelevant,Irrelevant,Irrelevant,Irrelevant,Irrelevant,Irrelevant,Irrelevant,Irrelevant,Irrelevant
ID0291,Low Relevance,Low Relevance,Low Relevance,Low Relevance,Low Relevance,Low Relevance,Low Relevance,Low Relevance,Irrelevant,Irrelevant,Irrelevant,Irrelevant,Irrelevant,Irrelevant,Irrelevant,Irrelevant,Irrelevant,Irrelevant,Irrelevant,Irrelevant,Irrelevant,Irrelevant,Irrelevant,Irrelevant,Irrelevant,Irrelevant,Irrelevant,Irrelevant,Irrelevant,Irrelevant
ID0292,High Relevance,Low Relevance,Low Relevance,Low Relevance,Low Relevance,Low Relevance,Low Relevance,Low Relevance,Irrelevant,Irrelevant,Irrelevant,Irrelevant,Irrelevant,Irrelevant,Irrelevant,Irrelevant,Irrelevant,Irrelevant,Irrelevant,Irrelevant,Irrelevant,Irrelevant,Irrelevant,Irrelevant,Irrelevant,Irrelevant,Irrelevant,Irrelevant,Irrelevant,Irrelevant
ID0293,Irrelevant,Irrelevant,Irrelevant,Irrelevant,Irrelevant,Irrelevant,Irrelevant,Irrelevant,Irrelevant,Irrelevant,Irrelevant,Irrelevant,Irrelevant,Irrelevant,Irrelevant,Irrelevant,Irrelevant,Irrelevant,Irrelevant,Irrelevant,Irrelevant,Irrelevant,Irrelevant,Irrelevant,Irrelevant,Irrelevant,Irrelevant,Irrelevant,Irrelevant,Irrelevant
ID0295,Irrelevant,Irrelevant,Irrelevant,Irrelevant,Irrelevant,Irrelevant,Irrelevant,Irrelevant,Irrelevant,Irrelevant,Irrelevant,Irrelevant,Irrelevant,Irrelevant,Irrelevant,Irrelevant,Irrelevant,Irrelevant,Irrelevant,Irrelevant,Irrelevant,Irrelevant,Irrelevant,Irrelevant,Irrelevant,Irrelevant,Irrelevant,Irrelevant,Irrelevant,Irrelevant
ID0296,Low Relevance,Low Relevance,Low Relevance,Low Relevance,Low Relevance,Low Relevance,Low Relevance,Low Relevance,Low Relevance,Low Relevance,Low Relevance,Low Relevance,Irrelevant,Irrelevant,Irrelevant,Irrelevant,Irrelevant,Irrelevant,Irrelevant,Irrelevant,Irrelevant,Irrelevant,Irrelevant,Irrelevant,Irrelevant,Irrelevant,Irrelevant,Irrelevant,Irrelevant,Irrelevant
ID0297,Irrelevant,Irrelevant,Irrelevant,Irrelevant,Irrelevant,Irrelevant,Irrelevant,Irrelevant,Irrelevant,Irrelevant,Irrelevant,Irrelevant,Irrelevant,Irrelevant,Irrelevant,Irrelevant,Irrelevant,Irrelevant,Irrelevant,Irrelevant,Irrelevant,Irrelevant,Irrelevant,Irrelevant,Irrelevant,Irrelevant,Irrelevant,Irrelevant,Irrelevant,Irrelevant
ID0298,Irrelevant,Irrelevant,Irrelevant,Irrelevant,Irrelevant,Irrelevant,Irrelevant,Irrelevant,Irrelevant,Irrelevant,Irrelevant,Irrelevant,Irrelevant,Irrelevant,Irrelevant,Irrelevant,Irrelevant,Irrelevant,Irrelevant,Irrelevant,Irrelevant,Irrelevant,Irrelevant,Irrelevant,Irrelevant,Irrelevant,Irrelevant,Irrelevant,Irrelevant,Irrelevant
ID0300,Irrelevant,Irrelevant,Irrelevant,Irrelevant,Irrelevant,Irrelevant,Irrelevant,Irrelevant,Irrelevant,Irrelevant,Irrelevant,Irrelevant,Irrelevant,Irrelevant,Irrelevant,Irrelevant,Irrelevant,Irrelevant,Irrelevant,Irrelevant,Irrelevant,Irrelevant,Irrelevant,Irrelevant,Irrelevant,Irrelevant,Irrelevant,Irrelevant,Irrelevant,Irrelevant
ID0301,Low Relevance,Low Relevance,Low Relevance,Low Relevance,Low Relevance,Low Relevance,Low Relevance,Low Relevance,Low Relevance,Low Relevance,Low Relevance,Irrelevant,Irrelevant,Irrelevant,Irrelevant,Irrelevant,Irrelevant,Irrelevant,Irrelevant,Irrelevant,Irrelevant,Irrelevant,Irrelevant,Irrelevant,Irrelevant,Irrelevant,Irrelevant,Irrelevant,Irrelevant,Irrelevant
ID0302,Irrelevant,Irrelevant,Irrelevant,Irrelevant,Irrelevant,Irrelevant,Irrelevant,Irrelevant,Irrelevant,Irrelevant,Irrelevant,Irrelevant,Irrelevant,Irrelevant,Irrelevant,Irrelevant,Irrelevant,Irrelevant,Irrelevant,Irrelevant,Irrelevant,Irrelevant,Irrelevant,Irrelevant,Irrelevant,Irrelevant,Irrelevant,Irrelevant,Irrelevant,Irrelevant
ID0303,Irrelevant,Irrelevant,Irrelevant,Irrelevant,Irrelevant,Irrelevant,Irrelevant,Irrelevant,Irrelevant,Irrelevant,Irrelevant,Irrelevant,Irrelevant,Irrelevant,Irrelevant,Irrelevant,Irrelevant,Irrelevant,Irrelevant,Irrelevant,Irrelevant,Irrelevant,Irrelevant,Irrelevant,Irrelevant,Irrelevant,Irrelevant,Irrelevant,Irrelevant,Irrelevant
ID0304,Low Relevance,Low Relevance,Low Relevance,Low Relevance,Low Relevance,Irrelevant,Irrelevant,Irrelevant,Irrelevant,Irrelevant,Irrelevant,Irrelevant,Irrelevant,Irrelevant,Irrelevant,Irrelevant,Irrelevant,Irrelevant,Irrelevant,Irrelevant,Irrelevant,Irrelevant,Irrelevant,Irrelevant,Irrelevant,Irrelevant,Irrelevant,Irrelevant,Irrelevant,Irrelevant
ID0305,Irrelevant,Irrelevant,Irrelevant,Irrelevant,Irrelevant,Irrelevant,Irrelevant,Irrelevant,Irrelevant,Irrelevant,Irrelevant,Irrelevant,Irrelevant,Irrelevant,Irrelevant,Irrelevant,Irrelevant,Irrelevant,Irrelevant,Irrelevant,Irrelevant,Irrelevant,Irrelevant,Irrelevant,Irrelevant,Irrelevant,Irrelevant,Irrelevant,Irrelevant,Irrelevant
ID0307,Low Relevance,High Relevance,Low Relevance,Low Relevance,Low Relevance,Low Relevance,Low Relevance,Low Relevance,Low Relevance,Low Relevance,Low Relevance,Low Relevance,Irrelevant,Irrelevant,Irrelevant,Irrelevant,Irrelevant,Irrelevant,Irrelevant,Irrelevant,Irrelevant,Irrelevant,Irrelevant,Irrelevant,Irrelevant,Irrelevant,Irrelevant,Irrelevant,Irrelevant,Irrelevant
ID0309,Irrelevant,Irrelevant,Irrelevant,Irrelevant,Irrelevant,Irrelevant,Irrelevant,Irrelevant,Irrelevant,Irrelevant,Irrelevant,Irrelevant,Irrelevant,Irrelevant,Irrelevant,Irrelevant,Irrelevant,Irrelevant,Irrelevant,Irrelevant,Irrelevant,Irrelevant,Irrelevant,Irrelevant,Irrelevant,Irrelevant,Irrelevant,Irrelevant,Irrelevant,Irrelevant
ID0310,Irrelevant,Irrelevant,Irrelevant,Irrelevant,Irrelevant,Irrelevant,Irrelevant,Irrelevant,Irrelevant,Irrelevant,Irrelevant,Irrelevant,Irrelevant,Irrelevant,Irrelevant,Irrelevant,Irrelevant,Irrelevant,Irrelevant,Irrelevant,Irrelevant,Irrelevant,Irrelevant,Irrelevant,Irrelevant,Irrelevant,Irrelevant,Irrelevant,Irrelevant,Irrelevant
ID0313,Irrelevant,Irrelevant,Irrelevant,Irrelevant,Irrelevant,Irrelevant,Irrelevant,Irrelevant,Irrelevant,Irrelevant,Irrelevant,Irrelevant,Irrelevant,Irrelevant,Irrelevant,Irrelevant,Irrelevant,Irrelevant,Irrelevant,Irrelevant,Irrelevant,Irrelevant,Irrelevant,Irrelevant,Irrelevant,Irrelevant,Irrelevant,Irrelevant,Irrelevant,Irrelevant
ID0314,High Relevance,Low Relevance,Low Relevance,Low Relevance,Low Relevance,Low Relevance,Low Relevance,Low Relevance,High Relevance,High Relevance,Irrelevant,Irrelevant,Irrelevant,Irrelevant,Irrelevant,Irrelevant,Irrelevant,Irrelevant,Irrelevant,Irrelevant,Irrelevant,Irrelevant,Irrelevant,Irrelevant,Irrelevant,Irrelevant,Irrelevant,Irrelevant,Irrelevant,Irrelevant
ID0315,Low Relevance,Low Relevance,Low Relevance,Irrelevant,Irrelevant,Irrelevant,Irrelevant,Irrelevant,Irrelevant,Irrelevant,Irrelevant,Irrelevant,Irrelevant,Irrelevant,Irrelevant,Irrelevant,Irrelevant,Irrelevant,Irrelevant,Irrelevant,Irrelevant,Irrelevant,Irrelevant,Irrelevant,Irrelevant,Irrelevant,Irrelevant,Irrelevant,Irrelevant,Irrelevant
ID0317,Low Relevance,Low Relevance,Low Relevance,Low Relevance,Irrelevant,Irrelevant,Irrelevant,Irrelevant,Irrelevant,Irrelevant,Irrelevant,Irrelevant,Irrelevant,Irrelevant,Irrelevant,Irrelevant,Irrelevant,Irrelevant,Irrelevant,Irrelevant,Irrelevant,Irrelevant,Irrelevant,Irrelevant,Irrelevant,Irrelevant,Irrelevant,Irrelevant,Irrelevant,Irrelevant
ID0320,Irrelevant,Irrelevant,Irrelevant,Irrelevant,Irrelevant,Irrelevant,Irrelevant,Irrelevant,Irrelevant,Irrelevant,Irrelevant,Irrelevant,Irrelevant,Irrelevant,Irrelevant,Irrelevant,Irrelevant,Irrelevant,Irrelevant,Irrelevant,Irrelevant,Irrelevant,Irrelevant,Irrelevant,Irrelevant,Irrelevant,Irrelevant,Irrelevant,Irrelevant,Irrelevant
ID0321,Low Relevance,Low Relevance,Irrelevant,Irrelevant,Irrelevant,Irrelevant,Irrelevant,Irrelevant,Irrelevant,Irrelevant,Irrelevant,Irrelevant,Irrelevant,Irrelevant,Irrelevant,Irrelevant,Irrelevant,Irrelevant,Irrelevant,Irrelevant,Irrelevant,Irrelevant,Irrelevant,Irrelevant,Irrelevant,Irrelevant,Irrelevant,Irrelevant,Irrelevant,Irrelevant
ID0323,Low Relevance,Low Relevance,Low Relevance,Low Relevance,Low Relevance,Low Relevance,High Relevance,High Relevance,High Relevance,Low Relevance,Low Relevance,Low Relevance,Low Relevance,Irrelevant,Irrelevant,Irrelevant,Irrelevant,Irrelevant,Irrelevant,Irrelevant,Irrelevant,Irrelevant,Irrelevant,Irrelevant,Irrelevant,Irrelevant,Irrelevant,Irrelevant,Irrelevant,Irrelevant
ID0324,Low Relevance,Low Relevance,Low Relevance,Low Relevance,Low Relevance,Low Relevance,Low Relevance,Low Relevance,Low Relevance,Low Relevance,Irrelevant,Irrelevant,Irrelevant,Irrelevant,Irrelevant,Irrelevant,Irrelevant,Irrelevant,Irrelevant,Irrelevant,Irrelevant,Irrelevant,Irrelevant,Irrelevant,Irrelevant,Irrelevant,Irrelevant,Irrelevant,Irrelevant,Irrelevant
ID0325,High Relevance,Low Relevance,Low Relevance,Low Relevance,Low Relevance,Low Relevance,Low Relevance,Low Relevance,Low Relevance,Low Relevance,Irrelevant,Irrelevant,Irrelevant,Irrelevant,Irrelevant,Irrelevant,Irrelevant,Irrelevant,Irrelevant,Irrelevant,Irrelevant,Irrelevant,Irrelevant,Irrelevant,Irrelevant,Irrelevant,Irrelevant,Irrelevant,Irrelevant,Irrelevant
ID0326,Low Relevance,Low Relevance,Low Relevance,Low Relevance,Low Relevance,Low Relevance,Low Relevance,Low Relevance,Low Relevance,Irrelevant,Irrelevant,Irrelevant,Irrelevant,Irrelevant,Irrelevant,Irrelevant,Irrelevant,Irrelevant,Irrelevant,Irrelevant,Irrelevant,Irrelevant,Irrelevant,Irrelevant,Irrelevant,Irrelevant,Irrelevant,Irrelevant,Irrelevant,Irrelevant
ID0327,Low Relevance,Low Relevance,Irrelevant,Low Relevance,Irrelevant,Irrelevant,Irrelevant,Irrelevant,Irrelevant,Irrelevant,Irrelevant,Irrelevant,Irrelevant,Irrelevant,Irrelevant,Irrelevant,Irrelevant,Irrelevant,Irrelevant,Irrelevant,Irrelevant,Irrelevant,Irrelevant,Irrelevant,Irrelevant,Irrelevant,Irrelevant,Irrelevant,Irrelevant,Irrelevant
ID0328,Irrelevant,Irrelevant,Irrelevant,Irrelevant,Irrelevant,Irrelevant,Irrelevant,Irrelevant,Irrelevant,Irrelevant,Irrelevant,Irrelevant,Irrelevant,Irrelevant,Irrelevant,Irrelevant,Irrelevant,Irrelevant,Irrelevant,Irrelevant,Irrelevant,Irrelevant,Irrelevant,Irrelevant,Irrelevant,Irrelevant,Irrelevant,Irrelevant,Irrelevant,Irrelevant
ID0330,Irrelevant,Irrelevant,Irrelevant,Irrelevant,Irrelevant,Irrelevant,Irrelevant,Irrelevant,Irrelevant,Irrelevant,Irrelevant,Irrelevant,Irrelevant,Irrelevant,Irrelevant,Irrelevant,Irrelevant,Irrelevant,Irrelevant,Irrelevant,Irrelevant,Irrelevant,Irrelevant,Irrelevant,Irrelevant,Irrelevant,Irrelevant,Irrelevant,Irrelevant,Irrelevant
ID0331,Low Relevance,Low Relevance,Low Relevance,Low Relevance,Low Relevance,Low Relevance,Low Relevance,Low Relevance,Low Relevance,Low Relevance,Irrelevant,Irrelevant,Irrelevant,Irrelevant,Irrelevant,Irrelevant,Irrelevant,Irrelevant,Irrelevant,Irrelevant,Irrelevant,Irrelevant,Irrelevant,Irrelevant,Irrelevant,Irrelevant,Irrelevant,Irrelevant,Irrelevant,Irrelevant
ID0332,Irrelevant,Irrelevant,Irrelevant,Irrelevant,Irrelevant,Irrelevant,Irrelevant,Irrelevant,Irrelevant,Irrelevant,Irrelevant,Irrelevant,Irrelevant,Irrelevant,Irrelevant,Irrelevant,Irrelevant,Irrelevant,Irrelevant,Irrelevant,Irrelevant,Irrelevant,Irrelevant,Irrelevant,Irrelevant,Irrelevant,Irrelevant,Irrelevant,Irrelevant,Irrelevant
ID0334,Low Relevance,Low Relevance,Low Relevance,Low Relevance,Low Relevance,Low Relevance,Low Relevance,Low Relevance,Low Relevance,Low Relevance,Low Relevance,Irrelevant,Irrelevant,Irrelevant,Irrelevant,Irrelevant,Irrelevant,Irrelevant,Irrelevant,Irrelevant,Irrelevant,Irrelevant,Irrelevant,Irrelevant,Irrelevant,Irrelevant,Irrelevant,Irrelevant,Irrelevant,Irrelevant
ID0336,Irrelevant,Irrelevant,Irrelevant,Irrelevant,Irrelevant,Irrelevant,Irrelevant,Irrelevant,Irrelevant,Irrelevant,Irrelevant,Irrelevant,Irrelevant,Irrelevant,Irrelevant,Irrelevant,Irrelevant,Irrelevant,Irrelevant,Irrelevant,Irrelevant,Irrelevant,Irrelevant,Irrelevant,Irrelevant,Irrelevant,Irrelevant,Irrelevant,Irrelevant,Irrelevant
ID0337,Low Relevance,Low Relevance,Low Relevance,Low Relevance,Low Relevance,Low Relevance,Low Relevance,Low Relevance,Low Relevance,Low Relevance,Low Relevance,Low Relevance,Low Relevance,Irrelevant,Irrelevant,Irrelevant,Irrelevant,Irrelevant,Irrelevant,Irrelevant,Irrelevant,Irrelevant,Irrelevant,Irrelevant,Irrelevant,Irrelevant,Irrelevant,Irrelevant,Irrelevant,Irrelevant
ID0339,Irrelevant,Irrelevant,Irrelevant,Irrelevant,Irrelevant,Irrelevant,Irrelevant,Irrelevant,Irrelevant,Irrelevant,Irrelevant,Irrelevant,Irrelevant,Irrelevant,Irrelevant,Irrelevant,Irrelevant,Irrelevant,Irrelevant,Irrelevant,Irrelevant,Irrelevant,Irrelevant,Irrelevant,Irrelevant,Irrelevant,Irrelevant,Irrelevant,Irrelevant,Irrelevant
ID0342,Irrelevant,Irrelevant,Irrelevant,Irrelevant,Irrelevant,Irrelevant,Irrelevant,Irrelevant,Irrelevant,Irrelevant,Irrelevant,Irrelevant,Irrelevant,Irrelevant,Irrelevant,Irrelevant,Irrelevant,Irrelevant,Irrelevant,Irrelevant,Irrelevant,Irrelevant,Irrelevant,Irrelevant,Irrelevant,Irrelevant,Irrelevant,Irrelevant,Irrelevant,Irrelevant
ID0345,Low Relevance,Irrelevant,Irrelevant,Irrelevant,Irrelevant,Irrelevant,Irrelevant,Irrelevant,Irrelevant,Irrelevant,Irrelevant,Irrelevant,Irrelevant,Irrelevant,Irrelevant,Irrelevant,Irrelevant,Irrelevant,Irrelevant,Irrelevant,Irrelevant,Irrelevant,Irrelevant,Irrelevant,Irrelevant,Irrelevant,Irrelevant,Irrelevant,Irrelevant,Irrelevant
ID0349,Irrelevant,Irrelevant,Irrelevant,Irrelevant,Irrelevant,Irrelevant,Irrelevant,Irrelevant,Irrelevant,Irrelevant,Irrelevant,Irrelevant,Irrelevant,Irrelevant,Irrelevant,Irrelevant,Irrelevant,Irrelevant,Irrelevant,Irrelevant,Irrelevant,Irrelevant,Irrelevant,Irrelevant,Irrelevant,Irrelevant,Irrelevant,Irrelevant,Irrelevant,Irrelevant
ID0351,Irrelevant,Irrelevant,Irrelevant,Irrelevant,Irrelevant,Irrelevant,Irrelevant,Irrelevant,Irrelevant,Irrelevant,Irrelevant,Irrelevant,Irrelevant,Irrelevant,Irrelevant,Irrelevant,Irrelevant,Irrelevant,Irrelevant,Irrelevant,Irrelevant,Irrelevant,Irrelevant,Irrelevant,Irrelevant,Irrelevant,Irrelevant,Irrelevant,Irrelevant,Irrelevant
ID0352,High Relevance,Low Relevance,Low Relevance,Low Relevance,Low Relevance,Low Relevance,Low Relevance,Low Relevance,Low Relevance,Low Relevance,Irrelevant,Irrelevant,Irrelevant,Irrelevant,Irrelevant,Irrelevant,Irrelevant,Irrelevant,Irrelevant,Irrelevant,Irrelevant,Irrelevant,Irrelevant,Irrelevant,Irrelevant,Irrelevant,Irrelevant,Irrelevant,Irrelevant,Irrelevant
ID0353,High Relevance,Low Relevance,Low Relevance,High Relevance,Low Relevance,Low Relevance,High Relevance,High Relevance,Irrelevant,Irrelevant,Irrelevant,Irrelevant,Irrelevant,Irrelevant,Irrelevant,Irrelevant,Irrelevant,Irrelevant,Irrelevant,Irrelevant,Irrelevant,Irrelevant,Irrelevant,Irrelevant,Irrelevant,Irrelevant,Irrelevant,Irrelevant,Irrelevant,Irrelevant
ID0356,Irrelevant,Irrelevant,Irrelevant,Irrelevant,Irrelevant,Irrelevant,Irrelevant,Irrelevant,Irrelevant,Irrelevant,Irrelevant,Irrelevant,Irrelevant,Irrelevant,Irrelevant,Irrelevant,Irrelevant,Irrelevant,Irrelevant,Irrelevant,Irrelevant,Irrelevant,Irrelevant,Irrelevant,Irrelevant,Irrelevant,Irrelevant,Irrelevant,Irrelevant,Irrelevant
ID0357,Irrelevant,Irrelevant,Irrelevant,Irrelevant,Irrelevant,Irrelevant,Irrelevant,Irrelevant,Irrelevant,Irrelevant,Irrelevant,Irrelevant,Irrelevant,Irrelevant,Irrelevant,Irrelevant,Irrelevant,Irrelevant,Irrelevant,Irrelevant,Irrelevant,Irrelevant,Irrelevant,Irrelevant,Irrelevant,Irrelevant,Irrelevant,Irrelevant,Irrelevant,Irrelevant
ID0359,Low Relevance,Irrelevant,Irrelevant,Irrelevant,Irrelevant,Irrelevant,Irrelevant,Irrelevant,Irrelevant,Irrelevant,Irrelevant,Irrelevant,Irrelevant,Irrelevant,Irrelevant,Irrelevant,Irrelevant,Irrelevant,Irrelevant,Irrelevant,Irrelevant,Irrelevant,Irrelevant,Irrelevant,Irrelevant,Irrelevant,Irrelevant,Irrelevant,Irrelevant,Irrelevant
ID0360,Irrelevant,Irrelevant,Irrelevant,Irrelevant,Irrelevant,Irrelevant,Irrelevant,Irrelevant,Irrelevant,Irrelevant,Irrelevant,Irrelevant,Irrelevant,Irrelevant,Irrelevant,Irrelevant,Irrelevant,Irrelevant,Irrelevant,Irrelevant,Irrelevant,Irrelevant,Irrelevant,Irrelevant,Irrelevant,Irrelevant,Irrelevant,Irrelevant,Irrelevant,Irrelevant
ID0362,Irrelevant,Irrelevant,Irrelevant,Irrelevant,Irrelevant,Irrelevant,Irrelevant,Irrelevant,Irrelevant,Irrelevant,Irrelevant,Irrelevant,Irrelevant,Irrelevant,Irrelevant,Irrelevant,Irrelevant,Irrelevant,Irrelevant,Irrelevant,Irrelevant,Irrelevant,Irrelevant,Irrelevant,Irrelevant,Irrelevant,Irrelevant,Irrelevant,Irrelevant,Irrelevant
ID0363,High Relevance,High Relevance,Low Relevance,Irrelevant,Irrelevant,Irrelevant,Irrelevant,Irrelevant,Irrelevant,Irrelevant,Irrelevant,Irrelevant,Irrelevant,Irrelevant,Irrelevant,Irrelevant,Irrelevant,Irrelevant,Irrelevant,Irrelevant,Irrelevant,Irrelevant,Irrelevant,Irrelevant,Irrelevant,Irrelevant,Irrelevant,Irrelevant,Irrelevant,Irrelevant
ID0364,Irrelevant,Irrelevant,Irrelevant,Irrelevant,Irrelevant,Irrelevant,Irrelevant,Irrelevant,Irrelevant,Irrelevant,Irrelevant,Irrelevant,Irrelevant,Irrelevant,Irrelevant,Irrelevant,Irrelevant,Irrelevant,Irrelevant,Irrelevant,Irrelevant,Irrelevant,Irrelevant,Irrelevant,Irrelevant,Irrelevant,Irrelevant,Irrelevant,Irrelevant,Irrelevant
ID0365,Low Relevance,Low Relevance,Low Relevance,Low Relevance,Low Relevance,Low Relevance,Low Relevance,Low Relevance,Low Relevance,Low Relevance,Low Relevance,Low Relevance,Low Relevance,Irrelevant,Irrelevant,Irrelevant,Irrelevant,Irrelevant,Irrelevant,Irrelevant,Irrelevant,Irrelevant,Irrelevant,Irrelevant,Irrelevant,Irrelevant,Irrelevant,Irrelevant,Irrelevant,Irrelevant
ID0366,Low Relevance,Low Relevance,Low Relevance,Low Relevance,Low Relevance,Low Relevance,Low Relevance,Low Relevance,Low Relevance,Irrelevant,Irrelevant,Irrelevant,Irrelevant,Irrelevant,Irrelevant,Irrelevant,Irrelevant,Irrelevant,Irrelevant,Irrelevant,Irrelevant,Irrelevant,Irrelevant,Irrelevant,Irrelevant,Irrelevant,Irrelevant,Irrelevant,Irrelevant,Irrelevant
ID0367,Irrelevant,Irrelevant,Irrelevant,Irrelevant,Irrelevant,Irrelevant,Irrelevant,Irrelevant,Irrelevant,Irrelevant,Irrelevant,Irrelevant,Irrelevant,Irrelevant,Irrelevant,Irrelevant,Irrelevant,Irrelevant,Irrelevant,Irrelevant,Irrelevant,Irrelevant,Irrelevant,Irrelevant,Irrelevant,Irrelevant,Irrelevant,Irrelevant,Irrelevant,Irrelevant
ID0368,Low Relevance,Irrelevant,Low Relevance,Irrelevant,Low Relevance,Irrelevant,Irrelevant,Irrelevant,Irrelevant,Irrelevant,Irrelevant,Irrelevant,Irrelevant,Irrelevant,Irrelevant,Irrelevant,Irrelevant,Irrelevant,Irrelevant,Irrelevant,Irrelevant,Irrelevant,Irrelevant,Irrelevant,Irrelevant,Irrelevant,Irrelevant,Irrelevant,Irrelevant,Irrelevant
ID0371,Low Relevance,High Relevance,High Relevance,Low Relevance,Low Relevance,Low Relevance,High Relevance,Low Relevance,High Relevance,Low Relevance,Low Relevance,Irrelevant,Irrelevant,Irrelevant,Irrelevant,Irrelevant,Irrelevant,Irrelevant,Irrelevant,Irrelevant,Irrelevant,Irrelevant,Irrelevant,Irrelevant,Irrelevant,Irrelevant,Irrelevant,Irrelevant,Irrelevant,Irrelevant
ID0373,High Relevance,Low Relevance,Low Relevance,Low Relevance,Low Relevance,Low Relevance,Low Relevance,Low Relevance,Low Relevance,Irrelevant,Irrelevant,Irrelevant,Irrelevant,Irrelevant,Irrelevant,Irrelevant,Irrelevant,Irrelevant,Irrelevant,Irrelevant,Irrelevant,Irrelevant,Irrelevant,Irrelevant,Irrelevant,Irrelevant,Irrelevant,Irrelevant,Irrelevant,Irrelevant
ID0376,Irrelevant,Irrelevant,Irrelevant,Irrelevant,Irrelevant,Irrelevant,Irrelevant,Irrelevant,Irrelevant,Irrelevant,Irrelevant,Irrelevant,Irrelevant,Irrelevant,Irrelevant,Irrelevant,Irrelevant,Irrelevant,Irrelevant,Irrelevant,Irrelevant,Irrelevant,Irrelevant,Irrelevant,Irrelevant,Irrelevant,Irrelevant,Irrelevant,Irrelevant,Irrelevant
ID0377,Low Relevance,Low Relevance,Low Relevance,Low Relevance,Low Relevance,Low Relevance,Low Relevance,Low Relevance,Low Relevance,Irrelevant,Irrelevant,Irrelevant,Irrelevant,Irrelevant,Irrelevant,Irrelevant,Irrelevant,Irrelevant,Irrelevant,Irrelevant,Irrelevant,Irrelevant,Irrelevant,Irrelevant,Irrelevant,Irrelevant,Irrelevant,Irrelevant,Irrelevant,Irrelevant
ID0379,Irrelevant,Irrelevant,Irrelevant,Irrelevant,Irrelevant,Irrelevant,Irrelevant,Irrelevant,Irrelevant,Irrelevant,Irrelevant,Irrelevant,Irrelevant,Irrelevant,Irrelevant,Irrelevant,Irrelevant,Irrelevant,Irrelevant,Irrelevant,Irrelevant,Irrelevant,Irrelevant,Irrelevant,Irrelevant,Irrelevant,Irrelevant,Irrelevant,Irrelevant,Irrelevant
ID0382,Irrelevant,Irrelevant,Irrelevant,Irrelevant,Irrelevant,Irrelevant,Irrelevant,Irrelevant,Irrelevant,Irrelevant,Irrelevant,Irrelevant,Irrelevant,Irrelevant,Irrelevant,Irrelevant,Irrelevant,Irrelevant,Irrelevant,Irrelevant,Irrelevant,Irrelevant,Irrelevant,Irrelevant,Irrelevant,Irrelevant,Irrelevant,Irrelevant,Irrelevant,Irrelevant
ID0385,Irrelevant,Irrelevant,Irrelevant,Irrelevant,Irrelevant,Irrelevant,Irrelevant,Irrelevant,Irrelevant,Irrelevant,Irrelevant,Irrelevant,Irrelevant,Irrelevant,Irrelevant,Irrelevant,Irrelevant,Irrelevant,Irrelevant,Irrelevant,Irrelevant,Irrelevant,Irrelevant,Irrelevant,Irrelevant,Irrelevant,Irrelevant,Irrelevant,Irrelevant,Irrelevant
ID0387,Irrelevant,Irrelevant,Irrelevant,Irrelevant,Irrelevant,Irrelevant,Irrelevant,Irrelevant,Irrelevant,Irrelevant,Irrelevant,Irrelevant,Irrelevant,Irrelevant,Irrelevant,Irrelevant,Irrelevant,Irrelevant,Irrelevant,Irrelevant,Irrelevant,Irrelevant,Irrelevant,Irrelevant,Irrelevant,Irrelevant,Irrelevant,Irrelevant,Irrelevant,Irrelevant
ID0388,Low Relevance,High Relevance,High Relevance,Low Relevance,Low Relevance,Low Relevance,High Relevance,Low Relevance,Low Relevance,Irrelevant,Irrelevant,Irrelevant,Irrelevant,Irrelevant,Irrelevant,Irrelevant,Irrelevant,Irrelevant,Irrelevant,Irrelevant,Irrelevant,Irrelevant,Irrelevant,Irrelevant,Irrelevant,Irrelevant,Irrelevant,Irrelevant,Irrelevant,Irrelevant
ID0389,High Relevance,Low Relevance,Low Relevance,Low Relevance,Low Relevance,Low Relevance,Low Relevance,Low Relevance,Low Relevance,Low Relevance,Low Relevance,Irrelevant,Irrelevant,Irrelevant,Irrelevant,Irrelevant,Irrelevant,Irrelevant,Irrelevant,Irrelevant,Irrelevant,Irrelevant,Irrelevant,Irrelevant,Irrelevant,Irrelevant,Irrelevant,Irrelevant,Irrelevant,Irrelevant
ID0391,High Relevance,High Relevance,High Relevance,High Relevance,Irrelevant,Irrelevant,Irrelevant,Irrelevant,Irrelevant,Irrelevant,Irrelevant,Irrelevant,Irrelevant,Irrelevant,Irrelevant,Irrelevant,Irrelevant,Irrelevant,Irrelevant,Irrelevant,Irrelevant,Irrelevant,Irrelevant,Irrelevant,Irrelevant,Irrelevant,Irrelevant,Irrelevant,Irrelevant,Irrelevant
ID0393,Low Relevance,Low Relevance,Low Relevance,Low Relevance,Low Relevance,Low Relevance,Low Relevance,Low Relevance,Irrelevant,Irrelevant,Irrelevant,Irrelevant,Irrelevant,Irrelevant,Irrelevant,Irrelevant,Irrelevant,Irrelevant,Irrelevant,Irrelevant,Irrelevant,Irrelevant,Irrelevant,Irrelevant,Irrelevant,Irrelevant,Irrelevant,Irrelevant,Irrelevant,Irrelevant
ID0395,Irrelevant,Irrelevant,Irrelevant,Irrelevant,Irrelevant,Irrelevant,Irrelevant,Irrelevant,Irrelevant,Irrelevant,Irrelevant,Irrelevant,Irrelevant,Irrelevant,Irrelevant,Irrelevant,Irrelevant,Irrelevant,Irrelevant,Irrelevant,Irrelevant,Irrelevant,Irrelevant,Irrelevant,Irrelevant,Irrelevant,Irrelevant,Irrelevant,Irrelevant,Irrelevant
ID0396,Low Relevance,Low Relevance,Irrelevant,Irrelevant,Irrelevant,Irrelevant,Irrelevant,Irrelevant,Irrelevant,Irrelevant,Irrelevant,Irrelevant,Irrelevant,Irrelevant,Irrelevant,Irrelevant,Irrelevant,Irrelevant,Irrelevant,Irrelevant,Irrelevant,Irrelevant,Irrelevant,Irrelevant,Irrelevant,Irrelevant,Irrelevant,Irrelevant,Irrelevant,Irrelevant
ID0397,Low Relevance,Low Relevance,Low Relevance,Low Relevance,Irrelevant,Irrelevant,Low Relevance,Low Relevance,Low Relevance,Irrelevant,Irrelevant,Irrelevant,Irrelevant,Irrelevant,Irrelevant,Irrelevant,Irrelevant,Irrelevant,Irrelevant,Irrelevant,Irrelevant,Irrelevant,Irrelevant,Irrelevant,Irrelevant,Irrelevant,Irrelevant,Irrelevant,Irrelevant,Irrelevant
ID0399,Low Relevance,Low Relevance,Low Relevance,Low Relevance,Low Relevance,Low Relevance,Low Relevance,Low Relevance,Low Relevance,Low Relevance,Low Relevance,Irrelevant,Irrelevant,Irrelevant,Irrelevant,Irrelevant,Irrelevant,Irrelevant,Irrelevant,Irrelevant,Irrelevant,Irrelevant,Irrelevant,Irrelevant,Irrelevant,Irrelevant,Irrelevant,Irrelevant,Irrelevant,Irrelevant
ID0400,Low Relevance,High Relevance,Low Relevance,High Relevance,Low Relevance,Low Relevance,Low Relevance,Low Relevance,Low Relevance,Low Relevance,Low Relevance,Low Relevance,Irrelevant,Irrelevant,Irrelevant,Irrelevant,Irrelevant,Irrelevant,Irrelevant,Irrelevant,Irrelevant,Irrelevant,Irrelevant,Irrelevant,Irrelevant,Irrelevant,Irrelevant,Irrelevant,Irrelevant,Irrelevant
ID0402,Irrelevant,Irrelevant,Irrelevant,Irrelevant,Irrelevant,Irrelevant,Irrelevant,Irrelevant,Irrelevant,Irrelevant,Irrelevant,Irrelevant,Irrelevant,Irrelevant,Irrelevant,Irrelevant,Irrelevant,Irrelevant,Irrelevant,Irrelevant,Irrelevant,Irrelevant,Irrelevant,Irrelevant,Irrelevant,Irrelevant,Irrelevant,Irrelevant,Irrelevant,Irrelevant
ID0403,Irrelevant,Irrelevant,Irrelevant,Irrelevant,Irrelevant,Irrelevant,Irrelevant,Irrelevant,Irrelevant,Irrelevant,Irrelevant,Irrelevant,Irrelevant,Irrelevant,Irrelevant,Irrelevant,Irrelevant,Irrelevant,Irrelevant,Irrelevant,Irrelevant,Irrelevant,Irrelevant,Irrelevant,Irrelevant,Irrelevant,Irrelevant,Irrelevant,Irrelevant,Irrelevant
ID0404,Low Relevance,Low Relevance,Low Relevance,Low Relevance,Low Relevance,Low Relevance,Low Relevance,Low Relevance,Low Relevance,Low Relevance,Low Relevance,Irrelevant,Irrelevant,Irrelevant,Irrelevant,Irrelevant,Irrelevant,Irrelevant,Irrelevant,Irrelevant,Irrelevant,Irrelevant,Irrelevant,Irrelevant,Irrelevant,Irrelevant,Irrelevant,Irrelevant,Irrelevant,Irrelevant
ID0405,Low Relevance,Low Relevance,Low Relevance,Low Relevance,Low Relevance,Low Relevance,Low Relevance,Low Relevance,Low Relevance,Low Relevance,Low Relevance,Low Relevance,Low Relevance,Irrelevant,Irrelevant,Irrelevant,Irrelevant,Irrelevant,Irrelevant,Irrelevant,Irrelevant,Irrelevant,Irrelevant,Irrelevant,Irrelevant,Irrelevant,Irrelevant,Irrelevant,Irrelevant,Irrelevant
ID0406,Irrelevant,Irrelevant,Irrelevant,Irrelevant,Irrelevant,Irrelevant,Irrelevant,Irrelevant,Irrelevant,Irrelevant,Irrelevant,Irrelevant,Irrelevant,Irrelevant,Irrelevant,Irrelevant,Irrelevant,Irrelevant,Irrelevant,Irrelevant,Irrelevant,Irrelevant,Irrelevant,Irrelevant,Irrelevant,Irrelevant,Irrelevant,Irrelevant,Irrelevant,Irrelevant
ID0407,High Relevance,Low Relevance,High Relevance,High Relevance,High Relevance,Low Relevance,Irrelevant,Irrelevant,Irrelevant,Irrelevant,Irrelevant,Irrelevant,Irrelevant,Irrelevant,Irrelevant,Irrelevant,Irrelevant,Irrelevant,Irrelevant,Irrelevant,Irrelevant,Irrelevant,Irrelevant,Irrelevant,Irrelevant,Irrelevant,Irrelevant,Irrelevant,Irrelevant,Irrelevant
ID0409,Irrelevant,Irrelevant,Irrelevant,Irrelevant,Irrelevant,Irrelevant,Irrelevant,Irrelevant,Irrelevant,Irrelevant,Irrelevant,Irrelevant,Irrelevant,Irrelevant,Irrelevant,Irrelevant,Irrelevant,Irrelevant,Irrelevant,Irrelevant,Irrelevant,Irrelevant,Irrelevant,Irrelevant,Irrelevant,Irrelevant,Irrelevant,Irrelevant,Irrelevant,Irrelevant
ID0412,Low Relevance,Low Relevance,Low Relevance,Low Relevance,Low Relevance,Low Relevance,High Relevance,Low Relevance,Irrelevant,Irrelevant,Irrelevant,Irrelevant,Irrelevant,Irrelevant,Irrelevant,Irrelevant,Irrelevant,Irrelevant,Irrelevant,Irrelevant,Irrelevant,Irrelevant,Irrelevant,Irrelevant,Irrelevant,Irrelevant,Irrelevant,Irrelevant,Irrelevant,Irrelevant
ID0415,High Relevance,Low Relevance,Low Relevance,Low Relevance,Low Relevance,Low Relevance,High Relevance,Low Relevance,Low Relevance,Low Relevance,Low Relevance,Low Relevance,Low Relevance,Irrelevant,Irrelevant,Irrelevant,Irrelevant,Irrelevant,Irrelevant,Irrelevant,Irrelevant,Irrelevant,Irrelevant,Irrelevant,Irrelevant,Irrelevant,Irrelevant,Irrelevant,Irrelevant,Irrelevant
ID0416,Low Relevance,Irrelevant,Irrelevant,Irrelevant,Irrelevant,Irrelevant,Irrelevant,Irrelevant,Irrelevant,Irrelevant,Irrelevant,Irrelevant,Irrelevant,Irrelevant,Irrelevant,Irrelevant,Irrelevant,Irrelevant,Irrelevant,Irrelevant,Irrelevant,Irrelevant,Irrelevant,Irrelevant,Irrelevant,Irrelevant,Irrelevant,Irrelevant,Irrelevant,Irrelevant
ID0417,High Relevance,Low Relevance,Low Relevance,Low Relevance,Low Relevance,Low Relevance,Low Relevance,Low Relevance,High Relevance,Low Relevance,Irrelevant,Low Relevance,Low Relevance,Irrelevant,Irrelevant,Irrelevant,Irrelevant,Irrelevant,Irrelevant,Irrelevant,Irrelevant,Irrelevant,Irrelevant,Irrelevant,Irrelevant,Irrelevant,Irrelevant,Irrelevant,Irrelevant,Irrelevant
ID0418,Low Relevance,Low Relevance,Low Relevance,Low Relevance,Low Relevance,Low Relevance,Irrelevant,Irrelevant,Low Relevance,Low Relevance,Irrelevant,Irrelevant,Irrelevant,Irrelevant,Irrelevant,Irrelevant,Irrelevant,Irrelevant,Irrelevant,Irrelevant,Irrelevant,Irrelevant,Irrelevant,Irrelevant,Irrelevant,Irrelevant,Irrelevant,Irrelevant,Irrelevant,Irrelevant
ID0421,Low Relevance,Low Relevance,Low Relevance,High Relevance,Low Relevance,Low Relevance,Low Relevance,Low Relevance,Low Relevance,Low Relevance,Low Relevance,Low Relevance,Low Relevance,Irrelevant,Irrelevant,Irrelevant,Irrelevant,Irrelevant,Irrelevant,Irrelevant,Irrelevant,Irrelevant,Irrelevant,Irrelevant,Irrelevant,Irrelevant,Irrelevant,Irrelevant,Irrelevant,Irrelevant
ID0422,Low Relevance,Irrelevant,Low Relevance,High Relevance,Low Relevance,High Relevance,Irrelevant,Irrelevant,Irrelevant,Irrelevant,Irrelevant,Irrelevant,Irrelevant,Irrelevant,Irrelevant,Irrelevant,Irrelevant,Irrelevant,Irrelevant,Irrelevant,Irrelevant,Irrelevant,Irrelevant,Irrelevant,Irrelevant,Irrelevant,Irrelevant,Irrelevant,Irrelevant,Irrelevant
ID0425,Irrelevant,Irrelevant,Irrelevant,Irrelevant,Irrelevant,Irrelevant,Irrelevant,Irrelevant,Irrelevant,Irrelevant,Irrelevant,Irrelevant,Irrelevant,Irrelevant,Irrelevant,Irrelevant,Irrelevant,Irrelevant,Irrelevant,Irrelevant,Irrelevant,Irrelevant,Irrelevant,Irrelevant,Irrelevant,Irrelevant,Irrelevant,Irrelevant,Irrelevant,Irrelevant
ID0426,Irrelevant,Irrelevant,Irrelevant,Irrelevant,Irrelevant,Irrelevant,Irrelevant,Irrelevant,Irrelevant,Irrelevant,Irrelevant,Irrelevant,Irrelevant,Irrelevant,Irrelevant,Irrelevant,Irrelevant,Irrelevant,Irrelevant,Irrelevant,Irrelevant,Irrelevant,Irrelevant,Irrelevant,Irrelevant,Irrelevant,Irrelevant,Irrelevant,Irrelevant,Irrelevant
ID0428,Low Relevance,Low Relevance,High Relevance,Low Relevance,Low Relevance,Irrelevant,Irrelevant,Irrelevant,Irrelevant,Irrelevant,Irrelevant,Irrelevant,Irrelevant,Irrelevant,Irrelevant,Irrelevant,Irrelevant,Irrelevant,Irrelevant,Irrelevant,Irrelevant,Irrelevant,Irrelevant,Irrelevant,Irrelevant,Irrelevant,Irrelevant,Irrelevant,Irrelevant,Irrelevant
ID0429,Low Relevance,Low Relevance,Low Relevance,Low Relevance,Low Relevance,Low Relevance,Low Relevance,Irrelevant,Irrelevant,Irrelevant,Irrelevant,Irrelevant,Irrelevant,Irrelevant,Irrelevant,Irrelevant,Irrelevant,Irrelevant,Irrelevant,Irrelevant,Irrelevant,Irrelevant,Irrelevant,Irrelevant,Irrelevant,Irrelevant,Irrelevant,Irrelevant,Irrelevant,Irrelevant
ID0431,Low Relevance,Low Relevance,Low Relevance,Low Relevance,Low Relevance,Low Relevance,Low Relevance,Low Relevance,Low Relevance,Low Relevance,Low Relevance,Irrelevant,Irrelevant,Irrelevant,Irrelevant,Irrelevant,Irrelevant,Irrelevant,Irrelevant,Irrelevant,Irrelevant,Irrelevant,Irrelevant,Irrelevant,Irrelevant,Irrelevant,Irrelevant,Irrelevant,Irrelevant,Irrelevant
ID0433,Irrelevant,Irrelevant,Irrelevant,Irrelevant,Irrelevant,Irrelevant,Irrelevant,Irrelevant,Irrelevant,Irrelevant,Irrelevant,Irrelevant,Irrelevant,Irrelevant,Irrelevant,Irrelevant,Irrelevant,Irrelevant,Irrelevant,Irrelevant,Irrelevant,Irrelevant,Irrelevant,Irrelevant,Irrelevant,Irrelevant,Irrelevant,Irrelevant,Irrelevant,Irrelevant
ID0435,Low Relevance,Low Relevance,Low Relevance,Low Relevance,High Relevance,Irrelevant,Irrelevant,Irrelevant,Irrelevant,Irrelevant,Irrelevant,Irrelevant,Irrelevant,Irrelevant,Irrelevant,Irrelevant,Irrelevant,Irrelevant,Irrelevant,Irrelevant,Irrelevant,Irrelevant,Irrelevant,Irrelevant,Irrelevant,Irrelevant,Irrelevant,Irrelevant,Irrelevant,Irrelevant
ID0437,Low Relevance,Low Relevance,Low Relevance,Low Relevance,Low Relevance,Irrelevant,Irrelevant,Irrelevant,Irrelevant,Irrelevant,Irrelevant,Irrelevant,Irrelevant,Irrelevant,Irrelevant,Irrelevant,Irrelevant,Irrelevant,Irrelevant,Irrelevant,Irrelevant,Irrelevant,Irrelevant,Irrelevant,Irrelevant,Irrelevant,Irrelevant,Irrelevant,Irrelevant,Irrelevant
ID0438,High Relevance,Low Relevance,Low Relevance,Low Relevance,Irrelevant,Irrelevant,Irrelevant,Irrelevant,Irrelevant,Irrelevant,Irrelevant,Irrelevant,Irrelevant,Irrelevant,Irrelevant,Irrelevant,Irrelevant,Irrelevant,Irrelevant,Irrelevant,Irrelevant,Irrelevant,Irrelevant,Irrelevant,Irrelevant,Irrelevant,Irrelevant,Irrelevant,Irrelevant,Irrelevant
ID0440,Low Relevance,Low Relevance,Low Relevance,Low Relevance,Low Relevance,Low Relevance,Irrelevant,Irrelevant,Irrelevant,Irrelevant,Irrelevant,Irrelevant,Irrelevant,Irrelevant,Irrelevant,Irrelevant,Irrelevant,Irrelevant,Irrelevant,Irrelevant,Irrelevant,Irrelevant,Irrelevant,Irrelevant,Irrelevant,Irrelevant,Irrelevant,Irrelevant,Irrelevant,Irrelevant
ID0442,Low Relevance,Low Relevance,Low Relevance,Low Relevance,Low Relevance,Low Relevance,Low Relevance,Low Relevance,Low Relevance,Low Relevance,Low Relevance,Low Relevance,Irrelevant,Irrelevant,Irrelevant,Irrelevant,Irrelevant,Irrelevant,Irrelevant,Irrelevant,Irrelevant,Irrelevant,Irrelevant,Irrelevant,Irrelevant,Irrelevant,Irrelevant,Irrelevant,Irrelevant,Irrelevant
ID0444,Irrelevant,Irrelevant,Irrelevant,Irrelevant,Irrelevant,Irrelevant,Irrelevant,Irrelevant,Irrelevant,Irrelevant,Irrelevant,Irrelevant,Irrelevant,Irrelevant,Irrelevant,Irrelevant,Irrelevant,Irrelevant,Irrelevant,Irrelevant,Irrelevant,Irrelevant,Irrelevant,Irrelevant,Irrelevant,Irrelevant,Irrelevant,Irrelevant,Irrelevant,Irrelevant
ID0446,Irrelevant,Irrelevant,Irrelevant,Irrelevant,Irrelevant,Irrelevant,Irrelevant,Irrelevant,Irrelevant,Irrelevant,Irrelevant,Irrelevant,Irrelevant,Irrelevant,Irrelevant,Irrelevant,Irrelevant,Irrelevant,Irrelevant,Irrelevant,Irrelevant,Irrelevant,Irrelevant,Irrelevant,Irrelevant,Irrelevant,Irrelevant,Irrelevant,Irrelevant,Irrelevant
ID0447,Low Relevance,Low Relevance,Low Relevance,Low Relevance,Low Relevance,High Relevance,Low Relevance,Low Relevance,Low Relevance,Low Relevance,Irrelevant,Irrelevant,Irrelevant,Irrelevant,Irrelevant,Irrelevant,Irrelevant,Irrelevant,Irrelevant,Irrelevant,Irrelevant,Irrelevant,Irrelevant,Irrelevant,Irrelevant,Irrelevant,Irrelevant,Irrelevant,Irrelevant,Irrelevant
ID0449,Low Relevance,Low Relevance,Low Relevance,Irrelevant,Low Relevance,Irrelevant,Irrelevant,Irrelevant,Irrelevant,Irrelevant,Irrelevant,Irrelevant,Irrelevant,Irrelevant,Irrelevant,Irrelevant,Irrelevant,Irrelevant,Irrelevant,Irrelevant,Irrelevant,Irrelevant,Irrelevant,Irrelevant,Irrelevant,Irrelevant,Irrelevant,Irrelevant,Irrelevant,Irrelevant
ID0451,Low Relevance,Low Relevance,Low Relevance,Low Relevance,Low Relevance,Low Relevance,Low Relevance,Low Relevance,Low Relevance,Low Relevance,Low Relevance,Low Relevance,Low Relevance,Irrelevant,Irrelevant,Irrelevant,Irrelevant,Irrelevant,Irrelevant,Irrelevant,Irrelevant,Irrelevant,Irrelevant,Irrelevant,Irrelevant,Irrelevant,Irrelevant,Irrelevant,Irrelevant,Irrelevant
ID0453,High Relevance,High Relevance,High Relevance,High Relevance,Low Relevance,Low Relevance,Low Relevance,Low Relevance,High Relevance,Low Relevance,Low Relevance,Low Relevance,Low Relevance,Irrelevant,Irrelevant,Irrelevant,Irrelevant,Irrelevant,Irrelevant,Irrelevant,Irrelevant,Irrelevant,Irrelevant,Irrelevant,Irrelevant,Irrelevant,Irrelevant,Irrelevant,Irrelevant,Irrelevant
ID0455,Irrelevant,Irrelevant,Irrelevant,Irrelevant,Irrelevant,Irrelevant,Irrelevant,Irrelevant,Irrelevant,Irrelevant,Irrelevant,Irrelevant,Irrelevant,Irrelevant,Irrelevant,Irrelevant,Irrelevant,Irrelevant,Irrelevant,Irrelevant,Irrelevant,Irrelevant,Irrelevant,Irrelevant,Irrelevant,Irrelevant,Irrelevant,Irrelevant,Irrelevant,Irrelevant
ID0458,High Relevance,Low Relevance,Low Relevance,Low Relevance,High Relevance,High Relevance,High Relevance,High Relevance,Low Relevance,Irrelevant,Irrelevant,Irrelevant,Irrelevant,Irrelevant,Irrelevant,Irrelevant,Irrelevant,Irrelevant,Irrelevant,Irrelevant,Irrelevant,Irrelevant,Irrelevant,Irrelevant,Irrelevant,Irrelevant,Irrelevant,Irrelevant,Irrelevant,Irrelevant
ID0459,Low Relevance,High Relevance,Low Relevance,Low Relevance,Irrelevant,Irrelevant,Irrelevant,Irrelevant,Irrelevant,Irrelevant,Irrelevant,Irrelevant,Irrelevant,Irrelevant,Irrelevant,Irrelevant,Irrelevant,Irrelevant,Irrelevant,Irrelevant,Irrelevant,Irrelevant,Irrelevant,Irrelevant,Irrelevant,Irrelevant,Irrelevant,Irrelevant,Irrelevant,Irrelevant
ID0460,Low Relevance,Low Relevance,Low Relevance,Low Relevance,Low Relevance,Low Relevance,Low Relevance,Low Relevance,Irrelevant,Irrelevant,Irrelevant,Irrelevant,Irrelevant,Irrelevant,Irrelevant,Irrelevant,Irrelevant,Irrelevant,Irrelevant,Irrelevant,Irrelevant,Irrelevant,Irrelevant,Irrelevant,Irrelevant,Irrelevant,Irrelevant,Irrelevant,Irrelevant,Irrelevant
ID0461,Irrelevant,Irrelevant,Irrelevant,Irrelevant,Irrelevant,Irrelevant,Irrelevant,Irrelevant,Irrelevant,Irrelevant,Irrelevant,Irrelevant,Irrelevant,Irrelevant,Irrelevant,Irrelevant,Irrelevant,Irrelevant,Irrelevant,Irrelevant,Irrelevant,Irrelevant,Irrelevant,Irrelevant,Irrelevant,Irrelevant,Irrelevant,Irrelevant,Irrelevant,Irrelevant
ID0462,Low Relevance,Irrelevant,Irrelevant,Irrelevant,Irrelevant,Irrelevant,Irrelevant,Irrelevant,Irrelevant,Irrelevant,Irrelevant,Irrelevant,Irrelevant,Irrelevant,Irrelevant,Irrelevant,Irrelevant,Irrelevant,Irrelevant,Irrelevant,Irrelevant,Irrelevant,Irrelevant,Irrelevant,Irrelevant,Irrelevant,Irrelevant,Irrelevant,Irrelevant,Irrelevant
ID0463,High Relevance,Low Relevance,Low Relevance,Low Relevance,Low Relevance,Low Relevance,Low Relevance,Low Relevance,Low Relevance,Low Relevance,Irrelevant,Irrelevant,Irrelevant,Irrelevant,Irrelevant,Irrelevant,Irrelevant,Irrelevant,Irrelevant,Irrelevant,Irrelevant,Irrelevant,Irrelevant,Irrelevant,Irrelevant,Irrelevant,Irrelevant,Irrelevant,Irrelevant,Irrelevant
ID0465,Irrelevant,Irrelevant,Irrelevant,Irrelevant,Irrelevant,Irrelevant,Irrelevant,Irrelevant,Irrelevant,Irrelevant,Irrelevant,Irrelevant,Irrelevant,Irrelevant,Irrelevant,Irrelevant,Irrelevant,Irrelevant,Irrelevant,Irrelevant,Irrelevant,Irrelevant,Irrelevant,Irrelevant,Irrelevant,Irrelevant,Irrelevant,Irrelevant,Irrelevant,Irrelevant
ID0466,High Relevance,High Relevance,High Relevance,Low Relevance,Low Relevance,Low Relevance,High Relevance,Low Relevance,High Relevance,Low Relevance,Low Relevance,Low Relevance,Low Relevance,Irrelevant,Irrelevant,Irrelevant,Irrelevant,Irrelevant,Irrelevant,Irrelevant,Irrelevant,Irrelevant,Irrelevant,Irrelevant,Irrelevant,Irrelevant,Irrelevant,Irrelevant,Irrelevant,Irrelevant
ID0467,Irrelevant,Irrelevant,Irrelevant,Irrelevant,Irrelevant,Irrelevant,Irrelevant,Irrelevant,Irrelevant,Irrelevant,Irrelevant,Irrelevant,Irrelevant,Irrelevant,Irrelevant,Irrelevant,Irrelevant,Irrelevant,Irrelevant,Irrelevant,Irrelevant,Irrelevant,Irrelevant,Irrelevant,Irrelevant,Irrelevant,Irrelevant,Irrelevant,Irrelevant,Irrelevant
ID0468,High Relevance,Low Relevance,Low Relevance,Low Relevance,Low Relevance,Low Relevance,Low Relevance,Low Relevance,Low Relevance,Low Relevance,Low Relevance,Low Relevance,Irrelevant,Irrelevant,Irrelevant,Irrelevant,Irrelevant,Irrelevant,Irrelevant,Irrelevant,Irrelevant,Irrelevant,Irrelevant,Irrelevant,Irrelevant,Irrelevant,Irrelevant,Irrelevant,Irrelevant,Irrelevant
ID0469,Irrelevant,Irrelevant,Irrelevant,Irrelevant,Irrelevant,Irrelevant,Irrelevant,Irrelevant,Irrelevant,Irrelevant,Irrelevant,Irrelevant,Irrelevant,Irrelevant,Irrelevant,Irrelevant,Irrelevant,Irrelevant,Irrelevant,Irrelevant,Irrelevant,Irrelevant,Irrelevant,Irrelevant,Irrelevant,Irrelevant,Irrelevant,Irrelevant,Irrelevant,Irrelevant
ID0470,High Relevance,Low Relevance,Low Relevance,Low Relevance,Low Relevance,Low Relevance,Low Relevance,High Relevance,Low Relevance,Low Relevance,Low Relevance,Low Relevance,Low Relevance,Irrelevant,Irrelevant,Irrelevant,Irrelevant,Irrelevant,Irrelevant,Irrelevant,Irrelevant,Irrelevant,Irrelevant,Irrelevant,Irrelevant,Irrelevant,Irrelevant,Irrelevant,Irrelevant,Irrelevant
ID0471,Low Relevance,Low Relevance,Low Relevance,Low Relevance,Low Relevance,Low Relevance,Irrelevant,Irrelevant,Irrelevant,Irrelevant,Irrelevant,Irrelevant,Irrelevant,Irrelevant,Irrelevant,Irrelevant,Irrelevant,Irrelevant,Irrelevant,Irrelevant,Irrelevant,Irrelevant,Irrelevant,Irrelevant,Irrelevant,Irrelevant,Irrelevant,Irrelevant,Irrelevant,Irrelevant
ID0472,Low Relevance,Low Relevance,Low Relevance,Low Relevance,Low Relevance,Low Relevance,Low Relevance,Low Relevance,Low Relevance,Low Relevance,Low Relevance,Irrelevant,Irrelevant,Irrelevant,Irrelevant,Irrelevant,Irrelevant,Irrelevant,Irrelevant,Irrelevant,Irrelevant,Irrelevant,Irrelevant,Irrelevant,Irrelevant,Irrelevant,Irrelevant,Irrelevant,Irrelevant,Irrelevant
ID0473,Irrelevant,Irrelevant,Irrelevant,Irrelevant,Irrelevant,Irrelevant,Irrelevant,Irrelevant,Irrelevant,Irrelevant,Irrelevant,Irrelevant,Irrelevant,Irrelevant,Irrelevant,Irrelevant,Irrelevant,Irrelevant,Irrelevant,Irrelevant,Irrelevant,Irrelevant,Irrelevant,Irrelevant,Irrelevant,Irrelevant,Irrelevant,Irrelevant,Irrelevant,Irrelevant
ID0476,Low Relevance,Low Relevance,Low Relevance,Low Relevance,Low Relevance,Low Relevance,Low Relevance,Low Relevance,Low Relevance,Low Relevance,Low Relevance,Low Relevance,Low Relevance,Irrelevant,Irrelevant,Irrelevant,Irrelevant,Irrelevant,Irrelevant,Irrelevant,Irrelevant,Irrelevant,Irrelevant,Irrelevant,Irrelevant,Irrelevant,Irrelevant,Irrelevant,Irrelevant,Irrelevant
ID0477,Low Relevance,Irrelevant,Irrelevant,Irrelevant,Irrelevant,Irrelevant,Irrelevant,Irrelevant,Irrelevant,Irrelevant,Irrelevant,Irrelevant,Irrelevant,Irrelevant,Irrelevant,Irrelevant,Irrelevant,Irrelevant,Irrelevant,Irrelevant,Irrelevant,Irrelevant,Irrelevant,Irrelevant,Irrelevant,Irrelevant,Irrelevant,Irrelevant,Irrelevant,Irrelevant
ID0478,Irrelevant,Irrelevant,Irrelevant,Irrelevant,Irrelevant,Irrelevant,Irrelevant,Irrelevant,Irrelevant,Irrelevant,Irrelevant,Irrelevant,Irrelevant,Irrelevant,Irrelevant,Irrelevant,Irrelevant,Irrelevant,Irrelevant,Irrelevant,Irrelevant,Irrelevant,Irrelevant,Irrelevant,Irrelevant,Irrelevant,Irrelevant,Irrelevant,Irrelevant,Irrelevant
ID0479,Low Relevance,Low Relevance,Low Relevance,Low Relevance,Low Relevance,Low Relevance,Low Relevance,Low Relevance,Low Relevance,Low Relevance,Low Relevance,Low Relevance,Low Relevance,Irrelevant,Irrelevant,Irrelevant,Irrelevant,Irrelevant,Irrelevant,Irrelevant,Irrelevant,Irrelevant,Irrelevant,Irrelevant,Irrelevant,Irrelevant,Irrelevant,Irrelevant,Irrelevant,Irrelevant
ID0483,Irrelevant,Irrelevant,Irrelevant,Irrelevant,Irrelevant,Irrelevant,Irrelevant,Irrelevant,Irrelevant,Irrelevant,Irrelevant,Irrelevant,Irrelevant,Irrelevant,Irrelevant,Irrelevant,Irrelevant,Irrelevant,Irrelevant,Irrelevant,Irrelevant,Irrelevant,Irrelevant,Irrelevant,Irrelevant,Irrelevant,Irrelevant,Irrelevant,Irrelevant,Irrelevant
ID0484,Irrelevant,Irrelevant,Irrelevant,Irrelevant,Irrelevant,Irrelevant,Irrelevant,Irrelevant,Irrelevant,Irrelevant,Irrelevant,Irrelevant,Irrelevant,Irrelevant,Irrelevant,Irrelevant,Irrelevant,Irrelevant,Irrelevant,Irrelevant,Irrelevant,Irrelevant,Irrelevant,Irrelevant,Irrelevant,Irrelevant,Irrelevant,Irrelevant,Irrelevant,Irrelevant
ID0487,Low Relevance,Low Relevance,Low Relevance,Low Relevance,Low Relevance,Low Relevance,Low Relevance,Irrelevant,Irrelevant,Irrelevant,Irrelevant,Irrelevant,Irrelevant,Irrelevant,Irrelevant,Irrelevant,Irrelevant,Irrelevant,Irrelevant,Irrelevant,Irrelevant,Irrelevant,Irrelevant,Irrelevant,Irrelevant,Irrelevant,Irrelevant,Irrelevant,Irrelevant,Irrelevant
ID0488,High Relevance,Low Relevance,Low Relevance,Low Relevance,Low Relevance,Low Relevance,Low Relevance,Low Relevance,Low Relevance,Low Relevance,Low Relevance,Low Relevance,Low Relevance,Irrelevant,Irrelevant,Irrelevant,Irrelevant,Irrelevant,Irrelevant,Irrelevant,Irrelevant,Irrelevant,Irrelevant,Irrelevant,Irrelevant,Irrelevant,Irrelevant,Irrelevant,Irrelevant,Irrelevant
ID0490,Low Relevance,Irrelevant,Irrelevant,Irrelevant,Low Relevance,Irrelevant,Irrelevant,Irrelevant,Irrelevant,Irrelevant,Irrelevant,Irrelevant,Irrelevant,Irrelevant,Irrelevant,Irrelevant,Irrelevant,Irrelevant,Irrelevant,Irrelevant,Irrelevant,Irrelevant,Irrelevant,Irrelevant,Irrelevant,Irrelevant,Irrelevant,Irrelevant,Irrelevant,Irrelevant
ID0491,Irrelevant,Irrelevant,Irrelevant,Irrelevant,Irrelevant,Irrelevant,Irrelevant,Irrelevant,Irrelevant,Irrelevant,Irrelevant,Irrelevant,Irrelevant,Irrelevant,Irrelevant,Irrelevant,Irrelevant,Irrelevant,Irrelevant,Irrelevant,Irrelevant,Irrelevant,Irrelevant,Irrelevant,Irrelevant,Irrelevant,Irrelevant,Irrelevant,Irrelevant,Irrelevant
ID0492,Low Relevance,Irrelevant,Low Relevance,Irrelevant,Irrelevant,Irrelevant,Irrelevant,Irrelevant,Irrelevant,Irrelevant,Irrelevant,Irrelevant,Irrelevant,Irrelevant,Irrelevant,Irrelevant,Irrelevant,Irrelevant,Irrelevant,Irrelevant,Irrelevant,Irrelevant,Irrelevant,Irrelevant,Irrelevant,Irrelevant,Irrelevant,Irrelevant,Irrelevant,Irrelevant
ID0494,Irrelevant,Irrelevant,Irrelevant,Irrelevant,Irrelevant,Irrelevant,Irrelevant,Irrelevant,Irrelevant,Irrelevant,Irrelevant,Irrelevant,Irrelevant,Irrelevant,Irrelevant,Irrelevant,Irrelevant,Irrelevant,Irrelevant,Irrelevant,Irrelevant,Irrelevant,Irrelevant,Irrelevant,Irrelevant,Irrelevant,Irrelevant,Irrelevant,Irrelevant,Irrelevant
ID0495,Irrelevant,Irrelevant,Irrelevant,Irrelevant,Irrelevant,Irrelevant,Irrelevant,Irrelevant,Irrelevant,Irrelevant,Irrelevant,Irrelevant,Irrelevant,Irrelevant,Irrelevant,Irrelevant,Irrelevant,Irrelevant,Irrelevant,Irrelevant,Irrelevant,Irrelevant,Irrelevant,Irrelevant,Irrelevant,Irrelevant,Irrelevant,Irrelevant,Irrelevant,Irrelevant
ID0496,Low Relevance,Low Relevance,Low Relevance,Irrelevant,Irrelevant,Irrelevant,Irrelevant,Irrelevant,Irrelevant,Irrelevant,Irrelevant,Irrelevant,Irrelevant,Irrelevant,Irrelevant,Irrelevant,Irrelevant,Irrelevant,Irrelevant,Irrelevant,Irrelevant,Irrelevant,Irrelevant,Irrelevant,Irrelevant,Irrelevant,Irrelevant,Irrelevant,Irrelevant,Irrelevant
ID0498,Low Relevance,Low Relevance,Low Relevance,Low Relevance,Low Relevance,Low Relevance,Low Relevance,Low Relevance,Low Relevance,Low Relevance,Irrelevant,Irrelevant,Irrelevant,Irrelevant,Irrelevant,Irrelevant,Irrelevant,Irrelevant,Irrelevant,Irrelevant,Irrelevant,Irrelevant,Irrelevant,Irrelevant,Irrelevant,Irrelevant,Irrelevant,Irrelevant,Irrelevant,Irrelevant
ID0500,High Relevance,Low Relevance,Low Relevance,Low Relevance,Low Relevance,Low Relevance,Low Relevance,Low Relevance,Low Relevance,Low Relevance,Low Relevance,Low Relevance,Low Relevance,Irrelevant,Irrelevant,Irrelevant,Irrelevant,Irrelevant,Irrelevant,Irrelevant,Irrelevant,Irrelevant,Irrelevant,Irrelevant,Irrelevant,Irrelevant,Irrelevant,Irrelevant,Irrelevant,Irrelevant
ID0502,Low Relevance,Low Relevance,Low Relevance,Low Relevance,Irrelevant,Low Relevance,Irrelevant,Irrelevant,Irrelevant,Irrelevant,Irrelevant,Irrelevant,Irrelevant,Irrelevant,Irrelevant,Irrelevant,Irrelevant,Irrelevant,Irrelevant,Irrelevant,Irrelevant,Irrelevant,Irrelevant,Irrelevant,Irrelevant,Irrelevant,Irrelevant,Irrelevant,Irrelevant,Irrelevant
ID0503,High Relevance,High Relevance,Low Relevance,Low Relevance,Low Relevance,Low Relevance,Low Relevance,Low Relevance,Low Relevance,Low Relevance,Low Relevance,Low Relevance,Irrelevant,Irrelevant,Irrelevant,Irrelevant,Irrelevant,Irrelevant,Irrelevant,Irrelevant,Irrelevant,Irrelevant,Irrelevant,Irrelevant,Irrelevant,Irrelevant,Irrelevant,Irrelevant,Irrelevant,Irrelevant
ID0504,Irrelevant,Irrelevant,Irrelevant,Irrelevant,Irrelevant,Irrelevant,Irrelevant,Irrelevant,Irrelevant,Irrelevant,Irrelevant,Irrelevant,Irrelevant,Irrelevant,Irrelevant,Irrelevant,Irrelevant,Irrelevant,Irrelevant,Irrelevant,Irrelevant,Irrelevant,Irrelevant,Irrelevant,Irrelevant,Irrelevant,Irrelevant,Irrelevant,Irrelevant,Irrelevant
ID0506,High Relevance,Low Relevance,Irrelevant,Irrelevant,High Relevance,Irrelevant,Irrelevant,Irrelevant,Irrelevant,Irrelevant,Irrelevant,Irrelevant,Irrelevant,Irrelevant,Irrelevant,Irrelevant,Irrelevant,Irrelevant,Irrelevant,Irrelevant,Irrelevant,Irrelevant,Irrelevant,Irrelevant,Irrelevant,Irrelevant,Irrelevant,Irrelevant,Irrelevant,Irrelevant
ID0508,Irrelevant,Irrelevant,Irrelevant,Irrelevant,Irrelevant,Irrelevant,Irrelevant,Irrelevant,Irrelevant,Irrelevant,Irrelevant,Irrelevant,Irrelevant,Irrelevant,Irrelevant,Irrelevant,Irrelevant,Irrelevant,Irrelevant,Irrelevant,Irrelevant,Irrelevant,Irrelevant,Irrelevant,Irrelevant,Irrelevant,Irrelevant,Irrelevant,Irrelevant,Irrelevant
ID0509,Irrelevant,Irrelevant,Irrelevant,Irrelevant,Irrelevant,Irrelevant,Irrelevant,Irrelevant,Irrelevant,Irrelevant,Irrelevant,Irrelevant,Irrelevant,Irrelevant,Irrelevant,Irrelevant,Irrelevant,Irrelevant,Irrelevant,Irrelevant,Irrelevant,Irrelevant,Irrelevant,Irrelevant,Irrelevant,Irrelevant,Irrelevant,Irrelevant,Irrelevant,Irrelevant
ID0510,Irrelevant,Irrelevant,Irrelevant,Irrelevant,Irrelevant,Irrelevant,Irrelevant,Irrelevant,Irrelevant,Irrelevant,Irrelevant,Irrelevant,Irrelevant,Irrelevant,Irrelevant,Irrelevant,Irrelevant,Irrelevant,Irrelevant,Irrelevant,Irrelevant,Irrelevant,Irrelevant,Irrelevant,Irrelevant,Irrelevant,Irrelevant,Irrelevant,Irrelevant,Irrelevant
ID0511,Irrelevant,Irrelevant,Irrelevant,Irrelevant,Irrelevant,Irrelevant,Irrelevant,Irrelevant,Irrelevant,Irrelevant,Irrelevant,Irrelevant,Irrelevant,Irrelevant,Irrelevant,Irrelevant,Irrelevant,Irrelevant,Irrelevant,Irrelevant,Irrelevant,Irrelevant,Irrelevant,Irrelevant,Irrelevant,Irrelevant,Irrelevant,Irrelevant,Irrelevant,Irrelevant
ID0513,High Relevance,High Relevance,Low Relevance,Low Relevance,High Relevance,Low Relevance,Low Relevance,Low Relevance,Low Relevance,Low Relevance,Low Relevance,Low Relevance,Irrelevant,Irrelevant,Irrelevant,Irrelevant,Irrelevant,Irrelevant,Irrelevant,Irrelevant,Irrelevant,Irrelevant,Irrelevant,Irrelevant,Irrelevant,Irrelevant,Irrelevant,Irrelevant,Irrelevant,Irrelevant
ID0514,Low Relevance,Low Relevance,Low Relevance,Low Relevance,Low Relevance,High Relevance,High Relevance,Irrelevant,Irrelevant,Irrelevant,Irrelevant,Irrelevant,Irrelevant,Irrelevant,Irrelevant,Irrelevant,Irrelevant,Irrelevant,Irrelevant,Irrelevant,Irrelevant,Irrelevant,Irrelevant,Irrelevant,Irrelevant,Irrelevant,Irrelevant,Irrelevant,Irrelevant,Irrelevant
ID0517,Irrelevant,Irrelevant,Irrelevant,Irrelevant,Irrelevant,Irrelevant,Irrelevant,Irrelevant,Irrelevant,Irrelevant,Irrelevant,Irrelevant,Irrelevant,Irrelevant,Irrelevant,Irrelevant,Irrelevant,Irrelevant,Irrelevant,Irrelevant,Irrelevant,Irrelevant,Irrelevant,Irrelevant,Irrelevant,Irrelevant,Irrelevant,Irrelevant,Irrelevant,Irrelevant
ID0519,Irrelevant,Irrelevant,Irrelevant,Irrelevant,Irrelevant,Irrelevant,Irrelevant,Irrelevant,Irrelevant,Irrelevant,Irrelevant,Irrelevant,Irrelevant,Irrelevant,Irrelevant,Irrelevant,Irrelevant,Irrelevant,Irrelevant,Irrelevant,Irrelevant,Irrelevant,Irrelevant,Irrelevant,Irrelevant,Irrelevant,Irrelevant,Irrelevant,Irrelevant,Irrelevant
ID0520,Irrelevant,Irrelevant,Irrelevant,Irrelevant,Irrelevant,Irrelevant,Irrelevant,Irrelevant,Irrelevant,Irrelevant,Irrelevant,Irrelevant,Irrelevant,Irrelevant,Irrelevant,Irrelevant,Irrelevant,Irrelevant,Irrelevant,Irrelevant,Irrelevant,Irrelevant,Irrelevant,Irrelevant,Irrelevant,Irrelevant,Irrelevant,Irrelevant,Irrelevant,Irrelevant
ID0521,Irrelevant,Irrelevant,Irrelevant,Irrelevant,Irrelevant,Irrelevant,Irrelevant,Irrelevant,Irrelevant,Irrelevant,Irrelevant,Irrelevant,Irrelevant,Irrelevant,Irrelevant,Irrelevant,Irrelevant,Irrelevant,Irrelevant,Irrelevant,Irrelevant,Irrelevant,Irrelevant,Irrelevant,Irrelevant,Irrelevant,Irrelevant,Irrelevant,Irrelevant,Irrelevant
ID0522,Irrelevant,Irrelevant,Irrelevant,Irrelevant,Irrelevant,Irrelevant,Irrelevant,Irrelevant,Irrelevant,Irrelevant,Irrelevant,Irrelevant,Irrelevant,Irrelevant,Irrelevant,Irrelevant,Irrelevant,Irrelevant,Irrelevant,Irrelevant,Irrelevant,Irrelevant,Irrelevant,Irrelevant,Irrelevant,Irrelevant,Irrelevant,Irrelevant,Irrelevant,Irrelevant
ID0523,Irrelevant,Irrelevant,Irrelevant,Irrelevant,Irrelevant,Irrelevant,Irrelevant,Irrelevant,Irrelevant,Irrelevant,Irrelevant,Irrelevant,Irrelevant,Irrelevant,Irrelevant,Irrelevant,Irrelevant,Irrelevant,Irrelevant,Irrelevant,Irrelevant,Irrelevant,Irrelevant,Irrelevant,Irrelevant,Irrelevant,Irrelevant,Irrelevant,Irrelevant,Irrelevant
ID0524,Low Relevance,Low Relevance,Low Relevance,Low Relevance,Low Relevance,Low Relevance,Low Relevance,Low Relevance,Low Relevance,Low Relevance,Low Relevance,Low Relevance,Irrelevant,Irrelevant,Irrelevant,Irrelevant,Irrelevant,Irrelevant,Irrelevant,Irrelevant,Irrelevant,Irrelevant,Irrelevant,Irrelevant,Irrelevant,Irrelevant,Irrelevant,Irrelevant,Irrelevant,Irrelevant
ID0525,Irrelevant,Irrelevant,Irrelevant,Irrelevant,Irrelevant,Irrelevant,Irrelevant,Irrelevant,Irrelevant,Irrelevant,Irrelevant,Irrelevant,Irrelevant,Irrelevant,Irrelevant,Irrelevant,Irrelevant,Irrelevant,Irrelevant,Irrelevant,Irrelevant,Irrelevant,Irrelevant,Irrelevant,Irrelevant,Irrelevant,Irrelevant,Irrelevant,Irrelevant,Irrelevant
ID0526,Irrelevant,Irrelevant,Irrelevant,Irrelevant,Irrelevant,Irrelevant,Irrelevant,Irrelevant,Irrelevant,Irrelevant,Irrelevant,Irrelevant,Irrelevant,Irrelevant,Irrelevant,Irrelevant,Irrelevant,Irrelevant,Irrelevant,Irrelevant,Irrelevant,Irrelevant,Irrelevant,Irrelevant,Irrelevant,Irrelevant,Irrelevant,Irrelevant,Irrelevant,Irrelevant
ID0528,Low Relevance,Low Relevance,Low Relevance,Low Relevance,Low Relevance,Low Relevance,Low Relevance,Low Relevance,Low Relevance,Irrelevant,Irrelevant,Irrelevant,Irrelevant,Irrelevant,Irrelevant,Irrelevant,Irrelevant,Irrelevant,Irrelevant,Irrelevant,Irrelevant,Irrelevant,Irrelevant,Irrelevant,Irrelevant,Irrelevant,Irrelevant,Irrelevant,Irrelevant,Irrelevant
ID0529,Low Relevance,Irrelevant,Irrelevant,Irrelevant,Irrelevant,Irrelevant,Irrelevant,Irrelevant,Irrelevant,Irrelevant,Irrelevant,Irrelevant,Irrelevant,Irrelevant,Irrelevant,Irrelevant,Irrelevant,Irrelevant,Irrelevant,Irrelevant,Irrelevant,Irrelevant,Irrelevant,Irrelevant,Irrelevant,Irrelevant,Irrelevant,Irrelevant,Irrelevant,Irrelevant
ID0532,Low Relevance,High Relevance,Low Relevance,Low Relevance,Low Relevance,High Relevance,Low Relevance,Low Relevance,High Relevance,Low Relevance,Low Relevance,High Relevance,Low Relevance,Irrelevant,Irrelevant,Irrelevant,Irrelevant,Irrelevant,Irrelevant,Irrelevant,Irrelevant,Irrelevant,Irrelevant,Irrelevant,Irrelevant,Irrelevant,Irrelevant,Irrelevant,Irrelevant,Irrelevant
ID0533,Low Relevance,Low Relevance,Low Relevance,Low Relevance,Low Relevance,Low Relevance,Low Relevance,Low Relevance,Low Relevance,Low Relevance,Low Relevance,Irrelevant,Irrelevant,Irrelevant,Irrelevant,Irrelevant,Irrelevant,Irrelevant,Irrelevant,Irrelevant,Irrelevant,Irrelevant,Irrelevant,Irrelevant,Irrelevant,Irrelevant,Irrelevant,Irrelevant,Irrelevant,Irrelevant
ID0534,Low Relevance,Low Relevance,Low Relevance,Low Relevance,Low Relevance,Low Relevance,Low Relevance,Low Relevance,Low Relevance,Low Relevance,Low Relevance,Low Relevance,Low Relevance,Irrelevant,Irrelevant,Irrelevant,Irrelevant,Irrelevant,Irrelevant,Irrelevant,Irrelevant,Irrelevant,Irrelevant,Irrelevant,Irrelevant,Irrelevant,Irrelevant,Irrelevant,Irrelevant,Irrelevant
ID0535,Irrelevant,Irrelevant,Irrelevant,Irrelevant,Irrelevant,Irrelevant,Irrelevant,Irrelevant,Irrelevant,Irrelevant,Irrelevant,Irrelevant,Irrelevant,Irrelevant,Irrelevant,Irrelevant,Irrelevant,Irrelevant,Irrelevant,Irrelevant,Irrelevant,Irrelevant,Irrelevant,Irrelevant,Irrelevant,Irrelevant,Irrelevant,Irrelevant,Irrelevant,Irrelevant
ID0536,Low Relevance,Low Relevance,High Relevance,High Relevance,Irrelevant,Irrelevant,Irrelevant,Irrelevant,Irrelevant,Irrelevant,Irrelevant,Irrelevant,Irrelevant,Irrelevant,Irrelevant,Irrelevant,Irrelevant,Irrelevant,Irrelevant,Irrelevant,Irrelevant,Irrelevant,Irrelevant,Irrelevant,Irrelevant,Irrelevant,Irrelevant,Irrelevant,Irrelevant,Irrelevant
ID0539,Low Relevance,Low Relevance,Low Relevance,Low Relevance,Low Relevance,Low Relevance,Low Relevance,Low Relevance,Irrelevant,Irrelevant,Irrelevant,Irrelevant,Irrelevant,Irrelevant,Irrelevant,Irrelevant,Irrelevant,Irrelevant,Irrelevant,Irrelevant,Irrelevant,Irrelevant,Irrelevant,Irrelevant,Irrelevant,Irrelevant,Irrelevant,Irrelevant,Irrelevant,Irrelevant
ID0541,Irrelevant,Irrelevant,Irrelevant,Irrelevant,Irrelevant,Irrelevant,Irrelevant,Irrelevant,Irrelevant,Irrelevant,Irrelevant,Irrelevant,Irrelevant,Irrelevant,Irrelevant,Irrelevant,Irrelevant,Irrelevant,Irrelevant,Irrelevant,Irrelevant,Irrelevant,Irrelevant,Irrelevant,Irrelevant,Irrelevant,Irrelevant,Irrelevant,Irrelevant,Irrelevant
ID0542,High Relevance,Low Relevance,Low Relevance,Low Relevance,Low Relevance,Low Relevance,Low Relevance,High Relevance,Irrelevant,Irrelevant,Irrelevant,Irrelevant,Irrelevant,Irrelevant,Irrelevant,Irrelevant,Irrelevant,Irrelevant,Irrelevant,Irrelevant,Irrelevant,Irrelevant,Irrelevant,Irrelevant,Irrelevant,Irrelevant,Irrelevant,Irrelevant,Irrelevant,Irrelevant
ID0543,High Relevance,High Relevance,Low Relevance,Low Relevance,Low Relevance,Low Relevance,Low Relevance,Low Relevance,Low Relevance,Low Relevance,Irrelevant,Irrelevant,Irrelevant,Irrelevant,Irrelevant,Irrelevant,Irrelevant,Irrelevant,Irrelevant,Irrelevant,Irrelevant,Irrelevant,Irrelevant,Irrelevant,Irrelevant,Irrelevant,Irrelevant,Irrelevant,Irrelevant,Irrelevant
ID0546,Low Relevance,Low Relevance,Low Relevance,Low Relevance,Low Relevance,High Relevance,Low Relevance,Low Relevance,Low Relevance,Low Relevance,Irrelevant,Irrelevant,Irrelevant,Irrelevant,Irrelevant,Irrelevant,Irrelevant,Irrelevant,Irrelevant,Irrelevant,Irrelevant,Irrelevant,Irrelevant,Irrelevant,Irrelevant,Irrelevant,Irrelevant,Irrelevant,Irrelevant,Irrelevant
ID0551,Low Relevance,Low Relevance,Low Relevance,Low Relevance,Low Relevance,Low Relevance,Low Relevance,Low Relevance,Low Relevance,Low Relevance,Low Relevance,Irrelevant,Irrelevant,Irrelevant,Irrelevant,Irrelevant,Irrelevant,Irrelevant,Irrelevant,Irrelevant,Irrelevant,Irrelevant,Irrelevant,Irrelevant,Irrelevant,Irrelevant,Irrelevant,Irrelevant,Irrelevant,Irrelevant
ID0552,Irrelevant,Irrelevant,Irrelevant,Irrelevant,Irrelevant,Irrelevant,Irrelevant,Irrelevant,Irrelevant,Irrelevant,Irrelevant,Irrelevant,Irrelevant,Irrelevant,Irrelevant,Irrelevant,Irrelevant,Irrelevant,Irrelevant,Irrelevant,Irrelevant,Irrelevant,Irrelevant,Irrelevant,Irrelevant,Irrelevant,Irrelevant,Irrelevant,Irrelevant,Irrelevant
ID0553,Irrelevant,Irrelevant,Irrelevant,Irrelevant,Irrelevant,Irrelevant,Irrelevant,Irrelevant,Irrelevant,Irrelevant,Irrelevant,Irrelevant,Irrelevant,Irrelevant,Irrelevant,Irrelevant,Irrelevant,Irrelevant,Irrelevant,Irrelevant,Irrelevant,Irrelevant,Irrelevant,Irrelevant,Irrelevant,Irrelevant,Irrelevant,Irrelevant,Irrelevant,Irrelevant
ID0554,Low Relevance,Low Relevance,Low Relevance,Irrelevant,Irrelevant,Irrelevant,Irrelevant,Irrelevant,Irrelevant,Irrelevant,Irrelevant,Irrelevant,Irrelevant,Irrelevant,Irrelevant,Irrelevant,Irrelevant,Irrelevant,Irrelevant,Irrelevant,Irrelevant,Irrelevant,Irrelevant,Irrelevant,Irrelevant,Irrelevant,Irrelevant,Irrelevant,Irrelevant,Irrelevant
ID0555,Irrelevant,Irrelevant,Irrelevant,Irrelevant,Irrelevant,Irrelevant,Irrelevant,Irrelevant,Irrelevant,Irrelevant,Irrelevant,Irrelevant,Irrelevant,Irrelevant,Irrelevant,Irrelevant,Irrelevant,Irrelevant,Irrelevant,Irrelevant,Irrelevant,Irrelevant,Irrelevant,Irrelevant,Irrelevant,Irrelevant,Irrelevant,Irrelevant,Irrelevant,Irrelevant
ID0559,Low Relevance,Low Relevance,Low Relevance,Low Relevance,Low Relevance,Low Relevance,Low Relevance,Low Relevance,Low Relevance,Low Relevance,Low Relevance,Low Relevance,Low Relevance,Irrelevant,Irrelevant,Irrelevant,Irrelevant,Irrelevant,Irrelevant,Irrelevant,Irrelevant,Irrelevant,Irrelevant,Irrelevant,Irrelevant,Irrelevant,Irrelevant,Irrelevant,Irrelevant,Irrelevant
ID0561,Low Relevance,Irrelevant,Irrelevant,Irrelevant,Irrelevant,Irrelevant,Irrelevant,Irrelevant,Irrelevant,Irrelevant,Irrelevant,Irrelevant,Irrelevant,Irrelevant,Irrelevant,Irrelevant,Irrelevant,Irrelevant,Irrelevant,Irrelevant,Irrelevant,Irrelevant,Irrelevant,Irrelevant,Irrelevant,Irrelevant,Irrelevant,Irrelevant,Irrelevant,Irrelevant
ID0564,Irrelevant,Irrelevant,Irrelevant,Irrelevant,Irrelevant,Irrelevant,Irrelevant,Irrelevant,Irrelevant,Irrelevant,Irrelevant,Irrelevant,Irrelevant,Irrelevant,Irrelevant,Irrelevant,Irrelevant,Irrelevant,Irrelevant,Irrelevant,Irrelevant,Irrelevant,Irrelevant,Irrelevant,Irrelevant,Irrelevant,Irrelevant,Irrelevant,Irrelevant,Irrelevant
ID0566,Irrelevant,Irrelevant,Irrelevant,Irrelevant,Irrelevant,Irrelevant,Irrelevant,Irrelevant,Irrelevant,Irrelevant,Irrelevant,Irrelevant,Irrelevant,Irrelevant,Irrelevant,Irrelevant,Irrelevant,Irrelevant,Irrelevant,Irrelevant,Irrelevant,Irrelevant,Irrelevant,Irrelevant,Irrelevant,Irrelevant,Irrelevant,Irrelevant,Irrelevant,Irrelevant
ID0567,Irrelevant,Irrelevant,Irrelevant,Irrelevant,Irrelevant,Irrelevant,Irrelevant,Irrelevant,Irrelevant,Irrelevant,Irrelevant,Irrelevant,Irrelevant,Irrelevant,Irrelevant,Irrelevant,Irrelevant,Irrelevant,Irrelevant,Irrelevant,Irrelevant,Irrelevant,Irrelevant,Irrelevant,Irrelevant,Irrelevant,Irrelevant,Irrelevant,Irrelevant,Irrelevant
ID0568,Irrelevant,Irrelevant,Irrelevant,Irrelevant,Irrelevant,Irrelevant,Irrelevant,Irrelevant,Irrelevant,Irrelevant,Irrelevant,Irrelevant,Irrelevant,Irrelevant,Irrelevant,Irrelevant,Irrelevant,Irrelevant,Irrelevant,Irrelevant,Irrelevant,Irrelevant,Irrelevant,Irrelevant,Irrelevant,Irrelevant,Irrelevant,Irrelevant,Irrelevant,Irrelevant
ID0569,Low Relevance,High Relevance,Low Relevance,Low Relevance,Low Relevance,Irrelevant,Irrelevant,Irrelevant,Irrelevant,Irrelevant,Irrelevant,Irrelevant,Irrelevant,Irrelevant,Irrelevant,Irrelevant,Irrelevant,Irrelevant,Irrelevant,Irrelevant,Irrelevant,Irrelevant,Irrelevant,Irrelevant,Irrelevant,Irrelevant,Irrelevant,Irrelevant,Irrelevant,Irrelevant
ID0572,Irrelevant,Irrelevant,Irrelevant,Irrelevant,Irrelevant,Irrelevant,Irrelevant,Irrelevant,Irrelevant,Irrelevant,Irrelevant,Irrelevant,Irrelevant,Irrelevant,Irrelevant,Irrelevant,Irrelevant,Irrelevant,Irrelevant,Irrelevant,Irrelevant,Irrelevant,Irrelevant,Irrelevant,Irrelevant,Irrelevant,Irrelevant,Irrelevant,Irrelevant,Irrelevant
ID0574,Irrelevant,Irrelevant,Irrelevant,Irrelevant,Irrelevant,Irrelevant,Irrelevant,Irrelevant,Irrelevant,Irrelevant,Irrelevant,Irrelevant,Irrelevant,Irrelevant,Irrelevant,Irrelevant,Irrelevant,Irrelevant,Irrelevant,Irrelevant,Irrelevant,Irrelevant,Irrelevant,Irrelevant,Irrelevant,Irrelevant,Irrelevant,Irrelevant,Irrelevant,Irrelevant
ID0575,Low Relevance,Low Relevance,Low Relevance,Low Relevance,Low Relevance,Low Relevance,Low Relevance,Low Relevance,Low Relevance,Low Relevance,Low Relevance,Low Relevance,Low Relevance,Irrelevant,Irrelevant,Irrelevant,Irrelevant,Irrelevant,Irrelevant,Irrelevant,Irrelevant,Irrelevant,Irrelevant,Irrelevant,Irrelevant,Irrelevant,Irrelevant,Irrelevant,Irrelevant,Irrelevant
ID0576,Low Relevance,Low Relevance,Low Relevance,Low Relevance,Low Relevance,Low Relevance,Low Relevance,Low Relevance,Low Relevance,Low Relevance,Irrelevant,Irrelevant,Irrelevant,Irrelevant,Irrelevant,Irrelevant,Irrelevant,Irrelevant,Irrelevant,Irrelevant,Irrelevant,Irrelevant,Irrelevant,Irrelevant,Irrelevant,Irrelevant,Irrelevant,Irrelevant,Irrelevant,Irrelevant
ID0577,High Relevance,Low Relevance,Low Relevance,Low Relevance,Low Relevance,High Relevance,Low Relevance,Low Relevance,Low Relevance,Low Relevance,Low Relevance,Irrelevant,Irrelevant,Irrelevant,Irrelevant,Irrelevant,Irrelevant,Irrelevant,Irrelevant,Irrelevant,Irrelevant,Irrelevant,Irrelevant,Irrelevant,Irrelevant,Irrelevant,Irrelevant,Irrelevant,Irrelevant,Irrelevant
ID0578,Irrelevant,Irrelevant,Irrelevant,Irrelevant,Irrelevant,Irrelevant,Irrelevant,Irrelevant,Irrelevant,Irrelevant,Irrelevant,Irrelevant,Irrelevant,Irrelevant,Irrelevant,Irrelevant,Irrelevant,Irrelevant,Irrelevant,Irrelevant,Irrelevant,Irrelevant,Irrelevant,Irrelevant,Irrelevant,Irrelevant,Irrelevant,Irrelevant,Irrelevant,Irrelevant
ID0581,Irrelevant,Irrelevant,Irrelevant,Irrelevant,Irrelevant,Irrelevant,Irrelevant,Irrelevant,Irrelevant,Irrelevant,Irrelevant,Irrelevant,Irrelevant,Irrelevant,Irrelevant,Irrelevant,Irrelevant,Irrelevant,Irrelevant,Irrelevant,Irrelevant,Irrelevant,Irrelevant,Irrelevant,Irrelevant,Irrelevant,Irrelevant,Irrelevant,Irrelevant,Irrelevant
ID0584,Irrelevant,Irrelevant,Irrelevant,Irrelevant,Irrelevant,Irrelevant,Irrelevant,Irrelevant,Irrelevant,Irrelevant,Irrelevant,Irrelevant,Irrelevant,Irrelevant,Irrelevant,Irrelevant,Irrelevant,Irrelevant,Irrelevant,Irrelevant,Irrelevant,Irrelevant,Irrelevant,Irrelevant,Irrelevant,Irrelevant,Irrelevant,Irrelevant,Irrelevant,Irrelevant
ID0585,Irrelevant,Irrelevant,Irrelevant,Irrelevant,Irrelevant,Irrelevant,Irrelevant,Irrelevant,Irrelevant,Irrelevant,Irrelevant,Irrelevant,Irrelevant,Irrelevant,Irrelevant,Irrelevant,Irrelevant,Irrelevant,Irrelevant,Irrelevant,Irrelevant,Irrelevant,Irrelevant,Irrelevant,Irrelevant,Irrelevant,Irrelevant,Irrelevant,Irrelevant,Irrelevant
ID0586,Irrelevant,Irrelevant,Irrelevant,Irrelevant,Irrelevant,Irrelevant,Irrelevant,Irrelevant,Irrelevant,Irrelevant,Irrelevant,Irrelevant,Irrelevant,Irrelevant,Irrelevant,Irrelevant,Irrelevant,Irrelevant,Irrelevant,Irrelevant,Irrelevant,Irrelevant,Irrelevant,Irrelevant,Irrelevant,Irrelevant,Irrelevant,Irrelevant,Irrelevant,Irrelevant
ID0587,High Relevance,Low Relevance,Low Relevance,Low Relevance,Low Relevance,Low Relevance,Low Relevance,Low Relevance,Irrelevant,Irrelevant,Irrelevant,Irrelevant,Irrelevant,Irrelevant,Irrelevant,Irrelevant,Irrelevant,Irrelevant,Irrelevant,Irrelevant,Irrelevant,Irrelevant,Irrelevant,Irrelevant,Irrelevant,Irrelevant,Irrelevant,Irrelevant,Irrelevant,Irrelevant
ID0589,Low Relevance,Low Relevance,Low Relevance,Low Relevance,Low Relevance,Low Relevance,Irrelevant,Irrelevant,Irrelevant,Irrelevant,Irrelevant,Irrelevant,Irrelevant,Irrelevant,Irrelevant,Irrelevant,Irrelevant,Irrelevant,Irrelevant,Irrelevant,Irrelevant,Irrelevant,Irrelevant,Irrelevant,Irrelevant,Irrelevant,Irrelevant,Irrelevant,Irrelevant,Irrelevant
ID0590,Irrelevant,Irrelevant,Irrelevant,Irrelevant,Irrelevant,Irrelevant,Irrelevant,Irrelevant,Irrelevant,Irrelevant,Irrelevant,Irrelevant,Irrelevant,Irrelevant,Irrelevant,Irrelevant,Irrelevant,Irrelevant,Irrelevant,Irrelevant,Irrelevant,Irrelevant,Irrelevant,Irrelevant,Irrelevant,Irrelevant,Irrelevant,Irrelevant,Irrelevant,Irrelevant
ID0591,Irrelevant,Irrelevant,Irrelevant,Irrelevant,Irrelevant,Irrelevant,Irrelevant,Irrelevant,Irrelevant,Irrelevant,Irrelevant,Irrelevant,Irrelevant,Irrelevant,Irrelevant,Irrelevant,Irrelevant,Irrelevant,Irrelevant,Irrelevant,Irrelevant,Irrelevant,Irrelevant,Irrelevant,Irrelevant,Irrelevant,Irrelevant,Irrelevant,Irrelevant,Irrelevant
ID0592,High Relevance,Low Relevance,Low Relevance,High Relevance,Low Relevance,Low Relevance,Low Relevance,Low Relevance,Low Relevance,Low Relevance,Low Relevance,Low Relevance,Irrelevant,Irrelevant,Irrelevant,Irrelevant,Irrelevant,Irrelevant,Irrelevant,Irrelevant,Irrelevant,Irrelevant,Irrelevant,Irrelevant,Irrelevant,Irrelevant,Irrelevant,Irrelevant,Irrelevant,Irrelevant
ID0594,Irrelevant,Irrelevant,Irrelevant,Irrelevant,Irrelevant,Irrelevant,Irrelevant,Irrelevant,Irrelevant,Irrelevant,Irrelevant,Irrelevant,Irrelevant,Irrelevant,Irrelevant,Irrelevant,Irrelevant,Irrelevant,Irrelevant,Irrelevant,Irrelevant,Irrelevant,Irrelevant,Irrelevant,Irrelevant,Irrelevant,Irrelevant,Irrelevant,Irrelevant,Irrelevant
ID0595,Irrelevant,Irrelevant,Irrelevant,Irrelevant,Irrelevant,Irrelevant,Irrelevant,Irrelevant,Irrelevant,Irrelevant,Irrelevant,Irrelevant,Irrelevant,Irrelevant,Irrelevant,Irrelevant,Irrelevant,Irrelevant,Irrelevant,Irrelevant,Irrelevant,Irrelevant,Irrelevant,Irrelevant,Irrelevant,Irrelevant,Irrelevant,Irrelevant,Irrelevant,Irrelevant
ID0596,Low Relevance,Low Relevance,Low Relevance,Low Relevance,Low Relevance,Low Relevance,Low Relevance,Low Relevance,Low Relevance,Low Relevance,Low Relevance,Irrelevant,Irrelevant,Irrelevant,Irrelevant,Irrelevant,Irrelevant,Irrelevant,Irrelevant,Irrelevant,Irrelevant,Irrelevant,Irrelevant,Irrelevant,Irrelevant,Irrelevant,Irrelevant,Irrelevant,Irrelevant,Irrelevant
ID0598,Low Relevance,Low Relevance,Low Relevance,Low Relevance,Low Relevance,Irrelevant,Irrelevant,Irrelevant,Irrelevant,Irrelevant,Irrelevant,Irrelevant,Irrelevant,Irrelevant,Irrelevant,Irrelevant,Irrelevant,Irrelevant,Irrelevant,Irrelevant,Irrelevant,Irrelevant,Irrelevant,Irrelevant,Irrelevant,Irrelevant,Irrelevant,Irrelevant,Irrelevant,Irrelevant
ID0599,Low Relevance,Low Relevance,Low Relevance,Low Relevance,Low Relevance,Low Relevance,Low Relevance,Low Relevance,Low Relevance,Irrelevant,Irrelevant,Irrelevant,Irrelevant,Irrelevant,Irrelevant,Irrelevant,Irrelevant,Irrelevant,Irrelevant,Irrelevant,Irrelevant,Irrelevant,Irrelevant,Irrelevant,Irrelevant,Irrelevant,Irrelevant,Irrelevant,Irrelevant,Irrelevant
ID0600,Low Relevance,High Relevance,Low Relevance,High Relevance,Low Relevance,Low Relevance,Low Relevance,Low Relevance,Low Relevance,Low Relevance,Low Relevance,Irrelevant,Irrelevant,Irrelevant,Irrelevant,Irrelevant,Irrelevant,Irrelevant,Irrelevant,Irrelevant,Irrelevant,Irrelevant,Irrelevant,Irrelevant,Irrelevant,Irrelevant,Irrelevant,Irrelevant,Irrelevant,Irrelevant
ID0601,High Relevance,Low Relevance,Low Relevance,Low Relevance,Low Relevance,Irrelevant,Irrelevant,Irrelevant,Irrelevant,Irrelevant,Irrelevant,Irrelevant,Irrelevant,Irrelevant,Irrelevant,Irrelevant,Irrelevant,Irrelevant,Irrelevant,Irrelevant,Irrelevant,Irrelevant,Irrelevant,Irrelevant,Irrelevant,Irrelevant,Irrelevant,Irrelevant,Irrelevant,Irrelevant
ID0602,Low Relevance,Low Relevance,Low Relevance,High Relevance,High Relevance,Low Relevance,High Relevance,Irrelevant,Irrelevant,Low Relevance,Low Relevance,Low Relevance,Low Relevance,Irrelevant,Irrelevant,Irrelevant,Irrelevant,Irrelevant,Irrelevant,Irrelevant,Irrelevant,Irrelevant,Irrelevant,Irrelevant,Irrelevant,Irrelevant,Irrelevant,Irrelevant,Irrelevant,Irrelevant
ID0603,Irrelevant,Irrelevant,Irrelevant,Irrelevant,Irrelevant,Irrelevant,Irrelevant,Irrelevant,Irrelevant,Irrelevant,Irrelevant,Irrelevant,Irrelevant,Irrelevant,Irrelevant,Irrelevant,Irrelevant,Irrelevant,Irrelevant,Irrelevant,Irrelevant,Irrelevant,Irrelevant,Irrelevant,Irrelevant,Irrelevant,Irrelevant,Irrelevant,Irrelevant,Irrelevant
ID0604,Low Relevance,High Relevance,Low Relevance,High Relevance,Low Relevance,Low Relevance,Low Relevance,Irrelevant,Irrelevant,Irrelevant,Irrelevant,Irrelevant,Irrelevant,Irrelevant,Irrelevant,Irrelevant,Irrelevant,Irrelevant,Irrelevant,Irrelevant,Irrelevant,Irrelevant,Irrelevant,Irrelevant,Irrelevant,Irrelevant,Irrelevant,Irrelevant,Irrelevant,Irrelevant
ID0605,Irrelevant,Irrelevant,Irrelevant,Irrelevant,Irrelevant,Irrelevant,Irrelevant,Irrelevant,Irrelevant,Irrelevant,Irrelevant,Irrelevant,Irrelevant,Irrelevant,Irrelevant,Irrelevant,Irrelevant,Irrelevant,Irrelevant,Irrelevant,Irrelevant,Irrelevant,Irrelevant,Irrelevant,Irrelevant,Irrelevant,Irrelevant,Irrelevant,Irrelevant,Irrelevant
ID0607,Irrelevant,Irrelevant,Irrelevant,Irrelevant,Irrelevant,Irrelevant,Irrelevant,Irrelevant,Irrelevant,Irrelevant,Irrelevant,Irrelevant,Irrelevant,Irrelevant,Irrelevant,Irrelevant,Irrelevant,Irrelevant,Irrelevant,Irrelevant,Irrelevant,Irrelevant,Irrelevant,Irrelevant,Irrelevant,Irrelevant,Irrelevant,Irrelevant,Irrelevant,Irrelevant
ID0609,Irrelevant,Irrelevant,Irrelevant,Irrelevant,Irrelevant,Irrelevant,Irrelevant,Irrelevant,Irrelevant,Irrelevant,Irrelevant,Irrelevant,Irrelevant,Irrelevant,Irrelevant,Irrelevant,Irrelevant,Irrelevant,Irrelevant,Irrelevant,Irrelevant,Irrelevant,Irrelevant,Irrelevant,Irrelevant,Irrelevant,Irrelevant,Irrelevant,Irrelevant,Irrelevant
ID0613,Irrelevant,Irrelevant,Irrelevant,Irrelevant,Irrelevant,Irrelevant,Irrelevant,Irrelevant,Irrelevant,Irrelevant,Irrelevant,Irrelevant,Irrelevant,Irrelevant,Irrelevant,Irrelevant,Irrelevant,Irrelevant,Irrelevant,Irrelevant,Irrelevant,Irrelevant,Irrelevant,Irrelevant,Irrelevant,Irrelevant,Irrelevant,Irrelevant,Irrelevant,Irrelevant
ID0614,Low Relevance,Low Relevance,Low Relevance,Low Relevance,Low Relevance,Low Relevance,Irrelevant,Irrelevant,Irrelevant,Irrelevant,Irrelevant,Irrelevant,Irrelevant,Irrelevant,Irrelevant,Irrelevant,Irrelevant,Irrelevant,Irrelevant,Irrelevant,Irrelevant,Irrelevant,Irrelevant,Irrelevant,Irrelevant,Irrelevant,Irrelevant,Irrelevant,Irrelevant,Irrelevant
ID0616,Low Relevance,Low Relevance,Low Relevance,Low Relevance,Low Relevance,Low Relevance,Low Relevance,Low Relevance,Irrelevant,Irrelevant,Irrelevant,Irrelevant,Irrelevant,Irrelevant,Irrelevant,Irrelevant,Irrelevant,Irrelevant,Irrelevant,Irrelevant,Irrelevant,Irrelevant,Irrelevant,Irrelevant,Irrelevant,Irrelevant,Irrelevant,Irrelevant,Irrelevant,Irrelevant
ID0617,Irrelevant,Irrelevant,Irrelevant,Irrelevant,Irrelevant,Irrelevant,Irrelevant,Irrelevant,Irrelevant,Irrelevant,Irrelevant,Irrelevant,Irrelevant,Irrelevant,Irrelevant,Irrelevant,Irrelevant,Irrelevant,Irrelevant,Irrelevant,Irrelevant,Irrelevant,Irrelevant,Irrelevant,Irrelevant,Irrelevant,Irrelevant,Irrelevant,Irrelevant,Irrelevant
ID0618,Irrelevant,Irrelevant,Irrelevant,Irrelevant,Irrelevant,Irrelevant,Irrelevant,Irrelevant,Irrelevant,Irrelevant,Irrelevant,Irrelevant,Irrelevant,Irrelevant,Irrelevant,Irrelevant,Irrelevant,Irrelevant,Irrelevant,Irrelevant,Irrelevant,Irrelevant,Irrelevant,Irrelevant,Irrelevant,Irrelevant,Irrelevant,Irrelevant,Irrelevant,Irrelevant
ID0619,Low Relevance,Low Relevance,Low Relevance,Irrelevant,Low Relevance,Low Relevance,Irrelevant,Irrelevant,Irrelevant,Irrelevant,Irrelevant,Irrelevant,Irrelevant,Irrelevant,Irrelevant,Irrelevant,Irrelevant,Irrelevant,Irrelevant,Irrelevant,Irrelevant,Irrelevant,Irrelevant,Irrelevant,Irrelevant,Irrelevant,Irrelevant,Irrelevant,Irrelevant,Irrelevant
ID0621,Low Relevance,Low Relevance,Low Relevance,Low Relevance,Low Relevance,Low Relevance,Low Relevance,Irrelevant,Irrelevant,Irrelevant,Irrelevant,Irrelevant,Irrelevant,Irrelevant,Irrelevant,Irrelevant,Irrelevant,Irrelevant,Irrelevant,Irrelevant,Irrelevant,Irrelevant,Irrelevant,Irrelevant,Irrelevant,Irrelevant,Irrelevant,Irrelevant,Irrelevant,Irrelevant
ID0622,Irrelevant,Irrelevant,Irrelevant,Irrelevant,Irrelevant,Irrelevant,Irrelevant,Irrelevant,Irrelevant,Irrelevant,Irrelevant,Irrelevant,Irrelevant,Irrelevant,Irrelevant,Irrelevant,Irrelevant,Irrelevant,Irrelevant,Irrelevant,Irrelevant,Irrelevant,Irrelevant,Irrelevant,Irrelevant,Irrelevant,Irrelevant,Irrelevant,Irrelevant,Irrelevant
ID0623,Low Relevance,Low Relevance,Low Relevance,Low Relevance,Low Relevance,Low Relevance,Low Relevance,Low Relevance,Low Relevance,Low Relevance,Low Relevance,Irrelevant,Irrelevant,Irrelevant,Irrelevant,Irrelevant,Irrelevant,Irrelevant,Irrelevant,Irrelevant,Irrelevant,Irrelevant,Irrelevant,Irrelevant,Irrelevant,Irrelevant,Irrelevant,Irrelevant,Irrelevant,Irrelevant
ID0625,Irrelevant,Irrelevant,Irrelevant,Irrelevant,Irrelevant,Irrelevant,Irrelevant,Irrelevant,Irrelevant,Irrelevant,Irrelevant,Irrelevant,Irrelevant,Irrelevant,Irrelevant,Irrelevant,Irrelevant,Irrelevant,Irrelevant,Irrelevant,Irrelevant,Irrelevant,Irrelevant,Irrelevant,Irrelevant,Irrelevant,Irrelevant,Irrelevant,Irrelevant,Irrelevant
ID0626,High Relevance,Low Relevance,Low Relevance,Low Relevance,Low Relevance,Irrelevant,Irrelevant,Irrelevant,Irrelevant,Irrelevant,Irrelevant,Irrelevant,Irrelevant,Irrelevant,Irrelevant,Irrelevant,Irrelevant,Irrelevant,Irrelevant,Irrelevant,Irrelevant,Irrelevant,Irrelevant,Irrelevant,Irrelevant,Irrelevant,Irrelevant,Irrelevant,Irrelevant,Irrelevant
ID0627,Irrelevant,Irrelevant,Irrelevant,Irrelevant,Irrelevant,Irrelevant,Irrelevant,Irrelevant,Irrelevant,Irrelevant,Irrelevant,Irrelevant,Irrelevant,Irrelevant,Irrelevant,Irrelevant,Irrelevant,Irrelevant,Irrelevant,Irrelevant,Irrelevant,Irrelevant,Irrelevant,Irrelevant,Irrelevant,Irrelevant,Irrelevant,Irrelevant,Irrelevant,Irrelevant
ID0628,Low Relevance,Low Relevance,Low Relevance,Low Relevance,Low Relevance,Irrelevant,Irrelevant,Irrelevant,Irrelevant,Irrelevant,Irrelevant,Irrelevant,Irrelevant,Irrelevant,Irrelevant,Irrelevant,Irrelevant,Irrelevant,Irrelevant,Irrelevant,Irrelevant,Irrelevant,Irrelevant,Irrelevant,Irrelevant,Irrelevant,Irrelevant,Irrelevant,Irrelevant,Irrelevant
ID0629,Low Relevance,Low Relevance,Low Relevance,Low Relevance,Low Relevance,Low Relevance,Low Relevance,Low Relevance,Low Relevance,Low Relevance,Low Relevance,Low Relevance,Low Relevance,Irrelevant,Irrelevant,Irrelevant,Irrelevant,Irrelevant,Irrelevant,Irrelevant,Irrelevant,Irrelevant,Irrelevant,Irrelevant,Irrelevant,Irrelevant,Irrelevant,Irrelevant,Irrelevant,Irrelevant
ID0631,Low Relevance,Low Relevance,Low Relevance,Low Relevance,Low Relevance,Low Relevance,Low Relevance,Low Relevance,Low Relevance,Low Relevance,Low Relevance,Low Relevance,Low Relevance,Irrelevant,Irrelevant,Irrelevant,Irrelevant,Irrelevant,Irrelevant,Irrelevant,Irrelevant,Irrelevant,Irrelevant,Irrelevant,Irrelevant,Irrelevant,Irrelevant,Irrelevant,Irrelevant,Irrelevant
ID0633,Irrelevant,Irrelevant,Irrelevant,Irrelevant,Irrelevant,Irrelevant,Irrelevant,Irrelevant,Irrelevant,Irrelevant,Irrelevant,Irrelevant,Irrelevant,Irrelevant,Irrelevant,Irrelevant,Irrelevant,Irrelevant,Irrelevant,Irrelevant,Irrelevant,Irrelevant,Irrelevant,Irrelevant,Irrelevant,Irrelevant,Irrelevant,Irrelevant,Irrelevant,Irrelevant
ID0634,Irrelevant,Irrelevant,Irrelevant,Irrelevant,Irrelevant,Irrelevant,Irrelevant,Irrelevant,Irrelevant,Irrelevant,Irrelevant,Irrelevant,Irrelevant,Irrelevant,Irrelevant,Irrelevant,Irrelevant,Irrelevant,Irrelevant,Irrelevant,Irrelevant,Irrelevant,Irrelevant,Irrelevant,Irrelevant,Irrelevant,Irrelevant,Irrelevant,Irrelevant,Irrelevant
ID0635,High Relevance,Low Relevance,Low Relevance,Low Relevance,Low Relevance,Low Relevance,High Relevance,Low Relevance,High Relevance,Low Relevance,Low Relevance,Irrelevant,Irrelevant,Irrelevant,Irrelevant,Irrelevant,Irrelevant,Irrelevant,Irrelevant,Irrelevant,Irrelevant,Irrelevant,Irrelevant,Irrelevant,Irrelevant,Irrelevant,Irrelevant,Irrelevant,Irrelevant,Irrelevant
ID0636,Irrelevant,Irrelevant,Irrelevant,Irrelevant,Irrelevant,Irrelevant,Irrelevant,Irrelevant,Irrelevant,Irrelevant,Irrelevant,Irrelevant,Irrelevant,Irrelevant,Irrelevant,Irrelevant,Irrelevant,Irrelevant,Irrelevant,Irrelevant,Irrelevant,Irrelevant,Irrelevant,Irrelevant,Irrelevant,Irrelevant,Irrelevant,Irrelevant,Irrelevant,Irrelevant
ID0639,Irrelevant,Irrelevant,Irrelevant,Irrelevant,Irrelevant,Irrelevant,Irrelevant,Irrelevant,Irrelevant,Irrelevant,Irrelevant,Irrelevant,Irrelevant,Irrelevant,Irrelevant,Irrelevant,Irrelevant,Irrelevant,Irrelevant,Irrelevant,Irrelevant,Irrelevant,Irrelevant,Irrelevant,Irrelevant,Irrelevant,Irrelevant,Irrelevant,Irrelevant,Irrelevant
ID0641,Irrelevant,Irrelevant,Irrelevant,Irrelevant,Irrelevant,Irrelevant,Irrelevant,Irrelevant,Irrelevant,Irrelevant,Irrelevant,Irrelevant,Irrelevant,Irrelevant,Irrelevant,Irrelevant,Irrelevant,Irrelevant,Irrelevant,Irrelevant,Irrelevant,Irrelevant,Irrelevant,Irrelevant,Irrelevant,Irrelevant,Irrelevant,Irrelevant,Irrelevant,Irrelevant
ID0642,Low Relevance,Low Relevance,Low Relevance,Low Relevance,Low Relevance,Low Relevance,High Relevance,High Relevance,Low Relevance,Low Relevance,Low Relevance,Low Relevance,Low Relevance,Irrelevant,Irrelevant,Irrelevant,Irrelevant,Irrelevant,Irrelevant,Irrelevant,Irrelevant,Irrelevant,Irrelevant,Irrelevant,Irrelevant,Irrelevant,Irrelevant,Irrelevant,Irrelevant,Irrelevant
ID0643,Irrelevant,Irrelevant,Irrelevant,Irrelevant,Irrelevant,Irrelevant,Irrelevant,Irrelevant,Irrelevant,Irrelevant,Irrelevant,Irrelevant,Irrelevant,Irrelevant,Irrelevant,Irrelevant,Irrelevant,Irrelevant,Irrelevant,Irrelevant,Irrelevant,Irrelevant,Irrelevant,Irrelevant,Irrelevant,Irrelevant,Irrelevant,Irrelevant,Irrelevant,Irrelevant
ID0647,Irrelevant,Irrelevant,Irrelevant,Irrelevant,Irrelevant,Irrelevant,Irrelevant,Irrelevant,Irrelevant,Irrelevant,Irrelevant,Irrelevant,Irrelevant,Irrelevant,Irrelevant,Irrelevant,Irrelevant,Irrelevant,Irrelevant,Irrelevant,Irrelevant,Irrelevant,Irrelevant,Irrelevant,Irrelevant,Irrelevant,Irrelevant,Irrelevant,Irrelevant,Irrelevant
ID0648,Irrelevant,Irrelevant,Irrelevant,Irrelevant,Irrelevant,Irrelevant,Irrelevant,Irrelevant,Irrelevant,Irrelevant,Irrelevant,Irrelevant,Irrelevant,Irrelevant,Irrelevant,Irrelevant,Irrelevant,Irrelevant,Irrelevant,Irrelevant,Irrelevant,Irrelevant,Irrelevant,Irrelevant,Irrelevant,Irrelevant,Irrelevant,Irrelevant,Irrelevant,Irrelevant
ID0651,Low Relevance,Low Relevance,Low Relevance,Low Relevance,Low Relevance,Low Relevance,Irrelevant,Irrelevant,Irrelevant,Irrelevant,Irrelevant,Irrelevant,Irrelevant,Irrelevant,Irrelevant,Irrelevant,Irrelevant,Irrelevant,Irrelevant,Irrelevant,Irrelevant,Irrelevant,Irrelevant,Irrelevant,Irrelevant,Irrelevant,Irrelevant,Irrelevant,Irrelevant,Irrelevant
ID0652,Low Relevance,Irrelevant,Irrelevant,Irrelevant,Irrelevant,Irrelevant,Irrelevant,Irrelevant,Irrelevant,Irrelevant,Irrelevant,Irrelevant,Irrelevant,Irrelevant,Irrelevant,Irrelevant,Irrelevant,Irrelevant,Irrelevant,Irrelevant,Irrelevant,Irrelevant,Irrelevant,Irrelevant,Irrelevant,Irrelevant,Irrelevant,Irrelevant,Irrelevant,Irrelevant
ID0653,Low Relevance,Low Relevance,Low Relevance,Low Relevance,Low Relevance,Low Relevance,Irrelevant,Irrelevant,Irrelevant,Irrelevant,Irrelevant,Irrelevant,Irrelevant,Irrelevant,Irrelevant,Irrelevant,Irrelevant,Irrelevant,Irrelevant,Irrelevant,Irrelevant,Irrelevant,Irrelevant,Irrelevant,Irrelevant,Irrelevant,Irrelevant,Irrelevant,Irrelevant,Irrelevant
ID0654,Low Relevance,Low Relevance,Low Relevance,Low Relevance,Low Relevance,Low Relevance,Low Relevance,Low Relevance,Low Relevance,Low Relevance,Irrelevant,Irrelevant,Irrelevant,Irrelevant,Irrelevant,Irrelevant,Irrelevant,Irrelevant,Irrelevant,Irrelevant,Irrelevant,Irrelevant,Irrelevant,Irrelevant,Irrelevant,Irrelevant,Irrelevant,Irrelevant,Irrelevant,Irrelevant
ID0655,Low Relevance,Low Relevance,Low Relevance,Low Relevance,Irrelevant,Low Relevance,Low Relevance,High Relevance,Irrelevant,Irrelevant,Irrelevant,Irrelevant,Irrelevant,Irrelevant,Irrelevant,Irrelevant,Irrelevant,Irrelevant,Irrelevant,Irrelevant,Irrelevant,Irrelevant,Irrelevant,Irrelevant,Irrelevant,Irrelevant,Irrelevant,Irrelevant,Irrelevant,Irrelevant
ID0656,Low Relevance,Low Relevance,Low Relevance,Low Relevance,Low Relevance,Low Relevance,High Relevance,Low Relevance,Low Relevance,Low Relevance,Low Relevance,Low Relevance,Low Relevance,Irrelevant,Irrelevant,Irrelevant,Irrelevant,Irrelevant,Irrelevant,Irrelevant,Irrelevant,Irrelevant,Irrelevant,Irrelevant,Irrelevant,Irrelevant,Irrelevant,Irrelevant,Irrelevant,Irrelevant
ID0658,Low Relevance,Irrelevant,Irrelevant,Irrelevant,Irrelevant,Irrelevant,Irrelevant,Irrelevant,Irrelevant,Irrelevant,Irrelevant,Irrelevant,Irrelevant,Irrelevant,Irrelevant,Irrelevant,Irrelevant,Irrelevant,Irrelevant,Irrelevant,Irrelevant,Irrelevant,Irrelevant,Irrelevant,Irrelevant,Irrelevant,Irrelevant,Irrelevant,Irrelevant,Irrelevant
ID0659,Low Relevance,Low Relevance,Low Relevance,Low Relevance,Low Relevance,Low Relevance,High Relevance,Low Relevance,Low Relevance,Low Relevance,Low Relevance,Irrelevant,Irrelevant,Irrelevant,Irrelevant,Irrelevant,Irrelevant,Irrelevant,Irrelevant,Irrelevant,Irrelevant,Irrelevant,Irrelevant,Irrelevant,Irrelevant,Irrelevant,Irrelevant,Irrelevant,Irrelevant,Irrelevant
ID0660,Low Relevance,Irrelevant,Irrelevant,Irrelevant,Low Relevance,Irrelevant,Irrelevant,Irrelevant,Irrelevant,Irrelevant,Irrelevant,Irrelevant,Irrelevant,Irrelevant,Irrelevant,Irrelevant,Irrelevant,Irrelevant,Irrelevant,Irrelevant,Irrelevant,Irrelevant,Irrelevant,Irrelevant,Irrelevant,Irrelevant,Irrelevant,Irrelevant,Irrelevant,Irrelevant
ID0661,Irrelevant,Irrelevant,Irrelevant,Irrelevant,Irrelevant,Irrelevant,Irrelevant,Irrelevant,Irrelevant,Irrelevant,Irrelevant,Irrelevant,Irrelevant,Irrelevant,Irrelevant,Irrelevant,Irrelevant,Irrelevant,Irrelevant,Irrelevant,Irrelevant,Irrelevant,Irrelevant,Irrelevant,Irrelevant,Irrelevant,Irrelevant,Irrelevant,Irrelevant,Irrelevant
ID0662,Low Relevance,Low Relevance,Low Relevance,Low Relevance,Low Relevance,Low Relevance,Low Relevance,Low Relevance,Low Relevance,Low Relevance,Low Relevance,Low Relevance,Irrelevant,Irrelevant,Irrelevant,Irrelevant,Irrelevant,Irrelevant,Irrelevant,Irrelevant,Irrelevant,Irrelevant,Irrelevant,Irrelevant,Irrelevant,Irrelevant,Irrelevant,Irrelevant,Irrelevant,Irrelevant
ID0664,Low Relevance,Low Relevance,Low Relevance,Low Relevance,Low Relevance,Low Relevance,Low Relevance,Low Relevance,Low Relevance,Low Relevance,Irrelevant,Irrelevant,Irrelevant,Irrelevant,Irrelevant,Irrelevant,Irrelevant,Irrelevant,Irrelevant,Irrelevant,Irrelevant,Irrelevant,Irrelevant,Irrelevant,Irrelevant,Irrelevant,Irrelevant,Irrelevant,Irrelevant,Irrelevant
ID0665,High Relevance,Low Relevance,Low Relevance,Irrelevant,Irrelevant,Irrelevant,Irrelevant,Irrelevant,Irrelevant,Irrelevant,Irrelevant,Irrelevant,Irrelevant,Irrelevant,Irrelevant,Irrelevant,Irrelevant,Irrelevant,Irrelevant,Irrelevant,Irrelevant,Irrelevant,Irrelevant,Irrelevant,Irrelevant,Irrelevant,Irrelevant,Irrelevant,Irrelevant,Irrelevant
ID0668,Irrelevant,Irrelevant,Irrelevant,Irrelevant,Irrelevant,Irrelevant,Irrelevant,Irrelevant,Irrelevant,Irrelevant,Irrelevant,Irrelevant,Irrelevant,Irrelevant,Irrelevant,Irrelevant,Irrelevant,Irrelevant,Irrelevant,Irrelevant,Irrelevant,Irrelevant,Irrelevant,Irrelevant,Irrelevant,Irrelevant,Irrelevant,Irrelevant,Irrelevant,Irrelevant
ID0669,Irrelevant,Irrelevant,Irrelevant,Irrelevant,Irrelevant,Irrelevant,Irrelevant,Irrelevant,Irrelevant,Irrelevant,Irrelevant,Irrelevant,Irrelevant,Irrelevant,Irrelevant,Irrelevant,Irrelevant,Irrelevant,Irrelevant,Irrelevant,Irrelevant,Irrelevant,Irrelevant,Irrelevant,Irrelevant,Irrelevant,Irrelevant,Irrelevant,Irrelevant,Irrelevant
ID0670,Irrelevant,Irrelevant,Irrelevant,Irrelevant,Irrelevant,Irrelevant,Irrelevant,Irrelevant,Irrelevant,Irrelevant,Irrelevant,Irrelevant,Irrelevant,Irrelevant,Irrelevant,Irrelevant,Irrelevant,Irrelevant,Irrelevant,Irrelevant,Irrelevant,Irrelevant,Irrelevant,Irrelevant,Irrelevant,Irrelevant,Irrelevant,Irrelevant,Irrelevant,Irrelevant
ID0671,Irrelevant,Irrelevant,Irrelevant,Irrelevant,Irrelevant,Irrelevant,Irrelevant,Irrelevant,Irrelevant,Irrelevant,Irrelevant,Irrelevant,Irrelevant,Irrelevant,Irrelevant,Irrelevant,Irrelevant,Irrelevant,Irrelevant,Irrelevant,Irrelevant,Irrelevant,Irrelevant,Irrelevant,Irrelevant,Irrelevant,Irrelevant,Irrelevant,Irrelevant,Irrelevant
ID0672,Irrelevant,Irrelevant,Irrelevant,Irrelevant,Irrelevant,Irrelevant,Irrelevant,Irrelevant,Irrelevant,Irrelevant,Irrelevant,Irrelevant,Irrelevant,Irrelevant,Irrelevant,Irrelevant,Irrelevant,Irrelevant,Irrelevant,Irrelevant,Irrelevant,Irrelevant,Irrelevant,Irrelevant,Irrelevant,Irrelevant,Irrelevant,Irrelevant,Irrelevant,Irrelevant
ID0673,Irrelevant,Irrelevant,Irrelevant,Irrelevant,Irrelevant,Irrelevant,Irrelevant,Irrelevant,Irrelevant,Irrelevant,Irrelevant,Irrelevant,Irrelevant,Irrelevant,Irrelevant,Irrelevant,Irrelevant,Irrelevant,Irrelevant,Irrelevant,Irrelevant,Irrelevant,Irrelevant,Irrelevant,Irrelevant,Irrelevant,Irrelevant,Irrelevant,Irrelevant,Irrelevant
ID0675,Low Relevance,Low Relevance,Low Relevance,Low Relevance,Low Relevance,Low Relevance,Low Relevance,Low Relevance,Low Relevance,Irrelevant,Irrelevant,Irrelevant,Irrelevant,Irrelevant,Irrelevant,Irrelevant,Irrelevant,Irrelevant,Irrelevant,Irrelevant,Irrelevant,Irrelevant,Irrelevant,Irrelevant,Irrelevant,Irrelevant,Irrelevant,Irrelevant,Irrelevant,Irrelevant
ID0676,Irrelevant,Irrelevant,Irrelevant,Irrelevant,Irrelevant,Irrelevant,Irrelevant,Irrelevant,Irrelevant,Irrelevant,Irrelevant,Irrelevant,Irrelevant,Irrelevant,Irrelevant,Irrelevant,Irrelevant,Irrelevant,Irrelevant,Irrelevant,Irrelevant,Irrelevant,Irrelevant,Irrelevant,Irrelevant,Irrelevant,Irrelevant,Irrelevant,Irrelevant,Irrelevant
ID0679,Irrelevant,Irrelevant,Irrelevant,Irrelevant,Irrelevant,Irrelevant,Irrelevant,Irrelevant,Irrelevant,Irrelevant,Irrelevant,Irrelevant,Irrelevant,Irrelevant,Irrelevant,Irrelevant,Irrelevant,Irrelevant,Irrelevant,Irrelevant,Irrelevant,Irrelevant,Irrelevant,Irrelevant,Irrelevant,Irrelevant,Irrelevant,Irrelevant,Irrelevant,Irrelevant
ID0680,Irrelevant,Irrelevant,Irrelevant,Irrelevant,Irrelevant,Irrelevant,Irrelevant,Irrelevant,Irrelevant,Irrelevant,Irrelevant,Irrelevant,Irrelevant,Irrelevant,Irrelevant,Irrelevant,Irrelevant,Irrelevant,Irrelevant,Irrelevant,Irrelevant,Irrelevant,Irrelevant,Irrelevant,Irrelevant,Irrelevant,Irrelevant,Irrelevant,Irrelevant,Irrelevant
ID0682,Low Relevance,Irrelevant,Irrelevant,Irrelevant,Irrelevant,Irrelevant,Irrelevant,Irrelevant,Irrelevant,Irrelevant,Irrelevant,Irrelevant,Irrelevant,Irrelevant,Irrelevant,Irrelevant,Irrelevant,Irrelevant,Irrelevant,Irrelevant,Irrelevant,Irrelevant,Irrelevant,Irrelevant,Irrelevant,Irrelevant,Irrelevant,Irrelevant,Irrelevant,Irrelevant
ID0683,Irrelevant,Irrelevant,Irrelevant,Irrelevant,Irrelevant,Irrelevant,Irrelevant,Irrelevant,Irrelevant,Irrelevant,Irrelevant,Irrelevant,Irrelevant,Irrelevant,Irrelevant,Irrelevant,Irrelevant,Irrelevant,Irrelevant,Irrelevant,Irrelevant,Irrelevant,Irrelevant,Irrelevant,Irrelevant,Irrelevant,Irrelevant,Irrelevant,Irrelevant,Irrelevant
ID0684,Low Relevance,Irrelevant,Irrelevant,Irrelevant,Irrelevant,Irrelevant,Irrelevant,Irrelevant,Irrelevant,Irrelevant,Irrelevant,Irrelevant,Irrelevant,Irrelevant,Irrelevant,Irrelevant,Irrelevant,Irrelevant,Irrelevant,Irrelevant,Irrelevant,Irrelevant,Irrelevant,Irrelevant,Irrelevant,Irrelevant,Irrelevant,Irrelevant,Irrelevant,Irrelevant
ID0691,Irrelevant,Irrelevant,Irrelevant,Irrelevant,Irrelevant,Irrelevant,Irrelevant,Irrelevant,Irrelevant,Irrelevant,Irrelevant,Irrelevant,Irrelevant,Irrelevant,Irrelevant,Irrelevant,Irrelevant,Irrelevant,Irrelevant,Irrelevant,Irrelevant,Irrelevant,Irrelevant,Irrelevant,Irrelevant,Irrelevant,Irrelevant,Irrelevant,Irrelevant,Irrelevant
ID0692,Low Relevance,Low Relevance,Low Relevance,Low Relevance,Low Relevance,Low Relevance,Low Relevance,Low Relevance,Low Relevance,Irrelevant,Irrelevant,Irrelevant,Irrelevant,Irrelevant,Irrelevant,Irrelevant,Irrelevant,Irrelevant,Irrelevant,Irrelevant,Irrelevant,Irrelevant,Irrelevant,Irrelevant,Irrelevant,Irrelevant,Irrelevant,Irrelevant,Irrelevant,Irrelevant
ID0693,Low Relevance,Low Relevance,Low Relevance,Low Relevance,High Relevance,Low Relevance,Low Relevance,Low Relevance,Low Relevance,Low Relevance,Irrelevant,Irrelevant,Irrelevant,Irrelevant,Irrelevant,Irrelevant,Irrelevant,Irrelevant,Irrelevant,Irrelevant,Irrelevant,Irrelevant,Irrelevant,Irrelevant,Irrelevant,Irrelevant,Irrelevant,Irrelevant,Irrelevant,Irrelevant
ID0695,High Relevance,Low Relevance,Low Relevance,Irrelevant,Irrelevant,Irrelevant,Irrelevant,Irrelevant,Irrelevant,Irrelevant,Irrelevant,Irrelevant,Irrelevant,Irrelevant,Irrelevant,Irrelevant,Irrelevant,Irrelevant,Irrelevant,Irrelevant,Irrelevant,Irrelevant,Irrelevant,Irrelevant,Irrelevant,Irrelevant,Irrelevant,Irrelevant,Irrelevant,Irrelevant
ID0696,Irrelevant,Irrelevant,Irrelevant,Irrelevant,Irrelevant,Irrelevant,Irrelevant,Irrelevant,Irrelevant,Irrelevant,Irrelevant,Irrelevant,Irrelevant,Irrelevant,Irrelevant,Irrelevant,Irrelevant,Irrelevant,Irrelevant,Irrelevant,Irrelevant,Irrelevant,Irrelevant,Irrelevant,Irrelevant,Irrelevant,Irrelevant,Irrelevant,Irrelevant,Irrelevant
ID0697,Low Relevance,High Relevance,Irrelevant,Irrelevant,Low Relevance,Irrelevant,Irrelevant,Irrelevant,Irrelevant,Irrelevant,Irrelevant,Irrelevant,Irrelevant,Irrelevant,Irrelevant,Irrelevant,Irrelevant,Irrelevant,Irrelevant,Irrelevant,Irrelevant,Irrelevant,Irrelevant,Irrelevant,Irrelevant,Irrelevant,Irrelevant,Irrelevant,Irrelevant,Irrelevant
ID0698,Irrelevant,Irrelevant,Irrelevant,Irrelevant,Irrelevant,Irrelevant,Irrelevant,Irrelevant,Irrelevant,Irrelevant,Irrelevant,Irrelevant,Irrelevant,Irrelevant,Irrelevant,Irrelevant,Irrelevant,Irrelevant,Irrelevant,Irrelevant,Irrelevant,Irrelevant,Irrelevant,Irrelevant,Irrelevant,Irrelevant,Irrelevant,Irrelevant,Irrelevant,Irrelevant
ID0699,Low Relevance,Low Relevance,Low Relevance,Low Relevance,Low Relevance,Low Relevance,Low Relevance,Low Relevance,Low Relevance,Low Relevance,Low Relevance,Low Relevance,Low Relevance,Irrelevant,Irrelevant,Irrelevant,Irrelevant,Irrelevant,Irrelevant,Irrelevant,Irrelevant,Irrelevant,Irrelevant,Irrelevant,Irrelevant,Irrelevant,Irrelevant,Irrelevant,Irrelevant,Irrelevant
ID0700,Irrelevant,Irrelevant,Irrelevant,Irrelevant,Irrelevant,Irrelevant,Irrelevant,Irrelevant,Irrelevant,Irrelevant,Irrelevant,Irrelevant,Irrelevant,Irrelevant,Irrelevant,Irrelevant,Irrelevant,Irrelevant,Irrelevant,Irrelevant,Irrelevant,Irrelevant,Irrelevant,Irrelevant,Irrelevant,Irrelevant,Irrelevant,Irrelevant,Irrelevant,Irrelevant
ID0701,Irrelevant,Irrelevant,Irrelevant,Irrelevant,Irrelevant,Irrelevant,Irrelevant,Irrelevant,Irrelevant,Irrelevant,Irrelevant,Irrelevant,Irrelevant,Irrelevant,Irrelevant,Irrelevant,Irrelevant,Irrelevant,Irrelevant,Irrelevant,Irrelevant,Irrelevant,Irrelevant,Irrelevant,Irrelevant,Irrelevant,Irrelevant,Irrelevant,Irrelevant,Irrelevant
ID0702,High Relevance,Irrelevant,Irrelevant,Irrelevant,Irrelevant,Irrelevant,Irrelevant,Irrelevant,Irrelevant,Irrelevant,Irrelevant,Irrelevant,Irrelevant,Irrelevant,Irrelevant,Irrelevant,Irrelevant,Irrelevant,Irrelevant,Irrelevant,Irrelevant,Irrelevant,Irrelevant,Irrelevant,Irrelevant,Irrelevant,Irrelevant,Irrelevant,Irrelevant,Irrelevant
ID0703,Irrelevant,Irrelevant,Irrelevant,Irrelevant,Irrelevant,Irrelevant,Irrelevant,Irrelevant,Irrelevant,Irrelevant,Irrelevant,Irrelevant,Irrelevant,Irrelevant,Irrelevant,Irrelevant,Irrelevant,Irrelevant,Irrelevant,Irrelevant,Irrelevant,Irrelevant,Irrelevant,Irrelevant,Irrelevant,Irrelevant,Irrelevant,Irrelevant,Irrelevant,Irrelevant
ID0708,Low Relevance,Irrelevant,Low Relevance,Irrelevant,Irrelevant,Irrelevant,Irrelevant,Irrelevant,Irrelevant,Irrelevant,Irrelevant,Irrelevant,Irrelevant,Irrelevant,Irrelevant,Irrelevant,Irrelevant,Irrelevant,Irrelevant,Irrelevant,Irrelevant,Irrelevant,Irrelevant,Irrelevant,Irrelevant,Irrelevant,Irrelevant,Irrelevant,Irrelevant,Irrelevant
ID0709,Low Relevance,Low Relevance,Low Relevance,Low Relevance,Low Relevance,Low Relevance,Low Relevance,Low Relevance,Low Relevance,Low Relevance,Low Relevance,Low Relevance,Low Relevance,Irrelevant,Irrelevant,Irrelevant,Irrelevant,Irrelevant,Irrelevant,Irrelevant,Irrelevant,Irrelevant,Irrelevant,Irrelevant,Irrelevant,Irrelevant,Irrelevant,Irrelevant,Irrelevant,Irrelevant
ID0710,Low Relevance,Low Relevance,Low Relevance,Low Relevance,Low Relevance,Low Relevance,Low Relevance,Low Relevance,Low Relevance,Irrelevant,Irrelevant,Irrelevant,Irrelevant,Irrelevant,Irrelevant,Irrelevant,Irrelevant,Irrelevant,Irrelevant,Irrelevant,Irrelevant,Irrelevant,Irrelevant,Irrelevant,Irrelevant,Irrelevant,Irrelevant,Irrelevant,Irrelevant,Irrelevant
ID0711,Low Relevance,Low Relevance,Low Relevance,Low Relevance,Low Relevance,Low Relevance,Low Relevance,Low Relevance,Low Relevance,Irrelevant,Irrelevant,Irrelevant,Irrelevant,Irrelevant,Irrelevant,Irrelevant,Irrelevant,Irrelevant,Irrelevant,Irrelevant,Irrelevant,Irrelevant,Irrelevant,Irrelevant,Irrelevant,Irrelevant,Irrelevant,Irrelevant,Irrelevant,Irrelevant
ID0712,Irrelevant,Irrelevant,Irrelevant,Irrelevant,Irrelevant,Irrelevant,Irrelevant,Irrelevant,Irrelevant,Irrelevant,Irrelevant,Irrelevant,Irrelevant,Irrelevant,Irrelevant,Irrelevant,Irrelevant,Irrelevant,Irrelevant,Irrelevant,Irrelevant,Irrelevant,Irrelevant,Irrelevant,Irrelevant,Irrelevant,Irrelevant,Irrelevant,Irrelevant,Irrelevant
ID0713,Low Relevance,Low Relevance,Low Relevance,Low Relevance,Low Relevance,Low Relevance,Low Relevance,Irrelevant,Irrelevant,Irrelevant,Irrelevant,Irrelevant,Irrelevant,Irrelevant,Irrelevant,Irrelevant,Irrelevant,Irrelevant,Irrelevant,Irrelevant,Irrelevant,Irrelevant,Irrelevant,Irrelevant,Irrelevant,Irrelevant,Irrelevant,Irrelevant,Irrelevant,Irrelevant
ID0715,Low Relevance,Low Relevance,Low Relevance,Low Relevance,Low Relevance,Low Relevance,Low Relevance,Irrelevant,Irrelevant,Irrelevant,Irrelevant,Irrelevant,Irrelevant,Irrelevant,Irrelevant,Irrelevant,Irrelevant,Irrelevant,Irrelevant,Irrelevant,Irrelevant,Irrelevant,Irrelevant,Irrelevant,Irrelevant,Irrelevant,Irrelevant,Irrelevant,Irrelevant,Irrelevant
ID0716,Low Relevance,Low Relevance,Low Relevance,Low Relevance,Low Relevance,Low Relevance,High Relevance,Low Relevance,Low Relevance,Irrelevant,Irrelevant,Irrelevant,Irrelevant,Irrelevant,Irrelevant,Irrelevant,Irrelevant,Irrelevant,Irrelevant,Irrelevant,Irrelevant,Irrelevant,Irrelevant,Irrelevant,Irrelevant,Irrelevant,Irrelevant,Irrelevant,Irrelevant,Irrelevant
ID0717,Irrelevant,Irrelevant,Irrelevant,Irrelevant,Irrelevant,Irrelevant,Irrelevant,Irrelevant,Irrelevant,Irrelevant,Irrelevant,Irrelevant,Irrelevant,Irrelevant,Irrelevant,Irrelevant,Irrelevant,Irrelevant,Irrelevant,Irrelevant,Irrelevant,Irrelevant,Irrelevant,Irrelevant,Irrelevant,Irrelevant,Irrelevant,Irrelevant,Irrelevant,Irrelevant
ID0718,Irrelevant,Irrelevant,Irrelevant,Irrelevant,Irrelevant,Irrelevant,Irrelevant,Irrelevant,Irrelevant,Irrelevant,Irrelevant,Irrelevant,Irrelevant,Irrelevant,Irrelevant,Irrelevant,Irrelevant,Irrelevant,Irrelevant,Irrelevant,Irrelevant,Irrelevant,Irrelevant,Irrelevant,Irrelevant,Irrelevant,Irrelevant,Irrelevant,Irrelevant,Irrelevant
ID0719,Low Relevance,Low Relevance,Low Relevance,Low Relevance,Low Relevance,Low Relevance,Low Relevance,Low Relevance,Low Relevance,Low Relevance,Low Relevance,Irrelevant,Irrelevant,Irrelevant,Irrelevant,Irrelevant,Irrelevant,Irrelevant,Irrelevant,Irrelevant,Irrelevant,Irrelevant,Irrelevant,Irrelevant,Irrelevant,Irrelevant,Irrelevant,Irrelevant,Irrelevant,Irrelevant
ID0721,Irrelevant,Irrelevant,Irrelevant,Irrelevant,Irrelevant,Irrelevant,Irrelevant,Irrelevant,Irrelevant,Irrelevant,Irrelevant,Irrelevant,Irrelevant,Irrelevant,Irrelevant,Irrelevant,Irrelevant,Irrelevant,Irrelevant,Irrelevant,Irrelevant,Irrelevant,Irrelevant,Irrelevant,Irrelevant,Irrelevant,Irrelevant,Irrelevant,Irrelevant,Irrelevant
ID0723,High Relevance,Low Relevance,High Relevance,Low Relevance,Low Relevance,Low Relevance,Low Relevance,Low Relevance,Low Relevance,Low Relevance,Low Relevance,Low Relevance,Low Relevance,Irrelevant,Irrelevant,Irrelevant,Irrelevant,Irrelevant,Irrelevant,Irrelevant,Irrelevant,Irrelevant,Irrelevant,Irrelevant,Irrelevant,Irrelevant,Irrelevant,Irrelevant,Irrelevant,Irrelevant
ID0726,Low Relevance,Irrelevant,Irrelevant,Irrelevant,Irrelevant,Irrelevant,Irrelevant,Irrelevant,Irrelevant,Irrelevant,Irrelevant,Irrelevant,Irrelevant,Irrelevant,Irrelevant,Irrelevant,Irrelevant,Irrelevant,Irrelevant,Irrelevant,Irrelevant,Irrelevant,Irrelevant,Irrelevant,Irrelevant,Irrelevant,Irrelevant,Irrelevant,Irrelevant,Irrelevant
ID0728,Irrelevant,Irrelevant,Irrelevant,Irrelevant,Irrelevant,Irrelevant,Irrelevant,Irrelevant,Irrelevant,Irrelevant,Irrelevant,Irrelevant,Irrelevant,Irrelevant,Irrelevant,Irrelevant,Irrelevant,Irrelevant,Irrelevant,Irrelevant,Irrelevant,Irrelevant,Irrelevant,Irrelevant,Irrelevant,Irrelevant,Irrelevant,Irrelevant,Irrelevant,Irrelevant
ID0731,Irrelevant,Irrelevant,Irrelevant,Irrelevant,Irrelevant,Irrelevant,Irrelevant,Irrelevant,Irrelevant,Irrelevant,Irrelevant,Irrelevant,Irrelevant,Irrelevant,Irrelevant,Irrelevant,Irrelevant,Irrelevant,Irrelevant,Irrelevant,Irrelevant,Irrelevant,Irrelevant,Irrelevant,Irrelevant,Irrelevant,Irrelevant,Irrelevant,Irrelevant,Irrelevant
ID0732,Irrelevant,Irrelevant,Irrelevant,Irrelevant,Irrelevant,Irrelevant,Irrelevant,Irrelevant,Irrelevant,Irrelevant,Irrelevant,Irrelevant,Irrelevant,Irrelevant,Irrelevant,Irrelevant,Irrelevant,Irrelevant,Irrelevant,Irrelevant,Irrelevant,Irrelevant,Irrelevant,Irrelevant,Irrelevant,Irrelevant,Irrelevant,Irrelevant,Irrelevant,Irrelevant
ID0733,Irrelevant,Irrelevant,Irrelevant,Irrelevant,Irrelevant,Irrelevant,Irrelevant,Irrelevant,Irrelevant,Irrelevant,Irrelevant,Irrelevant,Irrelevant,Irrelevant,Irrelevant,Irrelevant,Irrelevant,Irrelevant,Irrelevant,Irrelevant,Irrelevant,Irrelevant,Irrelevant,Irrelevant,Irrelevant,Irrelevant,Irrelevant,Irrelevant,Irrelevant,Irrelevant
ID0734,Low Relevance,Low Relevance,Low Relevance,Low Relevance,Low Relevance,Low Relevance,Low Relevance,Low Relevance,Low Relevance,Low Relevance,Low Relevance,Low Relevance,Low Relevance,Irrelevant,Irrelevant,Irrelevant,Irrelevant,Irrelevant,Irrelevant,Irrelevant,Irrelevant,Irrelevant,Irrelevant,Irrelevant,Irrelevant,Irrelevant,Irrelevant,Irrelevant,Irrelevant,Irrelevant
ID0735,Irrelevant,Irrelevant,Irrelevant,Irrelevant,Irrelevant,Irrelevant,Irrelevant,Irrelevant,Irrelevant,Irrelevant,Irrelevant,Irrelevant,Irrelevant,Irrelevant,Irrelevant,Irrelevant,Irrelevant,Irrelevant,Irrelevant,Irrelevant,Irrelevant,Irrelevant,Irrelevant,Irrelevant,Irrelevant,Irrelevant,Irrelevant,Irrelevant,Irrelevant,Irrelevant
ID0737,High Relevance,Low Relevance,Low Relevance,Low Relevance,High Relevance,High Relevance,High Relevance,Irrelevant,Irrelevant,Irrelevant,Irrelevant,Irrelevant,Irrelevant,Irrelevant,Irrelevant,Irrelevant,Irrelevant,Irrelevant,Irrelevant,Irrelevant,Irrelevant,Irrelevant,Irrelevant,Irrelevant,Irrelevant,Irrelevant,Irrelevant,Irrelevant,Irrelevant,Irrelevant
ID0739,Irrelevant,Irrelevant,Irrelevant,Irrelevant,Irrelevant,Irrelevant,Irrelevant,Irrelevant,Irrelevant,Irrelevant,Irrelevant,Irrelevant,Irrelevant,Irrelevant,Irrelevant,Irrelevant,Irrelevant,Irrelevant,Irrelevant,Irrelevant,Irrelevant,Irrelevant,Irrelevant,Irrelevant,Irrelevant,Irrelevant,Irrelevant,Irrelevant,Irrelevant,Irrelevant
ID0740,Irrelevant,Irrelevant,Irrelevant,Irrelevant,Irrelevant,Irrelevant,Irrelevant,Irrelevant,Irrelevant,Irrelevant,Irrelevant,Irrelevant,Irrelevant,Irrelevant,Irrelevant,Irrelevant,Irrelevant,Irrelevant,Irrelevant,Irrelevant,Irrelevant,Irrelevant,Irrelevant,Irrelevant,Irrelevant,Irrelevant,Irrelevant,Irrelevant,Irrelevant,Irrelevant
ID0743,Low Relevance,Low Relevance,Low Relevance,Low Relevance,Low Relevance,Low Relevance,Low Relevance,Low Relevance,Low Relevance,Low Relevance,Low Relevance,Low Relevance,Irrelevant,Irrelevant,Irrelevant,Irrelevant,Irrelevant,Irrelevant,Irrelevant,Irrelevant,Irrelevant,Irrelevant,Irrelevant,Irrelevant,Irrelevant,Irrelevant,Irrelevant,Irrelevant,Irrelevant,Irrelevant
ID0744,Irrelevant,Irrelevant,Irrelevant,Irrelevant,Irrelevant,Irrelevant,Irrelevant,Irrelevant,Irrelevant,Irrelevant,Irrelevant,Irrelevant,Irrelevant,Irrelevant,Irrelevant,Irrelevant,Irrelevant,Irrelevant,Irrelevant,Irrelevant,Irrelevant,Irrelevant,Irrelevant,Irrelevant,Irrelevant,Irrelevant,Irrelevant,Irrelevant,Irrelevant,Irrelevant
ID0745,Irrelevant,Irrelevant,Irrelevant,Irrelevant,Irrelevant,Irrelevant,Irrelevant,Irrelevant,Irrelevant,Irrelevant,Irrelevant,Irrelevant,Irrelevant,Irrelevant,Irrelevant,Irrelevant,Irrelevant,Irrelevant,Irrelevant,Irrelevant,Irrelevant,Irrelevant,Irrelevant,Irrelevant,Irrelevant,Irrelevant,Irrelevant,Irrelevant,Irrelevant,Irrelevant
ID0746,Low Relevance,Low Relevance,Low Relevance,Low Relevance,Low Relevance,Low Relevance,Low Relevance,Low Relevance,Low Relevance,Low Relevance,Low Relevance,Low Relevance,Low Relevance,Irrelevant,Irrelevant,Irrelevant,Irrelevant,Irrelevant,Irrelevant,Irrelevant,Irrelevant,Irrelevant,Irrelevant,Irrelevant,Irrelevant,Irrelevant,Irrelevant,Irrelevant,Irrelevant,Irrelevant
ID0747,Low Relevance,Low Relevance,Low Relevance,Low Relevance,Low Relevance,Low Relevance,Low Relevance,Low Relevance,Low Relevance,Low Relevance,Low Relevance,Low Relevance,Low Relevance,Irrelevant,Irrelevant,Irrelevant,Irrelevant,Irrelevant,Irrelevant,Irrelevant,Irrelevant,Irrelevant,Irrelevant,Irrelevant,Irrelevant,Irrelevant,Irrelevant,Irrelevant,Irrelevant,Irrelevant
ID0752,Irrelevant,Low Relevance,Irrelevant,Irrelevant,Irrelevant,Irrelevant,Irrelevant,Irrelevant,Irrelevant,Irrelevant,Irrelevant,Irrelevant,Irrelevant,Irrelevant,Irrelevant,Irrelevant,Irrelevant,Irrelevant,Irrelevant,Irrelevant,Irrelevant,Irrelevant,Irrelevant,Irrelevant,Irrelevant,Irrelevant,Irrelevant,Irrelevant,Irrelevant,Irrelevant
ID0753,Irrelevant,Irrelevant,Irrelevant,Irrelevant,Irrelevant,Irrelevant,Irrelevant,Irrelevant,Irrelevant,Irrelevant,Irrelevant,Irrelevant,Irrelevant,Irrelevant,Irrelevant,Irrelevant,Irrelevant,Irrelevant,Irrelevant,Irrelevant,Irrelevant,Irrelevant,Irrelevant,Irrelevant,Irrelevant,Irrelevant,Irrelevant,Irrelevant,Irrelevant,Irrelevant
ID0754,Irrelevant,Irrelevant,Irrelevant,Irrelevant,Irrelevant,Irrelevant,Irrelevant,Irrelevant,Irrelevant,Irrelevant,Irrelevant,Irrelevant,Irrelevant,Irrelevant,Irrelevant,Irrelevant,Irrelevant,Irrelevant,Irrelevant,Irrelevant,Irrelevant,Irrelevant,Irrelevant,Irrelevant,Irrelevant,Irrelevant,Irrelevant,Irrelevant,Irrelevant,Irrelevant
ID0756,Irrelevant,Irrelevant,Irrelevant,Irrelevant,Irrelevant,Irrelevant,Irrelevant,Irrelevant,Irrelevant,Irrelevant,Irrelevant,Irrelevant,Irrelevant,Irrelevant,Irrelevant,Irrelevant,Irrelevant,Irrelevant,Irrelevant,Irrelevant,Irrelevant,Irrelevant,Irrelevant,Irrelevant,Irrelevant,Irrelevant,Irrelevant,Irrelevant,Irrelevant,Irrelevant
ID0757,Low Relevance,Low Relevance,Low Relevance,Low Relevance,Low Relevance,Low Relevance,Low Relevance,Low Relevance,Irrelevant,Irrelevant,Irrelevant,Irrelevant,Irrelevant,Irrelevant,Irrelevant,Irrelevant,Irrelevant,Irrelevant,Irrelevant,Irrelevant,Irrelevant,Irrelevant,Irrelevant,Irrelevant,Irrelevant,Irrelevant,Irrelevant,Irrelevant,Irrelevant,Irrelevant
ID0758,Irrelevant,Irrelevant,Irrelevant,Irrelevant,Irrelevant,Irrelevant,Irrelevant,Irrelevant,Irrelevant,Irrelevant,Irrelevant,Irrelevant,Irrelevant,Irrelevant,Irrelevant,Irrelevant,Irrelevant,Irrelevant,Irrelevant,Irrelevant,Irrelevant,Irrelevant,Irrelevant,Irrelevant,Irrelevant,Irrelevant,Irrelevant,Irrelevant,Irrelevant,Irrelevant
ID0759,Low Relevance,Low Relevance,Low Relevance,Low Relevance,Low Relevance,Low Relevance,Low Relevance,Low Relevance,Low Relevance,Low Relevance,Low Relevance,Low Relevance,Irrelevant,Irrelevant,Irrelevant,Irrelevant,Irrelevant,Irrelevant,Irrelevant,Irrelevant,Irrelevant,Irrelevant,Irrelevant,Irrelevant,Irrelevant,Irrelevant,Irrelevant,Irrelevant,Irrelevant,Irrelevant
ID0761,Low Relevance,Low Relevance,Low Relevance,Low Relevance,High Relevance,Low Relevance,Irrelevant,Irrelevant,Irrelevant,Irrelevant,Irrelevant,Irrelevant,Irrelevant,Irrelevant,Irrelevant,Irrelevant,Irrelevant,Irrelevant,Irrelevant,Irrelevant,Irrelevant,Irrelevant,Irrelevant,Irrelevant,Irrelevant,Irrelevant,Irrelevant,Irrelevant,Irrelevant,Irrelevant
ID0762,Low Relevance,Low Relevance,Low Relevance,Low Relevance,Low Relevance,Low Relevance,Low Relevance,Low Relevance,Low Relevance,Irrelevant,Irrelevant,Irrelevant,Irrelevant,Irrelevant,Irrelevant,Irrelevant,Irrelevant,Irrelevant,Irrelevant,Irrelevant,Irrelevant,Irrelevant,Irrelevant,Irrelevant,Irrelevant,Irrelevant,Irrelevant,Irrelevant,Irrelevant,Irrelevant
ID0764,Irrelevant,Irrelevant,Irrelevant,Irrelevant,Irrelevant,Irrelevant,Irrelevant,Irrelevant,Irrelevant,Irrelevant,Irrelevant,Irrelevant,Irrelevant,Irrelevant,Irrelevant,Irrelevant,Irrelevant,Irrelevant,Irrelevant,Irrelevant,Irrelevant,Irrelevant,Irrelevant,Irrelevant,Irrelevant,Irrelevant,Irrelevant,Irrelevant,Irrelevant,Irrelevant
ID0765,Irrelevant,Irrelevant,Irrelevant,Irrelevant,Irrelevant,Irrelevant,Irrelevant,Irrelevant,Irrelevant,Irrelevant,Irrelevant,Irrelevant,Irrelevant,Irrelevant,Irrelevant,Irrelevant,Irrelevant,Irrelevant,Irrelevant,Irrelevant,Irrelevant,Irrelevant,Irrelevant,Irrelevant,Irrelevant,Irrelevant,Irrelevant,Irrelevant,Irrelevant,Irrelevant
ID0766,Irrelevant,Irrelevant,Irrelevant,Irrelevant,Irrelevant,Irrelevant,Irrelevant,Irrelevant,Irrelevant,Irrelevant,Irrelevant,Irrelevant,Irrelevant,Irrelevant,Irrelevant,Irrelevant,Irrelevant,Irrelevant,Irrelevant,Irrelevant,Irrelevant,Irrelevant,Irrelevant,Irrelevant,Irrelevant,Irrelevant,Irrelevant,Irrelevant,Irrelevant,Irrelevant
ID0769,Low Relevance,Low Relevance,Low Relevance,Low Relevance,Low Relevance,Low Relevance,Low Relevance,Low Relevance,Low Relevance,Irrelevant,Irrelevant,Irrelevant,Irrelevant,Irrelevant,Irrelevant,Irrelevant,Irrelevant,Irrelevant,Irrelevant,Irrelevant,Irrelevant,Irrelevant,Irrelevant,Irrelevant,Irrelevant,Irrelevant,Irrelevant,Irrelevant,Irrelevant,Irrelevant
ID0770,Irrelevant,Irrelevant,Irrelevant,Irrelevant,Irrelevant,Irrelevant,Irrelevant,Irrelevant,Irrelevant,Irrelevant,Irrelevant,Irrelevant,Irrelevant,Irrelevant,Irrelevant,Irrelevant,Irrelevant,Irrelevant,Irrelevant,Irrelevant,Irrelevant,Irrelevant,Irrelevant,Irrelevant,Irrelevant,Irrelevant,Irrelevant,Irrelevant,Irrelevant,Irrelevant
ID0773,Irrelevant,Irrelevant,Irrelevant,Irrelevant,Irrelevant,Irrelevant,Irrelevant,Irrelevant,Irrelevant,Irrelevant,Irrelevant,Irrelevant,Irrelevant,Irrelevant,Irrelevant,Irrelevant,Irrelevant,Irrelevant,Irrelevant,Irrelevant,Irrelevant,Irrelevant,Irrelevant,Irrelevant,Irrelevant,Irrelevant,Irrelevant,Irrelevant,Irrelevant,Irrelevant
ID0775,High Relevance,Low Relevance,Low Relevance,Low Relevance,Low Relevance,Low Relevance,Low Relevance,Low Relevance,Low Relevance,Irrelevant,Irrelevant,Irrelevant,Irrelevant,Irrelevant,Irrelevant,Irrelevant,Irrelevant,Irrelevant,Irrelevant,Irrelevant,Irrelevant,Irrelevant,Irrelevant,Irrelevant,Irrelevant,Irrelevant,Irrelevant,Irrelevant,Irrelevant,Irrelevant
ID0776,Irrelevant,Irrelevant,Irrelevant,Irrelevant,Irrelevant,Irrelevant,Irrelevant,Irrelevant,Irrelevant,Irrelevant,Irrelevant,Irrelevant,Irrelevant,Irrelevant,Irrelevant,Irrelevant,Irrelevant,Irrelevant,Irrelevant,Irrelevant,Irrelevant,Irrelevant,Irrelevant,Irrelevant,Irrelevant,Irrelevant,Irrelevant,Irrelevant,Irrelevant,Irrelevant
ID0777,Irrelevant,Irrelevant,Irrelevant,Irrelevant,Irrelevant,Irrelevant,Irrelevant,Irrelevant,Irrelevant,Irrelevant,Irrelevant,Irrelevant,Irrelevant,Irrelevant,Irrelevant,Irrelevant,Irrelevant,Irrelevant,Irrelevant,Irrelevant,Irrelevant,Irrelevant,Irrelevant,Irrelevant,Irrelevant,Irrelevant,Irrelevant,Irrelevant,Irrelevant,Irrelevant
ID0778,Irrelevant,Irrelevant,Irrelevant,Irrelevant,Irrelevant,Irrelevant,Irrelevant,Irrelevant,Irrelevant,Irrelevant,Irrelevant,Irrelevant,Irrelevant,Irrelevant,Irrelevant,Irrelevant,Irrelevant,Irrelevant,Irrelevant,Irrelevant,Irrelevant,Irrelevant,Irrelevant,Irrelevant,Irrelevant,Irrelevant,Irrelevant,Irrelevant,Irrelevant,Irrelevant
ID0779,High Relevance,Low Relevance,Low Relevance,Low Relevance,Low Relevance,Low Relevance,Low Relevance,Low Relevance,Low Relevance,Low Relevance,Low Relevance,Low Relevance,Low Relevance,Irrelevant,Irrelevant,Irrelevant,Irrelevant,Irrelevant,Irrelevant,Irrelevant,Irrelevant,Irrelevant,Irrelevant,Irrelevant,Irrelevant,Irrelevant,Irrelevant,Irrelevant,Irrelevant,Irrelevant
ID0780,Low Relevance,Irrelevant,Irrelevant,Irrelevant,Irrelevant,Irrelevant,Irrelevant,Irrelevant,Irrelevant,Irrelevant,Irrelevant,Irrelevant,Irrelevant,Irrelevant,Irrelevant,Irrelevant,Irrelevant,Irrelevant,Irrelevant,Irrelevant,Irrelevant,Irrelevant,Irrelevant,Irrelevant,Irrelevant,Irrelevant,Irrelevant,Irrelevant,Irrelevant,Irrelevant
ID0781,Low Relevance,Low Relevance,Low Relevance,Low Relevance,Low Relevance,Low Relevance,Low Relevance,Low Relevance,Low Relevance,Low Relevance,Low Relevance,Irrelevant,Irrelevant,Irrelevant,Irrelevant,Irrelevant,Irrelevant,Irrelevant,Irrelevant,Irrelevant,Irrelevant,Irrelevant,Irrelevant,Irrelevant,Irrelevant,Irrelevant,Irrelevant,Irrelevant,Irrelevant,Irrelevant
ID0782,Irrelevant,Irrelevant,Irrelevant,Irrelevant,Irrelevant,Irrelevant,Irrelevant,Irrelevant,Irrelevant,Irrelevant,Irrelevant,Irrelevant,Irrelevant,Irrelevant,Irrelevant,Irrelevant,Irrelevant,Irrelevant,Irrelevant,Irrelevant,Irrelevant,Irrelevant,Irrelevant,Irrelevant,Irrelevant,Irrelevant,Irrelevant,Irrelevant,Irrelevant,Irrelevant
ID0783,High Relevance,Low Relevance,High Relevance,Low Relevance,Low Relevance,Irrelevant,High Relevance,High Relevance,Low Relevance,High Relevance,High Relevance,High Relevance,Irrelevant,Irrelevant,Irrelevant,Irrelevant,Irrelevant,Irrelevant,Irrelevant,Irrelevant,Irrelevant,Irrelevant,Irrelevant,Irrelevant,Irrelevant,Irrelevant,Irrelevant,Irrelevant,Irrelevant,Irrelevant
ID0784,Low Relevance,Low Relevance,Low Relevance,Low Relevance,High Relevance,Low Relevance,Low Relevance,Low Relevance,Low Relevance,Irrelevant,Irrelevant,Irrelevant,Irrelevant,Irrelevant,Irrelevant,Irrelevant,Irrelevant,Irrelevant,Irrelevant,Irrelevant,Irrelevant,Irrelevant,Irrelevant,Irrelevant,Irrelevant,Irrelevant,Irrelevant,Irrelevant,Irrelevant,Irrelevant
ID0785,Irrelevant,Irrelevant,Irrelevant,Irrelevant,Irrelevant,Irrelevant,Irrelevant,Irrelevant,Irrelevant,Irrelevant,Irrelevant,Irrelevant,Irrelevant,Irrelevant,Irrelevant,Irrelevant,Irrelevant,Irrelevant,Irrelevant,Irrelevant,Irrelevant,Irrelevant,Irrelevant,Irrelevant,Irrelevant,Irrelevant,Irrelevant,Irrelevant,Irrelevant,Irrelevant
ID0786,Irrelevant,Irrelevant,Irrelevant,Irrelevant,Irrelevant,Irrelevant,Irrelevant,Irrelevant,Irrelevant,Irrelevant,Irrelevant,Irrelevant,Irrelevant,Irrelevant,Irrelevant,Irrelevant,Irrelevant,Irrelevant,Irrelevant,Irrelevant,Irrelevant,Irrelevant,Irrelevant,Irrelevant,Irrelevant,Irrelevant,Irrelevant,Irrelevant,Irrelevant,Irrelevant
ID0788,Low Relevance,Low Relevance,Low Relevance,Irrelevant,Irrelevant,Irrelevant,Irrelevant,Irrelevant,Irrelevant,Irrelevant,Irrelevant,Irrelevant,Irrelevant,Irrelevant,Irrelevant,Irrelevant,Irrelevant,Irrelevant,Irrelevant,Irrelevant,Irrelevant,Irrelevant,Irrelevant,Irrelevant,Irrelevant,Irrelevant,Irrelevant,Irrelevant,Irrelevant,Irrelevant
ID0789,Low Relevance,Low Relevance,Low Relevance,Low Relevance,Low Relevance,Low Relevance,Irrelevant,Irrelevant,Irrelevant,Irrelevant,Irrelevant,Irrelevant,Irrelevant,Irrelevant,Irrelevant,Irrelevant,Irrelevant,Irrelevant,Irrelevant,Irrelevant,Irrelevant,Irrelevant,Irrelevant,Irrelevant,Irrelevant,Irrelevant,Irrelevant,Irrelevant,Irrelevant,Irrelevant
ID0790,Irrelevant,Irrelevant,Irrelevant,Irrelevant,Irrelevant,Irrelevant,Irrelevant,Irrelevant,Irrelevant,Irrelevant,Irrelevant,Irrelevant,Irrelevant,Irrelevant,Irrelevant,Irrelevant,Irrelevant,Irrelevant,Irrelevant,Irrelevant,Irrelevant,Irrelevant,Irrelevant,Irrelevant,Irrelevant,Irrelevant,Irrelevant,Irrelevant,Irrelevant,Irrelevant
ID0792,Low Relevance,Low Relevance,Low Relevance,Irrelevant,Irrelevant,Irrelevant,Irrelevant,Irrelevant,Irrelevant,Irrelevant,Irrelevant,Irrelevant,Irrelevant,Irrelevant,Irrelevant,Irrelevant,Irrelevant,Irrelevant,Irrelevant,Irrelevant,Irrelevant,Irrelevant,Irrelevant,Irrelevant,Irrelevant,Irrelevant,Irrelevant,Irrelevant,Irrelevant,Irrelevant
ID0796,Irrelevant,Irrelevant,Irrelevant,Irrelevant,Irrelevant,Irrelevant,Irrelevant,Irrelevant,Irrelevant,Irrelevant,Irrelevant,Irrelevant,Irrelevant,Irrelevant,Irrelevant,Irrelevant,Irrelevant,Irrelevant,Irrelevant,Irrelevant,Irrelevant,Irrelevant,Irrelevant,Irrelevant,Irrelevant,Irrelevant,Irrelevant,Irrelevant,Irrelevant,Irrelevant
ID0797,Low Relevance,Irrelevant,Low Relevance,Low Relevance,Low Relevance,Irrelevant,Irrelevant,Irrelevant,Irrelevant,Low Relevance,Irrelevant,Irrelevant,Irrelevant,Irrelevant,Irrelevant,Irrelevant,Irrelevant,Irrelevant,Irrelevant,Irrelevant,Irrelevant,Irrelevant,Irrelevant,Irrelevant,Irrelevant,Irrelevant,Irrelevant,Irrelevant,Irrelevant,Irrelevant
ID0798,High Relevance,High Relevance,High Relevance,High Relevance,High Relevance,High Relevance,Irrelevant,Irrelevant,Irrelevant,Irrelevant,Irrelevant,Irrelevant,Irrelevant,Irrelevant,Irrelevant,Irrelevant,Irrelevant,Irrelevant,Irrelevant,Irrelevant,Irrelevant,Irrelevant,Irrelevant,Irrelevant,Irrelevant,Irrelevant,Irrelevant,Irrelevant,Irrelevant,Irrelevant
ID0799,Low Relevance,Irrelevant,Low Relevance,Low Relevance,Irrelevant,Irrelevant,Irrelevant,Irrelevant,Irrelevant,Irrelevant,Irrelevant,Irrelevant,Irrelevant,Irrelevant,Irrelevant,Irrelevant,Irrelevant,Irrelevant,Irrelevant,Irrelevant,Irrelevant,Irrelevant,Irrelevant,Irrelevant,Irrelevant,Irrelevant,Irrelevant,Irrelevant,Irrelevant,Irrelevant
ID0800,Irrelevant,Irrelevant,Irrelevant,Irrelevant,Irrelevant,Irrelevant,Irrelevant,Irrelevant,Irrelevant,Irrelevant,Irrelevant,Irrelevant,Irrelevant,Irrelevant,Irrelevant,Irrelevant,Irrelevant,Irrelevant,Irrelevant,Irrelevant,Irrelevant,Irrelevant,Irrelevant,Irrelevant,Irrelevant,Irrelevant,Irrelevant,Irrelevant,Irrelevant,Irrelevant
ID0801,Low Relevance,Low Relevance,Low Relevance,Low Relevance,Low Relevance,Low Relevance,Low Relevance,Low Relevance,Low Relevance,High Relevance,Low Relevance,Irrelevant,Irrelevant,Irrelevant,Irrelevant,Irrelevant,Irrelevant,Irrelevant,Irrelevant,Irrelevant,Irrelevant,Irrelevant,Irrelevant,Irrelevant,Irrelevant,Irrelevant,Irrelevant,Irrelevant,Irrelevant,Irrelevant
ID0802,Irrelevant,Irrelevant,Irrelevant,Irrelevant,Irrelevant,Irrelevant,Irrelevant,Irrelevant,Irrelevant,Irrelevant,Irrelevant,Irrelevant,Irrelevant,Irrelevant,Irrelevant,Irrelevant,Irrelevant,Irrelevant,Irrelevant,Irrelevant,Irrelevant,Irrelevant,Irrelevant,Irrelevant,Irrelevant,Irrelevant,Irrelevant,Irrelevant,Irrelevant,Irrelevant
ID0803,Irrelevant,Irrelevant,Irrelevant,Irrelevant,Irrelevant,Irrelevant,Irrelevant,Irrelevant,Irrelevant,Irrelevant,Irrelevant,Irrelevant,Irrelevant,Irrelevant,Irrelevant,Irrelevant,Irrelevant,Irrelevant,Irrelevant,Irrelevant,Irrelevant,Irrelevant,Irrelevant,Irrelevant,Irrelevant,Irrelevant,Irrelevant,Irrelevant,Irrelevant,Irrelevant
ID0805,Low Relevance,Low Relevance,Low Relevance,Low Relevance,Low Relevance,Irrelevant,Irrelevant,Irrelevant,Irrelevant,Irrelevant,Irrelevant,Irrelevant,Irrelevant,Irrelevant,Irrelevant,Irrelevant,Irrelevant,Irrelevant,Irrelevant,Irrelevant,Irrelevant,Irrelevant,Irrelevant,Irrelevant,Irrelevant,Irrelevant,Irrelevant,Irrelevant,Irrelevant,Irrelevant
ID0809,High Relevance,Low Relevance,Low Relevance,Low Relevance,Low Relevance,Low Relevance,Low Relevance,Low Relevance,Low Relevance,Low Relevance,Low Relevance,Low Relevance,Low Relevance,Irrelevant,Irrelevant,Irrelevant,Irrelevant,Irrelevant,Irrelevant,Irrelevant,Irrelevant,Irrelevant,Irrelevant,Irrelevant,Irrelevant,Irrelevant,Irrelevant,Irrelevant,Irrelevant,Irrelevant
ID0810,Irrelevant,Irrelevant,Irrelevant,Irrelevant,Irrelevant,Irrelevant,Irrelevant,Irrelevant,Irrelevant,Irrelevant,Irrelevant,Irrelevant,Irrelevant,Irrelevant,Irrelevant,Irrelevant,Irrelevant,Irrelevant,Irrelevant,Irrelevant,Irrelevant,Irrelevant,Irrelevant,Irrelevant,Irrelevant,Irrelevant,Irrelevant,Irrelevant,Irrelevant,Irrelevant
ID0811,Low Relevance,Low Relevance,Low Relevance,Low Relevance,Low Relevance,Low Relevance,Irrelevant,Irrelevant,Irrelevant,Irrelevant,Irrelevant,Irrelevant,Irrelevant,Irrelevant,Irrelevant,Irrelevant,Irrelevant,Irrelevant,Irrelevant,Irrelevant,Irrelevant,Irrelevant,Irrelevant,Irrelevant,Irrelevant,Irrelevant,Irrelevant,Irrelevant,Irrelevant,Irrelevant
ID0813,Irrelevant,Irrelevant,Irrelevant,Irrelevant,Irrelevant,Irrelevant,Irrelevant,Irrelevant,Irrelevant,Irrelevant,Irrelevant,Irrelevant,Irrelevant,Irrelevant,Irrelevant,Irrelevant,Irrelevant,Irrelevant,Irrelevant,Irrelevant,Irrelevant,Irrelevant,Irrelevant,Irrelevant,Irrelevant,Irrelevant,Irrelevant,Irrelevant,Irrelevant,Irrelevant
ID0814,Irrelevant,Irrelevant,Irrelevant,Irrelevant,Irrelevant,Irrelevant,Irrelevant,Irrelevant,Irrelevant,Irrelevant,Irrelevant,Irrelevant,Irrelevant,Irrelevant,Irrelevant,Irrelevant,Irrelevant,Irrelevant,Irrelevant,Irrelevant,Irrelevant,Irrelevant,Irrelevant,Irrelevant,Irrelevant,Irrelevant,Irrelevant,Irrelevant,Irrelevant,Irrelevant
ID0815,Low Relevance,Low Relevance,Low Relevance,Low Relevance,Low Relevance,Low Relevance,Low Relevance,Low Relevance,Low Relevance,Irrelevant,Irrelevant,Irrelevant,Irrelevant,Irrelevant,Irrelevant,Irrelevant,Irrelevant,Irrelevant,Irrelevant,Irrelevant,Irrelevant,Irrelevant,Irrelevant,Irrelevant,Irrelevant,Irrelevant,Irrelevant,Irrelevant,Irrelevant,Irrelevant
ID0816,Irrelevant,Irrelevant,Irrelevant,Irrelevant,Irrelevant,Irrelevant,Irrelevant,Irrelevant,Irrelevant,Irrelevant,Irrelevant,Irrelevant,Irrelevant,Irrelevant,Irrelevant,Irrelevant,Irrelevant,Irrelevant,Irrelevant,Irrelevant,Irrelevant,Irrelevant,Irrelevant,Irrelevant,Irrelevant,Irrelevant,Irrelevant,Irrelevant,Irrelevant,Irrelevant
ID0819,Irrelevant,Irrelevant,Irrelevant,Irrelevant,Irrelevant,Irrelevant,Irrelevant,Irrelevant,Irrelevant,Irrelevant,Irrelevant,Irrelevant,Irrelevant,Irrelevant,Irrelevant,Irrelevant,Irrelevant,Irrelevant,Irrelevant,Irrelevant,Irrelevant,Irrelevant,Irrelevant,Irrelevant,Irrelevant,Irrelevant,Irrelevant,Irrelevant,Irrelevant,Irrelevant
ID0821,Irrelevant,Irrelevant,Irrelevant,Irrelevant,Irrelevant,Irrelevant,Irrelevant,Irrelevant,Irrelevant,Irrelevant,Irrelevant,Irrelevant,Irrelevant,Irrelevant,Irrelevant,Irrelevant,Irrelevant,Irrelevant,Irrelevant,Irrelevant,Irrelevant,Irrelevant,Irrelevant,Irrelevant,Irrelevant,Irrelevant,Irrelevant,Irrelevant,Irrelevant,Irrelevant
ID0824,Irrelevant,Irrelevant,Irrelevant,Irrelevant,Irrelevant,Irrelevant,Irrelevant,Irrelevant,Irrelevant,Irrelevant,Irrelevant,Irrelevant,Irrelevant,Irrelevant,Irrelevant,Irrelevant,Irrelevant,Irrelevant,Irrelevant,Irrelevant,Irrelevant,Irrelevant,Irrelevant,Irrelevant,Irrelevant,Irrelevant,Irrelevant,Irrelevant,Irrelevant,Irrelevant
ID0825,Irrelevant,Irrelevant,Irrelevant,Irrelevant,Irrelevant,Irrelevant,Irrelevant,Irrelevant,Irrelevant,Irrelevant,Irrelevant,Irrelevant,Irrelevant,Irrelevant,Irrelevant,Irrelevant,Irrelevant,Irrelevant,Irrelevant,Irrelevant,Irrelevant,Irrelevant,Irrelevant,Irrelevant,Irrelevant,Irrelevant,Irrelevant,Irrelevant,Irrelevant,Irrelevant
ID0826,High Relevance,High Relevance,High Relevance,Low Relevance,Low Relevance,Low Relevance,High Relevance,Low Relevance,Low Relevance,Low Relevance,High Relevance,High Relevance,Low Relevance,Irrelevant,Irrelevant,Irrelevant,Irrelevant,Irrelevant,Irrelevant,Irrelevant,Irrelevant,Irrelevant,Irrelevant,Irrelevant,Irrelevant,Irrelevant,Irrelevant,Irrelevant,Irrelevant,Irrelevant
ID0827,Irrelevant,Irrelevant,Irrelevant,Irrelevant,Irrelevant,Irrelevant,Irrelevant,Irrelevant,Irrelevant,Irrelevant,Irrelevant,Irrelevant,Irrelevant,Irrelevant,Irrelevant,Irrelevant,Irrelevant,Irrelevant,Irrelevant,Irrelevant,Irrelevant,Irrelevant,Irrelevant,Irrelevant,Irrelevant,Irrelevant,Irrelevant,Irrelevant,Irrelevant,Irrelevant
ID0828,Irrelevant,Irrelevant,Irrelevant,Irrelevant,Irrelevant,Irrelevant,Irrelevant,Irrelevant,Irrelevant,Irrelevant,Irrelevant,Irrelevant,Irrelevant,Irrelevant,Irrelevant,Irrelevant,Irrelevant,Irrelevant,Irrelevant,Irrelevant,Irrelevant,Irrelevant,Irrelevant,Irrelevant,Irrelevant,Irrelevant,Irrelevant,Irrelevant,Irrelevant,Irrelevant
ID0830,Irrelevant,Irrelevant,Irrelevant,Irrelevant,Irrelevant,Irrelevant,Irrelevant,Irrelevant,Irrelevant,Irrelevant,Irrelevant,Irrelevant,Irrelevant,Irrelevant,Irrelevant,Irrelevant,Irrelevant,Irrelevant,Irrelevant,Irrelevant,Irrelevant,Irrelevant,Irrelevant,Irrelevant,Irrelevant,Irrelevant,Irrelevant,Irrelevant,Irrelevant,Irrelevant
ID0831,High Relevance,Low Relevance,Low Relevance,Low Relevance,Low Relevance,Low Relevance,Low Relevance,Low Relevance,High Relevance,Low Relevance,Low Relevance,Low Relevance,High Relevance,Irrelevant,Irrelevant,Irrelevant,Irrelevant,Irrelevant,Irrelevant,Irrelevant,Irrelevant,Irrelevant,Irrelevant,Irrelevant,Irrelevant,Irrelevant,Irrelevant,Irrelevant,Irrelevant,Irrelevant
ID0832,Irrelevant,Irrelevant,Irrelevant,Irrelevant,Irrelevant,Irrelevant,Irrelevant,Irrelevant,Irrelevant,Irrelevant,Irrelevant,Irrelevant,Irrelevant,Irrelevant,Irrelevant,Irrelevant,Irrelevant,Irrelevant,Irrelevant,Irrelevant,Irrelevant,Irrelevant,Irrelevant,Irrelevant,Irrelevant,Irrelevant,Irrelevant,Irrelevant,Irrelevant,Irrelevant
ID0833,High Relevance,Low Relevance,Low Relevance,High Relevance,High Relevance,Low Relevance,Low Relevance,Low Relevance,Low Relevance,Low Relevance,Low Relevance,Low Relevance,Irrelevant,Irrelevant,Irrelevant,Irrelevant,Irrelevant,Irrelevant,Irrelevant,Irrelevant,Irrelevant,Irrelevant,Irrelevant,Irrelevant,Irrelevant,Irrelevant,Irrelevant,Irrelevant,Irrelevant,Irrelevant
ID0834,Irrelevant,Irrelevant,Irrelevant,Irrelevant,Irrelevant,Irrelevant,Irrelevant,Irrelevant,Irrelevant,Irrelevant,Irrelevant,Irrelevant,Irrelevant,Irrelevant,Irrelevant,Irrelevant,Irrelevant,Irrelevant,Irrelevant,Irrelevant,Irrelevant,Irrelevant,Irrelevant,Irrelevant,Irrelevant,Irrelevant,Irrelevant,Irrelevant,Irrelevant,Irrelevant
ID0835,Low Relevance,Low Relevance,Low Relevance,Low Relevance,High Relevance,Low Relevance,Low Relevance,Low Relevance,Low Relevance,Irrelevant,Irrelevant,Irrelevant,Irrelevant,Irrelevant,Irrelevant,Irrelevant,Irrelevant,Irrelevant,Irrelevant,Irrelevant,Irrelevant,Irrelevant,Irrelevant,Irrelevant,Irrelevant,Irrelevant,Irrelevant,Irrelevant,Irrelevant,Irrelevant
ID0836,Low Relevance,Low Relevance,Low Relevance,Low Relevance,Low Relevance,Low Relevance,Irrelevant,Irrelevant,Irrelevant,Irrelevant,Irrelevant,Irrelevant,Irrelevant,Irrelevant,Irrelevant,Irrelevant,Irrelevant,Irrelevant,Irrelevant,Irrelevant,Irrelevant,Irrelevant,Irrelevant,Irrelevant,Irrelevant,Irrelevant,Irrelevant,Irrelevant,Irrelevant,Irrelevant
ID0837,Low Relevance,Low Relevance,Low Relevance,Low Relevance,Low Relevance,Low Relevance,Low Relevance,Low Relevance,Low Relevance,Low Relevance,Low Relevance,Low Relevance,Low Relevance,Irrelevant,Irrelevant,Irrelevant,Irrelevant,Irrelevant,Irrelevant,Irrelevant,Irrelevant,Irrelevant,Irrelevant,Irrelevant,Irrelevant,Irrelevant,Irrelevant,Irrelevant,Irrelevant,Irrelevant
ID0840,Low Relevance,Low Relevance,Irrelevant,Irrelevant,Irrelevant,Irrelevant,Irrelevant,Irrelevant,Irrelevant,Irrelevant,Irrelevant,Irrelevant,Irrelevant,Irrelevant,Irrelevant,Irrelevant,Irrelevant,Irrelevant,Irrelevant,Irrelevant,Irrelevant,Irrelevant,Irrelevant,Irrelevant,Irrelevant,Irrelevant,Irrelevant,Irrelevant,Irrelevant,Irrelevant
ID0841,Irrelevant,High Relevance,Low Relevance,Irrelevant,Irrelevant,High Relevance,Low Relevance,Irrelevant,Irrelevant,Irrelevant,Irrelevant,Irrelevant,Irrelevant,Irrelevant,Irrelevant,Irrelevant,Irrelevant,Irrelevant,Irrelevant,Irrelevant,Irrelevant,Irrelevant,Irrelevant,Irrelevant,Irrelevant,Irrelevant,Irrelevant,Irrelevant,Irrelevant,Irrelevant
ID0842,Low Relevance,Low Relevance,Low Relevance,Low Relevance,Irrelevant,Irrelevant,Irrelevant,Irrelevant,Irrelevant,Irrelevant,Irrelevant,Irrelevant,Irrelevant,Irrelevant,Irrelevant,Irrelevant,Irrelevant,Irrelevant,Irrelevant,Irrelevant,Irrelevant,Irrelevant,Irrelevant,Irrelevant,Irrelevant,Irrelevant,Irrelevant,Irrelevant,Irrelevant,Irrelevant
ID0843,Irrelevant,Irrelevant,Irrelevant,Irrelevant,Irrelevant,Irrelevant,Irrelevant,Irrelevant,Irrelevant,Irrelevant,Irrelevant,Irrelevant,Irrelevant,Irrelevant,Irrelevant,Irrelevant,Irrelevant,Irrelevant,Irrelevant,Irrelevant,Irrelevant,Irrelevant,Irrelevant,Irrelevant,Irrelevant,Irrelevant,Irrelevant,Irrelevant,Irrelevant,Irrelevant
ID0844,High Relevance,Low Relevance,High Relevance,High Relevance,Low Relevance,Low Relevance,High Relevance,Low Relevance,Low Relevance,Low Relevance,Irrelevant,Irrelevant,Irrelevant,Irrelevant,Irrelevant,Irrelevant,Irrelevant,Irrelevant,Irrelevant,Irrelevant,Irrelevant,Irrelevant,Irrelevant,Irrelevant,Irrelevant,Irrelevant,Irrelevant,Irrelevant,Irrelevant,Irrelevant
ID0845,Low Relevance,Low Relevance,Low Relevance,Low Relevance,Low Relevance,Low Relevance,Low Relevance,High Relevance,Irrelevant,Irrelevant,Irrelevant,Irrelevant,Irrelevant,Irrelevant,Irrelevant,Irrelevant,Irrelevant,Irrelevant,Irrelevant,Irrelevant,Irrelevant,Irrelevant,Irrelevant,Irrelevant,Irrelevant,Irrelevant,Irrelevant,Irrelevant,Irrelevant,Irrelevant
ID0846,High Relevance,Low Relevance,High Relevance,High Relevance,Low Relevance,Low Relevance,Low Relevance,Low Relevance,High Relevance,High Relevance,High Relevance,High Relevance,Irrelevant,Irrelevant,Irrelevant,Irrelevant,Irrelevant,Irrelevant,Irrelevant,Irrelevant,Irrelevant,Irrelevant,Irrelevant,Irrelevant,Irrelevant,Irrelevant,Irrelevant,Irrelevant,Irrelevant,Irrelevant
ID0847,Irrelevant,Irrelevant,Irrelevant,Irrelevant,Irrelevant,Irrelevant,Irrelevant,Irrelevant,Irrelevant,Irrelevant,Irrelevant,Irrelevant,Irrelevant,Irrelevant,Irrelevant,Irrelevant,Irrelevant,Irrelevant,Irrelevant,Irrelevant,Irrelevant,Irrelevant,Irrelevant,Irrelevant,Irrelevant,Irrelevant,Irrelevant,Irrelevant,Irrelevant,Irrelevant
ID0850,Irrelevant,Irrelevant,Irrelevant,Irrelevant,Irrelevant,Irrelevant,Irrelevant,Irrelevant,Irrelevant,Irrelevant,Irrelevant,Irrelevant,Irrelevant,Irrelevant,Irrelevant,Irrelevant,Irrelevant,Irrelevant,Irrelevant,Irrelevant,Irrelevant,Irrelevant,Irrelevant,Irrelevant,Irrelevant,Irrelevant,Irrelevant,Irrelevant,Irrelevant,Irrelevant
ID0851,Irrelevant,Irrelevant,Irrelevant,Irrelevant,Irrelevant,Irrelevant,Irrelevant,Irrelevant,Irrelevant,Irrelevant,Irrelevant,Irrelevant,Irrelevant,Irrelevant,Irrelevant,Irrelevant,Irrelevant,Irrelevant,Irrelevant,Irrelevant,Irrelevant,Irrelevant,Irrelevant,Irrelevant,Irrelevant,Irrelevant,Irrelevant,Irrelevant,Irrelevant,Irrelevant
ID0852,Irrelevant,Irrelevant,Irrelevant,Irrelevant,Irrelevant,Irrelevant,Irrelevant,Irrelevant,Irrelevant,Irrelevant,Irrelevant,Irrelevant,Irrelevant,Irrelevant,Irrelevant,Irrelevant,Irrelevant,Irrelevant,Irrelevant,Irrelevant,Irrelevant,Irrelevant,Irrelevant,Irrelevant,Irrelevant,Irrelevant,Irrelevant,Irrelevant,Irrelevant,Irrelevant
ID0853,High Relevance,Low Relevance,Low Relevance,Low Relevance,Low Relevance,Low Relevance,High Relevance,Low Relevance,High Relevance,Low Relevance,Low Relevance,High Relevance,Low Relevance,Irrelevant,Irrelevant,Irrelevant,Irrelevant,Irrelevant,Irrelevant,Irrelevant,Irrelevant,Irrelevant,Irrelevant,Irrelevant,Irrelevant,Irrelevant,Irrelevant,Irrelevant,Irrelevant,Irrelevant
ID0854,Low Relevance,Low Relevance,Low Relevance,Low Relevance,Irrelevant,Irrelevant,Irrelevant,Irrelevant,Irrelevant,Irrelevant,Irrelevant,Irrelevant,Irrelevant,Irrelevant,Irrelevant,Irrelevant,Irrelevant,Irrelevant,Irrelevant,Irrelevant,Irrelevant,Irrelevant,Irrelevant,Irrelevant,Irrelevant,Irrelevant,Irrelevant,Irrelevant,Irrelevant,Irrelevant
ID0855,Low Relevance,Low Relevance,Irrelevant,Low Relevance,Irrelevant,Irrelevant,Irrelevant,Irrelevant,Irrelevant,Irrelevant,Irrelevant,Irrelevant,Irrelevant,Irrelevant,Irrelevant,Irrelevant,Irrelevant,Irrelevant,Irrelevant,Irrelevant,Irrelevant,Irrelevant,Irrelevant,Irrelevant,Irrelevant,Irrelevant,Irrelevant,Irrelevant,Irrelevant,Irrelevant
ID0856,Irrelevant,Irrelevant,Irrelevant,Irrelevant,Irrelevant,Irrelevant,Irrelevant,Irrelevant,Irrelevant,Irrelevant,Irrelevant,Irrelevant,Irrelevant,Irrelevant,Irrelevant,Irrelevant,Irrelevant,Irrelevant,Irrelevant,Irrelevant,Irrelevant,Irrelevant,Irrelevant,Irrelevant,Irrelevant,Irrelevant,Irrelevant,Irrelevant,Irrelevant,Irrelevant
ID0858,Low Relevance,Low Relevance,Irrelevant,Irrelevant,Low Relevance,High Relevance,Irrelevant,Irrelevant,Irrelevant,Irrelevant,Irrelevant,Irrelevant,Irrelevant,Irrelevant,Irrelevant,Irrelevant,Irrelevant,Irrelevant,Irrelevant,Irrelevant,Irrelevant,Irrelevant,Irrelevant,Irrelevant,Irrelevant,Irrelevant,Irrelevant,Irrelevant,Irrelevant,Irrelevant
ID0859,Low Relevance,Low Relevance,Low Relevance,Low Relevance,Low Relevance,Low Relevance,Low Relevance,Low Relevance,Irrelevant,Irrelevant,Irrelevant,Irrelevant,Irrelevant,Irrelevant,Irrelevant,Irrelevant,Irrelevant,Irrelevant,Irrelevant,Irrelevant,Irrelevant,Irrelevant,Irrelevant,Irrelevant,Irrelevant,Irrelevant,Irrelevant,Irrelevant,Irrelevant,Irrelevant
ID0860,Low Relevance,Low Relevance,Irrelevant,Irrelevant,Irrelevant,Irrelevant,Irrelevant,Irrelevant,Irrelevant,Irrelevant,Irrelevant,Irrelevant,Irrelevant,Irrelevant,Irrelevant,Irrelevant,Irrelevant,Irrelevant,Irrelevant,Irrelevant,Irrelevant,Irrelevant,Irrelevant,Irrelevant,Irrelevant,Irrelevant,Irrelevant,Irrelevant,Irrelevant,Irrelevant
ID0861,High Relevance,Low Relevance,Low Relevance,Low Relevance,Irrelevant,Irrelevant,Irrelevant,Irrelevant,Irrelevant,Irrelevant,Irrelevant,Irrelevant,Irrelevant,Irrelevant,Irrelevant,Irrelevant,Irrelevant,Irrelevant,Irrelevant,Irrelevant,Irrelevant,Irrelevant,Irrelevant,Irrelevant,Irrelevant,Irrelevant,Irrelevant,Irrelevant,Irrelevant,Irrelevant
ID0862,Low Relevance,Low Relevance,Low Relevance,Low Relevance,Low Relevance,Low Relevance,Low Relevance,Low Relevance,Irrelevant,Irrelevant,Irrelevant,Irrelevant,Irrelevant,Irrelevant,Irrelevant,Irrelevant,Irrelevant,Irrelevant,Irrelevant,Irrelevant,Irrelevant,Irrelevant,Irrelevant,Irrelevant,Irrelevant,Irrelevant,Irrelevant,Irrelevant,Irrelevant,Irrelevant
ID0864,Irrelevant,Irrelevant,Irrelevant,Irrelevant,Irrelevant,Irrelevant,Irrelevant,Irrelevant,Irrelevant,Irrelevant,Irrelevant,Irrelevant,Irrelevant,Irrelevant,Irrelevant,Irrelevant,Irrelevant,Irrelevant,Irrelevant,Irrelevant,Irrelevant,Irrelevant,Irrelevant,Irrelevant,Irrelevant,Irrelevant,Irrelevant,Irrelevant,Irrelevant,Irrelevant
ID0866,Low Relevance,Low Relevance,Low Relevance,Low Relevance,Low Relevance,Low Relevance,Low Relevance,Low Relevance,Low Relevance,Low Relevance,Irrelevant,Irrelevant,Irrelevant,Irrelevant,Irrelevant,Irrelevant,Irrelevant,Irrelevant,Irrelevant,Irrelevant,Irrelevant,Irrelevant,Irrelevant,Irrelevant,Irrelevant,Irrelevant,Irrelevant,Irrelevant,Irrelevant,Irrelevant
ID0867,Irrelevant,Irrelevant,Irrelevant,Irrelevant,Irrelevant,Irrelevant,Irrelevant,Irrelevant,Irrelevant,Irrelevant,Irrelevant,Irrelevant,Irrelevant,Irrelevant,Irrelevant,Irrelevant,Irrelevant,Irrelevant,Irrelevant,Irrelevant,Irrelevant,Irrelevant,Irrelevant,Irrelevant,Irrelevant,Irrelevant,Irrelevant,Irrelevant,Irrelevant,Irrelevant
ID0869,Low Relevance,Low Relevance,Low Relevance,Low Relevance,Low Relevance,High Relevance,Low Relevance,Low Relevance,Low Relevance,Low Relevance,Low Relevance,Low Relevance,Low Relevance,Irrelevant,Irrelevant,Irrelevant,Irrelevant,Irrelevant,Irrelevant,Irrelevant,Irrelevant,Irrelevant,Irrelevant,Irrelevant,Irrelevant,Irrelevant,Irrelevant,Irrelevant,Irrelevant,Irrelevant
ID0870,Low Relevance,Low Relevance,Low Relevance,Irrelevant,Irrelevant,High Relevance,Irrelevant,High Relevance,High Relevance,Irrelevant,Irrelevant,Irrelevant,Irrelevant,Irrelevant,Irrelevant,Irrelevant,Irrelevant,Irrelevant,Irrelevant,Irrelevant,Irrelevant,Irrelevant,Irrelevant,Irrelevant,Irrelevant,Irrelevant,Irrelevant,Irrelevant,Irrelevant,Irrelevant
ID0871,Irrelevant,Irrelevant,Irrelevant,Irrelevant,Irrelevant,Irrelevant,Irrelevant,Irrelevant,Irrelevant,Irrelevant,Irrelevant,Irrelevant,Irrelevant,Irrelevant,Irrelevant,Irrelevant,Irrelevant,Irrelevant,Irrelevant,Irrelevant,Irrelevant,Irrelevant,Irrelevant,Irrelevant,Irrelevant,Irrelevant,Irrelevant,Irrelevant,Irrelevant,Irrelevant
ID0872,Low Relevance,Low Relevance,Low Relevance,Low Relevance,Low Relevance,Low Relevance,Low Relevance,Irrelevant,Irrelevant,Irrelevant,Irrelevant,Irrelevant,Irrelevant,Irrelevant,Irrelevant,Irrelevant,Irrelevant,Irrelevant,Irrelevant,Irrelevant,Irrelevant,Irrelevant,Irrelevant,Irrelevant,Irrelevant,Irrelevant,Irrelevant,Irrelevant,Irrelevant,Irrelevant
ID0876,High Relevance,Low Relevance,Low Relevance,Low Relevance,Low Relevance,Low Relevance,Low Relevance,Low Relevance,Low Relevance,Low Relevance,Low Relevance,Low Relevance,Low Relevance,Irrelevant,Irrelevant,Irrelevant,Irrelevant,Irrelevant,Irrelevant,Irrelevant,Irrelevant,Irrelevant,Irrelevant,Irrelevant,Irrelevant,Irrelevant,Irrelevant,Irrelevant,Irrelevant,Irrelevant
ID0878,Irrelevant,Irrelevant,Irrelevant,Irrelevant,Irrelevant,Irrelevant,Irrelevant,Irrelevant,Irrelevant,Irrelevant,Irrelevant,Irrelevant,Irrelevant,Irrelevant,Irrelevant,Irrelevant,Irrelevant,Irrelevant,Irrelevant,Irrelevant,Irrelevant,Irrelevant,Irrelevant,Irrelevant,Irrelevant,Irrelevant,Irrelevant,Irrelevant,Irrelevant,Irrelevant
ID0879,Low Relevance,Low Relevance,Low Relevance,Low Relevance,Low Relevance,Low Relevance,Low Relevance,Low Relevance,Low Relevance,Low Relevance,Low Relevance,Irrelevant,Irrelevant,Irrelevant,Irrelevant,Irrelevant,Irrelevant,Irrelevant,Irrelevant,Irrelevant,Irrelevant,Irrelevant,Irrelevant,Irrelevant,Irrelevant,Irrelevant,Irrelevant,Irrelevant,Irrelevant,Irrelevant
ID0880,Low Relevance,Low Relevance,Low Relevance,Low Relevance,Low Relevance,Low Relevance,Low Relevance,Low Relevance,Low Relevance,Irrelevant,Irrelevant,Irrelevant,Irrelevant,Irrelevant,Irrelevant,Irrelevant,Irrelevant,Irrelevant,Irrelevant,Irrelevant,Irrelevant,Irrelevant,Irrelevant,Irrelevant,Irrelevant,Irrelevant,Irrelevant,Irrelevant,Irrelevant,Irrelevant
ID0883,Irrelevant,Irrelevant,Irrelevant,Irrelevant,Irrelevant,Irrelevant,Irrelevant,Irrelevant,Irrelevant,Irrelevant,Irrelevant,Irrelevant,Irrelevant,Irrelevant,Irrelevant,Irrelevant,Irrelevant,Irrelevant,Irrelevant,Irrelevant,Irrelevant,Irrelevant,Irrelevant,Irrelevant,Irrelevant,Irrelevant,Irrelevant,Irrelevant,Irrelevant,Irrelevant
ID0884,Low Relevance,Low Relevance,Irrelevant,Irrelevant,Irrelevant,Irrelevant,Irrelevant,Irrelevant,Irrelevant,Irrelevant,Irrelevant,Irrelevant,Irrelevant,Irrelevant,Irrelevant,Irrelevant,Irrelevant,Irrelevant,Irrelevant,Irrelevant,Irrelevant,Irrelevant,Irrelevant,Irrelevant,Irrelevant,Irrelevant,Irrelevant,Irrelevant,Irrelevant,Irrelevant
ID0885,High Relevance,Low Relevance,Low Relevance,Low Relevance,Low Relevance,Low Relevance,Low Relevance,High Relevance,Low Relevance,Low Relevance,High Relevance,High Relevance,Irrelevant,Irrelevant,Irrelevant,Irrelevant,Irrelevant,Irrelevant,Irrelevant,Irrelevant,Irrelevant,Irrelevant,Irrelevant,Irrelevant,Irrelevant,Irrelevant,Irrelevant,Irrelevant,Irrelevant,Irrelevant
ID0887,Irrelevant,Irrelevant,Irrelevant,Irrelevant,Irrelevant,Irrelevant,Irrelevant,Irrelevant,Irrelevant,Irrelevant,Irrelevant,Irrelevant,Irrelevant,Irrelevant,Irrelevant,Irrelevant,Irrelevant,Irrelevant,Irrelevant,Irrelevant,Irrelevant,Irrelevant,Irrelevant,Irrelevant,Irrelevant,Irrelevant,Irrelevant,Irrelevant,Irrelevant,Irrelevant
ID0889,Irrelevant,Irrelevant,Irrelevant,Irrelevant,Irrelevant,Irrelevant,Irrelevant,Irrelevant,Irrelevant,Irrelevant,Irrelevant,Irrelevant,Irrelevant,Irrelevant,Irrelevant,Irrelevant,Irrelevant,Irrelevant,Irrelevant,Irrelevant,Irrelevant,Irrelevant,Irrelevant,Irrelevant,Irrelevant,Irrelevant,Irrelevant,Irrelevant,Irrelevant,Irrelevant
ID0893,Irrelevant,Irrelevant,Irrelevant,Irrelevant,Irrelevant,Irrelevant,Irrelevant,Irrelevant,Irrelevant,Irrelevant,Irrelevant,Irrelevant,Irrelevant,Irrelevant,Irrelevant,Irrelevant,Irrelevant,Irrelevant,Irrelevant,Irrelevant,Irrelevant,Irrelevant,Irrelevant,Irrelevant,Irrelevant,Irrelevant,Irrelevant,Irrelevant,Irrelevant,Irrelevant
ID0894,Irrelevant,Irrelevant,Irrelevant,Irrelevant,Irrelevant,Irrelevant,Irrelevant,Irrelevant,Irrelevant,Irrelevant,Irrelevant,Irrelevant,Irrelevant,Irrelevant,Irrelevant,Irrelevant,Irrelevant,Irrelevant,Irrelevant,Irrelevant,Irrelevant,Irrelevant,Irrelevant,Irrelevant,Irrelevant,Irrelevant,Irrelevant,Irrelevant,Irrelevant,Irrelevant
ID0895,Irrelevant,Irrelevant,Irrelevant,Irrelevant,Irrelevant,Irrelevant,Irrelevant,Irrelevant,Irrelevant,Irrelevant,Irrelevant,Irrelevant,Irrelevant,Irrelevant,Irrelevant,Irrelevant,Irrelevant,Irrelevant,Irrelevant,Irrelevant,Irrelevant,Irrelevant,Irrelevant,Irrelevant,Irrelevant,Irrelevant,Irrelevant,Irrelevant,Irrelevant,Irrelevant
ID0899,High Relevance,High Relevance,High Relevance,High Relevance,High Relevance,Low Relevance,Low Relevance,High Relevance,High Relevance,Low Relevance,Irrelevant,Irrelevant,Irrelevant,Irrelevant,Irrelevant,Irrelevant,Irrelevant,Irrelevant,Irrelevant,Irrelevant,Irrelevant,Irrelevant,Irrelevant,Irrelevant,Irrelevant,Irrelevant,Irrelevant,Irrelevant,Irrelevant,Irrelevant
ID0900,High Relevance,Low Relevance,Low Relevance,Low Relevance,Low Relevance,Low Relevance,Low Relevance,Low Relevance,Low Relevance,High Relevance,Low Relevance,High Relevance,High Relevance,Irrelevant,Irrelevant,Irrelevant,Irrelevant,Irrelevant,Irrelevant,Irrelevant,Irrelevant,Irrelevant,Irrelevant,Irrelevant,Irrelevant,Irrelevant,Irrelevant,Irrelevant,Irrelevant,Irrelevant
ID0901,High Relevance,Low Relevance,High Relevance,Low Relevance,Low Relevance,Low Relevance,Low Relevance,Low Relevance,Low Relevance,Low Relevance,Low Relevance,Low Relevance,Low Relevance,Irrelevant,Irrelevant,Irrelevant,Irrelevant,Irrelevant,Irrelevant,Irrelevant,Irrelevant,Irrelevant,Irrelevant,Irrelevant,Irrelevant,Irrelevant,Irrelevant,Irrelevant,Irrelevant,Irrelevant
ID0902,Low Relevance,Low Relevance,Low Relevance,Low Relevance,Low Relevance,Low Relevance,Low Relevance,Irrelevant,Irrelevant,Irrelevant,Irrelevant,Irrelevant,Irrelevant,Irrelevant,Irrelevant,Irrelevant,Irrelevant,Irrelevant,Irrelevant,Irrelevant,Irrelevant,Irrelevant,Irrelevant,Irrelevant,Irrelevant,Irrelevant,Irrelevant,Irrelevant,Irrelevant,Irrelevant
ID0904,Irrelevant,Irrelevant,Irrelevant,Irrelevant,Irrelevant,Irrelevant,Irrelevant,Irrelevant,Irrelevant,Irrelevant,Irrelevant,Irrelevant,Irrelevant,Irrelevant,Irrelevant,Irrelevant,Irrelevant,Irrelevant,Irrelevant,Irrelevant,Irrelevant,Irrelevant,Irrelevant,Irrelevant,Irrelevant,Irrelevant,Irrelevant,Irrelevant,Irrelevant,Irrelevant
ID0905,High Relevance,Low Relevance,Low Relevance,Low Relevance,Low Relevance,Low Relevance,Low Relevance,Low Relevance,Low Relevance,Irrelevant,Irrelevant,Irrelevant,Irrelevant,Irrelevant,Irrelevant,Irrelevant,Irrelevant,Irrelevant,Irrelevant,Irrelevant,Irrelevant,Irrelevant,Irrelevant,Irrelevant,Irrelevant,Irrelevant,Irrelevant,Irrelevant,Irrelevant,Irrelevant
ID0907,Low Relevance,Low Relevance,Low Relevance,Low Relevance,Low Relevance,Irrelevant,Irrelevant,Irrelevant,Irrelevant,Irrelevant,Irrelevant,Irrelevant,Irrelevant,Irrelevant,Irrelevant,Irrelevant,Irrelevant,Irrelevant,Irrelevant,Irrelevant,Irrelevant,Irrelevant,Irrelevant,Irrelevant,Irrelevant,Irrelevant,Irrelevant,Irrelevant,Irrelevant,Irrelevant
ID0908,Irrelevant,Irrelevant,Irrelevant,Irrelevant,Irrelevant,Irrelevant,Irrelevant,Irrelevant,Irrelevant,Irrelevant,Irrelevant,Irrelevant,Irrelevant,Irrelevant,Irrelevant,Irrelevant,Irrelevant,Irrelevant,Irrelevant,Irrelevant,Irrelevant,Irrelevant,Irrelevant,Irrelevant,Irrelevant,Irrelevant,Irrelevant,Irrelevant,Irrelevant,Irrelevant
ID0909,High Relevance,Low Relevance,Low Relevance,Low Relevance,Low Relevance,Low Relevance,Low Relevance,Low Relevance,High Relevance,High Relevance,High Relevance,High Relevance,Low Relevance,Irrelevant,Irrelevant,Irrelevant,Irrelevant,Irrelevant,Irrelevant,Irrelevant,Irrelevant,Irrelevant,Irrelevant,Irrelevant,Irrelevant,Irrelevant,Irrelevant,Irrelevant,Irrelevant,Irrelevant
ID0910,Irrelevant,Irrelevant,Irrelevant,Irrelevant,Irrelevant,Irrelevant,Irrelevant,Irrelevant,Irrelevant,Irrelevant,Irrelevant,Irrelevant,Irrelevant,Irrelevant,Irrelevant,Irrelevant,Irrelevant,Irrelevant,Irrelevant,Irrelevant,Irrelevant,Irrelevant,Irrelevant,Irrelevant,Irrelevant,Irrelevant,Irrelevant,Irrelevant,Irrelevant,Irrelevant
ID0911,Low Relevance,Low Relevance,Low Relevance,Low Relevance,Low Relevance,Low Relevance,Low Relevance,Low Relevance,Low Relevance,Low Relevance,Low Relevance,Irrelevant,Irrelevant,Irrelevant,Irrelevant,Irrelevant,Irrelevant,Irrelevant,Irrelevant,Irrelevant,Irrelevant,Irrelevant,Irrelevant,Irrelevant,Irrelevant,Irrelevant,Irrelevant,Irrelevant,Irrelevant,Irrelevant
ID0912,Low Relevance,Low Relevance,Low Relevance,Irrelevant,Irrelevant,Irrelevant,Irrelevant,Irrelevant,Irrelevant,Irrelevant,Irrelevant,Irrelevant,Irrelevant,Irrelevant,Irrelevant,Irrelevant,Irrelevant,Irrelevant,Irrelevant,Irrelevant,Irrelevant,Irrelevant,Irrelevant,Irrelevant,Irrelevant,Irrelevant,Irrelevant,Irrelevant,Irrelevant,Irrelevant
ID0915,Irrelevant,Irrelevant,Irrelevant,Irrelevant,Irrelevant,Irrelevant,Irrelevant,Irrelevant,Irrelevant,Irrelevant,Irrelevant,Irrelevant,Irrelevant,Irrelevant,Irrelevant,Irrelevant,Irrelevant,Irrelevant,Irrelevant,Irrelevant,Irrelevant,Irrelevant,Irrelevant,Irrelevant,Irrelevant,Irrelevant,Irrelevant,Irrelevant,Irrelevant,Irrelevant
ID0916,Low Relevance,Low Relevance,Low Relevance,Low Relevance,Low Relevance,Low Relevance,Low Relevance,Low Relevance,Low Relevance,Low Relevance,Low Relevance,Irrelevant,Irrelevant,Irrelevant,Irrelevant,Irrelevant,Irrelevant,Irrelevant,Irrelevant,Irrelevant,Irrelevant,Irrelevant,Irrelevant,Irrelevant,Irrelevant,Irrelevant,Irrelevant,Irrelevant,Irrelevant,Irrelevant
ID0918,Low Relevance,Low Relevance,Low Relevance,Low Relevance,Low Relevance,Low Relevance,Low Relevance,Irrelevant,Irrelevant,Irrelevant,Irrelevant,Irrelevant,Irrelevant,Irrelevant,Irrelevant,Irrelevant,Irrelevant,Irrelevant,Irrelevant,Irrelevant,Irrelevant,Irrelevant,Irrelevant,Irrelevant,Irrelevant,Irrelevant,Irrelevant,Irrelevant,Irrelevant,Irrelevant
ID0919,High Relevance,Low Relevance,Low Relevance,Low Relevance,Low Relevance,Low Relevance,Low Relevance,High Relevance,High Relevance,Irrelevant,Irrelevant,Irrelevant,Irrelevant,Irrelevant,Irrelevant,Irrelevant,Irrelevant,Irrelevant,Irrelevant,Irrelevant,Irrelevant,Irrelevant,Irrelevant,Irrelevant,Irrelevant,Irrelevant,Irrelevant,Irrelevant,Irrelevant,Irrelevant
ID0922,Low Relevance,Low Relevance,Low Relevance,Low Relevance,Low Relevance,Low Relevance,Low Relevance,Low Relevance,Low Relevance,Low Relevance,Low Relevance,Low Relevance,Low Relevance,Irrelevant,Irrelevant,Irrelevant,Irrelevant,Irrelevant,Irrelevant,Irrelevant,Irrelevant,Irrelevant,Irrelevant,Irrelevant,Irrelevant,Irrelevant,Irrelevant,Irrelevant,Irrelevant,Irrelevant
ID0923,Low Relevance,Low Relevance,Low Relevance,Low Relevance,Low Relevance,Low Relevance,Low Relevance,Low Relevance,High Relevance,Low Relevance,Irrelevant,Irrelevant,Irrelevant,Irrelevant,Irrelevant,Irrelevant,Irrelevant,Irrelevant,Irrelevant,Irrelevant,Irrelevant,Irrelevant,Irrelevant,Irrelevant,Irrelevant,Irrelevant,Irrelevant,Irrelevant,Irrelevant,Irrelevant
ID0924,Low Relevance,Low Relevance,Low Relevance,Low Relevance,Low Relevance,Low Relevance,Low Relevance,Low Relevance,Low Relevance,Low Relevance,Irrelevant,Irrelevant,Irrelevant,Irrelevant,Irrelevant,Irrelevant,Irrelevant,Irrelevant,Irrelevant,Irrelevant,Irrelevant,Irrelevant,Irrelevant,Irrelevant,Irrelevant,Irrelevant,Irrelevant,Irrelevant,Irrelevant,Irrelevant
ID0925,High Relevance,Low Relevance,Low Relevance,High Relevance,Low Relevance,Low Relevance,Low Relevance,Low Relevance,Low Relevance,Irrelevant,Irrelevant,Irrelevant,Irrelevant,Irrelevant,Irrelevant,Irrelevant,Irrelevant,Irrelevant,Irrelevant,Irrelevant,Irrelevant,Irrelevant,Irrelevant,Irrelevant,Irrelevant,Irrelevant,Irrelevant,Irrelevant,Irrelevant,Irrelevant
ID0926,Low Relevance,Low Relevance,Low Relevance,Low Relevance,Low Relevance,Low Relevance,Irrelevant,Irrelevant,Irrelevant,Irrelevant,Irrelevant,Irrelevant,Irrelevant,Irrelevant,Irrelevant,Irrelevant,Irrelevant,Irrelevant,Irrelevant,Irrelevant,Irrelevant,Irrelevant,Irrelevant,Irrelevant,Irrelevant,Irrelevant,Irrelevant,Irrelevant,Irrelevant,Irrelevant
ID0927,Irrelevant,Irrelevant,Irrelevant,Irrelevant,Irrelevant,Irrelevant,Irrelevant,Irrelevant,Irrelevant,Irrelevant,Irrelevant,Irrelevant,Irrelevant,Irrelevant,Irrelevant,Irrelevant,Irrelevant,Irrelevant,Irrelevant,Irrelevant,Irrelevant,Irrelevant,Irrelevant,Irrelevant,Irrelevant,Irrelevant,Irrelevant,Irrelevant,Irrelevant,Irrelevant
ID0928,Low Relevance,Low Relevance,Low Relevance,Low Relevance,Low Relevance,Low Relevance,Low Relevance,Low Relevance,Low Relevance,High Relevance,Irrelevant,Irrelevant,Irrelevant,Irrelevant,Irrelevant,Irrelevant,Irrelevant,Irrelevant,Irrelevant,Irrelevant,Irrelevant,Irrelevant,Irrelevant,Irrelevant,Irrelevant,Irrelevant,Irrelevant,Irrelevant,Irrelevant,Irrelevant
ID0934,Low Relevance,Low Relevance,High Relevance,Low Relevance,Low Relevance,Irrelevant,Irrelevant,Irrelevant,Irrelevant,Irrelevant,Irrelevant,Irrelevant,Irrelevant,Irrelevant,Irrelevant,Irrelevant,Irrelevant,Irrelevant,Irrelevant,Irrelevant,Irrelevant,Irrelevant,Irrelevant,Irrelevant,Irrelevant,Irrelevant,Irrelevant,Irrelevant,Irrelevant,Irrelevant
ID0935,High Relevance,Low Relevance,High Relevance,Low Relevance,High Relevance,Low Relevance,Low Relevance,Low Relevance,Low Relevance,Low Relevance,Low Relevance,Low Relevance,Irrelevant,Irrelevant,Irrelevant,Irrelevant,Irrelevant,Irrelevant,Irrelevant,Irrelevant,Irrelevant,Irrelevant,Irrelevant,Irrelevant,Irrelevant,Irrelevant,Irrelevant,Irrelevant,Irrelevant,Irrelevant
ID0937,Low Relevance,High Relevance,Low Relevance,Irrelevant,Irrelevant,Irrelevant,Irrelevant,High Relevance,High Relevance,Low Relevance,Irrelevant,Irrelevant,Irrelevant,Irrelevant,Irrelevant,Irrelevant,Irrelevant,Irrelevant,Irrelevant,Irrelevant,Irrelevant,Irrelevant,Irrelevant,Irrelevant,Irrelevant,Irrelevant,Irrelevant,Irrelevant,Irrelevant,Irrelevant
ID0939,Irrelevant,Irrelevant,Irrelevant,Irrelevant,Irrelevant,Irrelevant,Irrelevant,Irrelevant,Irrelevant,Irrelevant,Irrelevant,Irrelevant,Irrelevant,Irrelevant,Irrelevant,Irrelevant,Irrelevant,Irrelevant,Irrelevant,Irrelevant,Irrelevant,Irrelevant,Irrelevant,Irrelevant,Irrelevant,Irrelevant,Irrelevant,Irrelevant,Irrelevant,Irrelevant
ID0941,Irrelevant,Irrelevant,Irrelevant,Irrelevant,Irrelevant,Irrelevant,Irrelevant,Irrelevant,Irrelevant,Irrelevant,Irrelevant,Irrelevant,Irrelevant,Irrelevant,Irrelevant,Irrelevant,Irrelevant,Irrelevant,Irrelevant,Irrelevant,Irrelevant,Irrelevant,Irrelevant,Irrelevant,Irrelevant,Irrelevant,Irrelevant,Irrelevant,Irrelevant,Irrelevant
ID0942,Irrelevant,Irrelevant,Irrelevant,Irrelevant,Irrelevant,Irrelevant,Irrelevant,Irrelevant,Irrelevant,Irrelevant,Irrelevant,Irrelevant,Irrelevant,Irrelevant,Irrelevant,Irrelevant,Irrelevant,Irrelevant,Irrelevant,Irrelevant,Irrelevant,Irrelevant,Irrelevant,Irrelevant,Irrelevant,Irrelevant,Irrelevant,Irrelevant,Irrelevant,Irrelevant
ID0944,Low Relevance,Low Relevance,Low Relevance,Low Relevance,Low Relevance,Low Relevance,Low Relevance,Low Relevance,Irrelevant,Irrelevant,Irrelevant,Irrelevant,Irrelevant,Irrelevant,Irrelevant,Irrelevant,Irrelevant,Irrelevant,Irrelevant,Irrelevant,Irrelevant,Irrelevant,Irrelevant,Irrelevant,Irrelevant,Irrelevant,Irrelevant,Irrelevant,Irrelevant,Irrelevant
ID0948,Low Relevance,Low Relevance,Low Relevance,Irrelevant,Irrelevant,Irrelevant,Irrelevant,Irrelevant,Irrelevant,Irrelevant,Irrelevant,Irrelevant,Irrelevant,Irrelevant,Irrelevant,Irrelevant,Irrelevant,Irrelevant,Irrelevant,Irrelevant,Irrelevant,Irrelevant,Irrelevant,Irrelevant,Irrelevant,Irrelevant,Irrelevant,Irrelevant,Irrelevant,Irrelevant
ID0949,Irrelevant,Irrelevant,Irrelevant,Irrelevant,Irrelevant,Irrelevant,Irrelevant,Irrelevant,Irrelevant,Irrelevant,Irrelevant,Irrelevant,Irrelevant,Irrelevant,Irrelevant,Irrelevant,Irrelevant,Irrelevant,Irrelevant,Irrelevant,Irrelevant,Irrelevant,Irrelevant,Irrelevant,Irrelevant,Irrelevant,Irrelevant,Irrelevant,Irrelevant,Irrelevant
ID0951,Irrelevant,Irrelevant,Irrelevant,Irrelevant,Irrelevant,Irrelevant,Irrelevant,Irrelevant,Irrelevant,Irrelevant,Irrelevant,Irrelevant,Irrelevant,Irrelevant,Irrelevant,Irrelevant,Irrelevant,Irrelevant,Irrelevant,Irrelevant,Irrelevant,Irrelevant,Irrelevant,Irrelevant,Irrelevant,Irrelevant,Irrelevant,Irrelevant,Irrelevant,Irrelevant
ID0953,Irrelevant,Irrelevant,Irrelevant,Irrelevant,Irrelevant,Irrelevant,Irrelevant,Irrelevant,Irrelevant,Irrelevant,Irrelevant,Irrelevant,Irrelevant,Irrelevant,Irrelevant,Irrelevant,Irrelevant,Irrelevant,Irrelevant,Irrelevant,Irrelevant,Irrelevant,Irrelevant,Irrelevant,Irrelevant,Irrelevant,Irrelevant,Irrelevant,Irrelevant,Irrelevant
ID0954,Irrelevant,Irrelevant,Irrelevant,Irrelevant,Irrelevant,Irrelevant,Irrelevant,Irrelevant,Irrelevant,Irrelevant,Irrelevant,Irrelevant,Irrelevant,Irrelevant,Irrelevant,Irrelevant,Irrelevant,Irrelevant,Irrelevant,Irrelevant,Irrelevant,Irrelevant,Irrelevant,Irrelevant,Irrelevant,Irrelevant,Irrelevant,Irrelevant,Irrelevant,Irrelevant
ID0957,Irrelevant,Low Relevance,Low Relevance,Irrelevant,Low Relevance,Low Relevance,Low Relevance,Low Relevance,Low Relevance,Irrelevant,Irrelevant,Irrelevant,Irrelevant,Irrelevant,Irrelevant,Irrelevant,Irrelevant,Irrelevant,Irrelevant,Irrelevant,Irrelevant,Irrelevant,Irrelevant,Irrelevant,Irrelevant,Irrelevant,Irrelevant,Irrelevant,Irrelevant,Irrelevant
ID0961,Irrelevant,Irrelevant,Irrelevant,Irrelevant,Irrelevant,Irrelevant,Irrelevant,Irrelevant,Irrelevant,Irrelevant,Irrelevant,Irrelevant,Irrelevant,Irrelevant,Irrelevant,Irrelevant,Irrelevant,Irrelevant,Irrelevant,Irrelevant,Irrelevant,Irrelevant,Irrelevant,Irrelevant,Irrelevant,Irrelevant,Irrelevant,Irrelevant,Irrelevant,Irrelevant
ID0962,High Relevance,Low Relevance,Low Relevance,Low Relevance,Low Relevance,Low Relevance,Low Relevance,Low Relevance,Irrelevant,Irrelevant,Irrelevant,Irrelevant,Irrelevant,Irrelevant,Irrelevant,Irrelevant,Irrelevant,Irrelevant,Irrelevant,Irrelevant,Irrelevant,Irrelevant,Irrelevant,Irrelevant,Irrelevant,Irrelevant,Irrelevant,Irrelevant,Irrelevant,Irrelevant
ID0963,High Relevance,Low Relevance,Low Relevance,Irrelevant,Irrelevant,High Relevance,Low Relevance,Low Relevance,Irrelevant,Irrelevant,Irrelevant,Irrelevant,Irrelevant,Irrelevant,Irrelevant,Irrelevant,Irrelevant,Irrelevant,Irrelevant,Irrelevant,Irrelevant,Irrelevant,Irrelevant,Irrelevant,Irrelevant,Irrelevant,Irrelevant,Irrelevant,Irrelevant,Irrelevant
ID0965,Low Relevance,Low Relevance,Low Relevance,Low Relevance,Low Relevance,Low Relevance,Irrelevant,Irrelevant,Irrelevant,Irrelevant,Irrelevant,Irrelevant,Irrelevant,Irrelevant,Irrelevant,Irrelevant,Irrelevant,Irrelevant,Irrelevant,Irrelevant,Irrelevant,Irrelevant,Irrelevant,Irrelevant,Irrelevant,Irrelevant,Irrelevant,Irrelevant,Irrelevant,Irrelevant
ID0967,Irrelevant,Irrelevant,Irrelevant,Irrelevant,Irrelevant,Irrelevant,Irrelevant,Irrelevant,Irrelevant,Irrelevant,Irrelevant,Irrelevant,Irrelevant,Irrelevant,Irrelevant,Irrelevant,Irrelevant,Irrelevant,Irrelevant,Irrelevant,Irrelevant,Irrelevant,Irrelevant,Irrelevant,Irrelevant,Irrelevant,Irrelevant,Irrelevant,Irrelevant,Irrelevant
ID0968,Irrelevant,Irrelevant,Irrelevant,Irrelevant,Irrelevant,Irrelevant,Irrelevant,Irrelevant,Irrelevant,Irrelevant,Irrelevant,Irrelevant,Irrelevant,Irrelevant,Irrelevant,Irrelevant,Irrelevant,Irrelevant,Irrelevant,Irrelevant,Irrelevant,Irrelevant,Irrelevant,Irrelevant,Irrelevant,Irrelevant,Irrelevant,Irrelevant,Irrelevant,Irrelevant
ID0969,Low Relevance,Low Relevance,Low Relevance,Low Relevance,Low Relevance,Low Relevance,Low Relevance,Low Relevance,Low Relevance,Low Relevance,Low Relevance,Irrelevant,Irrelevant,Irrelevant,Irrelevant,Irrelevant,Irrelevant,Irrelevant,Irrelevant,Irrelevant,Irrelevant,Irrelevant,Irrelevant,Irrelevant,Irrelevant,Irrelevant,Irrelevant,Irrelevant,Irrelevant,Irrelevant
ID0970,Irrelevant,Irrelevant,Irrelevant,Irrelevant,Irrelevant,Irrelevant,Irrelevant,Irrelevant,Irrelevant,Irrelevant,Irrelevant,Irrelevant,Irrelevant,Irrelevant,Irrelevant,Irrelevant,Irrelevant,Irrelevant,Irrelevant,Irrelevant,Irrelevant,Irrelevant,Irrelevant,Irrelevant,Irrelevant,Irrelevant,Irrelevant,Irrelevant,Irrelevant,Irrelevant
ID0972,High Relevance,Low Relevance,Low Relevance,Low Relevance,Low Relevance,Irrelevant,Irrelevant,Irrelevant,Irrelevant,Irrelevant,Irrelevant,Irrelevant,Irrelevant,Irrelevant,Irrelevant,Irrelevant,Irrelevant,Irrelevant,Irrelevant,Irrelevant,Irrelevant,Irrelevant,Irrelevant,Irrelevant,Irrelevant,Irrelevant,Irrelevant,Irrelevant,Irrelevant,Irrelevant
ID0973,Irrelevant,Irrelevant,Irrelevant,Irrelevant,Irrelevant,Irrelevant,Irrelevant,Irrelevant,Irrelevant,Irrelevant,Irrelevant,Irrelevant,Irrelevant,Irrelevant,Irrelevant,Irrelevant,Irrelevant,Irrelevant,Irrelevant,Irrelevant,Irrelevant,Irrelevant,Irrelevant,Irrelevant,Irrelevant,Irrelevant,Irrelevant,Irrelevant,Irrelevant,Irrelevant
ID0974,Irrelevant,Irrelevant,Irrelevant,Irrelevant,Irrelevant,Irrelevant,Irrelevant,Irrelevant,Irrelevant,Irrelevant,Irrelevant,Irrelevant,Irrelevant,Irrelevant,Irrelevant,Irrelevant,Irrelevant,Irrelevant,Irrelevant,Irrelevant,Irrelevant,Irrelevant,Irrelevant,Irrelevant,Irrelevant,Irrelevant,Irrelevant,Irrelevant,Irrelevant,Irrelevant
ID0976,High Relevance,Low Relevance,Low Relevance,Low Relevance,Irrelevant,Irrelevant,Irrelevant,Irrelevant,Irrelevant,Irrelevant,Irrelevant,Irrelevant,Irrelevant,Irrelevant,Irrelevant,Irrelevant,Irrelevant,Irrelevant,Irrelevant,Irrelevant,Irrelevant,Irrelevant,Irrelevant,Irrelevant,Irrelevant,Irrelevant,Irrelevant,Irrelevant,Irrelevant,Irrelevant
ID0977,Low Relevance,Low Relevance,Low Relevance,High Relevance,Low Relevance,Low Relevance,Low Relevance,Low Relevance,Low Relevance,Low Relevance,Low Relevance,Low Relevance,Low Relevance,Irrelevant,Irrelevant,Irrelevant,Irrelevant,Irrelevant,Irrelevant,Irrelevant,Irrelevant,Irrelevant,Irrelevant,Irrelevant,Irrelevant,Irrelevant,Irrelevant,Irrelevant,Irrelevant,Irrelevant
ID0979,Irrelevant,Irrelevant,Irrelevant,Irrelevant,Irrelevant,Irrelevant,Irrelevant,Irrelevant,Irrelevant,Irrelevant,Irrelevant,Irrelevant,Irrelevant,Irrelevant,Irrelevant,Irrelevant,Irrelevant,Irrelevant,Irrelevant,Irrelevant,Irrelevant,Irrelevant,Irrelevant,Irrelevant,Irrelevant,Irrelevant,Irrelevant,Irrelevant,Irrelevant,Irrelevant
ID0981,Irrelevant,Irrelevant,Irrelevant,Irrelevant,Irrelevant,Irrelevant,Irrelevant,Irrelevant,Irrelevant,Irrelevant,Irrelevant,Irrelevant,Irrelevant,Irrelevant,Irrelevant,Irrelevant,Irrelevant,Irrelevant,Irrelevant,Irrelevant,Irrelevant,Irrelevant,Irrelevant,Irrelevant,Irrelevant,Irrelevant,Irrelevant,Irrelevant,Irrelevant,Irrelevant
ID0982,Low Relevance,Low Relevance,Low Relevance,Low Relevance,Low Relevance,High Relevance,High Relevance,High Relevance,Low Relevance,Low Relevance,Low Relevance,Irrelevant,Irrelevant,Irrelevant,Irrelevant,Irrelevant,Irrelevant,Irrelevant,Irrelevant,Irrelevant,Irrelevant,Irrelevant,Irrelevant,Irrelevant,Irrelevant,Irrelevant,Irrelevant,Irrelevant,Irrelevant,Irrelevant
ID0987,Low Relevance,Low Relevance,Low Relevance,Low Relevance,Low Relevance,Low Relevance,Low Relevance,Low Relevance,Low Relevance,Low Relevance,Low Relevance,Irrelevant,Irrelevant,Irrelevant,Irrelevant,Irrelevant,Irrelevant,Irrelevant,Irrelevant,Irrelevant,Irrelevant,Irrelevant,Irrelevant,Irrelevant,Irrelevant,Irrelevant,Irrelevant,Irrelevant,Irrelevant,Irrelevant
ID0990,Low Relevance,Low Relevance,Low Relevance,Low Relevance,Low Relevance,Low Relevance,Low Relevance,Low Relevance,Low Relevance,Low Relevance,Low Relevance,Irrelevant,Irrelevant,Irrelevant,Irrelevant,Irrelevant,Irrelevant,Irrelevant,Irrelevant,Irrelevant,Irrelevant,Irrelevant,Irrelevant,Irrelevant,Irrelevant,Irrelevant,Irrelevant,Irrelevant,Irrelevant,Irrelevant
ID0991,Low Relevance,Low Relevance,Low Relevance,Low Relevance,Low Relevance,Low Relevance,Low Relevance,Low Relevance,Low Relevance,Low Relevance,Irrelevant,Irrelevant,Irrelevant,Irrelevant,Irrelevant,Irrelevant,Irrelevant,Irrelevant,Irrelevant,Irrelevant,Irrelevant,Irrelevant,Irrelevant,Irrelevant,Irrelevant,Irrelevant,Irrelevant,Irrelevant,Irrelevant,Irrelevant
ID0992,High Relevance,Low Relevance,Low Relevance,Low Relevance,Irrelevant,Irrelevant,Irrelevant,Irrelevant,Irrelevant,Irrelevant,Irrelevant,Irrelevant,Irrelevant,Irrelevant,Irrelevant,Irrelevant,Irrelevant,Irrelevant,Irrelevant,Irrelevant,Irrelevant,Irrelevant,Irrelevant,Irrelevant,Irrelevant,Irrelevant,Irrelevant,Irrelevant,Irrelevant,Irrelevant
ID0993,Low Relevance,Low Relevance,Low Relevance,Low Relevance,Low Relevance,Low Relevance,Low Relevance,Low Relevance,Low Relevance,Low Relevance,Low Relevance,Low Relevance,Low Relevance,Irrelevant,Irrelevant,Irrelevant,Irrelevant,Irrelevant,Irrelevant,Irrelevant,Irrelevant,Irrelevant,Irrelevant,Irrelevant,Irrelevant,Irrelevant,Irrelevant,Irrelevant,Irrelevant,Irrelevant
ID0994,Irrelevant,Low Relevance,Low Relevance,Low Relevance,Irrelevant,Irrelevant,Irrelevant,Irrelevant,Irrelevant,Irrelevant,Irrelevant,Irrelevant,Irrelevant,Irrelevant,Irrelevant,Irrelevant,Irrelevant,Irrelevant,Irrelevant,Irrelevant,Irrelevant,Irrelevant,Irrelevant,Irrelevant,Irrelevant,Irrelevant,Irrelevant,Irrelevant,Irrelevant,Irrelevant
ID0996,Irrelevant,Irrelevant,Irrelevant,Irrelevant,Irrelevant,Irrelevant,Irrelevant,Irrelevant,Irrelevant,Irrelevant,Irrelevant,Irrelevant,Irrelevant,Irrelevant,Irrelevant,Irrelevant,Irrelevant,Irrelevant,Irrelevant,Irrelevant,Irrelevant,Irrelevant,Irrelevant,Irrelevant,Irrelevant,Irrelevant,Irrelevant,Irrelevant,Irrelevant,Irrelevant
ID0998,High Relevance,Low Relevance,Low Relevance,Low Relevance,Low Relevance,Low Relevance,Low Relevance,Low Relevance,High Relevance,High Relevance,High Relevance,Low Relevance,High Relevance,Irrelevant,Irrelevant,Irrelevant,Irrelevant,Irrelevant,Irrelevant,Irrelevant,Irrelevant,Irrelevant,Irrelevant,Irrelevant,Irrelevant,Irrelevant,Irrelevant,Irrelevant,Irrelevant,Irrelevant
ID0999,Irrelevant,Irrelevant,Irrelevant,Irrelevant,Irrelevant,Irrelevant,Irrelevant,Irrelevant,Irrelevant,Irrelevant,Irrelevant,Irrelevant,Irrelevant,Irrelevant,Irrelevant,Irrelevant,Irrelevant,Irrelevant,Irrelevant,Irrelevant,Irrelevant,Irrelevant,Irrelevant,Irrelevant,Irrelevant,Irrelevant,Irrelevant,Irrelevant,Irrelevant,Irrelevant
ID1001,High Relevance,Low Relevance,Irrelevant,Irrelevant,Low Relevance,Low Relevance,Low Relevance,Low Relevance,High Relevance,Low Relevance,Low Relevance,Low Relevance,Irrelevant,Irrelevant,Irrelevant,Irrelevant,Irrelevant,Irrelevant,Irrelevant,Irrelevant,Irrelevant,Irrelevant,Irrelevant,Irrelevant,Irrelevant,Irrelevant,Irrelevant,Irrelevant,Irrelevant,Irrelevant
ID1002,High Relevance,High Relevance,High Relevance,High Relevance,High Relevance,Low Relevance,High Relevance,High Relevance,Low Relevance,High Relevance,Irrelevant,Irrelevant,Irrelevant,Irrelevant,Irrelevant,Irrelevant,Irrelevant,Irrelevant,Irrelevant,Irrelevant,Irrelevant,Irrelevant,Irrelevant,Irrelevant,Irrelevant,Irrelevant,Irrelevant,Irrelevant,Irrelevant,Irrelevant
ID1005,Low Relevance,Low Relevance,Low Relevance,Low Relevance,Low Relevance,Low Relevance,Low Relevance,Low Relevance,Irrelevant,Irrelevant,Irrelevant,Irrelevant,Irrelevant,Irrelevant,Irrelevant,Irrelevant,Irrelevant,Irrelevant,Irrelevant,Irrelevant,Irrelevant,Irrelevant,Irrelevant,Irrelevant,Irrelevant,Irrelevant,Irrelevant,Irrelevant,Irrelevant,Irrelevant
ID1006,Irrelevant,Irrelevant,Irrelevant,Irrelevant,Irrelevant,Irrelevant,Irrelevant,Irrelevant,Irrelevant,Irrelevant,Irrelevant,Irrelevant,Irrelevant,Irrelevant,Irrelevant,Irrelevant,Irrelevant,Irrelevant,Irrelevant,Irrelevant,Irrelevant,Irrelevant,Irrelevant,Irrelevant,Irrelevant,Irrelevant,Irrelevant,Irrelevant,Irrelevant,Irrelevant
ID1009,Irrelevant,Irrelevant,Irrelevant,Irrelevant,Irrelevant,Irrelevant,Irrelevant,Irrelevant,Irrelevant,Irrelevant,Irrelevant,Irrelevant,Irrelevant,Irrelevant,Irrelevant,Irrelevant,Irrelevant,Irrelevant,Irrelevant,Irrelevant,Irrelevant,Irrelevant,Irrelevant,Irrelevant,Irrelevant,Irrelevant,Irrelevant,Irrelevant,Irrelevant,Irrelevant
ID1011,Low Relevance,Low Relevance,Low Relevance,Low Relevance,Low Relevance,Low Relevance,Low Relevance,Low Relevance,Low Relevance,Low Relevance,Low Relevance,Low Relevance,Low Relevance,Irrelevant,Irrelevant,Irrelevant,Irrelevant,Irrelevant,Irrelevant,Irrelevant,Irrelevant,Irrelevant,Irrelevant,Irrelevant,Irrelevant,Irrelevant,Irrelevant,Irrelevant,Irrelevant,Irrelevant
ID1013,Irrelevant,Irrelevant,Irrelevant,Irrelevant,Irrelevant,Irrelevant,Irrelevant,Irrelevant,Irrelevant,Irrelevant,Irrelevant,Irrelevant,Irrelevant,Irrelevant,Irrelevant,Irrelevant,Irrelevant,Irrelevant,Irrelevant,Irrelevant,Irrelevant,Irrelevant,Irrelevant,Irrelevant,Irrelevant,Irrelevant,Irrelevant,Irrelevant,Irrelevant,Irrelevant
ID1014,Low Relevance,Low Relevance,Low Relevance,Low Relevance,Low Relevance,Low Relevance,Low Relevance,Low Relevance,Low Relevance,Low Relevance,Low Relevance,Low Relevance,Irrelevant,Irrelevant,Irrelevant,Irrelevant,Irrelevant,Irrelevant,Irrelevant,Irrelevant,Irrelevant,Irrelevant,Irrelevant,Irrelevant,Irrelevant,Irrelevant,Irrelevant,Irrelevant,Irrelevant,Irrelevant
ID1015,Low Relevance,Low Relevance,Low Relevance,Low Relevance,Low Relevance,Low Relevance,Low Relevance,Low Relevance,Low Relevance,Low Relevance,Low Relevance,Low Relevance,Low Relevance,Irrelevant,Irrelevant,Irrelevant,Irrelevant,Irrelevant,Irrelevant,Irrelevant,Irrelevant,Irrelevant,Irrelevant,Irrelevant,Irrelevant,Irrelevant,Irrelevant,Irrelevant,Irrelevant,Irrelevant
ID1016,Irrelevant,Irrelevant,Irrelevant,Irrelevant,Irrelevant,Irrelevant,Irrelevant,Irrelevant,Irrelevant,Irrelevant,Irrelevant,Irrelevant,Irrelevant,Irrelevant,Irrelevant,Irrelevant,Irrelevant,Irrelevant,Irrelevant,Irrelevant,Irrelevant,Irrelevant,Irrelevant,Irrelevant,Irrelevant,Irrelevant,Irrelevant,Irrelevant,Irrelevant,Irrelevant
ID1017,Irrelevant,Irrelevant,Irrelevant,Irrelevant,Irrelevant,Irrelevant,Irrelevant,Irrelevant,Irrelevant,Irrelevant,Irrelevant,Irrelevant,Irrelevant,Irrelevant,Irrelevant,Irrelevant,Irrelevant,Irrelevant,Irrelevant,Irrelevant,Irrelevant,Irrelevant,Irrelevant,Irrelevant,Irrelevant,Irrelevant,Irrelevant,Irrelevant,Irrelevant,Irrelevant
ID1019,Irrelevant,Irrelevant,Irrelevant,Irrelevant,Irrelevant,Irrelevant,Irrelevant,Irrelevant,Irrelevant,Irrelevant,Irrelevant,Irrelevant,Irrelevant,Irrelevant,Irrelevant,Irrelevant,Irrelevant,Irrelevant,Irrelevant,Irrelevant,Irrelevant,Irrelevant,Irrelevant,Irrelevant,Irrelevant,Irrelevant,Irrelevant,Irrelevant,Irrelevant,Irrelevant
ID1020,Low Relevance,Low Relevance,Low Relevance,Low Relevance,Low Relevance,Low Relevance,Low Relevance,Low Relevance,Low Relevance,Irrelevant,Irrelevant,Irrelevant,Irrelevant,Irrelevant,Irrelevant,Irrelevant,Irrelevant,Irrelevant,Irrelevant,Irrelevant,Irrelevant,Irrelevant,Irrelevant,Irrelevant,Irrelevant,Irrelevant,Irrelevant,Irrelevant,Irrelevant,Irrelevant
ID1021,Irrelevant,Irrelevant,Irrelevant,Irrelevant,Irrelevant,Irrelevant,Irrelevant,Irrelevant,Irrelevant,Irrelevant,Irrelevant,Irrelevant,Irrelevant,Irrelevant,Irrelevant,Irrelevant,Irrelevant,Irrelevant,Irrelevant,Irrelevant,Irrelevant,Irrelevant,Irrelevant,Irrelevant,Irrelevant,Irrelevant,Irrelevant,Irrelevant,Irrelevant,Irrelevant
ID1022,Low Relevance,Low Relevance,Low Relevance,Low Relevance,Low Relevance,Low Relevance,Low Relevance,Irrelevant,Irrelevant,Irrelevant,Irrelevant,Irrelevant,Irrelevant,Irrelevant,Irrelevant,Irrelevant,Irrelevant,Irrelevant,Irrelevant,Irrelevant,Irrelevant,Irrelevant,Irrelevant,Irrelevant,Irrelevant,Irrelevant,Irrelevant,Irrelevant,Irrelevant,Irrelevant
ID1024,Low Relevance,High Relevance,Irrelevant,Irrelevant,Irrelevant,Irrelevant,Low Relevance,High Relevance,High Relevance,High Relevance,Irrelevant,Irrelevant,Irrelevant,Irrelevant,Irrelevant,Irrelevant,Irrelevant,Irrelevant,Irrelevant,Irrelevant,Irrelevant,Irrelevant,Irrelevant,Irrelevant,Irrelevant,Irrelevant,Irrelevant,Irrelevant,Irrelevant,Irrelevant
ID1025,Low Relevance,Low Relevance,Low Relevance,Low Relevance,Low Relevance,Low Relevance,Low Relevance,Low Relevance,Low Relevance,Irrelevant,Irrelevant,Irrelevant,Irrelevant,Irrelevant,Irrelevant,Irrelevant,Irrelevant,Irrelevant,Irrelevant,Irrelevant,Irrelevant,Irrelevant,Irrelevant,Irrelevant,Irrelevant,Irrelevant,Irrelevant,Irrelevant,Irrelevant,Irrelevant
ID1026,Low Relevance,Irrelevant,Low Relevance,Low Relevance,Irrelevant,Irrelevant,Irrelevant,Irrelevant,Irrelevant,High Relevance,Low Relevance,Irrelevant,Irrelevant,Irrelevant,Irrelevant,Irrelevant,Irrelevant,Irrelevant,Irrelevant,Irrelevant,Irrelevant,Irrelevant,Irrelevant,Irrelevant,Irrelevant,Irrelevant,Irrelevant,Irrelevant,Irrelevant,Irrelevant
ID1028,High Relevance,Low Relevance,High Relevance,High Relevance,Low Relevance,Low Relevance,Low Relevance,Low Relevance,High Relevance,Irrelevant,Irrelevant,Irrelevant,Irrelevant,Irrelevant,Irrelevant,Irrelevant,Irrelevant,Irrelevant,Irrelevant,Irrelevant,Irrelevant,Irrelevant,Irrelevant,Irrelevant,Irrelevant,Irrelevant,Irrelevant,Irrelevant,Irrelevant,Irrelevant
ID1029,Low Relevance,Low Relevance,Low Relevance,Low Relevance,Low Relevance,Low Relevance,Low Relevance,Low Relevance,Low Relevance,Low Relevance,Irrelevant,Irrelevant,Irrelevant,Irrelevant,Irrelevant,Irrelevant,Irrelevant,Irrelevant,Irrelevant,Irrelevant,Irrelevant,Irrelevant,Irrelevant,Irrelevant,Irrelevant,Irrelevant,Irrelevant,Irrelevant,Irrelevant,Irrelevant
ID1031,Low Relevance,Low Relevance,Low Relevance,Low Relevance,Low Relevance,Low Relevance,Low Relevance,Low Relevance,Irrelevant,Irrelevant,Irrelevant,Irrelevant,Irrelevant,Irrelevant,Irrelevant,Irrelevant,Irrelevant,Irrelevant,Irrelevant,Irrelevant,Irrelevant,Irrelevant,Irrelevant,Irrelevant,Irrelevant,Irrelevant,Irrelevant,Irrelevant,Irrelevant,Irrelevant
ID1032,Low Relevance,Low Relevance,Low Relevance,Low Relevance,Low Relevance,Low Relevance,Low Relevance,Low Relevance,Low Relevance,Low Relevance,Low Relevance,Low Relevance,Low Relevance,Irrelevant,Irrelevant,Irrelevant,Irrelevant,Irrelevant,Irrelevant,Irrelevant,Irrelevant,Irrelevant,Irrelevant,Irrelevant,Irrelevant,Irrelevant,Irrelevant,Irrelevant,Irrelevant,Irrelevant
ID1035,Low Relevance,Low Relevance,Low Relevance,Low Relevance,Low Relevance,Low Relevance,High Relevance,Low Relevance,Low Relevance,Irrelevant,Irrelevant,Irrelevant,Irrelevant,Irrelevant,Irrelevant,Irrelevant,Irrelevant,Irrelevant,Irrelevant,Irrelevant,Irrelevant,Irrelevant,Irrelevant,Irrelevant,Irrelevant,Irrelevant,Irrelevant,Irrelevant,Irrelevant,Irrelevant
ID1037,Irrelevant,Irrelevant,Irrelevant,Irrelevant,Irrelevant,Irrelevant,Irrelevant,Irrelevant,Irrelevant,Irrelevant,Irrelevant,Irrelevant,Irrelevant,Irrelevant,Irrelevant,Irrelevant,Irrelevant,Irrelevant,Irrelevant,Irrelevant,Irrelevant,Irrelevant,Irrelevant,Irrelevant,Irrelevant,Irrelevant,Irrelevant,Irrelevant,Irrelevant,Irrelevant
ID1038,Low Relevance,Low Relevance,Low Relevance,Low Relevance,Low Relevance,Low Relevance,Low Relevance,Irrelevant,Irrelevant,Irrelevant,Irrelevant,Irrelevant,Irrelevant,Irrelevant,Irrelevant,Irrelevant,Irrelevant,Irrelevant,Irrelevant,Irrelevant,Irrelevant,Irrelevant,Irrelevant,Irrelevant,Irrelevant,Irrelevant,Irrelevant,Irrelevant,Irrelevant,Irrelevant
ID1040,Irrelevant,Irrelevant,Irrelevant,Irrelevant,Irrelevant,Irrelevant,Irrelevant,Irrelevant,Irrelevant,Irrelevant,Irrelevant,Irrelevant,Irrelevant,Irrelevant,Irrelevant,Irrelevant,Irrelevant,Irrelevant,Irrelevant,Irrelevant,Irrelevant,Irrelevant,Irrelevant,Irrelevant,Irrelevant,Irrelevant,Irrelevant,Irrelevant,Irrelevant,Irrelevant
ID1044,Low Relevance,Irrelevant,High Relevance,High Relevance,Irrelevant,Irrelevant,Irrelevant,Irrelevant,Irrelevant,Irrelevant,Irrelevant,Irrelevant,Irrelevant,Irrelevant,Irrelevant,Irrelevant,Irrelevant,Irrelevant,Irrelevant,Irrelevant,Irrelevant,Irrelevant,Irrelevant,Irrelevant,Irrelevant,Irrelevant,Irrelevant,Irrelevant,Irrelevant,Irrelevant
ID1047,Low Relevance,Low Relevance,Low Relevance,Low Relevance,Low Relevance,Low Relevance,Low Relevance,Low Relevance,Low Relevance,Low Relevance,Low Relevance,Low Relevance,Irrelevant,Irrelevant,Irrelevant,Irrelevant,Irrelevant,Irrelevant,Irrelevant,Irrelevant,Irrelevant,Irrelevant,Irrelevant,Irrelevant,Irrelevant,Irrelevant,Irrelevant,Irrelevant,Irrelevant,Irrelevant
ID1048,Irrelevant,Irrelevant,Irrelevant,Irrelevant,Irrelevant,Irrelevant,Irrelevant,Irrelevant,Irrelevant,Irrelevant,Irrelevant,Irrelevant,Irrelevant,Irrelevant,Irrelevant,Irrelevant,Irrelevant,Irrelevant,Irrelevant,Irrelevant,Irrelevant,Irrelevant,Irrelevant,Irrelevant,Irrelevant,Irrelevant,Irrelevant,Irrelevant,Irrelevant,Irrelevant
ID1049,High Relevance,High Relevance,Low Relevance,Low Relevance,Low Relevance,Low Relevance,High Relevance,Low Relevance,Irrelevant,Irrelevant,Irrelevant,Irrelevant,Irrelevant,Irrelevant,Irrelevant,Irrelevant,Irrelevant,Irrelevant,Irrelevant,Irrelevant,Irrelevant,Irrelevant,Irrelevant,Irrelevant,Irrelevant,Irrelevant,Irrelevant,Irrelevant,Irrelevant,Irrelevant
ID1051,High Relevance,High Relevance,Low Relevance,Low Relevance,Low Relevance,Low Relevance,Low Relevance,Low Relevance,Low Relevance,Irrelevant,Irrelevant,Irrelevant,Irrelevant,Irrelevant,Irrelevant,Irrelevant,Irrelevant,Irrelevant,Irrelevant,Irrelevant,Irrelevant,Irrelevant,Irrelevant,Irrelevant,Irrelevant,Irrelevant,Irrelevant,Irrelevant,Irrelevant,Irrelevant
ID1055,High Relevance,Irrelevant,Irrelevant,Irrelevant,Irrelevant,Irrelevant,Irrelevant,Irrelevant,Irrelevant,Irrelevant,Irrelevant,Irrelevant,Irrelevant,Irrelevant,Irrelevant,Irrelevant,Irrelevant,Irrelevant,Irrelevant,Irrelevant,Irrelevant,Irrelevant,Irrelevant,Irrelevant,Irrelevant,Irrelevant,Irrelevant,Irrelevant,Irrelevant,Irrelevant
ID1058,Low Relevance,Low Relevance,Irrelevant,Low Relevance,Irrelevant,Irrelevant,Irrelevant,Irrelevant,Irrelevant,Irrelevant,Irrelevant,Irrelevant,Irrelevant,Irrelevant,Irrelevant,Irrelevant,Irrelevant,Irrelevant,Irrelevant,Irrelevant,Irrelevant,Irrelevant,Irrelevant,Irrelevant,Irrelevant,Irrelevant,Irrelevant,Irrelevant,Irrelevant,Irrelevant
ID1059,Low Relevance,Low Relevance,Low Relevance,Low Relevance,Low Relevance,Low Relevance,Irrelevant,Irrelevant,Irrelevant,Irrelevant,Irrelevant,Irrelevant,Irrelevant,Irrelevant,Irrelevant,Irrelevant,Irrelevant,Irrelevant,Irrelevant,Irrelevant,Irrelevant,Irrelevant,Irrelevant,Irrelevant,Irrelevant,Irrelevant,Irrelevant,Irrelevant,Irrelevant,Irrelevant
ID1060,Irrelevant,Irrelevant,Irrelevant,Irrelevant,Irrelevant,Irrelevant,Irrelevant,Irrelevant,Irrelevant,Irrelevant,Irrelevant,Irrelevant,Irrelevant,Irrelevant,Irrelevant,Irrelevant,Irrelevant,Irrelevant,Irrelevant,Irrelevant,Irrelevant,Irrelevant,Irrelevant,Irrelevant,Irrelevant,Irrelevant,Irrelevant,Irrelevant,Irrelevant,Irrelevant
ID1062,Irrelevant,Irrelevant,Irrelevant,Irrelevant,Irrelevant,Irrelevant,Irrelevant,Irrelevant,Irrelevant,Irrelevant,Irrelevant,Irrelevant,Irrelevant,Irrelevant,Irrelevant,Irrelevant,Irrelevant,Irrelevant,Irrelevant,Irrelevant,Irrelevant,Irrelevant,Irrelevant,Irrelevant,Irrelevant,Irrelevant,Irrelevant,Irrelevant,Irrelevant,Irrelevant
ID1063,Irrelevant,Irrelevant,Irrelevant,Irrelevant,Irrelevant,Irrelevant,Irrelevant,Irrelevant,Irrelevant,Irrelevant,Irrelevant,Irrelevant,Irrelevant,Irrelevant,Irrelevant,Irrelevant,Irrelevant,Irrelevant,Irrelevant,Irrelevant,Irrelevant,Irrelevant,Irrelevant,Irrelevant,Irrelevant,Irrelevant,Irrelevant,Irrelevant,Irrelevant,Irrelevant
ID1064,Low Relevance,Low Relevance,Irrelevant,Irrelevant,Irrelevant,Irrelevant,Irrelevant,Irrelevant,Irrelevant,Irrelevant,Irrelevant,Irrelevant,Irrelevant,Irrelevant,Irrelevant,Irrelevant,Irrelevant,Irrelevant,Irrelevant,Irrelevant,Irrelevant,Irrelevant,Irrelevant,Irrelevant,Irrelevant,Irrelevant,Irrelevant,Irrelevant,Irrelevant,Irrelevant
ID1065,Low Relevance,Low Relevance,Low Relevance,Low Relevance,Low Relevance,Low Relevance,Low Relevance,Irrelevant,Irrelevant,Irrelevant,Irrelevant,Irrelevant,Irrelevant,Irrelevant,Irrelevant,Irrelevant,Irrelevant,Irrelevant,Irrelevant,Irrelevant,Irrelevant,Irrelevant,Irrelevant,Irrelevant,Irrelevant,Irrelevant,Irrelevant,Irrelevant,Irrelevant,Irrelevant
ID1066,High Relevance,Low Relevance,Low Relevance,Low Relevance,Irrelevant,Irrelevant,Irrelevant,Irrelevant,Irrelevant,Irrelevant,Irrelevant,Irrelevant,Irrelevant,Irrelevant,Irrelevant,Irrelevant,Irrelevant,Irrelevant,Irrelevant,Irrelevant,Irrelevant,Irrelevant,Irrelevant,Irrelevant,Irrelevant,Irrelevant,Irrelevant,Irrelevant,Irrelevant,Irrelevant
ID1067,High Relevance,Low Relevance,Low Relevance,Irrelevant,Low Relevance,Irrelevant,Irrelevant,Irrelevant,Irrelevant,Irrelevant,Irrelevant,Irrelevant,Irrelevant,Irrelevant,Irrelevant,Irrelevant,Irrelevant,Irrelevant,Irrelevant,Irrelevant,Irrelevant,Irrelevant,Irrelevant,Irrelevant,Irrelevant,Irrelevant,Irrelevant,Irrelevant,Irrelevant,Irrelevant
ID1068,Low Relevance,Low Relevance,Low Relevance,Irrelevant,Low Relevance,Low Relevance,Low Relevance,Low Relevance,Irrelevant,Irrelevant,Irrelevant,Irrelevant,Irrelevant,Irrelevant,Irrelevant,Irrelevant,Irrelevant,Irrelevant,Irrelevant,Irrelevant,Irrelevant,Irrelevant,Irrelevant,Irrelevant,Irrelevant,Irrelevant,Irrelevant,Irrelevant,Irrelevant,Irrelevant
ID1070,Irrelevant,Irrelevant,Irrelevant,Irrelevant,Irrelevant,Irrelevant,Irrelevant,Irrelevant,Irrelevant,Irrelevant,Irrelevant,Irrelevant,Irrelevant,Irrelevant,Irrelevant,Irrelevant,Irrelevant,Irrelevant,Irrelevant,Irrelevant,Irrelevant,Irrelevant,Irrelevant,Irrelevant,Irrelevant,Irrelevant,Irrelevant,Irrelevant,Irrelevant,Irrelevant
ID1071,Low Relevance,Low Relevance,Low Relevance,Low Relevance,Low Relevance,Low Relevance,Low Relevance,Low Relevance,Low Relevance,Low Relevance,Low Relevance,Irrelevant,Irrelevant,Irrelevant,Irrelevant,Irrelevant,Irrelevant,Irrelevant,Irrelevant,Irrelevant,Irrelevant,Irrelevant,Irrelevant,Irrelevant,Irrelevant,Irrelevant,Irrelevant,Irrelevant,Irrelevant,Irrelevant
ID1072,High Relevance,High Relevance,Low Relevance,Low Relevance,Low Relevance,Low Relevance,Irrelevant,Irrelevant,Irrelevant,Irrelevant,Irrelevant,Irrelevant,Irrelevant,Irrelevant,Irrelevant,Irrelevant,Irrelevant,Irrelevant,Irrelevant,Irrelevant,Irrelevant,Irrelevant,Irrelevant,Irrelevant,Irrelevant,Irrelevant,Irrelevant,Irrelevant,Irrelevant,Irrelevant
ID1073,Low Relevance,Irrelevant,Irrelevant,Irrelevant,Irrelevant,Irrelevant,Irrelevant,Irrelevant,Irrelevant,Irrelevant,Irrelevant,Irrelevant,Irrelevant,Irrelevant,Irrelevant,Irrelevant,Irrelevant,Irrelevant,Irrelevant,Irrelevant,Irrelevant,Irrelevant,Irrelevant,Irrelevant,Irrelevant,Irrelevant,Irrelevant,Irrelevant,Irrelevant,Irrelevant
ID1074,Irrelevant,Irrelevant,Irrelevant,Irrelevant,Irrelevant,Irrelevant,Irrelevant,Irrelevant,Irrelevant,Irrelevant,Irrelevant,Irrelevant,Irrelevant,Irrelevant,Irrelevant,Irrelevant,Irrelevant,Irrelevant,Irrelevant,Irrelevant,Irrelevant,Irrelevant,Irrelevant,Irrelevant,Irrelevant,Irrelevant,Irrelevant,Irrelevant,Irrelevant,Irrelevant
ID1075,High Relevance,Low Relevance,Low Relevance,Low Relevance,Low Relevance,Low Relevance,Low Relevance,Low Relevance,Low Relevance,Low Relevance,Low Relevance,Low Relevance,Low Relevance,Irrelevant,Irrelevant,Irrelevant,Irrelevant,Irrelevant,Irrelevant,Irrelevant,Irrelevant,Irrelevant,Irrelevant,Irrelevant,Irrelevant,Irrelevant,Irrelevant,Irrelevant,Irrelevant,Irrelevant
ID1076,Low Relevance,Low Relevance,Low Relevance,Low Relevance,Low Relevance,Low Relevance,Low Relevance,Low Relevance,Low Relevance,Low Relevance,Irrelevant,Irrelevant,Irrelevant,Irrelevant,Irrelevant,Irrelevant,Irrelevant,Irrelevant,Irrelevant,Irrelevant,Irrelevant,Irrelevant,Irrelevant,Irrelevant,Irrelevant,Irrelevant,Irrelevant,Irrelevant,Irrelevant,Irrelevant
ID1077,Low Relevance,Low Relevance,Low Relevance,Low Relevance,Low Relevance,High Relevance,Low Relevance,Low Relevance,Low Relevance,Low Relevance,Low Relevance,Low Relevance,Low Relevance,Irrelevant,Irrelevant,Irrelevant,Irrelevant,Irrelevant,Irrelevant,Irrelevant,Irrelevant,Irrelevant,Irrelevant,Irrelevant,Irrelevant,Irrelevant,Irrelevant,Irrelevant,Irrelevant,Irrelevant
ID1079,Low Relevance,Low Relevance,Low Relevance,Low Relevance,Low Relevance,Low Relevance,Low Relevance,Low Relevance,Low Relevance,Irrelevant,Irrelevant,Irrelevant,Irrelevant,Irrelevant,Irrelevant,Irrelevant,Irrelevant,Irrelevant,Irrelevant,Irrelevant,Irrelevant,Irrelevant,Irrelevant,Irrelevant,Irrelevant,Irrelevant,Irrelevant,Irrelevant,Irrelevant,Irrelevant
ID1080,Irrelevant,Irrelevant,Irrelevant,Irrelevant,Irrelevant,Irrelevant,Irrelevant,Irrelevant,Irrelevant,Irrelevant,Irrelevant,Irrelevant,Irrelevant,Irrelevant,Irrelevant,Irrelevant,Irrelevant,Irrelevant,Irrelevant,Irrelevant,Irrelevant,Irrelevant,Irrelevant,Irrelevant,Irrelevant,Irrelevant,Irrelevant,Irrelevant,Irrelevant,Irrelevant
ID1081,Irrelevant,Irrelevant,Irrelevant,Irrelevant,Irrelevant,Irrelevant,Irrelevant,Irrelevant,Irrelevant,Irrelevant,Irrelevant,Irrelevant,Irrelevant,Irrelevant,Irrelevant,Irrelevant,Irrelevant,Irrelevant,Irrelevant,Irrelevant,Irrelevant,Irrelevant,Irrelevant,Irrelevant,Irrelevant,Irrelevant,Irrelevant,Irrelevant,Irrelevant,Irrelevant
ID1082,Low Relevance,Low Relevance,Low Relevance,Low Relevance,Irrelevant,Irrelevant,Irrelevant,Irrelevant,Irrelevant,Irrelevant,Irrelevant,Irrelevant,Irrelevant,Irrelevant,Irrelevant,Irrelevant,Irrelevant,Irrelevant,Irrelevant,Irrelevant,Irrelevant,Irrelevant,Irrelevant,Irrelevant,Irrelevant,Irrelevant,Irrelevant,Irrelevant,Irrelevant,Irrelevant
ID1084,High Relevance,Low Relevance,Low Relevance,Low Relevance,Low Relevance,High Relevance,Low Relevance,Low Relevance,Low Relevance,Low Relevance,Low Relevance,Low Relevance,Irrelevant,Irrelevant,Irrelevant,Irrelevant,Irrelevant,Irrelevant,Irrelevant,Irrelevant,Irrelevant,Irrelevant,Irrelevant,Irrelevant,Irrelevant,Irrelevant,Irrelevant,Irrelevant,Irrelevant,Irrelevant
ID1085,Low Relevance,Low Relevance,Low Relevance,Low Relevance,Low Relevance,Low Relevance,Irrelevant,Irrelevant,Irrelevant,Irrelevant,Irrelevant,Irrelevant,Irrelevant,Irrelevant,Irrelevant,Irrelevant,Irrelevant,Irrelevant,Irrelevant,Irrelevant,Irrelevant,Irrelevant,Irrelevant,Irrelevant,Irrelevant,Irrelevant,Irrelevant,Irrelevant,Irrelevant,Irrelevant
ID1087,Irrelevant,Irrelevant,Irrelevant,Irrelevant,Irrelevant,Irrelevant,Irrelevant,Irrelevant,Irrelevant,Irrelevant,Irrelevant,Irrelevant,Irrelevant,Irrelevant,Irrelevant,Irrelevant,Irrelevant,Irrelevant,Irrelevant,Irrelevant,Irrelevant,Irrelevant,Irrelevant,Irrelevant,Irrelevant,Irrelevant,Irrelevant,Irrelevant,Irrelevant,Irrelevant
ID1088,High Relevance,Low Relevance,Low Relevance,Low Relevance,Low Relevance,High Relevance,Low Relevance,High Relevance,High Relevance,Low Relevance,High Relevance,Irrelevant,Irrelevant,Irrelevant,Irrelevant,Irrelevant,Irrelevant,Irrelevant,Irrelevant,Irrelevant,Irrelevant,Irrelevant,Irrelevant,Irrelevant,Irrelevant,Irrelevant,Irrelevant,Irrelevant,Irrelevant,Irrelevant
ID1089,Low Relevance,Low Relevance,Low Relevance,Low Relevance,Low Relevance,Low Relevance,Low Relevance,Low Relevance,Irrelevant,Irrelevant,Irrelevant,Irrelevant,Irrelevant,Irrelevant,Irrelevant,Irrelevant,Irrelevant,Irrelevant,Irrelevant,Irrelevant,Irrelevant,Irrelevant,Irrelevant,Irrelevant,Irrelevant,Irrelevant,Irrelevant,Irrelevant,Irrelevant,Irrelevant
ID1090,Irrelevant,Irrelevant,Irrelevant,Irrelevant,Irrelevant,Irrelevant,Irrelevant,Irrelevant,Irrelevant,Irrelevant,Irrelevant,Irrelevant,Irrelevant,Irrelevant,Irrelevant,Irrelevant,Irrelevant,Irrelevant,Irrelevant,Irrelevant,Irrelevant,Irrelevant,Irrelevant,Irrelevant,Irrelevant,Irrelevant,Irrelevant,Irrelevant,Irrelevant,Irrelevant
ID1093,Low Relevance,Low Relevance,Low Relevance,Low Relevance,Low Relevance,Low Relevance,Low Relevance,Low Relevance,Low Relevance,Irrelevant,Irrelevant,Irrelevant,Irrelevant,Irrelevant,Irrelevant,Irrelevant,Irrelevant,Irrelevant,Irrelevant,Irrelevant,Irrelevant,Irrelevant,Irrelevant,Irrelevant,Irrelevant,Irrelevant,Irrelevant,Irrelevant,Irrelevant,Irrelevant
ID1098,Irrelevant,Irrelevant,Irrelevant,Irrelevant,Irrelevant,Irrelevant,Irrelevant,Irrelevant,Irrelevant,Irrelevant,Irrelevant,Irrelevant,Irrelevant,Irrelevant,Irrelevant,Irrelevant,Irrelevant,Irrelevant,Irrelevant,Irrelevant,Irrelevant,Irrelevant,Irrelevant,Irrelevant,Irrelevant,Irrelevant,Irrelevant,Irrelevant,Irrelevant,Irrelevant
ID1099,Low Relevance,Low Relevance,Low Relevance,Low Relevance,Low Relevance,Low Relevance,High Relevance,Low Relevance,High Relevance,Low Relevance,Low Relevance,Low Relevance,Irrelevant,Irrelevant,Irrelevant,Irrelevant,Irrelevant,Irrelevant,Irrelevant,Irrelevant,Irrelevant,Irrelevant,Irrelevant,Irrelevant,Irrelevant,Irrelevant,Irrelevant,Irrelevant,Irrelevant,Irrelevant
ID1101,Low Relevance,Low Relevance,Low Relevance,Low Relevance,Low Relevance,Low Relevance,Low Relevance,Low Relevance,Low Relevance,Low Relevance,Low Relevance,Low Relevance,Low Relevance,Irrelevant,Irrelevant,Irrelevant,Irrelevant,Irrelevant,Irrelevant,Irrelevant,Irrelevant,Irrelevant,Irrelevant,Irrelevant,Irrelevant,Irrelevant,Irrelevant,Irrelevant,Irrelevant,Irrelevant
ID1102,Low Relevance,Low Relevance,Low Relevance,Low Relevance,Low Relevance,Low Relevance,Low Relevance,Low Relevance,Low Relevance,Low Relevance,Low Relevance,Low Relevance,Irrelevant,Irrelevant,Irrelevant,Irrelevant,Irrelevant,Irrelevant,Irrelevant,Irrelevant,Irrelevant,Irrelevant,Irrelevant,Irrelevant,Irrelevant,Irrelevant,Irrelevant,Irrelevant,Irrelevant,Irrelevant
ID1108,Irrelevant,Irrelevant,Irrelevant,Irrelevant,Irrelevant,Irrelevant,Irrelevant,Irrelevant,Irrelevant,Irrelevant,Irrelevant,Irrelevant,Irrelevant,Irrelevant,Irrelevant,Irrelevant,Irrelevant,Irrelevant,Irrelevant,Irrelevant,Irrelevant,Irrelevant,Irrelevant,Irrelevant,Irrelevant,Irrelevant,Irrelevant,Irrelevant,Irrelevant,Irrelevant
ID1110,Low Relevance,Low Relevance,Low Relevance,Low Relevance,Low Relevance,Low Relevance,Irrelevant,Irrelevant,Irrelevant,Irrelevant,Irrelevant,Irrelevant,Irrelevant,Irrelevant,Irrelevant,Irrelevant,Irrelevant,Irrelevant,Irrelevant,Irrelevant,Irrelevant,Irrelevant,Irrelevant,Irrelevant,Irrelevant,Irrelevant,Irrelevant,Irrelevant,Irrelevant,Irrelevant
ID1112,Irrelevant,Irrelevant,Irrelevant,High Relevance,Irrelevant,Irrelevant,Irrelevant,Irrelevant,Irrelevant,Irrelevant,Irrelevant,Irrelevant,Irrelevant,Irrelevant,Irrelevant,Irrelevant,Irrelevant,Irrelevant,Irrelevant,Irrelevant,Irrelevant,Irrelevant,Irrelevant,Irrelevant,Irrelevant,Irrelevant,Irrelevant,Irrelevant,Irrelevant,Irrelevant
ID1113,High Relevance,Low Relevance,Low Relevance,Low Relevance,Low Relevance,Low Relevance,Low Relevance,Low Relevance,Low Relevance,Low Relevance,Low Relevance,Irrelevant,Irrelevant,Irrelevant,Irrelevant,Irrelevant,Irrelevant,Irrelevant,Irrelevant,Irrelevant,Irrelevant,Irrelevant,Irrelevant,Irrelevant,Irrelevant,Irrelevant,Irrelevant,Irrelevant,Irrelevant,Irrelevant
ID1114,Low Relevance,Low Relevance,Low Relevance,Irrelevant,Low Relevance,Low Relevance,Low Relevance,Irrelevant,Low Relevance,Irrelevant,Irrelevant,Irrelevant,Irrelevant,Irrelevant,Irrelevant,Irrelevant,Irrelevant,Irrelevant,Irrelevant,Irrelevant,Irrelevant,Irrelevant,Irrelevant,Irrelevant,Irrelevant,Irrelevant,Irrelevant,Irrelevant,Irrelevant,Irrelevant
ID1116,Irrelevant,Irrelevant,High Relevance,Irrelevant,Irrelevant,Irrelevant,Irrelevant,Irrelevant,Irrelevant,Irrelevant,Irrelevant,Irrelevant,Irrelevant,Irrelevant,Irrelevant,Irrelevant,Irrelevant,Irrelevant,Irrelevant,Irrelevant,Irrelevant,Irrelevant,Irrelevant,Irrelevant,Irrelevant,Irrelevant,Irrelevant,Irrelevant,Irrelevant,Irrelevant
ID1117,Low Relevance,Low Relevance,Low Relevance,Irrelevant,Irrelevant,Irrelevant,Irrelevant,Irrelevant,Irrelevant,Irrelevant,Irrelevant,Irrelevant,Irrelevant,Irrelevant,Irrelevant,Irrelevant,Irrelevant,Irrelevant,Irrelevant,Irrelevant,Irrelevant,Irrelevant,Irrelevant,Irrelevant,Irrelevant,Irrelevant,Irrelevant,Irrelevant,Irrelevant,Irrelevant
ID1118,Low Relevance,Low Relevance,Low Relevance,Low Relevance,Low Relevance,Low Relevance,Low Relevance,Low Relevance,Low Relevance,Low Relevance,Low Relevance,Low Relevance,Low Relevance,Irrelevant,Irrelevant,Irrelevant,Irrelevant,Irrelevant,Irrelevant,Irrelevant,Irrelevant,Irrelevant,Irrelevant,Irrelevant,Irrelevant,Irrelevant,Irrelevant,Irrelevant,Irrelevant,Irrelevant
ID1119,Low Relevance,Low Relevance,Low Relevance,Low Relevance,Low Relevance,Low Relevance,Low Relevance,Low Relevance,Low Relevance,Low Relevance,Irrelevant,Irrelevant,Irrelevant,Irrelevant,Irrelevant,Irrelevant,Irrelevant,Irrelevant,Irrelevant,Irrelevant,Irrelevant,Irrelevant,Irrelevant,Irrelevant,Irrelevant,Irrelevant,Irrelevant,Irrelevant,Irrelevant,Irrelevant
ID1121,Low Relevance,Low Relevance,Low Relevance,Low Relevance,Low Relevance,Low Relevance,Low Relevance,Low Relevance,Low Relevance,Low Relevance,Irrelevant,Irrelevant,Irrelevant,Irrelevant,Irrelevant,Irrelevant,Irrelevant,Irrelevant,Irrelevant,Irrelevant,Irrelevant,Irrelevant,Irrelevant,Irrelevant,Irrelevant,Irrelevant,Irrelevant,Irrelevant,Irrelevant,Irrelevant
ID1123,Low Relevance,Low Relevance,Low Relevance,Irrelevant,Low Relevance,Low Relevance,Low Relevance,Low Relevance,Irrelevant,Irrelevant,Irrelevant,Irrelevant,Irrelevant,Irrelevant,Irrelevant,Irrelevant,Irrelevant,Irrelevant,Irrelevant,Irrelevant,Irrelevant,Irrelevant,Irrelevant,Irrelevant,Irrelevant,Irrelevant,Irrelevant,Irrelevant,Irrelevant,Irrelevant
ID1125,Low Relevance,Low Relevance,Low Relevance,Irrelevant,Low Relevance,Irrelevant,Irrelevant,Irrelevant,Irrelevant,Irrelevant,Irrelevant,Irrelevant,Irrelevant,Irrelevant,Irrelevant,Irrelevant,Irrelevant,Irrelevant,Irrelevant,Irrelevant,Irrelevant,Irrelevant,Irrelevant,Irrelevant,Irrelevant,Irrelevant,Irrelevant,Irrelevant,Irrelevant,Irrelevant
ID1127,Low Relevance,Low Relevance,Low Relevance,Low Relevance,Low Relevance,Low Relevance,Low Relevance,Low Relevance,Low Relevance,Low Relevance,Low Relevance,Low Relevance,Irrelevant,Irrelevant,Irrelevant,Irrelevant,Irrelevant,Irrelevant,Irrelevant,Irrelevant,Irrelevant,Irrelevant,Irrelevant,Irrelevant,Irrelevant,Irrelevant,Irrelevant,Irrelevant,Irrelevant,Irrelevant
ID1129,Low Relevance,Low Relevance,Low Relevance,Low Relevance,Low Relevance,Low Relevance,Low Relevance,Low Relevance,Low Relevance,Low Relevance,Irrelevant,Irrelevant,Irrelevant,Irrelevant,Irrelevant,Irrelevant,Irrelevant,Irrelevant,Irrelevant,Irrelevant,Irrelevant,Irrelevant,Irrelevant,Irrelevant,Irrelevant,Irrelevant,Irrelevant,Irrelevant,Irrelevant,Irrelevant
ID1130,High Relevance,Low Relevance,High Relevance,High Relevance,Irrelevant,Irrelevant,Irrelevant,Irrelevant,Irrelevant,Irrelevant,Irrelevant,Irrelevant,Irrelevant,Irrelevant,Irrelevant,Irrelevant,Irrelevant,Irrelevant,Irrelevant,Irrelevant,Irrelevant,Irrelevant,Irrelevant,Irrelevant,Irrelevant,Irrelevant,Irrelevant,Irrelevant,Irrelevant,Irrelevant
ID1131,High Relevance,Low Relevance,Low Relevance,Low Relevance,High Relevance,Low Relevance,High Relevance,High Relevance,High Relevance,High Relevance,Low Relevance,Low Relevance,Irrelevant,Irrelevant,Irrelevant,Irrelevant,Irrelevant,Irrelevant,Irrelevant,Irrelevant,Irrelevant,Irrelevant,Irrelevant,Irrelevant,Irrelevant,Irrelevant,Irrelevant,Irrelevant,Irrelevant,Irrelevant
ID1132,Low Relevance,Low Relevance,Low Relevance,Low Relevance,Low Relevance,Low Relevance,Low Relevance,Low Relevance,Low Relevance,Low Relevance,Low Relevance,Low Relevance,Low Relevance,Irrelevant,Irrelevant,Irrelevant,Irrelevant,Irrelevant,Irrelevant,Irrelevant,Irrelevant,Irrelevant,Irrelevant,Irrelevant,Irrelevant,Irrelevant,Irrelevant,Irrelevant,Irrelevant,Irrelevant
ID1135,Low Relevance,Low Relevance,Low Relevance,Low Relevance,Low Relevance,Low Relevance,Low Relevance,Low Relevance,Low Relevance,Irrelevant,Irrelevant,Irrelevant,Irrelevant,Irrelevant,Irrelevant,Irrelevant,Irrelevant,Irrelevant,Irrelevant,Irrelevant,Irrelevant,Irrelevant,Irrelevant,Irrelevant,Irrelevant,Irrelevant,Irrelevant,Irrelevant,Irrelevant,Irrelevant
ID1137,Low Relevance,Low Relevance,Low Relevance,Low Relevance,Low Relevance,Low Relevance,Low Relevance,Low Relevance,Low Relevance,Irrelevant,Irrelevant,Irrelevant,Irrelevant,Irrelevant,Irrelevant,Irrelevant,Irrelevant,Irrelevant,Irrelevant,Irrelevant,Irrelevant,Irrelevant,Irrelevant,Irrelevant,Irrelevant,Irrelevant,Irrelevant,Irrelevant,Irrelevant,Irrelevant
ID1138,High Relevance,Low Relevance,High Relevance,High Relevance,Low Relevance,Low Relevance,Low Relevance,Irrelevant,Irrelevant,Irrelevant,Irrelevant,Irrelevant,Irrelevant,Irrelevant,Irrelevant,Irrelevant,Irrelevant,Irrelevant,Irrelevant,Irrelevant,Irrelevant,Irrelevant,Irrelevant,Irrelevant,Irrelevant,Irrelevant,Irrelevant,Irrelevant,Irrelevant,Irrelevant
ID1139,Irrelevant,Irrelevant,Irrelevant,Irrelevant,Irrelevant,Irrelevant,Irrelevant,Irrelevant,Irrelevant,Irrelevant,Irrelevant,Irrelevant,Irrelevant,Irrelevant,Irrelevant,Irrelevant,Irrelevant,Irrelevant,Irrelevant,Irrelevant,Irrelevant,Irrelevant,Irrelevant,Irrelevant,Irrelevant,Irrelevant,Irrelevant,Irrelevant,Irrelevant,Irrelevant
ID1140,Irrelevant,Irrelevant,Irrelevant,Irrelevant,Irrelevant,Irrelevant,Irrelevant,Irrelevant,Irrelevant,Irrelevant,Irrelevant,Irrelevant,Irrelevant,Irrelevant,Irrelevant,Irrelevant,Irrelevant,Irrelevant,Irrelevant,Irrelevant,Irrelevant,Irrelevant,Irrelevant,Irrelevant,Irrelevant,Irrelevant,Irrelevant,Irrelevant,Irrelevant,Irrelevant
ID1141,Irrelevant,Irrelevant,Irrelevant,Irrelevant,Irrelevant,Irrelevant,Irrelevant,Irrelevant,Irrelevant,Irrelevant,Irrelevant,Irrelevant,Irrelevant,Irrelevant,Irrelevant,Irrelevant,Irrelevant,Irrelevant,Irrelevant,Irrelevant,Irrelevant,Irrelevant,Irrelevant,Irrelevant,Irrelevant,Irrelevant,Irrelevant,Irrelevant,Irrelevant,Irrelevant
ID1142,Low Relevance,Low Relevance,Low Relevance,Low Relevance,Low Relevance,Low Relevance,Low Relevance,Low Relevance,Low Relevance,Low Relevance,Irrelevant,Irrelevant,Irrelevant,Irrelevant,Irrelevant,Irrelevant,Irrelevant,Irrelevant,Irrelevant,Irrelevant,Irrelevant,Irrelevant,Irrelevant,Irrelevant,Irrelevant,Irrelevant,Irrelevant,Irrelevant,Irrelevant,Irrelevant
ID1146,Low Relevance,Low Relevance,Low Relevance,Low Relevance,Low Relevance,Low Relevance,Low Relevance,Irrelevant,Irrelevant,Irrelevant,Irrelevant,Irrelevant,Irrelevant,Irrelevant,Irrelevant,Irrelevant,Irrelevant,Irrelevant,Irrelevant,Irrelevant,Irrelevant,Irrelevant,Irrelevant,Irrelevant,Irrelevant,Irrelevant,Irrelevant,Irrelevant,Irrelevant,Irrelevant
ID1147,Irrelevant,Irrelevant,Irrelevant,Irrelevant,Irrelevant,Irrelevant,Irrelevant,Irrelevant,Irrelevant,Irrelevant,Irrelevant,Irrelevant,Irrelevant,Irrelevant,Irrelevant,Irrelevant,Irrelevant,Irrelevant,Irrelevant,Irrelevant,Irrelevant,Irrelevant,Irrelevant,Irrelevant,Irrelevant,Irrelevant,Irrelevant,Irrelevant,Irrelevant,Irrelevant
ID1148,High Relevance,Low Relevance,Low Relevance,Low Relevance,Low Relevance,High Relevance,Low Relevance,High Relevance,Low Relevance,Low Relevance,Irrelevant,Irrelevant,Irrelevant,Irrelevant,Irrelevant,Irrelevant,Irrelevant,Irrelevant,Irrelevant,Irrelevant,Irrelevant,Irrelevant,Irrelevant,Irrelevant,Irrelevant,Irrelevant,Irrelevant,Irrelevant,Irrelevant,Irrelevant
ID1149,Low Relevance,Low Relevance,Low Relevance,Low Relevance,Low Relevance,Low Relevance,Low Relevance,Low Relevance,Irrelevant,Irrelevant,Irrelevant,Irrelevant,Irrelevant,Irrelevant,Irrelevant,Irrelevant,Irrelevant,Irrelevant,Irrelevant,Irrelevant,Irrelevant,Irrelevant,Irrelevant,Irrelevant,Irrelevant,Irrelevant,Irrelevant,Irrelevant,Irrelevant,Irrelevant
ID1150,Low Relevance,Low Relevance,Low Relevance,Low Relevance,Low Relevance,Low Relevance,Low Relevance,Low Relevance,Low Relevance,Low Relevance,Low Relevance,Low Relevance,Low Relevance,Irrelevant,Irrelevant,Irrelevant,Irrelevant,Irrelevant,Irrelevant,Irrelevant,Irrelevant,Irrelevant,Irrelevant,Irrelevant,Irrelevant,Irrelevant,Irrelevant,Irrelevant,Irrelevant,Irrelevant
ID1151,Irrelevant,Irrelevant,Irrelevant,Irrelevant,Irrelevant,Irrelevant,Irrelevant,Irrelevant,Irrelevant,Irrelevant,Irrelevant,Irrelevant,Irrelevant,Irrelevant,Irrelevant,Irrelevant,Irrelevant,Irrelevant,Irrelevant,Irrelevant,Irrelevant,Irrelevant,Irrelevant,Irrelevant,Irrelevant,Irrelevant,Irrelevant,Irrelevant,Irrelevant,Irrelevant
ID1152,Irrelevant,Irrelevant,Irrelevant,Irrelevant,Irrelevant,Irrelevant,Irrelevant,Irrelevant,Irrelevant,Irrelevant,Irrelevant,Irrelevant,Irrelevant,Irrelevant,Irrelevant,Irrelevant,Irrelevant,Irrelevant,Irrelevant,Irrelevant,Irrelevant,Irrelevant,Irrelevant,Irrelevant,Irrelevant,Irrelevant,Irrelevant,Irrelevant,Irrelevant,Irrelevant
ID1153,Low Relevance,Low Relevance,Low Relevance,Low Relevance,Low Relevance,Low Relevance,High Relevance,Low Relevance,Low Relevance,Irrelevant,Irrelevant,Irrelevant,Irrelevant,Irrelevant,Irrelevant,Irrelevant,Irrelevant,Irrelevant,Irrelevant,Irrelevant,Irrelevant,Irrelevant,Irrelevant,Irrelevant,Irrelevant,Irrelevant,Irrelevant,Irrelevant,Irrelevant,Irrelevant
ID1154,Irrelevant,Irrelevant,Irrelevant,Irrelevant,Irrelevant,Irrelevant,Irrelevant,Irrelevant,Irrelevant,Irrelevant,Irrelevant,Irrelevant,Irrelevant,Irrelevant,Irrelevant,Irrelevant,Irrelevant,Irrelevant,Irrelevant,Irrelevant,Irrelevant,Irrelevant,Irrelevant,Irrelevant,Irrelevant,Irrelevant,Irrelevant,Irrelevant,Irrelevant,Irrelevant
ID1155,Low Relevance,Low Relevance,Low Relevance,Low Relevance,Low Relevance,Low Relevance,Low Relevance,Low Relevance,Low Relevance,Irrelevant,Irrelevant,Irrelevant,Irrelevant,Irrelevant,Irrelevant,Irrelevant,Irrelevant,Irrelevant,Irrelevant,Irrelevant,Irrelevant,Irrelevant,Irrelevant,Irrelevant,Irrelevant,Irrelevant,Irrelevant,Irrelevant,Irrelevant,Irrelevant
ID1157,High Relevance,Low Relevance,Low Relevance,Low Relevance,Low Relevance,Low Relevance,Low Relevance,Low Relevance,Low Relevance,Low Relevance,Low Relevance,Irrelevant,Irrelevant,Irrelevant,Irrelevant,Irrelevant,Irrelevant,Irrelevant,Irrelevant,Irrelevant,Irrelevant,Irrelevant,Irrelevant,Irrelevant,Irrelevant,Irrelevant,Irrelevant,Irrelevant,Irrelevant,Irrelevant
ID1158,High Relevance,Low Relevance,Low Relevance,Low Relevance,Low Relevance,Low Relevance,Low Relevance,Low Relevance,Low Relevance,Low Relevance,Irrelevant,Irrelevant,Irrelevant,Irrelevant,Irrelevant,Irrelevant,Irrelevant,Irrelevant,Irrelevant,Irrelevant,Irrelevant,Irrelevant,Irrelevant,Irrelevant,Irrelevant,Irrelevant,Irrelevant,Irrelevant,Irrelevant,Irrelevant
ID1160,Low Relevance,Low Relevance,Low Relevance,Low Relevance,Low Relevance,Low Relevance,Low Relevance,Low Relevance,Low Relevance,Low Relevance,Irrelevant,Irrelevant,Irrelevant,Irrelevant,Irrelevant,Irrelevant,Irrelevant,Irrelevant,Irrelevant,Irrelevant,Irrelevant,Irrelevant,Irrelevant,Irrelevant,Irrelevant,Irrelevant,Irrelevant,Irrelevant,Irrelevant,Irrelevant
ID1161,Low Relevance,Irrelevant,Irrelevant,Irrelevant,Irrelevant,Irrelevant,Irrelevant,Irrelevant,Irrelevant,Irrelevant,Irrelevant,Irrelevant,Irrelevant,Irrelevant,Irrelevant,Irrelevant,Irrelevant,Irrelevant,Irrelevant,Irrelevant,Irrelevant,Irrelevant,Irrelevant,Irrelevant,Irrelevant,Irrelevant,Irrelevant,Irrelevant,Irrelevant,Irrelevant
ID1162,Low Relevance,Low Relevance,Low Relevance,Low Relevance,Low Relevance,Low Relevance,Low Relevance,Low Relevance,Low Relevance,Low Relevance,Low Relevance,Low Relevance,Low Relevance,Irrelevant,Irrelevant,Irrelevant,Irrelevant,Irrelevant,Irrelevant,Irrelevant,Irrelevant,Irrelevant,Irrelevant,Irrelevant,Irrelevant,Irrelevant,Irrelevant,Irrelevant,Irrelevant,Irrelevant
ID1163,High Relevance,High Relevance,High Relevance,Low Relevance,High Relevance,High Relevance,Low Relevance,Low Relevance,High Relevance,Irrelevant,Irrelevant,Irrelevant,Irrelevant,Irrelevant,Irrelevant,Irrelevant,Irrelevant,Irrelevant,Irrelevant,Irrelevant,Irrelevant,Irrelevant,Irrelevant,Irrelevant,Irrelevant,Irrelevant,Irrelevant,Irrelevant,Irrelevant,Irrelevant
ID1164,Irrelevant,Irrelevant,Irrelevant,Irrelevant,Irrelevant,Irrelevant,Irrelevant,Irrelevant,Irrelevant,Irrelevant,Irrelevant,Irrelevant,Irrelevant,Irrelevant,Irrelevant,Irrelevant,Irrelevant,Irrelevant,Irrelevant,Irrelevant,Irrelevant,Irrelevant,Irrelevant,Irrelevant,Irrelevant,Irrelevant,Irrelevant,Irrelevant,Irrelevant,Irrelevant
ID1166,Low Relevance,Low Relevance,Low Relevance,Irrelevant,Low Relevance,Low Relevance,Irrelevant,Irrelevant,Irrelevant,Irrelevant,Irrelevant,Irrelevant,Irrelevant,Irrelevant,Irrelevant,Irrelevant,Irrelevant,Irrelevant,Irrelevant,Irrelevant,Irrelevant,Irrelevant,Irrelevant,Irrelevant,Irrelevant,Irrelevant,Irrelevant,Irrelevant,Irrelevant,Irrelevant
ID1167,Irrelevant,Irrelevant,Irrelevant,Irrelevant,Irrelevant,Irrelevant,Irrelevant,Irrelevant,Irrelevant,Irrelevant,Irrelevant,Irrelevant,Irrelevant,Irrelevant,Irrelevant,Irrelevant,Irrelevant,Irrelevant,Irrelevant,Irrelevant,Irrelevant,Irrelevant,Irrelevant,Irrelevant,Irrelevant,Irrelevant,Irrelevant,Irrelevant,Irrelevant,Irrelevant
ID1170,High Relevance,Low Relevance,Low Relevance,Low Relevance,Low Relevance,Low Relevance,Low Relevance,Low Relevance,Low Relevance,Low Relevance,Irrelevant,Irrelevant,Irrelevant,Irrelevant,Irrelevant,Irrelevant,Irrelevant,Irrelevant,Irrelevant,Irrelevant,Irrelevant,Irrelevant,Irrelevant,Irrelevant,Irrelevant,Irrelevant,Irrelevant,Irrelevant,Irrelevant,Irrelevant
ID1171,Irrelevant,Irrelevant,Irrelevant,Irrelevant,Irrelevant,Irrelevant,Irrelevant,Irrelevant,Irrelevant,Irrelevant,Irrelevant,Irrelevant,Irrelevant,Irrelevant,Irrelevant,Irrelevant,Irrelevant,Irrelevant,Irrelevant,Irrelevant,Irrelevant,Irrelevant,Irrelevant,Irrelevant,Irrelevant,Irrelevant,Irrelevant,Irrelevant,Irrelevant,Irrelevant
ID1172,Low Relevance,Irrelevant,Low Relevance,Low Relevance,Irrelevant,Irrelevant,Irrelevant,Irrelevant,Irrelevant,Irrelevant,Irrelevant,Irrelevant,Irrelevant,Irrelevant,Irrelevant,Irrelevant,Irrelevant,Irrelevant,Irrelevant,Irrelevant,Irrelevant,Irrelevant,Irrelevant,Irrelevant,Irrelevant,Irrelevant,Irrelevant,Irrelevant,Irrelevant,Irrelevant
ID1174,Low Relevance,Low Relevance,Low Relevance,Low Relevance,Low Relevance,Low Relevance,Low Relevance,Low Relevance,Irrelevant,Irrelevant,Irrelevant,Irrelevant,Irrelevant,Irrelevant,Irrelevant,Irrelevant,Irrelevant,Irrelevant,Irrelevant,Irrelevant,Irrelevant,Irrelevant,Irrelevant,Irrelevant,Irrelevant,Irrelevant,Irrelevant,Irrelevant,Irrelevant,Irrelevant
ID1175,Irrelevant,Irrelevant,Irrelevant,Irrelevant,Irrelevant,Irrelevant,Irrelevant,Irrelevant,Irrelevant,Irrelevant,Irrelevant,Irrelevant,Irrelevant,Irrelevant,Irrelevant,Irrelevant,Irrelevant,Irrelevant,Irrelevant,Irrelevant,Irrelevant,Irrelevant,Irrelevant,Irrelevant,Irrelevant,Irrelevant,Irrelevant,Irrelevant,Irrelevant,Irrelevant
ID1176,Irrelevant,Irrelevant,Irrelevant,Irrelevant,Irrelevant,Irrelevant,Irrelevant,Irrelevant,Irrelevant,Irrelevant,Irrelevant,Irrelevant,Irrelevant,Irrelevant,Irrelevant,Irrelevant,Irrelevant,Irrelevant,Irrelevant,Irrelevant,Irrelevant,Irrelevant,Irrelevant,Irrelevant,Irrelevant,Irrelevant,Irrelevant,Irrelevant,Irrelevant,Irrelevant
ID1178,High Relevance,Low Relevance,Low Relevance,High Relevance,Low Relevance,Low Relevance,Low Relevance,Low Relevance,Low Relevance,Low Relevance,Low Relevance,Low Relevance,Low Relevance,Irrelevant,Irrelevant,Irrelevant,Irrelevant,Irrelevant,Irrelevant,Irrelevant,Irrelevant,Irrelevant,Irrelevant,Irrelevant,Irrelevant,Irrelevant,Irrelevant,Irrelevant,Irrelevant,Irrelevant
ID1179,Irrelevant,Irrelevant,Irrelevant,Irrelevant,Irrelevant,Irrelevant,Irrelevant,Irrelevant,Irrelevant,Irrelevant,Irrelevant,Irrelevant,Irrelevant,Irrelevant,Irrelevant,Irrelevant,Irrelevant,Irrelevant,Irrelevant,Irrelevant,Irrelevant,Irrelevant,Irrelevant,Irrelevant,Irrelevant,Irrelevant,Irrelevant,Irrelevant,Irrelevant,Irrelevant
ID1180,Irrelevant,Irrelevant,Irrelevant,Irrelevant,Irrelevant,Irrelevant,Irrelevant,Irrelevant,Irrelevant,Irrelevant,Irrelevant,Irrelevant,Irrelevant,Irrelevant,Irrelevant,Irrelevant,Irrelevant,Irrelevant,Irrelevant,Irrelevant,Irrelevant,Irrelevant,Irrelevant,Irrelevant,Irrelevant,Irrelevant,Irrelevant,Irrelevant,Irrelevant,Irrelevant
ID1181,Irrelevant,Low Relevance,Irrelevant,Irrelevant,Irrelevant,Irrelevant,Irrelevant,Irrelevant,Irrelevant,Irrelevant,Irrelevant,Irrelevant,Irrelevant,Irrelevant,Irrelevant,Irrelevant,Irrelevant,Irrelevant,Irrelevant,Irrelevant,Irrelevant,Irrelevant,Irrelevant,Irrelevant,Irrelevant,Irrelevant,Irrelevant,Irrelevant,Irrelevant,Irrelevant
ID1182,Irrelevant,Irrelevant,Irrelevant,Irrelevant,Irrelevant,Irrelevant,Irrelevant,Irrelevant,Irrelevant,Irrelevant,Irrelevant,Irrelevant,Irrelevant,Irrelevant,Irrelevant,Irrelevant,Irrelevant,Irrelevant,Irrelevant,Irrelevant,Irrelevant,Irrelevant,Irrelevant,Irrelevant,Irrelevant,Irrelevant,Irrelevant,Irrelevant,Irrelevant,Irrelevant
ID1183,Low Relevance,Low Relevance,Low Relevance,Low Relevance,Low Relevance,Low Relevance,Low Relevance,Low Relevance,Low Relevance,Low Relevance,Low Relevance,Low Relevance,Low Relevance,Irrelevant,Irrelevant,Irrelevant,Irrelevant,Irrelevant,Irrelevant,Irrelevant,Irrelevant,Irrelevant,Irrelevant,Irrelevant,Irrelevant,Irrelevant,Irrelevant,Irrelevant,Irrelevant,Irrelevant
ID1184,Low Relevance,Irrelevant,Irrelevant,Irrelevant,Irrelevant,Irrelevant,Irrelevant,Irrelevant,Irrelevant,Irrelevant,Irrelevant,Irrelevant,Irrelevant,Irrelevant,Irrelevant,Irrelevant,Irrelevant,Irrelevant,Irrelevant,Irrelevant,Irrelevant,Irrelevant,Irrelevant,Irrelevant,Irrelevant,Irrelevant,Irrelevant,Irrelevant,Irrelevant,Irrelevant
ID1185,Irrelevant,Irrelevant,Irrelevant,Irrelevant,Irrelevant,Irrelevant,Irrelevant,Irrelevant,Irrelevant,Irrelevant,Irrelevant,Irrelevant,Irrelevant,Irrelevant,Irrelevant,Irrelevant,Irrelevant,Irrelevant,Irrelevant,Irrelevant,Irrelevant,Irrelevant,Irrelevant,Irrelevant,Irrelevant,Irrelevant,Irrelevant,Irrelevant,Irrelevant,Irrelevant
ID1187,High Relevance,Low Relevance,Low Relevance,Low Relevance,Low Relevance,Low Relevance,Low Relevance,High Relevance,Low Relevance,Low Relevance,Low Relevance,Low Relevance,Irrelevant,Irrelevant,Irrelevant,Irrelevant,Irrelevant,Irrelevant,Irrelevant,Irrelevant,Irrelevant,Irrelevant,Irrelevant,Irrelevant,Irrelevant,Irrelevant,Irrelevant,Irrelevant,Irrelevant,Irrelevant
ID1189,Irrelevant,Irrelevant,Irrelevant,Irrelevant,Irrelevant,Irrelevant,Irrelevant,Irrelevant,Irrelevant,Irrelevant,Irrelevant,Irrelevant,Irrelevant,Irrelevant,Irrelevant,Irrelevant,Irrelevant,Irrelevant,Irrelevant,Irrelevant,Irrelevant,Irrelevant,Irrelevant,Irrelevant,Irrelevant,Irrelevant,Irrelevant,Irrelevant,Irrelevant,Irrelevant
ID1190,Low Relevance,Low Relevance,Low Relevance,Low Relevance,Low Relevance,Irrelevant,Irrelevant,Irrelevant,Irrelevant,Irrelevant,Irrelevant,Irrelevant,Irrelevant,Irrelevant,Irrelevant,Irrelevant,Irrelevant,Irrelevant,Irrelevant,Irrelevant,Irrelevant,Irrelevant,Irrelevant,Irrelevant,Irrelevant,Irrelevant,Irrelevant,Irrelevant,Irrelevant,Irrelevant
ID1193,High Relevance,Irrelevant,High Relevance,Irrelevant,Irrelevant,Irrelevant,Irrelevant,Irrelevant,Irrelevant,Irrelevant,Irrelevant,Irrelevant,Irrelevant,Irrelevant,Irrelevant,Irrelevant,Irrelevant,Irrelevant,Irrelevant,Irrelevant,Irrelevant,Irrelevant,Irrelevant,Irrelevant,Irrelevant,Irrelevant,Irrelevant,Irrelevant,Irrelevant,Irrelevant
ID1194,Irrelevant,Irrelevant,Irrelevant,Irrelevant,Irrelevant,Irrelevant,Irrelevant,Irrelevant,Irrelevant,Irrelevant,Irrelevant,Irrelevant,Irrelevant,Irrelevant,Irrelevant,Irrelevant,Irrelevant,Irrelevant,Irrelevant,Irrelevant,Irrelevant,Irrelevant,Irrelevant,Irrelevant,Irrelevant,Irrelevant,Irrelevant,Irrelevant,Irrelevant,Irrelevant
ID1197,Irrelevant,Irrelevant,Irrelevant,Irrelevant,Irrelevant,Irrelevant,Irrelevant,Irrelevant,Irrelevant,Irrelevant,Irrelevant,Irrelevant,Irrelevant,Irrelevant,Irrelevant,Irrelevant,Irrelevant,Irrelevant,Irrelevant,Irrelevant,Irrelevant,Irrelevant,Irrelevant,Irrelevant,Irrelevant,Irrelevant,Irrelevant,Irrelevant,Irrelevant,Irrelevant
ID1198,Irrelevant,Irrelevant,Irrelevant,Irrelevant,Irrelevant,Irrelevant,Irrelevant,Irrelevant,Irrelevant,Irrelevant,Irrelevant,Irrelevant,Irrelevant,Irrelevant,Irrelevant,Irrelevant,Irrelevant,Irrelevant,Irrelevant,Irrelevant,Irrelevant,Irrelevant,Irrelevant,Irrelevant,Irrelevant,Irrelevant,Irrelevant,Irrelevant,Irrelevant,Irrelevant
ID1199,Irrelevant,Irrelevant,Irrelevant,Irrelevant,Irrelevant,Irrelevant,Irrelevant,Irrelevant,Irrelevant,Irrelevant,Irrelevant,Irrelevant,Irrelevant,Irrelevant,Irrelevant,Irrelevant,Irrelevant,Irrelevant,Irrelevant,Irrelevant,Irrelevant,Irrelevant,Irrelevant,Irrelevant,Irrelevant,Irrelevant,Irrelevant,Irrelevant,Irrelevant,Irrelevant
ID1200,High Relevance,Low Relevance,High Relevance,Low Relevance,Low Relevance,Low Relevance,Low Relevance,High Relevance,High Relevance,High Relevance,Irrelevant,Irrelevant,Irrelevant,Irrelevant,Irrelevant,Irrelevant,Irrelevant,Irrelevant,Irrelevant,Irrelevant,Irrelevant,Irrelevant,Irrelevant,Irrelevant,Irrelevant,Irrelevant,Irrelevant,Irrelevant,Irrelevant,Irrelevant
ID1201,Low Relevance,Low Relevance,Low Relevance,Low Relevance,Low Relevance,Low Relevance,Low Relevance,Low Relevance,Low Relevance,Low Relevance,Low Relevance,Low Relevance,Irrelevant,Irrelevant,Irrelevant,Irrelevant,Irrelevant,Irrelevant,Irrelevant,Irrelevant,Irrelevant,Irrelevant,Irrelevant,Irrelevant,Irrelevant,Irrelevant,Irrelevant,Irrelevant,Irrelevant,Irrelevant
ID1202,High Relevance,Low Relevance,Low Relevance,High Relevance,High Relevance,Irrelevant,Irrelevant,Low Relevance,High Relevance,Low Relevance,Irrelevant,Irrelevant,Irrelevant,Irrelevant,Irrelevant,Irrelevant,Irrelevant,Irrelevant,Irrelevant,Irrelevant,Irrelevant,Irrelevant,Irrelevant,Irrelevant,Irrelevant,Irrelevant,Irrelevant,Irrelevant,Irrelevant,Irrelevant
ID1204,Low Relevance,Low Relevance,Low Relevance,Low Relevance,Low Relevance,Low Relevance,Low Relevance,Irrelevant,Irrelevant,Irrelevant,Irrelevant,Irrelevant,Irrelevant,Irrelevant,Irrelevant,Irrelevant,Irrelevant,Irrelevant,Irrelevant,Irrelevant,Irrelevant,Irrelevant,Irrelevant,Irrelevant,Irrelevant,Irrelevant,Irrelevant,Irrelevant,Irrelevant,Irrelevant
ID1206,Irrelevant,Irrelevant,Irrelevant,Irrelevant,Irrelevant,Irrelevant,Irrelevant,Irrelevant,Irrelevant,Irrelevant,Irrelevant,Irrelevant,Irrelevant,Irrelevant,Irrelevant,Irrelevant,Irrelevant,Irrelevant,Irrelevant,Irrelevant,Irrelevant,Irrelevant,Irrelevant,Irrelevant,Irrelevant,Irrelevant,Irrelevant,Irrelevant,Irrelevant,Irrelevant
ID1207,Irrelevant,Irrelevant,Irrelevant,Irrelevant,Irrelevant,Irrelevant,Irrelevant,Irrelevant,Irrelevant,Irrelevant,Irrelevant,Irrelevant,Irrelevant,Irrelevant,Irrelevant,Irrelevant,Irrelevant,Irrelevant,Irrelevant,Irrelevant,Irrelevant,Irrelevant,Irrelevant,Irrelevant,Irrelevant,Irrelevant,Irrelevant,Irrelevant,Irrelevant,Irrelevant
ID1208,Low Relevance,Low Relevance,Low Relevance,Low Relevance,Low Relevance,Low Relevance,Low Relevance,Irrelevant,Irrelevant,Irrelevant,Irrelevant,Irrelevant,Irrelevant,Irrelevant,Irrelevant,Irrelevant,Irrelevant,Irrelevant,Irrelevant,Irrelevant,Irrelevant,Irrelevant,Irrelevant,Irrelevant,Irrelevant,Irrelevant,Irrelevant,Irrelevant,Irrelevant,Irrelevant
ID1209,Irrelevant,Irrelevant,Irrelevant,Irrelevant,Irrelevant,Irrelevant,Irrelevant,Irrelevant,Irrelevant,Irrelevant,Irrelevant,Irrelevant,Irrelevant,Irrelevant,Irrelevant,Irrelevant,Irrelevant,Irrelevant,Irrelevant,Irrelevant,Irrelevant,Irrelevant,Irrelevant,Irrelevant,Irrelevant,Irrelevant,Irrelevant,Irrelevant,Irrelevant,Irrelevant
ID1212,Irrelevant,Irrelevant,Irrelevant,Irrelevant,Irrelevant,Irrelevant,Irrelevant,Irrelevant,Irrelevant,Irrelevant,Irrelevant,Irrelevant,Irrelevant,Irrelevant,Irrelevant,Irrelevant,Irrelevant,Irrelevant,Irrelevant,Irrelevant,Irrelevant,Irrelevant,Irrelevant,Irrelevant,Irrelevant,Irrelevant,Irrelevant,Irrelevant,Irrelevant,Irrelevant
ID1214,Low Relevance,Low Relevance,Low Relevance,Low Relevance,Low Relevance,Low Relevance,Low Relevance,Low Relevance,Low Relevance,Low Relevance,Low Relevance,Low Relevance,Low Relevance,Irrelevant,Irrelevant,Irrelevant,Irrelevant,Irrelevant,Irrelevant,Irrelevant,Irrelevant,Irrelevant,Irrelevant,Irrelevant,Irrelevant,Irrelevant,Irrelevant,Irrelevant,Irrelevant,Irrelevant
ID1215,Low Relevance,Low Relevance,Low Relevance,Low Relevance,Low Relevance,High Relevance,Low Relevance,Low Relevance,Low Relevance,Low Relevance,Low Relevance,Low Relevance,Irrelevant,Irrelevant,Irrelevant,Irrelevant,Irrelevant,Irrelevant,Irrelevant,Irrelevant,Irrelevant,Irrelevant,Irrelevant,Irrelevant,Irrelevant,Irrelevant,Irrelevant,Irrelevant,Irrelevant,Irrelevant
ID1216,Low Relevance,Low Relevance,Low Relevance,Low Relevance,Low Relevance,High Relevance,High Relevance,High Relevance,Irrelevant,Irrelevant,Irrelevant,Irrelevant,Irrelevant,Irrelevant,Irrelevant,Irrelevant,Irrelevant,Irrelevant,Irrelevant,Irrelevant,Irrelevant,Irrelevant,Irrelevant,Irrelevant,Irrelevant,Irrelevant,Irrelevant,Irrelevant,Irrelevant,Irrelevant
ID1217,Low Relevance,Irrelevant,Low Relevance,Irrelevant,Irrelevant,Irrelevant,Irrelevant,Irrelevant,Irrelevant,Irrelevant,Irrelevant,Irrelevant,Irrelevant,Irrelevant,Irrelevant,Irrelevant,Irrelevant,Irrelevant,Irrelevant,Irrelevant,Irrelevant,Irrelevant,Irrelevant,Irrelevant,Irrelevant,Irrelevant,Irrelevant,Irrelevant,Irrelevant,Irrelevant
ID1218,Low Relevance,Low Relevance,Low Relevance,Low Relevance,Irrelevant,Low Relevance,Irrelevant,Irrelevant,Low Relevance,Low Relevance,Low Relevance,Irrelevant,Irrelevant,Irrelevant,Irrelevant,Irrelevant,Irrelevant,Irrelevant,Irrelevant,Irrelevant,Irrelevant,Irrelevant,Irrelevant,Irrelevant,Irrelevant,Irrelevant,Irrelevant,Irrelevant,Irrelevant,Irrelevant
ID1219,Low Relevance,Low Relevance,Irrelevant,Irrelevant,Irrelevant,Low Relevance,Irrelevant,Low Relevance,Low Relevance,Irrelevant,Low Relevance,Irrelevant,Irrelevant,Irrelevant,Irrelevant,Irrelevant,Irrelevant,Irrelevant,Irrelevant,Irrelevant,Irrelevant,Irrelevant,Irrelevant,Irrelevant,Irrelevant,Irrelevant,Irrelevant,Irrelevant,Irrelevant,Irrelevant
ID1221,Irrelevant,Irrelevant,Irrelevant,Irrelevant,Irrelevant,Irrelevant,Irrelevant,Irrelevant,Irrelevant,Irrelevant,Irrelevant,Irrelevant,Irrelevant,Irrelevant,Irrelevant,Irrelevant,Irrelevant,Irrelevant,Irrelevant,Irrelevant,Irrelevant,Irrelevant,Irrelevant,Irrelevant,Irrelevant,Irrelevant,Irrelevant,Irrelevant,Irrelevant,Irrelevant
ID1223,Irrelevant,Irrelevant,Irrelevant,Irrelevant,Irrelevant,Irrelevant,Irrelevant,Irrelevant,Irrelevant,Irrelevant,Irrelevant,Irrelevant,Irrelevant,Irrelevant,Irrelevant,Irrelevant,Irrelevant,Irrelevant,Irrelevant,Irrelevant,Irrelevant,Irrelevant,Irrelevant,Irrelevant,Irrelevant,Irrelevant,Irrelevant,Irrelevant,Irrelevant,Irrelevant
ID1224,Low Relevance,Irrelevant,Low Relevance,Irrelevant,Irrelevant,Irrelevant,Irrelevant,Irrelevant,Irrelevant,Irrelevant,Irrelevant,Irrelevant,Irrelevant,Irrelevant,Irrelevant,Irrelevant,Irrelevant,Irrelevant,Irrelevant,Irrelevant,Irrelevant,Irrelevant,Irrelevant,Irrelevant,Irrelevant,Irrelevant,Irrelevant,Irrelevant,Irrelevant,Irrelevant
ID1226,Low Relevance,Low Relevance,Low Relevance,Low Relevance,Irrelevant,Irrelevant,Irrelevant,Irrelevant,Irrelevant,Irrelevant,Irrelevant,Irrelevant,Irrelevant,Irrelevant,Irrelevant,Irrelevant,Irrelevant,Irrelevant,Irrelevant,Irrelevant,Irrelevant,Irrelevant,Irrelevant,Irrelevant,Irrelevant,Irrelevant,Irrelevant,Irrelevant,Irrelevant,Irrelevant
ID1227,Low Relevance,Low Relevance,Low Relevance,Low Relevance,Low Relevance,Low Relevance,Low Relevance,Irrelevant,Irrelevant,Irrelevant,Irrelevant,Irrelevant,Irrelevant,Irrelevant,Irrelevant,Irrelevant,Irrelevant,Irrelevant,Irrelevant,Irrelevant,Irrelevant,Irrelevant,Irrelevant,Irrelevant,Irrelevant,Irrelevant,Irrelevant,Irrelevant,Irrelevant,Irrelevant
ID1228,Low Relevance,Low Relevance,Low Relevance,Low Relevance,Low Relevance,Low Relevance,Low Relevance,Low Relevance,Low Relevance,Low Relevance,Irrelevant,Irrelevant,Irrelevant,Irrelevant,Irrelevant,Irrelevant,Irrelevant,Irrelevant,Irrelevant,Irrelevant,Irrelevant,Irrelevant,Irrelevant,Irrelevant,Irrelevant,Irrelevant,Irrelevant,Irrelevant,Irrelevant,Irrelevant
ID1229,High Relevance,Low Relevance,Low Relevance,Low Relevance,Low Relevance,High Relevance,Low Relevance,Low Relevance,Low Relevance,Low Relevance,Low Relevance,Low Relevance,Low Relevance,Irrelevant,Irrelevant,Irrelevant,Irrelevant,Irrelevant,Irrelevant,Irrelevant,Irrelevant,Irrelevant,Irrelevant,Irrelevant,Irrelevant,Irrelevant,Irrelevant,Irrelevant,Irrelevant,Irrelevant
ID1230,Low Relevance,High Relevance,Low Relevance,Low Relevance,High Relevance,Low Relevance,Low Relevance,Irrelevant,Low Relevance,Low Relevance,Irrelevant,Irrelevant,Irrelevant,Irrelevant,Irrelevant,Irrelevant,Irrelevant,Irrelevant,Irrelevant,Irrelevant,Irrelevant,Irrelevant,Irrelevant,Irrelevant,Irrelevant,Irrelevant,Irrelevant,Irrelevant,Irrelevant,Irrelevant
ID1232,High Relevance,Low Relevance,Low Relevance,High Relevance,Low Relevance,Low Relevance,Low Relevance,Low Relevance,Low Relevance,Low Relevance,High Relevance,Irrelevant,Irrelevant,Irrelevant,Irrelevant,Irrelevant,Irrelevant,Irrelevant,Irrelevant,Irrelevant,Irrelevant,Irrelevant,Irrelevant,Irrelevant,Irrelevant,Irrelevant,Irrelevant,Irrelevant,Irrelevant,Irrelevant
ID1233,High Relevance,Low Relevance,Low Relevance,High Relevance,Low Relevance,Low Relevance,Low Relevance,Low Relevance,Low Relevance,Low Relevance,Low Relevance,Low Relevance,Low Relevance,Irrelevant,Irrelevant,Irrelevant,Irrelevant,Irrelevant,Irrelevant,Irrelevant,Irrelevant,Irrelevant,Irrelevant,Irrelevant,Irrelevant,Irrelevant,Irrelevant,Irrelevant,Irrelevant,Irrelevant
ID1234,Low Relevance,Irrelevant,Irrelevant,Irrelevant,Irrelevant,High Relevance,High Relevance,High Relevance,Irrelevant,Irrelevant,Low Relevance,Irrelevant,Irrelevant,Irrelevant,Irrelevant,Irrelevant,Irrelevant,Irrelevant,Irrelevant,Irrelevant,Irrelevant,Irrelevant,Irrelevant,Irrelevant,Irrelevant,Irrelevant,Irrelevant,Irrelevant,Irrelevant,Irrelevant
ID1236,Low Relevance,Low Relevance,Low Relevance,Low Relevance,Low Relevance,Low Relevance,Low Relevance,Low Relevance,Low Relevance,Low Relevance,Low Relevance,Low Relevance,Low Relevance,Irrelevant,Irrelevant,Irrelevant,Irrelevant,Irrelevant,Irrelevant,Irrelevant,Irrelevant,Irrelevant,Irrelevant,Irrelevant,Irrelevant,Irrelevant,Irrelevant,Irrelevant,Irrelevant,Irrelevant
ID1239,Low Relevance,Low Relevance,Low Relevance,Low Relevance,Low Relevance,Low Relevance,Low Relevance,Irrelevant,Irrelevant,Irrelevant,Irrelevant,Irrelevant,Irrelevant,Irrelevant,Irrelevant,Irrelevant,Irrelevant,Irrelevant,Irrelevant,Irrelevant,Irrelevant,Irrelevant,Irrelevant,Irrelevant,Irrelevant,Irrelevant,Irrelevant,Irrelevant,Irrelevant,Irrelevant
ID1240,Low Relevance,Low Relevance,Low Relevance,Irrelevant,Irrelevant,Irrelevant,Irrelevant,Irrelevant,Irrelevant,Irrelevant,Irrelevant,Irrelevant,Irrelevant,Irrelevant,Irrelevant,Irrelevant,Irrelevant,Irrelevant,Irrelevant,Irrelevant,Irrelevant,Irrelevant,Irrelevant,Irrelevant,Irrelevant,Irrelevant,Irrelevant,Irrelevant,Irrelevant,Irrelevant
ID1242,High Relevance,Low Relevance,Low Relevance,Low Relevance,High Relevance,Low Relevance,Low Relevance,Low Relevance,Low Relevance,Low Relevance,High Relevance,Low Relevance,Low Relevance,Irrelevant,Irrelevant,Irrelevant,Irrelevant,Irrelevant,Irrelevant,Irrelevant,Irrelevant,Irrelevant,Irrelevant,Irrelevant,Irrelevant,Irrelevant,Irrelevant,Irrelevant,Irrelevant,Irrelevant
ID1244,Low Relevance,Low Relevance,Low Relevance,Low Relevance,Low Relevance,Low Relevance,Low Relevance,Low Relevance,Low Relevance,Low Relevance,Low Relevance,Low Relevance,Low Relevance,Irrelevant,Irrelevant,Irrelevant,Irrelevant,Irrelevant,Irrelevant,Irrelevant,Irrelevant,Irrelevant,Irrelevant,Irrelevant,Irrelevant,Irrelevant,Irrelevant,Irrelevant,Irrelevant,Irrelevant
ID1245,Low Relevance,Low Relevance,Low Relevance,Low Relevance,Low Relevance,Low Relevance,Irrelevant,Irrelevant,Irrelevant,Irrelevant,Irrelevant,Irrelevant,Irrelevant,Irrelevant,Irrelevant,Irrelevant,Irrelevant,Irrelevant,Irrelevant,Irrelevant,Irrelevant,Irrelevant,Irrelevant,Irrelevant,Irrelevant,Irrelevant,Irrelevant,Irrelevant,Irrelevant,Irrelevant
ID1246,Low Relevance,Low Relevance,High Relevance,Low Relevance,High Relevance,Low Relevance,High Relevance,Irrelevant,High Relevance,High Relevance,Irrelevant,Irrelevant,Irrelevant,Irrelevant,Irrelevant,Irrelevant,Irrelevant,Irrelevant,Irrelevant,Irrelevant,Irrelevant,Irrelevant,Irrelevant,Irrelevant,Irrelevant,Irrelevant,Irrelevant,Irrelevant,Irrelevant,Irrelevant
ID1247,Irrelevant,Irrelevant,Irrelevant,Irrelevant,Irrelevant,Irrelevant,Irrelevant,Irrelevant,Irrelevant,Irrelevant,Irrelevant,Irrelevant,Irrelevant,Irrelevant,Irrelevant,Irrelevant,Irrelevant,Irrelevant,Irrelevant,Irrelevant,Irrelevant,Irrelevant,Irrelevant,Irrelevant,Irrelevant,Irrelevant,Irrelevant,Irrelevant,Irrelevant,Irrelevant
ID1248,Irrelevant,Irrelevant,Irrelevant,Irrelevant,Irrelevant,Irrelevant,Irrelevant,Irrelevant,Irrelevant,Irrelevant,Irrelevant,Irrelevant,Irrelevant,Irrelevant,Irrelevant,Irrelevant,Irrelevant,Irrelevant,Irrelevant,Irrelevant,Irrelevant,Irrelevant,Irrelevant,Irrelevant,Irrelevant,Irrelevant,Irrelevant,Irrelevant,Irrelevant,Irrelevant
ID1249,Irrelevant,Irrelevant,Irrelevant,Irrelevant,Irrelevant,Irrelevant,Irrelevant,Irrelevant,Irrelevant,Irrelevant,Irrelevant,Irrelevant,Irrelevant,Irrelevant,Irrelevant,Irrelevant,Irrelevant,Irrelevant,Irrelevant,Irrelevant,Irrelevant,Irrelevant,Irrelevant,Irrelevant,Irrelevant,Irrelevant,Irrelevant,Irrelevant,Irrelevant,Irrelevant
ID1251,Low Relevance,Irrelevant,Low Relevance,Irrelevant,Irrelevant,Irrelevant,Irrelevant,Irrelevant,Irrelevant,Irrelevant,Irrelevant,Irrelevant,Irrelevant,Irrelevant,Irrelevant,Irrelevant,Irrelevant,Irrelevant,Irrelevant,Irrelevant,Irrelevant,Irrelevant,Irrelevant,Irrelevant,Irrelevant,Irrelevant,Irrelevant,Irrelevant,Irrelevant,Irrelevant
ID1252,Irrelevant,Irrelevant,Irrelevant,Irrelevant,Irrelevant,Irrelevant,Irrelevant,Irrelevant,Irrelevant,Irrelevant,Irrelevant,Irrelevant,Irrelevant,Irrelevant,Irrelevant,Irrelevant,Irrelevant,Irrelevant,Irrelevant,Irrelevant,Irrelevant,Irrelevant,Irrelevant,Irrelevant,Irrelevant,Irrelevant,Irrelevant,Irrelevant,Irrelevant,Irrelevant
ID1254,Low Relevance,Low Relevance,Low Relevance,High Relevance,Irrelevant,Irrelevant,Irrelevant,Irrelevant,Irrelevant,Irrelevant,Irrelevant,Irrelevant,Irrelevant,Irrelevant,Irrelevant,Irrelevant,Irrelevant,Irrelevant,Irrelevant,Irrelevant,Irrelevant,Irrelevant,Irrelevant,Irrelevant,Irrelevant,Irrelevant,Irrelevant,Irrelevant,Irrelevant,Irrelevant
ID1255,Irrelevant,Irrelevant,Irrelevant,Irrelevant,Irrelevant,Irrelevant,Irrelevant,Irrelevant,Irrelevant,Irrelevant,Irrelevant,Irrelevant,Irrelevant,Irrelevant,Irrelevant,Irrelevant,Irrelevant,Irrelevant,Irrelevant,Irrelevant,Irrelevant,Irrelevant,Irrelevant,Irrelevant,Irrelevant,Irrelevant,Irrelevant,Irrelevant,Irrelevant,Irrelevant
ID1256,Low Relevance,Low Relevance,Low Relevance,Low Relevance,Low Relevance,Low Relevance,Low Relevance,Low Relevance,Low Relevance,Low Relevance,Low Relevance,Low Relevance,Low Relevance,Irrelevant,Irrelevant,Irrelevant,Irrelevant,Irrelevant,Irrelevant,Irrelevant,Irrelevant,Irrelevant,Irrelevant,Irrelevant,Irrelevant,Irrelevant,Irrelevant,Irrelevant,Irrelevant,Irrelevant
ID1258,Irrelevant,Irrelevant,Irrelevant,Irrelevant,Irrelevant,Irrelevant,Irrelevant,Irrelevant,Irrelevant,Irrelevant,Irrelevant,Irrelevant,Irrelevant,Irrelevant,Irrelevant,Irrelevant,Irrelevant,Irrelevant,Irrelevant,Irrelevant,Irrelevant,Irrelevant,Irrelevant,Irrelevant,Irrelevant,Irrelevant,Irrelevant,Irrelevant,Irrelevant,Irrelevant
ID1260,Irrelevant,Irrelevant,Irrelevant,Irrelevant,Irrelevant,Irrelevant,Irrelevant,Irrelevant,Irrelevant,Irrelevant,Irrelevant,Irrelevant,Irrelevant,Irrelevant,Irrelevant,Irrelevant,Irrelevant,Irrelevant,Irrelevant,Irrelevant,Irrelevant,Irrelevant,Irrelevant,Irrelevant,Irrelevant,Irrelevant,Irrelevant,Irrelevant,Irrelevant,Irrelevant
ID1261,Low Relevance,Irrelevant,Irrelevant,Irrelevant,Irrelevant,Irrelevant,Irrelevant,Irrelevant,Irrelevant,Irrelevant,Irrelevant,Irrelevant,Irrelevant,Irrelevant,Irrelevant,Irrelevant,Irrelevant,Irrelevant,Irrelevant,Irrelevant,Irrelevant,Irrelevant,Irrelevant,Irrelevant,Irrelevant,Irrelevant,Irrelevant,Irrelevant,Irrelevant,Irrelevant
ID1262,Irrelevant,Irrelevant,Irrelevant,Irrelevant,Irrelevant,Irrelevant,Irrelevant,Irrelevant,Irrelevant,Irrelevant,Irrelevant,Irrelevant,Irrelevant,Irrelevant,Irrelevant,Irrelevant,Irrelevant,Irrelevant,Irrelevant,Irrelevant,Irrelevant,Irrelevant,Irrelevant,Irrelevant,Irrelevant,Irrelevant,Irrelevant,Irrelevant,Irrelevant,Irrelevant
ID1264,Irrelevant,Irrelevant,Irrelevant,Irrelevant,Irrelevant,Irrelevant,Irrelevant,Irrelevant,Irrelevant,Irrelevant,Irrelevant,Irrelevant,Irrelevant,Irrelevant,Irrelevant,Irrelevant,Irrelevant,Irrelevant,Irrelevant,Irrelevant,Irrelevant,Irrelevant,Irrelevant,Irrelevant,Irrelevant,Irrelevant,Irrelevant,Irrelevant,Irrelevant,Irrelevant
ID1266,Low Relevance,Low Relevance,Low Relevance,Low Relevance,Low Relevance,Low Relevance,Low Relevance,Low Relevance,Low Relevance,Low Relevance,Low Relevance,Low Relevance,Low Relevance,Irrelevant,Irrelevant,Irrelevant,Irrelevant,Irrelevant,Irrelevant,Irrelevant,Irrelevant,Irrelevant,Irrelevant,Irrelevant,Irrelevant,Irrelevant,Irrelevant,Irrelevant,Irrelevant,Irrelevant
ID1267,Irrelevant,Irrelevant,Irrelevant,Irrelevant,Irrelevant,Irrelevant,Irrelevant,Irrelevant,Irrelevant,Irrelevant,Irrelevant,Irrelevant,Irrelevant,Irrelevant,Irrelevant,Irrelevant,Irrelevant,Irrelevant,Irrelevant,Irrelevant,Irrelevant,Irrelevant,Irrelevant,Irrelevant,Irrelevant,Irrelevant,Irrelevant,Irrelevant,Irrelevant,Irrelevant
ID1268,Irrelevant,Irrelevant,Irrelevant,Irrelevant,Irrelevant,Irrelevant,Irrelevant,Irrelevant,Irrelevant,Irrelevant,Irrelevant,Irrelevant,Irrelevant,Irrelevant,Irrelevant,Irrelevant,Irrelevant,Irrelevant,Irrelevant,Irrelevant,Irrelevant,Irrelevant,Irrelevant,Irrelevant,Irrelevant,Irrelevant,Irrelevant,Irrelevant,Irrelevant,Irrelevant
ID1269,Low Relevance,High Relevance,Low Relevance,Low Relevance,Low Relevance,Low Relevance,Low Relevance,Low Relevance,Irrelevant,Irrelevant,Low Relevance,Irrelevant,Irrelevant,Irrelevant,Irrelevant,Irrelevant,Irrelevant,Irrelevant,Irrelevant,Irrelevant,Irrelevant,Irrelevant,Irrelevant,Irrelevant,Irrelevant,Irrelevant,Irrelevant,Irrelevant,Irrelevant,Irrelevant
ID1270,Irrelevant,Irrelevant,Irrelevant,Irrelevant,Irrelevant,Irrelevant,Irrelevant,Irrelevant,Irrelevant,Irrelevant,Irrelevant,Irrelevant,Irrelevant,Irrelevant,Irrelevant,Irrelevant,Irrelevant,Irrelevant,Irrelevant,Irrelevant,Irrelevant,Irrelevant,Irrelevant,Irrelevant,Irrelevant,Irrelevant,Irrelevant,Irrelevant,Irrelevant,Irrelevant
ID1271,Irrelevant,Irrelevant,Irrelevant,Irrelevant,Irrelevant,Irrelevant,Irrelevant,Irrelevant,Irrelevant,Irrelevant,Irrelevant,Irrelevant,Irrelevant,Irrelevant,Irrelevant,Irrelevant,Irrelevant,Irrelevant,Irrelevant,Irrelevant,Irrelevant,Irrelevant,Irrelevant,Irrelevant,Irrelevant,Irrelevant,Irrelevant,Irrelevant,Irrelevant,Irrelevant
ID1272,Irrelevant,Irrelevant,Irrelevant,Irrelevant,Irrelevant,Irrelevant,Irrelevant,Irrelevant,Irrelevant,Irrelevant,Irrelevant,Irrelevant,Irrelevant,Irrelevant,Irrelevant,Irrelevant,Irrelevant,Irrelevant,Irrelevant,Irrelevant,Irrelevant,Irrelevant,Irrelevant,Irrelevant,Irrelevant,Irrelevant,Irrelevant,Irrelevant,Irrelevant,Irrelevant
ID1273,High Relevance,Low Relevance,Low Relevance,Low Relevance,Low Relevance,High Relevance,Low Relevance,Low Relevance,Low Relevance,Low Relevance,Low Relevance,Low Relevance,Low Relevance,Irrelevant,Irrelevant,Irrelevant,Irrelevant,Irrelevant,Irrelevant,Irrelevant,Irrelevant,Irrelevant,Irrelevant,Irrelevant,Irrelevant,Irrelevant,Irrelevant,Irrelevant,Irrelevant,Irrelevant
ID1275,Low Relevance,Low Relevance,Low Relevance,Low Relevance,Low Relevance,Low Relevance,Low Relevance,Low Relevance,Low Relevance,Low Relevance,Low Relevance,Irrelevant,Irrelevant,Irrelevant,Irrelevant,Irrelevant,Irrelevant,Irrelevant,Irrelevant,Irrelevant,Irrelevant,Irrelevant,Irrelevant,Irrelevant,Irrelevant,Irrelevant,Irrelevant,Irrelevant,Irrelevant,Irrelevant
ID1276,Low Relevance,Low Relevance,Low Relevance,Low Relevance,Low Relevance,Low Relevance,Irrelevant,Irrelevant,Irrelevant,Irrelevant,Irrelevant,Irrelevant,Irrelevant,Irrelevant,Irrelevant,Irrelevant,Irrelevant,Irrelevant,Irrelevant,Irrelevant,Irrelevant,Irrelevant,Irrelevant,Irrelevant,Irrelevant,Irrelevant,Irrelevant,Irrelevant,Irrelevant,Irrelevant
ID1277,Low Relevance,High Relevance,Low Relevance,Low Relevance,Low Relevance,Low Relevance,Low Relevance,High Relevance,Irrelevant,Irrelevant,Irrelevant,Irrelevant,Irrelevant,Irrelevant,Irrelevant,Irrelevant,Irrelevant,Irrelevant,Irrelevant,Irrelevant,Irrelevant,Irrelevant,Irrelevant,Irrelevant,Irrelevant,Irrelevant,Irrelevant,Irrelevant,Irrelevant,Irrelevant
ID1278,Low Relevance,Low Relevance,Low Relevance,Low Relevance,Low Relevance,Low Relevance,Low Relevance,Low Relevance,Low Relevance,Low Relevance,Low Relevance,Irrelevant,Irrelevant,Irrelevant,Irrelevant,Irrelevant,Irrelevant,Irrelevant,Irrelevant,Irrelevant,Irrelevant,Irrelevant,Irrelevant,Irrelevant,Irrelevant,Irrelevant,Irrelevant,Irrelevant,Irrelevant,Irrelevant
ID1279,Irrelevant,Irrelevant,Irrelevant,Irrelevant,Irrelevant,Irrelevant,Irrelevant,Irrelevant,Irrelevant,Irrelevant,Irrelevant,Irrelevant,Irrelevant,Irrelevant,Irrelevant,Irrelevant,Irrelevant,Irrelevant,Irrelevant,Irrelevant,Irrelevant,Irrelevant,Irrelevant,Irrelevant,Irrelevant,Irrelevant,Irrelevant,Irrelevant,Irrelevant,Irrelevant
ID1280,Irrelevant,Irrelevant,Irrelevant,Irrelevant,Irrelevant,Irrelevant,Irrelevant,Irrelevant,Irrelevant,Irrelevant,Irrelevant,Irrelevant,Irrelevant,Irrelevant,Irrelevant,Irrelevant,Irrelevant,Irrelevant,Irrelevant,Irrelevant,Irrelevant,Irrelevant,Irrelevant,Irrelevant,Irrelevant,Irrelevant,Irrelevant,Irrelevant,Irrelevant,Irrelevant
ID1281,Irrelevant,Irrelevant,Irrelevant,Irrelevant,Irrelevant,Irrelevant,Irrelevant,Irrelevant,Irrelevant,Irrelevant,Irrelevant,Irrelevant,Irrelevant,Irrelevant,Irrelevant,Irrelevant,Irrelevant,Irrelevant,Irrelevant,Irrelevant,Irrelevant,Irrelevant,Irrelevant,Irrelevant,Irrelevant,Irrelevant,Irrelevant,Irrelevant,Irrelevant,Irrelevant
ID1284,Irrelevant,Irrelevant,Irrelevant,Irrelevant,Irrelevant,Irrelevant,Irrelevant,Irrelevant,Irrelevant,Irrelevant,Irrelevant,Irrelevant,Irrelevant,Irrelevant,Irrelevant,Irrelevant,Irrelevant,Irrelevant,Irrelevant,Irrelevant,Irrelevant,Irrelevant,Irrelevant,Irrelevant,Irrelevant,Irrelevant,Irrelevant,Irrelevant,Irrelevant,Irrelevant
ID1285,Low Relevance,Low Relevance,Irrelevant,Irrelevant,Low Relevance,Low Relevance,Low Relevance,Irrelevant,Irrelevant,Irrelevant,Irrelevant,Irrelevant,Irrelevant,Irrelevant,Irrelevant,Irrelevant,Irrelevant,Irrelevant,Irrelevant,Irrelevant,Irrelevant,Irrelevant,Irrelevant,Irrelevant,Irrelevant,Irrelevant,Irrelevant,Irrelevant,Irrelevant,Irrelevant
ID1286,Irrelevant,Irrelevant,Irrelevant,Irrelevant,Irrelevant,Irrelevant,Irrelevant,Irrelevant,Irrelevant,Irrelevant,Irrelevant,Irrelevant,Irrelevant,Irrelevant,Irrelevant,Irrelevant,Irrelevant,Irrelevant,Irrelevant,Irrelevant,Irrelevant,Irrelevant,Irrelevant,Irrelevant,Irrelevant,Irrelevant,Irrelevant,Irrelevant,Irrelevant,Irrelevant
ID1287,Irrelevant,Irrelevant,Irrelevant,Irrelevant,Irrelevant,Irrelevant,Irrelevant,Irrelevant,Irrelevant,Irrelevant,Irrelevant,Irrelevant,Irrelevant,Irrelevant,Irrelevant,Irrelevant,Irrelevant,Irrelevant,Irrelevant,Irrelevant,Irrelevant,Irrelevant,Irrelevant,Irrelevant,Irrelevant,Irrelevant,Irrelevant,Irrelevant,Irrelevant,Irrelevant
ID1288,Low Relevance,Low Relevance,Low Relevance,Irrelevant,Irrelevant,Irrelevant,Irrelevant,Irrelevant,Irrelevant,Irrelevant,Irrelevant,Irrelevant,Irrelevant,Irrelevant,Irrelevant,Irrelevant,Irrelevant,Irrelevant,Irrelevant,Irrelevant,Irrelevant,Irrelevant,Irrelevant,Irrelevant,Irrelevant,Irrelevant,Irrelevant,Irrelevant,Irrelevant,Irrelevant
ID1289,High Relevance,High Relevance,High Relevance,High Relevance,Low Relevance,Low Relevance,Low Relevance,High Relevance,High Relevance,Low Relevance,Low Relevance,High Relevance,High Relevance,Irrelevant,Irrelevant,Irrelevant,Irrelevant,Irrelevant,Irrelevant,Irrelevant,Irrelevant,Irrelevant,Irrelevant,Irrelevant,Irrelevant,Irrelevant,Irrelevant,Irrelevant,Irrelevant,Irrelevant
ID1290,Irrelevant,Irrelevant,Irrelevant,Irrelevant,Irrelevant,Irrelevant,Irrelevant,Irrelevant,Irrelevant,Irrelevant,Irrelevant,Irrelevant,Irrelevant,Irrelevant,Irrelevant,Irrelevant,Irrelevant,Irrelevant,Irrelevant,Irrelevant,Irrelevant,Irrelevant,Irrelevant,Irrelevant,Irrelevant,Irrelevant,Irrelevant,Irrelevant,Irrelevant,Irrelevant
ID1291,Low Relevance,Low Relevance,Low Relevance,Low Relevance,Low Relevance,Low Relevance,Low Relevance,Irrelevant,Irrelevant,Irrelevant,Irrelevant,Irrelevant,Irrelevant,Irrelevant,Irrelevant,Irrelevant,Irrelevant,Irrelevant,Irrelevant,Irrelevant,Irrelevant,Irrelevant,Irrelevant,Irrelevant,Irrelevant,Irrelevant,Irrelevant,Irrelevant,Irrelevant,Irrelevant
ID1294,Low Relevance,Low Relevance,Low Relevance,Low Relevance,Low Relevance,Irrelevant,Irrelevant,Irrelevant,Irrelevant,Irrelevant,Irrelevant,Irrelevant,Irrelevant,Irrelevant,Irrelevant,Irrelevant,Irrelevant,Irrelevant,Irrelevant,Irrelevant,Irrelevant,Irrelevant,Irrelevant,Irrelevant,Irrelevant,Irrelevant,Irrelevant,Irrelevant,Irrelevant,Irrelevant
ID1296,High Relevance,Irrelevant,Irrelevant,Irrelevant,Irrelevant,Irrelevant,Irrelevant,Irrelevant,Irrelevant,Irrelevant,Irrelevant,Irrelevant,Irrelevant,Irrelevant,Irrelevant,Irrelevant,Irrelevant,Irrelevant,Irrelevant,Irrelevant,Irrelevant,Irrelevant,Irrelevant,Irrelevant,Irrelevant,Irrelevant,Irrelevant,Irrelevant,Irrelevant,Irrelevant
ID1297,Low Relevance,Irrelevant,Irrelevant,Irrelevant,Irrelevant,Irrelevant,Irrelevant,Irrelevant,Irrelevant,Irrelevant,Irrelevant,Irrelevant,Irrelevant,Irrelevant,Irrelevant,Irrelevant,Irrelevant,Irrelevant,Irrelevant,Irrelevant,Irrelevant,Irrelevant,Irrelevant,Irrelevant,Irrelevant,Irrelevant,Irrelevant,Irrelevant,Irrelevant,Irrelevant
ID1298,Irrelevant,Irrelevant,Irrelevant,Irrelevant,Irrelevant,Irrelevant,Irrelevant,Irrelevant,Irrelevant,Irrelevant,Irrelevant,Irrelevant,Irrelevant,Irrelevant,Irrelevant,Irrelevant,Irrelevant,Irrelevant,Irrelevant,Irrelevant,Irrelevant,Irrelevant,Irrelevant,Irrelevant,Irrelevant,Irrelevant,Irrelevant,Irrelevant,Irrelevant,Irrelevant
ID1299,High Relevance,Low Relevance,Low Relevance,Low Relevance,Low Relevance,Low Relevance,Low Relevance,Irrelevant,Irrelevant,Irrelevant,Irrelevant,Irrelevant,Irrelevant,Irrelevant,Irrelevant,Irrelevant,Irrelevant,Irrelevant,Irrelevant,Irrelevant,Irrelevant,Irrelevant,Irrelevant,Irrelevant,Irrelevant,Irrelevant,Irrelevant,Irrelevant,Irrelevant,Irrelevant
ID1301,Low Relevance,Low Relevance,Low Relevance,Low Relevance,Low Relevance,Low Relevance,Low Relevance,Low Relevance,Low Relevance,Low Relevance,Low Relevance,Low Relevance,Irrelevant,Irrelevant,Irrelevant,Irrelevant,Irrelevant,Irrelevant,Irrelevant,Irrelevant,Irrelevant,Irrelevant,Irrelevant,Irrelevant,Irrelevant,Irrelevant,Irrelevant,Irrelevant,Irrelevant,Irrelevant
ID1302,Low Relevance,Low Relevance,Low Relevance,Low Relevance,Low Relevance,Low Relevance,Irrelevant,Irrelevant,Irrelevant,Irrelevant,Irrelevant,Irrelevant,Irrelevant,Irrelevant,Irrelevant,Irrelevant,Irrelevant,Irrelevant,Irrelevant,Irrelevant,Irrelevant,Irrelevant,Irrelevant,Irrelevant,Irrelevant,Irrelevant,Irrelevant,Irrelevant,Irrelevant,Irrelevant
ID1303,High Relevance,Low Relevance,Irrelevant,Irrelevant,Irrelevant,Irrelevant,Irrelevant,Irrelevant,Irrelevant,Irrelevant,Irrelevant,Irrelevant,Irrelevant,Irrelevant,Irrelevant,Irrelevant,Irrelevant,Irrelevant,Irrelevant,Irrelevant,Irrelevant,Irrelevant,Irrelevant,Irrelevant,Irrelevant,Irrelevant,Irrelevant,Irrelevant,Irrelevant,Irrelevant
ID1307,Low Relevance,Low Relevance,High Relevance,Low Relevance,Low Relevance,Low Relevance,Low Relevance,Irrelevant,Irrelevant,Irrelevant,Irrelevant,Irrelevant,Irrelevant,Irrelevant,Irrelevant,Irrelevant,Irrelevant,Irrelevant,Irrelevant,Irrelevant,Irrelevant,Irrelevant,Irrelevant,Irrelevant,Irrelevant,Irrelevant,Irrelevant,Irrelevant,Irrelevant,Irrelevant
ID1308,Low Relevance,Low Relevance,Low Relevance,Low Relevance,Low Relevance,Low Relevance,Low Relevance,Low Relevance,Low Relevance,Low Relevance,Low Relevance,Low Relevance,Irrelevant,Irrelevant,Irrelevant,Irrelevant,Irrelevant,Irrelevant,Irrelevant,Irrelevant,Irrelevant,Irrelevant,Irrelevant,Irrelevant,Irrelevant,Irrelevant,Irrelevant,Irrelevant,Irrelevant,Irrelevant
ID1309,Irrelevant,Irrelevant,Irrelevant,Irrelevant,Irrelevant,Irrelevant,Irrelevant,Irrelevant,Irrelevant,Irrelevant,Irrelevant,Irrelevant,Irrelevant,Irrelevant,Irrelevant,Irrelevant,Irrelevant,Irrelevant,Irrelevant,Irrelevant,Irrelevant,Irrelevant,Irrelevant,Irrelevant,Irrelevant,Irrelevant,Irrelevant,Irrelevant,Irrelevant,Irrelevant
ID1310,Irrelevant,Irrelevant,Irrelevant,Irrelevant,Irrelevant,Irrelevant,Irrelevant,Irrelevant,Irrelevant,Irrelevant,Irrelevant,Irrelevant,Irrelevant,Irrelevant,Irrelevant,Irrelevant,Irrelevant,Irrelevant,Irrelevant,Irrelevant,Irrelevant,Irrelevant,Irrelevant,Irrelevant,Irrelevant,Irrelevant,Irrelevant,Irrelevant,Irrelevant,Irrelevant
ID1311,Irrelevant,Irrelevant,Irrelevant,Irrelevant,Irrelevant,Irrelevant,Irrelevant,Irrelevant,Irrelevant,Irrelevant,Irrelevant,Irrelevant,Irrelevant,Irrelevant,Irrelevant,Irrelevant,Irrelevant,Irrelevant,Irrelevant,Irrelevant,Irrelevant,Irrelevant,Irrelevant,Irrelevant,Irrelevant,Irrelevant,Irrelevant,Irrelevant,Irrelevant,Irrelevant
ID1312,Low Relevance,Low Relevance,Low Relevance,Low Relevance,Low Relevance,Irrelevant,Irrelevant,Irrelevant,Irrelevant,Irrelevant,Irrelevant,Irrelevant,Irrelevant,Irrelevant,Irrelevant,Irrelevant,Irrelevant,Irrelevant,Irrelevant,Irrelevant,Irrelevant,Irrelevant,Irrelevant,Irrelevant,Irrelevant,Irrelevant,Irrelevant,Irrelevant,Irrelevant,Irrelevant
ID1313,Low Relevance,Low Relevance,Low Relevance,Low Relevance,Low Relevance,Low Relevance,Low Relevance,Low Relevance,Irrelevant,Irrelevant,Irrelevant,Irrelevant,Irrelevant,Irrelevant,Irrelevant,Irrelevant,Irrelevant,Irrelevant,Irrelevant,Irrelevant,Irrelevant,Irrelevant,Irrelevant,Irrelevant,Irrelevant,Irrelevant,Irrelevant,Irrelevant,Irrelevant,Irrelevant
ID1314,Low Relevance,Low Relevance,Low Relevance,Low Relevance,Low Relevance,Low Relevance,Low Relevance,Low Relevance,Low Relevance,Low Relevance,Irrelevant,Irrelevant,Irrelevant,Irrelevant,Irrelevant,Irrelevant,Irrelevant,Irrelevant,Irrelevant,Irrelevant,Irrelevant,Irrelevant,Irrelevant,Irrelevant,Irrelevant,Irrelevant,Irrelevant,Irrelevant,Irrelevant,Irrelevant
ID1315,High Relevance,Low Relevance,Low Relevance,Low Relevance,Low Relevance,Low Relevance,Low Relevance,Low Relevance,Low Relevance,Low Relevance,Low Relevance,Low Relevance,Irrelevant,Irrelevant,Irrelevant,Irrelevant,Irrelevant,Irrelevant,Irrelevant,Irrelevant,Irrelevant,Irrelevant,Irrelevant,Irrelevant,Irrelevant,Irrelevant,Irrelevant,Irrelevant,Irrelevant,Irrelevant
ID1316,Irrelevant,Irrelevant,Irrelevant,Irrelevant,Irrelevant,Irrelevant,Irrelevant,Irrelevant,Irrelevant,Irrelevant,Irrelevant,Irrelevant,Irrelevant,Irrelevant,Irrelevant,Irrelevant,Irrelevant,Irrelevant,Irrelevant,Irrelevant,Irrelevant,Irrelevant,Irrelevant,Irrelevant,Irrelevant,Irrelevant,Irrelevant,Irrelevant,Irrelevant,Irrelevant
ID1318,High Relevance,Low Relevance,Low Relevance,Low Relevance,Low Relevance,Low Relevance,Low Relevance,High Relevance,High Relevance,High Relevance,Low Relevance,High Relevance,Low Relevance,Irrelevant,Irrelevant,Irrelevant,Irrelevant,Irrelevant,Irrelevant,Irrelevant,Irrelevant,Irrelevant,Irrelevant,Irrelevant,Irrelevant,Irrelevant,Irrelevant,Irrelevant,Irrelevant,Irrelevant
ID1320,Irrelevant,Irrelevant,Irrelevant,Irrelevant,Irrelevant,Irrelevant,Irrelevant,Irrelevant,Irrelevant,Irrelevant,Irrelevant,Irrelevant,Irrelevant,Irrelevant,Irrelevant,Irrelevant,Irrelevant,Irrelevant,Irrelevant,Irrelevant,Irrelevant,Irrelevant,Irrelevant,Irrelevant,Irrelevant,Irrelevant,Irrelevant,Irrelevant,Irrelevant,Irrelevant
ID1321,Irrelevant,Irrelevant,Irrelevant,Irrelevant,Irrelevant,Irrelevant,Irrelevant,Irrelevant,Irrelevant,Irrelevant,Irrelevant,Irrelevant,Irrelevant,Irrelevant,Irrelevant,Irrelevant,Irrelevant,Irrelevant,Irrelevant,Irrelevant,Irrelevant,Irrelevant,Irrelevant,Irrelevant,Irrelevant,Irrelevant,Irrelevant,Irrelevant,Irrelevant,Irrelevant
ID1324,High Relevance,Low Relevance,Irrelevant,Irrelevant,Irrelevant,Irrelevant,Irrelevant,Irrelevant,Irrelevant,Irrelevant,Irrelevant,Irrelevant,Irrelevant,Irrelevant,Irrelevant,Irrelevant,Irrelevant,Irrelevant,Irrelevant,Irrelevant,Irrelevant,Irrelevant,Irrelevant,Irrelevant,Irrelevant,Irrelevant,Irrelevant,Irrelevant,Irrelevant,Irrelevant
ID1328,High Relevance,Low Relevance,High Relevance,Low Relevance,High Relevance,High Relevance,High Relevance,High Relevance,Irrelevant,Irrelevant,Irrelevant,Irrelevant,Irrelevant,Irrelevant,Irrelevant,Irrelevant,Irrelevant,Irrelevant,Irrelevant,Irrelevant,Irrelevant,Irrelevant,Irrelevant,Irrelevant,Irrelevant,Irrelevant,Irrelevant,Irrelevant,Irrelevant,Irrelevant
ID1329,Low Relevance,Low Relevance,Irrelevant,Low Relevance,Low Relevance,Irrelevant,Irrelevant,Irrelevant,Irrelevant,Irrelevant,Irrelevant,Irrelevant,Irrelevant,Irrelevant,Irrelevant,Irrelevant,Irrelevant,Irrelevant,Irrelevant,Irrelevant,Irrelevant,Irrelevant,Irrelevant,Irrelevant,Irrelevant,Irrelevant,Irrelevant,Irrelevant,Irrelevant,Irrelevant
ID1330,High Relevance,Low Relevance,Low Relevance,Irrelevant,Irrelevant,Irrelevant,Irrelevant,Irrelevant,Irrelevant,Irrelevant,Irrelevant,Irrelevant,Irrelevant,Irrelevant,Irrelevant,Irrelevant,Irrelevant,Irrelevant,Irrelevant,Irrelevant,Irrelevant,Irrelevant,Irrelevant,Irrelevant,Irrelevant,Irrelevant,Irrelevant,Irrelevant,Irrelevant,Irrelevant
ID1331,High Relevance,Low Relevance,Low Relevance,Low Relevance,Irrelevant,Irrelevant,Irrelevant,Irrelevant,Irrelevant,Irrelevant,Irrelevant,Irrelevant,Irrelevant,Irrelevant,Irrelevant,Irrelevant,Irrelevant,Irrelevant,Irrelevant,Irrelevant,Irrelevant,Irrelevant,Irrelevant,Irrelevant,Irrelevant,Irrelevant,Irrelevant,Irrelevant,Irrelevant,Irrelevant
ID1332,Low Relevance,Low Relevance,Low Relevance,Low Relevance,Low Relevance,Low Relevance,Low Relevance,Low Relevance,Low Relevance,Low Relevance,Low Relevance,Low Relevance,Low Relevance,Irrelevant,Irrelevant,Irrelevant,Irrelevant,Irrelevant,Irrelevant,Irrelevant,Irrelevant,Irrelevant,Irrelevant,Irrelevant,Irrelevant,Irrelevant,Irrelevant,Irrelevant,Irrelevant,Irrelevant
ID1333,Low Relevance,Low Relevance,Low Relevance,Low Relevance,Low Relevance,Low Relevance,Low Relevance,Low Relevance,Low Relevance,Low Relevance,Low Relevance,Irrelevant,Irrelevant,Irrelevant,Irrelevant,Irrelevant,Irrelevant,Irrelevant,Irrelevant,Irrelevant,Irrelevant,Irrelevant,Irrelevant,Irrelevant,Irrelevant,Irrelevant,Irrelevant,Irrelevant,Irrelevant,Irrelevant
ID1334,Irrelevant,Irrelevant,Irrelevant,Irrelevant,Irrelevant,Irrelevant,Irrelevant,Irrelevant,Irrelevant,Irrelevant,Irrelevant,Irrelevant,Irrelevant,Irrelevant,Irrelevant,Irrelevant,Irrelevant,Irrelevant,Irrelevant,Irrelevant,Irrelevant,Irrelevant,Irrelevant,Irrelevant,Irrelevant,Irrelevant,Irrelevant,Irrelevant,Irrelevant,Irrelevant
ID1335,Irrelevant,Irrelevant,Irrelevant,Irrelevant,Irrelevant,Irrelevant,Irrelevant,Irrelevant,Irrelevant,Irrelevant,Irrelevant,Irrelevant,Irrelevant,Irrelevant,Irrelevant,Irrelevant,Irrelevant,Irrelevant,Irrelevant,Irrelevant,Irrelevant,Irrelevant,Irrelevant,Irrelevant,Irrelevant,Irrelevant,Irrelevant,Irrelevant,Irrelevant,Irrelevant
ID1336,High Relevance,Low Relevance,Low Relevance,Low Relevance,Low Relevance,Low Relevance,Irrelevant,High Relevance,High Relevance,High Relevance,High Relevance,Irrelevant,Irrelevant,Irrelevant,Irrelevant,Irrelevant,Irrelevant,Irrelevant,Irrelevant,Irrelevant,Irrelevant,Irrelevant,Irrelevant,Irrelevant,Irrelevant,Irrelevant,Irrelevant,Irrelevant,Irrelevant,Irrelevant
ID1337,Irrelevant,Irrelevant,Irrelevant,Irrelevant,Irrelevant,Irrelevant,Irrelevant,Irrelevant,Irrelevant,Irrelevant,Irrelevant,Irrelevant,Irrelevant,Irrelevant,Irrelevant,Irrelevant,Irrelevant,Irrelevant,Irrelevant,Irrelevant,Irrelevant,Irrelevant,Irrelevant,Irrelevant,Irrelevant,Irrelevant,Irrelevant,Irrelevant,Irrelevant,Irrelevant
ID1338,Low Relevance,Irrelevant,Low Relevance,Irrelevant,Low Relevance,Low Relevance,Irrelevant,Irrelevant,Irrelevant,Irrelevant,Irrelevant,Irrelevant,Irrelevant,Irrelevant,Irrelevant,Irrelevant,Irrelevant,Irrelevant,Irrelevant,Irrelevant,Irrelevant,Irrelevant,Irrelevant,Irrelevant,Irrelevant,Irrelevant,Irrelevant,Irrelevant,Irrelevant,Irrelevant
ID1339,High Relevance,Low Relevance,Low Relevance,High Relevance,Low Relevance,Low Relevance,High Relevance,High Relevance,High Relevance,Low Relevance,Low Relevance,Low Relevance,Low Relevance,Irrelevant,Irrelevant,Irrelevant,Irrelevant,Irrelevant,Irrelevant,Irrelevant,Irrelevant,Irrelevant,Irrelevant,Irrelevant,Irrelevant,Irrelevant,Irrelevant,Irrelevant,Irrelevant,Irrelevant
ID1340,Irrelevant,Irrelevant,Irrelevant,Irrelevant,Irrelevant,Irrelevant,Irrelevant,Irrelevant,Irrelevant,Irrelevant,Irrelevant,Irrelevant,Irrelevant,Irrelevant,Irrelevant,Irrelevant,Irrelevant,Irrelevant,Irrelevant,Irrelevant,Irrelevant,Irrelevant,Irrelevant,Irrelevant,Irrelevant,Irrelevant,Irrelevant,Irrelevant,Irrelevant,Irrelevant
ID1343,High Relevance,Irrelevant,Irrelevant,Irrelevant,Irrelevant,Irrelevant,Irrelevant,Irrelevant,Irrelevant,Irrelevant,Irrelevant,Irrelevant,Irrelevant,Irrelevant,Irrelevant,Irrelevant,Irrelevant,Irrelevant,Irrelevant,Irrelevant,Irrelevant,Irrelevant,Irrelevant,Irrelevant,Irrelevant,Irrelevant,Irrelevant,Irrelevant,Irrelevant,Irrelevant
ID1345,Low Relevance,Low Relevance,Low Relevance,Low Relevance,Low Relevance,Low Relevance,Low Relevance,Low Relevance,Low Relevance,Irrelevant,Irrelevant,Irrelevant,Irrelevant,Irrelevant,Irrelevant,Irrelevant,Irrelevant,Irrelevant,Irrelevant,Irrelevant,Irrelevant,Irrelevant,Irrelevant,Irrelevant,Irrelevant,Irrelevant,Irrelevant,Irrelevant,Irrelevant,Irrelevant
ID1346,Irrelevant,Irrelevant,Irrelevant,Irrelevant,Irrelevant,Irrelevant,Irrelevant,Irrelevant,Irrelevant,Irrelevant,Irrelevant,Irrelevant,Irrelevant,Irrelevant,Irrelevant,Irrelevant,Irrelevant,Irrelevant,Irrelevant,Irrelevant,Irrelevant,Irrelevant,Irrelevant,Irrelevant,Irrelevant,Irrelevant,Irrelevant,Irrelevant,Irrelevant,Irrelevant
ID1347,Irrelevant,Irrelevant,Irrelevant,Irrelevant,Irrelevant,Irrelevant,Irrelevant,Irrelevant,Irrelevant,Irrelevant,Irrelevant,Irrelevant,Irrelevant,Irrelevant,Irrelevant,Irrelevant,Irrelevant,Irrelevant,Irrelevant,Irrelevant,Irrelevant,Irrelevant,Irrelevant,Irrelevant,Irrelevant,Irrelevant,Irrelevant,Irrelevant,Irrelevant,Irrelevant
ID1348,High Relevance,Low Relevance,Low Relevance,High Relevance,Low Relevance,Low Relevance,Low Relevance,Low Relevance,Low Relevance,Low Relevance,Irrelevant,Irrelevant,Irrelevant,Irrelevant,Irrelevant,Irrelevant,Irrelevant,Irrelevant,Irrelevant,Irrelevant,Irrelevant,Irrelevant,Irrelevant,Irrelevant,Irrelevant,Irrelevant,Irrelevant,Irrelevant,Irrelevant,Irrelevant
ID1349,Irrelevant,Irrelevant,Irrelevant,Irrelevant,Irrelevant,Irrelevant,Irrelevant,Irrelevant,Irrelevant,Irrelevant,Irrelevant,Irrelevant,Irrelevant,Irrelevant,Irrelevant,Irrelevant,Irrelevant,Irrelevant,Irrelevant,Irrelevant,Irrelevant,Irrelevant,Irrelevant,Irrelevant,Irrelevant,Irrelevant,Irrelevant,Irrelevant,Irrelevant,Irrelevant
ID1350,High Relevance,Low Relevance,Low Relevance,Low Relevance,Low Relevance,Low Relevance,Low Relevance,Low Relevance,Low Relevance,Low Relevance,Low Relevance,Low Relevance,Low Relevance,Irrelevant,Irrelevant,Irrelevant,Irrelevant,Irrelevant,Irrelevant,Irrelevant,Irrelevant,Irrelevant,Irrelevant,Irrelevant,Irrelevant,Irrelevant,Irrelevant,Irrelevant,Irrelevant,Irrelevant
ID1352,High Relevance,Low Relevance,Low Relevance,Low Relevance,Low Relevance,Low Relevance,Low Relevance,Low Relevance,Low Relevance,Low Relevance,Low Relevance,Low Relevance,Low Relevance,Irrelevant,Irrelevant,Irrelevant,Irrelevant,Irrelevant,Irrelevant,Irrelevant,Irrelevant,Irrelevant,Irrelevant,Irrelevant,Irrelevant,Irrelevant,Irrelevant,Irrelevant,Irrelevant,Irrelevant
ID1353,Low Relevance,High Relevance,Low Relevance,Low Relevance,Low Relevance,Irrelevant,Low Relevance,Irrelevant,Irrelevant,Irrelevant,Irrelevant,Irrelevant,Irrelevant,Irrelevant,Irrelevant,Irrelevant,Irrelevant,Irrelevant,Irrelevant,Irrelevant,Irrelevant,Irrelevant,Irrelevant,Irrelevant,Irrelevant,Irrelevant,Irrelevant,Irrelevant,Irrelevant,Irrelevant
ID1354,Low Relevance,Low Relevance,Low Relevance,Low Relevance,Low Relevance,Low Relevance,Low Relevance,Low Relevance,Low Relevance,Low Relevance,Low Relevance,High Relevance,Low Relevance,Irrelevant,Irrelevant,Irrelevant,Irrelevant,Irrelevant,Irrelevant,Irrelevant,Irrelevant,Irrelevant,Irrelevant,Irrelevant,Irrelevant,Irrelevant,Irrelevant,Irrelevant,Irrelevant,Irrelevant
ID1355,Irrelevant,Irrelevant,Irrelevant,Irrelevant,Irrelevant,Irrelevant,Irrelevant,Irrelevant,Irrelevant,Irrelevant,Irrelevant,Irrelevant,Irrelevant,Irrelevant,Irrelevant,Irrelevant,Irrelevant,Irrelevant,Irrelevant,Irrelevant,Irrelevant,Irrelevant,Irrelevant,Irrelevant,Irrelevant,Irrelevant,Irrelevant,Irrelevant,Irrelevant,Irrelevant
ID1356,Low Relevance,Low Relevance,Low Relevance,Low Relevance,Low Relevance,Low Relevance,Low Relevance,Irrelevant,Irrelevant,Irrelevant,Irrelevant,Irrelevant,Irrelevant,Irrelevant,Irrelevant,Irrelevant,Irrelevant,Irrelevant,Irrelevant,Irrelevant,Irrelevant,Irrelevant,Irrelevant,Irrelevant,Irrelevant,Irrelevant,Irrelevant,Irrelevant,Irrelevant,Irrelevant
ID1357,Irrelevant,Irrelevant,Irrelevant,Irrelevant,Irrelevant,Irrelevant,Irrelevant,Irrelevant,Irrelevant,Irrelevant,Irrelevant,Irrelevant,Irrelevant,Irrelevant,Irrelevant,Irrelevant,Irrelevant,Irrelevant,Irrelevant,Irrelevant,Irrelevant,Irrelevant,Irrelevant,Irrelevant,Irrelevant,Irrelevant,Irrelevant,Irrelevant,Irrelevant,Irrelevant
ID1359,Low Relevance,Low Relevance,Low Relevance,Low Relevance,Low Relevance,Low Relevance,Low Relevance,Low Relevance,Low Relevance,Low Relevance,Irrelevant,Irrelevant,Irrelevant,Irrelevant,Irrelevant,Irrelevant,Irrelevant,Irrelevant,Irrelevant,Irrelevant,Irrelevant,Irrelevant,Irrelevant,Irrelevant,Irrelevant,Irrelevant,Irrelevant,Irrelevant,Irrelevant,Irrelevant
ID1360,Low Relevance,Low Relevance,Low Relevance,Low Relevance,Low Relevance,Low Relevance,Low Relevance,Low Relevance,Low Relevance,Low Relevance,Low Relevance,Irrelevant,Irrelevant,Irrelevant,Irrelevant,Irrelevant,Irrelevant,Irrelevant,Irrelevant,Irrelevant,Irrelevant,Irrelevant,Irrelevant,Irrelevant,Irrelevant,Irrelevant,Irrelevant,Irrelevant,Irrelevant,Irrelevant
ID1362,Irrelevant,Irrelevant,Irrelevant,Irrelevant,Irrelevant,Irrelevant,Irrelevant,Irrelevant,Irrelevant,Irrelevant,Irrelevant,Irrelevant,Irrelevant,Irrelevant,Irrelevant,Irrelevant,Irrelevant,Irrelevant,Irrelevant,Irrelevant,Irrelevant,Irrelevant,Irrelevant,Irrelevant,Irrelevant,Irrelevant,Irrelevant,Irrelevant,Irrelevant,Irrelevant
ID1366,Low Relevance,Irrelevant,Low Relevance,Irrelevant,Low Relevance,Low Relevance,Low Relevance,Low Relevance,Low Relevance,Irrelevant,Low Relevance,Irrelevant,Irrelevant,Irrelevant,Irrelevant,Irrelevant,Irrelevant,Irrelevant,Irrelevant,Irrelevant,Irrelevant,Irrelevant,Irrelevant,Irrelevant,Irrelevant,Irrelevant,Irrelevant,Irrelevant,Irrelevant,Irrelevant
ID1368,Low Relevance,Low Relevance,Low Relevance,Low Relevance,Low Relevance,Low Relevance,Low Relevance,Low Relevance,Low Relevance,Low Relevance,Irrelevant,Irrelevant,Irrelevant,Irrelevant,Irrelevant,Irrelevant,Irrelevant,Irrelevant,Irrelevant,Irrelevant,Irrelevant,Irrelevant,Irrelevant,Irrelevant,Irrelevant,Irrelevant,Irrelevant,Irrelevant,Irrelevant,Irrelevant
ID1369,Low Relevance,Low Relevance,Low Relevance,Low Relevance,Low Relevance,Low Relevance,Low Relevance,Irrelevant,Irrelevant,Irrelevant,Irrelevant,Irrelevant,Irrelevant,Irrelevant,Irrelevant,Irrelevant,Irrelevant,Irrelevant,Irrelevant,Irrelevant,Irrelevant,Irrelevant,Irrelevant,Irrelevant,Irrelevant,Irrelevant,Irrelevant,Irrelevant,Irrelevant,Irrelevant
ID1371,Irrelevant,Irrelevant,Irrelevant,Irrelevant,Irrelevant,Irrelevant,Irrelevant,Irrelevant,Irrelevant,Irrelevant,Irrelevant,Irrelevant,Irrelevant,Irrelevant,Irrelevant,Irrelevant,Irrelevant,Irrelevant,Irrelevant,Irrelevant,Irrelevant,Irrelevant,Irrelevant,Irrelevant,Irrelevant,Irrelevant,Irrelevant,Irrelevant,Irrelevant,Irrelevant
ID1373,Low Relevance,Low Relevance,Low Relevance,Low Relevance,Low Relevance,Low Relevance,Low Relevance,Low Relevance,Low Relevance,Low Relevance,Low Relevance,Low Relevance,Low Relevance,Irrelevant,Irrelevant,Irrelevant,Irrelevant,Irrelevant,Irrelevant,Irrelevant,Irrelevant,Irrelevant,Irrelevant,Irrelevant,Irrelevant,Irrelevant,Irrelevant,Irrelevant,Irrelevant,Irrelevant
ID1374,Low Relevance,Low Relevance,Low Relevance,Low Relevance,Low Relevance,Low Relevance,Low Relevance,Low Relevance,Low Relevance,Low Relevance,Low Relevance,Low Relevance,Irrelevant,Irrelevant,Irrelevant,Irrelevant,Irrelevant,Irrelevant,Irrelevant,Irrelevant,Irrelevant,Irrelevant,Irrelevant,Irrelevant,Irrelevant,Irrelevant,Irrelevant,Irrelevant,Irrelevant,Irrelevant
ID1376,Low Relevance,Low Relevance,Low Relevance,Low Relevance,Low Relevance,Low Relevance,Low Relevance,Low Relevance,Low Relevance,Low Relevance,Low Relevance,Irrelevant,Irrelevant,Irrelevant,Irrelevant,Irrelevant,Irrelevant,Irrelevant,Irrelevant,Irrelevant,Irrelevant,Irrelevant,Irrelevant,Irrelevant,Irrelevant,Irrelevant,Irrelevant,Irrelevant,Irrelevant,Irrelevant
ID1377,Low Relevance,Low Relevance,Low Relevance,Low Relevance,Low Relevance,High Relevance,High Relevance,Low Relevance,Low Relevance,Low Relevance,Low Relevance,Low Relevance,Irrelevant,Irrelevant,Irrelevant,Irrelevant,Irrelevant,Irrelevant,Irrelevant,Irrelevant,Irrelevant,Irrelevant,Irrelevant,Irrelevant,Irrelevant,Irrelevant,Irrelevant,Irrelevant,Irrelevant,Irrelevant
ID1378,High Relevance,Low Relevance,Low Relevance,Low Relevance,Irrelevant,Irrelevant,Irrelevant,Irrelevant,Irrelevant,Irrelevant,Irrelevant,Irrelevant,Irrelevant,Irrelevant,Irrelevant,Irrelevant,Irrelevant,Irrelevant,Irrelevant,Irrelevant,Irrelevant,Irrelevant,Irrelevant,Irrelevant,Irrelevant,Irrelevant,Irrelevant,Irrelevant,Irrelevant,Irrelevant
ID1380,High Relevance,Low Relevance,Low Relevance,Low Relevance,Irrelevant,Irrelevant,Irrelevant,Irrelevant,Irrelevant,Irrelevant,Irrelevant,Irrelevant,Irrelevant,Irrelevant,Irrelevant,Irrelevant,Irrelevant,Irrelevant,Irrelevant,Irrelevant,Irrelevant,Irrelevant,Irrelevant,Irrelevant,Irrelevant,Irrelevant,Irrelevant,Irrelevant,Irrelevant,Irrelevant
ID1381,Low Relevance,Low Relevance,Low Relevance,Low Relevance,Low Relevance,High Relevance,High Relevance,High Relevance,High Relevance,High Relevance,High Relevance,Irrelevant,Irrelevant,Irrelevant,Irrelevant,Irrelevant,Irrelevant,Irrelevant,Irrelevant,Irrelevant,Irrelevant,Irrelevant,Irrelevant,Irrelevant,Irrelevant,Irrelevant,Irrelevant,Irrelevant,Irrelevant,Irrelevant
ID1382,Irrelevant,Irrelevant,Irrelevant,Irrelevant,Irrelevant,Irrelevant,Irrelevant,Irrelevant,Irrelevant,Irrelevant,Irrelevant,Irrelevant,Irrelevant,Irrelevant,Irrelevant,Irrelevant,Irrelevant,Irrelevant,Irrelevant,Irrelevant,Irrelevant,Irrelevant,Irrelevant,Irrelevant,Irrelevant,Irrelevant,Irrelevant,Irrelevant,Irrelevant,Irrelevant
ID1383,Low Relevance,Low Relevance,Low Relevance,High Relevance,High Relevance,Irrelevant,Irrelevant,Irrelevant,Irrelevant,Irrelevant,Irrelevant,Irrelevant,Irrelevant,Irrelevant,Irrelevant,Irrelevant,Irrelevant,Irrelevant,Irrelevant,Irrelevant,Irrelevant,Irrelevant,Irrelevant,Irrelevant,Irrelevant,Irrelevant,Irrelevant,Irrelevant,Irrelevant,Irrelevant
ID1384,High Relevance,Low Relevance,High Relevance,Low Relevance,Low Relevance,Irrelevant,Irrelevant,Irrelevant,Irrelevant,Irrelevant,Irrelevant,Irrelevant,Irrelevant,Irrelevant,Irrelevant,Irrelevant,Irrelevant,Irrelevant,Irrelevant,Irrelevant,Irrelevant,Irrelevant,Irrelevant,Irrelevant,Irrelevant,Irrelevant,Irrelevant,Irrelevant,Irrelevant,Irrelevant
ID1385,Low Relevance,Low Relevance,Low Relevance,Low Relevance,Low Relevance,Low Relevance,Irrelevant,Irrelevant,Irrelevant,Irrelevant,Irrelevant,Irrelevant,Irrelevant,Irrelevant,Irrelevant,Irrelevant,Irrelevant,Irrelevant,Irrelevant,Irrelevant,Irrelevant,Irrelevant,Irrelevant,Irrelevant,Irrelevant,Irrelevant,Irrelevant,Irrelevant,Irrelevant,Irrelevant
ID1387,Low Relevance,Low Relevance,Low Relevance,High Relevance,Low Relevance,High Relevance,Low Relevance,Low Relevance,High Relevance,Low Relevance,High Relevance,Low Relevance,High Relevance,Irrelevant,Irrelevant,Irrelevant,Irrelevant,Irrelevant,Irrelevant,Irrelevant,Irrelevant,Irrelevant,Irrelevant,Irrelevant,Irrelevant,Irrelevant,Irrelevant,Irrelevant,Irrelevant,Irrelevant
ID1388,High Relevance,Low Relevance,Low Relevance,Low Relevance,Low Relevance,Low Relevance,Low Relevance,Irrelevant,Irrelevant,Irrelevant,Irrelevant,Irrelevant,Irrelevant,Irrelevant,Irrelevant,Irrelevant,Irrelevant,Irrelevant,Irrelevant,Irrelevant,Irrelevant,Irrelevant,Irrelevant,Irrelevant,Irrelevant,Irrelevant,Irrelevant,Irrelevant,Irrelevant,Irrelevant
ID1389,Low Relevance,Low Relevance,Low Relevance,Low Relevance,Low Relevance,Irrelevant,Irrelevant,Irrelevant,Irrelevant,Irrelevant,Irrelevant,Irrelevant,Irrelevant,Irrelevant,Irrelevant,Irrelevant,Irrelevant,Irrelevant,Irrelevant,Irrelevant,Irrelevant,Irrelevant,Irrelevant,Irrelevant,Irrelevant,Irrelevant,Irrelevant,Irrelevant,Irrelevant,Irrelevant
ID1391,Irrelevant,Irrelevant,Irrelevant,Irrelevant,Irrelevant,Irrelevant,Irrelevant,Irrelevant,Irrelevant,Irrelevant,Irrelevant,Irrelevant,Irrelevant,Irrelevant,Irrelevant,Irrelevant,Irrelevant,Irrelevant,Irrelevant,Irrelevant,Irrelevant,Irrelevant,Irrelevant,Irrelevant,Irrelevant,Irrelevant,Irrelevant,Irrelevant,Irrelevant,Irrelevant
ID1392,Irrelevant,Irrelevant,Irrelevant,Irrelevant,Irrelevant,Irrelevant,Irrelevant,Irrelevant,Irrelevant,Irrelevant,Irrelevant,Irrelevant,Irrelevant,Irrelevant,Irrelevant,Irrelevant,Irrelevant,Irrelevant,Irrelevant,Irrelevant,Irrelevant,Irrelevant,Irrelevant,Irrelevant,Irrelevant,Irrelevant,Irrelevant,Irrelevant,Irrelevant,Irrelevant
ID1394,Low Relevance,Low Relevance,High Relevance,High Relevance,Low Relevance,Low Relevance,Low Relevance,Low Relevance,Low Relevance,Low Relevance,Low Relevance,Low Relevance,Low Relevance,Irrelevant,Irrelevant,Irrelevant,Irrelevant,Irrelevant,Irrelevant,Irrelevant,Irrelevant,Irrelevant,Irrelevant,Irrelevant,Irrelevant,Irrelevant,Irrelevant,Irrelevant,Irrelevant,Irrelevant
ID1395,Low Relevance,Low Relevance,Low Relevance,Low Relevance,Low Relevance,Low Relevance,Low Relevance,Irrelevant,Irrelevant,Irrelevant,Irrelevant,Irrelevant,Irrelevant,Irrelevant,Irrelevant,Irrelevant,Irrelevant,Irrelevant,Irrelevant,Irrelevant,Irrelevant,Irrelevant,Irrelevant,Irrelevant,Irrelevant,Irrelevant,Irrelevant,Irrelevant,Irrelevant,Irrelevant
ID1396,Low Relevance,Low Relevance,Low Relevance,Low Relevance,Irrelevant,Irrelevant,Irrelevant,Irrelevant,Irrelevant,Irrelevant,Irrelevant,Irrelevant,Irrelevant,Irrelevant,Irrelevant,Irrelevant,Irrelevant,Irrelevant,Irrelevant,Irrelevant,Irrelevant,Irrelevant,Irrelevant,Irrelevant,Irrelevant,Irrelevant,Irrelevant,Irrelevant,Irrelevant,Irrelevant
ID1397,Low Relevance,Low Relevance,Low Relevance,Low Relevance,Low Relevance,Low Relevance,Low Relevance,Low Relevance,Low Relevance,Irrelevant,Irrelevant,Irrelevant,Irrelevant,Irrelevant,Irrelevant,Irrelevant,Irrelevant,Irrelevant,Irrelevant,Irrelevant,Irrelevant,Irrelevant,Irrelevant,Irrelevant,Irrelevant,Irrelevant,Irrelevant,Irrelevant,Irrelevant,Irrelevant
ID1398,Low Relevance,Low Relevance,Low Relevance,Low Relevance,Low Relevance,Irrelevant,Irrelevant,Irrelevant,Irrelevant,Irrelevant,Irrelevant,Irrelevant,Irrelevant,Irrelevant,Irrelevant,Irrelevant,Irrelevant,Irrelevant,Irrelevant,Irrelevant,Irrelevant,Irrelevant,Irrelevant,Irrelevant,Irrelevant,Irrelevant,Irrelevant,Irrelevant,Irrelevant,Irrelevant
ID1399,Low Relevance,Low Relevance,Low Relevance,Low Relevance,Low Relevance,Low Relevance,Low Relevance,Low Relevance,Low Relevance,Low Relevance,Low Relevance,Irrelevant,Irrelevant,Irrelevant,Irrelevant,Irrelevant,Irrelevant,Irrelevant,Irrelevant,Irrelevant,Irrelevant,Irrelevant,Irrelevant,Irrelevant,Irrelevant,Irrelevant,Irrelevant,Irrelevant,Irrelevant,Irrelevant
ID1401,Irrelevant,Irrelevant,Irrelevant,Irrelevant,Irrelevant,Irrelevant,Irrelevant,Irrelevant,Irrelevant,Irrelevant,Irrelevant,Irrelevant,Irrelevant,Irrelevant,Irrelevant,Irrelevant,Irrelevant,Irrelevant,Irrelevant,Irrelevant,Irrelevant,Irrelevant,Irrelevant,Irrelevant,Irrelevant,Irrelevant,Irrelevant,Irrelevant,Irrelevant,Irrelevant
ID1402,Low Relevance,Low Relevance,Low Relevance,Low Relevance,Low Relevance,Low Relevance,Low Relevance,Low Relevance,Low Relevance,Low Relevance,Low Relevance,Low Relevance,Low Relevance,Irrelevant,Irrelevant,Irrelevant,Irrelevant,Irrelevant,Irrelevant,Irrelevant,Irrelevant,Irrelevant,Irrelevant,Irrelevant,Irrelevant,Irrelevant,Irrelevant,Irrelevant,Irrelevant,Irrelevant
ID1403,Irrelevant,Irrelevant,Irrelevant,Irrelevant,Irrelevant,Irrelevant,Irrelevant,Irrelevant,Irrelevant,Irrelevant,Irrelevant,Irrelevant,Irrelevant,Irrelevant,Irrelevant,Irrelevant,Irrelevant,Irrelevant,Irrelevant,Irrelevant,Irrelevant,Irrelevant,Irrelevant,Irrelevant,Irrelevant,Irrelevant,Irrelevant,Irrelevant,Irrelevant,Irrelevant
ID1405,Low Relevance,Low Relevance,Low Relevance,High Relevance,Low Relevance,Irrelevant,Irrelevant,Irrelevant,Irrelevant,Irrelevant,Irrelevant,Irrelevant,Irrelevant,Irrelevant,Irrelevant,Irrelevant,Irrelevant,Irrelevant,Irrelevant,Irrelevant,Irrelevant,Irrelevant,Irrelevant,Irrelevant,Irrelevant,Irrelevant,Irrelevant,Irrelevant,Irrelevant,Irrelevant
ID1409,Low Relevance,High Relevance,Low Relevance,Low Relevance,Low Relevance,Low Relevance,Low Relevance,Irrelevant,Irrelevant,Irrelevant,Irrelevant,Irrelevant,Irrelevant,Irrelevant,Irrelevant,Irrelevant,Irrelevant,Irrelevant,Irrelevant,Irrelevant,Irrelevant,Irrelevant,Irrelevant,Irrelevant,Irrelevant,Irrelevant,Irrelevant,Irrelevant,Irrelevant,Irrelevant
ID1411,Low Relevance,Irrelevant,Low Relevance,Irrelevant,Low Relevance,Irrelevant,Irrelevant,Irrelevant,Irrelevant,Irrelevant,Irrelevant,Irrelevant,Irrelevant,Irrelevant,Irrelevant,Irrelevant,Irrelevant,Irrelevant,Irrelevant,Irrelevant,Irrelevant,Irrelevant,Irrelevant,Irrelevant,Irrelevant,Irrelevant,Irrelevant,Irrelevant,Irrelevant,Irrelevant
ID1413,Low Relevance,Low Relevance,Low Relevance,Low Relevance,Low Relevance,Low Relevance,High Relevance,Irrelevant,Low Relevance,Irrelevant,Irrelevant,Irrelevant,Irrelevant,Irrelevant,Irrelevant,Irrelevant,Irrelevant,Irrelevant,Irrelevant,Irrelevant,Irrelevant,Irrelevant,Irrelevant,Irrelevant,Irrelevant,Irrelevant,Irrelevant,Irrelevant,Irrelevant,Irrelevant
ID1414,Irrelevant,Irrelevant,Irrelevant,Irrelevant,Irrelevant,Irrelevant,Irrelevant,Irrelevant,Irrelevant,Irrelevant,Irrelevant,Irrelevant,Irrelevant,Irrelevant,Irrelevant,Irrelevant,Irrelevant,Irrelevant,Irrelevant,Irrelevant,Irrelevant,Irrelevant,Irrelevant,Irrelevant,Irrelevant,Irrelevant,Irrelevant,Irrelevant,Irrelevant,Irrelevant
ID1416,Low Relevance,Low Relevance,Low Relevance,Low Relevance,Low Relevance,Low Relevance,Low Relevance,Low Relevance,Low Relevance,Low Relevance,Irrelevant,Irrelevant,Irrelevant,Irrelevant,Irrelevant,Irrelevant,Irrelevant,Irrelevant,Irrelevant,Irrelevant,Irrelevant,Irrelevant,Irrelevant,Irrelevant,Irrelevant,Irrelevant,Irrelevant,Irrelevant,Irrelevant,Irrelevant
ID1418,Irrelevant,Irrelevant,Irrelevant,Irrelevant,Irrelevant,Irrelevant,Irrelevant,Irrelevant,Irrelevant,Irrelevant,Irrelevant,Irrelevant,Irrelevant,Irrelevant,Irrelevant,Irrelevant,Irrelevant,Irrelevant,Irrelevant,Irrelevant,Irrelevant,Irrelevant,Irrelevant,Irrelevant,Irrelevant,Irrelevant,Irrelevant,Irrelevant,Irrelevant,Irrelevant
ID1419,Low Relevance,Low Relevance,Low Relevance,Low Relevance,Low Relevance,Low Relevance,Low Relevance,Low Relevance,Low Relevance,Irrelevant,Irrelevant,Irrelevant,Irrelevant,Irrelevant,Irrelevant,Irrelevant,Irrelevant,Irrelevant,Irrelevant,Irrelevant,Irrelevant,Irrelevant,Irrelevant,Irrelevant,Irrelevant,Irrelevant,Irrelevant,Irrelevant,Irrelevant,Irrelevant
ID1421,High Relevance,Low Relevance,High Relevance,Low Relevance,Low Relevance,Low Relevance,Low Relevance,Low Relevance,Low Relevance,Low Relevance,Irrelevant,Irrelevant,Irrelevant,Irrelevant,Irrelevant,Irrelevant,Irrelevant,Irrelevant,Irrelevant,Irrelevant,Irrelevant,Irrelevant,Irrelevant,Irrelevant,Irrelevant,Irrelevant,Irrelevant,Irrelevant,Irrelevant,Irrelevant
ID1422,High Relevance,Low Relevance,Low Relevance,Low Relevance,Low Relevance,Low Relevance,Low Relevance,Low Relevance,High Relevance,Low Relevance,Irrelevant,Irrelevant,Irrelevant,Irrelevant,Irrelevant,Irrelevant,Irrelevant,Irrelevant,Irrelevant,Irrelevant,Irrelevant,Irrelevant,Irrelevant,Irrelevant,Irrelevant,Irrelevant,Irrelevant,Irrelevant,Irrelevant,Irrelevant
ID1423,Low Relevance,Low Relevance,Low Relevance,Low Relevance,Low Relevance,Irrelevant,Irrelevant,Irrelevant,Irrelevant,Irrelevant,Irrelevant,Irrelevant,Irrelevant,Irrelevant,Irrelevant,Irrelevant,Irrelevant,Irrelevant,Irrelevant,Irrelevant,Irrelevant,Irrelevant,Irrelevant,Irrelevant,Irrelevant,Irrelevant,Irrelevant,Irrelevant,Irrelevant,Irrelevant
ID1425,Low Relevance,Low Relevance,Irrelevant,Irrelevant,Irrelevant,Irrelevant,Irrelevant,Irrelevant,Irrelevant,Irrelevant,Irrelevant,Irrelevant,Irrelevant,Irrelevant,Irrelevant,Irrelevant,Irrelevant,Irrelevant,Irrelevant,Irrelevant,Irrelevant,Irrelevant,Irrelevant,Irrelevant,Irrelevant,Irrelevant,Irrelevant,Irrelevant,Irrelevant,Irrelevant
ID1426,Low Relevance,Low Relevance,Low Relevance,Low Relevance,Low Relevance,Low Relevance,Low Relevance,Low Relevance,Low Relevance,Low Relevance,Low Relevance,Irrelevant,Irrelevant,Irrelevant,Irrelevant,Irrelevant,Irrelevant,Irrelevant,Irrelevant,Irrelevant,Irrelevant,Irrelevant,Irrelevant,Irrelevant,Irrelevant,Irrelevant,Irrelevant,Irrelevant,Irrelevant,Irrelevant
ID1428,Irrelevant,Irrelevant,Irrelevant,Irrelevant,Irrelevant,Irrelevant,Irrelevant,Irrelevant,Irrelevant,Irrelevant,Irrelevant,Irrelevant,Irrelevant,Irrelevant,Irrelevant,Irrelevant,Irrelevant,Irrelevant,Irrelevant,Irrelevant,Irrelevant,Irrelevant,Irrelevant,Irrelevant,Irrelevant,Irrelevant,Irrelevant,Irrelevant,Irrelevant,Irrelevant
ID1429,Irrelevant,Irrelevant,Irrelevant,Irrelevant,Irrelevant,Irrelevant,Irrelevant,Irrelevant,Irrelevant,Irrelevant,Irrelevant,Irrelevant,Irrelevant,Irrelevant,Irrelevant,Irrelevant,Irrelevant,Irrelevant,Irrelevant,Irrelevant,Irrelevant,Irrelevant,Irrelevant,Irrelevant,Irrelevant,Irrelevant,Irrelevant,Irrelevant,Irrelevant,Irrelevant
ID1430,Low Relevance,Low Relevance,Low Relevance,Low Relevance,Low Relevance,Low Relevance,Low Relevance,Low Relevance,Low Relevance,Low Relevance,Low Relevance,Low Relevance,Low Relevance,Irrelevant,Irrelevant,Irrelevant,Irrelevant,Irrelevant,Irrelevant,Irrelevant,Irrelevant,Irrelevant,Irrelevant,Irrelevant,Irrelevant,Irrelevant,Irrelevant,Irrelevant,Irrelevant,Irrelevant
ID1431,Low Relevance,Low Relevance,Irrelevant,Irrelevant,Irrelevant,Irrelevant,Irrelevant,Irrelevant,Irrelevant,Irrelevant,Irrelevant,Irrelevant,Irrelevant,Irrelevant,Irrelevant,Irrelevant,Irrelevant,Irrelevant,Irrelevant,Irrelevant,Irrelevant,Irrelevant,Irrelevant,Irrelevant,Irrelevant,Irrelevant,Irrelevant,Irrelevant,Irrelevant,Irrelevant
ID1432,Low Relevance,Low Relevance,Low Relevance,Low Relevance,Low Relevance,Low Relevance,Irrelevant,Irrelevant,Irrelevant,Irrelevant,Irrelevant,Irrelevant,Irrelevant,Irrelevant,Irrelevant,Irrelevant,Irrelevant,Irrelevant,Irrelevant,Irrelevant,Irrelevant,Irrelevant,Irrelevant,Irrelevant,Irrelevant,Irrelevant,Irrelevant,Irrelevant,Irrelevant,Irrelevant
ID1434,Irrelevant,Irrelevant,Irrelevant,Irrelevant,Irrelevant,Irrelevant,Irrelevant,Irrelevant,Irrelevant,Irrelevant,Irrelevant,Irrelevant,Irrelevant,Irrelevant,Irrelevant,Irrelevant,Irrelevant,Irrelevant,Irrelevant,Irrelevant,Irrelevant,Irrelevant,Irrelevant,Irrelevant,Irrelevant,Irrelevant,Irrelevant,Irrelevant,Irrelevant,Irrelevant
ID1438,Low Relevance,Low Relevance,Low Relevance,Low Relevance,Low Relevance,Low Relevance,Low Relevance,Low Relevance,Low Relevance,Low Relevance,Low Relevance,Irrelevant,Irrelevant,Irrelevant,Irrelevant,Irrelevant,Irrelevant,Irrelevant,Irrelevant,Irrelevant,Irrelevant,Irrelevant,Irrelevant,Irrelevant,Irrelevant,Irrelevant,Irrelevant,Irrelevant,Irrelevant,Irrelevant
ID1439,Irrelevant,Irrelevant,Irrelevant,Irrelevant,Irrelevant,Irrelevant,Irrelevant,Irrelevant,Irrelevant,Irrelevant,Irrelevant,Irrelevant,Irrelevant,Irrelevant,Irrelevant,Irrelevant,Irrelevant,Irrelevant,Irrelevant,Irrelevant,Irrelevant,Irrelevant,Irrelevant,Irrelevant,Irrelevant,Irrelevant,Irrelevant,Irrelevant,Irrelevant,Irrelevant
ID1442,Low Relevance,Low Relevance,Low Relevance,Low Relevance,Irrelevant,Irrelevant,Irrelevant,Irrelevant,Irrelevant,Irrelevant,Irrelevant,Irrelevant,Irrelevant,Irrelevant,Irrelevant,Irrelevant,Irrelevant,Irrelevant,Irrelevant,Irrelevant,Irrelevant,Irrelevant,Irrelevant,Irrelevant,Irrelevant,Irrelevant,Irrelevant,Irrelevant,Irrelevant,Irrelevant
ID1445,Low Relevance,Low Relevance,Irrelevant,Irrelevant,Irrelevant,Irrelevant,Irrelevant,Irrelevant,Irrelevant,Irrelevant,Irrelevant,Irrelevant,Irrelevant,Irrelevant,Irrelevant,Irrelevant,Irrelevant,Irrelevant,Irrelevant,Irrelevant,Irrelevant,Irrelevant,Irrelevant,Irrelevant,Irrelevant,Irrelevant,Irrelevant,Irrelevant,Irrelevant,Irrelevant
ID1446,Low Relevance,High Relevance,High Relevance,High Relevance,Low Relevance,High Relevance,Low Relevance,High Relevance,Irrelevant,Irrelevant,Irrelevant,Irrelevant,Irrelevant,Irrelevant,Irrelevant,Irrelevant,Irrelevant,Irrelevant,Irrelevant,Irrelevant,Irrelevant,Irrelevant,Irrelevant,Irrelevant,Irrelevant,Irrelevant,Irrelevant,Irrelevant,Irrelevant,Irrelevant
ID1448,Irrelevant,Irrelevant,Irrelevant,Irrelevant,Irrelevant,Irrelevant,Irrelevant,Irrelevant,Irrelevant,Irrelevant,Irrelevant,Irrelevant,Irrelevant,Irrelevant,Irrelevant,Irrelevant,Irrelevant,Irrelevant,Irrelevant,Irrelevant,Irrelevant,Irrelevant,Irrelevant,Irrelevant,Irrelevant,Irrelevant,Irrelevant,Irrelevant,Irrelevant,Irrelevant
ID1449,Irrelevant,Irrelevant,Irrelevant,Irrelevant,Irrelevant,Irrelevant,Irrelevant,Irrelevant,Irrelevant,Irrelevant,Irrelevant,Irrelevant,Irrelevant,Irrelevant,Irrelevant,Irrelevant,Irrelevant,Irrelevant,Irrelevant,Irrelevant,Irrelevant,Irrelevant,Irrelevant,Irrelevant,Irrelevant,Irrelevant,Irrelevant,Irrelevant,Irrelevant,Irrelevant
ID1450,Low Relevance,Low Relevance,Low Relevance,Low Relevance,Low Relevance,Low Relevance,Low Relevance,Low Relevance,Low Relevance,Low Relevance,Low Relevance,Low Relevance,Low Relevance,Irrelevant,Irrelevant,Irrelevant,Irrelevant,Irrelevant,Irrelevant,Irrelevant,Irrelevant,Irrelevant,Irrelevant,Irrelevant,Irrelevant,Irrelevant,Irrelevant,Irrelevant,Irrelevant,Irrelevant
ID1452,Irrelevant,Irrelevant,Irrelevant,Irrelevant,Irrelevant,Irrelevant,Irrelevant,Irrelevant,Irrelevant,Irrelevant,Irrelevant,Irrelevant,Irrelevant,Irrelevant,Irrelevant,Irrelevant,Irrelevant,Irrelevant,Irrelevant,Irrelevant,Irrelevant,Irrelevant,Irrelevant,Irrelevant,Irrelevant,Irrelevant,Irrelevant,Irrelevant,Irrelevant,Irrelevant
ID1453,Low Relevance,High Relevance,Low Relevance,Low Relevance,Low Relevance,Low Relevance,Low Relevance,Low Relevance,Irrelevant,Irrelevant,Irrelevant,Irrelevant,Irrelevant,Irrelevant,Irrelevant,Irrelevant,Irrelevant,Irrelevant,Irrelevant,Irrelevant,Irrelevant,Irrelevant,Irrelevant,Irrelevant,Irrelevant,Irrelevant,Irrelevant,Irrelevant,Irrelevant,Irrelevant
ID1454,Low Relevance,Low Relevance,Low Relevance,Low Relevance,Low Relevance,High Relevance,Low Relevance,Irrelevant,Irrelevant,Irrelevant,Irrelevant,Irrelevant,Irrelevant,Irrelevant,Irrelevant,Irrelevant,Irrelevant,Irrelevant,Irrelevant,Irrelevant,Irrelevant,Irrelevant,Irrelevant,Irrelevant,Irrelevant,Irrelevant,Irrelevant,Irrelevant,Irrelevant,Irrelevant
ID1457,Low Relevance,Low Relevance,Low Relevance,Low Relevance,Low Relevance,Low Relevance,Low Relevance,Low Relevance,Low Relevance,Irrelevant,Low Relevance,Irrelevant,Irrelevant,Irrelevant,Irrelevant,Irrelevant,Irrelevant,Irrelevant,Irrelevant,Irrelevant,Irrelevant,Irrelevant,Irrelevant,Irrelevant,Irrelevant,Irrelevant,Irrelevant,Irrelevant,Irrelevant,Irrelevant
ID1458,Irrelevant,Irrelevant,Irrelevant,Irrelevant,Irrelevant,Irrelevant,Irrelevant,Irrelevant,Irrelevant,Irrelevant,Irrelevant,Irrelevant,Irrelevant,Irrelevant,Irrelevant,Irrelevant,Irrelevant,Irrelevant,Irrelevant,Irrelevant,Irrelevant,Irrelevant,Irrelevant,Irrelevant,Irrelevant,Irrelevant,Irrelevant,Irrelevant,Irrelevant,Irrelevant
ID1459,Low Relevance,Low Relevance,Low Relevance,Low Relevance,Low Relevance,Low Relevance,Low Relevance,Low Relevance,Low Relevance,Low Relevance,Irrelevant,Irrelevant,Irrelevant,Irrelevant,Irrelevant,Irrelevant,Irrelevant,Irrelevant,Irrelevant,Irrelevant,Irrelevant,Irrelevant,Irrelevant,Irrelevant,Irrelevant,Irrelevant,Irrelevant,Irrelevant,Irrelevant,Irrelevant
ID1460,Irrelevant,Irrelevant,Irrelevant,Irrelevant,Irrelevant,Irrelevant,Irrelevant,Irrelevant,Irrelevant,Irrelevant,Irrelevant,Irrelevant,Irrelevant,Irrelevant,Irrelevant,Irrelevant,Irrelevant,Irrelevant,Irrelevant,Irrelevant,Irrelevant,Irrelevant,Irrelevant,Irrelevant,Irrelevant,Irrelevant,Irrelevant,Irrelevant,Irrelevant,Irrelevant
ID1462,High Relevance,Low Relevance,Low Relevance,Low Relevance,Irrelevant,Irrelevant,Irrelevant,Irrelevant,Irrelevant,Irrelevant,Irrelevant,Irrelevant,Irrelevant,Irrelevant,Irrelevant,Irrelevant,Irrelevant,Irrelevant,Irrelevant,Irrelevant,Irrelevant,Irrelevant,Irrelevant,Irrelevant,Irrelevant,Irrelevant,Irrelevant,Irrelevant,Irrelevant,Irrelevant
ID1463,High Relevance,Low Relevance,Low Relevance,Irrelevant,Irrelevant,Irrelevant,Irrelevant,Irrelevant,Irrelevant,Irrelevant,Irrelevant,Irrelevant,Irrelevant,Irrelevant,Irrelevant,Irrelevant,Irrelevant,Irrelevant,Irrelevant,Irrelevant,Irrelevant,Irrelevant,Irrelevant,Irrelevant,Irrelevant,Irrelevant,Irrelevant,Irrelevant,Irrelevant,Irrelevant
ID1464,Irrelevant,Irrelevant,Irrelevant,Irrelevant,Irrelevant,Irrelevant,Irrelevant,Irrelevant,Irrelevant,Irrelevant,Irrelevant,Irrelevant,Irrelevant,Irrelevant,Irrelevant,Irrelevant,Irrelevant,Irrelevant,Irrelevant,Irrelevant,Irrelevant,Irrelevant,Irrelevant,Irrelevant,Irrelevant,Irrelevant,Irrelevant,Irrelevant,Irrelevant,Irrelevant
ID1466,Low Relevance,Low Relevance,Irrelevant,Irrelevant,Irrelevant,Irrelevant,Irrelevant,Irrelevant,Irrelevant,Irrelevant,Irrelevant,Irrelevant,Irrelevant,Irrelevant,Irrelevant,Irrelevant,Irrelevant,Irrelevant,Irrelevant,Irrelevant,Irrelevant,Irrelevant,Irrelevant,Irrelevant,Irrelevant,Irrelevant,Irrelevant,Irrelevant,Irrelevant,Irrelevant
ID1467,Low Relevance,Low Relevance,Low Relevance,Low Relevance,Low Relevance,Low Relevance,Low Relevance,Low Relevance,Low Relevance,Low Relevance,Low Relevance,Irrelevant,Irrelevant,Irrelevant,Irrelevant,Irrelevant,Irrelevant,Irrelevant,Irrelevant,Irrelevant,Irrelevant,Irrelevant,Irrelevant,Irrelevant,Irrelevant,Irrelevant,Irrelevant,Irrelevant,Irrelevant,Irrelevant
ID1468,Low Relevance,Low Relevance,Low Relevance,Low Relevance,Low Relevance,Low Relevance,Low Relevance,High Relevance,Low Relevance,Low Relevance,Irrelevant,Irrelevant,Irrelevant,Irrelevant,Irrelevant,Irrelevant,Irrelevant,Irrelevant,Irrelevant,Irrelevant,Irrelevant,Irrelevant,Irrelevant,Irrelevant,Irrelevant,Irrelevant,Irrelevant,Irrelevant,Irrelevant,Irrelevant
ID1469,Low Relevance,Low Relevance,Low Relevance,Low Relevance,Low Relevance,Low Relevance,Low Relevance,Low Relevance,Low Relevance,Low Relevance,Low Relevance,Irrelevant,Irrelevant,Irrelevant,Irrelevant,Irrelevant,Irrelevant,Irrelevant,Irrelevant,Irrelevant,Irrelevant,Irrelevant,Irrelevant,Irrelevant,Irrelevant,Irrelevant,Irrelevant,Irrelevant,Irrelevant,Irrelevant
ID1474,Low Relevance,Low Relevance,Low Relevance,Low Relevance,Low Relevance,Low Relevance,Low Relevance,Irrelevant,Irrelevant,Irrelevant,Irrelevant,Irrelevant,Irrelevant,Irrelevant,Irrelevant,Irrelevant,Irrelevant,Irrelevant,Irrelevant,Irrelevant,Irrelevant,Irrelevant,Irrelevant,Irrelevant,Irrelevant,Irrelevant,Irrelevant,Irrelevant,Irrelevant,Irrelevant
ID1475,Irrelevant,Irrelevant,Irrelevant,Irrelevant,Irrelevant,Irrelevant,Irrelevant,Irrelevant,Irrelevant,Irrelevant,Irrelevant,Irrelevant,Irrelevant,Irrelevant,Irrelevant,Irrelevant,Irrelevant,Irrelevant,Irrelevant,Irrelevant,Irrelevant,Irrelevant,Irrelevant,Irrelevant,Irrelevant,Irrelevant,Irrelevant,Irrelevant,Irrelevant,Irrelevant
ID1476,Low Relevance,Irrelevant,Irrelevant,Irrelevant,Irrelevant,Irrelevant,Irrelevant,Irrelevant,Irrelevant,Irrelevant,Irrelevant,Irrelevant,Irrelevant,Irrelevant,Irrelevant,Irrelevant,Irrelevant,Irrelevant,Irrelevant,Irrelevant,Irrelevant,Irrelevant,Irrelevant,Irrelevant,Irrelevant,Irrelevant,Irrelevant,Irrelevant,Irrelevant,Irrelevant
ID1477,Irrelevant,Irrelevant,Irrelevant,Irrelevant,Irrelevant,Irrelevant,Irrelevant,Irrelevant,Irrelevant,Irrelevant,Irrelevant,Irrelevant,Irrelevant,Irrelevant,Irrelevant,Irrelevant,Irrelevant,Irrelevant,Irrelevant,Irrelevant,Irrelevant,Irrelevant,Irrelevant,Irrelevant,Irrelevant,Irrelevant,Irrelevant,Irrelevant,Irrelevant,Irrelevant
ID1479,Low Relevance,High Relevance,High Relevance,High Relevance,Irrelevant,Low Relevance,High Relevance,Irrelevant,Irrelevant,Irrelevant,Irrelevant,Irrelevant,Irrelevant,Irrelevant,Irrelevant,Irrelevant,Irrelevant,Irrelevant,Irrelevant,Irrelevant,Irrelevant,Irrelevant,Irrelevant,Irrelevant,Irrelevant,Irrelevant,Irrelevant,Irrelevant,Irrelevant,Irrelevant
ID1480,Low Relevance,Low Relevance,Low Relevance,Low Relevance,Low Relevance,Low Relevance,Low Relevance,Irrelevant,Irrelevant,Irrelevant,Irrelevant,Irrelevant,Irrelevant,Irrelevant,Irrelevant,Irrelevant,Irrelevant,Irrelevant,Irrelevant,Irrelevant,Irrelevant,Irrelevant,Irrelevant,Irrelevant,Irrelevant,Irrelevant,Irrelevant,Irrelevant,Irrelevant,Irrelevant
ID1481,Low Relevance,Low Relevance,Low Relevance,Low Relevance,Low Relevance,Low Relevance,Low Relevance,Low Relevance,Low Relevance,Low Relevance,Low Relevance,Low Relevance,Low Relevance,Irrelevant,Irrelevant,Irrelevant,Irrelevant,Irrelevant,Irrelevant,Irrelevant,Irrelevant,Irrelevant,Irrelevant,Irrelevant,Irrelevant,Irrelevant,Irrelevant,Irrelevant,Irrelevant,Irrelevant
ID1483,Irrelevant,Irrelevant,Irrelevant,Irrelevant,Irrelevant,Irrelevant,Irrelevant,Irrelevant,Irrelevant,Irrelevant,Irrelevant,Irrelevant,Irrelevant,Irrelevant,Irrelevant,Irrelevant,Irrelevant,Irrelevant,Irrelevant,Irrelevant,Irrelevant,Irrelevant,Irrelevant,Irrelevant,Irrelevant,Irrelevant,Irrelevant,Irrelevant,Irrelevant,Irrelevant
ID1485,Low Relevance,Low Relevance,Low Relevance,Low Relevance,Low Relevance,Low Relevance,Low Relevance,Low Relevance,Low Relevance,Low Relevance,Low Relevance,Low Relevance,Low Relevance,Irrelevant,Irrelevant,Irrelevant,Irrelevant,Irrelevant,Irrelevant,Irrelevant,Irrelevant,Irrelevant,Irrelevant,Irrelevant,Irrelevant,Irrelevant,Irrelevant,Irrelevant,Irrelevant,Irrelevant
ID1486,Low Relevance,Low Relevance,Low Relevance,Low Relevance,Low Relevance,Low Relevance,Irrelevant,Irrelevant,Irrelevant,Irrelevant,Irrelevant,Irrelevant,Irrelevant,Irrelevant,Irrelevant,Irrelevant,Irrelevant,Irrelevant,Irrelevant,Irrelevant,Irrelevant,Irrelevant,Irrelevant,Irrelevant,Irrelevant,Irrelevant,Irrelevant,Irrelevant,Irrelevant,Irrelevant
ID1488,Low Relevance,Low Relevance,Low Relevance,Low Relevance,Low Relevance,Low Relevance,Low Relevance,Low Relevance,Low Relevance,Low Relevance,Irrelevant,Irrelevant,Irrelevant,Irrelevant,Irrelevant,Irrelevant,Irrelevant,Irrelevant,Irrelevant,Irrelevant,Irrelevant,Irrelevant,Irrelevant,Irrelevant,Irrelevant,Irrelevant,Irrelevant,Irrelevant,Irrelevant,Irrelevant
ID1489,Irrelevant,Irrelevant,Low Relevance,Irrelevant,Low Relevance,Irrelevant,Irrelevant,Low Relevance,Irrelevant,Irrelevant,Irrelevant,Irrelevant,Irrelevant,Irrelevant,Irrelevant,Irrelevant,Irrelevant,Irrelevant,Irrelevant,Irrelevant,Irrelevant,Irrelevant,Irrelevant,Irrelevant,Irrelevant,Irrelevant,Irrelevant,Irrelevant,Irrelevant,Irrelevant
ID1490,Low Relevance,Irrelevant,Low Relevance,Low Relevance,Irrelevant,Irrelevant,High Relevance,Irrelevant,High Relevance,Irrelevant,Irrelevant,Irrelevant,Irrelevant,Irrelevant,Irrelevant,Irrelevant,Irrelevant,Irrelevant,Irrelevant,Irrelevant,Irrelevant,Irrelevant,Irrelevant,Irrelevant,Irrelevant,Irrelevant,Irrelevant,Irrelevant,Irrelevant,Irrelevant
ID1491,Low Relevance,Low Relevance,Low Relevance,Low Relevance,Low Relevance,Low Relevance,Low Relevance,Low Relevance,Low Relevance,Low Relevance,Irrelevant,Irrelevant,Irrelevant,Irrelevant,Irrelevant,Irrelevant,Irrelevant,Irrelevant,Irrelevant,Irrelevant,Irrelevant,Irrelevant,Irrelevant,Irrelevant,Irrelevant,Irrelevant,Irrelevant,Irrelevant,Irrelevant,Irrelevant
ID1492,Irrelevant,Irrelevant,Irrelevant,Irrelevant,Irrelevant,Irrelevant,Irrelevant,Irrelevant,Irrelevant,Irrelevant,Irrelevant,Irrelevant,Irrelevant,Irrelevant,Irrelevant,Irrelevant,Irrelevant,Irrelevant,Irrelevant,Irrelevant,Irrelevant,Irrelevant,Irrelevant,Irrelevant,Irrelevant,Irrelevant,Irrelevant,Irrelevant,Irrelevant,Irrelevant
ID1494,Irrelevant,Irrelevant,Irrelevant,Irrelevant,Irrelevant,Irrelevant,Irrelevant,Irrelevant,Irrelevant,Irrelevant,Irrelevant,Irrelevant,Irrelevant,Irrelevant,Irrelevant,Irrelevant,Irrelevant,Irrelevant,Irrelevant,Irrelevant,Irrelevant,Irrelevant,Irrelevant,Irrelevant,Irrelevant,Irrelevant,Irrelevant,Irrelevant,Irrelevant,Irrelevant
ID1495,Low Relevance,Low Relevance,Low Relevance,Low Relevance,High Relevance,Low Relevance,Low Relevance,Low Relevance,Low Relevance,Low Relevance,Irrelevant,Irrelevant,Irrelevant,Irrelevant,Irrelevant,Irrelevant,Irrelevant,Irrelevant,Irrelevant,Irrelevant,Irrelevant,Irrelevant,Irrelevant,Irrelevant,Irrelevant,Irrelevant,Irrelevant,Irrelevant,Irrelevant,Irrelevant
ID1496,Irrelevant,Irrelevant,Irrelevant,Irrelevant,Irrelevant,Irrelevant,Irrelevant,Irrelevant,Irrelevant,Irrelevant,Irrelevant,Irrelevant,Irrelevant,Irrelevant,Irrelevant,Irrelevant,Irrelevant,Irrelevant,Irrelevant,Irrelevant,Irrelevant,Irrelevant,Irrelevant,Irrelevant,Irrelevant,Irrelevant,Irrelevant,Irrelevant,Irrelevant,Irrelevant
ID1500,High Relevance,Low Relevance,High Relevance,Irrelevant,Irrelevant,Irrelevant,Irrelevant,Irrelevant,Irrelevant,Irrelevant,Irrelevant,Irrelevant,Irrelevant,Irrelevant,Irrelevant,Irrelevant,Irrelevant,Irrelevant,Irrelevant,Irrelevant,Irrelevant,Irrelevant,Irrelevant,Irrelevant,Irrelevant,Irrelevant,Irrelevant,Irrelevant,Irrelevant,Irrelevant
ID1501,Irrelevant,Irrelevant,Irrelevant,Irrelevant,Irrelevant,Irrelevant,Irrelevant,Irrelevant,Irrelevant,Irrelevant,Irrelevant,Irrelevant,Irrelevant,Irrelevant,Irrelevant,Irrelevant,Irrelevant,Irrelevant,Irrelevant,Irrelevant,Irrelevant,Irrelevant,Irrelevant,Irrelevant,Irrelevant,Irrelevant,Irrelevant,Irrelevant,Irrelevant,Irrelevant
ID1504,Irrelevant,Irrelevant,Irrelevant,Irrelevant,Irrelevant,Irrelevant,Irrelevant,Irrelevant,Irrelevant,Irrelevant,Irrelevant,Irrelevant,Irrelevant,Irrelevant,Irrelevant,Irrelevant,Irrelevant,Irrelevant,Irrelevant,Irrelevant,Irrelevant,Irrelevant,Irrelevant,Irrelevant,Irrelevant,Irrelevant,Irrelevant,Irrelevant,Irrelevant,Irrelevant
ID1505,Irrelevant,Irrelevant,Irrelevant,Irrelevant,Irrelevant,Irrelevant,Irrelevant,Irrelevant,Irrelevant,Irrelevant,Irrelevant,Irrelevant,Irrelevant,Irrelevant,Irrelevant,Irrelevant,Irrelevant,Irrelevant,Irrelevant,Irrelevant,Irrelevant,Irrelevant,Irrelevant,Irrelevant,Irrelevant,Irrelevant,Irrelevant,Irrelevant,Irrelevant,Irrelevant
ID1506,Irrelevant,Irrelevant,Irrelevant,Irrelevant,Irrelevant,Irrelevant,Irrelevant,Irrelevant,Irrelevant,Irrelevant,Irrelevant,Irrelevant,Irrelevant,Irrelevant,Irrelevant,Irrelevant,Irrelevant,Irrelevant,Irrelevant,Irrelevant,Irrelevant,Irrelevant,Irrelevant,Irrelevant,Irrelevant,Irrelevant,Irrelevant,Irrelevant,Irrelevant,Irrelevant
ID1507,Irrelevant,Irrelevant,Irrelevant,Irrelevant,Irrelevant,Irrelevant,Irrelevant,Irrelevant,Irrelevant,Irrelevant,Irrelevant,Irrelevant,Irrelevant,Irrelevant,Irrelevant,Irrelevant,Irrelevant,Irrelevant,Irrelevant,Irrelevant,Irrelevant,Irrelevant,Irrelevant,Irrelevant,Irrelevant,Irrelevant,Irrelevant,Irrelevant,Irrelevant,Irrelevant
ID1508,Irrelevant,Irrelevant,Irrelevant,Irrelevant,Irrelevant,Irrelevant,Irrelevant,Irrelevant,Irrelevant,Irrelevant,Irrelevant,Irrelevant,Irrelevant,Irrelevant,Irrelevant,Irrelevant,Irrelevant,Irrelevant,Irrelevant,Irrelevant,Irrelevant,Irrelevant,Irrelevant,Irrelevant,Irrelevant,Irrelevant,Irrelevant,Irrelevant,Irrelevant,Irrelevant
ID1510,Irrelevant,Irrelevant,Irrelevant,Irrelevant,Irrelevant,Irrelevant,Irrelevant,Irrelevant,Irrelevant,Irrelevant,Irrelevant,Irrelevant,Irrelevant,Irrelevant,Irrelevant,Irrelevant,Irrelevant,Irrelevant,Irrelevant,Irrelevant,Irrelevant,Irrelevant,Irrelevant,Irrelevant,Irrelevant,Irrelevant,Irrelevant,Irrelevant,Irrelevant,Irrelevant
ID1513,High Relevance,Low Relevance,Low Relevance,Low Relevance,Low Relevance,Low Relevance,Low Relevance,Low Relevance,Low Relevance,Low Relevance,Low Relevance,Low Relevance,Low Relevance,Irrelevant,Irrelevant,Irrelevant,Irrelevant,Irrelevant,Irrelevant,Irrelevant,Irrelevant,Irrelevant,Irrelevant,Irrelevant,Irrelevant,Irrelevant,Irrelevant,Irrelevant,Irrelevant,Irrelevant
ID1514,Irrelevant,Irrelevant,Irrelevant,Irrelevant,Irrelevant,Irrelevant,Irrelevant,Irrelevant,Irrelevant,Irrelevant,Irrelevant,Irrelevant,Irrelevant,Irrelevant,Irrelevant,Irrelevant,Irrelevant,Irrelevant,Irrelevant,Irrelevant,Irrelevant,Irrelevant,Irrelevant,Irrelevant,Irrelevant,Irrelevant,Irrelevant,Irrelevant,Irrelevant,Irrelevant
ID1515,Low Relevance,Low Relevance,Low Relevance,Low Relevance,Low Relevance,Low Relevance,Low Relevance,Low Relevance,Low Relevance,Low Relevance,Low Relevance,Irrelevant,Irrelevant,Irrelevant,Irrelevant,Irrelevant,Irrelevant,Irrelevant,Irrelevant,Irrelevant,Irrelevant,Irrelevant,Irrelevant,Irrelevant,Irrelevant,Irrelevant,Irrelevant,Irrelevant,Irrelevant,Irrelevant
ID1517,High Relevance,Low Relevance,Low Relevance,Low Relevance,Low Relevance,Low Relevance,Low Relevance,Low Relevance,Low Relevance,Low Relevance,Irrelevant,Irrelevant,Irrelevant,Irrelevant,Irrelevant,Irrelevant,Irrelevant,Irrelevant,Irrelevant,Irrelevant,Irrelevant,Irrelevant,Irrelevant,Irrelevant,Irrelevant,Irrelevant,Irrelevant,Irrelevant,Irrelevant,Irrelevant
ID1518,Low Relevance,Low Relevance,Low Relevance,Low Relevance,Low Relevance,Low Relevance,Low Relevance,Low Relevance,Irrelevant,Irrelevant,Irrelevant,Irrelevant,Irrelevant,Irrelevant,Irrelevant,Irrelevant,Irrelevant,Irrelevant,Irrelevant,Irrelevant,Irrelevant,Irrelevant,Irrelevant,Irrelevant,Irrelevant,Irrelevant,Irrelevant,Irrelevant,Irrelevant,Irrelevant
ID1520,High Relevance,High Relevance,Low Relevance,High Relevance,High Relevance,High Relevance,High Relevance,Low Relevance,Low Relevance,Low Relevance,High Relevance,High Relevance,High Relevance,Irrelevant,Irrelevant,Irrelevant,Irrelevant,Irrelevant,Irrelevant,Irrelevant,Irrelevant,Irrelevant,Irrelevant,Irrelevant,Irrelevant,Irrelevant,Irrelevant,Irrelevant,Irrelevant,Irrelevant
ID1524,Irrelevant,Irrelevant,Irrelevant,Irrelevant,Irrelevant,Irrelevant,Irrelevant,Irrelevant,Irrelevant,Irrelevant,Irrelevant,Irrelevant,Irrelevant,Irrelevant,Irrelevant,Irrelevant,Irrelevant,Irrelevant,Irrelevant,Irrelevant,Irrelevant,Irrelevant,Irrelevant,Irrelevant,Irrelevant,Irrelevant,Irrelevant,Irrelevant,Irrelevant,Irrelevant
ID1525,High Relevance,Low Relevance,Low Relevance,Low Relevance,Low Relevance,Low Relevance,Low Relevance,Low Relevance,Low Relevance,Low Relevance,High Relevance,High Relevance,High Relevance,Irrelevant,Irrelevant,Irrelevant,Irrelevant,Irrelevant,Irrelevant,Irrelevant,Irrelevant,Irrelevant,Irrelevant,Irrelevant,Irrelevant,Irrelevant,Irrelevant,Irrelevant,Irrelevant,Irrelevant
ID1526,Irrelevant,Irrelevant,Irrelevant,Irrelevant,Irrelevant,Irrelevant,Irrelevant,Irrelevant,Irrelevant,Irrelevant,Irrelevant,Irrelevant,Irrelevant,Irrelevant,Irrelevant,Irrelevant,Irrelevant,Irrelevant,Irrelevant,Irrelevant,Irrelevant,Irrelevant,Irrelevant,Irrelevant,Irrelevant,Irrelevant,Irrelevant,Irrelevant,Irrelevant,Irrelevant
ID1529,Irrelevant,Irrelevant,Irrelevant,Irrelevant,Irrelevant,Irrelevant,Irrelevant,Irrelevant,Irrelevant,Irrelevant,Irrelevant,Irrelevant,Irrelevant,Irrelevant,Irrelevant,Irrelevant,Irrelevant,Irrelevant,Irrelevant,Irrelevant,Irrelevant,Irrelevant,Irrelevant,Irrelevant,Irrelevant,Irrelevant,Irrelevant,Irrelevant,Irrelevant,Irrelevant
ID1530,Low Relevance,Low Relevance,Low Relevance,Irrelevant,Low Relevance,Low Relevance,Low Relevance,Low Relevance,Low Relevance,Low Relevance,Low Relevance,Low Relevance,Low Relevance,Irrelevant,Irrelevant,Irrelevant,Irrelevant,Irrelevant,Irrelevant,Irrelevant,Irrelevant,Irrelevant,Irrelevant,Irrelevant,Irrelevant,Irrelevant,Irrelevant,Irrelevant,Irrelevant,Irrelevant
ID1531,Low Relevance,Low Relevance,Low Relevance,Low Relevance,Low Relevance,Low Relevance,Irrelevant,Irrelevant,Irrelevant,Irrelevant,Irrelevant,Irrelevant,Irrelevant,Irrelevant,Irrelevant,Irrelevant,Irrelevant,Irrelevant,Irrelevant,Irrelevant,Irrelevant,Irrelevant,Irrelevant,Irrelevant,Irrelevant,Irrelevant,Irrelevant,Irrelevant,Irrelevant,Irrelevant
ID1532,Irrelevant,Irrelevant,Irrelevant,Irrelevant,Irrelevant,Irrelevant,Irrelevant,Irrelevant,Irrelevant,Irrelevant,Irrelevant,Irrelevant,Irrelevant,Irrelevant,Irrelevant,Irrelevant,Irrelevant,Irrelevant,Irrelevant,Irrelevant,Irrelevant,Irrelevant,Irrelevant,Irrelevant,Irrelevant,Irrelevant,Irrelevant,Irrelevant,Irrelevant,Irrelevant
ID1533,Low Relevance,Low Relevance,Low Relevance,Low Relevance,Low Relevance,Low Relevance,Low Relevance,Low Relevance,Low Relevance,Low Relevance,Low Relevance,Low Relevance,Low Relevance,Irrelevant,Irrelevant,Irrelevant,Irrelevant,Irrelevant,Irrelevant,Irrelevant,Irrelevant,Irrelevant,Irrelevant,Irrelevant,Irrelevant,Irrelevant,Irrelevant,Irrelevant,Irrelevant,Irrelevant
ID1534,Low Relevance,Low Relevance,Low Relevance,Low Relevance,Low Relevance,Low Relevance,Low Relevance,Irrelevant,Irrelevant,Irrelevant,Irrelevant,Irrelevant,Irrelevant,Irrelevant,Irrelevant,Irrelevant,Irrelevant,Irrelevant,Irrelevant,Irrelevant,Irrelevant,Irrelevant,Irrelevant,Irrelevant,Irrelevant,Irrelevant,Irrelevant,Irrelevant,Irrelevant,Irrelevant
ID1536,Irrelevant,Irrelevant,Irrelevant,Irrelevant,Irrelevant,Irrelevant,Irrelevant,Irrelevant,Irrelevant,Irrelevant,Irrelevant,Irrelevant,Irrelevant,Irrelevant,Irrelevant,Irrelevant,Irrelevant,Irrelevant,Irrelevant,Irrelevant,Irrelevant,Irrelevant,Irrelevant,Irrelevant,Irrelevant,Irrelevant,Irrelevant,Irrelevant,Irrelevant,Irrelevant
ID1538,Low Relevance,Low Relevance,Low Relevance,Low Relevance,Low Relevance,Low Relevance,Low Relevance,Low Relevance,Low Relevance,Low Relevance,Low Relevance,Irrelevant,Irrelevant,Irrelevant,Irrelevant,Irrelevant,Irrelevant,Irrelevant,Irrelevant,Irrelevant,Irrelevant,Irrelevant,Irrelevant,Irrelevant,Irrelevant,Irrelevant,Irrelevant,Irrelevant,Irrelevant,Irrelevant
ID1539,Low Relevance,Low Relevance,Low Relevance,Low Relevance,Low Relevance,Low Relevance,Low Relevance,Low Relevance,Low Relevance,Irrelevant,Irrelevant,Irrelevant,Irrelevant,Irrelevant,Irrelevant,Irrelevant,Irrelevant,Irrelevant,Irrelevant,Irrelevant,Irrelevant,Irrelevant,Irrelevant,Irrelevant,Irrelevant,Irrelevant,Irrelevant,Irrelevant,Irrelevant,Irrelevant
ID1540,High Relevance,Low Relevance,Low Relevance,High Relevance,Low Relevance,Low Relevance,Low Relevance,High Relevance,Low Relevance,Irrelevant,High Relevance,Low Relevance,Low Relevance,Irrelevant,Irrelevant,Irrelevant,Irrelevant,Irrelevant,Irrelevant,Irrelevant,Irrelevant,Irrelevant,Irrelevant,Irrelevant,Irrelevant,Irrelevant,Irrelevant,Irrelevant,Irrelevant,Irrelevant
ID1541,Irrelevant,Irrelevant,Irrelevant,Irrelevant,Irrelevant,Irrelevant,Irrelevant,Irrelevant,Irrelevant,Irrelevant,Irrelevant,Irrelevant,Irrelevant,Irrelevant,Irrelevant,Irrelevant,Irrelevant,Irrelevant,Irrelevant,Irrelevant,Irrelevant,Irrelevant,Irrelevant,Irrelevant,Irrelevant,Irrelevant,Irrelevant,Irrelevant,Irrelevant,Irrelevant
ID1543,Low Relevance,Low Relevance,Low Relevance,Low Relevance,Low Relevance,Low Relevance,Low Relevance,Low Relevance,Low Relevance,Low Relevance,Irrelevant,Irrelevant,Irrelevant,Irrelevant,Irrelevant,Irrelevant,Irrelevant,Irrelevant,Irrelevant,Irrelevant,Irrelevant,Irrelevant,Irrelevant,Irrelevant,Irrelevant,Irrelevant,Irrelevant,Irrelevant,Irrelevant,Irrelevant
ID1544,Low Relevance,Low Relevance,Irrelevant,Irrelevant,Irrelevant,Irrelevant,Irrelevant,Irrelevant,Irrelevant,Irrelevant,Irrelevant,Irrelevant,Irrelevant,Irrelevant,Irrelevant,Irrelevant,Irrelevant,Irrelevant,Irrelevant,Irrelevant,Irrelevant,Irrelevant,Irrelevant,Irrelevant,Irrelevant,Irrelevant,Irrelevant,Irrelevant,Irrelevant,Irrelevant
ID1545,Low Relevance,Low Relevance,Low Relevance,Low Relevance,Low Relevance,Low Relevance,Low Relevance,Low Relevance,Low Relevance,Low Relevance,Low Relevance,Low Relevance,Low Relevance,Irrelevant,Irrelevant,Irrelevant,Irrelevant,Irrelevant,Irrelevant,Irrelevant,Irrelevant,Irrelevant,Irrelevant,Irrelevant,Irrelevant,Irrelevant,Irrelevant,Irrelevant,Irrelevant,Irrelevant
ID1550,Irrelevant,Irrelevant,Irrelevant,Irrelevant,Irrelevant,Irrelevant,Irrelevant,Irrelevant,Irrelevant,Irrelevant,Irrelevant,Irrelevant,Irrelevant,Irrelevant,Irrelevant,Irrelevant,Irrelevant,Irrelevant,Irrelevant,Irrelevant,Irrelevant,Irrelevant,Irrelevant,Irrelevant,Irrelevant,Irrelevant,Irrelevant,Irrelevant,Irrelevant,Irrelevant
ID1551,Irrelevant,Irrelevant,Irrelevant,Irrelevant,Irrelevant,Irrelevant,Irrelevant,Irrelevant,Irrelevant,Irrelevant,Irrelevant,Irrelevant,Irrelevant,Irrelevant,Irrelevant,Irrelevant,Irrelevant,Irrelevant,Irrelevant,Irrelevant,Irrelevant,Irrelevant,Irrelevant,Irrelevant,Irrelevant,Irrelevant,Irrelevant,Irrelevant,Irrelevant,Irrelevant
ID1552,Irrelevant,Irrelevant,Irrelevant,Irrelevant,Irrelevant,Irrelevant,Irrelevant,Irrelevant,Irrelevant,Irrelevant,Irrelevant,Irrelevant,Irrelevant,Irrelevant,Irrelevant,Irrelevant,Irrelevant,Irrelevant,Irrelevant,Irrelevant,Irrelevant,Irrelevant,Irrelevant,Irrelevant,Irrelevant,Irrelevant,Irrelevant,Irrelevant,Irrelevant,Irrelevant
ID1553,Low Relevance,Low Relevance,Low Relevance,Low Relevance,Low Relevance,Low Relevance,Low Relevance,Low Relevance,Low Relevance,Low Relevance,Low Relevance,Low Relevance,Low Relevance,Irrelevant,Irrelevant,Irrelevant,Irrelevant,Irrelevant,Irrelevant,Irrelevant,Irrelevant,Irrelevant,Irrelevant,Irrelevant,Irrelevant,Irrelevant,Irrelevant,Irrelevant,Irrelevant,Irrelevant
ID1555,Irrelevant,Irrelevant,Irrelevant,Irrelevant,Irrelevant,Irrelevant,Irrelevant,Irrelevant,Irrelevant,Irrelevant,Irrelevant,Irrelevant,Irrelevant,Irrelevant,Irrelevant,Irrelevant,Irrelevant,Irrelevant,Irrelevant,Irrelevant,Irrelevant,Irrelevant,Irrelevant,Irrelevant,Irrelevant,Irrelevant,Irrelevant,Irrelevant,Irrelevant,Irrelevant
ID1557,Low Relevance,Low Relevance,Low Relevance,Low Relevance,Low Relevance,Low Relevance,Low Relevance,Irrelevant,Irrelevant,Irrelevant,Irrelevant,Irrelevant,Irrelevant,Irrelevant,Irrelevant,Irrelevant,Irrelevant,Irrelevant,Irrelevant,Irrelevant,Irrelevant,Irrelevant,Irrelevant,Irrelevant,Irrelevant,Irrelevant,Irrelevant,Irrelevant,Irrelevant,Irrelevant
ID1558,Low Relevance,Low Relevance,Low Relevance,Low Relevance,Low Relevance,Low Relevance,Low Relevance,Irrelevant,Irrelevant,Irrelevant,Irrelevant,Irrelevant,Irrelevant,Irrelevant,Irrelevant,Irrelevant,Irrelevant,Irrelevant,Irrelevant,Irrelevant,Irrelevant,Irrelevant,Irrelevant,Irrelevant,Irrelevant,Irrelevant,Irrelevant,Irrelevant,Irrelevant,Irrelevant
ID1559,Irrelevant,Irrelevant,Irrelevant,Irrelevant,Irrelevant,Irrelevant,Irrelevant,Irrelevant,Irrelevant,Irrelevant,Irrelevant,Irrelevant,Irrelevant,Irrelevant,Irrelevant,Irrelevant,Irrelevant,Irrelevant,Irrelevant,Irrelevant,Irrelevant,Irrelevant,Irrelevant,Irrelevant,Irrelevant,Irrelevant,Irrelevant,Irrelevant,Irrelevant,Irrelevant
ID1560,Irrelevant,Irrelevant,Irrelevant,Irrelevant,Irrelevant,Irrelevant,Irrelevant,Irrelevant,Irrelevant,Irrelevant,Irrelevant,Irrelevant,Irrelevant,Irrelevant,Irrelevant,Irrelevant,Irrelevant,Irrelevant,Irrelevant,Irrelevant,Irrelevant,Irrelevant,Irrelevant,Irrelevant,Irrelevant,Irrelevant,Irrelevant,Irrelevant,Irrelevant,Irrelevant
ID1561,Irrelevant,Irrelevant,Irrelevant,Irrelevant,Irrelevant,Irrelevant,Irrelevant,Irrelevant,Irrelevant,Irrelevant,Irrelevant,Irrelevant,Irrelevant,Irrelevant,Irrelevant,Irrelevant,Irrelevant,Irrelevant,Irrelevant,Irrelevant,Irrelevant,Irrelevant,Irrelevant,Irrelevant,Irrelevant,Irrelevant,Irrelevant,Irrelevant,Irrelevant,Irrelevant
ID1565,Irrelevant,Irrelevant,Irrelevant,Irrelevant,Irrelevant,Irrelevant,Irrelevant,Irrelevant,Irrelevant,Irrelevant,Irrelevant,Irrelevant,Irrelevant,Irrelevant,Irrelevant,Irrelevant,Irrelevant,Irrelevant,Irrelevant,Irrelevant,Irrelevant,Irrelevant,Irrelevant,Irrelevant,Irrelevant,Irrelevant,Irrelevant,Irrelevant,Irrelevant,Irrelevant
ID1566,Irrelevant,Irrelevant,Irrelevant,Irrelevant,Irrelevant,Irrelevant,Irrelevant,Irrelevant,Irrelevant,Irrelevant,Irrelevant,Irrelevant,Irrelevant,Irrelevant,Irrelevant,Irrelevant,Irrelevant,Irrelevant,Irrelevant,Irrelevant,Irrelevant,Irrelevant,Irrelevant,Irrelevant,Irrelevant,Irrelevant,Irrelevant,Irrelevant,Irrelevant,Irrelevant
ID1567,Irrelevant,Irrelevant,Irrelevant,Irrelevant,Irrelevant,Irrelevant,Irrelevant,Irrelevant,Irrelevant,Irrelevant,Irrelevant,Irrelevant,Irrelevant,Irrelevant,Irrelevant,Irrelevant,Irrelevant,Irrelevant,Irrelevant,Irrelevant,Irrelevant,Irrelevant,Irrelevant,Irrelevant,Irrelevant,Irrelevant,Irrelevant,Irrelevant,Irrelevant,Irrelevant
ID1569,Irrelevant,Irrelevant,Irrelevant,Irrelevant,Irrelevant,Irrelevant,Irrelevant,Irrelevant,Irrelevant,Irrelevant,Irrelevant,Irrelevant,Irrelevant,Irrelevant,Irrelevant,Irrelevant,Irrelevant,Irrelevant,Irrelevant,Irrelevant,Irrelevant,Irrelevant,Irrelevant,Irrelevant,Irrelevant,Irrelevant,Irrelevant,Irrelevant,Irrelevant,Irrelevant
ID1570,Low Relevance,High Relevance,Low Relevance,Irrelevant,Irrelevant,Irrelevant,Irrelevant,High Relevance,Irrelevant,Irrelevant,Irrelevant,Irrelevant,Irrelevant,Irrelevant,Irrelevant,Irrelevant,Irrelevant,Irrelevant,Irrelevant,Irrelevant,Irrelevant,Irrelevant,Irrelevant,Irrelevant,Irrelevant,Irrelevant,Irrelevant,Irrelevant,Irrelevant,Irrelevant
ID1571,Irrelevant,Irrelevant,Irrelevant,Irrelevant,Irrelevant,Irrelevant,Irrelevant,Irrelevant,Irrelevant,Irrelevant,Irrelevant,Irrelevant,Irrelevant,Irrelevant,Irrelevant,Irrelevant,Irrelevant,Irrelevant,Irrelevant,Irrelevant,Irrelevant,Irrelevant,Irrelevant,Irrelevant,Irrelevant,Irrelevant,Irrelevant,Irrelevant,Irrelevant,Irrelevant
ID1572,Irrelevant,Irrelevant,Irrelevant,Irrelevant,Irrelevant,Irrelevant,Irrelevant,Irrelevant,Irrelevant,Irrelevant,Irrelevant,Irrelevant,Irrelevant,Irrelevant,Irrelevant,Irrelevant,Irrelevant,Irrelevant,Irrelevant,Irrelevant,Irrelevant,Irrelevant,Irrelevant,Irrelevant,Irrelevant,Irrelevant,Irrelevant,Irrelevant,Irrelevant,Irrelevant
ID1573,Low Relevance,Low Relevance,Low Relevance,Low Relevance,Low Relevance,Low Relevance,Low Relevance,Low Relevance,Low Relevance,Low Relevance,Low Relevance,Low Relevance,Low Relevance,Irrelevant,Irrelevant,Irrelevant,Irrelevant,Irrelevant,Irrelevant,Irrelevant,Irrelevant,Irrelevant,Irrelevant,Irrelevant,Irrelevant,Irrelevant,Irrelevant,Irrelevant,Irrelevant,Irrelevant
ID1574,Low Relevance,Low Relevance,Low Relevance,Low Relevance,Low Relevance,Low Relevance,Low Relevance,Low Relevance,Low Relevance,Low Relevance,Low Relevance,Low Relevance,Low Relevance,Irrelevant,Irrelevant,Irrelevant,Irrelevant,Irrelevant,Irrelevant,Irrelevant,Irrelevant,Irrelevant,Irrelevant,Irrelevant,Irrelevant,Irrelevant,Irrelevant,Irrelevant,Irrelevant,Irrelevant
ID1575,Low Relevance,High Relevance,High Relevance,Low Relevance,Low Relevance,Low Relevance,Low Relevance,Low Relevance,Low Relevance,Low Relevance,Low Relevance,Low Relevance,Low Relevance,Irrelevant,Irrelevant,Irrelevant,Irrelevant,Irrelevant,Irrelevant,Irrelevant,Irrelevant,Irrelevant,Irrelevant,Irrelevant,Irrelevant,Irrelevant,Irrelevant,Irrelevant,Irrelevant,Irrelevant
ID1578,Irrelevant,Irrelevant,Irrelevant,Irrelevant,Irrelevant,Irrelevant,Irrelevant,Irrelevant,Irrelevant,Irrelevant,Irrelevant,Irrelevant,Irrelevant,Irrelevant,Irrelevant,Irrelevant,Irrelevant,Irrelevant,Irrelevant,Irrelevant,Irrelevant,Irrelevant,Irrelevant,Irrelevant,Irrelevant,Irrelevant,Irrelevant,Irrelevant,Irrelevant,Irrelevant
ID1580,Low Relevance,Irrelevant,Low Relevance,Irrelevant,Irrelevant,Irrelevant,Irrelevant,Irrelevant,Irrelevant,Irrelevant,Irrelevant,Irrelevant,Irrelevant,Irrelevant,Irrelevant,Irrelevant,Irrelevant,Irrelevant,Irrelevant,Irrelevant,Irrelevant,Irrelevant,Irrelevant,Irrelevant,Irrelevant,Irrelevant,Irrelevant,Irrelevant,Irrelevant,Irrelevant
ID1581,Irrelevant,Irrelevant,Irrelevant,Irrelevant,Irrelevant,Irrelevant,Irrelevant,Irrelevant,Irrelevant,Irrelevant,Irrelevant,Irrelevant,Irrelevant,Irrelevant,Irrelevant,Irrelevant,Irrelevant,Irrelevant,Irrelevant,Irrelevant,Irrelevant,Irrelevant,Irrelevant,Irrelevant,Irrelevant,Irrelevant,Irrelevant,Irrelevant,Irrelevant,Irrelevant
ID1582,Low Relevance,Low Relevance,Irrelevant,Irrelevant,Irrelevant,High Relevance,Irrelevant,Irrelevant,Irrelevant,Irrelevant,Irrelevant,Irrelevant,Irrelevant,Irrelevant,Irrelevant,Irrelevant,Irrelevant,Irrelevant,Irrelevant,Irrelevant,Irrelevant,Irrelevant,Irrelevant,Irrelevant,Irrelevant,Irrelevant,Irrelevant,Irrelevant,Irrelevant,Irrelevant
ID1583,Low Relevance,Low Relevance,Low Relevance,Low Relevance,High Relevance,High Relevance,High Relevance,Irrelevant,Irrelevant,Irrelevant,Irrelevant,Irrelevant,Irrelevant,Irrelevant,Irrelevant,Irrelevant,Irrelevant,Irrelevant,Irrelevant,Irrelevant,Irrelevant,Irrelevant,Irrelevant,Irrelevant,Irrelevant,Irrelevant,Irrelevant,Irrelevant,Irrelevant,Irrelevant
ID1584,Irrelevant,Irrelevant,Irrelevant,Irrelevant,Irrelevant,Irrelevant,Irrelevant,Irrelevant,Irrelevant,Irrelevant,Irrelevant,Irrelevant,Irrelevant,Irrelevant,Irrelevant,Irrelevant,Irrelevant,Irrelevant,Irrelevant,Irrelevant,Irrelevant,Irrelevant,Irrelevant,Irrelevant,Irrelevant,Irrelevant,Irrelevant,Irrelevant,Irrelevant,Irrelevant
ID1585,Low Relevance,Low Relevance,Low Relevance,Low Relevance,Low Relevance,Low Relevance,Low Relevance,Low Relevance,Low Relevance,Low Relevance,Low Relevance,Irrelevant,Irrelevant,Irrelevant,Irrelevant,Irrelevant,Irrelevant,Irrelevant,Irrelevant,Irrelevant,Irrelevant,Irrelevant,Irrelevant,Irrelevant,Irrelevant,Irrelevant,Irrelevant,Irrelevant,Irrelevant,Irrelevant
ID1586,High Relevance,Low Relevance,Low Relevance,Low Relevance,Low Relevance,High Relevance,Low Relevance,Low Relevance,High Relevance,Low Relevance,Low Relevance,Low Relevance,Low Relevance,Irrelevant,Irrelevant,Irrelevant,Irrelevant,Irrelevant,Irrelevant,Irrelevant,Irrelevant,Irrelevant,Irrelevant,Irrelevant,Irrelevant,Irrelevant,Irrelevant,Irrelevant,Irrelevant,Irrelevant
ID1587,Low Relevance,Low Relevance,Low Relevance,Low Relevance,Irrelevant,Irrelevant,Irrelevant,Irrelevant,Irrelevant,Irrelevant,Irrelevant,Irrelevant,Irrelevant,Irrelevant,Irrelevant,Irrelevant,Irrelevant,Irrelevant,Irrelevant,Irrelevant,Irrelevant,Irrelevant,Irrelevant,Irrelevant,Irrelevant,Irrelevant,Irrelevant,Irrelevant,Irrelevant,Irrelevant
ID1588,Low Relevance,High Relevance,Irrelevant,Irrelevant,Irrelevant,Irrelevant,Irrelevant,Irrelevant,Irrelevant,Irrelevant,Irrelevant,Irrelevant,Irrelevant,Irrelevant,Irrelevant,Irrelevant,Irrelevant,Irrelevant,Irrelevant,Irrelevant,Irrelevant,Irrelevant,Irrelevant,Irrelevant,Irrelevant,Irrelevant,Irrelevant,Irrelevant,Irrelevant,Irrelevant
ID1590,High Relevance,Low Relevance,High Relevance,High Relevance,Low Relevance,Irrelevant,Irrelevant,Irrelevant,Irrelevant,Irrelevant,Irrelevant,Irrelevant,Irrelevant,Irrelevant,Irrelevant,Irrelevant,Irrelevant,Irrelevant,Irrelevant,Irrelevant,Irrelevant,Irrelevant,Irrelevant,Irrelevant,Irrelevant,Irrelevant,Irrelevant,Irrelevant,Irrelevant,Irrelevant
ID1591,Low Relevance,High Relevance,High Relevance,Irrelevant,Irrelevant,High Relevance,Irrelevant,Irrelevant,Irrelevant,Irrelevant,Irrelevant,Irrelevant,Irrelevant,Irrelevant,Irrelevant,Irrelevant,Irrelevant,Irrelevant,Irrelevant,Irrelevant,Irrelevant,Irrelevant,Irrelevant,Irrelevant,Irrelevant,Irrelevant,Irrelevant,Irrelevant,Irrelevant,Irrelevant
ID1593,Low Relevance,Low Relevance,Low Relevance,Low Relevance,Low Relevance,Low Relevance,Low Relevance,Low Relevance,Irrelevant,Irrelevant,Irrelevant,Irrelevant,Irrelevant,Irrelevant,Irrelevant,Irrelevant,Irrelevant,Irrelevant,Irrelevant,Irrelevant,Irrelevant,Irrelevant,Irrelevant,Irrelevant,Irrelevant,Irrelevant,Irrelevant,Irrelevant,Irrelevant,Irrelevant
ID1594,Irrelevant,Irrelevant,Irrelevant,Irrelevant,Irrelevant,Irrelevant,Irrelevant,Irrelevant,Irrelevant,Irrelevant,Irrelevant,Irrelevant,Irrelevant,Irrelevant,Irrelevant,Irrelevant,Irrelevant,Irrelevant,Irrelevant,Irrelevant,Irrelevant,Irrelevant,Irrelevant,Irrelevant,Irrelevant,Irrelevant,Irrelevant,Irrelevant,Irrelevant,Irrelevant
ID1596,Irrelevant,Irrelevant,Irrelevant,Irrelevant,Irrelevant,Irrelevant,Irrelevant,Irrelevant,Irrelevant,Irrelevant,Irrelevant,Irrelevant,Irrelevant,Irrelevant,Irrelevant,Irrelevant,Irrelevant,Irrelevant,Irrelevant,Irrelevant,Irrelevant,Irrelevant,Irrelevant,Irrelevant,Irrelevant,Irrelevant,Irrelevant,Irrelevant,Irrelevant,Irrelevant
ID1599,Low Relevance,Low Relevance,Low Relevance,Low Relevance,Low Relevance,Low Relevance,Low Relevance,Low Relevance,Low Relevance,Irrelevant,Irrelevant,Irrelevant,Irrelevant,Irrelevant,Irrelevant,Irrelevant,Irrelevant,Irrelevant,Irrelevant,Irrelevant,Irrelevant,Irrelevant,Irrelevant,Irrelevant,Irrelevant,Irrelevant,Irrelevant,Irrelevant,Irrelevant,Irrelevant
ID1601,Low Relevance,Low Relevance,Low Relevance,Low Relevance,Low Relevance,Low Relevance,Low Relevance,Irrelevant,Irrelevant,Irrelevant,Irrelevant,Irrelevant,Irrelevant,Irrelevant,Irrelevant,Irrelevant,Irrelevant,Irrelevant,Irrelevant,Irrelevant,Irrelevant,Irrelevant,Irrelevant,Irrelevant,Irrelevant,Irrelevant,Irrelevant,Irrelevant,Irrelevant,Irrelevant
ID1602,Low Relevance,Low Relevance,Low Relevance,Low Relevance,Low Relevance,Low Relevance,Low Relevance,Irrelevant,Irrelevant,Irrelevant,Irrelevant,Irrelevant,Irrelevant,Irrelevant,Irrelevant,Irrelevant,Irrelevant,Irrelevant,Irrelevant,Irrelevant,Irrelevant,Irrelevant,Irrelevant,Irrelevant,Irrelevant,Irrelevant,Irrelevant,Irrelevant,Irrelevant,Irrelevant
ID1605,Irrelevant,Irrelevant,Irrelevant,Irrelevant,Irrelevant,Irrelevant,Irrelevant,Irrelevant,Irrelevant,Irrelevant,Irrelevant,Irrelevant,Irrelevant,Irrelevant,Irrelevant,Irrelevant,Irrelevant,Irrelevant,Irrelevant,Irrelevant,Irrelevant,Irrelevant,Irrelevant,Irrelevant,Irrelevant,Irrelevant,Irrelevant,Irrelevant,Irrelevant,Irrelevant
ID1607,High Relevance,Low Relevance,Low Relevance,Irrelevant,Low Relevance,Irrelevant,Low Relevance,Low Relevance,Low Relevance,Low Relevance,Low Relevance,Low Relevance,Low Relevance,Irrelevant,Irrelevant,Irrelevant,Irrelevant,Irrelevant,Irrelevant,Irrelevant,Irrelevant,Irrelevant,Irrelevant,Irrelevant,Irrelevant,Irrelevant,Irrelevant,Irrelevant,Irrelevant,Irrelevant
ID1610,Low Relevance,Low Relevance,Low Relevance,Low Relevance,Low Relevance,Low Relevance,Low Relevance,Low Relevance,Low Relevance,Low Relevance,Low Relevance,Irrelevant,Irrelevant,Irrelevant,Irrelevant,Irrelevant,Irrelevant,Irrelevant,Irrelevant,Irrelevant,Irrelevant,Irrelevant,Irrelevant,Irrelevant,Irrelevant,Irrelevant,Irrelevant,Irrelevant,Irrelevant,Irrelevant
ID1612,Low Relevance,Low Relevance,Irrelevant,Irrelevant,Irrelevant,Irrelevant,Irrelevant,Irrelevant,Irrelevant,Irrelevant,Irrelevant,Irrelevant,Irrelevant,Irrelevant,Irrelevant,Irrelevant,Irrelevant,Irrelevant,Irrelevant,Irrelevant,Irrelevant,Irrelevant,Irrelevant,Irrelevant,Irrelevant,Irrelevant,Irrelevant,Irrelevant,Irrelevant,Irrelevant
ID1613,Irrelevant,Irrelevant,Irrelevant,Irrelevant,Irrelevant,Irrelevant,Irrelevant,Irrelevant,Irrelevant,Irrelevant,Irrelevant,Irrelevant,Irrelevant,Irrelevant,Irrelevant,Irrelevant,Irrelevant,Irrelevant,Irrelevant,Irrelevant,Irrelevant,Irrelevant,Irrelevant,Irrelevant,Irrelevant,Irrelevant,Irrelevant,Irrelevant,Irrelevant,Irrelevant
ID1614,Irrelevant,Irrelevant,Irrelevant,Irrelevant,Irrelevant,Irrelevant,Irrelevant,Irrelevant,Irrelevant,Irrelevant,Irrelevant,Irrelevant,Irrelevant,Irrelevant,Irrelevant,Irrelevant,Irrelevant,Irrelevant,Irrelevant,Irrelevant,Irrelevant,Irrelevant,Irrelevant,Irrelevant,Irrelevant,Irrelevant,Irrelevant,Irrelevant,Irrelevant,Irrelevant
ID1617,Irrelevant,Irrelevant,Irrelevant,Irrelevant,Irrelevant,Irrelevant,Irrelevant,Irrelevant,Irrelevant,Irrelevant,Irrelevant,Irrelevant,Irrelevant,Irrelevant,Irrelevant,Irrelevant,Irrelevant,Irrelevant,Irrelevant,Irrelevant,Irrelevant,Irrelevant,Irrelevant,Irrelevant,Irrelevant,Irrelevant,Irrelevant,Irrelevant,Irrelevant,Irrelevant
ID1618,Low Relevance,Low Relevance,Low Relevance,Low Relevance,Low Relevance,Low Relevance,Low Relevance,Irrelevant,Irrelevant,Irrelevant,Irrelevant,Irrelevant,Irrelevant,Irrelevant,Irrelevant,Irrelevant,Irrelevant,Irrelevant,Irrelevant,Irrelevant,Irrelevant,Irrelevant,Irrelevant,Irrelevant,Irrelevant,Irrelevant,Irrelevant,Irrelevant,Irrelevant,Irrelevant
ID1622,Irrelevant,Irrelevant,Irrelevant,Irrelevant,Irrelevant,Irrelevant,Irrelevant,Irrelevant,Irrelevant,Irrelevant,Irrelevant,Irrelevant,Irrelevant,Irrelevant,Irrelevant,Irrelevant,Irrelevant,Irrelevant,Irrelevant,Irrelevant,Irrelevant,Irrelevant,Irrelevant,Irrelevant,Irrelevant,Irrelevant,Irrelevant,Irrelevant,Irrelevant,Irrelevant
ID1625,Irrelevant,Irrelevant,Irrelevant,Irrelevant,Irrelevant,Irrelevant,Irrelevant,Irrelevant,Irrelevant,Irrelevant,Irrelevant,Irrelevant,Irrelevant,Irrelevant,Irrelevant,Irrelevant,Irrelevant,Irrelevant,Irrelevant,Irrelevant,Irrelevant,Irrelevant,Irrelevant,Irrelevant,Irrelevant,Irrelevant,Irrelevant,Irrelevant,Irrelevant,Irrelevant
ID1629,High Relevance,Low Relevance,Low Relevance,Low Relevance,Low Relevance,Low Relevance,Low Relevance,Low Relevance,Low Relevance,Low Relevance,Irrelevant,Irrelevant,Irrelevant,Irrelevant,Irrelevant,Irrelevant,Irrelevant,Irrelevant,Irrelevant,Irrelevant,Irrelevant,Irrelevant,Irrelevant,Irrelevant,Irrelevant,Irrelevant,Irrelevant,Irrelevant,Irrelevant,Irrelevant
ID1632,Irrelevant,Irrelevant,Low Relevance,Irrelevant,Irrelevant,Irrelevant,Irrelevant,Irrelevant,Irrelevant,Irrelevant,Irrelevant,Irrelevant,Irrelevant,Irrelevant,Irrelevant,Irrelevant,Irrelevant,Irrelevant,Irrelevant,Irrelevant,Irrelevant,Irrelevant,Irrelevant,Irrelevant,Irrelevant,Irrelevant,Irrelevant,Irrelevant,Irrelevant,Irrelevant
ID1633,Low Relevance,Low Relevance,Irrelevant,Irrelevant,Irrelevant,Irrelevant,Irrelevant,Irrelevant,Irrelevant,Irrelevant,Irrelevant,Irrelevant,Irrelevant,Irrelevant,Irrelevant,Irrelevant,Irrelevant,Irrelevant,Irrelevant,Irrelevant,Irrelevant,Irrelevant,Irrelevant,Irrelevant,Irrelevant,Irrelevant,Irrelevant,Irrelevant,Irrelevant,Irrelevant
ID1634,Low Relevance,Low Relevance,Low Relevance,Low Relevance,Low Relevance,Low Relevance,Low Relevance,Low Relevance,Low Relevance,Irrelevant,Irrelevant,Irrelevant,Irrelevant,Irrelevant,Irrelevant,Irrelevant,Irrelevant,Irrelevant,Irrelevant,Irrelevant,Irrelevant,Irrelevant,Irrelevant,Irrelevant,Irrelevant,Irrelevant,Irrelevant,Irrelevant,Irrelevant,Irrelevant
ID1636,Low Relevance,Low Relevance,Low Relevance,Low Relevance,Low Relevance,Low Relevance,Low Relevance,Low Relevance,Low Relevance,Irrelevant,Irrelevant,Irrelevant,Irrelevant,Irrelevant,Irrelevant,Irrelevant,Irrelevant,Irrelevant,Irrelevant,Irrelevant,Irrelevant,Irrelevant,Irrelevant,Irrelevant,Irrelevant,Irrelevant,Irrelevant,Irrelevant,Irrelevant,Irrelevant
ID1637,Irrelevant,Irrelevant,Irrelevant,Irrelevant,Irrelevant,Irrelevant,Irrelevant,Irrelevant,Irrelevant,Irrelevant,Irrelevant,Irrelevant,Irrelevant,Irrelevant,Irrelevant,Irrelevant,Irrelevant,Irrelevant,Irrelevant,Irrelevant,Irrelevant,Irrelevant,Irrelevant,Irrelevant,Irrelevant,Irrelevant,Irrelevant,Irrelevant,Irrelevant,Irrelevant
ID1638,High Relevance,Low Relevance,Low Relevance,Low Relevance,Low Relevance,Low Relevance,Low Relevance,Low Relevance,Low Relevance,Low Relevance,Low Relevance,Low Relevance,Low Relevance,Irrelevant,Irrelevant,Irrelevant,Irrelevant,Irrelevant,Irrelevant,Irrelevant,Irrelevant,Irrelevant,Irrelevant,Irrelevant,Irrelevant,Irrelevant,Irrelevant,Irrelevant,Irrelevant,Irrelevant
ID1640,Irrelevant,Irrelevant,Irrelevant,Irrelevant,Irrelevant,Irrelevant,Irrelevant,Irrelevant,Irrelevant,Irrelevant,Irrelevant,Irrelevant,Irrelevant,Irrelevant,Irrelevant,Irrelevant,Irrelevant,Irrelevant,Irrelevant,Irrelevant,Irrelevant,Irrelevant,Irrelevant,Irrelevant,Irrelevant,Irrelevant,Irrelevant,Irrelevant,Irrelevant,Irrelevant
ID1641,Low Relevance,Irrelevant,Low Relevance,Irrelevant,Irrelevant,Irrelevant,Irrelevant,Irrelevant,Irrelevant,Irrelevant,Irrelevant,Irrelevant,Irrelevant,Irrelevant,Irrelevant,Irrelevant,Irrelevant,Irrelevant,Irrelevant,Irrelevant,Irrelevant,Irrelevant,Irrelevant,Irrelevant,Irrelevant,Irrelevant,Irrelevant,Irrelevant,Irrelevant,Irrelevant
ID1645,Irrelevant,Irrelevant,Irrelevant,Irrelevant,Irrelevant,Irrelevant,Irrelevant,Irrelevant,Irrelevant,Irrelevant,Irrelevant,Irrelevant,Irrelevant,Irrelevant,Irrelevant,Irrelevant,Irrelevant,Irrelevant,Irrelevant,Irrelevant,Irrelevant,Irrelevant,Irrelevant,Irrelevant,Irrelevant,Irrelevant,Irrelevant,Irrelevant,Irrelevant,Irrelevant
ID1646,Irrelevant,Irrelevant,Irrelevant,Irrelevant,Irrelevant,Irrelevant,Irrelevant,Irrelevant,Irrelevant,Irrelevant,Irrelevant,Irrelevant,Irrelevant,Irrelevant,Irrelevant,Irrelevant,Irrelevant,Irrelevant,Irrelevant,Irrelevant,Irrelevant,Irrelevant,Irrelevant,Irrelevant,Irrelevant,Irrelevant,Irrelevant,Irrelevant,Irrelevant,Irrelevant
ID1650,Low Relevance,Low Relevance,High Relevance,Low Relevance,Low Relevance,Low Relevance,Low Relevance,Low Relevance,Low Relevance,Low Relevance,Low Relevance,Low Relevance,Low Relevance,Irrelevant,Irrelevant,Irrelevant,Irrelevant,Irrelevant,Irrelevant,Irrelevant,Irrelevant,Irrelevant,Irrelevant,Irrelevant,Irrelevant,Irrelevant,Irrelevant,Irrelevant,Irrelevant,Irrelevant
ID1651,Irrelevant,Irrelevant,Irrelevant,Irrelevant,Irrelevant,Irrelevant,Irrelevant,Irrelevant,Irrelevant,Irrelevant,Irrelevant,Irrelevant,Irrelevant,Irrelevant,Irrelevant,Irrelevant,Irrelevant,Irrelevant,Irrelevant,Irrelevant,Irrelevant,Irrelevant,Irrelevant,Irrelevant,Irrelevant,Irrelevant,Irrelevant,Irrelevant,Irrelevant,Irrelevant
ID1652,Irrelevant,Irrelevant,Irrelevant,Irrelevant,Irrelevant,Irrelevant,Irrelevant,Irrelevant,Irrelevant,Irrelevant,Irrelevant,Irrelevant,Irrelevant,Irrelevant,Irrelevant,Irrelevant,Irrelevant,Irrelevant,Irrelevant,Irrelevant,Irrelevant,Irrelevant,Irrelevant,Irrelevant,Irrelevant,Irrelevant,Irrelevant,Irrelevant,Irrelevant,Irrelevant
ID1653,Low Relevance,Low Relevance,Low Relevance,Low Relevance,Low Relevance,Low Relevance,Low Relevance,Irrelevant,Irrelevant,Irrelevant,Irrelevant,Irrelevant,Irrelevant,Irrelevant,Irrelevant,Irrelevant,Irrelevant,Irrelevant,Irrelevant,Irrelevant,Irrelevant,Irrelevant,Irrelevant,Irrelevant,Irrelevant,Irrelevant,Irrelevant,Irrelevant,Irrelevant,Irrelevant
ID1654,Irrelevant,Irrelevant,Irrelevant,Irrelevant,Irrelevant,Irrelevant,Irrelevant,Irrelevant,Irrelevant,Irrelevant,Irrelevant,Irrelevant,Irrelevant,Irrelevant,Irrelevant,Irrelevant,Irrelevant,Irrelevant,Irrelevant,Irrelevant,Irrelevant,Irrelevant,Irrelevant,Irrelevant,Irrelevant,Irrelevant,Irrelevant,Irrelevant,Irrelevant,Irrelevant
ID1655,Low Relevance,Low Relevance,Low Relevance,Low Relevance,Low Relevance,Low Relevance,Low Relevance,Low Relevance,Low Relevance,Low Relevance,Low Relevance,Low Relevance,Low Relevance,Irrelevant,Irrelevant,Irrelevant,Irrelevant,Irrelevant,Irrelevant,Irrelevant,Irrelevant,Irrelevant,Irrelevant,Irrelevant,Irrelevant,Irrelevant,Irrelevant,Irrelevant,Irrelevant,Irrelevant
ID1656,Low Relevance,Low Relevance,Low Relevance,High Relevance,High Relevance,Low Relevance,Irrelevant,Irrelevant,Irrelevant,Irrelevant,Irrelevant,Irrelevant,Irrelevant,Irrelevant,Irrelevant,Irrelevant,Irrelevant,Irrelevant,Irrelevant,Irrelevant,Irrelevant,Irrelevant,Irrelevant,Irrelevant,Irrelevant,Irrelevant,Irrelevant,Irrelevant,Irrelevant,Irrelevant
ID1659,Low Relevance,Low Relevance,Low Relevance,Low Relevance,Low Relevance,Low Relevance,Low Relevance,Low Relevance,Low Relevance,Low Relevance,Low Relevance,Low Relevance,Low Relevance,Irrelevant,Irrelevant,Irrelevant,Irrelevant,Irrelevant,Irrelevant,Irrelevant,Irrelevant,Irrelevant,Irrelevant,Irrelevant,Irrelevant,Irrelevant,Irrelevant,Irrelevant,Irrelevant,Irrelevant
ID1660,Irrelevant,Irrelevant,Irrelevant,Irrelevant,Irrelevant,Irrelevant,Irrelevant,Irrelevant,Irrelevant,Irrelevant,Irrelevant,Irrelevant,Irrelevant,Irrelevant,Irrelevant,Irrelevant,Irrelevant,Irrelevant,Irrelevant,Irrelevant,Irrelevant,Irrelevant,Irrelevant,Irrelevant,Irrelevant,Irrelevant,Irrelevant,Irrelevant,Irrelevant,Irrelevant
ID1662,Irrelevant,Irrelevant,Irrelevant,Irrelevant,Irrelevant,Irrelevant,Irrelevant,Irrelevant,Irrelevant,Irrelevant,Irrelevant,Irrelevant,Irrelevant,Irrelevant,Irrelevant,Irrelevant,Irrelevant,Irrelevant,Irrelevant,Irrelevant,Irrelevant,Irrelevant,Irrelevant,Irrelevant,Irrelevant,Irrelevant,Irrelevant,Irrelevant,Irrelevant,Irrelevant
ID1663,High Relevance,Low Relevance,Low Relevance,Low Relevance,Low Relevance,Low Relevance,High Relevance,Low Relevance,Low Relevance,Low Relevance,Low Relevance,Irrelevant,Irrelevant,Irrelevant,Irrelevant,Irrelevant,Irrelevant,Irrelevant,Irrelevant,Irrelevant,Irrelevant,Irrelevant,Irrelevant,Irrelevant,Irrelevant,Irrelevant,Irrelevant,Irrelevant,Irrelevant,Irrelevant
ID1664,Irrelevant,Irrelevant,Irrelevant,Irrelevant,Irrelevant,Irrelevant,Irrelevant,Irrelevant,Irrelevant,Irrelevant,Irrelevant,Irrelevant,Irrelevant,Irrelevant,Irrelevant,Irrelevant,Irrelevant,Irrelevant,Irrelevant,Irrelevant,Irrelevant,Irrelevant,Irrelevant,Irrelevant,Irrelevant,Irrelevant,Irrelevant,Irrelevant,Irrelevant,Irrelevant
ID1666,Irrelevant,Irrelevant,Irrelevant,Irrelevant,Irrelevant,Irrelevant,Irrelevant,Irrelevant,Irrelevant,Irrelevant,Irrelevant,Irrelevant,Irrelevant,Irrelevant,Irrelevant,Irrelevant,Irrelevant,Irrelevant,Irrelevant,Irrelevant,Irrelevant,Irrelevant,Irrelevant,Irrelevant,Irrelevant,Irrelevant,Irrelevant,Irrelevant,Irrelevant,Irrelevant
ID1667,Irrelevant,Irrelevant,Irrelevant,Irrelevant,Irrelevant,Irrelevant,Irrelevant,Irrelevant,Irrelevant,Irrelevant,Irrelevant,Irrelevant,Irrelevant,Irrelevant,Irrelevant,Irrelevant,Irrelevant,Irrelevant,Irrelevant,Irrelevant,Irrelevant,Irrelevant,Irrelevant,Irrelevant,Irrelevant,Irrelevant,Irrelevant,Irrelevant,Irrelevant,Irrelevant
ID1668,Irrelevant,Irrelevant,Irrelevant,Irrelevant,Irrelevant,Irrelevant,Irrelevant,Irrelevant,Irrelevant,Irrelevant,Irrelevant,Irrelevant,Irrelevant,Irrelevant,Irrelevant,Irrelevant,Irrelevant,Irrelevant,Irrelevant,Irrelevant,Irrelevant,Irrelevant,Irrelevant,Irrelevant,Irrelevant,Irrelevant,Irrelevant,Irrelevant,Irrelevant,Irrelevant
ID1671,Irrelevant,Irrelevant,Irrelevant,Irrelevant,Irrelevant,Irrelevant,Irrelevant,Irrelevant,Irrelevant,Irrelevant,Irrelevant,Irrelevant,Irrelevant,Irrelevant,Irrelevant,Irrelevant,Irrelevant,Irrelevant,Irrelevant,Irrelevant,Irrelevant,Irrelevant,Irrelevant,Irrelevant,Irrelevant,Irrelevant,Irrelevant,Irrelevant,Irrelevant,Irrelevant
ID1672,Irrelevant,Irrelevant,Irrelevant,Irrelevant,Irrelevant,Irrelevant,Irrelevant,Irrelevant,Irrelevant,Irrelevant,Irrelevant,Irrelevant,Irrelevant,Irrelevant,Irrelevant,Irrelevant,Irrelevant,Irrelevant,Irrelevant,Irrelevant,Irrelevant,Irrelevant,Irrelevant,Irrelevant,Irrelevant,Irrelevant,Irrelevant,Irrelevant,Irrelevant,Irrelevant
ID1673,Irrelevant,Irrelevant,Irrelevant,Irrelevant,Irrelevant,Irrelevant,Irrelevant,Irrelevant,Irrelevant,Irrelevant,Irrelevant,Irrelevant,Irrelevant,Irrelevant,Irrelevant,Irrelevant,Irrelevant,Irrelevant,Irrelevant,Irrelevant,Irrelevant,Irrelevant,Irrelevant,Irrelevant,Irrelevant,Irrelevant,Irrelevant,Irrelevant,Irrelevant,Irrelevant
ID1674,High Relevance,Low Relevance,Low Relevance,Low Relevance,Low Relevance,Low Relevance,High Relevance,Low Relevance,Low Relevance,Low Relevance,Low Relevance,Low Relevance,Low Relevance,Irrelevant,Irrelevant,Irrelevant,Irrelevant,Irrelevant,Irrelevant,Irrelevant,Irrelevant,Irrelevant,Irrelevant,Irrelevant,Irrelevant,Irrelevant,Irrelevant,Irrelevant,Irrelevant,Irrelevant
ID1676,Irrelevant,Irrelevant,Irrelevant,Irrelevant,Irrelevant,Irrelevant,Irrelevant,Irrelevant,Irrelevant,Irrelevant,Irrelevant,Irrelevant,Irrelevant,Irrelevant,Irrelevant,Irrelevant,Irrelevant,Irrelevant,Irrelevant,Irrelevant,Irrelevant,Irrelevant,Irrelevant,Irrelevant,Irrelevant,Irrelevant,Irrelevant,Irrelevant,Irrelevant,Irrelevant
ID1678,Low Relevance,Low Relevance,Low Relevance,Low Relevance,Low Relevance,Low Relevance,Low Relevance,Low Relevance,Irrelevant,Irrelevant,Irrelevant,Irrelevant,Irrelevant,Irrelevant,Irrelevant,Irrelevant,Irrelevant,Irrelevant,Irrelevant,Irrelevant,Irrelevant,Irrelevant,Irrelevant,Irrelevant,Irrelevant,Irrelevant,Irrelevant,Irrelevant,Irrelevant,Irrelevant
ID1679,Irrelevant,Irrelevant,Irrelevant,Irrelevant,Irrelevant,Irrelevant,Irrelevant,Irrelevant,Irrelevant,Irrelevant,Irrelevant,Irrelevant,Irrelevant,Irrelevant,Irrelevant,Irrelevant,Irrelevant,Irrelevant,Irrelevant,Irrelevant,Irrelevant,Irrelevant,Irrelevant,Irrelevant,Irrelevant,Irrelevant,Irrelevant,Irrelevant,Irrelevant,Irrelevant
ID1680,Low Relevance,Low Relevance,Low Relevance,Low Relevance,Low Relevance,High Relevance,Low Relevance,Low Relevance,Low Relevance,Low Relevance,High Relevance,High Relevance,High Relevance,Irrelevant,Irrelevant,Irrelevant,Irrelevant,Irrelevant,Irrelevant,Irrelevant,Irrelevant,Irrelevant,Irrelevant,Irrelevant,Irrelevant,Irrelevant,Irrelevant,Irrelevant,Irrelevant,Irrelevant
ID1683,Irrelevant,Irrelevant,Irrelevant,Irrelevant,Irrelevant,Irrelevant,Irrelevant,Irrelevant,Irrelevant,Irrelevant,Irrelevant,Irrelevant,Irrelevant,Irrelevant,Irrelevant,Irrelevant,Irrelevant,Irrelevant,Irrelevant,Irrelevant,Irrelevant,Irrelevant,Irrelevant,Irrelevant,Irrelevant,Irrelevant,Irrelevant,Irrelevant,Irrelevant,Irrelevant
ID1684,Low Relevance,Low Relevance,High Relevance,Low Relevance,Low Relevance,Irrelevant,Irrelevant,Irrelevant,Irrelevant,Irrelevant,Irrelevant,Irrelevant,Irrelevant,Irrelevant,Irrelevant,Irrelevant,Irrelevant,Irrelevant,Irrelevant,Irrelevant,Irrelevant,Irrelevant,Irrelevant,Irrelevant,Irrelevant,Irrelevant,Irrelevant,Irrelevant,Irrelevant,Irrelevant
ID1685,Irrelevant,Irrelevant,Irrelevant,Irrelevant,Irrelevant,Irrelevant,Irrelevant,Irrelevant,Irrelevant,Irrelevant,Irrelevant,Irrelevant,Irrelevant,Irrelevant,Irrelevant,Irrelevant,Irrelevant,Irrelevant,Irrelevant,Irrelevant,Irrelevant,Irrelevant,Irrelevant,Irrelevant,Irrelevant,Irrelevant,Irrelevant,Irrelevant,Irrelevant,Irrelevant
ID1687,Low Relevance,Low Relevance,Low Relevance,Irrelevant,Irrelevant,Irrelevant,Irrelevant,Irrelevant,Irrelevant,Irrelevant,Irrelevant,Irrelevant,Irrelevant,Irrelevant,Irrelevant,Irrelevant,Irrelevant,Irrelevant,Irrelevant,Irrelevant,Irrelevant,Irrelevant,Irrelevant,Irrelevant,Irrelevant,Irrelevant,Irrelevant,Irrelevant,Irrelevant,Irrelevant
ID1688,Irrelevant,Irrelevant,Irrelevant,Irrelevant,Irrelevant,Irrelevant,Irrelevant,Irrelevant,Irrelevant,Irrelevant,Irrelevant,Irrelevant,Irrelevant,Irrelevant,Irrelevant,Irrelevant,Irrelevant,Irrelevant,Irrelevant,Irrelevant,Irrelevant,Irrelevant,Irrelevant,Irrelevant,Irrelevant,Irrelevant,Irrelevant,Irrelevant,Irrelevant,Irrelevant
ID1689,Low Relevance,Low Relevance,Low Relevance,Low Relevance,Low Relevance,Low Relevance,Low Relevance,Low Relevance,Low Relevance,Low Relevance,Irrelevant,Irrelevant,Irrelevant,Irrelevant,Irrelevant,Irrelevant,Irrelevant,Irrelevant,Irrelevant,Irrelevant,Irrelevant,Irrelevant,Irrelevant,Irrelevant,Irrelevant,Irrelevant,Irrelevant,Irrelevant,Irrelevant,Irrelevant
ID1691,High Relevance,Low Relevance,Low Relevance,Low Relevance,Low Relevance,Low Relevance,Low Relevance,Low Relevance,Low Relevance,Low Relevance,Low Relevance,Low Relevance,High Relevance,Irrelevant,Irrelevant,Irrelevant,Irrelevant,Irrelevant,Irrelevant,Irrelevant,Irrelevant,Irrelevant,Irrelevant,Irrelevant,Irrelevant,Irrelevant,Irrelevant,Irrelevant,Irrelevant,Irrelevant
ID1692,Low Relevance,Low Relevance,Low Relevance,Low Relevance,Low Relevance,Low Relevance,Low Relevance,Low Relevance,Low Relevance,Low Relevance,Low Relevance,Low Relevance,Irrelevant,Irrelevant,Irrelevant,Irrelevant,Irrelevant,Irrelevant,Irrelevant,Irrelevant,Irrelevant,Irrelevant,Irrelevant,Irrelevant,Irrelevant,Irrelevant,Irrelevant,Irrelevant,Irrelevant,Irrelevant
ID1693,Low Relevance,Low Relevance,Low Relevance,Low Relevance,Low Relevance,Low Relevance,Low Relevance,Low Relevance,Low Relevance,Irrelevant,Irrelevant,Irrelevant,Irrelevant,Irrelevant,Irrelevant,Irrelevant,Irrelevant,Irrelevant,Irrelevant,Irrelevant,Irrelevant,Irrelevant,Irrelevant,Irrelevant,Irrelevant,Irrelevant,Irrelevant,Irrelevant,Irrelevant,Irrelevant
ID1694,Irrelevant,Irrelevant,Irrelevant,Irrelevant,Irrelevant,Irrelevant,Irrelevant,Irrelevant,Irrelevant,Irrelevant,Irrelevant,Irrelevant,Irrelevant,Irrelevant,Irrelevant,Irrelevant,Irrelevant,Irrelevant,Irrelevant,Irrelevant,Irrelevant,Irrelevant,Irrelevant,Irrelevant,Irrelevant,Irrelevant,Irrelevant,Irrelevant,Irrelevant,Irrelevant
ID1695,Irrelevant,Irrelevant,Irrelevant,Irrelevant,Irrelevant,Irrelevant,Irrelevant,Irrelevant,Irrelevant,Irrelevant,Irrelevant,Irrelevant,Irrelevant,Irrelevant,Irrelevant,Irrelevant,Irrelevant,Irrelevant,Irrelevant,Irrelevant,Irrelevant,Irrelevant,Irrelevant,Irrelevant,Irrelevant,Irrelevant,Irrelevant,Irrelevant,Irrelevant,Irrelevant
ID1696,Low Relevance,Low Relevance,Low Relevance,Low Relevance,Low Relevance,Low Relevance,Irrelevant,Irrelevant,Irrelevant,Irrelevant,Irrelevant,Irrelevant,Irrelevant,Irrelevant,Irrelevant,Irrelevant,Irrelevant,Irrelevant,Irrelevant,Irrelevant,Irrelevant,Irrelevant,Irrelevant,Irrelevant,Irrelevant,Irrelevant,Irrelevant,Irrelevant,Irrelevant,Irrelevant
ID1697,Irrelevant,Irrelevant,Irrelevant,Irrelevant,Irrelevant,Irrelevant,Irrelevant,Irrelevant,Irrelevant,Irrelevant,Irrelevant,Irrelevant,Irrelevant,Irrelevant,Irrelevant,Irrelevant,Irrelevant,Irrelevant,Irrelevant,Irrelevant,Irrelevant,Irrelevant,Irrelevant,Irrelevant,Irrelevant,Irrelevant,Irrelevant,Irrelevant,Irrelevant,Irrelevant
ID1698,Irrelevant,Irrelevant,Irrelevant,Irrelevant,Irrelevant,Irrelevant,Irrelevant,Irrelevant,Irrelevant,Irrelevant,Irrelevant,Irrelevant,Irrelevant,Irrelevant,Irrelevant,Irrelevant,Irrelevant,Irrelevant,Irrelevant,Irrelevant,Irrelevant,Irrelevant,Irrelevant,Irrelevant,Irrelevant,Irrelevant,Irrelevant,Irrelevant,Irrelevant,Irrelevant
ID1699,High Relevance,Low Relevance,Low Relevance,Low Relevance,Low Relevance,Low Relevance,Low Relevance,Low Relevance,Low Relevance,Low Relevance,Low Relevance,Low Relevance,Irrelevant,Irrelevant,Irrelevant,Irrelevant,Irrelevant,Irrelevant,Irrelevant,Irrelevant,Irrelevant,Irrelevant,Irrelevant,Irrelevant,Irrelevant,Irrelevant,Irrelevant,Irrelevant,Irrelevant,Irrelevant
ID1700,Low Relevance,High Relevance,Low Relevance,Irrelevant,Irrelevant,Irrelevant,Irrelevant,Irrelevant,Irrelevant,Irrelevant,Irrelevant,High Relevance,Irrelevant,Irrelevant,Irrelevant,Irrelevant,Irrelevant,Irrelevant,Irrelevant,Irrelevant,Irrelevant,Irrelevant,Irrelevant,Irrelevant,Irrelevant,Irrelevant,Irrelevant,Irrelevant,Irrelevant,Irrelevant
ID1701,Low Relevance,High Relevance,Low Relevance,Low Relevance,High Relevance,High Relevance,Low Relevance,High Relevance,Low Relevance,Irrelevant,Irrelevant,Irrelevant,Irrelevant,Irrelevant,Irrelevant,Irrelevant,Irrelevant,Irrelevant,Irrelevant,Irrelevant,Irrelevant,Irrelevant,Irrelevant,Irrelevant,Irrelevant,Irrelevant,Irrelevant,Irrelevant,Irrelevant,Irrelevant
ID1702,High Relevance,Low Relevance,High Relevance,Low Relevance,Low Relevance,Low Relevance,Low Relevance,Low Relevance,Low Relevance,Low Relevance,Low Relevance,Low Relevance,Irrelevant,Irrelevant,Irrelevant,Irrelevant,Irrelevant,Irrelevant,Irrelevant,Irrelevant,Irrelevant,Irrelevant,Irrelevant,Irrelevant,Irrelevant,Irrelevant,Irrelevant,Irrelevant,Irrelevant,Irrelevant
ID1704,Irrelevant,Irrelevant,Irrelevant,High Relevance,Irrelevant,Irrelevant,Irrelevant,Irrelevant,Irrelevant,Irrelevant,Irrelevant,Irrelevant,Irrelevant,Irrelevant,Irrelevant,Irrelevant,Irrelevant,Irrelevant,Irrelevant,Irrelevant,Irrelevant,Irrelevant,Irrelevant,Irrelevant,Irrelevant,Irrelevant,Irrelevant,Irrelevant,Irrelevant,Irrelevant
ID1706,Low Relevance,Irrelevant,Irrelevant,Irrelevant,Irrelevant,Irrelevant,Irrelevant,Irrelevant,Irrelevant,Irrelevant,Irrelevant,Irrelevant,Irrelevant,Irrelevant,Irrelevant,Irrelevant,Irrelevant,Irrelevant,Irrelevant,Irrelevant,Irrelevant,Irrelevant,Irrelevant,Irrelevant,Irrelevant,Irrelevant,Irrelevant,Irrelevant,Irrelevant,Irrelevant
ID1710,Irrelevant,Irrelevant,Irrelevant,Irrelevant,Irrelevant,Irrelevant,Irrelevant,Irrelevant,Irrelevant,Irrelevant,Irrelevant,Irrelevant,Irrelevant,Irrelevant,Irrelevant,Irrelevant,Irrelevant,Irrelevant,Irrelevant,Irrelevant,Irrelevant,Irrelevant,Irrelevant,Irrelevant,Irrelevant,Irrelevant,Irrelevant,Irrelevant,Irrelevant,Irrelevant
ID1711,Low Relevance,Low Relevance,Low Relevance,Low Relevance,High Relevance,Irrelevant,Irrelevant,Irrelevant,Irrelevant,Irrelevant,Irrelevant,Irrelevant,Irrelevant,Irrelevant,Irrelevant,Irrelevant,Irrelevant,Irrelevant,Irrelevant,Irrelevant,Irrelevant,Irrelevant,Irrelevant,Irrelevant,Irrelevant,Irrelevant,Irrelevant,Irrelevant,Irrelevant,Irrelevant
ID1712,Low Relevance,Low Relevance,Low Relevance,Low Relevance,Irrelevant,Irrelevant,Irrelevant,Irrelevant,Irrelevant,Irrelevant,Irrelevant,Irrelevant,Irrelevant,Irrelevant,Irrelevant,Irrelevant,Irrelevant,Irrelevant,Irrelevant,Irrelevant,Irrelevant,Irrelevant,Irrelevant,Irrelevant,Irrelevant,Irrelevant,Irrelevant,Irrelevant,Irrelevant,Irrelevant
ID1713,Low Relevance,Low Relevance,Low Relevance,Low Relevance,Low Relevance,Low Relevance,Low Relevance,Irrelevant,Irrelevant,Irrelevant,Irrelevant,Irrelevant,Irrelevant,Irrelevant,Irrelevant,Irrelevant,Irrelevant,Irrelevant,Irrelevant,Irrelevant,Irrelevant,Irrelevant,Irrelevant,Irrelevant,Irrelevant,Irrelevant,Irrelevant,Irrelevant,Irrelevant,Irrelevant
ID1714,Low Relevance,Irrelevant,Irrelevant,Irrelevant,Irrelevant,Irrelevant,Irrelevant,Irrelevant,Irrelevant,Irrelevant,Irrelevant,Irrelevant,Irrelevant,Irrelevant,Irrelevant,Irrelevant,Irrelevant,Irrelevant,Irrelevant,Irrelevant,Irrelevant,Irrelevant,Irrelevant,Irrelevant,Irrelevant,Irrelevant,Irrelevant,Irrelevant,Irrelevant,Irrelevant
ID1715,Irrelevant,Irrelevant,Irrelevant,Irrelevant,Irrelevant,Irrelevant,Irrelevant,Irrelevant,Irrelevant,Irrelevant,Irrelevant,Irrelevant,Irrelevant,Irrelevant,Irrelevant,Irrelevant,Irrelevant,Irrelevant,Irrelevant,Irrelevant,Irrelevant,Irrelevant,Irrelevant,Irrelevant,Irrelevant,Irrelevant,Irrelevant,Irrelevant,Irrelevant,Irrelevant
ID1716,Low Relevance,Irrelevant,High Relevance,Low Relevance,Irrelevant,Low Relevance,Irrelevant,Irrelevant,Irrelevant,Irrelevant,Irrelevant,Irrelevant,Irrelevant,Irrelevant,Irrelevant,Irrelevant,Irrelevant,Irrelevant,Irrelevant,Irrelevant,Irrelevant,Irrelevant,Irrelevant,Irrelevant,Irrelevant,Irrelevant,Irrelevant,Irrelevant,Irrelevant,Irrelevant
ID1717,Irrelevant,Irrelevant,Irrelevant,Irrelevant,Irrelevant,Irrelevant,Irrelevant,High Relevance,Irrelevant,Irrelevant,Irrelevant,Irrelevant,Irrelevant,Irrelevant,Irrelevant,Irrelevant,Irrelevant,Irrelevant,Irrelevant,Irrelevant,Irrelevant,Irrelevant,Irrelevant,Irrelevant,Irrelevant,Irrelevant,Irrelevant,Irrelevant,Irrelevant,Irrelevant
ID1718,High Relevance,Low Relevance,Low Relevance,Low Relevance,Low Relevance,Low Relevance,Low Relevance,Low Relevance,Low Relevance,Irrelevant,Irrelevant,Irrelevant,Irrelevant,Irrelevant,Irrelevant,Irrelevant,Irrelevant,Irrelevant,Irrelevant,Irrelevant,Irrelevant,Irrelevant,Irrelevant,Irrelevant,Irrelevant,Irrelevant,Irrelevant,Irrelevant,Irrelevant,Irrelevant
ID1722,Irrelevant,Irrelevant,Irrelevant,Irrelevant,Irrelevant,Irrelevant,Irrelevant,Irrelevant,Irrelevant,Irrelevant,Irrelevant,Irrelevant,Irrelevant,Irrelevant,Irrelevant,Irrelevant,Irrelevant,Irrelevant,Irrelevant,Irrelevant,Irrelevant,Irrelevant,Irrelevant,Irrelevant,Irrelevant,Irrelevant,Irrelevant,Irrelevant,Irrelevant,Irrelevant
ID1724,Low Relevance,Low Relevance,Low Relevance,Low Relevance,Low Relevance,Low Relevance,Irrelevant,Irrelevant,Irrelevant,Irrelevant,Irrelevant,Irrelevant,Irrelevant,Irrelevant,Irrelevant,Irrelevant,Irrelevant,Irrelevant,Irrelevant,Irrelevant,Irrelevant,Irrelevant,Irrelevant,Irrelevant,Irrelevant,Irrelevant,Irrelevant,Irrelevant,Irrelevant,Irrelevant
ID1725,Low Relevance,Low Relevance,Low Relevance,Irrelevant,Irrelevant,Irrelevant,Irrelevant,Irrelevant,Irrelevant,Irrelevant,Irrelevant,Irrelevant,Irrelevant,Irrelevant,Irrelevant,Irrelevant,Irrelevant,Irrelevant,Irrelevant,Irrelevant,Irrelevant,Irrelevant,Irrelevant,Irrelevant,Irrelevant,Irrelevant,Irrelevant,Irrelevant,Irrelevant,Irrelevant
ID1727,Low Relevance,Low Relevance,Low Relevance,Low Relevance,Low Relevance,Low Relevance,Low Relevance,Low Relevance,Irrelevant,Irrelevant,Irrelevant,Irrelevant,Irrelevant,Irrelevant,Irrelevant,Irrelevant,Irrelevant,Irrelevant,Irrelevant,Irrelevant,Irrelevant,Irrelevant,Irrelevant,Irrelevant,Irrelevant,Irrelevant,Irrelevant,Irrelevant,Irrelevant,Irrelevant
ID1728,Low Relevance,Low Relevance,Irrelevant,Irrelevant,Irrelevant,Irrelevant,Irrelevant,Irrelevant,Irrelevant,Irrelevant,Irrelevant,Irrelevant,Irrelevant,Irrelevant,Irrelevant,Irrelevant,Irrelevant,Irrelevant,Irrelevant,Irrelevant,Irrelevant,Irrelevant,Irrelevant,Irrelevant,Irrelevant,Irrelevant,Irrelevant,Irrelevant,Irrelevant,Irrelevant
ID1732,Low Relevance,Low Relevance,Low Relevance,Low Relevance,Low Relevance,Low Relevance,Low Relevance,Low Relevance,Low Relevance,Low Relevance,Low Relevance,Irrelevant,Irrelevant,Irrelevant,Irrelevant,Irrelevant,Irrelevant,Irrelevant,Irrelevant,Irrelevant,Irrelevant,Irrelevant,Irrelevant,Irrelevant,Irrelevant,Irrelevant,Irrelevant,Irrelevant,Irrelevant,Irrelevant
ID1734,Irrelevant,Irrelevant,Irrelevant,Irrelevant,Irrelevant,Irrelevant,Irrelevant,Irrelevant,Irrelevant,Irrelevant,Irrelevant,Irrelevant,Irrelevant,Irrelevant,Irrelevant,Irrelevant,Irrelevant,Irrelevant,Irrelevant,Irrelevant,Irrelevant,Irrelevant,Irrelevant,Irrelevant,Irrelevant,Irrelevant,Irrelevant,Irrelevant,Irrelevant,Irrelevant
ID1738,Irrelevant,Irrelevant,Irrelevant,Irrelevant,Irrelevant,Irrelevant,Irrelevant,Irrelevant,Irrelevant,Irrelevant,Irrelevant,Irrelevant,Irrelevant,Irrelevant,Irrelevant,Irrelevant,Irrelevant,Irrelevant,Irrelevant,Irrelevant,Irrelevant,Irrelevant,Irrelevant,Irrelevant,Irrelevant,Irrelevant,Irrelevant,Irrelevant,Irrelevant,Irrelevant
ID1741,Irrelevant,Irrelevant,Irrelevant,Irrelevant,Irrelevant,Irrelevant,Irrelevant,Irrelevant,Irrelevant,Irrelevant,Irrelevant,Irrelevant,Irrelevant,Irrelevant,Irrelevant,Irrelevant,Irrelevant,Irrelevant,Irrelevant,Irrelevant,Irrelevant,Irrelevant,Irrelevant,Irrelevant,Irrelevant,Irrelevant,Irrelevant,Irrelevant,Irrelevant,Irrelevant
ID1742,Irrelevant,Irrelevant,Irrelevant,Irrelevant,Irrelevant,Irrelevant,Irrelevant,Irrelevant,Irrelevant,Irrelevant,Irrelevant,Irrelevant,Irrelevant,Irrelevant,Irrelevant,Irrelevant,Irrelevant,Irrelevant,Irrelevant,Irrelevant,Irrelevant,Irrelevant,Irrelevant,Irrelevant,Irrelevant,Irrelevant,Irrelevant,Irrelevant,Irrelevant,Irrelevant
ID1743,Low Relevance,Low Relevance,Low Relevance,Low Relevance,Irrelevant,Irrelevant,Irrelevant,Irrelevant,Irrelevant,Irrelevant,Irrelevant,Irrelevant,Irrelevant,Irrelevant,Irrelevant,Irrelevant,Irrelevant,Irrelevant,Irrelevant,Irrelevant,Irrelevant,Irrelevant,Irrelevant,Irrelevant,Irrelevant,Irrelevant,Irrelevant,Irrelevant,Irrelevant,Irrelevant
ID1744,Irrelevant,Irrelevant,Irrelevant,Irrelevant,Irrelevant,Irrelevant,Irrelevant,Irrelevant,Irrelevant,Irrelevant,Irrelevant,Irrelevant,Irrelevant,Irrelevant,Irrelevant,Irrelevant,Irrelevant,Irrelevant,Irrelevant,Irrelevant,Irrelevant,Irrelevant,Irrelevant,Irrelevant,Irrelevant,Irrelevant,Irrelevant,Irrelevant,Irrelevant,Irrelevant
ID1746,Low Relevance,Low Relevance,Low Relevance,High Relevance,Irrelevant,Irrelevant,Irrelevant,Irrelevant,Irrelevant,Irrelevant,Irrelevant,Irrelevant,Irrelevant,Irrelevant,Irrelevant,Irrelevant,Irrelevant,Irrelevant,Irrelevant,Irrelevant,Irrelevant,Irrelevant,Irrelevant,Irrelevant,Irrelevant,Irrelevant,Irrelevant,Irrelevant,Irrelevant,Irrelevant
ID1747,Low Relevance,Irrelevant,Irrelevant,Irrelevant,Irrelevant,Irrelevant,Irrelevant,Irrelevant,Irrelevant,Irrelevant,Irrelevant,Irrelevant,Irrelevant,Irrelevant,Irrelevant,Irrelevant,Irrelevant,Irrelevant,Irrelevant,Irrelevant,Irrelevant,Irrelevant,Irrelevant,Irrelevant,Irrelevant,Irrelevant,Irrelevant,Irrelevant,Irrelevant,Irrelevant
ID1749,High Relevance,Low Relevance,Low Relevance,Low Relevance,Low Relevance,Low Relevance,Low Relevance,Irrelevant,Irrelevant,Irrelevant,Irrelevant,Irrelevant,Irrelevant,Irrelevant,Irrelevant,Irrelevant,Irrelevant,Irrelevant,Irrelevant,Irrelevant,Irrelevant,Irrelevant,Irrelevant,Irrelevant,Irrelevant,Irrelevant,Irrelevant,Irrelevant,Irrelevant,Irrelevant
ID1750,Low Relevance,Irrelevant,High Relevance,Irrelevant,Irrelevant,Irrelevant,Irrelevant,Irrelevant,Irrelevant,Irrelevant,Irrelevant,Irrelevant,Irrelevant,Irrelevant,Irrelevant,Irrelevant,Irrelevant,Irrelevant,Irrelevant,Irrelevant,Irrelevant,Irrelevant,Irrelevant,Irrelevant,Irrelevant,Irrelevant,Irrelevant,Irrelevant,Irrelevant,Irrelevant
ID1751,Low Relevance,Low Relevance,Low Relevance,Low Relevance,Low Relevance,Low Relevance,Low Relevance,Irrelevant,Irrelevant,Irrelevant,Irrelevant,Irrelevant,Irrelevant,Irrelevant,Irrelevant,Irrelevant,Irrelevant,Irrelevant,Irrelevant,Irrelevant,Irrelevant,Irrelevant,Irrelevant,Irrelevant,Irrelevant,Irrelevant,Irrelevant,Irrelevant,Irrelevant,Irrelevant
ID1755,High Relevance,Low Relevance,Low Relevance,Low Relevance,Low Relevance,Irrelevant,Irrelevant,Irrelevant,Irrelevant,Irrelevant,Irrelevant,Irrelevant,Irrelevant,Irrelevant,Irrelevant,Irrelevant,Irrelevant,Irrelevant,Irrelevant,Irrelevant,Irrelevant,Irrelevant,Irrelevant,Irrelevant,Irrelevant,Irrelevant,Irrelevant,Irrelevant,Irrelevant,Irrelevant
ID1756,High Relevance,Low Relevance,Low Relevance,Low Relevance,Low Relevance,Low Relevance,Low Relevance,Low Relevance,Low Relevance,Low Relevance,Low Relevance,Low Relevance,Low Relevance,Irrelevant,Irrelevant,Irrelevant,Irrelevant,Irrelevant,Irrelevant,Irrelevant,Irrelevant,Irrelevant,Irrelevant,Irrelevant,Irrelevant,Irrelevant,Irrelevant,Irrelevant,Irrelevant,Irrelevant
ID1757,Irrelevant,Irrelevant,Irrelevant,Irrelevant,Irrelevant,Irrelevant,Irrelevant,Irrelevant,Irrelevant,Irrelevant,Irrelevant,Irrelevant,Irrelevant,Irrelevant,Irrelevant,Irrelevant,Irrelevant,Irrelevant,Irrelevant,Irrelevant,Irrelevant,Irrelevant,Irrelevant,Irrelevant,Irrelevant,Irrelevant,Irrelevant,Irrelevant,Irrelevant,Irrelevant
ID1758,Irrelevant,Irrelevant,Irrelevant,Irrelevant,Irrelevant,Irrelevant,Irrelevant,Irrelevant,Irrelevant,Irrelevant,Irrelevant,Irrelevant,Irrelevant,Irrelevant,Irrelevant,Irrelevant,Irrelevant,Irrelevant,Irrelevant,Irrelevant,Irrelevant,Irrelevant,Irrelevant,Irrelevant,Irrelevant,Irrelevant,Irrelevant,Irrelevant,Irrelevant,Irrelevant
ID1761,Low Relevance,Low Relevance,Low Relevance,Low Relevance,Low Relevance,Low Relevance,Low Relevance,Low Relevance,Low Relevance,Low Relevance,Low Relevance,Low Relevance,Irrelevant,Irrelevant,Irrelevant,Irrelevant,Irrelevant,Irrelevant,Irrelevant,Irrelevant,Irrelevant,Irrelevant,Irrelevant,Irrelevant,Irrelevant,Irrelevant,Irrelevant,Irrelevant,Irrelevant,Irrelevant
ID1762,Low Relevance,Low Relevance,Low Relevance,Low Relevance,Low Relevance,Low Relevance,Low Relevance,Low Relevance,Low Relevance,Low Relevance,Irrelevant,Irrelevant,Irrelevant,Irrelevant,Irrelevant,Irrelevant,Irrelevant,Irrelevant,Irrelevant,Irrelevant,Irrelevant,Irrelevant,Irrelevant,Irrelevant,Irrelevant,Irrelevant,Irrelevant,Irrelevant,Irrelevant,Irrelevant
ID1765,Low Relevance,Low Relevance,Low Relevance,Low Relevance,Low Relevance,Low Relevance,Low Relevance,Low Relevance,Low Relevance,Low Relevance,Low Relevance,Low Relevance,Irrelevant,Irrelevant,Irrelevant,Irrelevant,Irrelevant,Irrelevant,Irrelevant,Irrelevant,Irrelevant,Irrelevant,Irrelevant,Irrelevant,Irrelevant,Irrelevant,Irrelevant,Irrelevant,Irrelevant,Irrelevant
ID1766,Irrelevant,Irrelevant,Irrelevant,Irrelevant,Irrelevant,Irrelevant,Irrelevant,Irrelevant,Irrelevant,Irrelevant,Irrelevant,Irrelevant,Irrelevant,Irrelevant,Irrelevant,Irrelevant,Irrelevant,Irrelevant,Irrelevant,Irrelevant,Irrelevant,Irrelevant,Irrelevant,Irrelevant,Irrelevant,Irrelevant,Irrelevant,Irrelevant,Irrelevant,Irrelevant
ID1767,Irrelevant,Irrelevant,Irrelevant,Irrelevant,Irrelevant,Irrelevant,Irrelevant,Irrelevant,Irrelevant,Irrelevant,Irrelevant,Irrelevant,Irrelevant,Irrelevant,Irrelevant,Irrelevant,Irrelevant,Irrelevant,Irrelevant,Irrelevant,Irrelevant,Irrelevant,Irrelevant,Irrelevant,Irrelevant,Irrelevant,Irrelevant,Irrelevant,Irrelevant,Irrelevant
ID1768,Irrelevant,Irrelevant,Irrelevant,Irrelevant,Irrelevant,Irrelevant,Irrelevant,Irrelevant,Irrelevant,Irrelevant,Irrelevant,Irrelevant,Irrelevant,Irrelevant,Irrelevant,Irrelevant,Irrelevant,Irrelevant,Irrelevant,Irrelevant,Irrelevant,Irrelevant,Irrelevant,Irrelevant,Irrelevant,Irrelevant,Irrelevant,Irrelevant,Irrelevant,Irrelevant
ID1769,Low Relevance,Irrelevant,Low Relevance,Low Relevance,Irrelevant,High Relevance,Irrelevant,Irrelevant,Irrelevant,Irrelevant,Irrelevant,Irrelevant,Irrelevant,Irrelevant,Irrelevant,Irrelevant,Irrelevant,Irrelevant,Irrelevant,Irrelevant,Irrelevant,Irrelevant,Irrelevant,Irrelevant,Irrelevant,Irrelevant,Irrelevant,Irrelevant,Irrelevant,Irrelevant
ID1772,Low Relevance,Irrelevant,Low Relevance,Irrelevant,Irrelevant,Irrelevant,Irrelevant,Irrelevant,Irrelevant,Irrelevant,Irrelevant,Irrelevant,Irrelevant,Irrelevant,Irrelevant,Irrelevant,Irrelevant,Irrelevant,Irrelevant,Irrelevant,Irrelevant,Irrelevant,Irrelevant,Irrelevant,Irrelevant,Irrelevant,Irrelevant,Irrelevant,Irrelevant,Irrelevant
ID1773,High Relevance,Low Relevance,Low Relevance,Low Relevance,Low Relevance,Low Relevance,High Relevance,High Relevance,High Relevance,Low Relevance,Irrelevant,Irrelevant,Irrelevant,Irrelevant,Irrelevant,Irrelevant,Irrelevant,Irrelevant,Irrelevant,Irrelevant,Irrelevant,Irrelevant,Irrelevant,Irrelevant,Irrelevant,Irrelevant,Irrelevant,Irrelevant,Irrelevant,Irrelevant
ID1774,Irrelevant,Irrelevant,Irrelevant,Irrelevant,Irrelevant,Irrelevant,Irrelevant,Irrelevant,Irrelevant,Irrelevant,Irrelevant,Irrelevant,Irrelevant,Irrelevant,Irrelevant,Irrelevant,Irrelevant,Irrelevant,Irrelevant,Irrelevant,Irrelevant,Irrelevant,Irrelevant,Irrelevant,Irrelevant,Irrelevant,Irrelevant,Irrelevant,Irrelevant,Irrelevant
ID1775,Irrelevant,Irrelevant,Irrelevant,Irrelevant,Irrelevant,Irrelevant,Irrelevant,Irrelevant,Irrelevant,Irrelevant,Irrelevant,Irrelevant,Irrelevant,Irrelevant,Irrelevant,Irrelevant,Irrelevant,Irrelevant,Irrelevant,Irrelevant,Irrelevant,Irrelevant,Irrelevant,Irrelevant,Irrelevant,Irrelevant,Irrelevant,Irrelevant,Irrelevant,Irrelevant
ID1776,Irrelevant,Irrelevant,Irrelevant,Irrelevant,Irrelevant,Irrelevant,Irrelevant,Irrelevant,Irrelevant,Irrelevant,Irrelevant,Irrelevant,Irrelevant,Irrelevant,Irrelevant,Irrelevant,Irrelevant,Irrelevant,Irrelevant,Irrelevant,Irrelevant,Irrelevant,Irrelevant,Irrelevant,Irrelevant,Irrelevant,Irrelevant,Irrelevant,Irrelevant,Irrelevant
ID1777,Irrelevant,Irrelevant,Irrelevant,Irrelevant,Irrelevant,Irrelevant,Irrelevant,Irrelevant,Irrelevant,Irrelevant,Irrelevant,Irrelevant,Irrelevant,Irrelevant,Irrelevant,Irrelevant,Irrelevant,Irrelevant,Irrelevant,Irrelevant,Irrelevant,Irrelevant,Irrelevant,Irrelevant,Irrelevant,Irrelevant,Irrelevant,Irrelevant,Irrelevant,Irrelevant
ID1778,High Relevance,Low Relevance,Low Relevance,Low Relevance,Low Relevance,Low Relevance,Irrelevant,Irrelevant,Irrelevant,Irrelevant,Irrelevant,Irrelevant,Irrelevant,Irrelevant,Irrelevant,Irrelevant,Irrelevant,Irrelevant,Irrelevant,Irrelevant,Irrelevant,Irrelevant,Irrelevant,Irrelevant,Irrelevant,Irrelevant,Irrelevant,Irrelevant,Irrelevant,Irrelevant
ID1779,Irrelevant,Irrelevant,Irrelevant,Irrelevant,Irrelevant,Irrelevant,Irrelevant,Irrelevant,Irrelevant,Irrelevant,Irrelevant,Irrelevant,Irrelevant,Irrelevant,Irrelevant,Irrelevant,Irrelevant,Irrelevant,Irrelevant,Irrelevant,Irrelevant,Irrelevant,Irrelevant,Irrelevant,Irrelevant,Irrelevant,Irrelevant,Irrelevant,Irrelevant,Irrelevant
ID1783,Irrelevant,Irrelevant,Irrelevant,Irrelevant,Irrelevant,Irrelevant,Irrelevant,Irrelevant,Irrelevant,Irrelevant,Irrelevant,Irrelevant,Irrelevant,Irrelevant,Irrelevant,Irrelevant,Irrelevant,Irrelevant,Irrelevant,Irrelevant,Irrelevant,Irrelevant,Irrelevant,Irrelevant,Irrelevant,Irrelevant,Irrelevant,Irrelevant,Irrelevant,Irrelevant
ID1786,Irrelevant,Irrelevant,Irrelevant,Irrelevant,Irrelevant,Irrelevant,Irrelevant,Irrelevant,Irrelevant,Irrelevant,Irrelevant,Irrelevant,Irrelevant,Irrelevant,Irrelevant,Irrelevant,Irrelevant,Irrelevant,Irrelevant,Irrelevant,Irrelevant,Irrelevant,Irrelevant,Irrelevant,Irrelevant,Irrelevant,Irrelevant,Irrelevant,Irrelevant,Irrelevant
ID1787,Low Relevance,Low Relevance,Low Relevance,Low Relevance,Low Relevance,Low Relevance,Low Relevance,Low Relevance,Low Relevance,Low Relevance,Low Relevance,Low Relevance,Low Relevance,Irrelevant,Irrelevant,Irrelevant,Irrelevant,Irrelevant,Irrelevant,Irrelevant,Irrelevant,Irrelevant,Irrelevant,Irrelevant,Irrelevant,Irrelevant,Irrelevant,Irrelevant,Irrelevant,Irrelevant
ID1788,Low Relevance,Low Relevance,Low Relevance,Low Relevance,Low Relevance,Low Relevance,Low Relevance,Low Relevance,Low Relevance,Low Relevance,Low Relevance,Low Relevance,Low Relevance,Irrelevant,Irrelevant,Irrelevant,Irrelevant,Irrelevant,Irrelevant,Irrelevant,Irrelevant,Irrelevant,Irrelevant,Irrelevant,Irrelevant,Irrelevant,Irrelevant,Irrelevant,Irrelevant,Irrelevant
ID1789,High Relevance,Low Relevance,Low Relevance,Low Relevance,Low Relevance,Low Relevance,Low Relevance,Low Relevance,Low Relevance,Irrelevant,Irrelevant,Irrelevant,Irrelevant,Irrelevant,Irrelevant,Irrelevant,Irrelevant,Irrelevant,Irrelevant,Irrelevant,Irrelevant,Irrelevant,Irrelevant,Irrelevant,Irrelevant,Irrelevant,Irrelevant,Irrelevant,Irrelevant,Irrelevant
ID1790,High Relevance,Low Relevance,Low Relevance,Low Relevance,Low Relevance,Low Relevance,Low Relevance,Low Relevance,Low Relevance,Irrelevant,Irrelevant,Irrelevant,Irrelevant,Irrelevant,Irrelevant,Irrelevant,Irrelevant,Irrelevant,Irrelevant,Irrelevant,Irrelevant,Irrelevant,Irrelevant,Irrelevant,Irrelevant,Irrelevant,Irrelevant,Irrelevant,Irrelevant,Irrelevant
ID1791,Low Relevance,Low Relevance,Low Relevance,Irrelevant,Irrelevant,Irrelevant,Irrelevant,Irrelevant,Irrelevant,Irrelevant,Irrelevant,Irrelevant,Irrelevant,Irrelevant,Irrelevant,Irrelevant,Irrelevant,Irrelevant,Irrelevant,Irrelevant,Irrelevant,Irrelevant,Irrelevant,Irrelevant,Irrelevant,Irrelevant,Irrelevant,Irrelevant,Irrelevant,Irrelevant
ID1792,Irrelevant,Irrelevant,Irrelevant,Irrelevant,Irrelevant,Irrelevant,Irrelevant,Irrelevant,Irrelevant,Irrelevant,Irrelevant,Irrelevant,Irrelevant,Irrelevant,Irrelevant,Irrelevant,Irrelevant,Irrelevant,Irrelevant,Irrelevant,Irrelevant,Irrelevant,Irrelevant,Irrelevant,Irrelevant,Irrelevant,Irrelevant,Irrelevant,Irrelevant,Irrelevant
ID1793,Irrelevant,Irrelevant,Irrelevant,Irrelevant,Irrelevant,Irrelevant,Irrelevant,Irrelevant,Irrelevant,Irrelevant,Irrelevant,Irrelevant,Irrelevant,Irrelevant,Irrelevant,Irrelevant,Irrelevant,Irrelevant,Irrelevant,Irrelevant,Irrelevant,Irrelevant,Irrelevant,Irrelevant,Irrelevant,Irrelevant,Irrelevant,Irrelevant,Irrelevant,Irrelevant
ID1795,Low Relevance,Low Relevance,Low Relevance,Irrelevant,Irrelevant,Irrelevant,Irrelevant,Irrelevant,Irrelevant,Irrelevant,Irrelevant,Irrelevant,Irrelevant,Irrelevant,Irrelevant,Irrelevant,Irrelevant,Irrelevant,Irrelevant,Irrelevant,Irrelevant,Irrelevant,Irrelevant,Irrelevant,Irrelevant,Irrelevant,Irrelevant,Irrelevant,Irrelevant,Irrelevant
ID1797,Low Relevance,Low Relevance,Low Relevance,Low Relevance,Low Relevance,Low Relevance,Low Relevance,Low Relevance,Low Relevance,Low Relevance,Irrelevant,Irrelevant,Irrelevant,Irrelevant,Irrelevant,Irrelevant,Irrelevant,Irrelevant,Irrelevant,Irrelevant,Irrelevant,Irrelevant,Irrelevant,Irrelevant,Irrelevant,Irrelevant,Irrelevant,Irrelevant,Irrelevant,Irrelevant
ID1798,Irrelevant,Irrelevant,Irrelevant,Low Relevance,Irrelevant,Irrelevant,Irrelevant,Irrelevant,Irrelevant,Irrelevant,Irrelevant,Irrelevant,Irrelevant,Irrelevant,Irrelevant,Irrelevant,Irrelevant,Irrelevant,Irrelevant,Irrelevant,Irrelevant,Irrelevant,Irrelevant,Irrelevant,Irrelevant,Irrelevant,Irrelevant,Irrelevant,Irrelevant,Irrelevant
ID1799,Low Relevance,Low Relevance,Low Relevance,Low Relevance,Low Relevance,High Relevance,Low Relevance,Low Relevance,Low Relevance,Low Relevance,Low Relevance,Irrelevant,Irrelevant,Irrelevant,Irrelevant,Irrelevant,Irrelevant,Irrelevant,Irrelevant,Irrelevant,Irrelevant,Irrelevant,Irrelevant,Irrelevant,Irrelevant,Irrelevant,Irrelevant,Irrelevant,Irrelevant,Irrelevant
ID1800,High Relevance,Low Relevance,Low Relevance,Low Relevance,Irrelevant,Irrelevant,Irrelevant,Irrelevant,Irrelevant,Irrelevant,Low Relevance,Irrelevant,Irrelevant,Irrelevant,Irrelevant,Irrelevant,Irrelevant,Irrelevant,Irrelevant,Irrelevant,Irrelevant,Irrelevant,Irrelevant,Irrelevant,Irrelevant,Irrelevant,Irrelevant,Irrelevant,Irrelevant,Irrelevant
ID1802,High Relevance,Low Relevance,Irrelevant,Irrelevant,Irrelevant,Irrelevant,Irrelevant,Irrelevant,Irrelevant,Irrelevant,Irrelevant,Irrelevant,Irrelevant,Irrelevant,Irrelevant,Irrelevant,Irrelevant,Irrelevant,Irrelevant,Irrelevant,Irrelevant,Irrelevant,Irrelevant,Irrelevant,Irrelevant,Irrelevant,Irrelevant,Irrelevant,Irrelevant,Irrelevant
ID1807,Irrelevant,Irrelevant,Irrelevant,Irrelevant,Irrelevant,Irrelevant,Irrelevant,Irrelevant,Irrelevant,Irrelevant,Irrelevant,Irrelevant,Irrelevant,Irrelevant,Irrelevant,Irrelevant,Irrelevant,Irrelevant,Irrelevant,Irrelevant,Irrelevant,Irrelevant,Irrelevant,Irrelevant,Irrelevant,Irrelevant,Irrelevant,Irrelevant,Irrelevant,Irrelevant
ID1808,Irrelevant,Irrelevant,Irrelevant,Irrelevant,Irrelevant,Irrelevant,Irrelevant,Irrelevant,Irrelevant,Irrelevant,Irrelevant,Irrelevant,Irrelevant,Irrelevant,Irrelevant,Irrelevant,Irrelevant,Irrelevant,Irrelevant,Irrelevant,Irrelevant,Irrelevant,Irrelevant,Irrelevant,Irrelevant,Irrelevant,Irrelevant,Irrelevant,Irrelevant,Irrelevant
ID1809,Low Relevance,Low Relevance,Low Relevance,Low Relevance,Low Relevance,High Relevance,Low Relevance,Low Relevance,Low Relevance,Low Relevance,Low Relevance,Irrelevant,Irrelevant,Irrelevant,Irrelevant,Irrelevant,Irrelevant,Irrelevant,Irrelevant,Irrelevant,Irrelevant,Irrelevant,Irrelevant,Irrelevant,Irrelevant,Irrelevant,Irrelevant,Irrelevant,Irrelevant,Irrelevant
ID1811,Low Relevance,Low Relevance,Low Relevance,Low Relevance,Low Relevance,Low Relevance,Low Relevance,Low Relevance,Irrelevant,Irrelevant,Irrelevant,Irrelevant,Irrelevant,Irrelevant,Irrelevant,Irrelevant,Irrelevant,Irrelevant,Irrelevant,Irrelevant,Irrelevant,Irrelevant,Irrelevant,Irrelevant,Irrelevant,Irrelevant,Irrelevant,Irrelevant,Irrelevant,Irrelevant
ID1812,High Relevance,High Relevance,Low Relevance,Low Relevance,Irrelevant,Irrelevant,Irrelevant,Irrelevant,Irrelevant,Irrelevant,Irrelevant,Irrelevant,Irrelevant,Irrelevant,Irrelevant,Irrelevant,Irrelevant,Irrelevant,Irrelevant,Irrelevant,Irrelevant,Irrelevant,Irrelevant,Irrelevant,Irrelevant,Irrelevant,Irrelevant,Irrelevant,Irrelevant,Irrelevant
ID1817,Low Relevance,Low Relevance,Low Relevance,Low Relevance,Low Relevance,Low Relevance,Low Relevance,Irrelevant,Irrelevant,Irrelevant,Irrelevant,Irrelevant,Irrelevant,Irrelevant,Irrelevant,Irrelevant,Irrelevant,Irrelevant,Irrelevant,Irrelevant,Irrelevant,Irrelevant,Irrelevant,Irrelevant,Irrelevant,Irrelevant,Irrelevant,Irrelevant,Irrelevant,Irrelevant
ID1818,Irrelevant,Irrelevant,Irrelevant,Irrelevant,Irrelevant,Irrelevant,Irrelevant,Irrelevant,Irrelevant,Irrelevant,Irrelevant,Irrelevant,Irrelevant,Irrelevant,Irrelevant,Irrelevant,Irrelevant,Irrelevant,Irrelevant,Irrelevant,Irrelevant,Irrelevant,Irrelevant,Irrelevant,Irrelevant,Irrelevant,Irrelevant,Irrelevant,Irrelevant,Irrelevant
ID1819,Low Relevance,Low Relevance,Low Relevance,Low Relevance,Low Relevance,Low Relevance,Low Relevance,Low Relevance,Low Relevance,Low Relevance,Low Relevance,Irrelevant,Irrelevant,Irrelevant,Irrelevant,Irrelevant,Irrelevant,Irrelevant,Irrelevant,Irrelevant,Irrelevant,Irrelevant,Irrelevant,Irrelevant,Irrelevant,Irrelevant,Irrelevant,Irrelevant,Irrelevant,Irrelevant
ID1820,Irrelevant,Irrelevant,Irrelevant,Irrelevant,Irrelevant,Irrelevant,Irrelevant,Irrelevant,Irrelevant,Irrelevant,Irrelevant,Irrelevant,Irrelevant,Irrelevant,Irrelevant,Irrelevant,Irrelevant,Irrelevant,Irrelevant,Irrelevant,Irrelevant,Irrelevant,Irrelevant,Irrelevant,Irrelevant,Irrelevant,Irrelevant,Irrelevant,Irrelevant,Irrelevant
ID1821,Low Relevance,Low Relevance,Low Relevance,Irrelevant,Irrelevant,Irrelevant,High Relevance,High Relevance,Irrelevant,Irrelevant,Irrelevant,Irrelevant,Irrelevant,Irrelevant,Irrelevant,Irrelevant,Irrelevant,Irrelevant,Irrelevant,Irrelevant,Irrelevant,Irrelevant,Irrelevant,Irrelevant,Irrelevant,Irrelevant,Irrelevant,Irrelevant,Irrelevant,Irrelevant
ID1822,High Relevance,Low Relevance,Low Relevance,Low Relevance,Low Relevance,Low Relevance,Low Relevance,Low Relevance,Low Relevance,Low Relevance,Low Relevance,Low Relevance,Low Relevance,Irrelevant,Irrelevant,Irrelevant,Irrelevant,Irrelevant,Irrelevant,Irrelevant,Irrelevant,Irrelevant,Irrelevant,Irrelevant,Irrelevant,Irrelevant,Irrelevant,Irrelevant,Irrelevant,Irrelevant
ID1823,Irrelevant,Irrelevant,Irrelevant,Irrelevant,Irrelevant,Irrelevant,Irrelevant,Irrelevant,Irrelevant,Irrelevant,Irrelevant,Irrelevant,Irrelevant,Irrelevant,Irrelevant,Irrelevant,Irrelevant,Irrelevant,Irrelevant,Irrelevant,Irrelevant,Irrelevant,Irrelevant,Irrelevant,Irrelevant,Irrelevant,Irrelevant,Irrelevant,Irrelevant,Irrelevant
ID1824,High Relevance,High Relevance,Low Relevance,Low Relevance,Low Relevance,Low Relevance,Low Relevance,Irrelevant,Irrelevant,Irrelevant,Irrelevant,Irrelevant,Irrelevant,Irrelevant,Irrelevant,Irrelevant,Irrelevant,Irrelevant,Irrelevant,Irrelevant,Irrelevant,Irrelevant,Irrelevant,Irrelevant,Irrelevant,Irrelevant,Irrelevant,Irrelevant,Irrelevant,Irrelevant
ID1825,Low Relevance,Low Relevance,Irrelevant,Irrelevant,Irrelevant,Irrelevant,Irrelevant,Irrelevant,Irrelevant,Irrelevant,Irrelevant,Irrelevant,Irrelevant,Irrelevant,Irrelevant,Irrelevant,Irrelevant,Irrelevant,Irrelevant,Irrelevant,Irrelevant,Irrelevant,Irrelevant,Irrelevant,Irrelevant,Irrelevant,Irrelevant,Irrelevant,Irrelevant,Irrelevant
ID1826,Low Relevance,Low Relevance,Low Relevance,Low Relevance,Low Relevance,Low Relevance,Low Relevance,Low Relevance,Irrelevant,Irrelevant,Irrelevant,Irrelevant,Irrelevant,Irrelevant,Irrelevant,Irrelevant,Irrelevant,Irrelevant,Irrelevant,Irrelevant,Irrelevant,Irrelevant,Irrelevant,Irrelevant,Irrelevant,Irrelevant,Irrelevant,Irrelevant,Irrelevant,Irrelevant
ID1827,High Relevance,Low Relevance,Low Relevance,Low Relevance,Low Relevance,Low Relevance,Low Relevance,Low Relevance,High Relevance,Low Relevance,Irrelevant,Irrelevant,Irrelevant,Irrelevant,Irrelevant,Irrelevant,Irrelevant,Irrelevant,Irrelevant,Irrelevant,Irrelevant,Irrelevant,Irrelevant,Irrelevant,Irrelevant,Irrelevant,Irrelevant,Irrelevant,Irrelevant,Irrelevant
ID1829,Irrelevant,Irrelevant,Irrelevant,Irrelevant,Irrelevant,Irrelevant,Irrelevant,Irrelevant,Irrelevant,Irrelevant,Irrelevant,Irrelevant,Irrelevant,Irrelevant,Irrelevant,Irrelevant,Irrelevant,Irrelevant,Irrelevant,Irrelevant,Irrelevant,Irrelevant,Irrelevant,Irrelevant,Irrelevant,Irrelevant,Irrelevant,Irrelevant,Irrelevant,Irrelevant
ID1830,Low Relevance,Low Relevance,Low Relevance,Low Relevance,Low Relevance,Low Relevance,Low Relevance,Low Relevance,Low Relevance,Low Relevance,Irrelevant,Irrelevant,Irrelevant,Irrelevant,Irrelevant,Irrelevant,Irrelevant,Irrelevant,Irrelevant,Irrelevant,Irrelevant,Irrelevant,Irrelevant,Irrelevant,Irrelevant,Irrelevant,Irrelevant,Irrelevant,Irrelevant,Irrelevant
ID1831,Irrelevant,Irrelevant,Irrelevant,Irrelevant,Irrelevant,Irrelevant,Irrelevant,Irrelevant,Irrelevant,Irrelevant,Irrelevant,Irrelevant,Irrelevant,Irrelevant,Irrelevant,Irrelevant,Irrelevant,Irrelevant,Irrelevant,Irrelevant,Irrelevant,Irrelevant,Irrelevant,Irrelevant,Irrelevant,Irrelevant,Irrelevant,Irrelevant,Irrelevant,Irrelevant
ID1833,Low Relevance,Low Relevance,Low Relevance,Irrelevant,Irrelevant,Irrelevant,High Relevance,Irrelevant,Irrelevant,Irrelevant,Irrelevant,Irrelevant,Irrelevant,Irrelevant,Irrelevant,Irrelevant,Irrelevant,Irrelevant,Irrelevant,Irrelevant,Irrelevant,Irrelevant,Irrelevant,Irrelevant,Irrelevant,Irrelevant,Irrelevant,Irrelevant,Irrelevant,Irrelevant
ID1834,Irrelevant,Irrelevant,Irrelevant,Irrelevant,Irrelevant,Irrelevant,Irrelevant,Irrelevant,Irrelevant,Irrelevant,Irrelevant,Irrelevant,Irrelevant,Irrelevant,Irrelevant,Irrelevant,Irrelevant,Irrelevant,Irrelevant,Irrelevant,Irrelevant,Irrelevant,Irrelevant,Irrelevant,Irrelevant,Irrelevant,Irrelevant,Irrelevant,Irrelevant,Irrelevant
ID1835,Irrelevant,Irrelevant,Irrelevant,Irrelevant,Irrelevant,Irrelevant,Irrelevant,Irrelevant,Irrelevant,Irrelevant,Irrelevant,Irrelevant,Irrelevant,Irrelevant,Irrelevant,Irrelevant,Irrelevant,Irrelevant,Irrelevant,Irrelevant,Irrelevant,Irrelevant,Irrelevant,Irrelevant,Irrelevant,Irrelevant,Irrelevant,Irrelevant,Irrelevant,Irrelevant
ID1836,Irrelevant,Irrelevant,Irrelevant,Irrelevant,Irrelevant,Irrelevant,Irrelevant,Irrelevant,Irrelevant,Irrelevant,Irrelevant,Irrelevant,Irrelevant,Irrelevant,Irrelevant,Irrelevant,Irrelevant,Irrelevant,Irrelevant,Irrelevant,Irrelevant,Irrelevant,Irrelevant,Irrelevant,Irrelevant,Irrelevant,Irrelevant,Irrelevant,Irrelevant,Irrelevant
ID1837,Low Relevance,Low Relevance,Low Relevance,Low Relevance,Low Relevance,Low Relevance,Low Relevance,Low Relevance,Irrelevant,Irrelevant,Irrelevant,Irrelevant,Irrelevant,Irrelevant,Irrelevant,Irrelevant,Irrelevant,Irrelevant,Irrelevant,Irrelevant,Irrelevant,Irrelevant,Irrelevant,Irrelevant,Irrelevant,Irrelevant,Irrelevant,Irrelevant,Irrelevant,Irrelevant
ID1838,Low Relevance,Low Relevance,High Relevance,Low Relevance,High Relevance,Low Relevance,Low Relevance,Low Relevance,Low Relevance,Irrelevant,Irrelevant,Irrelevant,Irrelevant,Irrelevant,Irrelevant,Irrelevant,Irrelevant,Irrelevant,Irrelevant,Irrelevant,Irrelevant,Irrelevant,Irrelevant,Irrelevant,Irrelevant,Irrelevant,Irrelevant,Irrelevant,Irrelevant,Irrelevant
ID1840,Irrelevant,Irrelevant,Irrelevant,Irrelevant,Irrelevant,Irrelevant,Irrelevant,Irrelevant,Irrelevant,Irrelevant,Irrelevant,Irrelevant,Irrelevant,Irrelevant,Irrelevant,Irrelevant,Irrelevant,Irrelevant,Irrelevant,Irrelevant,Irrelevant,Irrelevant,Irrelevant,Irrelevant,Irrelevant,Irrelevant,Irrelevant,Irrelevant,Irrelevant,Irrelevant
ID1841,Low Relevance,Low Relevance,Low Relevance,Low Relevance,Low Relevance,Low Relevance,Low Relevance,Low Relevance,Low Relevance,Low Relevance,Irrelevant,Irrelevant,Irrelevant,Irrelevant,Irrelevant,Irrelevant,Irrelevant,Irrelevant,Irrelevant,Irrelevant,Irrelevant,Irrelevant,Irrelevant,Irrelevant,Irrelevant,Irrelevant,Irrelevant,Irrelevant,Irrelevant,Irrelevant
ID1842,Irrelevant,Irrelevant,Irrelevant,Irrelevant,Irrelevant,Irrelevant,Irrelevant,Irrelevant,Irrelevant,Irrelevant,Irrelevant,Irrelevant,Irrelevant,Irrelevant,Irrelevant,Irrelevant,Irrelevant,Irrelevant,Irrelevant,Irrelevant,Irrelevant,Irrelevant,Irrelevant,Irrelevant,Irrelevant,Irrelevant,Irrelevant,Irrelevant,Irrelevant,Irrelevant
ID1843,High Relevance,Low Relevance,Irrelevant,Irrelevant,Irrelevant,Irrelevant,Irrelevant,Irrelevant,Irrelevant,Irrelevant,Irrelevant,Irrelevant,Irrelevant,Irrelevant,Irrelevant,Irrelevant,Irrelevant,Irrelevant,Irrelevant,Irrelevant,Irrelevant,Irrelevant,Irrelevant,Irrelevant,Irrelevant,Irrelevant,Irrelevant,Irrelevant,Irrelevant,Irrelevant
ID1845,Low Relevance,Low Relevance,Low Relevance,Low Relevance,Low Relevance,Low Relevance,Low Relevance,Low Relevance,Low Relevance,Irrelevant,Irrelevant,Irrelevant,Irrelevant,Irrelevant,Irrelevant,Irrelevant,Irrelevant,Irrelevant,Irrelevant,Irrelevant,Irrelevant,Irrelevant,Irrelevant,Irrelevant,Irrelevant,Irrelevant,Irrelevant,Irrelevant,Irrelevant,Irrelevant
ID1846,Low Relevance,Low Relevance,Low Relevance,Low Relevance,Irrelevant,Irrelevant,Irrelevant,Low Relevance,Irrelevant,Irrelevant,Irrelevant,Irrelevant,Irrelevant,Irrelevant,Irrelevant,Irrelevant,Irrelevant,Irrelevant,Irrelevant,Irrelevant,Irrelevant,Irrelevant,Irrelevant,Irrelevant,Irrelevant,Irrelevant,Irrelevant,Irrelevant,Irrelevant,Irrelevant
ID1847,Low Relevance,Low Relevance,Low Relevance,Low Relevance,Low Relevance,Low Relevance,Low Relevance,Irrelevant,Irrelevant,Irrelevant,Irrelevant,Irrelevant,Irrelevant,Irrelevant,Irrelevant,Irrelevant,Irrelevant,Irrelevant,Irrelevant,Irrelevant,Irrelevant,Irrelevant,Irrelevant,Irrelevant,Irrelevant,Irrelevant,Irrelevant,Irrelevant,Irrelevant,Irrelevant
ID1848,Irrelevant,Irrelevant,Irrelevant,Irrelevant,Irrelevant,Irrelevant,Irrelevant,Irrelevant,Irrelevant,Irrelevant,Irrelevant,Irrelevant,Irrelevant,Irrelevant,Irrelevant,Irrelevant,Irrelevant,Irrelevant,Irrelevant,Irrelevant,Irrelevant,Irrelevant,Irrelevant,Irrelevant,Irrelevant,Irrelevant,Irrelevant,Irrelevant,Irrelevant,Irrelevant
ID1849,Irrelevant,Irrelevant,Irrelevant,Irrelevant,Irrelevant,Irrelevant,Irrelevant,Irrelevant,Irrelevant,Irrelevant,Irrelevant,Irrelevant,Irrelevant,Irrelevant,Irrelevant,Irrelevant,Irrelevant,Irrelevant,Irrelevant,Irrelevant,Irrelevant,Irrelevant,Irrelevant,Irrelevant,Irrelevant,Irrelevant,Irrelevant,Irrelevant,Irrelevant,Irrelevant
ID1850,High Relevance,Low Relevance,Low Relevance,Low Relevance,Low Relevance,Irrelevant,Irrelevant,Irrelevant,Irrelevant,Irrelevant,Irrelevant,Irrelevant,Irrelevant,Irrelevant,Irrelevant,Irrelevant,Irrelevant,Irrelevant,Irrelevant,Irrelevant,Irrelevant,Irrelevant,Irrelevant,Irrelevant,Irrelevant,Irrelevant,Irrelevant,Irrelevant,Irrelevant,Irrelevant
ID1851,Irrelevant,Irrelevant,Irrelevant,Irrelevant,Irrelevant,Irrelevant,Irrelevant,Irrelevant,Irrelevant,Irrelevant,Irrelevant,Irrelevant,Irrelevant,Irrelevant,Irrelevant,Irrelevant,Irrelevant,Irrelevant,Irrelevant,Irrelevant,Irrelevant,Irrelevant,Irrelevant,Irrelevant,Irrelevant,Irrelevant,Irrelevant,Irrelevant,Irrelevant,Irrelevant
ID1852,Low Relevance,Low Relevance,Low Relevance,Low Relevance,Low Relevance,Low Relevance,Low Relevance,Irrelevant,Irrelevant,Irrelevant,Irrelevant,Irrelevant,Irrelevant,Irrelevant,Irrelevant,Irrelevant,Irrelevant,Irrelevant,Irrelevant,Irrelevant,Irrelevant,Irrelevant,Irrelevant,Irrelevant,Irrelevant,Irrelevant,Irrelevant,Irrelevant,Irrelevant,Irrelevant
ID1855,Irrelevant,Irrelevant,Irrelevant,Irrelevant,Irrelevant,Irrelevant,Irrelevant,Irrelevant,Irrelevant,Irrelevant,Irrelevant,Irrelevant,Irrelevant,Irrelevant,Irrelevant,Irrelevant,Irrelevant,Irrelevant,Irrelevant,Irrelevant,Irrelevant,Irrelevant,Irrelevant,Irrelevant,Irrelevant,Irrelevant,Irrelevant,Irrelevant,Irrelevant,Irrelevant
ID1856,Low Relevance,Low Relevance,Irrelevant,Irrelevant,Irrelevant,Irrelevant,Irrelevant,Irrelevant,Irrelevant,Irrelevant,Irrelevant,Irrelevant,Irrelevant,Irrelevant,Irrelevant,Irrelevant,Irrelevant,Irrelevant,Irrelevant,Irrelevant,Irrelevant,Irrelevant,Irrelevant,Irrelevant,Irrelevant,Irrelevant,Irrelevant,Irrelevant,Irrelevant,Irrelevant
ID1858,Low Relevance,Low Relevance,Low Relevance,Low Relevance,Low Relevance,Low Relevance,Low Relevance,Low Relevance,Low Relevance,Irrelevant,Irrelevant,Irrelevant,Irrelevant,Irrelevant,Irrelevant,Irrelevant,Irrelevant,Irrelevant,Irrelevant,Irrelevant,Irrelevant,Irrelevant,Irrelevant,Irrelevant,Irrelevant,Irrelevant,Irrelevant,Irrelevant,Irrelevant,Irrelevant
ID1859,Irrelevant,Irrelevant,Irrelevant,Irrelevant,Irrelevant,Irrelevant,Irrelevant,Irrelevant,Irrelevant,Irrelevant,Irrelevant,Irrelevant,Irrelevant,Irrelevant,Irrelevant,Irrelevant,Irrelevant,Irrelevant,Irrelevant,Irrelevant,Irrelevant,Irrelevant,Irrelevant,Irrelevant,Irrelevant,Irrelevant,Irrelevant,Irrelevant,Irrelevant,Irrelevant
ID1860,High Relevance,High Relevance,Low Relevance,Low Relevance,High Relevance,High Relevance,Low Relevance,High Relevance,High Relevance,High Relevance,High Relevance,Low Relevance,Low Relevance,Irrelevant,Irrelevant,Irrelevant,Irrelevant,Irrelevant,Irrelevant,Irrelevant,Irrelevant,Irrelevant,Irrelevant,Irrelevant,Irrelevant,Irrelevant,Irrelevant,Irrelevant,Irrelevant,Irrelevant
ID1862,Low Relevance,Low Relevance,Low Relevance,Low Relevance,Low Relevance,Low Relevance,Irrelevant,Irrelevant,Irrelevant,Irrelevant,Irrelevant,Irrelevant,Irrelevant,Irrelevant,Irrelevant,Irrelevant,Irrelevant,Irrelevant,Irrelevant,Irrelevant,Irrelevant,Irrelevant,Irrelevant,Irrelevant,Irrelevant,Irrelevant,Irrelevant,Irrelevant,Irrelevant,Irrelevant
ID1863,Low Relevance,Irrelevant,Low Relevance,Irrelevant,Irrelevant,Irrelevant,Irrelevant,Irrelevant,Irrelevant,Irrelevant,Irrelevant,Irrelevant,Irrelevant,Irrelevant,Irrelevant,Irrelevant,Irrelevant,Irrelevant,Irrelevant,Irrelevant,Irrelevant,Irrelevant,Irrelevant,Irrelevant,Irrelevant,Irrelevant,Irrelevant,Irrelevant,Irrelevant,Irrelevant
ID1865,Irrelevant,Irrelevant,Irrelevant,Irrelevant,Irrelevant,Irrelevant,Irrelevant,Irrelevant,Irrelevant,Irrelevant,Irrelevant,Irrelevant,Irrelevant,Irrelevant,Irrelevant,Irrelevant,Irrelevant,Irrelevant,Irrelevant,Irrelevant,Irrelevant,Irrelevant,Irrelevant,Irrelevant,Irrelevant,Irrelevant,Irrelevant,Irrelevant,Irrelevant,Irrelevant
ID1866,Irrelevant,Irrelevant,Irrelevant,Irrelevant,Irrelevant,Irrelevant,Irrelevant,Irrelevant,Irrelevant,Irrelevant,Irrelevant,Irrelevant,Irrelevant,Irrelevant,Irrelevant,Irrelevant,Irrelevant,Irrelevant,Irrelevant,Irrelevant,Irrelevant,Irrelevant,Irrelevant,Irrelevant,Irrelevant,Irrelevant,Irrelevant,Irrelevant,Irrelevant,Irrelevant
ID1868,Irrelevant,Irrelevant,Irrelevant,Irrelevant,Irrelevant,Irrelevant,Irrelevant,Irrelevant,Irrelevant,Irrelevant,Irrelevant,Irrelevant,Irrelevant,Irrelevant,Irrelevant,Irrelevant,Irrelevant,Irrelevant,Irrelevant,Irrelevant,Irrelevant,Irrelevant,Irrelevant,Irrelevant,Irrelevant,Irrelevant,Irrelevant,Irrelevant,Irrelevant,Irrelevant
ID1870,Low Relevance,Irrelevant,High Relevance,Irrelevant,Irrelevant,Irrelevant,Irrelevant,Irrelevant,Irrelevant,Irrelevant,Irrelevant,Irrelevant,Irrelevant,Irrelevant,Irrelevant,Irrelevant,Irrelevant,Irrelevant,Irrelevant,Irrelevant,Irrelevant,Irrelevant,Irrelevant,Irrelevant,Irrelevant,Irrelevant,Irrelevant,Irrelevant,Irrelevant,Irrelevant
ID1871,Low Relevance,Low Relevance,Low Relevance,Low Relevance,Low Relevance,Low Relevance,Irrelevant,Irrelevant,Irrelevant,Irrelevant,Irrelevant,Irrelevant,Irrelevant,Irrelevant,Irrelevant,Irrelevant,Irrelevant,Irrelevant,Irrelevant,Irrelevant,Irrelevant,Irrelevant,Irrelevant,Irrelevant,Irrelevant,Irrelevant,Irrelevant,Irrelevant,Irrelevant,Irrelevant
ID1873,Irrelevant,Irrelevant,Irrelevant,Irrelevant,Irrelevant,Irrelevant,Irrelevant,Irrelevant,Irrelevant,Irrelevant,Irrelevant,Irrelevant,Irrelevant,Irrelevant,Irrelevant,Irrelevant,Irrelevant,Irrelevant,Irrelevant,Irrelevant,Irrelevant,Irrelevant,Irrelevant,Irrelevant,Irrelevant,Irrelevant,Irrelevant,Irrelevant,Irrelevant,Irrelevant
ID1874,Low Relevance,Low Relevance,Low Relevance,Low Relevance,Irrelevant,Irrelevant,Irrelevant,Irrelevant,Irrelevant,Irrelevant,Irrelevant,Irrelevant,Irrelevant,Irrelevant,Irrelevant,Irrelevant,Irrelevant,Irrelevant,Irrelevant,Irrelevant,Irrelevant,Irrelevant,Irrelevant,Irrelevant,Irrelevant,Irrelevant,Irrelevant,Irrelevant,Irrelevant,Irrelevant
ID1875,High Relevance,Low Relevance,High Relevance,High Relevance,Low Relevance,High Relevance,Low Relevance,Low Relevance,Irrelevant,Irrelevant,Irrelevant,Irrelevant,Irrelevant,Irrelevant,Irrelevant,Irrelevant,Irrelevant,Irrelevant,Irrelevant,Irrelevant,Irrelevant,Irrelevant,Irrelevant,Irrelevant,Irrelevant,Irrelevant,Irrelevant,Irrelevant,Irrelevant,Irrelevant
ID1876,High Relevance,Low Relevance,Low Relevance,Low Relevance,Low Relevance,Low Relevance,Irrelevant,Irrelevant,Irrelevant,Irrelevant,Irrelevant,Irrelevant,Irrelevant,Irrelevant,Irrelevant,Irrelevant,Irrelevant,Irrelevant,Irrelevant,Irrelevant,Irrelevant,Irrelevant,Irrelevant,Irrelevant,Irrelevant,Irrelevant,Irrelevant,Irrelevant,Irrelevant,Irrelevant
ID1879,Irrelevant,Irrelevant,Irrelevant,Irrelevant,Irrelevant,Irrelevant,Irrelevant,Irrelevant,Irrelevant,Irrelevant,Irrelevant,Irrelevant,Irrelevant,Irrelevant,Irrelevant,Irrelevant,Irrelevant,Irrelevant,Irrelevant,Irrelevant,Irrelevant,Irrelevant,Irrelevant,Irrelevant,Irrelevant,Irrelevant,Irrelevant,Irrelevant,Irrelevant,Irrelevant
ID1880,Low Relevance,Low Relevance,Low Relevance,Low Relevance,Low Relevance,Low Relevance,Low Relevance,Low Relevance,Low Relevance,Low Relevance,Low Relevance,Low Relevance,Irrelevant,Irrelevant,Irrelevant,Irrelevant,Irrelevant,Irrelevant,Irrelevant,Irrelevant,Irrelevant,Irrelevant,Irrelevant,Irrelevant,Irrelevant,Irrelevant,Irrelevant,Irrelevant,Irrelevant,Irrelevant
ID1881,High Relevance,High Relevance,Low Relevance,Irrelevant,Irrelevant,Irrelevant,Irrelevant,Irrelevant,Irrelevant,Irrelevant,Irrelevant,Irrelevant,Irrelevant,Irrelevant,Irrelevant,Irrelevant,Irrelevant,Irrelevant,Irrelevant,Irrelevant,Irrelevant,Irrelevant,Irrelevant,Irrelevant,Irrelevant,Irrelevant,Irrelevant,Irrelevant,Irrelevant,Irrelevant
ID1882,Low Relevance,Low Relevance,Low Relevance,Low Relevance,Low Relevance,Low Relevance,Low Relevance,Low Relevance,Low Relevance,Irrelevant,Irrelevant,Irrelevant,Irrelevant,Irrelevant,Irrelevant,Irrelevant,Irrelevant,Irrelevant,Irrelevant,Irrelevant,Irrelevant,Irrelevant,Irrelevant,Irrelevant,Irrelevant,Irrelevant,Irrelevant,Irrelevant,Irrelevant,Irrelevant
ID1886,Low Relevance,Low Relevance,Low Relevance,Low Relevance,Low Relevance,Low Relevance,Irrelevant,Irrelevant,Irrelevant,Irrelevant,Irrelevant,Irrelevant,Irrelevant,Irrelevant,Irrelevant,Irrelevant,Irrelevant,Irrelevant,Irrelevant,Irrelevant,Irrelevant,Irrelevant,Irrelevant,Irrelevant,Irrelevant,Irrelevant,Irrelevant,Irrelevant,Irrelevant,Irrelevant
ID1887,High Relevance,Low Relevance,Irrelevant,Irrelevant,Low Relevance,High Relevance,Irrelevant,Low Relevance,Low Relevance,Low Relevance,Irrelevant,Irrelevant,Irrelevant,Irrelevant,Irrelevant,Irrelevant,Irrelevant,Irrelevant,Irrelevant,Irrelevant,Irrelevant,Irrelevant,Irrelevant,Irrelevant,Irrelevant,Irrelevant,Irrelevant,Irrelevant,Irrelevant,Irrelevant
ID1888,Low Relevance,Low Relevance,Low Relevance,Low Relevance,Low Relevance,Low Relevance,Low Relevance,Irrelevant,Irrelevant,Irrelevant,Irrelevant,Irrelevant,Irrelevant,Irrelevant,Irrelevant,Irrelevant,Irrelevant,Irrelevant,Irrelevant,Irrelevant,Irrelevant,Irrelevant,Irrelevant,Irrelevant,Irrelevant,Irrelevant,Irrelevant,Irrelevant,Irrelevant,Irrelevant
ID1889,Irrelevant,Irrelevant,Irrelevant,Irrelevant,Irrelevant,Irrelevant,Irrelevant,Irrelevant,Irrelevant,Irrelevant,Irrelevant,Irrelevant,Irrelevant,Irrelevant,Irrelevant,Irrelevant,Irrelevant,Irrelevant,Irrelevant,Irrelevant,Irrelevant,Irrelevant,Irrelevant,Irrelevant,Irrelevant,Irrelevant,Irrelevant,Irrelevant,Irrelevant,Irrelevant
ID1890,Irrelevant,Irrelevant,Irrelevant,Irrelevant,Irrelevant,Irrelevant,Irrelevant,Irrelevant,Irrelevant,Irrelevant,Irrelevant,Irrelevant,Irrelevant,Irrelevant,Irrelevant,Irrelevant,Irrelevant,Irrelevant,Irrelevant,Irrelevant,Irrelevant,Irrelevant,Irrelevant,Irrelevant,Irrelevant,Irrelevant,Irrelevant,Irrelevant,Irrelevant,Irrelevant
ID1892,Irrelevant,Irrelevant,Irrelevant,Irrelevant,Irrelevant,Irrelevant,Irrelevant,Irrelevant,Irrelevant,Irrelevant,Irrelevant,Irrelevant,Irrelevant,Irrelevant,Irrelevant,Irrelevant,Irrelevant,Irrelevant,Irrelevant,Irrelevant,Irrelevant,Irrelevant,Irrelevant,Irrelevant,Irrelevant,Irrelevant,Irrelevant,Irrelevant,Irrelevant,Irrelevant
ID1893,Low Relevance,Low Relevance,Low Relevance,Low Relevance,Low Relevance,Low Relevance,Low Relevance,Low Relevance,Low Relevance,Low Relevance,Low Relevance,Low Relevance,Low Relevance,Irrelevant,Irrelevant,Irrelevant,Irrelevant,Irrelevant,Irrelevant,Irrelevant,Irrelevant,Irrelevant,Irrelevant,Irrelevant,Irrelevant,Irrelevant,Irrelevant,Irrelevant,Irrelevant,Irrelevant
ID1895,Low Relevance,Low Relevance,Low Relevance,Low Relevance,Low Relevance,Low Relevance,Low Relevance,Irrelevant,Irrelevant,Irrelevant,Irrelevant,Irrelevant,Irrelevant,Irrelevant,Irrelevant,Irrelevant,Irrelevant,Irrelevant,Irrelevant,Irrelevant,Irrelevant,Irrelevant,Irrelevant,Irrelevant,Irrelevant,Irrelevant,Irrelevant,Irrelevant,Irrelevant,Irrelevant
ID1896,High Relevance,Low Relevance,Low Relevance,Low Relevance,Low Relevance,Irrelevant,Irrelevant,Irrelevant,Irrelevant,Irrelevant,Irrelevant,Irrelevant,Irrelevant,Irrelevant,Irrelevant,Irrelevant,Irrelevant,Irrelevant,Irrelevant,Irrelevant,Irrelevant,Irrelevant,Irrelevant,Irrelevant,Irrelevant,Irrelevant,Irrelevant,Irrelevant,Irrelevant,Irrelevant
ID1898,Low Relevance,Low Relevance,Low Relevance,Low Relevance,Low Relevance,Low Relevance,Low Relevance,Low Relevance,Irrelevant,Irrelevant,Irrelevant,Irrelevant,Irrelevant,Irrelevant,Irrelevant,Irrelevant,Irrelevant,Irrelevant,Irrelevant,Irrelevant,Irrelevant,Irrelevant,Irrelevant,Irrelevant,Irrelevant,Irrelevant,Irrelevant,Irrelevant,Irrelevant,Irrelevant
ID1899,Low Relevance,Low Relevance,Low Relevance,Low Relevance,Low Relevance,Low Relevance,Irrelevant,Irrelevant,Irrelevant,Irrelevant,Irrelevant,Irrelevant,Irrelevant,Irrelevant,Irrelevant,Irrelevant,Irrelevant,Irrelevant,Irrelevant,Irrelevant,Irrelevant,Irrelevant,Irrelevant,Irrelevant,Irrelevant,Irrelevant,Irrelevant,Irrelevant,Irrelevant,Irrelevant
ID1900,High Relevance,Low Relevance,Low Relevance,Low Relevance,Low Relevance,Low Relevance,Low Relevance,Low Relevance,High Relevance,Low Relevance,Low Relevance,Low Relevance,Low Relevance,Irrelevant,Irrelevant,Irrelevant,Irrelevant,Irrelevant,Irrelevant,Irrelevant,Irrelevant,Irrelevant,Irrelevant,Irrelevant,Irrelevant,Irrelevant,Irrelevant,Irrelevant,Irrelevant,Irrelevant
ID1902,Low Relevance,Irrelevant,Irrelevant,Irrelevant,Irrelevant,Irrelevant,Irrelevant,Irrelevant,Irrelevant,Irrelevant,Irrelevant,Irrelevant,Irrelevant,Irrelevant,Irrelevant,Irrelevant,Irrelevant,Irrelevant,Irrelevant,Irrelevant,Irrelevant,Irrelevant,Irrelevant,Irrelevant,Irrelevant,Irrelevant,Irrelevant,Irrelevant,Irrelevant,Irrelevant
ID1903,Low Relevance,Low Relevance,Low Relevance,Low Relevance,Low Relevance,Low Relevance,Low Relevance,Low Relevance,Low Relevance,Low Relevance,Low Relevance,Low Relevance,Low Relevance,Irrelevant,Irrelevant,Irrelevant,Irrelevant,Irrelevant,Irrelevant,Irrelevant,Irrelevant,Irrelevant,Irrelevant,Irrelevant,Irrelevant,Irrelevant,Irrelevant,Irrelevant,Irrelevant,Irrelevant
ID1904,Irrelevant,Irrelevant,Irrelevant,Irrelevant,Irrelevant,Irrelevant,Irrelevant,Irrelevant,Irrelevant,Irrelevant,Irrelevant,Irrelevant,Irrelevant,Irrelevant,Irrelevant,Irrelevant,Irrelevant,Irrelevant,Irrelevant,Irrelevant,Irrelevant,Irrelevant,Irrelevant,Irrelevant,Irrelevant,Irrelevant,Irrelevant,Irrelevant,Irrelevant,Irrelevant
ID1905,Low Relevance,Low Relevance,Low Relevance,Low Relevance,Low Relevance,Low Relevance,Low Relevance,Low Relevance,Irrelevant,Irrelevant,Irrelevant,Irrelevant,Irrelevant,Irrelevant,Irrelevant,Irrelevant,Irrelevant,Irrelevant,Irrelevant,Irrelevant,Irrelevant,Irrelevant,Irrelevant,Irrelevant,Irrelevant,Irrelevant,Irrelevant,Irrelevant,Irrelevant,Irrelevant
ID1908,High Relevance,High Relevance,Low Relevance,Low Relevance,Low Relevance,Low Relevance,Low Relevance,Low Relevance,Low Relevance,Irrelevant,Irrelevant,Irrelevant,Irrelevant,Irrelevant,Irrelevant,Irrelevant,Irrelevant,Irrelevant,Irrelevant,Irrelevant,Irrelevant,Irrelevant,Irrelevant,Irrelevant,Irrelevant,Irrelevant,Irrelevant,Irrelevant,Irrelevant,Irrelevant
ID1909,Irrelevant,Irrelevant,Irrelevant,Irrelevant,Irrelevant,Irrelevant,Irrelevant,Irrelevant,Irrelevant,Irrelevant,Irrelevant,Irrelevant,Irrelevant,Irrelevant,Irrelevant,Irrelevant,Irrelevant,Irrelevant,Irrelevant,Irrelevant,Irrelevant,Irrelevant,Irrelevant,Irrelevant,Irrelevant,Irrelevant,Irrelevant,Irrelevant,Irrelevant,Irrelevant
ID1910,Irrelevant,Irrelevant,Irrelevant,Irrelevant,Irrelevant,Irrelevant,Irrelevant,Irrelevant,Irrelevant,Irrelevant,Irrelevant,Irrelevant,Irrelevant,Irrelevant,Irrelevant,Irrelevant,Irrelevant,Irrelevant,Irrelevant,Irrelevant,Irrelevant,Irrelevant,Irrelevant,Irrelevant,Irrelevant,Irrelevant,Irrelevant,Irrelevant,Irrelevant,Irrelevant
ID1911,Irrelevant,Irrelevant,Irrelevant,Irrelevant,Irrelevant,Irrelevant,Irrelevant,Irrelevant,Irrelevant,Irrelevant,Irrelevant,Irrelevant,Irrelevant,Irrelevant,Irrelevant,Irrelevant,Irrelevant,Irrelevant,Irrelevant,Irrelevant,Irrelevant,Irrelevant,Irrelevant,Irrelevant,Irrelevant,Irrelevant,Irrelevant,Irrelevant,Irrelevant,Irrelevant
ID1912,Irrelevant,Irrelevant,Irrelevant,Irrelevant,Irrelevant,Irrelevant,Irrelevant,Irrelevant,Irrelevant,Irrelevant,Irrelevant,Irrelevant,Irrelevant,Irrelevant,Irrelevant,Irrelevant,Irrelevant,Irrelevant,Irrelevant,Irrelevant,Irrelevant,Irrelevant,Irrelevant,Irrelevant,Irrelevant,Irrelevant,Irrelevant,Irrelevant,Irrelevant,Irrelevant
ID1913,Low Relevance,Irrelevant,High Relevance,Low Relevance,Low Relevance,Low Relevance,High Relevance,Irrelevant,Irrelevant,Irrelevant,Irrelevant,Irrelevant,Irrelevant,Irrelevant,Irrelevant,Irrelevant,Irrelevant,Irrelevant,Irrelevant,Irrelevant,Irrelevant,Irrelevant,Irrelevant,Irrelevant,Irrelevant,Irrelevant,Irrelevant,Irrelevant,Irrelevant,Irrelevant
ID1915,Irrelevant,Irrelevant,Irrelevant,Irrelevant,Irrelevant,Irrelevant,Irrelevant,Irrelevant,Irrelevant,Irrelevant,Irrelevant,Irrelevant,Irrelevant,Irrelevant,Irrelevant,Irrelevant,Irrelevant,Irrelevant,Irrelevant,Irrelevant,Irrelevant,Irrelevant,Irrelevant,Irrelevant,Irrelevant,Irrelevant,Irrelevant,Irrelevant,Irrelevant,Irrelevant
ID1917,Low Relevance,Low Relevance,Low Relevance,Low Relevance,Low Relevance,Low Relevance,Low Relevance,Low Relevance,Low Relevance,Low Relevance,Low Relevance,Low Relevance,Low Relevance,Irrelevant,Irrelevant,Irrelevant,Irrelevant,Irrelevant,Irrelevant,Irrelevant,Irrelevant,Irrelevant,Irrelevant,Irrelevant,Irrelevant,Irrelevant,Irrelevant,Irrelevant,Irrelevant,Irrelevant
ID1918,Low Relevance,Low Relevance,Low Relevance,Low Relevance,Low Relevance,Low Relevance,High Relevance,Low Relevance,Low Relevance,Low Relevance,Low Relevance,Low Relevance,Irrelevant,Irrelevant,Irrelevant,Irrelevant,Irrelevant,Irrelevant,Irrelevant,Irrelevant,Irrelevant,Irrelevant,Irrelevant,Irrelevant,Irrelevant,Irrelevant,Irrelevant,Irrelevant,Irrelevant,Irrelevant
ID1919,Low Relevance,Low Relevance,Irrelevant,Irrelevant,Irrelevant,Irrelevant,Irrelevant,Irrelevant,Irrelevant,Irrelevant,Irrelevant,Irrelevant,Irrelevant,Irrelevant,Irrelevant,Irrelevant,Irrelevant,Irrelevant,Irrelevant,Irrelevant,Irrelevant,Irrelevant,Irrelevant,Irrelevant,Irrelevant,Irrelevant,Irrelevant,Irrelevant,Irrelevant,Irrelevant
ID1923,Low Relevance,Low Relevance,Low Relevance,Low Relevance,Low Relevance,Irrelevant,Irrelevant,Irrelevant,Irrelevant,Irrelevant,Irrelevant,Irrelevant,Irrelevant,Irrelevant,Irrelevant,Irrelevant,Irrelevant,Irrelevant,Irrelevant,Irrelevant,Irrelevant,Irrelevant,Irrelevant,Irrelevant,Irrelevant,Irrelevant,Irrelevant,Irrelevant,Irrelevant,Irrelevant
ID1924,Irrelevant,Irrelevant,Irrelevant,Irrelevant,Irrelevant,Irrelevant,Irrelevant,Irrelevant,Irrelevant,Irrelevant,Irrelevant,Irrelevant,Irrelevant,Irrelevant,Irrelevant,Irrelevant,Irrelevant,Irrelevant,Irrelevant,Irrelevant,Irrelevant,Irrelevant,Irrelevant,Irrelevant,Irrelevant,Irrelevant,Irrelevant,Irrelevant,Irrelevant,Irrelevant
ID1925,Low Relevance,Low Relevance,Low Relevance,Low Relevance,Low Relevance,Low Relevance,Low Relevance,Low Relevance,Low Relevance,Low Relevance,Low Relevance,Irrelevant,Irrelevant,Irrelevant,Irrelevant,Irrelevant,Irrelevant,Irrelevant,Irrelevant,Irrelevant,Irrelevant,Irrelevant,Irrelevant,Irrelevant,Irrelevant,Irrelevant,Irrelevant,Irrelevant,Irrelevant,Irrelevant
ID1927,Low Relevance,Low Relevance,Low Relevance,Low Relevance,Low Relevance,Low Relevance,Low Relevance,Low Relevance,Low Relevance,Irrelevant,Irrelevant,Irrelevant,Irrelevant,Irrelevant,Irrelevant,Irrelevant,Irrelevant,Irrelevant,Irrelevant,Irrelevant,Irrelevant,Irrelevant,Irrelevant,Irrelevant,Irrelevant,Irrelevant,Irrelevant,Irrelevant,Irrelevant,Irrelevant
ID1928,Low Relevance,High Relevance,Low Relevance,Low Relevance,Low Relevance,Low Relevance,Low Relevance,High Relevance,High Relevance,Low Relevance,High Relevance,Low Relevance,Irrelevant,Irrelevant,Irrelevant,Irrelevant,Irrelevant,Irrelevant,Irrelevant,Irrelevant,Irrelevant,Irrelevant,Irrelevant,Irrelevant,Irrelevant,Irrelevant,Irrelevant,Irrelevant,Irrelevant,Irrelevant
ID1929,Irrelevant,Irrelevant,Irrelevant,Irrelevant,Irrelevant,Irrelevant,Irrelevant,Irrelevant,Irrelevant,Irrelevant,Irrelevant,Irrelevant,Irrelevant,Irrelevant,Irrelevant,Irrelevant,Irrelevant,Irrelevant,Irrelevant,Irrelevant,Irrelevant,Irrelevant,Irrelevant,Irrelevant,Irrelevant,Irrelevant,Irrelevant,Irrelevant,Irrelevant,Irrelevant
ID1931,Irrelevant,Irrelevant,Irrelevant,Irrelevant,Irrelevant,Irrelevant,Irrelevant,Irrelevant,Irrelevant,Irrelevant,Irrelevant,Irrelevant,Irrelevant,Irrelevant,Irrelevant,Irrelevant,Irrelevant,Irrelevant,Irrelevant,Irrelevant,Irrelevant,Irrelevant,Irrelevant,Irrelevant,Irrelevant,Irrelevant,Irrelevant,Irrelevant,Irrelevant,Irrelevant
ID1932,Low Relevance,Low Relevance,Low Relevance,Low Relevance,Irrelevant,Irrelevant,Irrelevant,Irrelevant,Irrelevant,Irrelevant,Irrelevant,Irrelevant,Irrelevant,Irrelevant,Irrelevant,Irrelevant,Irrelevant,Irrelevant,Irrelevant,Irrelevant,Irrelevant,Irrelevant,Irrelevant,Irrelevant,Irrelevant,Irrelevant,Irrelevant,Irrelevant,Irrelevant,Irrelevant
ID1933,High Relevance,Low Relevance,Low Relevance,Low Relevance,Low Relevance,Low Relevance,Low Relevance,Low Relevance,Low Relevance,Low Relevance,Low Relevance,Low Relevance,Low Relevance,Irrelevant,Irrelevant,Irrelevant,Irrelevant,Irrelevant,Irrelevant,Irrelevant,Irrelevant,Irrelevant,Irrelevant,Irrelevant,Irrelevant,Irrelevant,Irrelevant,Irrelevant,Irrelevant,Irrelevant
ID1934,Irrelevant,Irrelevant,Irrelevant,Irrelevant,Irrelevant,Irrelevant,Irrelevant,Irrelevant,Irrelevant,Irrelevant,Irrelevant,Irrelevant,Irrelevant,Irrelevant,Irrelevant,Irrelevant,Irrelevant,Irrelevant,Irrelevant,Irrelevant,Irrelevant,Irrelevant,Irrelevant,Irrelevant,Irrelevant,Irrelevant,Irrelevant,Irrelevant,Irrelevant,Irrelevant
ID1937,Irrelevant,Irrelevant,Irrelevant,Irrelevant,Irrelevant,Irrelevant,Irrelevant,Irrelevant,Irrelevant,Irrelevant,Irrelevant,Irrelevant,Irrelevant,Irrelevant,Irrelevant,Irrelevant,Irrelevant,Irrelevant,Irrelevant,Irrelevant,Irrelevant,Irrelevant,Irrelevant,Irrelevant,Irrelevant,Irrelevant,Irrelevant,Irrelevant,Irrelevant,Irrelevant
ID1938,High Relevance,High Relevance,Low Relevance,Low Relevance,Low Relevance,Low Relevance,Low Relevance,Low Relevance,Irrelevant,Low Relevance,Irrelevant,Irrelevant,Irrelevant,Irrelevant,Irrelevant,Irrelevant,Irrelevant,Irrelevant,Irrelevant,Irrelevant,Irrelevant,Irrelevant,Irrelevant,Irrelevant,Irrelevant,Irrelevant,Irrelevant,Irrelevant,Irrelevant,Irrelevant
ID1940,Low Relevance,Low Relevance,Low Relevance,Low Relevance,Low Relevance,Low Relevance,Low Relevance,Irrelevant,Irrelevant,Irrelevant,Irrelevant,Irrelevant,Irrelevant,Irrelevant,Irrelevant,Irrelevant,Irrelevant,Irrelevant,Irrelevant,Irrelevant,Irrelevant,Irrelevant,Irrelevant,Irrelevant,Irrelevant,Irrelevant,Irrelevant,Irrelevant,Irrelevant,Irrelevant
ID1941,Low Relevance,Low Relevance,Low Relevance,Low Relevance,Low Relevance,Low Relevance,Low Relevance,Low Relevance,Irrelevant,Irrelevant,Irrelevant,Irrelevant,Irrelevant,Irrelevant,Irrelevant,Irrelevant,Irrelevant,Irrelevant,Irrelevant,Irrelevant,Irrelevant,Irrelevant,Irrelevant,Irrelevant,Irrelevant,Irrelevant,Irrelevant,Irrelevant,Irrelevant,Irrelevant
ID1944,Irrelevant,Irrelevant,Irrelevant,Irrelevant,Irrelevant,Irrelevant,Irrelevant,Irrelevant,Irrelevant,Irrelevant,Irrelevant,Irrelevant,Irrelevant,Irrelevant,Irrelevant,Irrelevant,Irrelevant,Irrelevant,Irrelevant,Irrelevant,Irrelevant,Irrelevant,Irrelevant,Irrelevant,Irrelevant,Irrelevant,Irrelevant,Irrelevant,Irrelevant,Irrelevant
ID1945,High Relevance,Low Relevance,Low Relevance,Low Relevance,Low Relevance,Low Relevance,Low Relevance,Low Relevance,Low Relevance,Irrelevant,Irrelevant,Irrelevant,Irrelevant,Irrelevant,Irrelevant,Irrelevant,Irrelevant,Irrelevant,Irrelevant,Irrelevant,Irrelevant,Irrelevant,Irrelevant,Irrelevant,Irrelevant,Irrelevant,Irrelevant,Irrelevant,Irrelevant,Irrelevant
ID1946,Irrelevant,Irrelevant,Irrelevant,Irrelevant,Irrelevant,Irrelevant,Irrelevant,Irrelevant,Irrelevant,Irrelevant,Irrelevant,Irrelevant,Irrelevant,Irrelevant,Irrelevant,Irrelevant,Irrelevant,Irrelevant,Irrelevant,Irrelevant,Irrelevant,Irrelevant,Irrelevant,Irrelevant,Irrelevant,Irrelevant,Irrelevant,Irrelevant,Irrelevant,Irrelevant
ID1947,Irrelevant,Irrelevant,Irrelevant,Irrelevant,Irrelevant,Irrelevant,Irrelevant,Irrelevant,Irrelevant,Irrelevant,Irrelevant,Irrelevant,Irrelevant,Irrelevant,Irrelevant,Irrelevant,Irrelevant,Irrelevant,Irrelevant,Irrelevant,Irrelevant,Irrelevant,Irrelevant,Irrelevant,Irrelevant,Irrelevant,Irrelevant,Irrelevant,Irrelevant,Irrelevant
ID1948,Low Relevance,Irrelevant,Low Relevance,Irrelevant,Irrelevant,Irrelevant,Irrelevant,Irrelevant,Irrelevant,Irrelevant,Irrelevant,Irrelevant,Irrelevant,Irrelevant,Irrelevant,Irrelevant,Irrelevant,Irrelevant,Irrelevant,Irrelevant,Irrelevant,Irrelevant,Irrelevant,Irrelevant,Irrelevant,Irrelevant,Irrelevant,Irrelevant,Irrelevant,Irrelevant
ID1949,Low Relevance,Low Relevance,Low Relevance,Low Relevance,Low Relevance,Low Relevance,Low Relevance,Low Relevance,Low Relevance,Low Relevance,Irrelevant,Irrelevant,Irrelevant,Irrelevant,Irrelevant,Irrelevant,Irrelevant,Irrelevant,Irrelevant,Irrelevant,Irrelevant,Irrelevant,Irrelevant,Irrelevant,Irrelevant,Irrelevant,Irrelevant,Irrelevant,Irrelevant,Irrelevant
ID1951,High Relevance,Low Relevance,Irrelevant,Irrelevant,Irrelevant,Irrelevant,Irrelevant,Irrelevant,Irrelevant,Irrelevant,Irrelevant,Irrelevant,Irrelevant,Irrelevant,Irrelevant,Irrelevant,Irrelevant,Irrelevant,Irrelevant,Irrelevant,Irrelevant,Irrelevant,Irrelevant,Irrelevant,Irrelevant,Irrelevant,Irrelevant,Irrelevant,Irrelevant,Irrelevant
ID1952,Irrelevant,Irrelevant,Irrelevant,Irrelevant,Irrelevant,Irrelevant,Irrelevant,Irrelevant,Irrelevant,Irrelevant,Irrelevant,Irrelevant,Irrelevant,Irrelevant,Irrelevant,Irrelevant,Irrelevant,Irrelevant,Irrelevant,Irrelevant,Irrelevant,Irrelevant,Irrelevant,Irrelevant,Irrelevant,Irrelevant,Irrelevant,Irrelevant,Irrelevant,Irrelevant
ID1953,Low Relevance,Low Relevance,Low Relevance,Low Relevance,Low Relevance,Low Relevance,Irrelevant,Irrelevant,Irrelevant,Irrelevant,Irrelevant,Irrelevant,Irrelevant,Irrelevant,Irrelevant,Irrelevant,Irrelevant,Irrelevant,Irrelevant,Irrelevant,Irrelevant,Irrelevant,Irrelevant,Irrelevant,Irrelevant,Irrelevant,Irrelevant,Irrelevant,Irrelevant,Irrelevant
ID1955,Low Relevance,High Relevance,High Relevance,Irrelevant,High Relevance,Irrelevant,Irrelevant,High Relevance,High Relevance,Irrelevant,Irrelevant,Irrelevant,Irrelevant,Irrelevant,Irrelevant,Irrelevant,Irrelevant,Irrelevant,Irrelevant,Irrelevant,Irrelevant,Irrelevant,Irrelevant,Irrelevant,Irrelevant,Irrelevant,Irrelevant,Irrelevant,Irrelevant,Irrelevant
ID1956,Irrelevant,Irrelevant,Irrelevant,Irrelevant,Irrelevant,Irrelevant,Irrelevant,Irrelevant,Irrelevant,Irrelevant,Irrelevant,Irrelevant,Irrelevant,Irrelevant,Irrelevant,Irrelevant,Irrelevant,Irrelevant,Irrelevant,Irrelevant,Irrelevant,Irrelevant,Irrelevant,Irrelevant,Irrelevant,Irrelevant,Irrelevant,Irrelevant,Irrelevant,Irrelevant
ID1957,Low Relevance,High Relevance,Irrelevant,High Relevance,Irrelevant,Irrelevant,Irrelevant,Irrelevant,Irrelevant,Irrelevant,Irrelevant,Irrelevant,Irrelevant,Irrelevant,Irrelevant,Irrelevant,Irrelevant,Irrelevant,Irrelevant,Irrelevant,Irrelevant,Irrelevant,Irrelevant,Irrelevant,Irrelevant,Irrelevant,Irrelevant,Irrelevant,Irrelevant,Irrelevant
ID1958,High Relevance,Low Relevance,Irrelevant,Irrelevant,Irrelevant,Irrelevant,Irrelevant,Irrelevant,Irrelevant,Irrelevant,Irrelevant,Irrelevant,Irrelevant,Irrelevant,Irrelevant,Irrelevant,Irrelevant,Irrelevant,Irrelevant,Irrelevant,Irrelevant,Irrelevant,Irrelevant,Irrelevant,Irrelevant,Irrelevant,Irrelevant,Irrelevant,Irrelevant,Irrelevant
ID1959,Low Relevance,Irrelevant,Irrelevant,Irrelevant,Irrelevant,Low Relevance,Irrelevant,Irrelevant,Irrelevant,Irrelevant,Irrelevant,Irrelevant,Irrelevant,Irrelevant,Irrelevant,Irrelevant,Irrelevant,Irrelevant,Irrelevant,Irrelevant,Irrelevant,Irrelevant,Irrelevant,Irrelevant,Irrelevant,Irrelevant,Irrelevant,Irrelevant,Irrelevant,Irrelevant
ID1962,Irrelevant,Irrelevant,Irrelevant,Irrelevant,Irrelevant,Irrelevant,Irrelevant,Irrelevant,Irrelevant,Irrelevant,Irrelevant,Irrelevant,Irrelevant,Irrelevant,Irrelevant,Irrelevant,Irrelevant,Irrelevant,Irrelevant,Irrelevant,Irrelevant,Irrelevant,Irrelevant,Irrelevant,Irrelevant,Irrelevant,Irrelevant,Irrelevant,Irrelevant,Irrelevant
ID1963,Irrelevant,Irrelevant,Irrelevant,Irrelevant,Irrelevant,Irrelevant,Irrelevant,Irrelevant,Irrelevant,Irrelevant,Irrelevant,Irrelevant,Irrelevant,Irrelevant,Irrelevant,Irrelevant,Irrelevant,Irrelevant,Irrelevant,Irrelevant,Irrelevant,Irrelevant,Irrelevant,Irrelevant,Irrelevant,Irrelevant,Irrelevant,Irrelevant,Irrelevant,Irrelevant
ID1965,Low Relevance,Low Relevance,Low Relevance,Low Relevance,High Relevance,Low Relevance,Low Relevance,Low Relevance,Low Relevance,Low Relevance,Low Relevance,Irrelevant,Irrelevant,Irrelevant,Irrelevant,Irrelevant,Irrelevant,Irrelevant,Irrelevant,Irrelevant,Irrelevant,Irrelevant,Irrelevant,Irrelevant,Irrelevant,Irrelevant,Irrelevant,Irrelevant,Irrelevant,Irrelevant
ID1966,Irrelevant,Irrelevant,Irrelevant,Irrelevant,Irrelevant,Irrelevant,Irrelevant,Irrelevant,Irrelevant,Irrelevant,Irrelevant,Irrelevant,Irrelevant,Irrelevant,Irrelevant,Irrelevant,Irrelevant,Irrelevant,Irrelevant,Irrelevant,Irrelevant,Irrelevant,Irrelevant,Irrelevant,Irrelevant,Irrelevant,Irrelevant,Irrelevant,Irrelevant,Irrelevant
ID1969,Irrelevant,Irrelevant,Irrelevant,Irrelevant,Irrelevant,Irrelevant,Irrelevant,Irrelevant,Irrelevant,Irrelevant,Irrelevant,Irrelevant,Irrelevant,Irrelevant,Irrelevant,Irrelevant,Irrelevant,Irrelevant,Irrelevant,Irrelevant,Irrelevant,Irrelevant,Irrelevant,Irrelevant,Irrelevant,Irrelevant,Irrelevant,Irrelevant,Irrelevant,Irrelevant
ID1970,Irrelevant,Irrelevant,Irrelevant,Irrelevant,Irrelevant,Irrelevant,Irrelevant,Irrelevant,Irrelevant,Irrelevant,Irrelevant,Irrelevant,Irrelevant,Irrelevant,Irrelevant,Irrelevant,Irrelevant,Irrelevant,Irrelevant,Irrelevant,Irrelevant,Irrelevant,Irrelevant,Irrelevant,Irrelevant,Irrelevant,Irrelevant,Irrelevant,Irrelevant,Irrelevant
ID1972,Irrelevant,Irrelevant,Irrelevant,Irrelevant,High Relevance,Irrelevant,High Relevance,Irrelevant,Irrelevant,Irrelevant,Irrelevant,Irrelevant,Irrelevant,Irrelevant,Irrelevant,Irrelevant,Irrelevant,Irrelevant,Irrelevant,Irrelevant,Irrelevant,Irrelevant,Irrelevant,Irrelevant,Irrelevant,Irrelevant,Irrelevant,Irrelevant,Irrelevant,Irrelevant
ID1974,Low Relevance,Low Relevance,Low Relevance,Low Relevance,Low Relevance,Low Relevance,Low Relevance,Low Relevance,Low Relevance,Low Relevance,Irrelevant,Irrelevant,Irrelevant,Irrelevant,Irrelevant,Irrelevant,Irrelevant,Irrelevant,Irrelevant,Irrelevant,Irrelevant,Irrelevant,Irrelevant,Irrelevant,Irrelevant,Irrelevant,Irrelevant,Irrelevant,Irrelevant,Irrelevant
ID1975,Irrelevant,Irrelevant,Irrelevant,Irrelevant,Irrelevant,Irrelevant,Irrelevant,Irrelevant,Irrelevant,Irrelevant,Irrelevant,Irrelevant,Irrelevant,Irrelevant,Irrelevant,Irrelevant,Irrelevant,Irrelevant,Irrelevant,Irrelevant,Irrelevant,Irrelevant,Irrelevant,Irrelevant,Irrelevant,Irrelevant,Irrelevant,Irrelevant,Irrelevant,Irrelevant
ID1976,Irrelevant,Irrelevant,Irrelevant,Irrelevant,Irrelevant,Irrelevant,Irrelevant,Irrelevant,Irrelevant,Irrelevant,Irrelevant,Irrelevant,Irrelevant,Irrelevant,Irrelevant,Irrelevant,Irrelevant,Irrelevant,Irrelevant,Irrelevant,Irrelevant,Irrelevant,Irrelevant,Irrelevant,Irrelevant,Irrelevant,Irrelevant,Irrelevant,Irrelevant,Irrelevant
ID1977,Irrelevant,Irrelevant,Irrelevant,Irrelevant,Irrelevant,Irrelevant,Irrelevant,Irrelevant,Irrelevant,Irrelevant,Irrelevant,Irrelevant,Irrelevant,Irrelevant,Irrelevant,Irrelevant,Irrelevant,Irrelevant,Irrelevant,Irrelevant,Irrelevant,Irrelevant,Irrelevant,Irrelevant,Irrelevant,Irrelevant,Irrelevant,Irrelevant,Irrelevant,Irrelevant
ID1979,Low Relevance,High Relevance,High Relevance,Low Relevance,High Relevance,Irrelevant,Irrelevant,Irrelevant,Irrelevant,Irrelevant,Irrelevant,Irrelevant,Irrelevant,Irrelevant,Irrelevant,Irrelevant,Irrelevant,Irrelevant,Irrelevant,Irrelevant,Irrelevant,Irrelevant,Irrelevant,Irrelevant,Irrelevant,Irrelevant,Irrelevant,Irrelevant,Irrelevant,Irrelevant
ID1980,Irrelevant,Irrelevant,Irrelevant,Irrelevant,Irrelevant,Irrelevant,Irrelevant,Irrelevant,Irrelevant,Irrelevant,Irrelevant,Irrelevant,Irrelevant,Irrelevant,Irrelevant,Irrelevant,Irrelevant,Irrelevant,Irrelevant,Irrelevant,Irrelevant,Irrelevant,Irrelevant,Irrelevant,Irrelevant,Irrelevant,Irrelevant,Irrelevant,Irrelevant,Irrelevant
ID1981,Irrelevant,Irrelevant,Irrelevant,Irrelevant,Irrelevant,Irrelevant,Irrelevant,Irrelevant,Irrelevant,Irrelevant,Irrelevant,Irrelevant,Irrelevant,Irrelevant,Irrelevant,Irrelevant,Irrelevant,Irrelevant,Irrelevant,Irrelevant,Irrelevant,Irrelevant,Irrelevant,Irrelevant,Irrelevant,Irrelevant,Irrelevant,Irrelevant,Irrelevant,Irrelevant
ID1983,Low Relevance,Low Relevance,Low Relevance,Low Relevance,Low Relevance,Low Relevance,Low Relevance,Low Relevance,Low Relevance,Irrelevant,Irrelevant,Irrelevant,Irrelevant,Irrelevant,Irrelevant,Irrelevant,Irrelevant,Irrelevant,Irrelevant,Irrelevant,Irrelevant,Irrelevant,Irrelevant,Irrelevant,Irrelevant,Irrelevant,Irrelevant,Irrelevant,Irrelevant,Irrelevant
ID1984,Low Relevance,Low Relevance,Low Relevance,High Relevance,Low Relevance,Low Relevance,Irrelevant,Irrelevant,Irrelevant,Irrelevant,Irrelevant,Irrelevant,Irrelevant,Irrelevant,Irrelevant,Irrelevant,Irrelevant,Irrelevant,Irrelevant,Irrelevant,Irrelevant,Irrelevant,Irrelevant,Irrelevant,Irrelevant,Irrelevant,Irrelevant,Irrelevant,Irrelevant,Irrelevant
ID1986,Irrelevant,Irrelevant,Irrelevant,Irrelevant,Irrelevant,Irrelevant,Irrelevant,Irrelevant,Irrelevant,Irrelevant,Irrelevant,Irrelevant,Irrelevant,Irrelevant,Irrelevant,Irrelevant,Irrelevant,Irrelevant,Irrelevant,Irrelevant,Irrelevant,Irrelevant,Irrelevant,Irrelevant,Irrelevant,Irrelevant,Irrelevant,Irrelevant,Irrelevant,Irrelevant
ID1987,High Relevance,Low Relevance,Low Relevance,Low Relevance,Low Relevance,Low Relevance,Low Relevance,Low Relevance,Low Relevance,Low Relevance,Low Relevance,Low Relevance,Low Relevance,Irrelevant,Irrelevant,Irrelevant,Irrelevant,Irrelevant,Irrelevant,Irrelevant,Irrelevant,Irrelevant,Irrelevant,Irrelevant,Irrelevant,Irrelevant,Irrelevant,Irrelevant,Irrelevant,Irrelevant
ID1989,Irrelevant,Irrelevant,Irrelevant,Irrelevant,Irrelevant,Irrelevant,Irrelevant,Irrelevant,Irrelevant,Irrelevant,Irrelevant,Irrelevant,Irrelevant,Irrelevant,Irrelevant,Irrelevant,Irrelevant,Irrelevant,Irrelevant,Irrelevant,Irrelevant,Irrelevant,Irrelevant,Irrelevant,Irrelevant,Irrelevant,Irrelevant,Irrelevant,Irrelevant,Irrelevant
ID1990,Low Relevance,Low Relevance,Low Relevance,Low Relevance,Low Relevance,Low Relevance,Low Relevance,Low Relevance,Low Relevance,Irrelevant,Irrelevant,Irrelevant,Irrelevant,Irrelevant,Irrelevant,Irrelevant,Irrelevant,Irrelevant,Irrelevant,Irrelevant,Irrelevant,Irrelevant,Irrelevant,Irrelevant,Irrelevant,Irrelevant,Irrelevant,Irrelevant,Irrelevant,Irrelevant
ID1991,Low Relevance,Low Relevance,Low Relevance,Low Relevance,Low Relevance,Low Relevance,Low Relevance,Low Relevance,Low Relevance,Low Relevance,Low Relevance,Low Relevance,Irrelevant,Irrelevant,Irrelevant,Irrelevant,Irrelevant,Irrelevant,Irrelevant,Irrelevant,Irrelevant,Irrelevant,Irrelevant,Irrelevant,Irrelevant,Irrelevant,Irrelevant,Irrelevant,Irrelevant,Irrelevant
ID1993,Irrelevant,Irrelevant,Low Relevance,Irrelevant,Irrelevant,Irrelevant,Irrelevant,Irrelevant,Irrelevant,Irrelevant,Irrelevant,Irrelevant,Irrelevant,Irrelevant,Irrelevant,Irrelevant,Irrelevant,Irrelevant,Irrelevant,Irrelevant,Irrelevant,Irrelevant,Irrelevant,Irrelevant,Irrelevant,Irrelevant,Irrelevant,Irrelevant,Irrelevant,Irrelevant
ID1994,High Relevance,Low Relevance,Low Relevance,Irrelevant,Irrelevant,Irrelevant,Irrelevant,Irrelevant,Irrelevant,Irrelevant,Irrelevant,Irrelevant,Irrelevant,Irrelevant,Irrelevant,Irrelevant,Irrelevant,Irrelevant,Irrelevant,Irrelevant,Irrelevant,Irrelevant,Irrelevant,Irrelevant,Irrelevant,Irrelevant,Irrelevant,Irrelevant,Irrelevant,Irrelevant
ID1995,Irrelevant,Irrelevant,Irrelevant,Irrelevant,Irrelevant,Irrelevant,Irrelevant,Irrelevant,Irrelevant,Irrelevant,Irrelevant,Irrelevant,Irrelevant,Irrelevant,Irrelevant,Irrelevant,Irrelevant,Irrelevant,Irrelevant,Irrelevant,Irrelevant,Irrelevant,Irrelevant,Irrelevant,Irrelevant,Irrelevant,Irrelevant,Irrelevant,Irrelevant,Irrelevant
ID1996,Irrelevant,Irrelevant,Irrelevant,Irrelevant,Irrelevant,Irrelevant,Irrelevant,Irrelevant,Irrelevant,Irrelevant,Irrelevant,Irrelevant,Irrelevant,Irrelevant,Irrelevant,Irrelevant,Irrelevant,Irrelevant,Irrelevant,Irrelevant,Irrelevant,Irrelevant,Irrelevant,Irrelevant,Irrelevant,Irrelevant,Irrelevant,Irrelevant,Irrelevant,Irrelevant
ID1997,Irrelevant,Irrelevant,Irrelevant,Irrelevant,Irrelevant,Irrelevant,Irrelevant,Irrelevant,Irrelevant,Irrelevant,Irrelevant,Irrelevant,Irrelevant,Irrelevant,Irrelevant,Irrelevant,Irrelevant,Irrelevant,Irrelevant,Irrelevant,Irrelevant,Irrelevant,Irrelevant,Irrelevant,Irrelevant,Irrelevant,Irrelevant,Irrelevant,Irrelevant,Irrelevant
ID1998,High Relevance,Low Relevance,Low Relevance,Low Relevance,Low Relevance,Low Relevance,Low Relevance,Irrelevant,Irrelevant,Irrelevant,Irrelevant,Irrelevant,Irrelevant,Irrelevant,Irrelevant,Irrelevant,Irrelevant,Irrelevant,Irrelevant,Irrelevant,Irrelevant,Irrelevant,Irrelevant,Irrelevant,Irrelevant,Irrelevant,Irrelevant,Irrelevant,Irrelevant,Irrelevant
ID1999,Low Relevance,Low Relevance,Low Relevance,Irrelevant,Irrelevant,Irrelevant,Irrelevant,Irrelevant,Irrelevant,Irrelevant,Irrelevant,Irrelevant,Irrelevant,Irrelevant,Irrelevant,Irrelevant,Irrelevant,Irrelevant,Irrelevant,Irrelevant,Irrelevant,Irrelevant,Irrelevant,Irrelevant,Irrelevant,Irrelevant,Irrelevant,Irrelevant,Irrelevant,Irrelevant
7000,Irrelevant,Irrelevant,Irrelevant,Irrelevant,Irrelevant,Irrelevant,Irrelevant,Irrelevant,Irrelevant,Irrelevant,Irrelevant,Irrelevant,Irrelevant,Irrelevant,Irrelevant,Irrelevant,Irrelevant,Irrelevant,Irrelevant,Irrelevant,Irrelevant,Irrelevant,Irrelevant,Irrelevant,Irrelevant,Irrelevant,Irrelevant,Irrelevant,Irrelevant,Irrelevant
7001,Low Relevance,Low Relevance,Low Relevance,Low Relevance,Low Relevance,Low Relevance,Irrelevant,Irrelevant,Irrelevant,Irrelevant,Irrelevant,Irrelevant,Irrelevant,Irrelevant,Irrelevant,Irrelevant,Irrelevant,Irrelevant,Irrelevant,Irrelevant,Irrelevant,Irrelevant,Irrelevant,Irrelevant,Irrelevant,Irrelevant,Irrelevant,Irrelevant,Irrelevant,Irrelevant
7002,Low Relevance,Low Relevance,Low Relevance,Low Relevance,Low Relevance,Low Relevance,Irrelevant,Irrelevant,Irrelevant,Irrelevant,Irrelevant,Irrelevant,Irrelevant,Irrelevant,Irrelevant,Irrelevant,Irrelevant,Irrelevant,Irrelevant,Irrelevant,Irrelevant,Irrelevant,Irrelevant,Irrelevant,Irrelevant,Irrelevant,Irrelevant,Irrelevant,Irrelevant,Irrelevant
7003,Low Relevance,Low Relevance,Low Relevance,Low Relevance,Low Relevance,Low Relevance,Irrelevant,Irrelevant,Irrelevant,Irrelevant,Irrelevant,Irrelevant,Irrelevant,Irrelevant,Irrelevant,Irrelevant,Irrelevant,Irrelevant,Irrelevant,Irrelevant,Irrelevant,Irrelevant,Irrelevant,Irrelevant,Irrelevant,Irrelevant,Irrelevant,Irrelevant,Irrelevant,Irrelevant
7004,Low Relevance,Low Relevance,Low Relevance,Low Relevance,Low Relevance,Low Relevance,Irrelevant,Irrelevant,Irrelevant,Irrelevant,Irrelevant,Irrelevant,Irrelevant,Irrelevant,Irrelevant,Irrelevant,Irrelevant,Irrelevant,Irrelevant,Irrelevant,Irrelevant,Irrelevant,Irrelevant,Irrelevant,Irrelevant,Irrelevant,Irrelevant,Irrelevant,Irrelevant,Irrelevant
7005,Low Relevance,Low Relevance,Low Relevance,Low Relevance,Low Relevance,Low Relevance,Irrelevant,Irrelevant,Irrelevant,Irrelevant,Irrelevant,Irrelevant,Irrelevant,Irrelevant,Irrelevant,Irrelevant,Irrelevant,Irrelevant,Irrelevant,Irrelevant,Irrelevant,Irrelevant,Irrelevant,Irrelevant,Irrelevant,Irrelevant,Irrelevant,Irrelevant,Irrelevant,Irrelevant
7006,Low Relevance,Low Relevance,Low Relevance,Low Relevance,Low Relevance,Irrelevant,Irrelevant,Irrelevant,Irrelevant,Irrelevant,Irrelevant,Irrelevant,Irrelevant,Irrelevant,Irrelevant,Irrelevant,Irrelevant,Irrelevant,Irrelevant,Irrelevant,Irrelevant,Irrelevant,Irrelevant,Irrelevant,Irrelevant,Irrelevant,Irrelevant,Irrelevant,Irrelevant,Irrelevant
7007,Low Relevance,Low Relevance,Low Relevance,Low Relevance,Low Relevance,Irrelevant,Irrelevant,Irrelevant,Irrelevant,Irrelevant,Irrelevant,Irrelevant,Irrelevant,Irrelevant,Irrelevant,Irrelevant,Irrelevant,Irrelevant,Irrelevant,Irrelevant,Irrelevant,Irrelevant,Irrelevant,Irrelevant,Irrelevant,Irrelevant,Irrelevant,Irrelevant,Irrelevant,Irrelevant
7008,Irrelevant,Irrelevant,Irrelevant,Irrelevant,Irrelevant,Irrelevant,Irrelevant,Irrelevant,Irrelevant,Irrelevant,Irrelevant,Irrelevant,Irrelevant,Irrelevant,Irrelevant,Irrelevant,Irrelevant,Irrelevant,Irrelevant,Irrelevant,Irrelevant,Irrelevant,Irrelevant,Irrelevant,Irrelevant,Irrelevant,Irrelevant,Irrelevant,Irrelevant,Irrelevant
7009,Low Relevance,Low Relevance,Low Relevance,Low Relevance,Irrelevant,Irrelevant,Irrelevant,Irrelevant,Irrelevant,Irrelevant,Irrelevant,Irrelevant,Irrelevant,Irrelevant,Irrelevant,Irrelevant,Irrelevant,Irrelevant,Irrelevant,Irrelevant,Irrelevant,Irrelevant,Irrelevant,Irrelevant,Irrelevant,Irrelevant,Irrelevant,Irrelevant,Irrelevant,Irrelevant
7010,Low Relevance,Low Relevance,Low Relevance,Low Relevance,Low Relevance,Low Relevance,Irrelevant,Irrelevant,Irrelevant,Irrelevant,Irrelevant,Irrelevant,Irrelevant,Irrelevant,Irrelevant,Irrelevant,Irrelevant,Irrelevant,Irrelevant,Irrelevant,Irrelevant,Irrelevant,Irrelevant,Irrelevant,Irrelevant,Irrelevant,Irrelevant,Irrelevant,Irrelevant,Irrelevant
7011,Low Relevance,Low Relevance,Low Relevance,Low Relevance,Low Relevance,Low Relevance,Irrelevant,Irrelevant,Irrelevant,Irrelevant,Irrelevant,Irrelevant,Irrelevant,Irrelevant,Irrelevant,Irrelevant,Irrelevant,Irrelevant,Irrelevant,Irrelevant,Irrelevant,Irrelevant,Irrelevant,Irrelevant,Irrelevant,Irrelevant,Irrelevant,Irrelevant,Irrelevant,Irrelevant
7012,Low Relevance,Low Relevance,Low Relevance,Low Relevance,Low Relevance,Low Relevance,Irrelevant,Irrelevant,Irrelevant,Irrelevant,Irrelevant,Irrelevant,Irrelevant,Irrelevant,Irrelevant,Irrelevant,Irrelevant,Irrelevant,Irrelevant,Irrelevant,Irrelevant,Irrelevant,Irrelevant,Irrelevant,Irrelevant,Irrelevant,Irrelevant,Irrelevant,Irrelevant,Irrelevant
7013,Low Relevance,Low Relevance,Low Relevance,Low Relevance,Low Relevance,Low Relevance,Irrelevant,Irrelevant,Irrelevant,Irrelevant,Irrelevant,Irrelevant,Irrelevant,Irrelevant,Irrelevant,Irrelevant,Irrelevant,Irrelevant,Irrelevant,Irrelevant,Irrelevant,Irrelevant,Irrelevant,Irrelevant,Irrelevant,Irrelevant,Irrelevant,Irrelevant,Irrelevant,Irrelevant
7014,Low Relevance,Low Relevance,Low Relevance,Low Relevance,Low Relevance,Irrelevant,Irrelevant,Irrelevant,Irrelevant,Irrelevant,Irrelevant,Irrelevant,Irrelevant,Irrelevant,Irrelevant,Irrelevant,Irrelevant,Irrelevant,Irrelevant,Irrelevant,Irrelevant,Irrelevant,Irrelevant,Irrelevant,Irrelevant,Irrelevant,Irrelevant,Irrelevant,Irrelevant,Irrelevant
7015,Low Relevance,Low Relevance,Low Relevance,Low Relevance,Low Relevance,Irrelevant,Irrelevant,Irrelevant,Irrelevant,Irrelevant,Irrelevant,Irrelevant,Irrelevant,Irrelevant,Irrelevant,Irrelevant,Irrelevant,Irrelevant,Irrelevant,Irrelevant,Irrelevant,Irrelevant,Irrelevant,Irrelevant,Irrelevant,Irrelevant,Irrelevant,Irrelevant,Irrelevant,Irrelevant
7016,Irrelevant,Low Relevance,Low Relevance,Low Relevance,Low Relevance,Irrelevant,Irrelevant,Irrelevant,Irrelevant,Irrelevant,Irrelevant,Irrelevant,Irrelevant,Irrelevant,Irrelevant,Irrelevant,Irrelevant,Irrelevant,Irrelevant,Irrelevant,Irrelevant,Irrelevant,Irrelevant,Irrelevant,Irrelevant,Irrelevant,Irrelevant,Irrelevant,Irrelevant,Irrelevant
7017,Irrelevant,Low Relevance,Low Relevance,Low Relevance,Low Relevance,Irrelevant,Irrelevant,Irrelevant,Irrelevant,Irrelevant,Irrelevant,Irrelevant,Irrelevant,Irrelevant,Irrelevant,Irrelevant,Irrelevant,Irrelevant,Irrelevant,Irrelevant,Irrelevant,Irrelevant,Irrelevant,Irrelevant,Irrelevant,Irrelevant,Irrelevant,Irrelevant,Irrelevant,Irrelevant
7018,Irrelevant,Irrelevant,Irrelevant,Irrelevant,Irrelevant,Irrelevant,Irrelevant,Irrelevant,Irrelevant,Irrelevant,Irrelevant,Irrelevant,Irrelevant,Irrelevant,Irrelevant,Irrelevant,Irrelevant,Irrelevant,Irrelevant,Irrelevant,Irrelevant,Irrelevant,Irrelevant,Irrelevant,Irrelevant,Irrelevant,Irrelevant,Irrelevant,Irrelevant,Irrelevant
7019,Irrelevant,Irrelevant,Irrelevant,Irrelevant,Irrelevant,Irrelevant,Irrelevant,Irrelevant,Irrelevant,Irrelevant,Irrelevant,Irrelevant,Irrelevant,Irrelevant,Irrelevant,Irrelevant,Irrelevant,Irrelevant,Irrelevant,Irrelevant,Irrelevant,Irrelevant,Irrelevant,Irrelevant,Irrelevant,Irrelevant,Irrelevant,Irrelevant,Irrelevant,Irrelevant
7020,Low Relevance,Low Relevance,Low Relevance,Low Relevance,Low Relevance,Irrelevant,Irrelevant,Irrelevant,Irrelevant,Irrelevant,Irrelevant,Irrelevant,Irrelevant,Irrelevant,Irrelevant,Irrelevant,Irrelevant,Irrelevant,Irrelevant,Irrelevant,Irrelevant,Irrelevant,Irrelevant,Irrelevant,Irrelevant,Irrelevant,Irrelevant,Irrelevant,Irrelevant,Irrelevant
7021,Low Relevance,Low Relevance,Low Relevance,Low Relevance,Low Relevance,Irrelevant,Irrelevant,Irrelevant,Irrelevant,Irrelevant,Irrelevant,Irrelevant,Irrelevant,Irrelevant,Irrelevant,Irrelevant,Irrelevant,Irrelevant,Irrelevant,Irrelevant,Irrelevant,Irrelevant,Irrelevant,Irrelevant,Irrelevant,Irrelevant,Irrelevant,Irrelevant,Irrelevant,Irrelevant
7022,Low Relevance,Low Relevance,Low Relevance,Low Relevance,Low Relevance,Irrelevant,Irrelevant,Irrelevant,Irrelevant,Irrelevant,Irrelevant,Irrelevant,Irrelevant,Irrelevant,Irrelevant,Irrelevant,Irrelevant,Irrelevant,Irrelevant,Irrelevant,Irrelevant,Irrelevant,Irrelevant,Irrelevant,Irrelevant,Irrelevant,Irrelevant,Irrelevant,Irrelevant,Irrelevant
7023,Low Relevance,Low Relevance,Low Relevance,Low Relevance,Low Relevance,Irrelevant,Irrelevant,Irrelevant,Irrelevant,Irrelevant,Irrelevant,Irrelevant,Irrelevant,Irrelevant,Irrelevant,Irrelevant,Irrelevant,Irrelevant,Irrelevant,Irrelevant,Irrelevant,Irrelevant,Irrelevant,Irrelevant,Irrelevant,Irrelevant,Irrelevant,Irrelevant,Irrelevant,Irrelevant
7024,Low Relevance,Low Relevance,Low Relevance,Low Relevance,Low Relevance,Irrelevant,Irrelevant,Irrelevant,Irrelevant,Irrelevant,Irrelevant,Irrelevant,Irrelevant,Irrelevant,Irrelevant,Irrelevant,Irrelevant,Irrelevant,Irrelevant,Irrelevant,Irrelevant,Irrelevant,Irrelevant,Irrelevant,Irrelevant,Irrelevant,Irrelevant,Irrelevant,Irrelevant,Irrelevant
7025,Low Relevance,Low Relevance,Low Relevance,Low Relevance,Low Relevance,Irrelevant,Irrelevant,Irrelevant,Irrelevant,Irrelevant,Irrelevant,Irrelevant,Irrelevant,Irrelevant,Irrelevant,Irrelevant,Irrelevant,Irrelevant,Irrelevant,Irrelevant,Irrelevant,Irrelevant,Irrelevant,Irrelevant,Irrelevant,Irrelevant,Irrelevant,Irrelevant,Irrelevant,Irrelevant
7026,Irrelevant,Irrelevant,Irrelevant,Irrelevant,Irrelevant,Irrelevant,Irrelevant,Irrelevant,Irrelevant,Irrelevant,Irrelevant,Irrelevant,Irrelevant,Irrelevant,Irrelevant,Irrelevant,Irrelevant,Irrelevant,Irrelevant,Irrelevant,Irrelevant,Irrelevant,Irrelevant,Irrelevant,Irrelevant,Irrelevant,Irrelevant,Irrelevant,Irrelevant,Irrelevant
7027,Irrelevant,Irrelevant,Irrelevant,Irrelevant,Irrelevant,Irrelevant,Irrelevant,Irrelevant,Irrelevant,Irrelevant,Irrelevant,Irrelevant,Irrelevant,Irrelevant,Irrelevant,Irrelevant,Irrelevant,Irrelevant,Irrelevant,Irrelevant,Irrelevant,Irrelevant,Irrelevant,Irrelevant,Irrelevant,Irrelevant,Irrelevant,Irrelevant,Irrelevant,Irrelevant
7028,Low Relevance,Low Relevance,Low Relevance,Low Relevance,Low Relevance,Low Relevance,Irrelevant,Irrelevant,Irrelevant,Irrelevant,Irrelevant,Irrelevant,Irrelevant,Irrelevant,Irrelevant,Irrelevant,Irrelevant,Irrelevant,Irrelevant,Irrelevant,Irrelevant,Irrelevant,Irrelevant,Irrelevant,Irrelevant,Irrelevant,Irrelevant,Irrelevant,Irrelevant,Irrelevant
7029,Low Relevance,Low Relevance,Low Relevance,Low Relevance,Low Relevance,Low Relevance,Irrelevant,Irrelevant,Irrelevant,Irrelevant,Irrelevant,Irrelevant,Irrelevant,Irrelevant,Irrelevant,Irrelevant,Irrelevant,Irrelevant,Irrelevant,Irrelevant,Irrelevant,Irrelevant,Irrelevant,Irrelevant,Irrelevant,Irrelevant,Irrelevant,Irrelevant,Irrelevant,Irrelevant
7030,Low Relevance,Low Relevance,Low Relevance,Low Relevance,Low Relevance,Irrelevant,Irrelevant,Irrelevant,Irrelevant,Irrelevant,Irrelevant,Irrelevant,Irrelevant,Irrelevant,Irrelevant,Irrelevant,Irrelevant,Irrelevant,Irrelevant,Irrelevant,Irrelevant,Irrelevant,Irrelevant,Irrelevant,Irrelevant,Irrelevant,Irrelevant,Irrelevant,Irrelevant,Irrelevant
7031,Low Relevance,Low Relevance,Low Relevance,Low Relevance,Low Relevance,Irrelevant,Irrelevant,Irrelevant,Irrelevant,Irrelevant,Irrelevant,Irrelevant,Irrelevant,Irrelevant,Irrelevant,Irrelevant,Irrelevant,Irrelevant,Irrelevant,Irrelevant,Irrelevant,Irrelevant,Irrelevant,Irrelevant,Irrelevant,Irrelevant,Irrelevant,Irrelevant,Irrelevant,Irrelevant
7032,Low Relevance,Low Relevance,Low Relevance,Low Relevance,Low Relevance,Irrelevant,Irrelevant,Irrelevant,Irrelevant,Irrelevant,Irrelevant,Irrelevant,Irrelevant,Irrelevant,Irrelevant,Irrelevant,Irrelevant,Irrelevant,Irrelevant,Irrelevant,Irrelevant,Irrelevant,Irrelevant,Irrelevant,Irrelevant,Irrelevant,Irrelevant,Irrelevant,Irrelevant,Irrelevant
7033,Low Relevance,Low Relevance,Low Relevance,Low Relevance,Low Relevance,Irrelevant,Irrelevant,Irrelevant,Irrelevant,Irrelevant,Irrelevant,Irrelevant,Irrelevant,Irrelevant,Irrelevant,Irrelevant,Irrelevant,Irrelevant,Irrelevant,Irrelevant,Irrelevant,Irrelevant,Irrelevant,Irrelevant,Irrelevant,Irrelevant,Irrelevant,Irrelevant,Irrelevant,Irrelevant
7034,Irrelevant,Irrelevant,Irrelevant,Irrelevant,Irrelevant,Irrelevant,Irrelevant,Irrelevant,Irrelevant,Irrelevant,Irrelevant,Irrelevant,Irrelevant,Irrelevant,Irrelevant,Irrelevant,Irrelevant,Irrelevant,Irrelevant,Irrelevant,Irrelevant,Irrelevant,Irrelevant,Irrelevant,Irrelevant,Irrelevant,Irrelevant,Irrelevant,Irrelevant,Irrelevant
7035,Irrelevant,Irrelevant,Irrelevant,Irrelevant,Irrelevant,Irrelevant,Irrelevant,Irrelevant,Irrelevant,Irrelevant,Irrelevant,Irrelevant,Irrelevant,Irrelevant,Irrelevant,Irrelevant,Irrelevant,Irrelevant,Irrelevant,Irrelevant,Irrelevant,Irrelevant,Irrelevant,Irrelevant,Irrelevant,Irrelevant,Irrelevant,Irrelevant,Irrelevant,Irrelevant
7036,Low Relevance,Low Relevance,Low Relevance,Low Relevance,Low Relevance,Irrelevant,Irrelevant,Irrelevant,Irrelevant,Irrelevant,Irrelevant,Irrelevant,Irrelevant,Irrelevant,Irrelevant,Irrelevant,Irrelevant,Irrelevant,Irrelevant,Irrelevant,Irrelevant,Irrelevant,Irrelevant,Irrelevant,Irrelevant,Irrelevant,Irrelevant,Irrelevant,Irrelevant,Irrelevant
7037,Low Relevance,Low Relevance,Low Relevance,Low Relevance,Low Relevance,Irrelevant,Irrelevant,Irrelevant,Irrelevant,Irrelevant,Irrelevant,Irrelevant,Irrelevant,Irrelevant,Irrelevant,Irrelevant,Irrelevant,Irrelevant,Irrelevant,Irrelevant,Irrelevant,Irrelevant,Irrelevant,Irrelevant,Irrelevant,Irrelevant,Irrelevant,Irrelevant,Irrelevant,Irrelevant
7038,Low Relevance,Low Relevance,Low Relevance,Low Relevance,Low Relevance,Low Relevance,Low Relevance,Low Relevance,Irrelevant,Irrelevant,Irrelevant,Irrelevant,Irrelevant,Irrelevant,Irrelevant,Irrelevant,Irrelevant,Irrelevant,Irrelevant,Irrelevant,Irrelevant,Irrelevant,Irrelevant,Irrelevant,Irrelevant,Irrelevant,Irrelevant,Irrelevant,Irrelevant,Irrelevant
7039,Low Relevance,Low Relevance,Low Relevance,Low Relevance,Low Relevance,Low Relevance,Low Relevance,Low Relevance,Irrelevant,Irrelevant,Irrelevant,Irrelevant,Irrelevant,Irrelevant,Irrelevant,Irrelevant,Irrelevant,Irrelevant,Irrelevant,Irrelevant,Irrelevant,Irrelevant,Irrelevant,Irrelevant,Irrelevant,Irrelevant,Irrelevant,Irrelevant,Irrelevant,Irrelevant
7040,Low Relevance,Low Relevance,Low Relevance,Low Relevance,Low Relevance,Low Relevance,Low Relevance,Low Relevance,Low Relevance,Irrelevant,Irrelevant,Irrelevant,Irrelevant,Irrelevant,Irrelevant,Irrelevant,Irrelevant,Irrelevant,Irrelevant,Irrelevant,Irrelevant,Irrelevant,Irrelevant,Irrelevant,Irrelevant,Irrelevant,Irrelevant,Irrelevant,Irrelevant,Irrelevant
7041,Low Relevance,Low Relevance,Low Relevance,Low Relevance,Low Relevance,Low Relevance,Low Relevance,Low Relevance,Low Relevance,Irrelevant,Irrelevant,Irrelevant,Irrelevant,Irrelevant,Irrelevant,Irrelevant,Irrelevant,Irrelevant,Irrelevant,Irrelevant,Irrelevant,Irrelevant,Irrelevant,Irrelevant,Irrelevant,Irrelevant,Irrelevant,Irrelevant,Irrelevant,Irrelevant
7042,Irrelevant,Irrelevant,Irrelevant,Irrelevant,Irrelevant,Irrelevant,Irrelevant,Irrelevant,Irrelevant,Irrelevant,Irrelevant,Irrelevant,Irrelevant,Irrelevant,Irrelevant,Irrelevant,Irrelevant,Irrelevant,Irrelevant,Irrelevant,Irrelevant,Irrelevant,Irrelevant,Irrelevant,Irrelevant,Irrelevant,Irrelevant,Irrelevant,Irrelevant,Irrelevant
7043,Irrelevant,Irrelevant,Irrelevant,Irrelevant,Irrelevant,Irrelevant,Irrelevant,Irrelevant,Irrelevant,Irrelevant,Irrelevant,Irrelevant,Irrelevant,Irrelevant,Irrelevant,Irrelevant,Irrelevant,Irrelevant,Irrelevant,Irrelevant,Irrelevant,Irrelevant,Irrelevant,Irrelevant,Irrelevant,Irrelevant,Irrelevant,Irrelevant,Irrelevant,Irrelevant
7044,Low Relevance,Low Relevance,Low Relevance,Low Relevance,Low Relevance,Low Relevance,Low Relevance,Irrelevant,Irrelevant,Irrelevant,Irrelevant,Irrelevant,Irrelevant,Irrelevant,Irrelevant,Irrelevant,Irrelevant,Irrelevant,Irrelevant,Irrelevant,Irrelevant,Irrelevant,Irrelevant,Irrelevant,Irrelevant,Irrelevant,Irrelevant,Irrelevant,Irrelevant,Irrelevant
7045,Low Relevance,Low Relevance,Low Relevance,Low Relevance,Low Relevance,Low Relevance,Low Relevance,Irrelevant,Irrelevant,Irrelevant,Irrelevant,Irrelevant,Irrelevant,Irrelevant,Irrelevant,Irrelevant,Irrelevant,Irrelevant,Irrelevant,Irrelevant,Irrelevant,Irrelevant,Irrelevant,Irrelevant,Irrelevant,Irrelevant,Irrelevant,Irrelevant,Irrelevant,Irrelevant
7046,Irrelevant,Irrelevant,Irrelevant,Irrelevant,Irrelevant,Irrelevant,Irrelevant,Irrelevant,Irrelevant,Irrelevant,Irrelevant,Irrelevant,Irrelevant,Irrelevant,Irrelevant,Irrelevant,Irrelevant,Irrelevant,Irrelevant,Irrelevant,Irrelevant,Irrelevant,Irrelevant,Irrelevant,Irrelevant,Irrelevant,Irrelevant,Irrelevant,Irrelevant,Irrelevant
7047,Irrelevant,Irrelevant,Irrelevant,Irrelevant,Irrelevant,Irrelevant,Irrelevant,Irrelevant,Irrelevant,Irrelevant,Irrelevant,Irrelevant,Irrelevant,Irrelevant,Irrelevant,Irrelevant,Irrelevant,Irrelevant,Irrelevant,Irrelevant,Irrelevant,Irrelevant,Irrelevant,Irrelevant,Irrelevant,Irrelevant,Irrelevant,Irrelevant,Irrelevant,Irrelevant
7048,Low Relevance,Low Relevance,Low Relevance,Low Relevance,Low Relevance,Low Relevance,Irrelevant,Irrelevant,Irrelevant,Irrelevant,Irrelevant,Irrelevant,Irrelevant,Irrelevant,Irrelevant,Irrelevant,Irrelevant,Irrelevant,Irrelevant,Irrelevant,Irrelevant,Irrelevant,Irrelevant,Irrelevant,Irrelevant,Irrelevant,Irrelevant,Irrelevant,Irrelevant,Irrelevant
7049,Low Relevance,Low Relevance,Low Relevance,Low Relevance,Low Relevance,Low Relevance,Irrelevant,Irrelevant,Irrelevant,Irrelevant,Irrelevant,Irrelevant,Irrelevant,Irrelevant,Irrelevant,Irrelevant,Irrelevant,Irrelevant,Irrelevant,Irrelevant,Irrelevant,Irrelevant,Irrelevant,Irrelevant,Irrelevant,Irrelevant,Irrelevant,Irrelevant,Irrelevant,Irrelevant
7050,Low Relevance,Low Relevance,Low Relevance,Low Relevance,Irrelevant,Low Relevance,Irrelevant,Irrelevant,Irrelevant,Irrelevant,Irrelevant,Irrelevant,Irrelevant,Irrelevant,Irrelevant,Irrelevant,Irrelevant,Irrelevant,Irrelevant,Irrelevant,Irrelevant,Irrelevant,Irrelevant,Irrelevant,Irrelevant,Irrelevant,Irrelevant,Irrelevant,Irrelevant,Irrelevant
7051,Low Relevance,Low Relevance,Low Relevance,Low Relevance,Irrelevant,Low Relevance,Irrelevant,Irrelevant,Irrelevant,Irrelevant,Irrelevant,Irrelevant,Irrelevant,Irrelevant,Irrelevant,Irrelevant,Irrelevant,Irrelevant,Irrelevant,Irrelevant,Irrelevant,Irrelevant,Irrelevant,Irrelevant,Irrelevant,Irrelevant,Irrelevant,Irrelevant,Irrelevant,Irrelevant
7052,Irrelevant,Low Relevance,Low Relevance,Low Relevance,Low Relevance,Low Relevance,Irrelevant,Irrelevant,Irrelevant,Irrelevant,Irrelevant,Irrelevant,Irrelevant,Irrelevant,Irrelevant,Irrelevant,Irrelevant,Irrelevant,Irrelevant,Irrelevant,Irrelevant,Irrelevant,Irrelevant,Irrelevant,Irrelevant,Irrelevant,Irrelevant,Irrelevant,Irrelevant,Irrelevant
7053,Irrelevant,Low Relevance,Low Relevance,Low Relevance,Low Relevance,Low Relevance,Irrelevant,Irrelevant,Irrelevant,Irrelevant,Irrelevant,Irrelevant,Irrelevant,Irrelevant,Irrelevant,Irrelevant,Irrelevant,Irrelevant,Irrelevant,Irrelevant,Irrelevant,Irrelevant,Irrelevant,Irrelevant,Irrelevant,Irrelevant,Irrelevant,Irrelevant,Irrelevant,Irrelevant
7054,Irrelevant,Irrelevant,Irrelevant,Irrelevant,Irrelevant,Irrelevant,Irrelevant,Irrelevant,Irrelevant,Irrelevant,Irrelevant,Irrelevant,Irrelevant,Irrelevant,Irrelevant,Irrelevant,Irrelevant,Irrelevant,Irrelevant,Irrelevant,Irrelevant,Irrelevant,Irrelevant,Irrelevant,Irrelevant,Irrelevant,Irrelevant,Irrelevant,Irrelevant,Irrelevant
7055,Low Relevance,Low Relevance,Low Relevance,Low Relevance,Low Relevance,Irrelevant,Irrelevant,Irrelevant,Irrelevant,Irrelevant,Irrelevant,Irrelevant,Irrelevant,Irrelevant,Irrelevant,Irrelevant,Irrelevant,Irrelevant,Irrelevant,Irrelevant,Irrelevant,Irrelevant,Irrelevant,Irrelevant,Irrelevant,Irrelevant,Irrelevant,Irrelevant,Irrelevant,Irrelevant
7056,Irrelevant,Irrelevant,Irrelevant,Irrelevant,Irrelevant,Irrelevant,Irrelevant,Irrelevant,Irrelevant,Irrelevant,Irrelevant,Irrelevant,Irrelevant,Irrelevant,Irrelevant,Irrelevant,Irrelevant,Irrelevant,Irrelevant,Irrelevant,Irrelevant,Irrelevant,Irrelevant,Irrelevant,Irrelevant,Irrelevant,Irrelevant,Irrelevant,Irrelevant,Irrelevant
7057,Irrelevant,Irrelevant,Irrelevant,Irrelevant,Irrelevant,Irrelevant,Irrelevant,Irrelevant,Irrelevant,Irrelevant,Irrelevant,Irrelevant,Irrelevant,Irrelevant,Irrelevant,Irrelevant,Irrelevant,Irrelevant,Irrelevant,Irrelevant,Irrelevant,Irrelevant,Irrelevant,Irrelevant,Irrelevant,Irrelevant,Irrelevant,Irrelevant,Irrelevant,Irrelevant
7058,Irrelevant,Irrelevant,Irrelevant,Irrelevant,Irrelevant,Irrelevant,Irrelevant,Irrelevant,Irrelevant,Irrelevant,Irrelevant,Irrelevant,Irrelevant,Irrelevant,Irrelevant,Irrelevant,Irrelevant,Irrelevant,Irrelevant,Irrelevant,Irrelevant,Irrelevant,Irrelevant,Irrelevant,Irrelevant,Irrelevant,Irrelevant,Irrelevant,Irrelevant,Irrelevant
7059,Irrelevant,Irrelevant,Irrelevant,Irrelevant,Irrelevant,Irrelevant,Irrelevant,Irrelevant,Irrelevant,Irrelevant,Irrelevant,Irrelevant,Irrelevant,Irrelevant,Irrelevant,Irrelevant,Irrelevant,Irrelevant,Irrelevant,Irrelevant,Irrelevant,Irrelevant,Irrelevant,Irrelevant,Irrelevant,Irrelevant,Irrelevant,Irrelevant,Irrelevant,Irrelevant
7060,Low Relevance,Low Relevance,Low Relevance,Low Relevance,Low Relevance,Low Relevance,Low Relevance,Irrelevant,Irrelevant,Irrelevant,Irrelevant,Irrelevant,Irrelevant,Irrelevant,Irrelevant,Irrelevant,Irrelevant,Irrelevant,Irrelevant,Irrelevant,Irrelevant,Irrelevant,Irrelevant,Irrelevant,Irrelevant,Irrelevant,Irrelevant,Irrelevant,Irrelevant,Irrelevant
7061,Low Relevance,Low Relevance,Low Relevance,Low Relevance,Low Relevance,Low Relevance,Low Relevance,Irrelevant,Irrelevant,Irrelevant,Irrelevant,Irrelevant,Irrelevant,Irrelevant,Irrelevant,Irrelevant,Irrelevant,Irrelevant,Irrelevant,Irrelevant,Irrelevant,Irrelevant,Irrelevant,Irrelevant,Irrelevant,Irrelevant,Irrelevant,Irrelevant,Irrelevant,Irrelevant
7062,Low Relevance,Low Relevance,Low Relevance,Low Relevance,Low Relevance,Low Relevance,Irrelevant,Irrelevant,Irrelevant,Irrelevant,Irrelevant,Irrelevant,Irrelevant,Irrelevant,Irrelevant,Irrelevant,Irrelevant,Irrelevant,Irrelevant,Irrelevant,Irrelevant,Irrelevant,Irrelevant,Irrelevant,Irrelevant,Irrelevant,Irrelevant,Irrelevant,Irrelevant,Irrelevant
7063,Low Relevance,Low Relevance,Low Relevance,Low Relevance,Low Relevance,Low Relevance,Irrelevant,Irrelevant,Irrelevant,Irrelevant,Irrelevant,Irrelevant,Irrelevant,Irrelevant,Irrelevant,Irrelevant,Irrelevant,Irrelevant,Irrelevant,Irrelevant,Irrelevant,Irrelevant,Irrelevant,Irrelevant,Irrelevant,Irrelevant,Irrelevant,Irrelevant,Irrelevant,Irrelevant
7064,Irrelevant,Irrelevant,Irrelevant,Irrelevant,Irrelevant,Irrelevant,Irrelevant,Irrelevant,Irrelevant,Irrelevant,Irrelevant,Irrelevant,Irrelevant,Irrelevant,Irrelevant,Irrelevant,Irrelevant,Irrelevant,Irrelevant,Irrelevant,Irrelevant,Irrelevant,Irrelevant,Irrelevant,Irrelevant,Irrelevant,Irrelevant,Irrelevant,Irrelevant,Irrelevant
7065,Irrelevant,Irrelevant,Irrelevant,Irrelevant,Irrelevant,Irrelevant,Irrelevant,Irrelevant,Irrelevant,Irrelevant,Irrelevant,Irrelevant,Irrelevant,Irrelevant,Irrelevant,Irrelevant,Irrelevant,Irrelevant,Irrelevant,Irrelevant,Irrelevant,Irrelevant,Irrelevant,Irrelevant,Irrelevant,Irrelevant,Irrelevant,Irrelevant,Irrelevant,Irrelevant
7066,Low Relevance,Low Relevance,Low Relevance,Low Relevance,Low Relevance,Low Relevance,Irrelevant,Irrelevant,Irrelevant,Irrelevant,Irrelevant,Irrelevant,Irrelevant,Irrelevant,Irrelevant,Irrelevant,Irrelevant,Irrelevant,Irrelevant,Irrelevant,Irrelevant,Irrelevant,Irrelevant,Irrelevant,Irrelevant,Irrelevant,Irrelevant,Irrelevant,Irrelevant,Irrelevant
7067,Low Relevance,Low Relevance,Low Relevance,Low Relevance,Low Relevance,Low Relevance,Irrelevant,Irrelevant,Irrelevant,Irrelevant,Irrelevant,Irrelevant,Irrelevant,Irrelevant,Irrelevant,Irrelevant,Irrelevant,Irrelevant,Irrelevant,Irrelevant,Irrelevant,Irrelevant,Irrelevant,Irrelevant,Irrelevant,Irrelevant,Irrelevant,Irrelevant,Irrelevant,Irrelevant
7068,Irrelevant,Irrelevant,Irrelevant,Irrelevant,Irrelevant,Irrelevant,Irrelevant,Irrelevant,Irrelevant,Irrelevant,Irrelevant,Irrelevant,Irrelevant,Irrelevant,Irrelevant,Irrelevant,Irrelevant,Irrelevant,Irrelevant,Irrelevant,Irrelevant,Irrelevant,Irrelevant,Irrelevant,Irrelevant,Irrelevant,Irrelevant,Irrelevant,Irrelevant,Irrelevant
7069,Low Relevance,Low Relevance,Low Relevance,Low Relevance,Low Relevance,Low Relevance,Low Relevance,Irrelevant,Irrelevant,Irrelevant,Irrelevant,Irrelevant,Irrelevant,Irrelevant,Irrelevant,Irrelevant,Irrelevant,Irrelevant,Irrelevant,Irrelevant,Irrelevant,Irrelevant,Irrelevant,Irrelevant,Irrelevant,Irrelevant,Irrelevant,Irrelevant,Irrelevant,Irrelevant
7070,Low Relevance,Low Relevance,Low Relevance,Low Relevance,Low Relevance,Low Relevance,Low Relevance,Irrelevant,Irrelevant,Irrelevant,Irrelevant,Irrelevant,Irrelevant,Irrelevant,Irrelevant,Irrelevant,Irrelevant,Irrelevant,Irrelevant,Irrelevant,Irrelevant,Irrelevant,Irrelevant,Irrelevant,Irrelevant,Irrelevant,Irrelevant,Irrelevant,Irrelevant,Irrelevant
7071,Low Relevance,Low Relevance,Low Relevance,Low Relevance,Low Relevance,Low Relevance,Low Relevance,Irrelevant,Irrelevant,Irrelevant,Irrelevant,Irrelevant,Irrelevant,Irrelevant,Irrelevant,Irrelevant,Irrelevant,Irrelevant,Irrelevant,Irrelevant,Irrelevant,Irrelevant,Irrelevant,Irrelevant,Irrelevant,Irrelevant,Irrelevant,Irrelevant,Irrelevant,Irrelevant
7072,Low Relevance,Low Relevance,Low Relevance,Low Relevance,Low Relevance,Low Relevance,Irrelevant,Irrelevant,Irrelevant,Irrelevant,Irrelevant,Irrelevant,Irrelevant,Irrelevant,Irrelevant,Irrelevant,Irrelevant,Irrelevant,Irrelevant,Irrelevant,Irrelevant,Irrelevant,Irrelevant,Irrelevant,Irrelevant,Irrelevant,Irrelevant,Irrelevant,Irrelevant,Irrelevant
7073,Low Relevance,Low Relevance,Low Relevance,Low Relevance,Low Relevance,Low Relevance,Irrelevant,Irrelevant,Irrelevant,Irrelevant,Irrelevant,Irrelevant,Irrelevant,Irrelevant,Irrelevant,Irrelevant,Irrelevant,Irrelevant,Irrelevant,Irrelevant,Irrelevant,Irrelevant,Irrelevant,Irrelevant,Irrelevant,Irrelevant,Irrelevant,Irrelevant,Irrelevant,Irrelevant
7074,Irrelevant,Irrelevant,Irrelevant,Irrelevant,Irrelevant,Irrelevant,Irrelevant,Irrelevant,Irrelevant,Irrelevant,Irrelevant,Irrelevant,Irrelevant,Irrelevant,Irrelevant,Irrelevant,Irrelevant,Irrelevant,Irrelevant,Irrelevant,Irrelevant,Irrelevant,Irrelevant,Irrelevant,Irrelevant,Irrelevant,Irrelevant,Irrelevant,Irrelevant,Irrelevant
7075,Irrelevant,Irrelevant,Irrelevant,Irrelevant,Irrelevant,Irrelevant,Irrelevant,Irrelevant,Irrelevant,Irrelevant,Irrelevant,Irrelevant,Irrelevant,Irrelevant,Irrelevant,Irrelevant,Irrelevant,Irrelevant,Irrelevant,Irrelevant,Irrelevant,Irrelevant,Irrelevant,Irrelevant,Irrelevant,Irrelevant,Irrelevant,Irrelevant,Irrelevant,Irrelevant
7076,Irrelevant,Irrelevant,Irrelevant,Irrelevant,Irrelevant,Irrelevant,Irrelevant,Irrelevant,Irrelevant,Irrelevant,Irrelevant,Irrelevant,Irrelevant,Irrelevant,Irrelevant,Irrelevant,Irrelevant,Irrelevant,Irrelevant,Irrelevant,Irrelevant,Irrelevant,Irrelevant,Irrelevant,Irrelevant,Irrelevant,Irrelevant,Irrelevant,Irrelevant,Irrelevant
7077,Irrelevant,Irrelevant,Irrelevant,Irrelevant,Irrelevant,Irrelevant,Irrelevant,Irrelevant,Irrelevant,Irrelevant,Irrelevant,Irrelevant,Irrelevant,Irrelevant,Irrelevant,Irrelevant,Irrelevant,Irrelevant,Irrelevant,Irrelevant,Irrelevant,Irrelevant,Irrelevant,Irrelevant,Irrelevant,Irrelevant,Irrelevant,Irrelevant,Irrelevant,Irrelevant
7078,Irrelevant,Irrelevant,Irrelevant,Irrelevant,Irrelevant,Irrelevant,Irrelevant,Irrelevant,Irrelevant,Irrelevant,Irrelevant,Irrelevant,Irrelevant,Irrelevant,Irrelevant,Irrelevant,Irrelevant,Irrelevant,Irrelevant,Irrelevant,Irrelevant,Irrelevant,Irrelevant,Irrelevant,Irrelevant,Irrelevant,Irrelevant,Irrelevant,Irrelevant,Irrelevant
7079,Irrelevant,Irrelevant,Irrelevant,Irrelevant,Irrelevant,Irrelevant,Irrelevant,Irrelevant,Irrelevant,Irrelevant,Irrelevant,Irrelevant,Irrelevant,Irrelevant,Irrelevant,Irrelevant,Irrelevant,Irrelevant,Irrelevant,Irrelevant,Irrelevant,Irrelevant,Irrelevant,Irrelevant,Irrelevant,Irrelevant,Irrelevant,Irrelevant,Irrelevant,Irrelevant
7080,Irrelevant,Irrelevant,Irrelevant,Irrelevant,Irrelevant,Irrelevant,Irrelevant,Irrelevant,Irrelevant,Irrelevant,Irrelevant,Irrelevant,Irrelevant,Irrelevant,Irrelevant,Irrelevant,Irrelevant,Irrelevant,Irrelevant,Irrelevant,Irrelevant,Irrelevant,Irrelevant,Irrelevant,Irrelevant,Irrelevant,Irrelevant,Irrelevant,Irrelevant,Irrelevant
7081,Irrelevant,Irrelevant,Irrelevant,Irrelevant,Irrelevant,Irrelevant,Irrelevant,Irrelevant,Irrelevant,Irrelevant,Irrelevant,Irrelevant,Irrelevant,Irrelevant,Irrelevant,Irrelevant,Irrelevant,Irrelevant,Irrelevant,Irrelevant,Irrelevant,Irrelevant,Irrelevant,Irrelevant,Irrelevant,Irrelevant,Irrelevant,Irrelevant,Irrelevant,Irrelevant
7082,Low Relevance,Low Relevance,Low Relevance,Low Relevance,Low Relevance,Irrelevant,Irrelevant,Irrelevant,Irrelevant,Irrelevant,Irrelevant,Irrelevant,Irrelevant,Irrelevant,Irrelevant,Irrelevant,Irrelevant,Irrelevant,Irrelevant,Irrelevant,Irrelevant,Irrelevant,Irrelevant,Irrelevant,Irrelevant,Irrelevant,Irrelevant,Irrelevant,Irrelevant,Irrelevant
7083,Low Relevance,Low Relevance,Low Relevance,Low Relevance,Low Relevance,Irrelevant,Irrelevant,Irrelevant,Irrelevant,Irrelevant,Irrelevant,Irrelevant,Irrelevant,Irrelevant,Irrelevant,Irrelevant,Irrelevant,Irrelevant,Irrelevant,Irrelevant,Irrelevant,Irrelevant,Irrelevant,Irrelevant,Irrelevant,Irrelevant,Irrelevant,Irrelevant,Irrelevant,Irrelevant
7084,Irrelevant,Irrelevant,Irrelevant,Irrelevant,Irrelevant,Irrelevant,Irrelevant,Irrelevant,Irrelevant,Irrelevant,Irrelevant,Irrelevant,Irrelevant,Irrelevant,Irrelevant,Irrelevant,Irrelevant,Irrelevant,Irrelevant,Irrelevant,Irrelevant,Irrelevant,Irrelevant,Irrelevant,Irrelevant,Irrelevant,Irrelevant,Irrelevant,Irrelevant,Irrelevant
7085,Low Relevance,Low Relevance,Low Relevance,Low Relevance,Low Relevance,Irrelevant,Irrelevant,Irrelevant,Irrelevant,Irrelevant,Irrelevant,Irrelevant,Irrelevant,Irrelevant,Irrelevant,Irrelevant,Irrelevant,Irrelevant,Irrelevant,Irrelevant,Irrelevant,Irrelevant,Irrelevant,Irrelevant,Irrelevant,Irrelevant,Irrelevant,Irrelevant,Irrelevant,Irrelevant
7086,Low Relevance,Irrelevant,Irrelevant,Irrelevant,Irrelevant,Irrelevant,Irrelevant,Irrelevant,Irrelevant,Irrelevant,Irrelevant,Irrelevant,Irrelevant,Irrelevant,Irrelevant,Irrelevant,Irrelevant,Irrelevant,Irrelevant,Irrelevant,Irrelevant,Irrelevant,Irrelevant,Irrelevant,Irrelevant,Irrelevant,Irrelevant,Irrelevant,Irrelevant,Irrelevant
7087,Low Relevance,Irrelevant,Irrelevant,Irrelevant,Irrelevant,Irrelevant,Irrelevant,Irrelevant,Irrelevant,Irrelevant,Irrelevant,Irrelevant,Irrelevant,Irrelevant,Irrelevant,Irrelevant,Irrelevant,Irrelevant,Irrelevant,Irrelevant,Irrelevant,Irrelevant,Irrelevant,Irrelevant,Irrelevant,Irrelevant,Irrelevant,Irrelevant,Irrelevant,Irrelevant
7088,Low Relevance,Low Relevance,Low Relevance,Low Relevance,Low Relevance,Irrelevant,Irrelevant,Irrelevant,Irrelevant,Irrelevant,Irrelevant,Irrelevant,Irrelevant,Irrelevant,Irrelevant,Irrelevant,Irrelevant,Irrelevant,Irrelevant,Irrelevant,Irrelevant,Irrelevant,Irrelevant,Irrelevant,Irrelevant,Irrelevant,Irrelevant,Irrelevant,Irrelevant,Irrelevant
7089,Low Relevance,Low Relevance,Low Relevance,Low Relevance,Low Relevance,Irrelevant,Irrelevant,Irrelevant,Irrelevant,Irrelevant,Irrelevant,Irrelevant,Irrelevant,Irrelevant,Irrelevant,Irrelevant,Irrelevant,Irrelevant,Irrelevant,Irrelevant,Irrelevant,Irrelevant,Irrelevant,Irrelevant,Irrelevant,Irrelevant,Irrelevant,Irrelevant,Irrelevant,Irrelevant
7090,Low Relevance,Low Relevance,Low Relevance,Low Relevance,Irrelevant,Irrelevant,Irrelevant,Irrelevant,Irrelevant,Irrelevant,Irrelevant,Irrelevant,Irrelevant,Irrelevant,Irrelevant,Irrelevant,Irrelevant,Irrelevant,Irrelevant,Irrelevant,Irrelevant,Irrelevant,Irrelevant,Irrelevant,Irrelevant,Irrelevant,Irrelevant,Irrelevant,Irrelevant,Irrelevant
7091,Low Relevance,Low Relevance,Low Relevance,Low Relevance,Irrelevant,Irrelevant,Irrelevant,Irrelevant,Irrelevant,Irrelevant,Irrelevant,Irrelevant,Irrelevant,Irrelevant,Irrelevant,Irrelevant,Irrelevant,Irrelevant,Irrelevant,Irrelevant,Irrelevant,Irrelevant,Irrelevant,Irrelevant,Irrelevant,Irrelevant,Irrelevant,Irrelevant,Irrelevant,Irrelevant
7092,Irrelevant,Irrelevant,Irrelevant,Irrelevant,Irrelevant,Irrelevant,Irrelevant,Irrelevant,Irrelevant,Irrelevant,Irrelevant,Irrelevant,Irrelevant,Irrelevant,Irrelevant,Irrelevant,Irrelevant,Irrelevant,Irrelevant,Irrelevant,Irrelevant,Irrelevant,Irrelevant,Irrelevant,Irrelevant,Irrelevant,Irrelevant,Irrelevant,Irrelevant,Irrelevant
7093,Low Relevance,Irrelevant,Irrelevant,Irrelevant,Irrelevant,Irrelevant,Irrelevant,Irrelevant,Irrelevant,Irrelevant,Irrelevant,Irrelevant,Irrelevant,Irrelevant,Irrelevant,Irrelevant,Irrelevant,Irrelevant,Irrelevant,Irrelevant,Irrelevant,Irrelevant,Irrelevant,Irrelevant,Irrelevant,Irrelevant,Irrelevant,Irrelevant,Irrelevant,Irrelevant
7094,Low Relevance,Low Relevance,Low Relevance,Low Relevance,Low Relevance,Low Relevance,Irrelevant,Irrelevant,Irrelevant,Irrelevant,Irrelevant,Irrelevant,Irrelevant,Irrelevant,Irrelevant,Irrelevant,Irrelevant,Irrelevant,Irrelevant,Irrelevant,Irrelevant,Irrelevant,Irrelevant,Irrelevant,Irrelevant,Irrelevant,Irrelevant,Irrelevant,Irrelevant,Irrelevant
7095,Low Relevance,Low Relevance,Low Relevance,Low Relevance,Low Relevance,Low Relevance,Irrelevant,Irrelevant,Irrelevant,Irrelevant,Irrelevant,Irrelevant,Irrelevant,Irrelevant,Irrelevant,Irrelevant,Irrelevant,Irrelevant,Irrelevant,Irrelevant,Irrelevant,Irrelevant,Irrelevant,Irrelevant,Irrelevant,Irrelevant,Irrelevant,Irrelevant,Irrelevant,Irrelevant
7096,Irrelevant,Irrelevant,Irrelevant,Irrelevant,Irrelevant,Irrelevant,Irrelevant,Irrelevant,Irrelevant,Irrelevant,Irrelevant,Irrelevant,Irrelevant,Irrelevant,Irrelevant,Irrelevant,Irrelevant,Irrelevant,Irrelevant,Irrelevant,Irrelevant,Irrelevant,Irrelevant,Irrelevant,Irrelevant,Irrelevant,Irrelevant,Irrelevant,Irrelevant,Irrelevant
7097,Irrelevant,Irrelevant,Irrelevant,Irrelevant,Irrelevant,Irrelevant,Irrelevant,Irrelevant,Irrelevant,Irrelevant,Irrelevant,Irrelevant,Irrelevant,Irrelevant,Irrelevant,Irrelevant,Irrelevant,Irrelevant,Irrelevant,Irrelevant,Irrelevant,Irrelevant,Irrelevant,Irrelevant,Irrelevant,Irrelevant,Irrelevant,Irrelevant,Irrelevant,Irrelevant
7098,Low Relevance,Low Relevance,Low Relevance,Low Relevance,Low Relevance,Irrelevant,Irrelevant,Irrelevant,Irrelevant,Irrelevant,Irrelevant,Irrelevant,Irrelevant,Irrelevant,Irrelevant,Irrelevant,Irrelevant,Irrelevant,Irrelevant,Irrelevant,Irrelevant,Irrelevant,Irrelevant,Irrelevant,Irrelevant,Irrelevant,Irrelevant,Irrelevant,Irrelevant,Irrelevant
7099,Low Relevance,Low Relevance,Low Relevance,Low Relevance,Low Relevance,Irrelevant,Irrelevant,Irrelevant,Irrelevant,Irrelevant,Irrelevant,Irrelevant,Irrelevant,Irrelevant,Irrelevant,Irrelevant,Irrelevant,Irrelevant,Irrelevant,Irrelevant,Irrelevant,Irrelevant,Irrelevant,Irrelevant,Irrelevant,Irrelevant,Irrelevant,Irrelevant,Irrelevant,Irrelevant
