Origin,QA_ID,data_source,sentence_num,Score_raw,score_normalized,rank,trainee_High_K,is_selected_topK
ID0002,Merge Q229,jama,1,-5.85879641673348,0.0,11,5,False
ID0002,Merge Q229,jama,2,0.0,0.42661462960958957,7,5,False
ID0002,Merge Q229,jama,3,1.45335451478613,0.5324422184034323,6,5,False
ID0002,Merge Q229,jama,4,2.44793227314949,0.6048634789869646,2,5,True
ID0002,Merge Q229,jama,5,-0.258240512776037,0.4078105659637728,9,5,False
ID0002,Merge Q229,jama,6,7.87443261503947,1.0,1,5,True
ID0002,Merge Q229,jama,7,2.10483272952598,0.579880312768028,3,5,True
ID0002,Merge Q229,jama,8,1.68046375631765,0.5489794246938162,5,5,True
ID0002,Merge Q229,jama,9,1.72350634269735,0.5521136174084442,4,5,True
ID0002,Merge Q229,jama,10,-0.16923780078673,0.4142913951834262,8,5,False
ID0002,Merge Q229,jama,11,-3.4305778277227,0.1768133760379949,10,5,False
ID0003,Merge Q2235,medxpert,1,2.76305192411936,0.5814314788298899,3,6,True
ID0003,Merge Q2235,medxpert,2,1.04249663382202,0.2181176571080986,4,6,True
ID0003,Merge Q2235,medxpert,3,0.00955082662403584,0.0,7,6,False
ID0003,Merge Q2235,medxpert,4,0.4301260189455,0.08880899166994051,6,6,True
ID0003,Merge Q2235,medxpert,5,1.041434494575,0.21789337494104957,5,6,True
ID0003,Merge Q2235,medxpert,6,3.84185480485669,0.8092323520104449,2,6,True
ID0003,Merge Q2235,medxpert,7,4.74527841921439,1.0,1,6,True
ID0010,Merge Q3192,medxpert,1,0.0,0.0,3,4,True
ID0010,Merge Q3192,medxpert,2,0.0,0.0,4,4,True
ID0010,Merge Q3192,medxpert,3,0.0,0.0,5,4,False
ID0010,Merge Q3192,medxpert,4,0.319139747242,1.0,1,4,True
ID0010,Merge Q3192,medxpert,5,0.0,0.0,6,4,False
ID0010,Merge Q3192,medxpert,6,0.0,0.0,7,4,False
ID0010,Merge Q3192,medxpert,7,0.0883330736485139,0.2767849332835748,2,4,True
ID0013,Merge Q3811,mmlu,1,5.42919605003233,0.8096532718218802,2,6,True
ID0013,Merge Q3811,mmlu,2,2.34064249518456,0.44703402184845276,4,6,True
ID0013,Merge Q3811,mmlu,3,7.05044496059418,1.0,1,6,True
ID0013,Merge Q3811,mmlu,4,2.34460511748789,0.447499263296284,3,6,True
ID0013,Merge Q3811,mmlu,5,-1.4669008644664,0.0,7,6,False
ID0013,Merge Q3811,mmlu,6,1.19995862554494,0.3131092179167647,5,6,True
ID0013,Merge Q3811,mmlu,7,0.374499400932784,0.21619414113505092,6,6,True
ID0016,Merge Q644,jama,1,0.555534153276372,0.4431555614597394,5,6,True
ID0016,Merge Q644,jama,2,0.804718767165009,0.47697947389275813,4,6,True
ID0016,Merge Q644,jama,3,4.65787053108215,1.0,1,6,True
ID0016,Merge Q644,jama,4,-0.835059814684104,0.25439860785746093,6,6,True
ID0016,Merge Q644,jama,5,2.17804552801422,0.663392605008648,2,6,True
ID0016,Merge Q644,jama,6,-2.70924332312073,0.0,7,6,False
ID0016,Merge Q644,jama,7,1.02234638669242,0.5065198914612006,3,6,True
ID0018,Merge Q319,jama,1,-0.0568600411702937,0.1345091010925502,9,6,False
ID0018,Merge Q319,jama,2,-0.356713326690472,0.08691819182323994,10,6,False
ID0018,Merge Q319,jama,3,-0.413253877311945,0.0779444158314398,11,6,False
ID0018,Merge Q319,jama,4,0.144577609175218,0.16648007291093694,7,6,False
ID0018,Merge Q319,jama,5,0.632221039647452,0.24387590405922563,3,6,True
ID0018,Merge Q319,jama,6,-0.904353743522737,0.0,12,6,False
ID0018,Merge Q319,jama,7,1.84903953102711,0.4370020134497174,2,6,True
ID0018,Merge Q319,jama,8,0.455290615490456,0.2157945717222166,4,6,True
ID0018,Merge Q319,jama,9,0.259992797223894,0.18479807710821067,5,6,True
ID0018,Merge Q319,jama,10,0.240934813877738,0.18177330866283736,6,6,True
ID0018,Merge Q319,jama,11,5.39628833547917,1.0,1,6,True
ID0018,Merge Q319,jama,12,0.0,0.1435335847018939,8,6,False
ID0021,Merge Q1000,jama,1,-0.397765873757496,0.0942811792498077,9,6,False
ID0021,Merge Q1000,jama,2,0.246101746123544,0.2015250171766093,4,6,True
ID0021,Merge Q1000,jama,3,-0.320121478289366,0.10721378015470659,8,6,False
ID0021,Merge Q1000,jama,4,-0.137622032745497,0.1376112413024716,7,6,False
ID0021,Merge Q1000,jama,5,-0.963808638140703,0.0,11,6,False
ID0021,Merge Q1000,jama,6,0.532328580461571,0.24919951311992175,3,6,True
ID0021,Merge Q1000,jama,7,0.20383251939843,0.19448457289858073,5,6,True
ID0021,Merge Q1000,jama,8,-0.448189350857727,0.0858825472346707,10,6,False
ID0021,Merge Q1000,jama,9,4.20888329753789,0.8615735882131818,2,6,True
ID0021,Merge Q1000,jama,10,5.0399640011834,1.0,1,6,True
ID0021,Merge Q1000,jama,11,0.0,0.160533833647839,6,6,True
ID0024,Merge Q4048,mmlu,1,-0.321088928907944,0.0,4,2,False
ID0024,Merge Q4048,mmlu,2,-0.0298001865587352,0.9071902396009459,2,2,True
ID0024,Merge Q4048,mmlu,3,0.0,1.0,1,2,True
ID0024,Merge Q4048,mmlu,4,-0.209901519007875,0.34628229094733554,3,2,False
ID0025,Merge Q3272,medxpert,1,0.0,0.16033053023769592,3,3,True
ID0025,Merge Q3272,medxpert,2,-0.0750722661634484,0.11160338071118245,4,3,False
ID0025,Merge Q3272,medxpert,3,0.455956991761923,0.4562784967859585,2,3,True
ID0025,Merge Q3272,medxpert,4,-0.247015808580838,0.0,5,3,False
ID0025,Merge Q3272,medxpert,5,1.29365026552637,1.0,1,3,True
ID0027,Merge Q3993,mmlu,1,17.4029748435541,1.0,1,3,True
ID0027,Merge Q3993,mmlu,2,1.03811029091972,0.12462785794277202,5,3,False
ID0027,Merge Q3993,mmlu,3,0.52145667001605,0.09699156523912944,6,3,False
ID0027,Merge Q3993,mmlu,4,0.488782569921927,0.0952437966036365,7,3,False
ID0027,Merge Q3993,mmlu,5,1.65013713096504,0.15736575468758462,4,3,False
ID0027,Merge Q3993,mmlu,6,3.09845139333467,0.23483745964089248,3,3,True
ID0027,Merge Q3993,mmlu,7,4.95932316414864,0.334377257411417,2,3,True
ID0027,Merge Q3993,mmlu,8,-1.29177652718865,0.0,8,3,False
ID0028,Merge Q1318,medbullets,1,5.135536348215074,1.0,1,3,True
ID0028,Merge Q1318,medbullets,2,1.8481784533897117,0.3598803178624315,2,3,True
ID0028,Merge Q1318,medbullets,3,0.6425309479236603,0.12511467242306262,4,3,False
ID0028,Merge Q1318,medbullets,4,1.0710491467970382,0.20855643387068928,3,3,True
ID0028,Merge Q1318,medbullets,5,0.5604151434793319,0.10912494927119187,5,3,False
ID0028,Merge Q1318,medbullets,6,0.0,0.0,6,3,False
ID0029,Merge Q1214,medbullets,1,8.17512363022652,0.8175655615786066,2,2,True
ID0029,Merge Q1214,medbullets,2,0.0,0.06994650947478175,3,2,False
ID0029,Merge Q1214,medbullets,3,-0.1922623515129089,0.05236402344828596,7,2,False
ID0029,Merge Q1214,medbullets,4,-0.7210024324991438,0.004010484586235089,11,2,False
ID0029,Merge Q1214,medbullets,5,-0.5969669243796285,0.01535359243412935,10,2,False
ID0029,Merge Q1214,medbullets,6,-0.764856594879474,0.0,12,2,False
ID0029,Merge Q1214,medbullets,7,-0.0,0.06994650947478175,4,2,False
ID0029,Merge Q1214,medbullets,8,-0.225082240760898,0.049362628533717035,8,2,False
ID0029,Merge Q1214,medbullets,9,-0.0,0.06994650947478175,5,2,False
ID0029,Merge Q1214,medbullets,10,0.0,0.06994650947478175,6,2,False
ID0029,Merge Q1214,medbullets,11,-0.2959034092427543,0.04288599805763167,9,2,False
ID0029,Merge Q1214,medbullets,12,10.17002208059228,1.0,1,2,True
ID0032,Merge Q1199,medbullets,1,4.99116835823086,0.39148351570974343,2,5,True
ID0032,Merge Q1199,medbullets,2,0.5351387722944803,0.07395697913251521,5,5,True
ID0032,Merge Q1199,medbullets,3,2.683293968439102,0.22702963412900218,3,5,True
ID0032,Merge Q1199,medbullets,4,-0.5027413704280593,0.0,7,5,False
ID0032,Merge Q1199,medbullets,5,0.0,0.035824206968896495,6,5,False
ID0032,Merge Q1199,medbullets,6,13.530824560690874,1.0,1,5,True
ID0032,Merge Q1199,medbullets,7,2.324458114746781,0.20145980708336045,4,5,True
ID0034,Merge Q1218,medbullets,1,0.7531202625135751,0.6317223584034702,7,7,True
ID0034,Merge Q1218,medbullets,2,1.1077104790875594,0.7803972247205939,5,7,True
ID0034,Merge Q1218,medbullets,3,0.0664848536252975,0.34382544852420877,8,7,False
ID0034,Merge Q1218,medbullets,4,1.631464073595443,1.0,1,7,True
ID0034,Merge Q1218,medbullets,5,1.4877839497965095,0.9397568737100868,3,7,True
ID0034,Merge Q1218,medbullets,6,-0.1404407145040656,0.2570643656142719,10,7,False
ID0034,Merge Q1218,medbullets,7,1.2789197891194473,0.8521829652499773,4,7,True
ID0034,Merge Q1218,medbullets,8,0.0,0.3159492515429188,9,7,False
ID0034,Merge Q1218,medbullets,9,1.048084332798612,0.7553967906585197,6,7,True
ID0034,Merge Q1218,medbullets,10,1.6209766028608623,0.9956027458271871,2,7,True
ID0034,Merge Q1218,medbullets,11,-0.7535403683634487,0.0,11,7,False
ID0039,Merge Q3915,mmlu,1,4.98874245646972,1.0,1,2,True
ID0039,Merge Q3915,mmlu,2,4.43292066905981,0.9350506501405068,2,2,True
ID0039,Merge Q3915,mmlu,3,-3.56903046369553,0.0,4,2,False
ID0039,Merge Q3915,mmlu,4,2.7344742480126,0.736582376105676,3,2,False
ID0041,Merge Q715,jama,1,0.828850931247506,0.5192610854502115,3,7,True
ID0041,Merge Q715,jama,2,0.261310032632482,0.3055326512784009,5,7,True
ID0041,Merge Q715,jama,3,0.0,0.2071267315566417,6,7,True
ID0041,Merge Q715,jama,4,2.10541947309847,1.0,1,7,True
ID0041,Merge Q715,jama,5,0.0,0.2071267315566417,7,7,True
ID0041,Merge Q715,jama,6,0.0,0.2071267315566417,8,7,False
ID0041,Merge Q715,jama,7,-0.147811365132346,0.1514629164912832,12,7,False
ID0041,Merge Q715,jama,8,0.434324083024569,0.37068746597151175,4,7,True
ID0041,Merge Q715,jama,9,-0.214300641743175,0.12642392984921516,13,7,False
ID0041,Merge Q715,jama,10,-0.550010539357396,0.0,14,7,False
ID0041,Merge Q715,jama,11,0.0,0.2071267315566417,9,7,False
ID0041,Merge Q715,jama,12,0.0,0.2071267315566417,10,7,False
ID0041,Merge Q715,jama,13,0.0,0.2071267315566417,11,7,False
ID0041,Merge Q715,jama,14,1.88468938449968,0.9168759532115671,2,7,True
ID0042,Merge Q1521,medxpert,1,2.1407003790735,1.0,1,7,True
ID0042,Merge Q1521,medxpert,2,0.100177857802054,0.20289965932721868,6,7,True
ID0042,Merge Q1521,medxpert,3,0.0554618462920189,0.18543200207932525,7,7,True
ID0042,Merge Q1521,medxpert,4,-0.419231435218753,0.0,8,7,False
ID0042,Merge Q1521,medxpert,5,1.16618256197444,0.6193188382369137,5,7,True
ID0042,Merge Q1521,medxpert,6,1.97569887663702,0.9355445713376949,3,7,True
ID0042,Merge Q1521,medxpert,7,1.35810617730857,0.6942909973634221,4,7,True
ID0042,Merge Q1521,medxpert,8,2.11749906808448,0.9909367464947755,2,7,True
ID0045,Merge Q1595,medxpert,1,0.802362042985216,0.21300471326603532,2,1,False
ID0045,Merge Q1595,medxpert,2,0.0,0.0,3,1,False
ID0045,Merge Q1595,medxpert,3,3.76687459485037,1.0,1,1,True
ID0046,Merge Q1115,medbullets,1,4.235250123957051,0.910845929173929,3,9,True
ID0046,Merge Q1115,medbullets,2,0.0,0.41020160307596704,8,9,True
ID0046,Merge Q1115,medbullets,3,-0.4811480306088924,0.3533256159471385,10,9,False
ID0046,Merge Q1115,medbullets,4,-0.910562275629522,0.3025650235327392,11,9,False
ID0046,Merge Q1115,medbullets,5,-2.735738353722787,0.08681293785110722,13,9,False
ID0046,Merge Q1115,medbullets,6,-2.163735162620159,0.1544288150139652,12,9,False
ID0046,Merge Q1115,medbullets,7,-3.47014097576116,0.0,14,9,False
ID0046,Merge Q1115,medbullets,8,0.4955711696273399,0.4687825338333341,6,9,True
ID0046,Merge Q1115,medbullets,9,1.670458096622995,0.6076646438838929,5,9,True
ID0046,Merge Q1115,medbullets,10,4.989457791624713,1.0,1,9,True
ID0046,Merge Q1115,medbullets,11,-0.0,0.41020160307596704,9,9,True
ID0046,Merge Q1115,medbullets,12,4.366220910454199,0.9263278438720678,2,9,True
ID0046,Merge Q1115,medbullets,13,0.4221330598878035,0.4601014944886951,7,9,True
ID0046,Merge Q1115,medbullets,14,2.445891075164546,0.6993277356999091,4,9,True
ID0047,Merge Q249,jama,1,8.07501868671236,1.0,1,5,True
ID0047,Merge Q249,jama,2,0.300203368174121,0.2648613864705997,5,5,True
ID0047,Merge Q249,jama,3,0.292699310928583,0.2641518490715343,6,5,False
ID0047,Merge Q249,jama,4,3.6687971547182494,0.5833748513344048,2,5,True
ID0047,Merge Q249,jama,5,0.822562712012108,0.31425246626609804,3,5,True
ID0047,Merge Q249,jama,6,0.360441215900442,0.270557106053023,4,5,True
ID0047,Merge Q249,jama,7,-2.34153477434286,0.015074911058500154,7,5,False
ID0047,Merge Q249,jama,8,-2.50096681513926,0.0,8,5,False
ID0048,Merge Q1110,medbullets,1,-2.257067585826145,0.2680004286067163,9,5,False
ID0048,Merge Q1110,medbullets,2,2.7685231705576534,0.8020102748403289,2,5,True
ID0048,Merge Q1110,medbullets,3,4.631813406944275,1.0,1,5,True
ID0048,Merge Q1110,medbullets,4,-4.779231711098847,0.0,10,5,False
ID0048,Merge Q1110,medbullets,5,0.6871863391154744,0.5808513275251385,3,5,True
ID0048,Merge Q1110,medbullets,6,-0.8659389375434254,0.415819149145587,8,5,False
ID0048,Merge Q1110,medbullets,7,0.1523603770031797,0.5240217240747299,6,5,False
ID0048,Merge Q1110,medbullets,8,-0.0,0.5078321962282349,7,5,False
ID0048,Merge Q1110,medbullets,9,0.5602476193524736,0.567363057288326,4,5,True
ID0048,Merge Q1110,medbullets,10,0.273386400438344,0.5368817222914136,5,5,True
ID0056,Merge Q3184,medxpert,1,9.78588972031657,1.0,1,2,True
ID0056,Merge Q3184,medxpert,2,1.01092716899399,0.22288767758949807,3,2,False
ID0056,Merge Q3184,medxpert,3,-1.50586605072021,0.0,4,2,False
ID0056,Merge Q3184,medxpert,4,1.81275828533442,0.2938979910074625,2,2,True
ID0057,Merge Q3862,mmlu,1,-0.41707406597162,0.0,4,2,False
ID0057,Merge Q3862,mmlu,2,3.9452907015201,1.0,1,2,True
ID0057,Merge Q3862,mmlu,3,0.923519834876061,0.307308987739349,3,2,False
ID0057,Merge Q3862,mmlu,4,1.92641395542922,0.5372058840343841,2,2,True
ID0059,Merge Q3956,mmlu,1,0.29728349320494,0.0932980860750592,3,2,False
ID0059,Merge Q3956,mmlu,2,-0.71942890066004,0.034048072951928604,6,2,False
ID0059,Merge Q3956,mmlu,3,0.0,0.07597356934843222,4,2,False
ID0059,Merge Q3956,mmlu,4,-0.197728390094939,0.0644507338065096,5,2,False
ID0059,Merge Q3956,mmlu,5,0.330144310805184,0.09521308572077987,2,2,True
ID0059,Merge Q3956,mmlu,6,-1.30368358572661,0.0,7,2,False
ID0059,Merge Q3956,mmlu,7,15.8560154636575,1.0,1,2,True
ID0060,Merge Q689,jama,1,2.63926599312584,0.743023816871737,2,2,True
ID0060,Merge Q689,jama,2,-1.36020946237965,0.21586112824073092,6,2,False
ID0060,Merge Q689,jama,3,-2.99790367484093,0.0,7,2,False
ID0060,Merge Q689,jama,4,0.0,0.39514755849056077,5,2,False
ID0060,Merge Q689,jama,5,2.09028641318268,0.6706639400363934,3,2,False
ID0060,Merge Q689,jama,6,0.859831066909019,0.5084801347353465,4,2,False
ID0060,Merge Q689,jama,7,4.58889171443779,1.0,1,2,True
ID0062,Merge Q670,jama,1,2.96379744166929,1.0,1,3,True
ID0062,Merge Q670,jama,2,0.339799441723704,0.5711317957874942,3,3,True
ID0062,Merge Q670,jama,3,0.0,0.5155947197807751,5,3,False
ID0062,Merge Q670,jama,4,-2.78040200471878,0.06116372754018597,7,3,False
ID0062,Merge Q670,jama,5,0.30522430271509,0.5654808090956867,4,3,False
ID0062,Merge Q670,jama,6,1.58234948702887,0.7742151085740301,2,3,True
ID0062,Merge Q670,jama,7,-3.15462769260666,0.0,8,3,False
ID0062,Merge Q670,jama,8,0.0,0.5155947197807751,6,3,False
ID0063,Merge Q1952,medxpert,1,0.162707398061675,0.4379123463598817,3,3,True
ID0063,Merge Q1952,medxpert,2,0.630517543251662,0.8524406338101356,2,3,True
ID0063,Merge Q1952,medxpert,3,-0.331492502242327,0.0,5,3,False
ID0063,Merge Q1952,medxpert,4,-0.207436750175042,0.10992625743915917,4,3,False
ID0063,Merge Q1952,medxpert,5,0.797043617855695,1.0,1,3,True
ID0067,Merge Q1277,medbullets,1,0.0,1.0,1,3,True
ID0067,Merge Q1277,medbullets,2,-0.930618351115144,0.5240587872573758,2,3,True
ID0067,Merge Q1277,medbullets,3,-1.9553220570087435,0.0,3,3,True
ID0069,Merge Q468,jama,1,0.22833414570767,0.8549120265952609,2,5,True
ID0069,Merge Q468,jama,2,-0.532287441129593,0.0,12,5,False
ID0069,Merge Q468,jama,3,-0.418573837727308,0.12781010796752035,11,5,False
ID0069,Merge Q468,jama,4,-0.410630122589413,0.13673856559317313,10,5,False
ID0069,Merge Q468,jama,5,-0.0175610355131356,0.5785344541658517,8,5,False
ID0069,Merge Q468,jama,6,0.0,0.5982724430941861,7,5,False
ID0069,Merge Q468,jama,7,0.0944638775907186,0.704446533375963,5,5,True
ID0069,Merge Q468,jama,8,0.0531708385920417,0.6580346036259479,6,5,False
ID0069,Merge Q468,jama,9,0.170487284287704,0.789894180159489,4,5,True
ID0069,Merge Q468,jama,10,-0.0967269215605438,0.48955477064225017,9,5,False
ID0069,Merge Q468,jama,11,0.198261029958154,0.8211108976549731,3,5,True
ID0069,Merge Q468,jama,12,0.357419994460575,1.0,1,5,True
ID0071,Merge Q1749,medxpert,1,3.04595436099233,1.0,1,3,True
ID0071,Merge Q1749,medxpert,2,1.72593219931557,0.566631011094101,3,3,True
ID0071,Merge Q1749,medxpert,3,2.36795616522431,0.7774102578650793,2,3,True
ID0071,Merge Q1749,medxpert,4,0.0,0.0,4,3,False
ID0073,Merge Q2456,medxpert,1,3.09870924512043,0.26670725171580173,2,2,True
ID0073,Merge Q2456,medxpert,2,-1.93597693232746,0.0,8,2,False
ID0073,Merge Q2456,medxpert,3,0.0785043518990278,0.10671504598551045,4,2,False
ID0073,Merge Q2456,medxpert,4,-0.83022895157754,0.05857584656559476,6,2,False
ID0073,Merge Q2456,medxpert,5,2.5589397361956,0.2381135246767306,3,2,False
ID0073,Merge Q2456,medxpert,6,0.00161870088979556,0.10264210877466583,5,2,False
ID0073,Merge Q2456,medxpert,7,-1.1221855487533,0.04310975018766411,7,2,False
ID0073,Merge Q2456,medxpert,8,16.9412232377405,1.0,1,2,True
ID0074,Merge Q3823,mmlu,1,2.90291804154331,0.6940318716874244,4,6,True
ID0074,Merge Q3823,mmlu,2,0.736282922386206,0.29122505871185184,6,6,True
ID0074,Merge Q3823,mmlu,3,-0.830171316862106,0.0,9,6,False
ID0074,Merge Q3823,mmlu,4,0.327878460815627,0.21529713798551883,7,6,False
ID0074,Merge Q3823,mmlu,5,3.00388524544523,0.7128030423654892,3,6,True
ID0074,Merge Q3823,mmlu,6,4.54867295628204,1.0,1,6,True
ID0074,Merge Q3823,mmlu,7,4.19572793487401,0.9343827403276503,2,6,True
ID0074,Merge Q3823,mmlu,8,-0.0852045170087208,0.13849941772304233,8,6,False
ID0074,Merge Q3823,mmlu,9,2.16483345269399,0.5568119502008556,5,6,True
ID0082,Merge Q1287,medbullets,1,3.0693137025521944,0.9918963725576537,2,2,True
ID0082,Merge Q1287,medbullets,2,0.8851108665393203,0.38815459465742147,4,2,False
ID0082,Merge Q1287,medbullets,3,3.0986308157444,1.0,1,2,True
ID0082,Merge Q1287,medbullets,4,0.1526384758375249,0.18568979782912504,5,2,False
ID0082,Merge Q1287,medbullets,5,-0.5191457171458115,0.0,8,2,False
ID0082,Merge Q1287,medbullets,6,1.1040564490172582,0.44867397181834967,3,2,False
ID0082,Merge Q1287,medbullets,7,-0.2602340096091186,0.07156652855223496,7,2,False
ID0082,Merge Q1287,medbullets,8,-0.1625704601377292,0.09856199070516312,6,2,False
ID0085,Merge Q2319,medxpert,1,4.64559757894882,0.37869877492810544,2,2,True
ID0085,Merge Q2319,medxpert,2,-2.22963642862752,0.0,4,2,False
ID0085,Merge Q2319,medxpert,3,2.00903449952602,0.23347270595389955,3,2,False
ID0085,Merge Q2319,medxpert,4,15.9252520018449,1.0,1,2,True
ID0092,Merge Q2438,medxpert,1,0.0,0.0,8,2,False
ID0092,Merge Q2438,medxpert,2,0.220487232956598,0.010669863152642461,5,2,False
ID0092,Merge Q2438,medxpert,3,0.589286416769028,0.028516868484055262,4,2,False
ID0092,Merge Q2438,medxpert,4,1.54602812588748,0.07481570842971598,2,2,True
ID0092,Merge Q2438,medxpert,5,0.0569702673784473,0.002756916799881739,7,2,False
ID0092,Merge Q2438,medxpert,6,0.762207511583348,0.036884901377084924,3,2,False
ID0092,Merge Q2438,medxpert,7,20.6644855517189,1.0,1,2,True
ID0092,Merge Q2438,medxpert,8,0.117391743529941,0.005680845198692894,6,2,False
ID0093,Merge Q446,jama,1,0.661875898346771,1.0,1,6,True
ID0093,Merge Q446,jama,2,0.0,0.6399988639699443,3,6,True
ID0093,Merge Q446,jama,3,-0.490063693374395,0.37344816045809803,8,6,False
ID0093,Merge Q446,jama,4,-1.07154549334639,0.05717420473075838,9,6,False
ID0093,Merge Q446,jama,5,0.0,0.6399988639699443,4,6,True
ID0093,Merge Q446,jama,6,0.0,0.6399988639699443,5,6,True
ID0093,Merge Q446,jama,7,-0.012994631835731,0.6329309495242901,7,6,False
ID0093,Merge Q446,jama,8,0.0897975892963778,0.6888407000908895,2,6,True
ID0093,Merge Q446,jama,9,-1.17666246196416,0.0,10,6,False
ID0093,Merge Q446,jama,10,0.0,0.6399988639699443,6,6,True
ID0094,Merge Q267,jama,1,10.8131994823888,1.0,1,4,True
ID0094,Merge Q267,jama,2,-6.87895686723188,0.0,11,4,False
ID0094,Merge Q267,jama,3,0.492856677621603,0.4166712863698796,6,4,False
ID0094,Merge Q267,jama,4,-1.635719785676,0.29635941362615725,10,4,False
ID0094,Merge Q267,jama,5,0.447154992984052,0.41408812557622476,7,4,False
ID0094,Merge Q267,jama,6,1.21914824764397,0.457722900185057,5,4,False
ID0094,Merge Q267,jama,7,2.04411718440262,0.5043519780914557,4,4,True
ID0094,Merge Q267,jama,8,0.0,0.3888139315126143,9,4,False
ID0094,Merge Q267,jama,9,2.77787954360684,0.5458258575159924,3,4,True
ID0094,Merge Q267,jama,10,3.49105696930621,0.586136230746142,2,4,True
ID0094,Merge Q267,jama,11,0.0536673622792686,0.39184733011133394,8,4,False
ID0096,Merge Q2672,medxpert,1,3.4048094756705,1.0,1,3,True
ID0096,Merge Q2672,medxpert,2,1.44511421542207,0.38849181895248563,2,3,True
ID0096,Merge Q2672,medxpert,3,1.16044123470783,0.29966175431893083,3,3,True
ID0096,Merge Q2672,medxpert,4,0.964698923531188,0.2385818369002957,4,3,False
ID0096,Merge Q2672,medxpert,5,0.200117664529937,0.0,5,3,False
ID0098,Merge Q4040,mmlu,1,2.52544021365514,0.5346163481665834,5,4,False
ID0098,Merge Q4040,mmlu,2,3.45283028780043,0.6479685880152477,3,4,True
ID0098,Merge Q4040,mmlu,3,2.32594648003578,0.5102327989223584,6,4,False
ID0098,Merge Q4040,mmlu,4,0.0,0.2259390042932097,10,4,False
ID0098,Merge Q4040,mmlu,5,-1.39032579506077,0.05600345356526087,13,4,False
ID0098,Merge Q4040,mmlu,6,0.157135084951643,0.24514517690023765,8,4,False
ID0098,Merge Q4040,mmlu,7,6.3329713216069,1.0,1,4,True
ID0098,Merge Q4040,mmlu,8,0.754434536499779,0.3181513827902015,7,4,False
ID0098,Merge Q4040,mmlu,9,-0.551637926144141,0.15851387622987634,11,4,False
ID0098,Merge Q4040,mmlu,10,3.23440095399561,0.6212705944463096,4,4,True
ID0098,Merge Q4040,mmlu,11,-1.84851741988989,0.0,14,4,False
ID0098,Merge Q4040,mmlu,12,-0.709459532028359,0.13922379213017683,12,4,False
ID0098,Merge Q4040,mmlu,13,0.0304331056153431,0.22965875586617043,9,4,False
ID0098,Merge Q4040,mmlu,14,4.40496675285566,0.7643455085414548,2,4,True
ID0110,Merge Q180,jama,1,-0.374108836690987,0.3912539760482029,7,8,True
ID0110,Merge Q180,jama,2,-5.70552340299406,0.16849905843679983,10,8,False
ID0110,Merge Q180,jama,3,0.342675436288118,0.42120235460457667,6,8,True
ID0110,Merge Q180,jama,4,2.21820557551855,0.49956496483611956,3,8,True
ID0110,Merge Q180,jama,5,-0.8011894675951,0.37340987303063544,9,8,False
ID0110,Merge Q180,jama,6,3.9850459335279,0.5733863444130199,2,8,True
ID0110,Merge Q180,jama,7,1.39289826152616,0.4650823222942279,5,8,True
ID0110,Merge Q180,jama,8,-0.762256579390896,0.3750365505655462,8,8,True
ID0110,Merge Q180,jama,9,2.14374548287796,0.49645390461087935,4,8,True
ID0110,Merge Q180,jama,10,-9.73837863326764,0.0,11,8,False
ID0110,Merge Q180,jama,11,14.1956140411556,1.0,1,8,True
ID0111,Merge Q1204,medbullets,1,0.9717822989885508,0.45979471586692106,5,5,True
ID0111,Merge Q1204,medbullets,2,3.021025110059157,1.0,1,5,True
ID0111,Merge Q1204,medbullets,3,1.527840435504913,0.6063783915585286,4,5,True
ID0111,Merge Q1204,medbullets,4,0.1202487207751609,0.2353201264807575,7,5,False
ID0111,Merge Q1204,medbullets,5,-0.5837309996957794,0.04974252539489631,10,5,False
ID0111,Merge Q1204,medbullets,6,0.3027241418388623,0.2834228628429366,6,5,False
ID0111,Merge Q1204,medbullets,7,1.7136860034187391,0.6553695395461657,3,5,True
ID0111,Merge Q1204,medbullets,8,-0.4160164489303208,0.09395411713993361,8,5,False
ID0111,Merge Q1204,medbullets,9,-0.772426881731759,0.0,11,5,False
ID0111,Merge Q1204,medbullets,10,2.5667165649659567,0.8802387519134733,2,5,True
ID0111,Merge Q1204,medbullets,11,-0.4845663276650095,0.0758835368655472,9,5,False
ID0112,Merge Q1781,medxpert,1,12.1255945344844,1.0,1,2,True
ID0112,Merge Q1781,medxpert,2,2.59894301705306,0.24534274994977875,4,2,False
ID0112,Merge Q1781,medxpert,3,-0.498217821121216,0.0,6,2,False
ID0112,Merge Q1781,medxpert,4,5.57721347883486,0.48126755442925095,2,2,True
ID0112,Merge Q1781,medxpert,5,4.26016954776715,0.37693742863465485,3,2,False
ID0112,Merge Q1781,medxpert,6,0.752644569188186,0.09908753038094356,5,2,False
ID0113,Merge Q3936,mmlu,1,0.0,0.2779370493120286,9,4,False
ID0113,Merge Q3936,mmlu,2,0.0,0.2779370493120286,10,4,False
ID0113,Merge Q3936,mmlu,3,2.35627743601799,0.3862550151078614,5,4,False
ID0113,Merge Q3936,mmlu,4,0.752245501323819,0.31251774054852544,7,4,False
ID0113,Merge Q3936,mmlu,5,2.45669499467583,0.39087120567936834,4,4,True
ID0113,Merge Q3936,mmlu,6,-5.74152771190998,0.013999283407223208,13,4,False
ID0113,Merge Q3936,mmlu,7,6.15450506118937,0.5608593650452681,2,4,True
ID0113,Merge Q3936,mmlu,8,0.265427153736339,0.2901387234104256,8,4,False
ID0113,Merge Q3936,mmlu,9,1.38968382898412,0.3418207512708732,6,4,False
ID0113,Merge Q3936,mmlu,10,15.707280187458,1.0,1,4,True
ID0113,Merge Q3936,mmlu,11,-0.62576580317153,0.2491706240057269,11,4,False
ID0113,Merge Q3936,mmlu,12,3.41173644493601,0.43477441739865885,3,4,True
ID0113,Merge Q3936,mmlu,13,-6.04605887043484,0.0,14,4,False
ID0113,Merge Q3936,mmlu,14,-0.968955281014755,0.23339421943032426,12,4,False
ID0115,Merge Q1128,medbullets,1,2.198573968842569,0.8197947977551598,5,4,False
ID0115,Merge Q1128,medbullets,2,-1.3994243864747593,0.19213020838486386,14,4,False
ID0115,Merge Q1128,medbullets,3,2.719173073768616,0.910612411092043,2,4,True
ID0115,Merge Q1128,medbullets,4,2.500150555974397,0.8724043117217384,4,4,True
ID0115,Merge Q1128,medbullets,5,2.6289067550635545,0.8948656079340457,3,4,True
ID0115,Merge Q1128,medbullets,6,0.8166676855023185,0.5787236370084808,8,4,False
ID0115,Merge Q1128,medbullets,7,-0.3759937366159721,0.3706659149516159,11,4,False
ID0115,Merge Q1128,medbullets,8,-2.459392091657021,0.007220675717686697,15,4,False
ID0115,Merge Q1128,medbullets,9,-0.6872366742271475,0.31637012286449206,13,4,False
ID0115,Merge Q1128,medbullets,10,1.6016643348372008,0.7156649446201631,6,4,False
ID0115,Merge Q1128,medbullets,11,-0.3927500897239558,0.3677427981365892,12,4,False
ID0115,Merge Q1128,medbullets,12,0.3599168753163838,0.49904424824605326,10,4,False
ID0115,Merge Q1128,medbullets,13,3.231574766206406,1.0,1,4,True
ID0115,Merge Q1128,medbullets,14,0.4186799774761663,0.5092953697710911,9,4,False
ID0115,Merge Q1128,medbullets,15,-2.50078359246254,0.0,16,4,False
ID0115,Merge Q1128,medbullets,16,0.8366959244012833,0.5822175286401295,7,4,False
ID0116,Merge Q173,jama,1,1.40674648476069,0.5891039648779395,4,9,True
ID0116,Merge Q173,jama,2,1.59680041095756,0.6259323335382373,3,9,True
ID0116,Merge Q173,jama,3,-1.25920043885708,0.0725007139139017,11,9,False
ID0116,Merge Q173,jama,4,3.52285126395558,0.9991596185100569,2,9,True
ID0116,Merge Q173,jama,5,0.0,0.3165067121451617,8,9,True
ID0116,Merge Q173,jama,6,-0.678773932869837,0.1849749035844903,10,9,False
ID0116,Merge Q173,jama,7,0.060886888251227,0.3283052832768718,7,9,True
ID0116,Merge Q173,jama,8,0.297488410419384,0.3741535762238451,6,9,True
ID0116,Merge Q173,jama,9,0.0,0.3165067121451617,9,9,True
ID0116,Merge Q173,jama,10,0.455829051959042,0.40483659149862583,5,9,True
ID0116,Merge Q173,jama,11,-1.63334259699908,0.0,12,9,False
ID0116,Merge Q173,jama,12,3.52718807841348,1.0,1,9,True
ID0117,Merge Q4034,mmlu,1,6.94246873829517,0.8807976220335965,2,5,True
ID0117,Merge Q4034,mmlu,2,-2.25946337224076,0.0,10,5,False
ID0117,Merge Q4034,mmlu,3,-1.14022649824619,0.1071319767701827,8,5,False
ID0117,Merge Q4034,mmlu,4,-0.76159106343593,0.1433744948188309,7,5,False
ID0117,Merge Q4034,mmlu,5,0.0,0.21627305455373166,6,5,False
ID0117,Merge Q4034,mmlu,6,-1.30756170573553,0.09111485655361928,9,5,False
ID0117,Merge Q4034,mmlu,7,1.57306556048043,0.3668449549253606,4,5,True
ID0117,Merge Q4034,mmlu,8,0.13728829883634,0.2294141216356799,5,5,True
ID0117,Merge Q4034,mmlu,9,8.18780837366881,1.0,1,5,True
ID0117,Merge Q4034,mmlu,10,2.12511975199336,0.4196869030377064,3,5,True
ID0122,Merge Q4000,mmlu,1,-0.45380044751229,0.0,4,1,False
ID0122,Merge Q4000,mmlu,2,0.0,1.0,1,1,True
ID0122,Merge Q4000,mmlu,3,-0.286872781813145,0.36784376616249187,3,1,False
ID0122,Merge Q4000,mmlu,4,-0.145613016192658,0.679125446017295,2,1,False
ID0127,Merge Q937,jama,1,2.93978933314493,1.0,1,6,True
ID0127,Merge Q937,jama,2,-1.34657770891306,0.49277482292184804,12,6,False
ID0127,Merge Q937,jama,3,-0.009851686656475,0.650955652209518,9,6,False
ID0127,Merge Q937,jama,4,0.0267342539655677,0.6552850318516489,6,6,True
ID0127,Merge Q937,jama,5,0.0,0.6521214467996262,7,6,False
ID0127,Merge Q937,jama,6,1.22301358886989,0.796846170113492,3,6,True
ID0127,Merge Q937,jama,7,0.148209751375013,0.6696597762633126,5,6,True
ID0127,Merge Q937,jama,8,-0.259774669934564,0.6213811364936953,10,6,False
ID0127,Merge Q937,jama,9,-0.300271388742787,0.6165889768006414,11,6,False
ID0127,Merge Q937,jama,10,1.35204259361069,0.8121147551729851,2,6,True
ID0127,Merge Q937,jama,11,0.0,0.6521214467996262,8,6,False
ID0127,Merge Q937,jama,12,0.72154255354074,0.7375048369521889,4,6,True
ID0127,Merge Q937,jama,13,-5.51083030436876,0.0,13,6,False
ID0129,Merge Q4033,mmlu,1,2.13217322704231,0.3839808850100575,4,3,False
ID0129,Merge Q4033,mmlu,2,-1.22485296451908,0.0,7,3,False
ID0129,Merge Q4033,mmlu,3,0.0,0.1401002251652013,5,3,False
ID0129,Merge Q4033,mmlu,4,4.43726488872928,0.6476401732541542,2,3,True
ID0129,Merge Q4033,mmlu,5,7.51783794175731,1.0,1,3,True
ID0129,Merge Q4033,mmlu,6,3.98569062551688,0.5959885401295959,3,3,True
ID0129,Merge Q4033,mmlu,7,-0.617361278342853,0.06948566438967982,6,3,False
ID0133,Merge Q148,jama,1,3.11645858077145,0.9574698255488231,2,2,True
ID0133,Merge Q148,jama,2,2.29495078501308,0.8148923299174232,3,2,False
ID0133,Merge Q148,jama,3,3.3615103662014,1.0,1,2,True
ID0133,Merge Q148,jama,4,1.62298603657967,0.6982689071344715,4,2,False
ID0133,Merge Q148,jama,5,-2.40032316945126,0.0,5,2,False
ID0136,Merge Q3806,mmlu,1,1.40266565643307,1.0,1,4,True
ID0136,Merge Q3806,mmlu,2,0.496324952067379,0.5901141339148207,5,4,False
ID0136,Merge Q3806,mmlu,3,0.0,0.36565485292048505,8,4,False
ID0136,Merge Q3806,mmlu,4,-0.808536971806232,0.0,11,4,False
ID0136,Merge Q3806,mmlu,5,-0.0927546811459261,0.32370723583584765,10,4,False
ID0136,Merge Q3806,mmlu,6,0.216765557959618,0.4636854699210719,7,4,False
ID0136,Merge Q3806,mmlu,7,1.13379970322254,0.87840736539617,2,4,True
ID0136,Merge Q3806,mmlu,8,0.704858814537355,0.6844220276405186,3,4,True
ID0136,Merge Q3806,mmlu,9,0.448434204778025,0.5684558984018286,6,4,False
ID0136,Merge Q3806,mmlu,10,0.671891610488526,0.6695128539502361,4,4,True
ID0136,Merge Q3806,mmlu,11,0.0,0.36565485292048505,9,4,False
ID0137,Merge Q1671,medxpert,1,3.9109799309597,0.10741009934014745,4,5,True
ID0137,Merge Q1671,medxpert,2,4.48688100147038,0.12248567556689764,3,5,True
ID0137,Merge Q1671,medxpert,3,38.0087465161539,1.0,1,5,True
ID0137,Merge Q1671,medxpert,4,-0.192186028553605,0.0,8,5,False
ID0137,Merge Q1671,medxpert,5,0.0,0.00503092505212235,5,5,True
ID0137,Merge Q1671,medxpert,6,0.0,0.00503092505212235,6,5,False
ID0137,Merge Q1671,medxpert,7,0.0,0.00503092505212235,7,5,False
ID0137,Merge Q1671,medxpert,8,7.261539027937711,0.19511892930278693,2,5,True
ID0140,Merge Q2397,medxpert,1,23.2087009023352,1.0,1,4,True
ID0140,Merge Q2397,medxpert,2,2.94371620272888,0.14618291975965808,2,4,True
ID0140,Merge Q2397,medxpert,3,-0.525873128324747,0.0,6,4,False
ID0140,Merge Q2397,medxpert,4,0.241711983443723,0.03234037867192879,4,4,True
ID0140,Merge Q2397,medxpert,5,-0.404600969664074,0.005109514858114392,5,4,False
ID0140,Merge Q2397,medxpert,6,0.332452174524136,0.036163501470054274,3,4,True
ID0141,Merge Q2067,medxpert,1,18.2127259802508,1.0,1,2,True
ID0141,Merge Q2067,medxpert,2,0.0862427214782149,0.0,4,2,False
ID0141,Merge Q2067,medxpert,3,5.28666131943464,0.28689616864537715,2,2,True
ID0141,Merge Q2067,medxpert,4,5.08209329880593,0.2756105807181267,3,2,False
ID0148,Merge Q2481,medxpert,1,1.70036217685572,0.43465675866088477,5,4,False
ID0148,Merge Q2481,medxpert,2,-2.00058851711179,0.0,7,4,False
ID0148,Merge Q2481,medxpert,3,3.00903591513634,0.5883534523652486,4,4,True
ID0148,Merge Q2481,medxpert,4,4.43025331786653,0.7552677943017827,2,4,True
ID0148,Merge Q2481,medxpert,5,-0.393863702209196,0.18870119000610022,6,4,False
ID0148,Merge Q2481,medxpert,6,6.51406268805895,1.0,1,4,True
ID0148,Merge Q2481,medxpert,7,3.64421643382333,0.6629519888621119,3,4,True
ID0149,Merge Q781,jama,1,0.0,0.4690760072002779,6,6,True
ID0149,Merge Q781,jama,2,-1.08065968485892,0.42070580029539395,9,6,False
ID0149,Merge Q781,jama,3,1.42893612384796,0.5330350286505989,4,6,True
ID0149,Merge Q781,jama,4,2.02355986989017,0.5596503211701619,3,6,True
ID0149,Merge Q781,jama,5,1.19454851640091,0.5225438654962756,5,6,True
ID0149,Merge Q781,jama,6,3.83640711713871,0.6407931616637526,2,6,True
ID0149,Merge Q781,jama,7,-0.0020605290811559,0.46898377814853714,7,6,False
ID0149,Merge Q781,jama,8,-0.935011995452834,0.4272249746205751,8,6,False
ID0149,Merge Q781,jama,9,-10.4798296834399,0.0,10,6,False
ID0149,Merge Q781,jama,10,11.8616022435301,1.0,1,6,True
ID0150,Merge Q219,jama,1,-3.22010630692396,0.05463414248006861,14,7,False
ID0150,Merge Q219,jama,2,0.0,0.22254170829838738,8,7,False
ID0150,Merge Q219,jama,3,0.0,0.22254170829838738,9,7,False
ID0150,Merge Q219,jama,4,1.49541213218636,0.3005177088020636,4,7,True
ID0150,Merge Q219,jama,5,-1.70261660423836,0.133761344456112,13,7,False
ID0150,Merge Q219,jama,6,-0.414430836060428,0.2009318400982813,12,7,False
ID0150,Merge Q219,jama,7,0.263835347155785,0.23629900283941047,6,7,True
ID0150,Merge Q219,jama,8,0.827168985425657,0.26567318211482316,5,7,True
ID0150,Merge Q219,jama,9,-0.232506525688475,0.21041800769841582,11,7,False
ID0150,Merge Q219,jama,10,4.25177596942365,0.4442441259781047,2,7,True
ID0150,Merge Q219,jama,11,-4.2678717599936,0.0,15,7,False
ID0150,Merge Q219,jama,12,0.0,0.22254170829838738,10,7,False
ID0150,Merge Q219,jama,13,14.9099794060951,1.0,1,7,True
ID0150,Merge Q219,jama,14,0.242468631942218,0.2351848678391687,7,7,True
ID0150,Merge Q219,jama,15,2.39515793323517,0.3474335907356865,3,7,True
ID0151,Merge Q1607,medxpert,1,61.1496111138594,1.0,1,3,True
ID0151,Merge Q1607,medxpert,2,8.69807316928583,0.02894350313752469,3,3,True
ID0151,Merge Q1607,medxpert,3,18.0170921683311,0.20147026399190215,2,3,True
ID0151,Merge Q1607,medxpert,4,7.1346921940574,0.0,4,3,False
ID0152,Merge Q1171,medbullets,1,0.7601837558411468,0.01757436262224472,4,4,True
ID0152,Merge Q1171,medbullets,2,43.25526747006719,1.0,1,4,True
ID0152,Merge Q1171,medbullets,3,8.888649493455887,0.20549288013550873,3,4,True
ID0152,Merge Q1171,medbullets,4,0.0,0.0,5,4,False
ID0152,Merge Q1171,medbullets,5,27.3252937315224,0.6317217608336744,2,4,True
ID0153,Merge Q850,jama,1,3.7989957019385,1.0,1,2,True
ID0153,Merge Q850,jama,2,0.0,0.45011119242528813,7,2,False
ID0153,Merge Q850,jama,3,0.776855573058128,0.5625578015406197,4,2,False
ID0153,Merge Q850,jama,4,0.981858564529877,0.5922311308555562,3,2,False
ID0153,Merge Q850,jama,5,0.523517298043655,0.5258881412170614,6,2,False
ID0153,Merge Q850,jama,6,0.709782441418973,0.5528492450506673,5,2,False
ID0153,Merge Q850,jama,7,1.6953702043311,0.6955089694171444,2,2,True
ID0153,Merge Q850,jama,8,-3.10966592129765,0.0,9,2,False
ID0153,Merge Q850,jama,9,0.0,0.45011119242528813,8,2,False
ID0154,Merge Q4032,mmlu,1,3.91688325674732,0.3163543458314623,3,4,True
ID0154,Merge Q4032,mmlu,2,-0.142733785635922,0.07495107062148751,9,4,False
ID0154,Merge Q4032,mmlu,3,0.0,0.0834386700615081,6,4,False
ID0154,Merge Q4032,mmlu,4,4.04926489766111,0.32422635970878577,2,4,True
ID0154,Merge Q4032,mmlu,5,0.997142035834229,0.14273326627263533,4,4,True
ID0154,Merge Q4032,mmlu,6,0.234817405114035,0.09740197992030149,5,4,False
ID0154,Merge Q4032,mmlu,7,-0.27977170611256,0.06680217320440414,10,4,False
ID0154,Merge Q4032,mmlu,8,-1.40316674113415,0.0,12,4,False
ID0154,Merge Q4032,mmlu,9,15.4135771031743,1.0,1,4,True
ID0154,Merge Q4032,mmlu,10,0.0,0.0834386700615081,7,4,False
ID0154,Merge Q4032,mmlu,11,0.0,0.0834386700615081,8,4,False
ID0154,Merge Q4032,mmlu,12,-0.322822113616134,0.06424220036411234,11,4,False
ID0155,Merge Q381,jama,1,-0.169425522410642,0.0,16,11,False
ID0155,Merge Q381,jama,2,0.0,0.10284907343428647,4,11,True
ID0155,Merge Q381,jama,3,0.0,0.10284907343428647,5,11,True
ID0155,Merge Q381,jama,4,0.0,0.10284907343428647,6,11,True
ID0155,Merge Q381,jama,5,0.0,0.10284907343428647,7,11,True
ID0155,Merge Q381,jama,6,0.0496403863017965,0.13298306779013996,3,11,True
ID0155,Merge Q381,jama,7,0.0,0.10284907343428647,8,11,True
ID0155,Merge Q381,jama,8,0.0524933312729031,0.1347149364169112,2,11,True
ID0155,Merge Q381,jama,9,0.0,0.10284907343428647,9,11,True
ID0155,Merge Q381,jama,10,0.0,0.10284907343428647,10,11,True
ID0155,Merge Q381,jama,11,0.0,0.10284907343428647,11,11,True
ID0155,Merge Q381,jama,12,0.0,0.10284907343428647,12,11,False
ID0155,Merge Q381,jama,13,-0.0648010621945228,0.06351185251599574,14,11,False
ID0155,Merge Q381,jama,14,-0.165456272358074,0.0024095170805857762,15,11,False
ID0155,Merge Q381,jama,15,0.0,0.10284907343428647,13,11,False
ID0155,Merge Q381,jama,16,1.47789629346253,1.0,1,11,True
ID0161,Merge Q226,jama,1,0.238214697328966,0.43856417469186937,6,15,True
ID0161,Merge Q226,jama,2,0.0,0.26178276316508886,7,15,True
ID0161,Merge Q226,jama,3,0.563005480320961,0.6795945297119977,3,15,True
ID0161,Merge Q226,jama,4,0.0,0.26178276316508886,8,15,True
ID0161,Merge Q226,jama,5,0.731228247284889,0.8044342584452582,2,15,True
ID0161,Merge Q226,jama,6,-0.0426531130725183,0.2301294788819688,15,15,True
ID0161,Merge Q226,jama,7,-0.346951200581924,0.004306949718184312,17,15,False
ID0161,Merge Q226,jama,8,0.0,0.26178276316508886,9,15,True
ID0161,Merge Q226,jama,9,0.0,0.26178276316508886,10,15,True
ID0161,Merge Q226,jama,10,0.0,0.26178276316508886,11,15,True
ID0161,Merge Q226,jama,11,0.0,0.26178276316508886,12,15,True
ID0161,Merge Q226,jama,12,-0.352754857848078,0.0,18,15,False
ID0161,Merge Q226,jama,13,0.25482749742677,0.4508926929723614,5,15,True
ID0161,Merge Q226,jama,14,0.0,0.26178276316508886,13,15,True
ID0161,Merge Q226,jama,15,0.0,0.26178276316508886,14,15,True
ID0161,Merge Q226,jama,16,-0.312057290918341,0.030202054735560986,16,15,False
ID0161,Merge Q226,jama,17,0.497784378905044,0.6311933248370746,4,15,True
ID0161,Merge Q226,jama,18,0.994755014777184,1.0,1,15,True
ID0162,Merge Q1330,medbullets,1,-6.820094875340035,0.0,10,4,False
ID0162,Merge Q1330,medbullets,2,3.143160095695689,0.48585908151373036,3,4,True
ID0162,Merge Q1330,medbullets,3,0.6467834562063217,0.3641230359442219,6,4,False
ID0162,Merge Q1330,medbullets,4,2.979249062736767,0.4778659443156055,4,4,True
ID0162,Merge Q1330,medbullets,5,0.9452908080166044,0.3786797755034589,5,4,False
ID0162,Merge Q1330,medbullets,6,-0.2337841602537209,0.3211820719131131,7,4,False
ID0162,Merge Q1330,medbullets,7,-1.6797505001367763,0.2506693850615068,9,4,False
ID0162,Merge Q1330,medbullets,8,13.686375725136251,1.0,1,4,True
ID0162,Merge Q1330,medbullets,9,7.784273762902695,0.7121834333551053,2,4,True
ID0162,Merge Q1330,medbullets,10,-1.3374102024004348,0.267363642420859,8,4,False
ID0164,Merge Q3869,mmlu,1,5.31804251942639,0.8400943679710808,3,3,True
ID0164,Merge Q3869,mmlu,2,-2.70401814368533,0.0,5,3,False
ID0164,Merge Q3869,mmlu,3,6.84498131275177,1.0,1,3,True
ID0164,Merge Q3869,mmlu,4,5.49660602874745,0.8587940767872424,2,3,True
ID0164,Merge Q3869,mmlu,5,0.70749969936841,0.3572644294951753,4,3,False
ID0165,Merge Q1804,medxpert,1,0.661802369908435,0.9000493201863017,2,3,True
ID0165,Merge Q1804,medxpert,2,-0.602815711086503,0.0,9,3,False
ID0165,Merge Q1804,medxpert,3,0.0,0.4290337763747353,5,3,False
ID0165,Merge Q1804,medxpert,4,0.0,0.4290337763747353,6,3,False
ID0165,Merge Q1804,medxpert,5,0.0,0.4290337763747353,7,3,False
ID0165,Merge Q1804,medxpert,6,0.290099035974457,0.6355019931742993,4,3,False
ID0165,Merge Q1804,medxpert,7,0.802238492757764,1.0,1,3,True
ID0165,Merge Q1804,medxpert,8,0.535296866393422,0.8100132894275663,3,3,True
ID0165,Merge Q1804,medxpert,9,-0.524542432896897,0.055708369097397244,8,3,False
ID0166,Merge Q3136,medxpert,1,10.965829492663,1.0,1,3,True
ID0166,Merge Q3136,medxpert,2,-2.32046018477944,0.18181010956700067,4,3,False
ID0166,Merge Q3136,medxpert,3,-5.27280879020691,0.0,5,3,False
ID0166,Merge Q3136,medxpert,4,0.713863801245223,0.36866838753145054,3,3,True
ID0166,Merge Q3136,medxpert,5,7.76375930967536,0.8028116565435481,2,3,True
ID0168,Merge Q3875,mmlu,1,0.502739996583656,0.5004870589244058,3,6,True
ID0168,Merge Q3875,mmlu,2,1.37639847136117,1.0,1,6,True
ID0168,Merge Q3875,mmlu,3,0.51563024148345,0.5078570373850628,2,6,True
ID0168,Merge Q3875,mmlu,4,-0.314007994315486,0.03351260285276026,8,6,False
ID0168,Merge Q3875,mmlu,5,-0.37262223047746,0.0,9,6,False
ID0168,Merge Q3875,mmlu,6,0.0,0.21304620927913936,6,6,True
ID0168,Merge Q3875,mmlu,7,0.164294991614867,0.3069816277919989,4,6,True
ID0168,Merge Q3875,mmlu,8,0.043608680025645,0.23797940759966357,5,6,True
ID0168,Merge Q3875,mmlu,9,0.0,0.21304620927913936,7,6,False
ID0169,Merge Q987,jama,1,2.75642711916613,0.7551332070679329,3,3,True
ID0169,Merge Q987,jama,2,0.0,0.5853975968502073,5,3,False
ID0169,Merge Q987,jama,3,0.92470309138298,0.6423390782319421,4,3,False
ID0169,Merge Q987,jama,4,0.0,0.5853975968502073,6,3,False
ID0169,Merge Q987,jama,5,6.73294959288509,1.0,1,3,True
ID0169,Merge Q987,jama,6,-0.717853054131267,0.5411935526574884,12,3,False
ID0169,Merge Q987,jama,7,3.33090474821749,0.7905084615941483,2,3,True
ID0169,Merge Q987,jama,8,-0.0882908608712372,0.5799608112945778,9,3,False
ID0169,Merge Q987,jama,9,-0.291190546711891,0.5674666293335592,11,3,False
ID0169,Merge Q987,jama,10,-0.243415809221116,0.5704085080302981,10,3,False
ID0169,Merge Q987,jama,11,-0.770426214321473,0.5379561960940185,13,3,False
ID0169,Merge Q987,jama,12,0.0,0.5853975968502073,7,3,False
ID0169,Merge Q987,jama,13,-9.50658385345754,0.0,14,3,False
ID0169,Merge Q987,jama,14,0.0,0.5853975968502073,8,3,False
ID0170,Merge Q3058,medxpert,1,4.0934449697782,0.06304621682648265,4,4,True
ID0170,Merge Q3058,medxpert,2,0.966376271979051,0.001656139258687747,5,4,False
ID0170,Merge Q3058,medxpert,3,4.30906092399671,0.06727915234326376,3,4,True
ID0170,Merge Q3058,medxpert,4,42.3783731743086,0.814649375979253,2,4,True
ID0170,Merge Q3058,medxpert,5,0.882016364967701,0.0,6,4,False
ID0170,Merge Q3058,medxpert,6,51.8197056738928,1.0,1,4,True
ID0177,Merge Q1259,medbullets,1,-1.0369138701716314,0.0,10,3,False
ID0177,Merge Q1259,medbullets,2,0.0,0.29905675346639876,5,3,False
ID0177,Merge Q1259,medbullets,3,0.3243552781641483,0.3926041919256849,3,3,True
ID0177,Merge Q1259,medbullets,4,0.0,0.29905675346639876,6,3,False
ID0177,Merge Q1259,medbullets,5,0.1101332817551477,0.33082033830960567,4,3,False
ID0177,Merge Q1259,medbullets,6,-0.175211852293682,0.24852383147249227,7,3,False
ID0177,Merge Q1259,medbullets,7,-0.1779465061259547,0.24773512884206209,8,3,False
ID0177,Merge Q1259,medbullets,8,1.7846036545427593,0.8137550235006205,2,3,True
ID0177,Merge Q1259,medbullets,9,2.430367367094045,1.0,1,3,True
ID0177,Merge Q1259,medbullets,10,-0.30950352156664,0.20979271620280582,9,3,False
ID0182,Merge Q1109,medbullets,1,2.8606590475458447,0.6709141905173808,2,5,True
ID0182,Merge Q1109,medbullets,2,4.480225394585252,1.0,1,5,True
ID0182,Merge Q1109,medbullets,3,1.6607925742864609,0.4271087852337825,4,5,True
ID0182,Merge Q1109,medbullets,4,-0.4411850715349714,0.0,8,5,False
ID0182,Merge Q1109,medbullets,5,-0.1064386906654093,0.06801838277339589,7,5,False
ID0182,Merge Q1109,medbullets,6,0.0,0.08964606276435585,6,5,False
ID0182,Merge Q1109,medbullets,7,1.8237297802554435,0.4602166121648358,3,5,True
ID0182,Merge Q1109,medbullets,8,0.721281995289285,0.23620607848641473,5,5,True
ID0184,Merge Q4019,mmlu,1,-1.61857520680584,0.22474909760219025,12,9,False
ID0184,Merge Q4019,mmlu,2,-0.737590507558595,0.2601460709610873,11,9,False
ID0184,Merge Q4019,mmlu,3,-7.21228837966919,0.0,15,9,False
ID0184,Merge Q4019,mmlu,4,4.0998227679918,0.45450789016968285,4,9,True
ID0184,Merge Q4019,mmlu,5,17.6764129879524,1.0,1,9,True
ID0184,Merge Q4019,mmlu,6,-2.40657646403748,0.1930880942580474,14,9,False
ID0184,Merge Q4019,mmlu,7,0.216663351514437,0.29848691667168137,7,9,True
ID0184,Merge Q4019,mmlu,8,1.28115854083013,0.3412571349161947,6,9,True
ID0184,Merge Q4019,mmlu,9,0.045143158812958,0.29159542843499037,9,9,True
ID0184,Merge Q4019,mmlu,10,0.184223984581087,0.29718353943016923,8,9,True
ID0184,Merge Q4019,mmlu,11,4.23236185176069,0.45983316133635427,3,9,True
ID0184,Merge Q4019,mmlu,12,5.47542482973613,0.5097780322886241,2,9,True
ID0184,Merge Q4019,mmlu,13,-1.98437962090331,0.21005148808475052,13,9,False
ID0184,Merge Q4019,mmlu,14,2.80942484736443,0.40266115451371637,5,9,True
ID0184,Merge Q4019,mmlu,15,-0.239310041069984,0.2801664191154043,10,9,False
ID0185,Merge Q1180,medbullets,1,3.181250015839241,1.0,1,4,True
ID0185,Merge Q1180,medbullets,2,-2.3748705627471742,0.202531882682549,8,4,False
ID0185,Merge Q1180,medbullets,3,1.2004544287919998,0.7156970758191925,3,4,True
ID0185,Merge Q1180,medbullets,4,0.2226762754937547,0.5753569064445262,5,4,False
ID0185,Merge Q1180,medbullets,5,-1.035748513388877,0.3947356198864929,7,4,False
ID0185,Merge Q1180,medbullets,6,-0.0,0.5433962555411498,6,4,False
ID0185,Merge Q1180,medbullets,7,-3.785950876500221,0.0,10,4,False
ID0185,Merge Q1180,medbullets,8,1.3240723083331347,0.733439908479157,2,4,True
ID0185,Merge Q1180,medbullets,9,-2.587577026363672,0.1720021955236253,9,4,False
ID0185,Merge Q1180,medbullets,10,0.6713163185075915,0.6397500608757589,4,4,True
ID0186,Merge Q54,jama,1,3.00048652228687,0.3603305950774278,3,11,True
ID0186,Merge Q54,jama,2,8.05220597150088,0.7653326336713312,2,11,True
ID0186,Merge Q54,jama,3,0.0,0.11977821078205972,11,11,True
ID0186,Merge Q54,jama,4,2.97824852974159,0.3585477501657857,4,11,True
ID0186,Merge Q54,jama,5,0.209691211487861,0.13658939140710857,9,11,True
ID0186,Merge Q54,jama,6,0.0,0.11977821078205972,12,11,False
ID0186,Merge Q54,jama,7,0.540315972057578,0.16309595088384088,7,11,True
ID0186,Merge Q54,jama,8,-1.49403178092767,0.0,15,11,False
ID0186,Merge Q54,jama,9,1.26990102447048,0.2215876063539084,6,11,True
ID0186,Merge Q54,jama,10,-0.468049823123311,0.08225412924226827,13,11,False
ID0186,Merge Q54,jama,11,0.152451027967886,0.13200038141790857,10,11,True
ID0186,Merge Q54,jama,12,-0.635595385385091,0.06882181278931475,14,11,False
ID0186,Merge Q54,jama,13,0.368688686697811,0.14933639809239319,8,11,True
ID0186,Merge Q54,jama,14,1.314548792407,0.22516706820145252,5,11,True
ID0186,Merge Q54,jama,15,10.9792867898941,1.0,1,11,True
ID0189,Merge Q3879,mmlu,1,1.72675459258669,0.9425323380840744,2,4,True
ID0189,Merge Q3879,mmlu,2,0.40154477992293,0.5539888547299157,7,4,False
ID0189,Merge Q3879,mmlu,3,0.493136432021856,0.5808429718762006,6,4,False
ID0189,Merge Q3879,mmlu,4,0.6497908279978,0.6267730911022936,5,4,False
ID0189,Merge Q3879,mmlu,5,-1.48795150002178,0.0,9,4,False
ID0189,Merge Q3879,mmlu,6,0.90695594992539,0.7021723458588649,4,4,True
ID0189,Merge Q3879,mmlu,7,0.0,0.43625835951095215,8,4,False
ID0189,Merge Q3879,mmlu,8,1.92276022064251,1.0,1,4,True
ID0189,Merge Q3879,mmlu,9,0.944113653284069,0.713066759225305,3,4,True
ID0190,Merge Q3997,mmlu,1,0.0238207988529848,0.5294798712107825,2,5,True
ID0190,Merge Q3997,mmlu,2,-0.700640308619735,0.2140629482320691,4,5,True
ID0190,Merge Q3997,mmlu,3,0.0,0.5191087374127046,3,5,True
ID0190,Merge Q3997,mmlu,4,1.10452861367701,1.0,1,5,True
ID0190,Merge Q3997,mmlu,5,-1.1923079055278,0.0,5,5,True
ID0193,Merge Q1705,medxpert,1,0.0,1.0,1,1,True
ID0193,Merge Q1705,medxpert,2,-0.251225999207143,0.0,5,1,False
ID0193,Merge Q1705,medxpert,3,0.0,1.0,2,1,False
ID0193,Merge Q1705,medxpert,4,-0.233482896933739,0.07062605912365906,4,1,False
ID0193,Merge Q1705,medxpert,5,0.0,1.0,3,1,False
ID0198,Merge Q1233,medbullets,1,-1.103152929913143,0.0,10,4,False
ID0198,Merge Q1233,medbullets,2,0.3096677062013756,0.07557536050880201,5,4,False
ID0198,Merge Q1233,medbullets,3,0.4879426024854183,0.08511173703950532,4,4,True
ID0198,Merge Q1233,medbullets,4,0.5314893246137107,0.08744116169518791,3,4,True
ID0198,Merge Q1233,medbullets,5,-0.9279602219522866,0.009371502457005297,9,4,False
ID0198,Merge Q1233,medbullets,6,-0.2882377673664934,0.043591879690352955,7,4,False
ID0198,Merge Q1233,medbullets,7,17.591043519867235,1.0,1,4,True
ID0198,Merge Q1233,medbullets,8,-0.0995879536740123,0.053683236877021305,6,4,False
ID0198,Merge Q1233,medbullets,9,-0.8364764704603805,0.014265200441706895,8,4,False
ID0198,Merge Q1233,medbullets,10,0.9648427244580968,0.11062233457996719,2,4,True
ID0199,Merge Q1020,jama,1,-1.04282043109127,0.16434930373719842,14,10,False
ID0199,Merge Q1020,jama,2,0.0,0.4301810070452604,10,10,True
ID0199,Merge Q1020,jama,3,-0.952912285923958,0.1872683362556582,13,10,False
ID0199,Merge Q1020,jama,4,0.0,0.4301810070452604,11,10,False
ID0199,Merge Q1020,jama,5,1.12153300672438,0.7160778120989967,3,10,True
ID0199,Merge Q1020,jama,6,0.0382745120581834,0.4399377958752074,9,10,True
ID0199,Merge Q1020,jama,7,1.08836912355706,0.7076238047859135,5,10,True
ID0199,Merge Q1020,jama,8,0.27142440630936,0.49937145450618253,8,10,True
ID0199,Merge Q1020,jama,9,1.12962290576326,0.718140057502882,2,10,True
ID0199,Merge Q1020,jama,10,-1.68753966374864,0.0,15,10,False
ID0199,Merge Q1020,jama,11,0.384999878959538,0.528323669526577,7,10,True
ID0199,Merge Q1020,jama,12,1.09270961067782,0.7087302647766243,4,10,True
ID0199,Merge Q1020,jama,13,0.406413944350424,0.5337824592739667,6,10,True
ID0199,Merge Q1020,jama,14,-0.349803455935175,0.341010478983219,12,10,False
ID0199,Merge Q1020,jama,15,2.23531986773014,1.0,1,10,True
ID0207,Merge Q1403,medxpert,1,1.77795222653637,0.8314006958616913,2,6,True
ID0207,Merge Q1403,medxpert,2,0.443100592625123,0.286455553602211,5,6,True
ID0207,Merge Q1403,medxpert,3,-0.258576758205891,0.0,7,6,False
ID0207,Merge Q1403,medxpert,4,1.67564600543634,0.7896347970943285,3,6,True
ID0207,Merge Q1403,medxpert,5,2.19093885427689,1.0,1,6,True
ID0207,Merge Q1403,medxpert,6,0.371955914125381,0.2574111669744274,6,6,True
ID0207,Merge Q1403,medxpert,7,1.18885100195241,0.5909036679669155,4,6,True
ID0209,Merge Q3947,mmlu,1,3.46655162736308,0.9086460267363324,2,3,True
ID0209,Merge Q3947,mmlu,2,3.91837629604389,1.0,1,3,True
ID0209,Merge Q3947,mmlu,3,0.925805747509003,0.3949351843079084,6,3,False
ID0209,Merge Q3947,mmlu,4,-0.711066715421217,0.06397759482711114,7,3,False
ID0209,Merge Q3947,mmlu,5,-1.02749143733587,0.0,8,3,False
ID0209,Merge Q3947,mmlu,6,2.82884702274428,0.7797091770274496,4,3,False
ID0209,Merge Q3947,mmlu,7,3.02522699165457,0.8194150445307226,3,3,True
ID0209,Merge Q3947,mmlu,8,1.32946147850431,0.4765499287279879,5,3,False
ID0211,Merge Q2246,medxpert,1,0.0,0.11440979305089419,4,2,False
ID0211,Merge Q2246,medxpert,2,-0.463817196823081,0.018888753242633578,5,2,False
ID0211,Merge Q2246,medxpert,3,0.778020188212395,0.2746395082897931,2,2,True
ID0211,Merge Q2246,medxpert,4,0.75598749742921,0.27010197594343105,3,2,False
ID0211,Merge Q2246,medxpert,5,-0.555534462444006,0.0,6,2,False
ID0211,Merge Q2246,medxpert,6,4.30012035197281,1.0,1,2,True
ID0215,Merge Q112,jama,1,0.540054136015071,0.35055594058063855,4,6,True
ID0215,Merge Q112,jama,2,1.06524977143073,0.5312898052247889,2,6,True
ID0215,Merge Q112,jama,3,0.244459245353937,0.24883383293979705,7,6,False
ID0215,Merge Q112,jama,4,-0.31786535855265,0.055322897213733756,9,6,False
ID0215,Merge Q112,jama,5,-0.478628501710185,0.0,10,6,False
ID0215,Merge Q112,jama,6,1.04209341277189,0.5233210828872814,3,6,True
ID0215,Merge Q112,jama,7,0.377367815555917,0.2945712266215268,6,6,True
ID0215,Merge Q112,jama,8,0.149985659526236,0.2163229453351851,8,6,False
ID0215,Merge Q112,jama,9,0.394492236374644,0.3004641978224618,5,6,True
ID0215,Merge Q112,jama,10,2.42727757432999,1.0,1,6,True
ID0216,Merge Q1400,medxpert,1,11.2965657753349,1.0,1,1,True
ID0216,Merge Q1400,medxpert,2,5.93927518117762,0.6587892557244808,2,1,False
ID0216,Merge Q1400,medxpert,3,-4.40426042675972,0.0,4,1,False
ID0216,Merge Q1400,medxpert,4,0.0,0.2805113801063638,3,1,False
ID0217,Merge Q4049,mmlu,1,1.04104474614067,0.7580630761025909,2,3,True
ID0217,Merge Q4049,mmlu,2,0.0,0.35591438903680583,4,3,False
ID0217,Merge Q4049,mmlu,3,0.291574761271477,0.4685477872279342,3,3,True
ID0217,Merge Q4049,mmlu,4,-0.198161206448705,0.27936602807908134,6,3,False
ID0217,Merge Q4049,mmlu,5,-0.921357738318369,0.0,7,3,False
ID0217,Merge Q4049,mmlu,6,0.0,0.35591438903680583,5,3,False
ID0217,Merge Q4049,mmlu,7,1.6673483289238,1.0,1,3,True
ID0220,Merge Q4009,mmlu,1,1.83955231568052,0.3239032943144325,3,2,False
ID0220,Merge Q4009,mmlu,2,-0.274745702072479,0.14273823962613957,8,2,False
ID0220,Merge Q4009,mmlu,3,1.32970015704632,0.2802162674968632,4,2,False
ID0220,Merge Q4009,mmlu,4,-1.94058118904513,0.0,10,2,False
ID0220,Merge Q4009,mmlu,5,0.0,0.16628001080664348,7,2,False
ID0220,Merge Q4009,mmlu,6,0.929858141165297,0.24595553411607574,5,2,False
ID0220,Merge Q4009,mmlu,7,0.336412261744778,0.19510572283260302,6,2,False
ID0220,Merge Q4009,mmlu,8,6.74476826282011,0.7442100381413318,2,2,True
ID0220,Merge Q4009,mmlu,9,9.7299808925373,1.0,1,2,True
ID0220,Merge Q4009,mmlu,10,-1.56924961204172,0.03181779715558144,9,2,False
ID0221,Merge Q1097,medbullets,1,5.16323349119855,0.4953614102039385,2,5,True
ID0221,Merge Q1097,medbullets,2,0.0,0.0,5,5,True
ID0221,Merge Q1097,medbullets,3,1.2160986810922625,0.11667269331125577,4,5,True
ID0221,Merge Q1097,medbullets,4,1.448617412164496,0.1389805759044241,3,5,True
ID0221,Merge Q1097,medbullets,5,-0.0,-0.0,6,5,False
ID0221,Merge Q1097,medbullets,6,0.0,0.0,7,5,False
ID0221,Merge Q1097,medbullets,7,10.423164551862984,1.0,1,5,True
ID0229,Merge Q1621,medxpert,1,2.02462406585061,1.0,1,2,True
ID0229,Merge Q1621,medxpert,2,0.0,0.07104684048974368,6,2,False
ID0229,Merge Q1621,medxpert,3,0.148472908884287,0.13917029122615995,5,2,False
ID0229,Merge Q1621,medxpert,4,0.443104021368272,0.27435514230468844,3,2,False
ID0229,Merge Q1621,medxpert,5,-0.154844344502815,0.0,7,2,False
ID0229,Merge Q1621,medxpert,6,0.291968117398,0.2050098362418382,4,2,False
ID0229,Merge Q1621,medxpert,7,0.486994313953662,0.29449321467907663,2,2,True
ID0232,Merge Q706,jama,1,0.0,0.06963584877946682,4,7,True
ID0232,Merge Q706,jama,2,0.0,0.06963584877946682,5,7,True
ID0232,Merge Q706,jama,3,-0.0365138893042137,0.060510086668670124,15,7,False
ID0232,Merge Q706,jama,4,0.0900889299809933,0.09215139449340677,3,7,True
ID0232,Merge Q706,jama,5,-0.274281414064564,0.0010858535896284354,17,7,False
ID0232,Merge Q706,jama,6,0.0,0.06963584877946682,6,7,True
ID0232,Merge Q706,jama,7,0.0,0.06963584877946682,7,7,True
ID0232,Merge Q706,jama,8,0.0,0.06963584877946682,8,7,False
ID0232,Merge Q706,jama,9,-0.27862611835237,0.0,18,7,False
ID0232,Merge Q706,jama,10,0.0,0.06963584877946682,9,7,False
ID0232,Merge Q706,jama,11,0.0,0.06963584877946682,10,7,False
ID0232,Merge Q706,jama,12,0.0,0.06963584877946682,11,7,False
ID0232,Merge Q706,jama,13,0.0,0.06963584877946682,12,7,False
ID0232,Merge Q706,jama,14,-0.190275832734069,0.022081013672803008,16,7,False
ID0232,Merge Q706,jama,15,0.0,0.06963584877946682,13,7,False
ID0232,Merge Q706,jama,16,0.432526529274688,0.17773537715027365,2,7,True
ID0232,Merge Q706,jama,17,3.72256182199664,1.0,1,7,True
ID0232,Merge Q706,jama,18,0.0,0.06963584877946682,14,7,False
ID0233,Merge Q3316,medxpert,1,-4.8333033378287,0.0,7,3,False
ID0233,Merge Q3316,medxpert,2,0.464285653084517,0.3603549397994723,3,3,True
ID0233,Merge Q3316,medxpert,3,-1.38607071807339,0.23448918088916565,6,3,False
ID0233,Merge Q3316,medxpert,4,1.24986751792471,0.4137921366257299,2,3,True
ID0233,Merge Q3316,medxpert,5,-1.03887924738346,0.2581059925621665,5,3,False
ID0233,Merge Q3316,medxpert,6,9.8677272456876,1.0,1,3,True
ID0233,Merge Q3316,medxpert,7,0.463966431328497,0.36033322555609276,4,3,False
ID0235,Merge Q2984,medxpert,1,0.942976728214766,1.0,1,6,True
ID0235,Merge Q2984,medxpert,2,0.448105951594561,0.565021579474478,2,6,True
ID0235,Merge Q2984,medxpert,3,0.393988374620676,0.5174536500939259,3,6,True
ID0235,Merge Q2984,medxpert,4,-0.194713679558391,0.0,9,6,False
ID0235,Merge Q2984,medxpert,5,0.0,0.1711482124029781,7,6,False
ID0235,Merge Q2984,medxpert,6,0.064653170499211,0.22797665189536953,4,6,True
ID0235,Merge Q2984,medxpert,7,0.0,0.1711482124029781,8,6,False
ID0235,Merge Q2984,medxpert,8,0.00357407101785329,0.17428972699555423,6,6,True
ID0235,Merge Q2984,medxpert,9,0.0367251882454032,0.20342868870345665,5,6,True
ID0236,Merge Q762,jama,1,3.36339337519425,0.5349386410808289,2,4,True
ID0236,Merge Q762,jama,2,-0.175237610465433,0.30695809010236763,5,4,False
ID0236,Merge Q762,jama,3,-0.831406340003014,0.26468363167450565,7,4,False
ID0236,Merge Q762,jama,4,-0.898242216242962,0.26037765008104174,8,4,False
ID0236,Merge Q762,jama,5,-0.469719011692492,0.287985772170172,6,4,False
ID0236,Merge Q762,jama,6,0.0,0.31824798360863005,4,4,True
ID0236,Merge Q762,jama,7,-4.93972916149154,0.0,9,4,False
ID0236,Merge Q762,jama,8,0.445386346927018,0.3469425338972006,3,4,True
ID0236,Merge Q762,jama,9,10.5819062169316,1.0,1,4,True
ID0237,Merge Q3985,mmlu,1,0.0,0.4048610468132239,4,5,True
ID0237,Merge Q3985,mmlu,2,0.214428750512087,0.4590536591996505,3,5,True
ID0237,Merge Q3985,mmlu,3,-1.6019498705864,0.0,11,5,False
ID0237,Merge Q3985,mmlu,4,0.28013474160085,0.4756595448284931,2,5,True
ID0237,Merge Q3985,mmlu,5,-0.216047223852392,0.3502593974008412,7,5,False
ID0237,Merge Q3985,mmlu,6,2.35483946045891,1.0,1,5,True
ID0237,Merge Q3985,mmlu,7,-1.42838514751541,0.04386504020044389,9,5,False
ID0237,Merge Q3985,mmlu,8,-0.0311806352772599,0.3969807598763849,5,5,True
ID0237,Merge Q3985,mmlu,9,-1.53398266563354,0.017177362570097773,10,5,False
ID0237,Merge Q3985,mmlu,10,-0.148260021195178,0.3673912679619929,6,5,False
ID0237,Merge Q3985,mmlu,11,-0.423337783754368,0.297870821068117,8,5,False
ID0238,Merge Q1163,medbullets,1,2.929785976955774,0.8148007903541329,3,6,True
ID0238,Merge Q1163,medbullets,2,5.276175372767151,1.0,1,6,True
ID0238,Merge Q1163,medbullets,3,0.6144133508205414,0.6320497170832614,7,6,False
ID0238,Merge Q1163,medbullets,4,1.5812925209221818,0.7083649520760258,5,6,True
ID0238,Merge Q1163,medbullets,5,2.07624328745407,0.7474311407226994,4,6,True
ID0238,Merge Q1163,medbullets,6,1.177128500793566,0.6764645108156218,6,6,True
ID0238,Merge Q1163,medbullets,7,0.3053525481144473,0.6076557198652962,8,6,False
ID0238,Merge Q1163,medbullets,8,0.0,0.5835544131192384,10,6,False
ID0238,Merge Q1163,medbullets,9,-7.3933678736542525,0.0,11,6,False
ID0238,Merge Q1163,medbullets,10,3.429445709587931,0.8542386550753642,2,6,True
ID0238,Merge Q1163,medbullets,11,0.0004530582214456,0.5835901727526075,9,6,False
ID0242,Merge Q2408,medxpert,1,-0.679730830495911,0.26783595887845824,9,9,True
ID0242,Merge Q2408,medxpert,2,0.991738249463904,0.3611596786751893,2,9,True
ID0242,Merge Q2408,medxpert,3,0.0,0.3057876089107309,6,9,True
ID0242,Merge Q2408,medxpert,4,-0.389960641040484,0.28401479957040454,8,9,True
ID0242,Merge Q2408,medxpert,5,0.341429239389422,0.32485074746903164,4,9,True
ID0242,Merge Q2408,medxpert,6,0.471993101875385,0.33214056542875836,3,9,True
ID0242,Merge Q2408,medxpert,7,-1.04880489076163,0.24722931733334041,10,9,False
ID0242,Merge Q2408,medxpert,8,-0.252700464968113,0.2916784951568858,7,9,True
ID0242,Merge Q2408,medxpert,9,0.129819375777062,0.3130358596827382,5,9,True
ID0242,Merge Q2408,medxpert,10,-4.46178564853985,0.05667116478995811,12,9,False
ID0242,Merge Q2408,medxpert,11,12.4336508355867,1.0,1,9,True
ID0242,Merge Q2408,medxpert,12,-3.17792137806876,0.1283536092162463,11,9,False
ID0242,Merge Q2408,medxpert,13,-5.47679126424014,0.0,13,9,False
ID0243,Merge Q336,jama,1,-1.64650970710211,0.0,18,5,False
ID0243,Merge Q336,jama,2,1.50645327638682,1.0,1,5,True
ID0243,Merge Q336,jama,3,0.0,0.5222102878227117,6,5,False
ID0243,Merge Q336,jama,4,0.0,0.5222102878227117,7,5,False
ID0243,Merge Q336,jama,5,-0.0389901526349236,0.5098440935987063,14,5,False
ID0243,Merge Q336,jama,6,-0.736989763450306,0.2884651511656408,17,5,False
ID0243,Merge Q336,jama,7,0.0,0.5222102878227117,8,5,False
ID0243,Merge Q336,jama,8,0.339631377494803,0.6299284498415318,4,5,True
ID0243,Merge Q336,jama,9,-0.31927418443991,0.4209486535720567,16,5,False
ID0243,Merge Q336,jama,10,0.0,0.5222102878227117,9,5,False
ID0243,Merge Q336,jama,11,-0.0390812937116766,0.5098151871138442,15,5,False
ID0243,Merge Q336,jama,12,0.0,0.5222102878227117,10,5,False
ID0243,Merge Q336,jama,13,1.27722868997656,0.927298675052439,3,5,True
ID0243,Merge Q336,jama,14,0.0,0.5222102878227117,11,5,False
ID0243,Merge Q336,jama,15,0.0433803911236983,0.5359688988025639,5,5,True
ID0243,Merge Q336,jama,16,0.0,0.5222102878227117,12,5,False
ID0243,Merge Q336,jama,17,1.42946223914623,0.9755813697643241,2,5,True
ID0243,Merge Q336,jama,18,0.0,0.5222102878227117,13,5,False
ID0244,Merge Q1178,medbullets,1,0.791105214768818,0.913061121529817,3,3,True
ID0244,Merge Q1178,medbullets,2,0.8208718985141131,0.927147191393798,2,3,True
ID0244,Merge Q1178,medbullets,3,0.974824458360672,1.0,1,3,True
ID0244,Merge Q1178,medbullets,4,0.0,0.5386975068139342,5,3,False
ID0244,Merge Q1178,medbullets,5,-1.1383756061520462,0.0,6,3,False
ID0244,Merge Q1178,medbullets,6,0.430344329061262,0.7423433121913323,4,3,False
ID0247,Merge Q1137,medbullets,1,0.4851410722088659,0.21423245801829793,5,3,False
ID0247,Merge Q1137,medbullets,2,-2.2878080455799745,0.0,11,3,False
ID0247,Merge Q1137,medbullets,3,-1.474899798631668,0.06280365217301574,9,3,False
ID0247,Merge Q1137,medbullets,4,-0.0,0.17675143692123055,6,3,False
ID0247,Merge Q1137,medbullets,5,-1.7621898064576178,0.04060820540270973,10,3,False
ID0247,Merge Q1137,medbullets,6,-0.4920613289677506,0.13873577073959853,7,3,False
ID0247,Merge Q1137,medbullets,7,2.7239311470016947,0.38719686534658265,4,3,False
ID0247,Merge Q1137,medbullets,8,10.655838045396578,1.0,1,3,True
ID0247,Merge Q1137,medbullets,9,-1.1319864993803537,0.08929644229112402,8,3,False
ID0247,Merge Q1137,medbullets,10,9.697505068102494,0.9259611263659187,2,3,True
ID0247,Merge Q1137,medbullets,11,8.016205475491736,0.796067309678297,3,3,True
ID0249,Merge Q1160,medbullets,1,0.7524649470157102,0.1651812284885665,3,2,False
ID0249,Merge Q1160,medbullets,2,0.646015874215908,0.15325641868319656,4,2,False
ID0249,Merge Q1160,medbullets,3,-0.7220565676689148,0.0,10,2,False
ID0249,Merge Q1160,medbullets,4,-0.0,0.08088738597435723,6,2,False
ID0249,Merge Q1160,medbullets,5,-0.1202444762045764,0.06741716522774147,9,2,False
ID0249,Merge Q1160,medbullets,6,0.5045515964115607,0.13740907908031,5,2,False
ID0249,Merge Q1160,medbullets,7,-0.0,0.08088738597435723,7,2,False
ID0249,Merge Q1160,medbullets,8,0.0,0.08088738597435723,8,2,False
ID0249,Merge Q1160,medbullets,9,8.204632791507803,1.0,1,2,True
ID0249,Merge Q1160,medbullets,10,4.401648967037877,0.5739760093073673,2,2,True
ID0251,Merge Q3793,mmlu,1,3.88850406867737,0.20768970884415072,2,5,True
ID0251,Merge Q3793,mmlu,2,-1.07554690539837,0.028605382884046057,3,5,True
ID0251,Merge Q3793,mmlu,3,25.8506085214066,1.0,1,5,True
ID0251,Merge Q3793,mmlu,4,-1.44643353180223,0.015225185572611473,4,5,True
ID0251,Merge Q3793,mmlu,5,-1.86846151703776,0.0,6,5,False
ID0251,Merge Q3793,mmlu,6,-1.64204895033833,0.008168115538703577,5,5,True
ID0253,Merge Q3827,mmlu,1,10.3413444153216,1.0,1,2,True
ID0253,Merge Q3827,mmlu,2,0.723633705429788,0.0,4,2,False
ID0253,Merge Q3827,mmlu,3,8.13832265138626,0.7709411490543656,2,2,True
ID0253,Merge Q3827,mmlu,4,4.73786084773257,0.41737865313147243,3,2,False
ID0254,Merge Q286,jama,1,0.0,0.10276839972172848,7,6,False
ID0254,Merge Q286,jama,2,0.762614551488693,0.2313066013463255,5,6,True
ID0254,Merge Q286,jama,3,-0.609722837805748,0.0,11,6,False
ID0254,Merge Q286,jama,4,2.46640683051491,0.5184797152875569,4,6,True
ID0254,Merge Q286,jama,5,4.20109976563317,0.8108611153221206,2,6,True
ID0254,Merge Q286,jama,6,-0.057917176433002,0.09300649616594124,10,6,False
ID0254,Merge Q286,jama,7,0.0,0.10276839972172848,8,6,False
ID0254,Merge Q286,jama,8,0.549271479266788,0.19534776109217808,6,6,True
ID0254,Merge Q286,jama,9,0.0,0.10276839972172848,9,6,False
ID0254,Merge Q286,jama,10,3.60435482772734,0.7102801324425478,3,6,True
ID0254,Merge Q286,jama,11,5.32325694446903,1.0,1,6,True
ID0256,Merge Q3784,mmlu,1,-2.31794510748838,0.0,5,4,False
ID0256,Merge Q3784,mmlu,2,7.88931292045594,1.0,1,4,True
ID0256,Merge Q3784,mmlu,3,1.093814894557,0.3342484330958456,3,4,True
ID0256,Merge Q3784,mmlu,4,1.3644358478928,0.3607610335018433,2,4,True
ID0256,Merge Q3784,mmlu,5,0.305177731846652,0.25698604190799645,4,4,True
ID0262,Merge Q2405,medxpert,1,0.0,0.27701515440707525,2,6,True
ID0262,Merge Q2405,medxpert,2,0.0,0.27701515440707525,3,6,True
ID0262,Merge Q2405,medxpert,3,0.0,0.27701515440707525,4,6,True
ID0262,Merge Q2405,medxpert,4,0.119998959245595,1.0,1,6,True
ID0262,Merge Q2405,medxpert,5,0.0,0.27701515440707525,5,6,True
ID0262,Merge Q2405,medxpert,6,-0.0459781839505159,0.0,8,6,False
ID0262,Merge Q2405,medxpert,7,0.0,0.27701515440707525,6,6,True
ID0262,Merge Q2405,medxpert,8,0.0,0.27701515440707525,7,6,False
ID0265,Merge Q3968,mmlu,1,0.0,0.07484997273189671,3,5,True
ID0265,Merge Q3968,mmlu,2,-0.0330507739607479,0.02873619456115774,4,5,True
ID0265,Merge Q3968,mmlu,3,0.235507003962994,0.4034388811581458,2,5,True
ID0265,Merge Q3968,mmlu,4,-0.0536466459237083,0.0,5,5,True
ID0265,Merge Q3968,mmlu,5,0.663075671609578,1.0,1,5,True
ID0268,Merge Q56,jama,1,-1.32927193078397,0.1625771930696203,11,9,False
ID0268,Merge Q56,jama,2,0.508821655492745,0.2817817977557634,4,9,True
ID0268,Merge Q56,jama,3,-1.27573665976524,0.1660490787593365,10,9,False
ID0268,Merge Q56,jama,4,-0.713879007940975,0.20248684219839205,8,9,True
ID0268,Merge Q56,jama,5,-3.42490393079108,0.02667062879369689,13,9,False
ID0268,Merge Q56,jama,6,-3.8361557600030096,0.0,14,9,False
ID0268,Merge Q56,jama,7,-1.40940539380728,0.15738035333678896,12,9,False
ID0268,Merge Q56,jama,8,0.0,0.2487835408924535,5,9,True
ID0268,Merge Q56,jama,9,11.5834967871136,1.0,1,9,True
ID0268,Merge Q56,jama,10,0.0,0.2487835408924535,6,9,True
ID0268,Merge Q56,jama,11,-0.950045622715766,0.18717089301904735,9,9,True
ID0268,Merge Q56,jama,12,4.4164778087332,0.5352023039117965,3,9,True
ID0268,Merge Q56,jama,13,10.5477231773151,0.9328276946167517,2,9,True
ID0268,Merge Q56,jama,14,0.0,0.2487835408924535,7,9,True
ID0270,Merge Q3971,mmlu,1,2.39005074370679,0.7334522492015613,3,7,True
ID0270,Merge Q3971,mmlu,2,4.203094209843,1.0,1,7,True
ID0270,Merge Q3971,mmlu,3,2.12724685234109,0.6948156762495138,5,7,True
ID0270,Merge Q3971,mmlu,4,-2.59885201069449,0.0,12,7,False
ID0270,Merge Q3971,mmlu,5,3.16641372901864,0.8475906090385935,2,7,True
ID0270,Merge Q3971,mmlu,6,0.0,0.38207476602029483,10,7,False
ID0270,Merge Q3971,mmlu,7,-0.926266128954865,0.24589813378551784,11,7,False
ID0270,Merge Q3971,mmlu,8,2.27892230476931,0.7171145077178158,4,7,True
ID0270,Merge Q3971,mmlu,9,0.876935337593415,0.5109989458301316,7,7,True
ID0270,Merge Q3971,mmlu,10,1.08820800646951,0.5420595661329191,6,7,True
ID0270,Merge Q3971,mmlu,11,0.168749912939462,0.4068838291131411,9,7,False
ID0270,Merge Q3971,mmlu,12,0.41840968587466,0.4435879965441312,8,7,False
ID0275,Merge Q3048,medxpert,1,2.1507939015228,0.5473287294817304,3,4,True
ID0275,Merge Q3048,medxpert,2,4.68043843949192,1.0,1,4,True
ID0275,Merge Q3048,medxpert,3,3.80897149443626,0.8440539596327125,2,4,True
ID0275,Merge Q3048,medxpert,4,-0.688004173058091,0.03933548700149534,8,4,False
ID0275,Merge Q3048,medxpert,5,-0.364831484447708,0.09716613844452941,7,4,False
ID0275,Merge Q3048,medxpert,6,0.771889341233966,0.3005784569195219,4,4,True
ID0275,Merge Q3048,medxpert,7,0.536352719299589,0.2584299809956222,5,4,False
ID0275,Merge Q3048,medxpert,8,-0.0676771884189431,0.15034088719057045,6,4,False
ID0275,Merge Q3048,medxpert,9,-0.90782108286057,0.0,9,4,False
ID0278,Merge Q1033,jama,1,0.0,0.44569965656193716,6,5,False
ID0278,Merge Q1033,jama,2,1.65815196862573,0.7320995960515915,2,5,True
ID0278,Merge Q1033,jama,3,1.26585432887077,0.6643410175777058,4,5,True
ID0278,Merge Q1033,jama,4,0.649392007057206,0.557864183725508,5,5,True
ID0278,Merge Q1033,jama,5,-2.58043966161761,0.0,8,5,False
ID0278,Merge Q1033,jama,6,3.20919832357347,1.0,1,5,True
ID0278,Merge Q1033,jama,7,-0.316688303676824,0.3910005018847606,7,5,False
ID0278,Merge Q1033,jama,8,1.57763078931506,0.7181917870458076,3,5,True
ID0281,Merge Q3285,medxpert,1,0.178060149403704,0.11015152565742163,4,4,True
ID0281,Merge Q3285,medxpert,2,-0.0966736746630576,0.08794968479399894,8,4,False
ID0281,Merge Q3285,medxpert,3,11.1893756389618,1.0,1,4,True
ID0281,Merge Q3285,medxpert,4,0.0,0.0957620957624785,6,4,False
ID0281,Merge Q3285,medxpert,5,-0.97223082041245,0.01719399796587533,9,4,False
ID0281,Merge Q3285,medxpert,6,-1.18499573667412,0.0,10,4,False
ID0281,Merge Q3285,medxpert,7,0.0,0.0957620957624785,7,4,False
ID0281,Merge Q3285,medxpert,8,0.0897758119531855,0.10301707536733717,5,4,False
ID0281,Merge Q3285,medxpert,9,0.23057786099416,0.11439559672949717,2,4,True
ID0281,Merge Q3285,medxpert,10,0.208211548219946,0.11258812610369623,3,4,True
ID0284,Merge Q2814,medxpert,1,40.7324877705928,0.6886948237400002,2,8,True
ID0284,Merge Q2814,medxpert,2,9.998431088993,0.16905099868419748,5,8,True
ID0284,Merge Q2814,medxpert,3,0.0,0.0,8,8,True
ID0284,Merge Q2814,medxpert,4,4.29349718253771,0.07259338791211187,6,8,True
ID0284,Merge Q2814,medxpert,5,36.8996712292448,0.6238905101110859,3,8,True
ID0284,Merge Q2814,medxpert,6,10.5852130409485,0.1789721627253381,4,8,True
ID0284,Merge Q2814,medxpert,7,2.20302346981865,0.03724817567703792,7,8,True
ID0284,Merge Q2814,medxpert,8,59.1444662664843,1.0,1,8,True
ID0291,Merge Q2630,medxpert,1,2.87069728949041,1.0,1,3,True
ID0291,Merge Q2630,medxpert,2,1.60717106232275,0.6733911640111232,3,3,True
ID0291,Merge Q2630,medxpert,3,-0.31885339692235,0.1755331906707117,5,3,False
ID0291,Merge Q2630,medxpert,4,-0.190788594836143,0.2086366554355723,4,3,False
ID0291,Merge Q2630,medxpert,5,-0.611251192085615,0.09995129813013372,7,3,False
ID0291,Merge Q2630,medxpert,6,-0.997925013216342,0.0,8,3,False
ID0291,Merge Q2630,medxpert,7,2.35035436550174,0.8654965816578674,2,3,True
ID0291,Merge Q2630,medxpert,8,-0.333325578263455,0.17179227718557272,6,3,False
ID0292,Merge Q3070,medxpert,1,52.6919810858074,1.0,1,4,True
ID0292,Merge Q3070,medxpert,2,0.0,0.0,6,4,False
ID0292,Merge Q3070,medxpert,3,8.86863975226879,0.16831099475699085,2,4,True
ID0292,Merge Q3070,medxpert,4,1.67668226477969,0.03182044459572056,5,4,False
ID0292,Merge Q3070,medxpert,5,0.0,0.0,7,4,False
ID0292,Merge Q3070,medxpert,6,0.0,0.0,8,4,False
ID0292,Merge Q3070,medxpert,7,7.70268123629726,0.14618317773540648,3,4,True
ID0292,Merge Q3070,medxpert,8,3.85056726165941,0.07307691193824864,4,4,True
ID0293,Merge Q1656,medxpert,1,6.0569797097242,1.0,1,4,True
ID0293,Merge Q1656,medxpert,2,4.56756068925733,0.8262801337479311,2,4,True
ID0293,Merge Q1656,medxpert,3,-2.51670303940773,0.0,4,4,True
ID0293,Merge Q1656,medxpert,4,0.30936397081073,0.3296211316548416,3,4,True
ID0296,Merge Q654,jama,1,0.689984022364228,0.7555783482032086,3,14,True
ID0296,Merge Q654,jama,2,0.9616797809044,0.8029345332980153,2,14,True
ID0296,Merge Q654,jama,3,-1.01217193901539,0.45889498001067996,12,14,True
ID0296,Merge Q654,jama,4,2.0922998118566,1.0,1,14,True
ID0296,Merge Q654,jama,5,-1.90159851856827,0.3038691895608835,14,14,True
ID0296,Merge Q654,jama,6,0.0,0.6353151124018718,6,14,True
ID0296,Merge Q654,jama,7,0.617306723337518,0.7429107981339989,4,14,True
ID0296,Merge Q654,jama,8,-1.05019449430494,0.45226770258925775,13,14,True
ID0296,Merge Q654,jama,9,0.0,0.6353151124018718,7,14,True
ID0296,Merge Q654,jama,10,0.137811575759884,0.6593354744603657,5,14,True
ID0296,Merge Q654,jama,11,-3.6449815590189902,0.0,15,14,False
ID0296,Merge Q654,jama,12,0.0,0.6353151124018718,8,14,True
ID0296,Merge Q654,jama,13,-0.286225361176185,0.5854264381895239,11,14,True
ID0296,Merge Q654,jama,14,0.0,0.6353151124018718,9,14,True
ID0296,Merge Q654,jama,15,-0.0811571372429809,0.6211695385670303,10,14,True
ID0297,Merge Q947,jama,1,0.0,0.0294811566474964,4,4,True
ID0297,Merge Q947,jama,2,0.0,0.0294811566474964,5,4,False
ID0297,Merge Q947,jama,3,5.21825909614563,1.0,1,4,True
ID0297,Merge Q947,jama,4,1.519836788977,0.31214827135861617,2,4,True
ID0297,Merge Q947,jama,5,0.231181123272019,0.07247741885467886,3,4,True
ID0297,Merge Q947,jama,6,-0.158513474410528,0.0,7,4,False
ID0297,Merge Q947,jama,7,0.0,0.0294811566474964,6,4,False
ID0298,Merge Q3016,medxpert,1,49.9247557817495,0.8728670006652786,2,3,True
ID0298,Merge Q3016,medxpert,2,-2.98649140329007,0.0,4,3,False
ID0298,Merge Q3016,medxpert,3,0.0,0.04926759304285511,3,3,True
ID0298,Merge Q3016,medxpert,4,57.6312741265236,1.0,1,3,True
ID0300,Merge Q235,jama,1,1.86147761043065,0.6722030835329686,4,6,True
ID0300,Merge Q235,jama,2,-3.78004020784188,0.0,12,6,False
ID0300,Merge Q235,jama,3,2.92955374717712,0.7994674289975024,2,6,True
ID0300,Merge Q235,jama,4,4.61253929152877,1.0,1,6,True
ID0300,Merge Q235,jama,5,0.559298843497917,0.5170447359676722,7,6,False
ID0300,Merge Q235,jama,6,1.08371457132405,0.5795303791320245,6,6,True
ID0300,Merge Q235,jama,7,1.51340838246058,0.6307296333266083,5,6,True
ID0300,Merge Q235,jama,8,-0.611166466525997,0.3775804258456548,10,6,False
ID0300,Merge Q235,jama,9,-0.266875347721347,0.41860370347209475,9,6,False
ID0300,Merge Q235,jama,10,0.0,0.450402669182382,8,6,False
ID0300,Merge Q235,jama,11,1.97662457241424,0.6859231754298908,3,6,True
ID0300,Merge Q235,jama,12,-0.861645017273039,0.34773518568250533,11,6,False
ID0302,Merge Q539,jama,1,1.04161043208231,0.802083302599529,4,8,True
ID0302,Merge Q539,jama,2,1.35907521857735,0.8356139439435394,3,8,True
ID0302,Merge Q539,jama,3,-0.214880984276533,0.6693726372721975,11,8,False
ID0302,Merge Q539,jama,4,-0.684653698679333,0.619755227499764,13,8,False
ID0302,Merge Q539,jama,5,0.0,0.6920683740024725,7,8,True
ID0302,Merge Q539,jama,6,-1.07688317991804,0.5783279366018873,14,8,False
ID0302,Merge Q539,jama,7,0.353855719561915,0.7294426269114409,5,8,True
ID0302,Merge Q539,jama,8,0.309688963844118,0.7247777326985985,6,8,True
ID0302,Merge Q539,jama,9,0.0,0.6920683740024725,8,8,True
ID0302,Merge Q539,jama,10,0.0,0.6920683740024725,9,8,False
ID0302,Merge Q539,jama,11,-0.193111704849881,0.6716719092917228,10,8,False
ID0302,Merge Q539,jama,12,1.9293978708148,0.8958514415056116,2,8,True
ID0302,Merge Q539,jama,13,-0.507811688303735,0.6384332865371892,12,8,False
ID0302,Merge Q539,jama,14,-6.552434721977391,0.0,15,8,False
ID0302,Merge Q539,jama,15,2.91546609262331,1.0,1,8,True
ID0303,Merge Q1828,medxpert,1,12.3454904831101,0.3475354914168112,2,2,True
ID0303,Merge Q1828,medxpert,2,3.82212360314433,0.10759585506074798,5,2,False
ID0303,Merge Q1828,medxpert,3,0.0,0.0,8,2,False
ID0303,Merge Q1828,medxpert,4,35.5229632311243,1.0,1,2,True
ID0303,Merge Q1828,medxpert,5,3.18845146637246,0.08975747449972928,7,2,False
ID0303,Merge Q1828,medxpert,6,4.0823000938442,0.11492003263588647,3,2,False
ID0303,Merge Q1828,medxpert,7,4.02249050605224,0.11323634461124678,4,2,False
ID0303,Merge Q1828,medxpert,8,3.23641311814748,0.09110763359155293,6,2,False
ID0304,Merge Q2116,medxpert,1,8.37644825131633,1.0,1,2,True
ID0304,Merge Q2116,medxpert,2,-0.856910375595543,0.15426221264474171,4,2,False
ID0304,Merge Q2116,medxpert,3,0.477476757019758,0.2764866021235718,3,2,False
ID0304,Merge Q2116,medxpert,4,1.24633024054266,0.34691042840708736,2,2,True
ID0304,Merge Q2116,medxpert,5,-2.54107106136082,0.0,5,2,False
ID0305,Merge Q1230,medbullets,1,-0.3656468606432322,0.11898816347873276,5,4,False
ID0305,Merge Q1230,medbullets,2,-1.0153434472491796,0.0011029458415374382,8,4,False
ID0305,Merge Q1230,medbullets,3,-1.0214220732450483,0.0,9,4,False
ID0305,Merge Q1230,medbullets,4,-0.799125649183156,0.04033492382560495,6,4,False
ID0305,Merge Q1230,medbullets,5,0.86906563887882,0.3430225123213316,2,4,True
ID0305,Merge Q1230,medbullets,6,-0.8888352018197896,0.024057433140373494,7,4,False
ID0305,Merge Q1230,medbullets,7,0.0,0.1853335324308221,3,4,True
ID0305,Merge Q1230,medbullets,8,4.489842185565245,1.0,1,4,True
ID0305,Merge Q1230,medbullets,9,-0.0,0.1853335324308221,4,4,True
ID0307,Merge Q3969,mmlu,1,3.60155681729795,0.7872254505664781,2,5,True
ID0307,Merge Q3969,mmlu,2,0.543590440631526,0.3714662149142474,8,5,False
ID0307,Merge Q3969,mmlu,3,1.17950449883938,0.45792470078851705,4,5,True
ID0307,Merge Q3969,mmlu,4,-2.07755634584966,0.01509670320375462,11,5,False
ID0307,Merge Q3969,mmlu,5,-2.18859467485556,0.0,12,5,False
ID0307,Merge Q3969,mmlu,6,0.711163289220691,0.3942493167747222,5,5,True
ID0307,Merge Q3969,mmlu,7,0.693016004482866,0.39178202305647464,6,5,False
ID0307,Merge Q3969,mmlu,8,5.16654290102818,1.0,1,5,True
ID0307,Merge Q3969,mmlu,9,0.68074355031158,0.39011346770388333,7,5,False
ID0307,Merge Q3969,mmlu,10,1.3148468625827,0.47632576566962603,3,5,True
ID0307,Merge Q3969,mmlu,11,0.0,0.29755999154000795,9,5,False
ID0307,Merge Q3969,mmlu,12,-1.46547826411296,0.09831446431587863,10,5,False
ID0309,Merge Q1300,medbullets,1,0.0,0.2002995074785721,5,3,False
ID0309,Merge Q1300,medbullets,2,-1.290748081681036,0.12685600772498062,8,3,False
ID0309,Merge Q1300,medbullets,3,-3.520205408334732,0.0,9,3,False
ID0309,Merge Q1300,medbullets,4,7.535847448809195,0.6290888414351337,2,3,True
ID0309,Merge Q1300,medbullets,5,14.054502850552629,1.0,1,3,True
ID0309,Merge Q1300,medbullets,6,0.0,0.2002995074785721,6,3,False
ID0309,Merge Q1300,medbullets,7,2.398485350579472,0.3367732011096787,4,3,False
ID0309,Merge Q1300,medbullets,8,0.0,0.2002995074785721,7,3,False
ID0309,Merge Q1300,medbullets,9,2.4158873486428405,0.33776337390839745,3,3,True
ID0310,Merge Q245,jama,1,2.78157062485326,0.8141986205861187,3,7,True
ID0310,Merge Q245,jama,2,0.153410639828325,0.4889820529635666,5,7,True
ID0310,Merge Q245,jama,3,-0.461812656372786,0.4128524376235554,8,7,False
ID0310,Merge Q245,jama,4,-1.0619344561191,0.3385915277166141,9,7,False
ID0310,Merge Q245,jama,5,-2.44485242526892,0.1674650217987532,11,7,False
ID0310,Merge Q245,jama,6,-1.29559179875002,0.30967805235620394,10,7,False
ID0310,Merge Q245,jama,7,0.0,0.4699985504347911,6,7,True
ID0310,Merge Q245,jama,8,1.46212826283084,0.650926780744659,4,7,True
ID0310,Merge Q245,jama,9,4.28308007779337,1.0,1,7,True
ID0310,Merge Q245,jama,10,3.54891933934484,0.9091527012046781,2,7,True
ID0310,Merge Q245,jama,11,-0.178641013172071,0.4478929642180202,7,7,True
ID0310,Merge Q245,jama,12,-3.7981809853735906,0.0,12,7,False
ID0313,Merge Q3984,mmlu,1,-0.0783078706871825,0.14350983118508473,13,3,False
ID0313,Merge Q3984,mmlu,2,0.0,0.2133286698097713,3,3,True
ID0313,Merge Q3984,mmlu,3,-0.20906176418066,0.02693042595724191,14,3,False
ID0313,Merge Q3984,mmlu,4,0.0,0.2133286698097713,4,3,False
ID0313,Merge Q3984,mmlu,5,-0.00217781348317226,0.21138694407004743,12,3,False
ID0313,Merge Q3984,mmlu,6,0.882319987145544,1.0,1,3,True
ID0313,Merge Q3984,mmlu,7,-0.239266567854733,0.0,15,3,False
ID0313,Merge Q3984,mmlu,8,0.0,0.2133286698097713,5,3,False
ID0313,Merge Q3984,mmlu,9,0.0,0.2133286698097713,6,3,False
ID0313,Merge Q3984,mmlu,10,0.0,0.2133286698097713,7,3,False
ID0313,Merge Q3984,mmlu,11,0.0,0.2133286698097713,8,3,False
ID0313,Merge Q3984,mmlu,12,0.0813641479854643,0.28587246736398164,2,3,True
ID0313,Merge Q3984,mmlu,13,0.0,0.2133286698097713,9,3,False
ID0313,Merge Q3984,mmlu,14,0.0,0.2133286698097713,10,3,False
ID0313,Merge Q3984,mmlu,15,0.0,0.2133286698097713,11,3,False
ID0314,Merge Q1050,medbullets,1,0.5821870381331057,0.2173137168488993,3,4,True
ID0314,Merge Q1050,medbullets,2,-0.0,0.12310748612299731,4,4,True
ID0314,Merge Q1050,medbullets,3,-0.7607945054769516,0.0,10,4,False
ID0314,Merge Q1050,medbullets,4,-0.0,0.12310748612299731,5,4,False
ID0314,Merge Q1050,medbullets,5,-0.0,0.12310748612299731,6,4,False
ID0314,Merge Q1050,medbullets,6,-0.0734531117533916,0.11122171687680289,7,4,False
ID0314,Merge Q1050,medbullets,7,-0.2641435492600025,0.08036526323507169,9,4,False
ID0314,Merge Q1050,medbullets,8,-0.2485585867393151,0.08288713417844837,8,4,False
ID0314,Merge Q1050,medbullets,9,5.419126224257047,1.0,1,4,True
ID0314,Merge Q1050,medbullets,10,1.8416492109000664,0.421112799045407,2,4,True
ID0315,Merge Q3894,mmlu,1,3.82549492175144,1.0,1,5,True
ID0315,Merge Q3894,mmlu,2,3.13911277626373,0.8672151972986276,2,5,True
ID0315,Merge Q3894,mmlu,3,-0.222672499716282,0.21685737909198027,7,5,False
ID0315,Merge Q3894,mmlu,4,-0.584465701629483,0.1468662826589476,9,5,False
ID0315,Merge Q3894,mmlu,5,-0.162202637155347,0.22855564196539388,6,5,False
ID0315,Merge Q3894,mmlu,6,-0.820282998559611,0.1012459916122035,11,5,False
ID0315,Merge Q3894,mmlu,7,-0.860344153366608,0.09349591744141277,12,5,False
ID0315,Merge Q3894,mmlu,8,0.159182625811722,0.29072957672572786,4,5,True
ID0315,Merge Q3894,mmlu,9,-1.34363687288138,0.0,13,5,False
ID0315,Merge Q3894,mmlu,10,-0.273384805045194,0.2070467750401418,8,5,False
ID0315,Merge Q3894,mmlu,11,-0.642504995928998,0.13563822800578942,10,5,False
ID0315,Merge Q3894,mmlu,12,3.00776717944189,0.8418055923513871,3,5,True
ID0315,Merge Q3894,mmlu,13,-0.0408056622501824,0.25204062546517864,5,5,True
ID0317,Merge Q2085,medxpert,1,2.95413730764303,1.0,1,4,True
ID0317,Merge Q2085,medxpert,2,0.256253268466039,0.0,6,4,False
ID0317,Merge Q2085,medxpert,3,2.44679179787636,0.8119468804443355,2,4,True
ID0317,Merge Q2085,medxpert,4,0.954394055465712,0.2587734598158066,3,4,True
ID0317,Merge Q2085,medxpert,5,0.27163764587888,0.005702386458957705,5,4,False
ID0317,Merge Q2085,medxpert,6,0.680938334523854,0.15741412895839965,4,4,True
ID0320,Merge Q2329,medxpert,1,-2.21554910907535,0.04779767062485071,8,9,True
ID0320,Merge Q2329,medxpert,2,1.23993729179243,0.25756854003891366,3,9,True
ID0320,Merge Q2329,medxpert,3,-3.00290438532829,0.0,10,9,False
ID0320,Merge Q2329,medxpert,4,-2.68733565391079,0.01915710828227186,9,9,True
ID0320,Merge Q2329,medxpert,5,-0.218416620291688,0.1690368161188139,6,9,True
ID0320,Merge Q2329,medxpert,6,13.4697660599043,1.0,1,9,True
ID0320,Merge Q2329,medxpert,7,0.626213467801218,0.22031144647708428,4,9,True
ID0320,Merge Q2329,medxpert,8,-1.59145273245294,0.08568444670632278,7,9,True
ID0320,Merge Q2329,medxpert,9,0.132029381767061,0.19031120530931536,5,9,True
ID0320,Merge Q2329,medxpert,10,1.36191897141403,0.2649736344361553,2,9,True
ID0321,Merge Q11,jama,1,0.0,0.22640778167213746,4,7,True
ID0321,Merge Q11,jama,2,0.306576317394881,0.9858189081620347,2,7,True
ID0321,Merge Q11,jama,3,0.0,0.22640778167213746,5,7,True
ID0321,Merge Q11,jama,4,-0.0084320293689818,0.20552105116370556,8,7,False
ID0321,Merge Q11,jama,5,0.0,0.22640778167213746,6,7,True
ID0321,Merge Q11,jama,6,0.0,0.22640778167213746,7,7,True
ID0321,Merge Q11,jama,7,0.149342205522808,0.5963389410398148,3,7,True
ID0321,Merge Q11,jama,8,-0.0914014313372212,0.0,9,7,False
ID0321,Merge Q11,jama,9,0.312301262369571,1.0,1,7,True
ID0324,Merge Q552,jama,1,2.41588230383148,0.5076363438876509,5,6,True
ID0324,Merge Q552,jama,2,5.31756767946769,0.8891936991841476,2,6,True
ID0324,Merge Q552,jama,3,-1.28104864060879,0.02150810761560844,9,6,False
ID0324,Merge Q552,jama,4,2.73487597512172,0.5495824427293068,3,6,True
ID0324,Merge Q552,jama,5,-1.4446145120551,0.0,10,6,False
ID0324,Merge Q552,jama,6,0.0,0.18995970316796626,7,6,False
ID0324,Merge Q552,jama,7,6.16023266323103,1.0,1,6,True
ID0324,Merge Q552,jama,8,0.0,0.18995970316796626,8,6,False
ID0324,Merge Q552,jama,9,1.11194258933251,0.3361746847058002,6,6,True
ID0324,Merge Q552,jama,10,2.43669173047942,0.5103726811431273,4,6,True
ID0325,Merge Q1089,medbullets,1,6.789018644416707,0.9924842295113541,2,4,True
ID0325,Merge Q1089,medbullets,2,3.5636945906788378,0.6528627566590924,3,4,True
ID0325,Merge Q1089,medbullets,3,-0.2680821642279625,0.24938278272148084,7,4,False
ID0325,Merge Q1089,medbullets,4,1.0482778971392093,0.3879933952976975,5,4,False
ID0325,Merge Q1089,medbullets,5,-0.4264915287960594,0.2327025295711472,8,4,False
ID0325,Merge Q1089,medbullets,6,6.860394565190561,1.0,1,4,True
ID0325,Merge Q1089,medbullets,7,-2.067975233217497,0.059856916519484715,9,4,False
ID0325,Merge Q1089,medbullets,8,-2.636425605367127,0.0,10,4,False
ID0325,Merge Q1089,medbullets,9,1.290713786886052,0.4135215073807766,4,4,True
ID0325,Merge Q1089,medbullets,10,0.8835027927709129,0.370642839910839,6,4,False
ID0327,Merge Q2282,medxpert,1,0.0,0.0,2,3,True
ID0327,Merge Q2282,medxpert,2,0.0,0.0,3,3,True
ID0327,Merge Q2282,medxpert,3,0.0,0.0,4,3,False
ID0327,Merge Q2282,medxpert,4,4.9157553679649,1.0,1,3,True
ID0327,Merge Q2282,medxpert,5,0.0,0.0,5,3,False
ID0327,Merge Q2282,medxpert,6,0.0,0.0,6,3,False
ID0327,Merge Q2282,medxpert,7,0.0,0.0,7,3,False
ID0328,Merge Q354,jama,1,-4.19816549254347,0.11900570108830463,23,11,False
ID0328,Merge Q354,jama,2,0.0,0.36361824627967915,10,11,True
ID0328,Merge Q354,jama,3,-0.605043187737465,0.32836447785010325,21,11,False
ID0328,Merge Q354,jama,4,0.333929779530607,0.38307517655821566,8,11,True
ID0328,Merge Q354,jama,5,-0.590868720759209,0.32919037488785474,20,11,False
ID0328,Merge Q354,jama,6,1.2339228207186,0.43551465014508045,6,11,True
ID0328,Merge Q354,jama,7,0.0,0.36361824627967915,11,11,True
ID0328,Merge Q354,jama,8,0.346160466651887,0.38378781628418396,7,11,True
ID0328,Merge Q354,jama,9,0.0690248373793559,0.36764008419501953,9,11,True
ID0328,Merge Q354,jama,10,0.0,0.36361824627967915,12,11,False
ID0328,Merge Q354,jama,11,-2.22710298481469,0.23385267832233464,22,11,False
ID0328,Merge Q354,jama,12,-0.232660214693544,0.35006194236978266,19,11,False
ID0328,Merge Q354,jama,13,1.4623236525916,0.44882277458836745,5,11,True
ID0328,Merge Q354,jama,14,0.0,0.36361824627967915,13,11,False
ID0328,Merge Q354,jama,15,-6.24060214408149,0.0,24,11,False
ID0328,Merge Q354,jama,16,0.0,0.36361824627967915,14,11,False
ID0328,Merge Q354,jama,17,0.0,0.36361824627967915,15,11,False
ID0328,Merge Q354,jama,18,-0.107320714741945,0.35736504038977035,18,11,False
ID0328,Merge Q354,jama,19,4.725036222271671,0.6389297218525642,4,11,True
ID0328,Merge Q354,jama,20,0.0,0.36361824627967915,16,11,False
ID0328,Merge Q354,jama,21,6.04944693832176,0.7160985415923183,3,11,True
ID0328,Merge Q354,jama,22,8.98348910421933,0.8870550041647822,2,11,True
ID0328,Merge Q354,jama,23,0.0,0.36361824627967915,17,11,False
ID0328,Merge Q354,jama,24,10.9219088353084,1.0,1,11,True
ID0330,Merge Q1314,medbullets,1,6.201727149386534,0.7043768344018259,2,4,True
ID0330,Merge Q1314,medbullets,2,0.0211680550743747,0.006973089014063602,7,4,False
ID0330,Merge Q1314,medbullets,3,2.444399535655976,0.2804063957280769,4,4,True
ID0330,Merge Q1314,medbullets,4,-0.0,0.004584521787996767,8,4,False
ID0330,Merge Q1314,medbullets,5,-0.0406291305678624,0.0,9,4,False
ID0330,Merge Q1314,medbullets,6,2.848114234184232,0.3259608736523805,3,4,True
ID0330,Merge Q1314,medbullets,7,1.4306112611405393,0.16601225615453608,6,4,False
ID0330,Merge Q1314,medbullets,8,2.1190977199097145,0.24369989373998605,5,4,False
ID0330,Merge Q1314,medbullets,9,8.82161047624084,1.0,1,4,True
ID0332,Merge Q731,jama,1,6.91676008337032,1.0,1,5,True
ID0332,Merge Q731,jama,2,1.59898585595229,0.28863886655370286,5,5,True
ID0332,Merge Q731,jama,3,0.0,0.07474178438910432,7,5,False
ID0332,Merge Q731,jama,4,0.0,0.07474178438910432,8,5,False
ID0332,Merge Q731,jama,5,1.14618352811656,0.2280672884119319,6,5,False
ID0332,Merge Q731,jama,6,2.300055728212,0.38242130966390264,4,5,True
ID0332,Merge Q731,jama,7,-0.558731586599424,0.0,10,5,False
ID0332,Merge Q731,jama,8,4.70513402069706,0.7041497522420207,2,5,True
ID0332,Merge Q731,jama,9,-0.302715096538002,0.03424744503293095,9,5,False
ID0332,Merge Q731,jama,10,4.2198431232485,0.6392321630220297,3,5,True
ID0334,Merge Q908,jama,1,-1.49881616539501,0.1567857224118367,9,4,False
ID0334,Merge Q908,jama,2,1.52089234376932,0.4272195350286177,4,4,True
ID0334,Merge Q908,jama,3,-0.785739317536354,0.22064622089039312,8,4,False
ID0334,Merge Q908,jama,4,1.17869545363818,0.39657365997712807,5,4,False
ID0334,Merge Q908,jama,5,2.84306690037594,0.5456285487472897,3,4,True
ID0334,Merge Q908,jama,6,-3.24951137433103,0.0,11,4,False
ID0334,Merge Q908,jama,7,1.17629441537866,0.3963586319607516,6,4,False
ID0334,Merge Q908,jama,8,-1.77306251260756,0.1322252441246659,10,4,False
ID0334,Merge Q908,jama,9,1.06567868253987,0.3864523001819696,7,4,False
ID0334,Merge Q908,jama,10,5.322200047424049,0.7676504514925968,2,4,True
ID0334,Merge Q908,jama,11,7.91665338866559,1.0,1,4,True
ID0336,Merge Q2494,medxpert,1,0.171860078522643,0.7869815612871366,3,4,True
ID0336,Merge Q2494,medxpert,2,0.0728516154020763,0.7635824048047538,4,4,True
ID0336,Merge Q2494,medxpert,3,0.315265070647001,0.8208731675732225,2,4,True
ID0336,Merge Q2494,medxpert,4,1.07320146872115,1.0,1,4,True
ID0336,Merge Q2494,medxpert,5,-3.1580819621628,0.0,5,4,False
ID0337,Merge Q581,jama,1,-1.61742183006144,0.05532136354090579,15,12,False
ID0337,Merge Q581,jama,2,-2.16364200970393,0.0,16,12,False
ID0337,Merge Q581,jama,3,-0.37011269107461,0.18164925272828092,12,12,True
ID0337,Merge Q581,jama,4,0.120904940385855,0.23137968361935127,7,12,True
ID0337,Merge Q581,jama,5,0.37762565495172,0.2573804439506061,5,12,True
ID0337,Merge Q581,jama,6,0.0,0.2191343905850382,8,12,True
ID0337,Merge Q581,jama,7,1.93808030432818,0.4154238157713871,3,12,True
ID0337,Merge Q581,jama,8,-0.37504498466207,0.18114970837453526,13,12,False
ID0337,Merge Q581,jama,9,0.404337084848179,0.2600857865561587,4,12,True
ID0337,Merge Q581,jama,10,0.348751306575749,0.25445604023384966,6,12,True
ID0337,Merge Q581,jama,11,-0.304517476694353,0.18829275810673282,11,12,True
ID0337,Merge Q581,jama,12,-1.54197787316286,0.06296235287469881,14,12,False
ID0337,Merge Q581,jama,13,0.0,0.2191343905850382,9,12,True
ID0337,Merge Q581,jama,14,2.55676950048121,0.47808486568282477,2,12,True
ID0337,Merge Q581,jama,15,7.70994288916797,1.0,1,12,True
ID0337,Merge Q581,jama,16,0.0,0.2191343905850382,10,12,True
ID0339,Merge Q3866,mmlu,1,2.60719793334087,0.4554714068824464,4,3,False
ID0339,Merge Q3866,mmlu,2,4.13390008699027,0.6056517298951961,3,3,True
ID0339,Merge Q3866,mmlu,3,-1.79973757266998,0.02196510952966718,6,3,False
ID0339,Merge Q3866,mmlu,4,0.471758842990606,0.24541017680147895,5,3,False
ID0339,Merge Q3866,mmlu,5,-2.02303034066623,0.0,7,3,False
ID0339,Merge Q3866,mmlu,6,8.14276317357324,1.0,1,3,True
ID0339,Merge Q3866,mmlu,7,4.89545420501317,0.6805651261742148,2,3,True
ID0345,Merge Q223,jama,1,-0.438369069044596,0.0,7,5,False
ID0345,Merge Q223,jama,2,1.06180605621154,1.0,1,5,True
ID0345,Merge Q223,jama,3,0.879080191254616,0.8781969772190925,2,5,True
ID0345,Merge Q223,jama,4,0.0143508312346661,0.3017780342158159,5,5,True
ID0345,Merge Q223,jama,5,-0.247136582274758,0.12747344196710866,6,5,False
ID0345,Merge Q223,jama,6,0.312746603513535,0.5006853266080434,4,5,True
ID0345,Merge Q223,jama,7,0.749361761030697,0.7917281189904432,3,5,True
ID0349,Merge Q2998,medxpert,1,9.63636281289489,1.0,1,2,True
ID0349,Merge Q2998,medxpert,2,0.584087221172409,0.0,4,2,False
ID0349,Merge Q2998,medxpert,3,2.38194599747658,0.1986084888918049,3,2,False
ID0349,Merge Q2998,medxpert,4,7.60703172631506,0.7758208898947491,2,2,True
ID0352,Merge Q747,jama,1,1.26591148256809,0.8637667170614942,2,5,True
ID0352,Merge Q747,jama,2,0.0,0.20628521693131632,8,5,False
ID0352,Merge Q747,jama,3,0.0,0.20628521693131632,9,5,False
ID0352,Merge Q747,jama,4,-0.242178254528143,0.08050413011863143,11,5,False
ID0352,Merge Q747,jama,5,-0.397180490623232,0.0,12,5,False
ID0352,Merge Q747,jama,6,0.0308526403415601,0.22230927590706281,7,5,False
ID0352,Merge Q747,jama,7,1.52821434150124,1.0,1,5,True
ID0352,Merge Q747,jama,8,1.23474169730444,0.847577941261542,3,5,True
ID0352,Merge Q747,jama,9,1.08587547239951,0.7702606957692647,4,5,True
ID0352,Merge Q747,jama,10,0.957137179211455,0.7033973745220554,5,5,True
ID0352,Merge Q747,jama,11,0.0,0.20628521693131632,10,5,False
ID0352,Merge Q747,jama,12,0.437617377955558,0.43357230145760695,6,5,False
ID0353,Merge Q3249,medxpert,1,0.0614068794566555,0.11405052281221136,3,5,True
ID0353,Merge Q3249,medxpert,2,0.021881979647482,0.07545308446900231,4,5,True
ID0353,Merge Q3249,medxpert,3,0.0,0.0540845708396517,5,5,True
ID0353,Merge Q3249,medxpert,4,0.710416409525538,0.7478308851137188,2,5,True
ID0353,Merge Q3249,medxpert,5,0.0,0.0540845708396517,6,5,False
ID0353,Merge Q3249,medxpert,6,0.0,0.0540845708396517,7,5,False
ID0353,Merge Q3249,medxpert,7,-0.055384174064896,0.0,8,5,False
ID0353,Merge Q3249,medxpert,8,0.968644919724113,1.0,1,5,True
ID0356,Merge Q342,jama,1,-0.291259427668746,0.39680608576825027,6,3,False
ID0356,Merge Q342,jama,2,2.56520906197732,0.6076956437804294,2,3,True
ID0356,Merge Q342,jama,3,-1.14991115033627,0.3334128843602462,7,3,False
ID0356,Merge Q342,jama,4,-1.18290426151051,0.3309770435105387,8,3,False
ID0356,Merge Q342,jama,5,1.07566755822691,0.4977246251938939,3,3,True
ID0356,Merge Q342,jama,6,0.923848334836778,0.48651599851568944,4,3,False
ID0356,Merge Q342,jama,7,7.8789146928050595,1.0,1,3,True
ID0356,Merge Q342,jama,8,-5.66594033259692,0.0,9,3,False
ID0356,Merge Q342,jama,9,0.0,0.4183094113573776,5,3,False
ID0357,Merge Q1868,medxpert,1,0.0,0.0,5,2,False
ID0357,Merge Q1868,medxpert,2,3.16940727127019,0.05532544092687997,4,2,False
ID0357,Merge Q1868,medxpert,3,6.78017927706242,0.11835538192491078,3,2,False
ID0357,Merge Q1868,medxpert,4,0.0,0.0,6,2,False
ID0357,Merge Q1868,medxpert,5,42.3829787084856,0.7398408548175613,2,2,True
ID0357,Merge Q1868,medxpert,6,57.286615672146,1.0,1,2,True
ID0357,Merge Q1868,medxpert,7,0.0,0.0,7,2,False
ID0359,Merge Q2281,medxpert,1,1.96265733710754,0.0,7,4,False
ID0359,Merge Q2281,medxpert,2,45.3208512819729,0.43429402798967986,2,4,True
ID0359,Merge Q2281,medxpert,3,24.2775413542986,0.22351532622119524,4,4,True
ID0359,Merge Q2281,medxpert,4,2.01823162955821,0.0005566556428011969,6,4,False
ID0359,Merge Q2281,medxpert,5,5.36091314476346,0.03403836895796226,5,4,False
ID0359,Merge Q2281,medxpert,6,40.636710113288,0.38737568682428725,3,4,True
ID0359,Merge Q2281,medxpert,7,101.79869271979,1.0,1,4,True
ID0360,Merge Q4007,mmlu,1,0.337309731767876,0.19858702902610517,7,8,True
ID0360,Merge Q4007,mmlu,2,2.12226878399142,0.3523355124397236,5,8,True
ID0360,Merge Q4007,mmlu,3,0.0,0.16953265960773575,9,8,False
ID0360,Merge Q4007,mmlu,4,0.00317749003041673,0.16980635455475981,8,8,True
ID0360,Merge Q4007,mmlu,5,3.12467049203854,0.4386779650531207,4,8,True
ID0360,Merge Q4007,mmlu,6,-0.0762682342185344,0.16296325101030776,10,8,False
ID0360,Merge Q4007,mmlu,7,4.37067735065129,0.5460034886252352,2,8,True
ID0360,Merge Q4007,mmlu,8,4.00741251988871,0.5147134616984681,3,8,True
ID0360,Merge Q4007,mmlu,9,1.28813324440956,0.280486763857871,6,8,True
ID0360,Merge Q4007,mmlu,10,9.64139719558289,1.0,1,8,True
ID0360,Merge Q4007,mmlu,11,-1.96820709184021,0.0,11,8,False
ID0363,Merge Q1322,medbullets,1,0.0587064704075983,0.1447254647400207,5,4,False
ID0363,Merge Q1322,medbullets,2,0.1294744137754318,0.28705633189185403,3,4,True
ID0363,Merge Q1322,medbullets,3,-0.0,0.026653037552107198,6,4,False
ID0363,Merge Q1322,medbullets,4,0.424158742569044,0.8797353622155639,2,4,True
ID0363,Merge Q1322,medbullets,5,0.0703079917230719,0.16805883449091255,4,4,True
ID0363,Merge Q1322,medbullets,6,-0.0132520843146143,0.0,9,4,False
ID0363,Merge Q1322,medbullets,7,0.4839551960453155,1.0,1,4,True
ID0363,Merge Q1322,medbullets,8,-0.0,0.026653037552107198,7,4,False
ID0363,Merge Q1322,medbullets,9,-0.0,0.026653037552107198,8,4,False
ID0364,Merge Q448,jama,1,0.681733541208674,0.4230759241398804,5,6,True
ID0364,Merge Q448,jama,2,-0.537160550786287,0.0,11,6,False
ID0364,Merge Q448,jama,3,0.559293922036886,0.38057735484444943,7,6,False
ID0364,Merge Q448,jama,4,0.0,0.18644745095403661,9,6,False
ID0364,Merge Q448,jama,5,0.431337012609892,0.3361637441284396,8,6,False
ID0364,Merge Q448,jama,6,1.89206485643909,0.8431797240265911,2,6,True
ID0364,Merge Q448,jama,7,0.611299611083336,0.39862843499846584,6,6,True
ID0364,Merge Q448,jama,8,2.34386865094149,1.0,1,6,True
ID0364,Merge Q448,jama,9,0.0,0.18644745095403661,10,6,False
ID0364,Merge Q448,jama,10,0.778742761199978,0.4567476480964187,4,6,True
ID0364,Merge Q448,jama,11,1.78271243778894,0.8052236982478276,3,6,True
ID0367,Merge Q3333,medxpert,1,4.30473097606446,0.07435012546039287,5,4,False
ID0367,Merge Q3333,medxpert,2,35.5327475873887,0.6137118105090296,2,4,True
ID0367,Merge Q3333,medxpert,3,5.35733867436647,0.09253047514182158,4,4,True
ID0367,Merge Q3333,medxpert,4,17.3680457226335,0.2999760927360456,3,4,True
ID0367,Merge Q3333,medxpert,5,0.0,0.0,6,4,False
ID0367,Merge Q3333,medxpert,6,57.8980996926177,1.0,1,4,True
ID0368,Merge Q502,jama,1,0.0,0.3493240458694932,6,3,False
ID0368,Merge Q502,jama,2,0.652477610498908,0.43907962671108935,2,3,True
ID0368,Merge Q502,jama,3,0.540669199079275,0.4236991312757412,4,3,False
ID0368,Merge Q502,jama,4,0.0,0.3493240458694932,7,3,False
ID0368,Merge Q502,jama,5,0.414558045894868,0.4063511340072757,5,3,False
ID0368,Merge Q502,jama,6,-0.564860927130911,0.2716211181466694,12,3,False
ID0368,Merge Q502,jama,7,0.568243857946421,0.42749233349954946,3,3,True
ID0368,Merge Q502,jama,8,-2.53940887688076,0.0,13,3,False
ID0368,Merge Q502,jama,9,0.0,0.3493240458694932,8,3,False
ID0368,Merge Q502,jama,10,4.73008461177956,1.0,1,3,True
ID0368,Merge Q502,jama,11,0.0,0.3493240458694932,9,3,False
ID0368,Merge Q502,jama,12,0.0,0.3493240458694932,10,3,False
ID0368,Merge Q502,jama,13,0.0,0.3493240458694932,11,3,False
ID0371,Merge Q2988,medxpert,1,0.0,0.0902288438504518,8,5,False
ID0371,Merge Q2988,medxpert,2,5.86700876086605,0.5303492763761103,2,5,True
ID0371,Merge Q2988,medxpert,3,1.47275121510029,0.2007089757561944,5,5,True
ID0371,Merge Q2988,medxpert,4,-1.20279218648308,0.0,11,5,False
ID0371,Merge Q2988,medxpert,5,-0.103940576549,0.08243162155672551,9,5,False
ID0371,Merge Q2988,medxpert,6,1.51002933972269,0.20350543729243628,4,5,True
ID0371,Merge Q2988,medxpert,7,4.00501710659226,0.39066982375549114,3,5,True
ID0371,Merge Q2988,medxpert,8,0.0640770649703978,0.09503565882196777,7,5,False
ID0371,Merge Q2988,medxpert,9,12.1276699490689,1.0,1,5,True
ID0371,Merge Q2988,medxpert,10,0.10707016085194,0.09826083552209736,6,5,False
ID0371,Merge Q2988,medxpert,11,-0.335225863105897,0.06508148889027689,10,5,False
ID0376,Merge Q2409,medxpert,1,15.396920510036,0.22776537492341836,4,2,False
ID0376,Merge Q2409,medxpert,2,59.9090569210346,1.0,1,2,True
ID0376,Merge Q2409,medxpert,3,3.03546499460936,0.013308268726250813,5,2,False
ID0376,Merge Q2409,medxpert,4,19.2342385721135,0.29433845170424444,3,2,False
ID0376,Merge Q2409,medxpert,5,2.26836720631949,0.0,6,2,False
ID0376,Merge Q2409,medxpert,6,31.3452776523959,0.5044511193392843,2,2,True
ID0379,Merge Q2772,medxpert,1,15.7517308710903,0.20994706703947896,2,2,True
ID0379,Merge Q2772,medxpert,2,4.09494884035137,0.0,4,2,False
ID0379,Merge Q2772,medxpert,3,59.617429792881,1.0,1,2,True
ID0379,Merge Q2772,medxpert,4,6.20636739389582,0.0380281737653197,3,2,False
ID0382,Merge Q1293,medbullets,1,0.9307308888323644,0.7091508132687255,5,5,True
ID0382,Merge Q1293,medbullets,2,1.2518548469192636,0.8315969533555401,2,5,True
ID0382,Merge Q1293,medbullets,3,1.2489683479070663,0.8304963171261114,3,5,True
ID0382,Merge Q1293,medbullets,4,0.1585150189293261,0.4147011149443754,7,5,False
ID0382,Merge Q1293,medbullets,5,-0.9290689862469084,0.0,8,5,False
ID0382,Merge Q1293,medbullets,6,0.6477604049456139,0.6012527800081413,6,5,False
ID0382,Merge Q1293,medbullets,7,1.6935041537411866,1.0,1,5,True
ID0382,Merge Q1293,medbullets,8,0.993505354121377,0.7330870247443367,4,5,True
ID0385,Merge Q3068,medxpert,1,7.39090472940056,0.8791942728437028,2,4,True
ID0385,Merge Q3068,medxpert,2,-0.00703287258215698,0.16573473509941242,8,4,False
ID0385,Merge Q3068,medxpert,3,8.64355212450028,1.0,1,4,True
ID0385,Merge Q3068,medxpert,4,2.19154100623626,0.37776592374556445,4,4,True
ID0385,Merge Q3068,medxpert,5,-0.869994768693674,0.08251040575042615,9,4,False
ID0385,Merge Q3068,medxpert,6,2.60812555337924,0.4179414746121179,3,4,True
ID0385,Merge Q3068,medxpert,7,0.0,0.1664129876464649,7,4,False
ID0385,Merge Q3068,medxpert,8,0.178517127505876,0.18362923819116347,5,4,False
ID0385,Merge Q3068,medxpert,9,-1.00416415137112,0.06957106631630705,10,4,False
ID0385,Merge Q3068,medxpert,10,0.099821475103257,0.1760398035667608,6,4,False
ID0385,Merge Q3068,medxpert,11,-1.7255539153074,0.0,11,4,False
ID0388,Merge Q3296,medxpert,1,1.33069231773328,0.2411640749053896,4,9,True
ID0388,Merge Q3296,medxpert,2,10.5500793017203,1.0,1,9,True
ID0388,Merge Q3296,medxpert,3,4.7048499584198,0.5188866652611875,3,9,True
ID0388,Merge Q3296,medxpert,4,-1.59930197966482,0.0,9,9,True
ID0388,Merge Q3296,medxpert,5,0.0,0.13163649593541174,6,9,True
ID0388,Merge Q3296,medxpert,6,-0.475747900631505,0.0924782960556837,7,9,True
ID0388,Merge Q3296,medxpert,7,8.02970688281227,0.7925513768532672,2,9,True
ID0388,Merge Q3296,medxpert,8,-0.572987690113653,0.08447461362692203,8,9,True
ID0388,Merge Q3296,medxpert,9,0.286154193840065,0.1551894808333753,5,9,True
ID0389,Merge Q321,jama,1,2.35527769611737,0.5970059169804983,3,6,True
ID0389,Merge Q321,jama,2,2.57635773391061,0.6043028238814844,2,6,True
ID0389,Merge Q321,jama,3,0.984801337122917,0.5517723513388214,4,6,True
ID0389,Merge Q321,jama,4,-0.515193626689692,0.502263930261361,8,6,False
ID0389,Merge Q321,jama,5,0.484890861102365,0.5352724437091642,7,6,False
ID0389,Merge Q321,jama,6,0.676776124376036,0.5416057559148036,5,6,True
ID0389,Merge Q321,jama,7,0.54027966940588,0.5371005914767402,6,6,True
ID0389,Merge Q321,jama,8,14.565101435593,1.0,1,6,True
ID0389,Merge Q321,jama,9,-0.806446355274217,0.4926509228349418,9,6,False
ID0389,Merge Q321,jama,10,-1.81324007902494,0.45942096619101913,10,6,False
ID0389,Merge Q321,jama,11,-15.7326727847912,0.0,11,6,False
ID0391,Merge Q2636,medxpert,1,10.0409600518034,1.0,1,2,True
ID0391,Merge Q2636,medxpert,2,9.61860064887508,0.9470519094272791,2,2,True
ID0391,Merge Q2636,medxpert,3,2.06410199403763,0.0,4,2,False
ID0391,Merge Q2636,medxpert,4,2.84499389944089,0.09789467228178046,3,2,False
ID0393,Merge Q975,jama,1,0.0,0.19028299329064008,8,13,True
ID0393,Merge Q975,jama,2,0.988338339893274,0.2705444241855159,7,13,True
ID0393,Merge Q975,jama,3,0.0,0.19028299329064008,9,13,True
ID0393,Merge Q975,jama,4,-1.6828120162521,0.053624427190624595,14,13,False
ID0393,Merge Q975,jama,5,1.62415218200887,0.32217788480435317,4,13,True
ID0393,Merge Q975,jama,6,-0.437397617732577,0.15476260796083746,12,13,True
ID0393,Merge Q975,jama,7,0.0,0.19028299329064008,10,13,True
ID0393,Merge Q975,jama,8,3.57791340344887,0.48083981759614197,2,13,True
ID0393,Merge Q975,jama,9,2.58048597517113,0.3998402758642971,3,13,True
ID0393,Merge Q975,jama,10,-0.56736874938436,0.144207852994512,13,13,True
ID0393,Merge Q975,jama,11,1.61759421536313,0.32164532245651917,5,13,True
ID0393,Merge Q975,jama,12,-0.436671340339747,0.15482158782676214,11,13,True
ID0393,Merge Q975,jama,13,-2.34314259790752,0.0,15,13,False
ID0393,Merge Q975,jama,14,1.05252718673162,0.27575710134958703,6,13,True
ID0393,Merge Q975,jama,15,9.97084593772888,1.0,1,13,True
ID0395,Merge Q1012,jama,1,-0.160050680066875,0.21713934455272538,5,5,True
ID0395,Merge Q1012,jama,2,0.63391530285181,0.2861451756479692,3,5,True
ID0395,Merge Q1012,jama,3,-2.65840843319893,0.0,6,5,False
ID0395,Merge Q1012,jama,4,8.65129440245098,0.9829582883958237,2,5,True
ID0395,Merge Q1012,jama,5,0.0,0.23104980222091592,4,5,True
ID0395,Merge Q1012,jama,6,8.8473726046793,1.0,1,5,True
ID0396,Merge Q1292,medbullets,1,2.1746893022219798,0.8276484862718644,2,3,True
ID0396,Merge Q1292,medbullets,2,-0.4557044847698036,0.013101223055005213,6,3,False
ID0396,Merge Q1292,medbullets,3,-0.4980118833482265,0.0,7,3,False
ID0396,Merge Q1292,medbullets,4,0.0600099722428665,0.17280118951571186,4,3,False
ID0396,Merge Q1292,medbullets,5,2.731259032870525,1.0,1,3,True
ID0396,Merge Q1292,medbullets,6,0.1797100471873235,0.20986840315309144,3,3,True
ID0396,Merge Q1292,medbullets,7,-0.046511105530415,0.1398150819586506,5,3,False
ID0397,Merge Q1928,medxpert,1,2.15047375762888,0.5272052527851144,4,7,True
ID0397,Merge Q1928,medxpert,2,3.6632484363452,0.6887920733937412,3,7,True
ID0397,Merge Q1928,medxpert,3,5.73941606283188,0.9105576347390816,2,7,True
ID0397,Merge Q1928,medxpert,4,-2.78521811312867,0.0,9,7,False
ID0397,Merge Q1928,medxpert,5,-0.658997303605959,0.2271119852523012,8,7,False
ID0397,Merge Q1928,medxpert,6,-0.639678047229208,0.229175568982491,7,7,True
ID0397,Merge Q1928,medxpert,7,1.81396268315204,0.4912608683441701,6,7,True
ID0397,Merge Q1928,medxpert,8,6.57677485769878,1.0,1,7,True
ID0397,Merge Q1928,medxpert,9,2.05440269848264,0.516943435729109,5,7,True
ID0399,Merge Q236,jama,1,49.8082893593121,1.0,1,6,True
ID0399,Merge Q236,jama,2,22.9657978181429,0.5192195664297737,3,6,True
ID0399,Merge Q236,jama,3,0.0,0.1078752537992496,6,6,True
ID0399,Merge Q236,jama,4,1.24833483974307,0.13023439153324065,4,6,True
ID0399,Merge Q236,jama,5,0.0779551184248004,0.10927152119036754,5,6,True
ID0399,Merge Q236,jama,6,-0.137495698367268,0.1054125449492284,9,6,False
ID0399,Merge Q236,jama,7,34.8330596514256,0.7317761124846088,2,6,True
ID0399,Merge Q236,jama,8,-4.66401974351865,0.024337202533412455,10,6,False
ID0399,Merge Q236,jama,9,-6.02279208017079,0.0,11,6,False
ID0399,Merge Q236,jama,10,0.0,0.1078752537992496,7,6,False
ID0399,Merge Q236,jama,11,0.0,0.1078752537992496,8,6,False
ID0400,Merge Q722,jama,1,0.354603439326784,0.5376023112557704,4,9,True
ID0400,Merge Q722,jama,2,1.38614912498868,1.0,1,9,True
ID0400,Merge Q722,jama,3,0.0,0.3786487980526698,5,9,True
ID0400,Merge Q722,jama,4,0.869497573737719,0.768407268330268,3,9,True
ID0400,Merge Q722,jama,5,-0.844713422061127,0.0,14,9,False
ID0400,Merge Q722,jama,6,0.0,0.3786487980526698,6,9,True
ID0400,Merge Q722,jama,7,0.0,0.3786487980526698,7,9,True
ID0400,Merge Q722,jama,8,1.34645750723065,0.9822079500996062,2,9,True
ID0400,Merge Q722,jama,9,-0.0870973383560472,0.3396067968001818,11,9,False
ID0400,Merge Q722,jama,10,-0.449668721586609,0.17708159608351617,12,9,False
ID0400,Merge Q722,jama,11,-0.0634419714071845,0.3502104832443088,10,9,False
ID0400,Merge Q722,jama,12,0.0,0.3786487980526698,8,9,True
ID0400,Merge Q722,jama,13,0.0,0.3786487980526698,9,9,True
ID0400,Merge Q722,jama,14,-0.51669109537662,0.14703834044741956,13,9,False
ID0403,Merge Q1215,medbullets,1,3.4637162205037715,0.4536844897257141,2,2,True
ID0403,Merge Q1215,medbullets,2,1.1124044021419128,0.340869623344182,3,2,False
ID0403,Merge Q1215,medbullets,3,-5.6699570417404175,0.015455021134631215,7,2,False
ID0403,Merge Q1215,medbullets,4,0.9195196276954078,0.33161510002392985,4,2,False
ID0403,Merge Q1215,medbullets,5,0.773785501293459,0.3246228432467239,5,2,False
ID0403,Merge Q1215,medbullets,6,-5.992073931229013,0.0,8,2,False
ID0403,Merge Q1215,medbullets,7,-1.3782198669053836,0.2213706092513052,6,2,False
ID0403,Merge Q1215,medbullets,8,14.85014211510202,1.0,1,2,True
ID0405,Merge Q686,jama,1,0.0,0.22959010775457928,4,6,True
ID0405,Merge Q686,jama,2,0.202963226679047,0.30103317092010146,3,6,True
ID0405,Merge Q686,jama,3,-0.469593744724989,0.06429309254909048,13,6,False
ID0405,Merge Q686,jama,4,-0.365999315373086,0.10075833544497655,10,6,False
ID0405,Merge Q686,jama,5,0.0,0.22959010775457928,5,6,True
ID0405,Merge Q686,jama,6,-0.652244556976771,0.0,14,6,False
ID0405,Merge Q686,jama,7,0.0,0.22959010775457928,6,6,True
ID0405,Merge Q686,jama,8,-0.0137695667202117,0.22474321976875916,8,6,False
ID0405,Merge Q686,jama,9,-0.36802231279799,0.10004624027790643,11,6,False
ID0405,Merge Q686,jama,10,-0.441753670669308,0.0740927996282358,12,6,False
ID0405,Merge Q686,jama,11,-0.246771082157199,0.14272667786902607,9,6,False
ID0405,Merge Q686,jama,12,0.79560426963346,0.5096428395731674,2,6,True
ID0405,Merge Q686,jama,13,0.0,0.22959010775457928,7,6,False
ID0405,Merge Q686,jama,14,2.18866424068793,1.0,1,6,True
ID0406,Merge Q4052,mmlu,1,3.12430519222009,0.987519052687087,3,5,True
ID0406,Merge Q4052,mmlu,2,1.0914482367365,0.7193663632449817,5,5,True
ID0406,Merge Q4052,mmlu,3,0.627648040652275,0.6581868151177626,6,5,False
ID0406,Merge Q4052,mmlu,4,-0.707163595926167,0.4821127783875297,8,5,False
ID0406,Merge Q4052,mmlu,5,-0.122123238333487,0.5592850284553306,7,5,False
ID0406,Merge Q4052,mmlu,6,3.21892285430234,1.0,1,5,True
ID0406,Merge Q4052,mmlu,7,1.47889068971427,0.770473616753294,4,5,True
ID0406,Merge Q4052,mmlu,8,3.17421919415102,0.9941031725497722,2,5,True
ID0406,Merge Q4052,mmlu,9,-4.36204513715422,0.0,9,5,False
ID0407,Merge Q1750,medxpert,1,0.315168909391852,0.1996738240422779,5,5,True
ID0407,Merge Q1750,medxpert,2,-0.187846242996419,0.11241293078402799,6,5,False
ID0407,Merge Q1750,medxpert,3,-0.835850238800049,0.0,7,5,False
ID0407,Merge Q1750,medxpert,4,1.52620871740479,0.4097597725803414,3,5,True
ID0407,Merge Q1750,medxpert,5,3.08197654793932,0.6796476476280956,2,5,True
ID0407,Merge Q1750,medxpert,6,4.92864670371451,1.0,1,5,True
ID0407,Merge Q1750,medxpert,7,0.995399402044575,0.3176772681304964,4,5,True
ID0409,Merge Q4020,mmlu,1,0.75882394934788,0.7858132004891815,7,7,True
ID0409,Merge Q4020,mmlu,2,1.29283355304837,1.0,1,7,True
ID0409,Merge Q4020,mmlu,3,0.573373809456825,0.7114306956487313,8,7,False
ID0409,Merge Q4020,mmlu,4,-1.1229039793121,0.031067818015018116,9,7,False
ID0409,Merge Q4020,mmlu,5,-1.20036212903902,0.0,10,7,False
ID0409,Merge Q4020,mmlu,6,0.853509556179644,0.8237908079076613,3,7,True
ID0409,Merge Q4020,mmlu,7,0.771563897053988,0.790923087289339,6,7,True
ID0409,Merge Q4020,mmlu,8,0.796916122181847,0.8010916534031041,5,7,True
ID0409,Merge Q4020,mmlu,9,0.925496332223231,0.8526641035582126,2,7,True
ID0409,Merge Q4020,mmlu,10,0.801948603178156,0.8031101395702611,4,7,True
ID0416,Merge Q1416,medxpert,1,0.0,0.0,4,4,True
ID0416,Merge Q1416,medxpert,2,0.0,0.0,5,4,False
ID0416,Merge Q1416,medxpert,3,2.01064363121986,0.39427242415253005,3,4,True
ID0416,Merge Q1416,medxpert,4,5.09963037750267,1.0,1,4,True
ID0416,Merge Q1416,medxpert,5,5.050205474758551,0.990308140181657,2,4,True
ID0417,Merge Q307,jama,1,-0.435236797824303,0.0,15,6,False
ID0417,Merge Q307,jama,2,-0.0168338153629657,0.23850445702894918,11,6,False
ID0417,Merge Q307,jama,3,0.0,0.24810032551260827,2,6,True
ID0417,Merge Q307,jama,4,0.0,0.24810032551260827,3,6,True
ID0417,Merge Q307,jama,5,-0.247067029922331,0.10726340443060851,13,6,False
ID0417,Merge Q307,jama,6,0.0,0.24810032551260827,4,6,True
ID0417,Merge Q307,jama,7,-0.0521929924981587,0.21834847894770087,12,6,False
ID0417,Merge Q307,jama,8,0.0,0.24810032551260827,5,6,True
ID0417,Merge Q307,jama,9,0.0,0.24810032551260827,6,6,True
ID0417,Merge Q307,jama,10,-0.334757699632672,0.05727662985568679,14,6,False
ID0417,Merge Q307,jama,11,0.0,0.24810032551260827,7,6,False
ID0417,Merge Q307,jama,12,0.0,0.24810032551260827,8,6,False
ID0417,Merge Q307,jama,13,0.0,0.24810032551260827,9,6,False
ID0417,Merge Q307,jama,14,0.0,0.24810032551260827,10,6,False
ID0417,Merge Q307,jama,15,1.31904061767302,1.0,1,6,True
ID0421,Merge Q788,jama,1,1.31601775889411,0.27471474080861336,4,6,True
ID0421,Merge Q788,jama,2,-1.03266629691353,0.025241531723493006,14,6,False
ID0421,Merge Q788,jama,3,-0.461404424160719,0.08591999218786275,13,6,False
ID0421,Merge Q788,jama,4,-0.0290801064376191,0.13184074284873842,10,6,False
ID0421,Merge Q788,jama,5,-1.27030457206356,0.0,15,6,False
ID0421,Merge Q788,jama,6,-0.437736464932384,0.08843396239453583,12,6,False
ID0421,Merge Q788,jama,7,5.33509804090062,0.7016145841671162,2,6,True
ID0421,Merge Q788,jama,8,0.0,0.13492958208856332,7,6,False
ID0421,Merge Q788,jama,9,0.884922896341504,0.2289245807761583,5,6,True
ID0421,Merge Q788,jama,10,0.0,0.13492958208856332,8,6,False
ID0421,Merge Q788,jama,11,0.153883306824964,0.1512748041218661,6,6,True
ID0421,Merge Q788,jama,12,-0.301477001162514,0.1029072099183276,11,6,False
ID0421,Merge Q788,jama,13,1.89606267746877,0.3363261213995962,3,6,True
ID0421,Merge Q788,jama,14,0.0,0.13492958208856332,9,6,False
ID0421,Merge Q788,jama,15,8.14426969994281,1.0,1,6,True
ID0422,Merge Q353,jama,1,0.72714929354321,0.30594877780916874,3,7,True
ID0422,Merge Q353,jama,2,-0.171157705543361,0.12896770272385766,7,7,True
ID0422,Merge Q353,jama,3,0.0,0.162688551795501,6,7,True
ID0422,Merge Q353,jama,4,-0.825762102974626,0.0,9,7,False
ID0422,Merge Q353,jama,5,0.708337857829186,0.3022426193132965,4,7,True
ID0422,Merge Q353,jama,6,1.95873132705162,0.5485904499409767,2,7,True
ID0422,Merge Q353,jama,7,0.140029430380507,0.19027662486798694,5,7,True
ID0422,Merge Q353,jama,8,-0.318065181933128,0.10002454282866766,8,7,False
ID0422,Merge Q353,jama,9,4.24996138132196,1.0,1,7,True
ID0426,Merge Q3147,medxpert,1,41.8073786319114,1.0,1,4,True
ID0426,Merge Q3147,medxpert,2,5.36845818996315,0.0,5,4,False
ID0426,Merge Q3147,medxpert,3,16.5753231048584,0.30755205639939814,3,4,True
ID0426,Merge Q3147,medxpert,4,16.0155623826588,0.29219043988028726,4,4,True
ID0426,Merge Q3147,medxpert,5,38.9006104212063,0.9202290250246041,2,4,True
ID0428,Merge Q3999,mmlu,1,-1.03392094070902,0.09375726624477519,4,4,True
ID0428,Merge Q3999,mmlu,2,3.08057794867301,1.0,1,4,True
ID0428,Merge Q3999,mmlu,3,1.07095563411713,0.5573687904355819,3,4,True
ID0428,Merge Q3999,mmlu,4,-1.45959515962068,0.0,5,4,False
ID0428,Merge Q3999,mmlu,5,2.16506758179716,0.7983534228676312,2,4,True
ID0429,Merge Q3994,mmlu,1,1.71620353003753,0.17754869773186438,4,3,False
ID0429,Merge Q3994,mmlu,2,0.0,6.720944404215054e-05,6,3,False
ID0429,Merge Q3994,mmlu,3,-0.000649899244308472,0.0,7,3,False
ID0429,Merge Q3994,mmlu,4,9.66911085492718,1.0,1,3,True
ID0429,Merge Q3994,mmlu,5,2.08670730140137,0.2158644100625967,3,3,True
ID0429,Merge Q3994,mmlu,6,1.22172149274749,0.12641175134188024,5,3,False
ID0429,Merge Q3994,mmlu,7,6.38673911842111,0.6605529526581027,2,3,True
ID0433,Merge Q3520,medxpert,1,6.57501546640137,1.0,1,4,True
ID0433,Merge Q3520,medxpert,2,0.0,0.02554091199476053,5,4,False
ID0433,Merge Q3520,medxpert,3,0.0,0.02554091199476053,6,4,False
ID0433,Merge Q3520,medxpert,4,-0.172333444737337,0.0,7,4,False
ID0433,Merge Q3520,medxpert,5,3.58357888213579,0.556650082326818,3,4,True
ID0433,Merge Q3520,medxpert,6,1.6497119753841,0.27003871359217174,4,4,True
ID0433,Merge Q3520,medxpert,7,5.07006470623877,0.7769567307126825,2,4,True
ID0435,Merge Q3453,medxpert,1,10.7990514971924,0.2738678856741948,3,3,True
ID0435,Merge Q3453,medxpert,2,39.4316094076084,1.0,1,3,True
ID0435,Merge Q3453,medxpert,3,2.59263999760151,0.06575029618500064,4,3,False
ID0435,Merge Q3453,medxpert,4,0.0,0.0,5,3,False
ID0435,Merge Q3453,medxpert,5,20.5409408001647,0.5209257524295037,2,3,True
ID0437,Merge Q3821,mmlu,1,0.238285307439685,0.7975749519366192,3,4,True
ID0437,Merge Q3821,mmlu,2,0.464145940747061,1.0,1,4,True
ID0437,Merge Q3821,mmlu,3,-0.651628196239471,0.0,5,4,False
ID0437,Merge Q3821,mmlu,4,0.417274029341528,0.9579915774601803,2,4,True
ID0437,Merge Q3821,mmlu,5,0.0,0.5840144296581204,4,4,True
ID0438,Merge Q1227,medbullets,1,-0.0391660027960051,0.6655180734584747,7,6,False
ID0438,Merge Q1227,medbullets,2,0.1354311085549455,1.0,1,6,True
ID0438,Merge Q1227,medbullets,3,0.097676295787096,0.9276717557748065,2,6,True
ID0438,Merge Q1227,medbullets,4,0.044979146151106,0.8267179427528764,3,6,True
ID0438,Merge Q1227,medbullets,5,-0.3865615538177244,0.0,8,6,False
ID0438,Merge Q1227,medbullets,6,0.0,0.7405497848583623,4,6,True
ID0438,Merge Q1227,medbullets,7,0.0,0.7405497848583623,5,6,True
ID0438,Merge Q1227,medbullets,8,0.0,0.7405497848583623,6,6,True
ID0440,Merge Q3387,medxpert,1,0.0,0.12756953429413861,4,5,True
ID0440,Merge Q3387,medxpert,2,3.45837398668771,0.5086451095965105,2,5,True
ID0440,Merge Q3387,medxpert,3,-1.15773139894009,0.0,7,5,False
ID0440,Merge Q3387,medxpert,4,0.0,0.12756953429413861,5,5,True
ID0440,Merge Q3387,medxpert,5,-0.0198704859034393,0.12538002070297172,6,5,False
ID0440,Merge Q3387,medxpert,6,7.91756549969634,1.0,1,5,True
ID0440,Merge Q3387,medxpert,7,0.0171211791745056,0.12945610388692824,3,5,True
ID0447,Merge Q1257,medbullets,1,-1.5037524997861773,0.0,9,5,False
ID0447,Merge Q1257,medbullets,2,0.0,0.06822379786223191,2,5,True
ID0447,Merge Q1257,medbullets,3,-0.5800782591104507,0.04190620776715039,7,5,False
ID0447,Merge Q1257,medbullets,4,-0.0,0.06822379786223191,3,5,True
ID0447,Merge Q1257,medbullets,5,0.0,0.06822379786223191,4,5,True
ID0447,Merge Q1257,medbullets,6,20.537713189690503,1.0,1,5,True
ID0447,Merge Q1257,medbullets,7,-1.1003279848377876,0.01830298042026297,8,5,False
ID0447,Merge Q1257,medbullets,8,-0.0,0.06822379786223191,5,5,True
ID0447,Merge Q1257,medbullets,9,-0.0,0.06822379786223191,6,5,False
ID0449,Merge Q420,jama,1,2.27915724615467,0.6846365946710362,3,9,True
ID0449,Merge Q420,jama,2,3.76053621312376,1.0,1,9,True
ID0449,Merge Q420,jama,3,1.77956722676754,0.5782813585732528,4,9,True
ID0449,Merge Q420,jama,4,0.0,0.199438136711212,10,9,False
ID0449,Merge Q420,jama,5,1.23983758972429,0.4633809987799868,6,9,True
ID0449,Merge Q420,jama,6,-0.936834952766034,0.0,14,9,False
ID0449,Merge Q420,jama,7,1.32542611266791,0.48160151402586004,5,9,True
ID0449,Merge Q420,jama,8,0.769898420298506,0.36333798475582973,7,9,True
ID0449,Merge Q420,jama,9,0.0,0.199438136711212,11,9,False
ID0449,Merge Q420,jama,10,0.0,0.199438136711212,12,9,False
ID0449,Merge Q420,jama,11,0.0,0.199438136711212,13,9,False
ID0449,Merge Q420,jama,12,0.758432659622413,0.36089709595416286,8,9,True
ID0449,Merge Q420,jama,13,0.386669641738446,0.28175431486342356,9,9,True
ID0449,Merge Q420,jama,14,3.21172084473014,0.8831654240186785,2,9,True
ID0453,Merge Q639,jama,1,-0.401868438594254,0.0,14,6,False
ID0453,Merge Q639,jama,2,0.304193209488979,1.0,1,6,True
ID0453,Merge Q639,jama,3,0.0,0.5691690515767547,2,6,True
ID0453,Merge Q639,jama,4,0.0,0.5691690515767547,3,6,True
ID0453,Merge Q639,jama,5,0.0,0.5691690515767547,4,6,True
ID0453,Merge Q639,jama,6,-0.127693735451815,0.38831553007694075,11,6,False
ID0453,Merge Q639,jama,7,0.0,0.5691690515767547,5,6,True
ID0453,Merge Q639,jama,8,-0.256615763425094,0.20572236937593458,12,6,False
ID0453,Merge Q639,jama,9,-0.352848564886569,0.06942718647976519,13,6,False
ID0453,Merge Q639,jama,10,0.0,0.5691690515767547,6,6,True
ID0453,Merge Q639,jama,11,0.0,0.5691690515767547,7,6,False
ID0453,Merge Q639,jama,12,0.0,0.5691690515767547,8,6,False
ID0453,Merge Q639,jama,13,0.0,0.5691690515767547,9,6,False
ID0453,Merge Q639,jama,14,0.0,0.5691690515767547,10,6,False
ID0455,Merge Q2414,medxpert,1,9.79344269508203,1.0,1,2,True
ID0455,Merge Q2414,medxpert,2,0.786069251340244,0.4394355013085699,4,2,False
ID0455,Merge Q2414,medxpert,3,0.272545862942934,0.4074769084311683,5,2,False
ID0455,Merge Q2414,medxpert,4,1.96960070102426,0.513091347590664,2,2,True
ID0455,Merge Q2414,medxpert,5,-6.27495525870992,0.0,7,2,False
ID0455,Merge Q2414,medxpert,6,-4.54180091146179,0.10786105448920169,6,2,False
ID0455,Merge Q2414,medxpert,7,1.74723948695964,0.49925292918056074,3,2,False
ID0458,Merge Q3284,medxpert,1,12.9732374382165,0.32793347461231775,3,5,True
ID0458,Merge Q3284,medxpert,2,2.07247325047626,0.06790561797260378,6,5,False
ID0458,Merge Q3284,medxpert,3,2.38901480287313,0.07545643000647356,5,5,True
ID0458,Merge Q3284,medxpert,4,-0.774233783561859,0.0,9,5,False
ID0458,Merge Q3284,medxpert,5,3.05866867009416,0.0914304164889825,4,5,True
ID0458,Merge Q3284,medxpert,6,13.9940159533258,0.3522832215489832,2,5,True
ID0458,Merge Q3284,medxpert,7,41.1472908123355,1.0,1,5,True
ID0458,Merge Q3284,medxpert,8,0.0,0.018468645666518273,8,5,False
ID0458,Merge Q3284,medxpert,9,0.268223320733091,0.024866870046920234,7,5,False
ID0463,Merge Q831,jama,1,-11.0310315062369,0.0,11,7,False
ID0463,Merge Q831,jama,2,-0.927869479481029,0.37512358540623936,8,7,False
ID0463,Merge Q831,jama,3,0.463763158768415,0.42679396577289974,5,7,True
ID0463,Merge Q831,jama,4,1.89543730791412,0.4799510604071043,4,7,True
ID0463,Merge Q831,jama,5,0.355916020191837,0.4227896743251815,6,7,True
ID0463,Merge Q831,jama,6,5.21407483350861,0.6031698313194058,3,7,True
ID0463,Merge Q831,jama,7,-3.00638194166332,0.29794982088969285,10,7,False
ID0463,Merge Q831,jama,8,5.84495892271988,0.6265941316418141,2,7,True
ID0463,Merge Q831,jama,9,-1.76130343772926,0.3441787451879557,9,7,False
ID0463,Merge Q831,jama,10,0.0,0.4095747527744527,7,7,True
ID0463,Merge Q831,jama,11,15.9018578662473,1.0,1,7,True
ID0466,Merge Q34,jama,1,-0.300104006530211,0.35744038537647344,13,9,False
ID0466,Merge Q34,jama,2,0.0,0.3718402389236595,9,9,True
ID0466,Merge Q34,jama,3,0.0,0.3718402389236595,10,9,False
ID0466,Merge Q34,jama,4,0.0,0.3718402389236595,11,9,False
ID0466,Merge Q34,jama,5,5.54234257760307,0.6377777795402115,2,9,True
ID0466,Merge Q34,jama,6,1.22798764024923,0.4307626184739753,6,9,True
ID0466,Merge Q34,jama,7,1.77295752469716,0.4569118412531357,4,9,True
ID0466,Merge Q34,jama,8,0.881729122922683,0.4141481387253815,7,9,True
ID0466,Merge Q34,jama,9,-0.532061366715252,0.34631040395944684,14,9,False
ID0466,Merge Q34,jama,10,13.0913318265593,1.0,1,9,True
ID0466,Merge Q34,jama,11,1.34504102537448,0.4363791766215796,5,9,True
ID0466,Merge Q34,jama,12,2.900196684269,0.5110000188758278,3,9,True
ID0466,Merge Q34,jama,13,0.0364197092286297,0.3735877613415936,8,9,True
ID0466,Merge Q34,jama,14,-2.21643265365995,0.2654894241547427,15,9,False
ID0466,Merge Q34,jama,15,-7.74943614006043,0.0,16,9,False
ID0466,Merge Q34,jama,16,0.0,0.3718402389236595,12,9,False
ID0467,Merge Q990,jama,1,1.91647607724963,0.4221270347294135,2,10,True
ID0467,Merge Q990,jama,2,-0.459605337462689,0.09359284941407321,13,10,False
ID0467,Merge Q990,jama,3,0.0,0.15714120435466694,7,10,True
ID0467,Merge Q990,jama,4,0.0,0.15714120435466694,8,10,True
ID0467,Merge Q990,jama,5,0.660166217616784,0.2484205557836663,6,10,True
ID0467,Merge Q990,jama,6,1.91641024798655,0.4221179326998357,3,10,True
ID0467,Merge Q990,jama,7,-0.17478561605755,0.1329740821252885,11,10,False
ID0467,Merge Q990,jama,8,-1.13650363293016,0.0,16,10,False
ID0467,Merge Q990,jama,9,-0.1880109735827,0.1311454486310295,12,10,False
ID0467,Merge Q990,jama,10,0.0,0.15714120435466694,9,10,True
ID0467,Merge Q990,jama,11,1.77285822860025,0.40226939323168787,4,10,True
ID0467,Merge Q990,jama,12,1.14628930065928,0.3156354458381321,5,10,True
ID0467,Merge Q990,jama,13,-1.01186993981594,0.017232754979096515,15,10,False
ID0467,Merge Q990,jama,14,6.09586828121832,1.0,1,10,True
ID0467,Merge Q990,jama,15,0.0,0.15714120435466694,10,10,True
ID0467,Merge Q990,jama,16,-0.743651703000069,0.05431854647319315,14,10,False
ID0468,Merge Q1246,medbullets,1,-2.027149660366648,0.0,12,6,False
ID0468,Merge Q1246,medbullets,2,-0.0257472234542632,0.19303320935748008,8,6,False
ID0468,Merge Q1246,medbullets,3,-1.9399627894163127,0.008409084151683009,11,6,False
ID0468,Merge Q1246,medbullets,4,-0.0,0.19551650261412667,6,6,True
ID0468,Merge Q1246,medbullets,5,0.0,0.19551650261412667,7,6,False
ID0468,Merge Q1246,medbullets,6,8.341027108667785,1.0,1,6,True
ID0468,Merge Q1246,medbullets,7,0.3596380786644851,0.23020322590944886,4,6,True
ID0468,Merge Q1246,medbullets,8,-0.5742665844182133,0.14012908038832933,9,6,False
ID0468,Merge Q1246,medbullets,9,1.865489308885021,0.37544103037261223,2,6,True
ID0468,Merge Q1246,medbullets,10,0.3481547380185549,0.22909566949893065,5,6,True
ID0468,Merge Q1246,medbullets,11,1.206580478528877,0.3118899504639402,3,6,True
ID0468,Merge Q1246,medbullets,12,-1.8548132235626171,0.01662167231935421,10,6,False
ID0469,Merge Q50,jama,1,5.08561590562464,1.0,1,4,True
ID0469,Merge Q50,jama,2,0.0,0.636149999279312,9,4,False
ID0469,Merge Q50,jama,3,0.382210325449705,0.6634952077596699,7,4,False
ID0469,Merge Q50,jama,4,0.397184429790617,0.6645665289086395,6,4,False
ID0469,Merge Q50,jama,5,0.0,0.636149999279312,10,4,False
ID0469,Merge Q50,jama,6,3.4762085158154,0.8848550714782993,3,4,True
ID0469,Merge Q50,jama,7,4.95381324331346,0.9905701886129716,2,4,True
ID0469,Merge Q50,jama,8,0.968040179121843,0.7054083598018958,5,4,False
ID0469,Merge Q50,jama,9,0.009616520739365,0.6368380125195724,8,4,False
ID0469,Merge Q50,jama,10,1.98636510310402,0.7782643385467752,4,4,True
ID0469,Merge Q50,jama,11,-8.89161618328952,0.0,11,4,False
ID0470,Merge Q1187,medbullets,1,2.829097367918324,0.43879383260108107,3,6,True
ID0470,Merge Q1187,medbullets,2,15.66839362935512,1.0,1,6,True
ID0470,Merge Q1187,medbullets,3,-7.209644794464111,0.0,13,6,False
ID0470,Merge Q1187,medbullets,4,2.1647999303780168,0.409757364297545,5,6,True
ID0470,Merge Q1187,medbullets,5,0.1753729470528414,0.3227994290729103,9,6,False
ID0470,Merge Q1187,medbullets,6,0.2454306099390769,0.32586165239767295,8,6,False
ID0470,Merge Q1187,medbullets,7,2.575175946601113,0.42769491683683253,4,6,True
ID0470,Merge Q1187,medbullets,8,-0.0,0.31513387034781204,10,6,False
ID0470,Merge Q1187,medbullets,9,1.9304643433244653,0.39951454615411636,6,6,True
ID0470,Merge Q1187,medbullets,10,-0.0,0.31513387034781204,11,6,False
ID0470,Merge Q1187,medbullets,11,-3.38058796180689,0.16736823156440891,12,6,False
ID0470,Merge Q1187,medbullets,12,0.6567985449981397,0.34384256175005745,7,6,False
ID0470,Merge Q1187,medbullets,13,3.085803522542109,0.45001446917263777,2,6,True
ID0471,Merge Q905,jama,1,-4.15246944658178,0.0,10,6,False
ID0471,Merge Q905,jama,2,2.13037954763395,0.6251495408690303,2,6,True
ID0471,Merge Q905,jama,3,-0.81491182744503,0.3320902054383565,9,6,False
ID0471,Merge Q905,jama,4,0.0,0.41317471904755154,5,6,True
ID0471,Merge Q905,jama,5,-0.368415891576501,0.3765169821387157,8,6,False
ID0471,Merge Q905,jama,6,1.18837370178227,0.531419049722055,4,6,True
ID0471,Merge Q905,jama,7,-0.293935633562652,0.3839278397200504,7,6,False
ID0471,Merge Q905,jama,8,0.0,0.41317471904755154,6,6,True
ID0471,Merge Q905,jama,9,1.38494204332201,0.5509777894874207,3,6,True
ID0471,Merge Q905,jama,10,5.89768429020549,1.0,1,6,True
ID0472,Merge Q444,jama,1,5.21308147875851,0.6344477723381331,2,8,True
ID0472,Merge Q444,jama,2,-0.443699721465301,0.08911524855381199,9,8,False
ID0472,Merge Q444,jama,3,1.13501630723476,0.24130872498449002,5,8,True
ID0472,Merge Q444,jama,4,1.53239887137462,0.2796177259763793,4,8,True
ID0472,Merge Q444,jama,5,0.439440757936424,0.1742529283476112,6,8,True
ID0472,Merge Q444,jama,6,-0.0466180602816163,0.12739524149983614,8,8,True
ID0472,Merge Q444,jama,7,0.0,0.13188937757607286,7,8,True
ID0472,Merge Q444,jama,8,-1.36809986392196,0.0,11,8,False
ID0472,Merge Q444,jama,9,-1.29292531354563,0.007247076708474001,10,8,False
ID0472,Merge Q444,jama,10,4.56528796719613,0.5719983230758134,3,8,True
ID0472,Merge Q444,jama,11,9.00498619551334,1.0,1,8,True
ID0473,Merge Q1321,medbullets,1,4.647742247850923,0.904494115676342,2,5,True
ID0473,Merge Q1321,medbullets,2,5.452945408286764,1.0,1,5,True
ID0473,Merge Q1321,medbullets,3,1.8847520649433136,0.5767733195317483,5,5,True
ID0473,Merge Q1321,medbullets,4,4.193606313058642,0.8506286365194903,3,5,True
ID0473,Merge Q1321,medbullets,5,-1.581172426329621,0.16567684127292784,6,5,False
ID0473,Merge Q1321,medbullets,6,-2.9779818182190265,0.0,7,5,False
ID0473,Merge Q1321,medbullets,7,2.8262418528598583,0.6884442855622244,4,5,True
ID0478,Merge Q141,jama,1,1.60552283559344,0.7630991485138128,6,3,False
ID0478,Merge Q141,jama,2,0.61323352742914,0.7188515143791465,11,3,False
ID0478,Merge Q141,jama,3,1.46157284080982,0.7566802073335878,7,3,False
ID0478,Merge Q141,jama,4,-0.143282742135588,0.685117345485854,14,3,False
ID0478,Merge Q141,jama,5,6.91821777673585,1.0,1,3,True
ID0478,Merge Q141,jama,6,2.55632928016526,0.8054970009809794,3,3,True
ID0478,Merge Q141,jama,7,3.30456586104887,0.8388619664247368,2,3,True
ID0478,Merge Q141,jama,8,1.40371243348047,0.7541001269947922,8,3,False
ID0478,Merge Q141,jama,9,1.1271388751158,0.7417673067969388,9,3,False
ID0478,Merge Q141,jama,10,-3.34779769730015,0.5422233284400603,17,3,False
ID0478,Merge Q141,jama,11,-1.20658223574705,0.6377032631393114,16,3,False
ID0478,Merge Q141,jama,12,1.61801287526375,0.763656097682883,5,3,False
ID0478,Merge Q141,jama,13,-0.35813370755439,0.6755368261422384,15,3,False
ID0478,Merge Q141,jama,14,0.326418428564549,0.7060620088846891,13,3,False
ID0478,Merge Q141,jama,15,2.46653151512146,0.8014927870676809,4,3,False
ID0478,Merge Q141,jama,16,0.355658870190382,0.7073658830193298,12,3,False
ID0478,Merge Q141,jama,17,1.10486292017021,0.7407739893276049,10,3,False
ID0478,Merge Q141,jama,18,-15.5075983729886,0.0,18,3,False
ID0483,Merge Q179,jama,1,4.17428538790628,0.4196598321306498,2,8,True
ID0483,Merge Q179,jama,2,-1.02322268594545,0.0767228723762945,11,8,False
ID0483,Merge Q179,jama,3,-0.212235420942307,0.13023265112177942,9,8,False
ID0483,Merge Q179,jama,4,-0.275239368311639,0.12607558549410638,10,8,False
ID0483,Merge Q179,jama,5,1.30962592152749,0.23064663692777093,3,8,True
ID0483,Merge Q179,jama,6,0.430475732537077,0.17263939794018224,5,8,True
ID0483,Merge Q179,jama,7,0.0,0.1442361637620595,6,8,True
ID0483,Merge Q179,jama,8,0.0,0.1442361637620595,7,8,True
ID0483,Merge Q179,jama,9,-2.18602458665199,0.0,12,8,False
ID0483,Merge Q179,jama,10,0.913657352641063,0.20452022110643628,4,8,True
ID0483,Merge Q179,jama,11,0.0,0.1442361637620595,8,8,True
ID0483,Merge Q179,jama,12,12.9698456863413,1.0,1,8,True
ID0488,Merge Q360,jama,1,-1.95812416799939,0.0,21,8,False
ID0488,Merge Q360,jama,2,2.45058607320414,1.0,1,8,True
ID0488,Merge Q360,jama,3,0.167846471071243,0.48222054132781156,11,8,False
ID0488,Merge Q360,jama,4,-1.12256983751744,0.18952353064007504,19,8,False
ID0488,Merge Q360,jama,5,-0.0878463183422232,0.42422335497980046,18,8,False
ID0488,Merge Q360,jama,6,0.0,0.4441489825525125,12,8,False
ID0488,Merge Q360,jama,7,0.0,0.4441489825525125,13,8,False
ID0488,Merge Q360,jama,8,0.717226981125818,0.6068330651721093,7,8,True
ID0488,Merge Q360,jama,9,0.0,0.4441489825525125,14,8,False
ID0488,Merge Q360,jama,10,0.871894284158898,0.6419152761978124,6,8,True
ID0488,Merge Q360,jama,11,2.13482490191388,0.9283778806011844,2,8,True
ID0488,Merge Q360,jama,12,0.62003889396593,0.5847885029662347,8,8,True
ID0488,Merge Q360,jama,13,0.0,0.4441489825525125,15,8,False
ID0488,Merge Q360,jama,14,-1.1478282871131,0.18379431546970706,20,8,False
ID0488,Merge Q360,jama,15,1.67199011925858,0.8233959794706281,3,8,True
ID0488,Merge Q360,jama,16,0.0,0.4441489825525125,16,8,False
ID0488,Merge Q360,jama,17,1.64868468046188,0.8181097534494919,4,8,True
ID0488,Merge Q360,jama,18,0.230877745896578,0.49651752874064914,10,8,False
ID0488,Merge Q360,jama,19,0.0,0.4441489825525125,17,8,False
ID0488,Merge Q360,jama,20,0.591466913439932,0.5783077004269873,9,8,False
ID0488,Merge Q360,jama,21,1.30187006958628,0.7394439777688195,5,8,True
ID0490,Merge Q771,jama,1,9.21163094717159,1.0,1,8,True
ID0490,Merge Q771,jama,2,-1.85140434972447,0.12362510308129245,10,8,False
ID0490,Merge Q771,jama,3,2.32907474040985,0.45478801030940075,5,8,True
ID0490,Merge Q771,jama,4,-2.00834857833657,0.11119253114414017,12,8,False
ID0490,Merge Q771,jama,5,-2.74697725351743,0.05268095527902075,13,8,False
ID0490,Merge Q771,jama,6,0.0,0.27028686927848233,7,8,True
ID0490,Merge Q771,jama,7,-1.924287047831,0.11785159108154425,11,8,False
ID0490,Merge Q771,jama,8,-3.41200231274168,0.0,14,8,False
ID0490,Merge Q771,jama,9,0.11303068543798,0.2792407641763096,6,8,True
ID0490,Merge Q771,jama,10,0.0,0.27028686927848233,8,8,True
ID0490,Merge Q771,jama,11,5.01410798066803,0.6674869365990755,3,8,True
ID0490,Merge Q771,jama,12,6.7592954376193,0.8057345726812457,2,8,True
ID0490,Merge Q771,jama,13,0.0,0.27028686927848233,9,8,False
ID0490,Merge Q771,jama,14,3.43665187253554,0.5425263903241968,4,8,True
ID0491,Merge Q3478,medxpert,1,53.1099409406164,1.0,1,3,True
ID0491,Merge Q3478,medxpert,2,15.4715504541537,0.2913117616050984,4,3,False
ID0491,Merge Q3478,medxpert,3,0.0,0.0,7,3,False
ID0491,Merge Q3478,medxpert,4,0.0,0.0,8,3,False
ID0491,Merge Q3478,medxpert,5,32.0989213067076,0.6043863114552931,2,3,True
ID0491,Merge Q3478,medxpert,6,17.0510141636432,0.32105127329567884,3,3,True
ID0491,Merge Q3478,medxpert,7,6.99305240201677,0.13167125171229022,6,3,False
ID0491,Merge Q3478,medxpert,8,10.4277872532073,0.19634341647765868,5,3,False
ID0492,Merge Q146,jama,1,-1.67919712322167,0.2022105814130117,12,7,False
ID0492,Merge Q146,jama,2,-4.30338736624915,0.0,13,7,False
ID0492,Merge Q146,jama,3,0.0,0.3316034207835203,4,7,True
ID0492,Merge Q146,jama,4,0.12610549852252,0.34132065307769943,3,7,True
ID0492,Merge Q146,jama,5,-0.304894249831952,0.3081093758331529,8,7,False
ID0492,Merge Q146,jama,6,-1.60184790688304,0.20817083145556603,11,7,False
ID0492,Merge Q146,jama,7,0.0,0.3316034207835203,5,7,True
ID0492,Merge Q146,jama,8,0.0,0.3316034207835203,6,7,True
ID0492,Merge Q146,jama,9,8.67412461502356,1.0,1,7,True
ID0492,Merge Q146,jama,10,-0.339815887910997,0.3054184410738987,9,7,False
ID0492,Merge Q146,jama,11,0.0,0.3316034207835203,7,7,True
ID0492,Merge Q146,jama,12,3.50796892375222,0.6019147816063359,2,7,True
ID0492,Merge Q146,jama,13,-0.692091597705658,0.2782733526853836,10,7,False
ID0494,Merge Q427,jama,1,0.342670263527285,0.46909772298169405,4,8,True
ID0494,Merge Q427,jama,2,0.554582769398842,0.4967164708756642,3,8,True
ID0494,Merge Q427,jama,3,-1.96315424144268,0.1685775369332896,9,8,False
ID0494,Merge Q427,jama,4,-3.2566121643845,0.0,10,8,False
ID0494,Merge Q427,jama,5,0.0,0.42443719867617374,6,8,True
ID0494,Merge Q427,jama,6,-0.963767646629902,0.2988284926153351,8,8,True
ID0494,Merge Q427,jama,7,-0.601745615260036,0.3460111502661656,7,8,True
ID0494,Merge Q427,jama,8,4.41616527958583,1.0,1,8,True
ID0494,Merge Q427,jama,9,4.06621340213745,0.9543904563889845,2,8,True
ID0494,Merge Q427,jama,10,0.101341884775079,0.43764517786169266,5,8,True
ID0495,Merge Q1120,medbullets,1,-0.4126968428989639,0.0,11,8,False
ID0495,Merge Q1120,medbullets,2,0.0,0.6780185645119978,2,8,True
ID0495,Merge Q1120,medbullets,3,0.0,0.6780185645119978,3,8,True
ID0495,Merge Q1120,medbullets,4,-0.0735380346436536,0.5572031196060374,8,8,True
ID0495,Merge Q1120,medbullets,5,0.1959838990450291,1.0,1,8,True
ID0495,Merge Q1120,medbullets,6,-0.3361657539428913,0.1257327260127355,10,8,False
ID0495,Merge Q1120,medbullets,7,0.0,0.6780185645119978,4,8,True
ID0495,Merge Q1120,medbullets,8,-0.0,0.6780185645119978,5,8,True
ID0495,Merge Q1120,medbullets,9,-0.2358526746071075,0.2905368218601017,9,8,False
ID0495,Merge Q1120,medbullets,10,-0.0001321121306229,0.6778015178379055,6,8,True
ID0495,Merge Q1120,medbullets,11,-0.0399826145424856,0.6123312315847397,7,8,True
ID0496,Merge Q1082,medbullets,1,10.0349637569684,1.0,1,2,True
ID0496,Merge Q1082,medbullets,2,0.776927711224856,0.32565182291545214,5,2,False
ID0496,Merge Q1082,medbullets,3,1.076674371957779,0.34748513758971933,4,2,False
ID0496,Merge Q1082,medbullets,4,-3.693902665966703,0.0,6,2,False
ID0496,Merge Q1082,medbullets,5,1.8554896198650392,0.40421343721147035,3,2,False
ID0496,Merge Q1082,medbullets,6,2.714561425863085,0.46678756238198715,2,2,True
ID0500,Merge Q681,jama,1,2.37940709972979,1.0,1,4,True
ID0500,Merge Q681,jama,2,0.0,0.3804082011706619,9,4,False
ID0500,Merge Q681,jama,3,0.707279473543167,0.5645820490748074,6,4,False
ID0500,Merge Q681,jama,4,0.901692041033968,0.6152066069406449,4,4,True
ID0500,Merge Q681,jama,5,-0.411775826048907,0.27318278152513237,14,4,False
ID0500,Merge Q681,jama,6,0.102957586782541,0.4072181053711522,8,4,False
ID0500,Merge Q681,jama,7,-0.30776529373931,0.30026687016982817,13,4,False
ID0500,Merge Q681,jama,8,-0.0180823556832556,0.375699599903509,12,4,False
ID0500,Merge Q681,jama,9,0.333588270936669,0.46727377238018347,7,4,False
ID0500,Merge Q681,jama,10,0.0,0.3804082011706619,10,4,False
ID0500,Merge Q681,jama,11,1.04080958472138,0.6514324756252391,3,4,True
ID0500,Merge Q681,jama,12,-1.46087468615805,0.0,16,4,False
ID0500,Merge Q681,jama,13,2.1216997901386,0.9328936458417698,2,4,True
ID0500,Merge Q681,jama,14,0.878198711440387,0.6090890012795411,5,4,False
ID0500,Merge Q681,jama,15,-0.957977905869484,0.13095309363406535,15,4,False
ID0500,Merge Q681,jama,16,0.0,0.3804082011706619,11,4,False
ID0504,Merge Q3442,medxpert,1,18.0402613830209,0.3309170757657858,4,4,True
ID0504,Merge Q3442,medxpert,2,5.38457473448819,0.05977687659081749,5,4,False
ID0504,Merge Q3442,medxpert,3,28.0795977115631,0.5460035998953177,3,4,True
ID0504,Merge Q3442,medxpert,4,2.59444099089965,0.0,8,4,False
ID0504,Merge Q3442,medxpert,5,2.74763306193563,0.003282044649670368,6,4,False
ID0504,Merge Q3442,medxpert,6,47.7114875297422,0.9666046042745827,2,4,True
ID0504,Merge Q3442,medxpert,7,49.2702444573046,1.0,1,4,True
ID0504,Merge Q3442,medxpert,8,2.61183699880697,0.0003726986278841607,7,4,False
ID0506,Merge Q3461,medxpert,1,48.2395790909653,1.0,1,4,True
ID0506,Merge Q3461,medxpert,2,3.58280847026697,0.07427113871600897,3,4,True
ID0506,Merge Q3461,medxpert,3,0.681119378656149,0.014119513301966488,5,4,False
ID0506,Merge Q3461,medxpert,4,1.11356219634549,0.023083994871631187,4,4,True
ID0506,Merge Q3461,medxpert,5,22.2702371150173,0.4616590263572231,2,4,True
ID0506,Merge Q3461,medxpert,6,0.0,0.0,7,4,False
ID0506,Merge Q3461,medxpert,7,0.334028765535327,0.006924371477318438,6,4,False
ID0508,Merge Q669,jama,1,0.0,0.16125952946983002,6,8,True
ID0508,Merge Q669,jama,2,-0.345577252240476,0.1321971940443225,11,8,False
ID0508,Merge Q669,jama,3,0.0240288209170103,0.16328030383747752,4,8,True
ID0508,Merge Q669,jama,4,0.0,0.16125952946983002,7,8,True
ID0508,Merge Q669,jama,5,0.0,0.16125952946983002,8,8,True
ID0508,Merge Q669,jama,6,-0.512793268957467,0.11813467130927635,12,8,False
ID0508,Merge Q669,jama,7,-0.56498574547036,0.113745391490447,13,8,False
ID0508,Merge Q669,jama,8,0.0171936497741861,0.16270548001688276,5,8,True
ID0508,Merge Q669,jama,9,0.466638884577197,0.20050289892844855,3,8,True
ID0508,Merge Q669,jama,10,0.824664449882574,0.2306121118536421,2,8,True
ID0508,Merge Q669,jama,11,0.0,0.16125952946983002,9,8,False
ID0508,Merge Q669,jama,12,-1.91752053907081,0.0,14,8,False
ID0508,Merge Q669,jama,13,0.0,0.16125952946983002,10,8,False
ID0508,Merge Q669,jama,14,9.97337698106339,1.0,1,8,True
ID0509,Merge Q1510,medxpert,1,4.88710039290159,1.0,1,3,True
ID0509,Merge Q1510,medxpert,2,0.329326062081429,0.20584339267453636,6,3,False
ID0509,Merge Q1510,medxpert,3,-0.232170537114143,0.10800699230108926,7,3,False
ID0509,Merge Q1510,medxpert,4,0.585015710918512,0.25039531852913594,5,3,False
ID0509,Merge Q1510,medxpert,5,3.78481376314959,0.8079351572401033,3,3,True
ID0509,Merge Q1510,medxpert,6,3.05447817318209,0.6806798803792894,4,3,False
ID0509,Merge Q1510,medxpert,7,4.11011348531546,0.8646160951207368,2,3,True
ID0509,Merge Q1510,medxpert,8,-0.852037566511345,0.0,8,3,False
ID0510,Merge Q3946,mmlu,1,7.25049546760001,0.7555485347876999,2,3,True
ID0510,Merge Q3946,mmlu,2,2.01887643477615,0.046460659810934536,3,3,True
ID0510,Merge Q3946,mmlu,3,9.05404758453369,1.0,1,3,True
ID0510,Merge Q3946,mmlu,4,1.67609173809465,0.0,4,3,False
ID0514,Merge Q2896,medxpert,1,0.357448808752787,0.3490001822825489,3,5,True
ID0514,Merge Q2896,medxpert,2,1.652160000893,0.8372129639128486,2,5,True
ID0514,Merge Q2896,medxpert,3,-0.394341353327036,0.06551335644877972,6,5,False
ID0514,Merge Q2896,medxpert,4,0.0,0.21421253367717857,4,5,True
ID0514,Merge Q2896,medxpert,5,-0.568078869058726,0.0,7,5,False
ID0514,Merge Q2896,medxpert,6,2.08386151606752,1.0,1,5,True
ID0514,Merge Q2896,medxpert,7,0.0,0.21421253367717857,5,5,True
ID0519,Merge Q1565,medxpert,1,0.569997150135349,0.7438662621879446,2,4,True
ID0519,Merge Q1565,medxpert,2,-0.493496061219395,0.0,7,4,False
ID0519,Merge Q1565,medxpert,3,0.213019732385874,0.4941764150016701,4,4,True
ID0519,Merge Q1565,medxpert,4,0.0,0.34517857429114746,5,4,False
ID0519,Merge Q1565,medxpert,5,0.936187291036259,1.0,1,4,True
ID0519,Merge Q1565,medxpert,6,0.246461160725053,0.5175672086948452,3,4,True
ID0519,Merge Q1565,medxpert,7,0.0,0.34517857429114746,6,4,False
ID0520,Merge Q3854,mmlu,1,1.5484524232548,0.9733340744550624,2,4,True
ID0520,Merge Q3854,mmlu,2,0.0,0.2048456034644997,4,4,True
ID0520,Merge Q3854,mmlu,3,-0.0887886621057987,0.16078027594248318,5,4,False
ID0520,Merge Q3854,mmlu,4,-0.412750071147901,0.0,6,4,False
ID0520,Merge Q3854,mmlu,5,1.60218246422102,1.0,1,4,True
ID0520,Merge Q3854,mmlu,6,0.358063055454887,0.38255034005972666,3,4,True
ID0521,Merge Q3179,medxpert,1,3.17967747332594,0.7522453845827073,2,3,True
ID0521,Merge Q3179,medxpert,2,4.26228718678783,1.0,1,3,True
ID0521,Merge Q3179,medxpert,3,-0.10739816352725,0.0,3,3,True
ID0522,Merge Q491,jama,1,-1.53908546375,0.40184468743686297,9,8,False
ID0522,Merge Q491,jama,2,6.52087659602775,0.8646745960800116,2,8,True
ID0522,Merge Q491,jama,3,4.87678116559982,0.7702651519384646,3,8,True
ID0522,Merge Q491,jama,4,-8.53701899004159,0.0,11,8,False
ID0522,Merge Q491,jama,5,8.87750394648744,1.0,1,8,True
ID0522,Merge Q491,jama,6,0.103687108437224,0.49617816864531533,6,8,True
ID0522,Merge Q491,jama,7,1.65765895586504,0.5854124160083697,4,8,True
ID0522,Merge Q491,jama,8,-3.49637591456739,0.2894505404394887,10,8,False
ID0522,Merge Q491,jama,9,0.0,0.4902241089897546,7,8,True
ID0522,Merge Q491,jama,10,-1.20263309065286,0.42116490506920423,8,8,True
ID0522,Merge Q491,jama,11,0.329073055221851,0.5091205815730823,5,8,True
ID0523,Merge Q2796,medxpert,1,2.2759536417642,0.05076079751460484,4,3,False
ID0523,Merge Q2796,medxpert,2,1.05064567141823,0.023432644324476202,5,3,False
ID0523,Merge Q2796,medxpert,3,0.0,0.0,6,3,False
ID0523,Merge Q2796,medxpert,4,6.29232371848717,0.14033825834997582,3,3,True
ID0523,Merge Q2796,medxpert,5,17.173201337209,0.3830154444973191,2,3,True
ID0523,Merge Q2796,medxpert,6,44.8368377409627,1.0,1,3,True
ID0526,Merge Q1288,medbullets,1,0.0,0.4726273363087603,4,6,True
ID0526,Merge Q1288,medbullets,2,0.9643263945674754,0.7441563278239592,2,6,True
ID0526,Merge Q1288,medbullets,3,-1.6785206347703934,0.0,9,6,False
ID0526,Merge Q1288,medbullets,4,-0.2317401082225634,0.40737540684402884,5,6,True
ID0526,Merge Q1288,medbullets,5,1.872946886934363,1.0,1,6,True
ID0526,Merge Q1288,medbullets,6,-1.0138459086388258,0.18715494990997802,8,6,False
ID0526,Merge Q1288,medbullets,7,-0.3647208540134484,0.36993152062567697,6,6,True
ID0526,Merge Q1288,medbullets,8,0.2676738067367009,0.5479972517312766,3,6,True
ID0526,Merge Q1288,medbullets,9,-0.3707284287887396,0.3682399453153085,7,6,False
ID0528,Merge Q8,jama,1,0.0,0.117178659396703,9,9,True
ID0528,Merge Q8,jama,2,-0.232862530236321,0.05923737422827203,14,9,False
ID0528,Merge Q8,jama,3,0.388028103858233,0.21372852938307935,5,9,True
ID0528,Merge Q8,jama,4,-0.470933964227691,0.0,15,9,False
ID0528,Merge Q8,jama,5,0.0,0.117178659396703,10,9,False
ID0528,Merge Q8,jama,6,0.252204152666366,0.17993256280690104,7,9,True
ID0528,Merge Q8,jama,7,0.0,0.117178659396703,11,9,False
ID0528,Merge Q8,jama,8,0.957907991714586,0.3555270963767834,3,9,True
ID0528,Merge Q8,jama,9,0.0,0.117178659396703,12,9,False
ID0528,Merge Q8,jama,10,1.70753675183891,0.542051109994351,2,9,True
ID0528,Merge Q8,jama,11,0.291792417263812,0.18978298797421353,6,9,True
ID0528,Merge Q8,jama,12,0.654100743500551,0.2799332153554733,4,9,True
ID0528,Merge Q8,jama,13,0.223858034936011,0.1728794294016872,8,9,True
ID0528,Merge Q8,jama,14,-0.121424523440518,0.08696558504778176,13,9,False
ID0528,Merge Q8,jama,15,3.54800571858064,1.0,1,9,True
ID0529,Merge Q1054,medbullets,1,-0.095729733081246,0.4735052293394004,7,3,False
ID0529,Merge Q1054,medbullets,2,0.3501212484470135,0.5776560568927667,2,3,True
ID0529,Merge Q1054,medbullets,3,-0.0,0.49586770320387186,3,3,True
ID0529,Merge Q1054,medbullets,4,-0.3816267635004386,0.4067196584943096,9,3,False
ID0529,Merge Q1054,medbullets,5,-2.122720552252244,0.0,10,3,False
ID0529,Merge Q1054,medbullets,6,-0.0,0.49586770320387186,4,3,False
ID0529,Merge Q1054,medbullets,7,-0.0,0.49586770320387186,5,3,False
ID0529,Merge Q1054,medbullets,8,-0.349204642489307,0.41429346874537154,8,3,False
ID0529,Merge Q1054,medbullets,9,2.158099792644276,1.0,1,3,True
ID0529,Merge Q1054,medbullets,10,0.0,0.49586770320387186,6,3,False
ID0532,Merge Q2539,medxpert,1,2.08901579066694,0.8864620616956982,2,7,True
ID0532,Merge Q2539,medxpert,2,2.71581664419673,1.0,1,7,True
ID0532,Merge Q2539,medxpert,3,-0.241029504686594,0.4644005129593023,13,7,False
ID0532,Merge Q2539,medxpert,4,0.517286000439882,0.601760854049127,8,7,False
ID0532,Merge Q2539,medxpert,5,0.380317354751825,0.5769505214591519,10,7,False
ID0532,Merge Q2539,medxpert,6,-1.23501513315877,0.2843511746003959,15,7,False
ID0532,Merge Q2539,medxpert,7,0.407337338329624,0.5818448881645629,9,7,False
ID0532,Merge Q2539,medxpert,8,1.5229952949501,0.7839338029038257,3,7,True
ID0532,Merge Q2539,medxpert,9,-0.0565179742156419,0.49782270542293716,12,7,False
ID0532,Merge Q2539,medxpert,10,1.15985435018416,0.7181548972906387,5,7,True
ID0532,Merge Q2539,medxpert,11,1.1114043380577,0.7093787214818812,6,7,True
ID0532,Merge Q2539,medxpert,12,1.38677707330547,0.7592594012052414,4,7,True
ID0532,Merge Q2539,medxpert,13,-1.89098155383288,0.16553022121340266,16,7,False
ID0532,Merge Q2539,medxpert,14,0.0,0.5080603019951867,11,7,False
ID0532,Merge Q2539,medxpert,15,-2.80481252074242,0.0,17,7,False
ID0532,Merge Q2539,medxpert,16,-0.79206570982933,0.3645864901949586,14,7,False
ID0532,Merge Q2539,medxpert,17,0.53286321951386,0.6045824924183381,7,7,True
ID0533,Merge Q32,jama,1,2.60167041957141,0.6677698998375218,3,4,True
ID0533,Merge Q32,jama,2,4.35858866460787,1.0,1,4,True
ID0533,Merge Q32,jama,3,2.05985069274902,0.5653127578385931,5,4,False
ID0533,Merge Q32,jama,4,1.94103482167575,0.5428448889670138,7,4,False
ID0533,Merge Q32,jama,5,0.479316964771155,0.26643665461651983,8,4,False
ID0533,Merge Q32,jama,6,-0.929668613035649,0.0,13,4,False
ID0533,Merge Q32,jama,7,0.0,0.17579867321620085,9,4,False
ID0533,Merge Q32,jama,8,2.11758755506974,0.5762306953158045,4,4,True
ID0533,Merge Q32,jama,9,4.31915777249812,0.9925436887731528,2,4,True
ID0533,Merge Q32,jama,10,0.0,0.17579867321620085,10,4,False
ID0533,Merge Q32,jama,11,1.99613969679228,0.5532651223678148,6,4,False
ID0533,Merge Q32,jama,12,0.0,0.17579867321620085,11,4,False
ID0533,Merge Q32,jama,13,0.0,0.17579867321620085,12,4,False
ID0534,Merge Q790,jama,1,-0.299384286560811,0.29949852717020514,13,9,False
ID0534,Merge Q790,jama,2,0.0,0.9979176586333068,2,9,True
ID0534,Merge Q790,jama,3,0.0,0.9979176586333068,3,9,True
ID0534,Merge Q790,jama,4,0.0,0.9979176586333068,4,9,True
ID0534,Merge Q790,jama,5,0.0,0.9979176586333068,5,9,True
ID0534,Merge Q790,jama,6,0.0,0.9979176586333068,6,9,True
ID0534,Merge Q790,jama,7,0.0,0.9979176586333068,7,9,True
ID0534,Merge Q790,jama,8,0.0,0.9979176586333068,8,9,True
ID0534,Merge Q790,jama,9,0.0,0.9979176586333068,9,9,True
ID0534,Merge Q790,jama,10,-0.42776730020339,0.0,14,9,False
ID0534,Merge Q790,jama,11,0.0,0.9979176586333068,10,9,False
ID0534,Merge Q790,jama,12,0.000892616276329,1.0,1,9,True
ID0534,Merge Q790,jama,13,-0.249977502251178,0.41475722622323535,12,9,False
ID0534,Merge Q790,jama,14,0.0,0.9979176586333068,11,9,False
ID0535,Merge Q1328,medbullets,1,-0.0,0.5989612662524394,5,5,True
ID0535,Merge Q1328,medbullets,2,0.038073323362571,0.6485074468046558,2,5,True
ID0535,Merge Q1328,medbullets,3,0.0,0.5989612662524394,6,5,False
ID0535,Merge Q1328,medbullets,4,0.3081746609064071,1.0,1,5,True
ID0535,Merge Q1328,medbullets,5,-0.1196052823922202,0.4433146246401272,11,5,False
ID0535,Merge Q1328,medbullets,6,0.0094060911421677,0.6112017498472756,3,5,True
ID0535,Merge Q1328,medbullets,7,-0.4602664770022118,0.0,13,5,False
ID0535,Merge Q1328,medbullets,8,-0.1540432028058002,0.3984993242681223,12,5,False
ID0535,Merge Q1328,medbullets,9,-0.0,0.5989612662524394,7,5,False
ID0535,Merge Q1328,medbullets,10,0.0,0.5989612662524394,8,5,False
ID0535,Merge Q1328,medbullets,11,0.0017516171337667,0.6012407084209493,4,5,True
ID0535,Merge Q1328,medbullets,12,0.0,0.5989612662524394,9,5,False
ID0535,Merge Q1328,medbullets,13,0.0,0.5989612662524394,10,5,False
ID0541,Merge Q335,jama,1,2.37278014796084,0.666666202856336,2,3,True
ID0541,Merge Q335,jama,2,4.56587887484795,1.0,1,3,True
ID0541,Merge Q335,jama,3,-0.785213738679886,0.18667591300532374,8,3,False
ID0541,Merge Q335,jama,4,0.0,0.30602223967756204,5,3,False
ID0541,Merge Q335,jama,5,0.82983323956141,0.4321503803525856,3,3,True
ID0541,Merge Q335,jama,6,0.401788257596325,0.36709090198188954,4,3,False
ID0541,Merge Q335,jama,7,-1.03452521914281,0.1487825243332265,9,3,False
ID0541,Merge Q335,jama,8,-0.144846334268283,0.28400673348440536,6,3,False
ID0541,Merge Q335,jama,9,-2.01340815118951,0.0,10,3,False
ID0541,Merge Q335,jama,10,-0.695689299164689,0.20028292530937808,7,3,False
ID0542,Merge Q4035,mmlu,1,-1.44809522889379,0.0,8,5,False
ID0542,Merge Q4035,mmlu,2,5.49594965535602,0.8968292691621258,2,5,True
ID0542,Merge Q4035,mmlu,3,1.96291606128216,0.44053499271163515,4,5,True
ID0542,Merge Q4035,mmlu,4,-0.0582789602727345,0.179495946416497,6,5,False
ID0542,Merge Q4035,mmlu,5,3.82744484056425,0.6813404613295065,3,5,True
ID0542,Merge Q4035,mmlu,6,-1.25117701981352,0.025432153230278594,7,5,False
ID0542,Merge Q4035,mmlu,7,1.12417081213265,0.3322103344833892,5,5,True
ID0542,Merge Q4035,mmlu,8,6.29478864323649,1.0,1,5,True
ID0543,Merge Q3928,mmlu,1,15.2097857594118,1.0,1,5,True
ID0543,Merge Q3928,mmlu,2,-0.764326465484813,0.1826669235282348,5,5,True
ID0543,Merge Q3928,mmlu,3,-4.33440336585045,0.0,10,5,False
ID0543,Merge Q3928,mmlu,4,0.0,0.22177453042796882,3,5,True
ID0543,Merge Q3928,mmlu,5,2.22847271469519,0.3357967955837399,2,5,True
ID0543,Merge Q3928,mmlu,6,-1.28069787818224,0.15624621047700976,7,5,False
ID0543,Merge Q3928,mmlu,7,-1.07561375919844,0.16673956569729434,6,5,False
ID0543,Merge Q3928,mmlu,8,-3.48385961402773,0.04351900948007777,9,5,False
ID0543,Merge Q3928,mmlu,9,0.0,0.22177453042796882,4,5,True
ID0543,Merge Q3928,mmlu,10,-1.68083439606243,0.13577278406286472,8,5,False
ID0546,Merge Q1242,medbullets,1,-0.7036451500086036,0.2721527314331834,8,5,False
ID0546,Merge Q1242,medbullets,2,-0.7846487927175606,0.2673069336919636,9,5,False
ID0546,Merge Q1242,medbullets,3,0.7874484211206436,0.36135289104682616,3,5,True
ID0546,Merge Q1242,medbullets,4,0.0,0.3142461727217802,6,5,False
ID0546,Merge Q1242,medbullets,5,-1.7846845783144465,0.2074828197518568,10,5,False
ID0546,Merge Q1242,medbullets,6,11.46324320114153,1.0,1,5,True
ID0546,Merge Q1242,medbullets,7,-5.253022527391887,0.0,12,5,False
ID0546,Merge Q1242,medbullets,8,0.2826730821301081,0.33115623425828744,5,5,True
ID0546,Merge Q1242,medbullets,9,-2.430358175491279,0.16885735114168057,11,5,False
ID0546,Merge Q1242,medbullets,10,-0.4420375148718441,0.28780261636473337,7,5,False
ID0546,Merge Q1242,medbullets,11,0.70679417459736,0.3565279948748532,4,5,True
ID0546,Merge Q1242,medbullets,12,2.606294392275636,0.4701598459428804,2,5,True
ID0552,Merge Q77,jama,1,0.0,0.1152741994400373,5,8,True
ID0552,Merge Q77,jama,2,0.0,0.1152741994400373,6,8,True
ID0552,Merge Q77,jama,3,-0.0700011625885963,0.0,11,8,False
ID0552,Merge Q77,jama,4,0.0,0.1152741994400373,7,8,True
ID0552,Merge Q77,jama,5,0.0380087821805455,0.17786504472789694,4,8,True
ID0552,Merge Q77,jama,6,0.293769240796378,0.5990377942239148,3,8,True
ID0552,Merge Q77,jama,7,0.0,0.1152741994400373,8,8,True
ID0552,Merge Q77,jama,8,0.0,0.1152741994400373,9,8,False
ID0552,Merge Q77,jama,9,0.523635640732864,0.9775695821396562,2,8,True
ID0552,Merge Q77,jama,10,0.537256688072159,1.0,1,8,True
ID0552,Merge Q77,jama,11,0.0,0.1152741994400373,10,8,False
ID0553,Merge Q362,jama,1,-9.25454901359442,0.0,15,5,False
ID0553,Merge Q362,jama,2,-0.288346448933529,0.5152522121785573,12,5,False
ID0553,Merge Q362,jama,3,-0.670134231448174,0.49331237777209963,13,5,False
ID0553,Merge Q362,jama,4,1.08778421685032,0.5943330008043379,6,5,False
ID0553,Merge Q362,jama,5,2.12322130203409,0.6538354763356647,3,5,True
ID0553,Merge Q362,jama,6,0.0,0.5318223425782882,7,5,False
ID0553,Merge Q362,jama,7,-0.969398396699126,0.47611484938041815,14,5,False
ID0553,Merge Q362,jama,8,0.0,0.5318223425782882,8,5,False
ID0553,Merge Q362,jama,9,2.75483391983435,0.6901317563064243,2,5,True
ID0553,Merge Q362,jama,10,1.64047535874226,0.6260939755824139,4,5,True
ID0553,Merge Q362,jama,11,0.0,0.5318223425782882,9,5,False
ID0553,Merge Q362,jama,12,1.4673816548616,0.6161469647720393,5,5,True
ID0553,Merge Q362,jama,13,0.0,0.5318223425782882,10,5,False
ID0553,Merge Q362,jama,14,0.0,0.5318223425782882,11,5,False
ID0553,Merge Q362,jama,15,8.14703093644704,1.0,1,5,True
ID0554,Merge Q3816,mmlu,1,2.48526524101576,0.3382691330745813,4,4,True
ID0554,Merge Q3816,mmlu,2,5.72442003105108,0.6014359479800719,2,4,True
ID0554,Merge Q3816,mmlu,3,2.89868876338005,0.3718579420818942,3,4,True
ID0554,Merge Q3816,mmlu,4,0.730117055591765,0.1956712062740075,5,4,False
ID0554,Merge Q3816,mmlu,5,-1.67827674323145,0.0,9,4,False
ID0554,Merge Q3816,mmlu,6,0.406967441923077,0.16941674791075,7,4,False
ID0554,Merge Q3816,mmlu,7,10.6300942464717,1.0,1,4,True
ID0554,Merge Q3816,mmlu,8,-1.33694855672303,0.027731385964394967,8,4,False
ID0554,Merge Q3816,mmlu,9,0.552183001705214,0.18121486156068958,6,4,False
ID0561,Merge Q496,jama,1,-1.5419803105695,0.09174890403739576,12,11,False
ID0561,Merge Q496,jama,2,0.825552384252956,0.42438606021572656,2,11,True
ID0561,Merge Q496,jama,3,-0.436902847141027,0.24701173339366644,9,11,True
ID0561,Merge Q496,jama,4,-2.19499975228878,0.0,13,11,False
ID0561,Merge Q496,jama,5,-1.42815765832435,0.10774092958969382,11,11,True
ID0561,Merge Q496,jama,6,0.300274487395575,0.3505847791622133,3,11,True
ID0561,Merge Q496,jama,7,-0.472368925245475,0.24202876720812583,10,11,True
ID0561,Merge Q496,jama,8,-0.176989555537147,0.28352942050359986,7,11,True
ID0561,Merge Q496,jama,9,0.0,0.3083963642868443,6,11,True
ID0561,Merge Q496,jama,10,-0.305311337536819,0.26550027449288016,8,11,True
ID0561,Merge Q496,jama,11,0.0216509238048183,0.31143830822232543,5,11,True
ID0561,Merge Q496,jama,12,0.0969947777869681,0.32202408191784654,4,11,True
ID0561,Merge Q496,jama,13,4.92246337787697,1.0,1,11,True
ID0564,Merge Q1078,medbullets,1,3.151992674532837,0.4358552131220243,3,5,True
ID0564,Merge Q1078,medbullets,2,-2.751723032466688,0.02790445272764883,8,5,False
ID0564,Merge Q1078,medbullets,3,-0.3119739331305027,0.19649277060102668,6,5,False
ID0564,Merge Q1078,medbullets,4,1.374855070310333,0.3130537990721476,5,5,True
ID0564,Merge Q1078,medbullets,5,8.365902775658274,0.7961399381910542,2,5,True
ID0564,Merge Q1078,medbullets,6,11.316091783194098,1.0,1,5,True
ID0564,Merge Q1078,medbullets,7,-1.0863720062506266,0.14298133840202376,7,5,False
ID0564,Merge Q1078,medbullets,8,-3.1555461696124265,0.0,9,5,False
ID0564,Merge Q1078,medbullets,9,2.3274862980191338,0.3788812631653917,4,5,True
ID0566,Merge Q3899,mmlu,1,1.87087140513192,0.35391337475813905,2,2,True
ID0566,Merge Q3899,mmlu,2,-0.0156394899636906,0.022294494302889347,6,2,False
ID0566,Merge Q3899,mmlu,3,0.643128007650375,0.1380954369886781,4,2,False
ID0566,Merge Q3899,mmlu,4,5.5463239487901,1.0,1,2,True
ID0566,Merge Q3899,mmlu,5,-0.142468234893138,0.0,7,2,False
ID0566,Merge Q3899,mmlu,6,0.81413606384731,0.16815595786469556,3,2,False
ID0566,Merge Q3899,mmlu,7,0.171325279626526,0.0551599538861159,5,2,False
ID0567,Merge Q2705,medxpert,1,7.97878576388036,0.10747025433913211,4,4,True
ID0567,Merge Q2705,medxpert,2,2.71082285998157,0.03621367221395924,7,4,False
ID0567,Merge Q2705,medxpert,3,4.50483956933022,0.06048026279473651,5,4,False
ID0567,Merge Q2705,medxpert,4,45.8714492365013,0.6200216401281288,2,4,True
ID0567,Merge Q2705,medxpert,5,0.0335644770020505,0.0,8,4,False
ID0567,Merge Q2705,medxpert,6,27.9573149092112,0.37770786397203726,3,4,True
ID0567,Merge Q2705,medxpert,7,73.9630562767185,1.0,1,4,True
ID0567,Merge Q2705,medxpert,8,2.73989966708374,0.03660697678557651,6,4,False
ID0569,Merge Q3810,mmlu,1,-0.998314928621092,0.1824864150420109,4,3,False
ID0569,Merge Q3810,mmlu,2,8.37375340678593,1.0,1,3,True
ID0569,Merge Q3810,mmlu,3,0.0,0.26956815484653224,3,3,True
ID0569,Merge Q3810,mmlu,4,-3.09035986038215,0.0,5,3,False
ID0569,Merge Q3810,mmlu,5,1.22153211357983,0.3761208454133778,2,3,True
ID0572,Merge Q2742,medxpert,1,0.528331515875897,0.33481158486531604,3,4,True
ID0572,Merge Q2742,medxpert,2,1.53678035688339,0.9738807006903508,2,4,True
ID0572,Merge Q2742,medxpert,3,0.104735936969519,0.06637272999128743,7,4,False
ID0572,Merge Q2742,medxpert,4,0.139142094052888,0.0881764264130502,6,4,False
ID0572,Merge Q2742,medxpert,5,0.159185986320697,0.10087854077760602,5,4,False
ID0572,Merge Q2742,medxpert,6,0.266404046008864,0.16882422906550956,4,4,True
ID0572,Merge Q2742,medxpert,7,0.0,0.0,8,4,False
ID0572,Merge Q2742,medxpert,8,0.0,0.0,9,4,False
ID0572,Merge Q2742,medxpert,9,1.57799652030687,1.0,1,4,True
ID0574,Merge Q1669,medxpert,1,6.61756165663486,0.0,3,3,True
ID0574,Merge Q1669,medxpert,2,104.566995979522,1.0,1,3,True
ID0574,Merge Q1669,medxpert,3,61.4016860723496,0.5593102685526559,2,3,True
ID0576,Merge Q3902,mmlu,1,4.14803841894019,0.9451592118906977,2,4,True
ID0576,Merge Q3902,mmlu,2,0.983333477357992,0.5171204059945853,4,4,True
ID0576,Merge Q3902,mmlu,3,0.0,0.38412068083361817,6,4,False
ID0576,Merge Q3902,mmlu,4,4.5535037896942,1.0,1,4,True
ID0576,Merge Q3902,mmlu,5,0.192418231569113,0.41014600439263144,5,4,False
ID0576,Merge Q3902,mmlu,6,0.0,0.38412068083361817,7,4,False
ID0576,Merge Q3902,mmlu,7,-0.396923394714358,0.33043522862181607,9,4,False
ID0576,Merge Q3902,mmlu,8,-2.83999628083513,0.0,10,4,False
ID0576,Merge Q3902,mmlu,9,1.84371480375019,0.6334903685542259,3,4,True
ID0576,Merge Q3902,mmlu,10,-0.0187389429462404,0.38158616500654263,8,4,False
ID0577,Merge Q164,jama,1,0.0,0.0,8,9,True
ID0577,Merge Q164,jama,2,3.7505735186574896,0.07568113581263758,7,9,True
ID0577,Merge Q164,jama,3,0.0,0.0,9,9,True
ID0577,Merge Q164,jama,4,0.0,0.0,10,9,False
ID0577,Merge Q164,jama,5,44.7565549420567,0.9031223881429259,2,9,True
ID0577,Merge Q164,jama,6,12.3918884700401,0.2500503428637916,4,9,True
ID0577,Merge Q164,jama,7,29.1604300170195,0.5884151993007511,3,9,True
ID0577,Merge Q164,jama,8,49.5575743992891,1.0,1,9,True
ID0577,Merge Q164,jama,9,8.0101211751433,0.16163263178712406,5,9,True
ID0577,Merge Q164,jama,10,7.24119323933891,0.14611678087785474,6,9,True
ID0577,Merge Q164,jama,11,0.0,0.0,11,9,False
ID0578,Merge Q3921,mmlu,1,-3.65977738615741,0.0,11,5,False
ID0578,Merge Q3921,mmlu,2,2.19034114938565,0.46279313451937765,3,5,True
ID0578,Merge Q3921,mmlu,3,-3.58400121331215,0.005994526835631837,10,5,False
ID0578,Merge Q3921,mmlu,4,0.618720236895613,0.338464821520511,5,5,True
ID0578,Merge Q3921,mmlu,5,-0.250855783152446,0.26967411077236225,7,5,False
ID0578,Merge Q3921,mmlu,6,1.16577930853543,0.3817417536020162,4,5,True
ID0578,Merge Q3921,mmlu,7,-1.99753003862403,0.13149761934526052,9,5,False
ID0578,Merge Q3921,mmlu,8,0.0,0.2895188940006147,6,5,False
ID0578,Merge Q3921,mmlu,9,8.06253007206626,0.927332220609033,2,5,True
ID0578,Merge Q3921,mmlu,10,8.98111570232489,1.0,1,5,True
ID0578,Merge Q3921,mmlu,11,-0.770533884659209,0.22856324163762795,8,5,False
ID0581,Merge Q1434,medxpert,1,1.51495847530526,1.0,1,4,True
ID0581,Merge Q1434,medxpert,2,0.560810965138258,0.43892553699117165,5,4,False
ID0581,Merge Q1434,medxpert,3,1.01990957558155,0.708892710387122,2,4,True
ID0581,Merge Q1434,medxpert,4,0.107109324621472,0.17213198399575994,6,4,False
ID0581,Merge Q1434,medxpert,5,0.7948941141148,0.5765751935819446,3,4,True
ID0581,Merge Q1434,medxpert,6,0.751408449304943,0.5510039943996483,4,4,True
ID0581,Merge Q1434,medxpert,7,0.0017521080833987,0.11017799568334703,7,4,False
ID0581,Merge Q1434,medxpert,8,-0.18561350412555,0.0,8,4,False
ID0584,Merge Q197,jama,1,0.0,0.17416661531445368,5,5,True
ID0584,Merge Q197,jama,2,-0.0800578629476158,0.16093014470489012,6,5,False
ID0584,Merge Q197,jama,3,1.07364133000374,0.3516784971780256,4,5,True
ID0584,Merge Q197,jama,4,-0.33461391187617,0.11884279018314707,7,5,False
ID0584,Merge Q197,jama,5,-1.05340822566556,0.0,8,5,False
ID0584,Merge Q197,jama,6,2.05360719596041,0.5137024246915346,3,5,True
ID0584,Merge Q197,jama,7,3.9520311301508,0.8275808082032872,2,5,True
ID0584,Merge Q197,jama,8,4.99487045141418,1.0,1,5,True
ID0587,Merge Q3036,medxpert,1,2.13459332941932,0.502522271852947,3,6,True
ID0587,Merge Q3036,medxpert,2,0.501114410702429,0.23454760108251013,6,6,True
ID0587,Merge Q3036,medxpert,3,-0.928604900836945,0.0,8,6,False
ID0587,Merge Q3036,medxpert,4,2.63576118029905,0.5847396107493171,2,6,True
ID0587,Merge Q3036,medxpert,5,0.744837239682128,0.2745306973482256,5,6,True
ID0587,Merge Q3036,medxpert,6,1.34171652163565,0.37244964031005484,4,6,True
ID0587,Merge Q3036,medxpert,7,5.16704180346007,1.0,1,6,True
ID0587,Merge Q3036,medxpert,8,-0.892234368165284,0.005966640528235054,7,6,False
ID0589,Merge Q10,jama,1,-1.64838025447225,0.022175070907806006,10,6,False
ID0589,Merge Q10,jama,2,1.11315044189909,0.14651551595935935,4,6,True
ID0589,Merge Q10,jama,3,-1.77717925608158,0.016375778072371113,11,6,False
ID0589,Merge Q10,jama,4,2.57279179263239,0.21223720263273602,3,6,True
ID0589,Merge Q10,jama,5,-2.14087599051958,0.0,12,6,False
ID0589,Merge Q10,jama,6,-0.364169309644691,0.07999784312241642,7,6,False
ID0589,Merge Q10,jama,7,20.0685563082499,1.0,1,6,True
ID0589,Merge Q10,jama,8,0.0,0.09639489932564355,5,6,True
ID0589,Merge Q10,jama,9,-0.466397367580261,0.07539493132528624,8,6,False
ID0589,Merge Q10,jama,10,-0.164820236035321,0.08897371746839937,6,6,True
ID0589,Merge Q10,jama,11,-1.30408229725574,0.0376774012954038,9,6,False
ID0589,Merge Q10,jama,12,4.64309868545328,0.3054546637983506,2,6,True
ID0590,Merge Q287,jama,1,-1.70041665230456,0.00031702674727552264,11,10,False
ID0590,Merge Q287,jama,2,0.0039488239092606,0.3527027837294445,7,10,True
ID0590,Merge Q287,jama,3,-1.70194999873638,0.0,12,10,False
ID0590,Merge Q287,jama,4,0.705973756465199,0.4978498139477714,4,10,True
ID0590,Merge Q287,jama,5,3.13469689303928,1.0,1,10,True
ID0590,Merge Q287,jama,6,0.0,0.35188634539982916,8,10,True
ID0590,Merge Q287,jama,7,0.046417991586123,0.3614834883430226,5,10,True
ID0590,Merge Q287,jama,8,2.59701084054259,0.8888308233931688,2,10,True
ID0590,Merge Q287,jama,9,0.0,0.35188634539982916,9,10,True
ID0590,Merge Q287,jama,10,1.79706566619023,0.7234383123722372,3,10,True
ID0590,Merge Q287,jama,11,0.015719357788826,0.35513639820305437,6,10,True
ID0590,Merge Q287,jama,12,0.0,0.35188634539982916,10,10,True
ID0591,Merge Q2490,medxpert,1,5.05686735964336,1.0,1,6,True
ID0591,Merge Q2490,medxpert,2,2.39752963914731,0.6311737938059865,3,6,True
ID0591,Merge Q2490,medxpert,3,-1.52378949522972,0.08732212409835141,9,6,False
ID0591,Merge Q2490,medxpert,4,0.0,0.2986580120648618,8,6,False
ID0591,Merge Q2490,medxpert,5,1.6096317961167,0.5218994545320635,6,6,True
ID0591,Merge Q2490,medxpert,6,1.69212573060637,0.5333406207507592,5,6,True
ID0591,Merge Q2490,medxpert,7,4.20275219489434,0.8815419141994516,2,6,True
ID0591,Merge Q2490,medxpert,8,-2.15340586887327,0.0,10,6,False
ID0591,Merge Q2490,medxpert,9,1.48015109784132,0.5039416470854214,7,6,False
ID0591,Merge Q2490,medxpert,10,1.70779613296074,0.535513964514265,4,6,True
ID0594,Merge Q2384,medxpert,1,2.35377599852275,0.6656803506220783,3,6,True
ID0594,Merge Q2384,medxpert,2,2.01590436933139,0.6420937600300838,4,6,True
ID0594,Merge Q2384,medxpert,3,0.652701884508133,0.5469295138325877,8,6,False
ID0594,Merge Q2384,medxpert,4,-7.18191775543996,0.0,10,6,False
ID0594,Merge Q2384,medxpert,5,0.188537520323903,0.5145265125755445,9,6,False
ID0594,Merge Q2384,medxpert,6,0.804439551491553,0.5575222180412482,6,6,True
ID0594,Merge Q2384,medxpert,7,1.35418737677715,0.5958997430050467,5,6,True
ID0594,Merge Q2384,medxpert,8,3.66155952685099,0.7569758368381225,2,6,True
ID0594,Merge Q2384,medxpert,9,0.658024206175252,0.5473010615190912,7,6,False
ID0594,Merge Q2384,medxpert,10,7.14281594753265,1.0,1,6,True
ID0595,Merge Q1624,medxpert,1,4.85096250721957,0.6096094676217064,2,3,True
ID0595,Merge Q1624,medxpert,2,8.81196576530923,1.0,1,3,True
ID0595,Merge Q1624,medxpert,3,-0.69384603202343,0.0631214653334273,10,3,False
ID0595,Merge Q1624,medxpert,4,0.200960286039487,0.1513122321980113,5,3,False
ID0595,Merge Q1624,medxpert,5,0.0,0.1315058882134102,6,3,False
ID0595,Merge Q1624,medxpert,6,0.671006629478428,0.19763929387937398,4,3,False
ID0595,Merge Q1624,medxpert,7,-0.011438601850213,0.13037851679384674,9,3,False
ID0595,Merge Q1624,medxpert,8,-1.33429273629653,0.0,11,3,False
ID0595,Merge Q1624,medxpert,9,0.0,0.1315058882134102,7,3,False
ID0595,Merge Q1624,medxpert,10,0.0,0.1315058882134102,8,3,False
ID0595,Merge Q1624,medxpert,11,1.06603613583663,0.2365728087603209,3,3,True
ID0596,Merge Q333,jama,1,5.94921385432098,0.515100671060439,2,6,True
ID0596,Merge Q333,jama,2,-5.14872243514393,0.0,12,6,False
ID0596,Merge Q333,jama,3,0.0,0.23897329307649579,6,6,True
ID0596,Merge Q333,jama,4,1.41889527440071,0.304830033369923,5,6,True
ID0596,Merge Q333,jama,5,-1.29725401776579,0.17876242164435968,11,6,False
ID0596,Merge Q333,jama,6,2.50574294700647,0.35527508467474495,3,6,True
ID0596,Merge Q333,jama,7,0.0,0.23897329307649579,7,6,False
ID0596,Merge Q333,jama,8,0.0,0.23897329307649579,8,6,False
ID0596,Merge Q333,jama,9,2.02387471805248,0.3329096068396877,4,6,True
ID0596,Merge Q333,jama,10,-0.639597187125449,0.20928696836678953,10,6,False
ID0596,Merge Q333,jama,11,16.3964568142202,1.0,1,6,True
ID0596,Merge Q333,jama,12,0.0,0.23897329307649579,9,6,False
ID0598,Merge Q2787,medxpert,1,1.24898169381735,1.0,1,3,True
ID0598,Merge Q2787,medxpert,2,0.185953567245973,0.23919532901921522,2,3,True
ID0598,Merge Q2787,medxpert,3,0.0,0.10610915847490605,3,3,True
ID0598,Merge Q2787,medxpert,4,0.0,0.10610915847490605,4,3,False
ID0598,Merge Q2787,medxpert,5,-0.148260156973318,0.0,5,3,False
ID0599,Merge Q1286,medbullets,1,-1.2288188005955714,0.1620474721831701,8,7,False
ID0599,Merge Q1286,medbullets,2,-2.8026217023987385,0.0,9,7,False
ID0599,Merge Q1286,medbullets,3,2.6569745242595677,0.5621502963662739,3,7,True
ID0599,Merge Q1286,medbullets,4,-0.8166259877520086,0.20448912945603473,7,7,True
ID0599,Merge Q1286,medbullets,5,-0.4208937355121363,0.24523591614917825,6,7,True
ID0599,Merge Q1286,medbullets,6,0.1954100684728353,0.3086939726937501,5,7,True
ID0599,Merge Q1286,medbullets,7,6.035785826170842,0.9100514406781339,2,7,True
ID0599,Merge Q1286,medbullets,8,6.909365041980845,1.0,1,7,True
ID0599,Merge Q1286,medbullets,9,1.3556235339117335,0.4281559835032608,4,7,True
ID0600,Merge Q1068,medbullets,1,3.748503132959268,0.3929386784832085,3,4,True
ID0600,Merge Q1068,medbullets,2,12.297315162885573,1.0,1,4,True
ID0600,Merge Q1068,medbullets,3,-0.6471836417913437,0.08079572656044964,10,4,False
ID0600,Merge Q1068,medbullets,4,10.26609355954954,0.85576053532373,2,4,True
ID0600,Merge Q1068,medbullets,5,2.0415849666663832,0.271728387027109,5,4,False
ID0600,Merge Q1068,medbullets,6,-0.1909172954037982,0.11319574310450849,8,4,False
ID0600,Merge Q1068,medbullets,7,-1.7849722880203935,0.0,11,4,False
ID0600,Merge Q1068,medbullets,8,-0.590880126123004,0.08479390624997996,9,4,False
ID0600,Merge Q1068,medbullets,9,-0.0823407177174109,0.12090589517070581,7,4,False
ID0600,Merge Q1068,medbullets,10,3.106390680994584,0.34734150869078434,4,4,True
ID0600,Merge Q1068,medbullets,11,-0.0,0.12675300758085006,6,4,False
ID0601,Merge Q1303,medbullets,1,0.971976049107084,0.7054721948665723,2,4,True
ID0601,Merge Q1303,medbullets,2,-0.8417843926441103,0.0,8,4,False
ID0601,Merge Q1303,medbullets,3,0.4394612051546573,0.49834758948074015,4,4,True
ID0601,Merge Q1303,medbullets,4,0.6806509584307774,0.5921596832425537,3,4,True
ID0601,Merge Q1303,medbullets,5,-0.1926727793683553,0.2524755662268689,6,4,False
ID0601,Merge Q1303,medbullets,6,-0.0,0.32741671359294544,5,4,False
ID0601,Merge Q1303,medbullets,7,-0.3938886539402258,0.17421153454517727,7,4,False
ID0601,Merge Q1303,medbullets,8,1.7292034576909907,1.0,1,4,True
ID0602,Merge Q860,jama,1,3.9403221907545,0.630139203644998,2,4,True
ID0602,Merge Q860,jama,2,1.24525927497377,0.3967027225264172,3,4,True
ID0602,Merge Q860,jama,3,0.0,0.2888429239562072,5,4,False
ID0602,Merge Q860,jama,4,-1.63743107020855,0.14701464051779026,11,4,False
ID0602,Merge Q860,jama,5,-0.358921713658118,0.25775443940068793,9,4,False
ID0602,Merge Q860,jama,6,0.193180725391645,0.3055755310101308,4,4,True
ID0602,Merge Q860,jama,7,0.0,0.2888429239562072,6,4,False
ID0602,Merge Q860,jama,8,8.21042646700574,1.0,1,4,True
ID0602,Merge Q860,jama,9,0.0,0.2888429239562072,7,4,False
ID0602,Merge Q860,jama,10,-3.33473949362958,0.0,13,4,False
ID0602,Merge Q860,jama,11,-1.09252441435932,0.1942124597355613,10,4,False
ID0602,Merge Q860,jama,12,-0.323932120511983,0.26078510983586717,8,4,False
ID0602,Merge Q860,jama,13,-2.40171055049001,0.08081555053611601,12,4,False
ID0604,Merge Q3838,mmlu,1,0.0,1.0,1,4,True
ID0604,Merge Q3838,mmlu,2,-0.149525911914052,0.636019238590976,6,4,False
ID0604,Merge Q3838,mmlu,3,0.0,1.0,2,4,True
ID0604,Merge Q3838,mmlu,4,0.0,1.0,3,4,True
ID0604,Merge Q3838,mmlu,5,-0.410807184795193,0.0,7,4,False
ID0604,Merge Q3838,mmlu,6,0.0,1.0,4,4,True
ID0604,Merge Q3838,mmlu,7,-0.0876469939425243,0.7866468815869896,5,4,False
ID0605,Merge Q1721,medxpert,1,0.348836656236772,0.052142776488318776,7,3,False
ID0605,Merge Q1721,medxpert,2,0.097723078614545,0.0,8,3,False
ID0605,Merge Q1721,medxpert,3,4.9136073589325,1.0,1,3,True
ID0605,Merge Q1721,medxpert,4,1.36053644559005,0.2622183784889722,5,3,False
ID0605,Merge Q1721,medxpert,5,0.595820413761972,0.10342801158721814,6,3,False
ID0605,Merge Q1721,medxpert,6,2.67239323551668,0.534620436671321,4,3,False
ID0605,Merge Q1721,medxpert,7,4.02821712775018,0.8161520959295425,3,3,True
ID0605,Merge Q1721,medxpert,8,4.70350251056184,0.9563725297077139,2,3,True
ID0607,Merge Q3808,mmlu,1,3.49054631828921,0.8200422578039608,3,5,True
ID0607,Merge Q3808,mmlu,2,4.9658346586184,1.0,1,5,True
ID0607,Merge Q3808,mmlu,3,1.98827554285526,0.6367931603062725,4,5,True
ID0607,Merge Q3808,mmlu,4,0.150238082016709,0.41258677130272375,7,5,False
ID0607,Merge Q3808,mmlu,5,-0.741410154158695,0.3038222681009957,10,5,False
ID0607,Merge Q3808,mmlu,6,4.17643539913529,0.9037079704730077,2,5,True
ID0607,Merge Q3808,mmlu,7,0.643399372111684,0.4727432775787611,6,5,False
ID0607,Merge Q3808,mmlu,8,0.0,0.3942605192118563,8,5,False
ID0607,Merge Q3808,mmlu,9,-2.06610077022028,0.142234647662316,11,5,False
ID0607,Merge Q3808,mmlu,10,-0.19120722406526,0.3709367936771731,9,5,False
ID0607,Merge Q3808,mmlu,11,-3.23213627792551,0.0,12,5,False
ID0607,Merge Q3808,mmlu,12,1.63078065921755,0.5931854326862449,5,5,True
ID0609,Merge Q867,jama,1,1.22272452747661,0.45153894177862364,2,4,True
ID0609,Merge Q867,jama,2,0.84378547767003,0.3901743298723855,4,4,True
ID0609,Merge Q867,jama,3,0.0,0.2535334415929373,8,4,False
ID0609,Merge Q867,jama,4,0.481569405645132,0.3315178026621251,5,4,False
ID0609,Merge Q867,jama,5,-0.195086378774949,0.22194155385313155,10,4,False
ID0609,Merge Q867,jama,6,-1.56562094123915,0.0,11,4,False
ID0609,Merge Q867,jama,7,0.337484604358916,0.30818500569377594,6,4,False
ID0609,Merge Q867,jama,8,0.0539900916229947,0.2622764862089999,7,4,False
ID0609,Merge Q867,jama,9,0.0,0.2535334415929373,9,4,False
ID0609,Merge Q867,jama,10,1.21587953381625,0.45043047755546406,3,4,True
ID0609,Merge Q867,jama,11,4.60958392089831,1.0,1,4,True
ID0614,Merge Q2670,medxpert,1,1.35777037273413,1.0,1,3,True
ID0614,Merge Q2670,medxpert,2,0.863805196557467,0.6566811407788078,2,3,True
ID0614,Merge Q2670,medxpert,3,0.35899855569005,0.3058271769198235,3,3,True
ID0614,Merge Q2670,medxpert,4,0.352621444437345,0.3013949159710834,4,3,False
ID0614,Merge Q2670,medxpert,5,-0.0810238062317648,0.0,6,3,False
ID0614,Merge Q2670,medxpert,6,0.239652157244296,0.2228782741576981,5,3,False
ID0616,Merge Q2870,medxpert,1,2.4199745743887,0.05446815499120297,5,3,False
ID0616,Merge Q2870,medxpert,2,0.0,0.0,6,3,False
ID0616,Merge Q2870,medxpert,3,8.80008463561535,0.19807000409889888,3,3,True
ID0616,Merge Q2870,medxpert,4,44.4291636972015,1.0,1,3,True
ID0616,Merge Q2870,medxpert,5,0.0,0.0,7,3,False
ID0616,Merge Q2870,medxpert,6,5.64944911535297,0.12715632357736267,4,3,False
ID0616,Merge Q2870,medxpert,7,0.0,0.0,8,3,False
ID0616,Merge Q2870,medxpert,8,35.3570328956346,0.7958068519273449,2,3,True
ID0617,Merge Q4039,mmlu,1,4.29925555612015,0.0,3,2,False
ID0617,Merge Q4039,mmlu,2,6.03064193924935,0.98385172615332,2,2,True
ID0617,Merge Q4039,mmlu,3,6.05905973911285,1.0,1,2,True
ID0618,Merge Q3920,mmlu,1,4.32611356250992,0.697479677481031,3,5,True
ID0618,Merge Q3920,mmlu,2,1.45040139595624,0.23384164175354466,6,5,False
ID0618,Merge Q3920,mmlu,3,2.20460669696331,0.3554387432858715,5,5,True
ID0618,Merge Q3920,mmlu,4,2.72019184902086,0.4385641999746391,4,5,True
ID0618,Merge Q3920,mmlu,5,0.0,0.0,7,5,False
ID0618,Merge Q3920,mmlu,6,4.60868723385533,0.7430377494795573,2,5,True
ID0618,Merge Q3920,mmlu,7,6.20249406854951,1.0,1,5,True
ID0619,Merge Q1092,medbullets,1,0.0807938329724266,0.1409023454237558,4,5,True
ID0619,Merge Q1092,medbullets,2,7.991597228634166,0.5091333865304329,3,5,True
ID0619,Merge Q1092,medbullets,3,18.537012577056885,1.0,1,5,True
ID0619,Merge Q1092,medbullets,4,-2.946247964712507,0.0,7,5,False
ID0619,Merge Q1092,medbullets,5,0.0316632247328267,0.13861542030156232,5,5,True
ID0619,Merge Q1092,medbullets,6,8.15131308789093,0.5165678194437345,2,5,True
ID0619,Merge Q1092,medbullets,7,-0.355856137109414,0.12057721976450717,6,5,False
ID0621,Merge Q2569,medxpert,1,1.02714223590402,0.48970242753643556,3,7,True
ID0621,Merge Q2569,medxpert,2,0.735476817828692,0.46603499276778126,4,7,True
ID0621,Merge Q2569,medxpert,3,0.0,0.4063541100471484,6,7,True
ID0621,Merge Q2569,medxpert,4,0.0374507672850559,0.40939308394266244,5,7,True
ID0621,Merge Q2569,medxpert,5,-0.243677057090612,0.3865807310453902,7,7,True
ID0621,Merge Q2569,medxpert,6,2.35387067132713,0.597360918242336,2,7,True
ID0621,Merge Q2569,medxpert,7,-5.00770119584313,0.0,8,7,False
ID0621,Merge Q2569,medxpert,8,7.31578974968243,1.0,1,7,True
ID0622,Merge Q3926,mmlu,1,1.42609439306559,0.6622571969527552,6,4,False
ID0622,Merge Q3926,mmlu,2,2.59652983195594,0.8469876125255319,3,4,True
ID0622,Merge Q3926,mmlu,3,2.68529060482979,0.8609967700704301,2,4,True
ID0622,Merge Q3926,mmlu,4,-2.76990814701596,0.0,8,4,False
ID0622,Merge Q3926,mmlu,5,-0.4502559620439,0.3661118741589403,7,4,False
ID0622,Merge Q3926,mmlu,6,1.55523456006983,0.6826394546366547,5,4,False
ID0622,Merge Q3926,mmlu,7,1.79777560690223,0.7209198303721017,4,4,True
ID0622,Merge Q3926,mmlu,8,3.56600267341547,1.0,1,4,True
ID0623,Merge Q1273,medbullets,1,1.2083069156436617,0.8640148537468109,2,7,True
ID0623,Merge Q1273,medbullets,2,1.6297995016435234,1.0,1,7,True
ID0623,Merge Q1273,medbullets,3,0.7054256647825241,0.7017714769526082,3,7,True
ID0623,Merge Q1273,medbullets,4,0.6357362591010856,0.6792877504561915,4,7,True
ID0623,Merge Q1273,medbullets,5,0.0,0.47418167968809316,8,7,False
ID0623,Merge Q1273,medbullets,6,0.0438477773162294,0.48832818334978906,6,7,True
ID0623,Merge Q1273,medbullets,7,0.0719125053434562,0.4973826395184194,5,7,True
ID0623,Merge Q1273,medbullets,8,-1.4697492182960044,0.0,11,7,False
ID0623,Merge Q1273,medbullets,9,-0.3271723632428654,0.36862684161177844,10,7,False
ID0623,Merge Q1273,medbullets,10,0.0362685137548577,0.4858829036506464,7,7,True
ID0623,Merge Q1273,medbullets,11,0.0,0.47418167968809316,9,7,False
ID0625,Merge Q3253,medxpert,1,0.103224635736113,0.010205561366041024,3,3,True
ID0625,Merge Q3253,medxpert,2,-0.0243048788039412,0.0,4,3,False
ID0625,Merge Q3253,medxpert,3,2.50907564163208,0.20273401383271486,2,3,True
ID0625,Merge Q3253,medxpert,4,12.4717754411291,1.0,1,3,True
ID0626,Merge Q2200,medxpert,1,5.20562379875742,1.0,1,4,True
ID0626,Merge Q2200,medxpert,2,1.57563572827612,0.26047917411170224,3,4,True
ID0626,Merge Q2200,medxpert,3,4.09773677587509,0.7742952565559709,2,4,True
ID0626,Merge Q2200,medxpert,4,0.299873449463333,0.0005739744949781963,4,4,True
ID0626,Merge Q2200,medxpert,5,0.297056056772561,0.0,5,4,False
ID0627,Merge Q2197,medxpert,1,2.11776970368751,1.0,1,4,True
ID0627,Merge Q2197,medxpert,2,0.0,0.27259057892467775,4,4,True
ID0627,Merge Q2197,medxpert,3,-0.580993831157684,0.07303139851196906,5,4,False
ID0627,Merge Q2197,medxpert,4,-0.793616432275414,0.0,6,4,False
ID0627,Merge Q2197,medxpert,5,1.2887355041778,0.7152441617863541,2,4,True
ID0627,Merge Q2197,medxpert,6,0.00836922611946278,0.2754652323470053,3,4,True
ID0628,Merge Q3905,mmlu,1,1.73504720500071,0.9772942961023683,3,4,True
ID0628,Merge Q3905,mmlu,2,1.51636558091992,0.9648070326863415,4,4,True
ID0628,Merge Q3905,mmlu,3,2.06726445257664,0.9962647253703318,2,4,True
ID0628,Merge Q3905,mmlu,4,-15.3796957740145,0.0,5,4,False
ID0628,Merge Q3905,mmlu,5,2.13267797795765,1.0,1,4,True
ID0634,Merge Q3940,mmlu,1,-0.110831642424245,0.7931065005320271,3,2,False
ID0634,Merge Q3940,mmlu,2,0.147107967767688,1.0,1,2,True
ID0634,Merge Q3940,mmlu,3,-0.204796079546213,0.7177375751962229,4,2,False
ID0634,Merge Q3940,mmlu,4,-1.0996185405819,0.0,5,2,False
ID0634,Merge Q3940,mmlu,5,0.0,0.8820046202735923,2,2,True
ID0635,Merge Q568,jama,1,-0.279316524110526,0.1664610254648515,11,4,False
ID0635,Merge Q568,jama,2,0.0,0.57596189493364,2,4,True
ID0635,Merge Q568,jama,3,-0.141863375902176,0.3679785829447973,9,4,False
ID0635,Merge Q568,jama,4,0.0,0.57596189493364,3,4,True
ID0635,Merge Q568,jama,5,-0.119331503988432,0.4010121500379724,8,4,False
ID0635,Merge Q568,jama,6,0.0,0.57596189493364,4,4,True
ID0635,Merge Q568,jama,7,-0.195386427970523,0.28950941099584926,10,4,False
ID0635,Merge Q568,jama,8,0.0,0.57596189493364,5,4,False
ID0635,Merge Q568,jama,9,0.0,0.57596189493364,6,4,False
ID0635,Merge Q568,jama,10,0.0,0.57596189493364,7,4,False
ID0635,Merge Q568,jama,11,-0.392857955885825,0.0,12,4,False
ID0635,Merge Q568,jama,12,0.289232229839202,1.0,1,4,True
ID0636,Merge Q741,jama,1,-1.14250164685313,0.020334531610881133,13,6,False
ID0636,Merge Q741,jama,2,-0.114337210665548,0.09339340268810926,10,6,False
ID0636,Merge Q741,jama,3,-1.27425192296505,0.010972676543669043,14,6,False
ID0636,Merge Q741,jama,4,3.8184583453871106,0.3728483161143564,3,6,True
ID0636,Merge Q741,jama,5,0.358385519065153,0.1269839332988857,4,6,True
ID0636,Merge Q741,jama,6,-0.504717416687038,0.06565393209468916,11,6,False
ID0636,Merge Q741,jama,7,0.0,0.10151792755916805,7,6,False
ID0636,Merge Q741,jama,8,-1.42867144280768,0.0,16,6,False
ID0636,Merge Q741,jama,9,0.0103320215215783,0.10225209594872167,6,6,True
ID0636,Merge Q741,jama,10,-1.2876590550806,0.010019998253825308,15,6,False
ID0636,Merge Q741,jama,11,-0.972355798976345,0.032424682881283376,12,6,False
ID0636,Merge Q741,jama,12,0.270979901974295,0.12077310214609378,5,6,True
ID0636,Merge Q741,jama,13,5.32926698640439,0.48020271375888446,2,6,True
ID0636,Merge Q741,jama,14,0.0,0.10151792755916805,8,6,False
ID0636,Merge Q741,jama,15,12.6444235972285,1.0,1,6,True
ID0636,Merge Q741,jama,16,0.0,0.10151792755916805,9,6,False
ID0647,Merge Q383,jama,1,2.19354854159911,1.0,1,5,True
ID0647,Merge Q383,jama,2,0.0,0.4499591078242269,3,5,True
ID0647,Merge Q383,jama,3,0.0,0.4499591078242269,4,5,True
ID0647,Merge Q383,jama,4,-0.0701762059320679,0.4323621492029028,10,5,False
ID0647,Merge Q383,jama,5,0.0,0.4499591078242269,5,5,True
ID0647,Merge Q383,jama,6,-1.79442503055147,0.0,13,5,False
ID0647,Merge Q383,jama,7,-0.253128590599371,0.38648612185284115,11,5,False
ID0647,Merge Q383,jama,8,-0.389852189712114,0.35220214362702434,12,5,False
ID0647,Merge Q383,jama,9,1.85203325152266,0.9143637027934762,2,5,True
ID0647,Merge Q383,jama,10,0.0,0.4499591078242269,6,5,False
ID0647,Merge Q383,jama,11,0.0,0.4499591078242269,7,5,False
ID0647,Merge Q383,jama,12,0.0,0.4499591078242269,8,5,False
ID0647,Merge Q383,jama,13,0.0,0.4499591078242269,9,5,False
ID0651,Merge Q2639,medxpert,1,2.69579943318306,0.8065399813758091,3,7,True
ID0651,Merge Q2639,medxpert,2,2.41995496597895,0.7555714928105579,4,7,True
ID0651,Merge Q2639,medxpert,3,-1.66924253106117,0.0,6,7,True
ID0651,Merge Q2639,medxpert,4,0.966687621409006,0.48704756414623046,5,7,True
ID0651,Merge Q2639,medxpert,5,3.74281646792146,1.0,1,7,True
ID0651,Merge Q2639,medxpert,6,2.75681034863714,0.8178131244560211,2,7,True
ID0652,Merge Q4001,mmlu,1,-1.22385979046339,0.0,4,2,False
ID0652,Merge Q4001,mmlu,2,-0.83055415620567,0.02766271360745233,2,2,True
ID0652,Merge Q4001,mmlu,3,-0.930646330118179,0.020622842067054482,3,2,False
ID0652,Merge Q4001,mmlu,4,12.9940379848208,1.0,1,2,True
ID0653,Merge Q3989,mmlu,1,2.10560718759016,0.537957432829127,2,3,True
ID0653,Merge Q3989,mmlu,2,-0.121905073168137,0.16470084879070218,3,3,True
ID0653,Merge Q3989,mmlu,3,-1.10480310022831,0.0,7,3,False
ID0653,Merge Q3989,mmlu,4,-0.557806505379699,0.09165834194077054,6,3,False
ID0653,Merge Q3989,mmlu,5,-0.530933500073074,0.09616135920370703,5,3,False
ID0653,Merge Q3989,mmlu,6,-0.132916366934827,0.1628557240883137,4,3,False
ID0653,Merge Q3989,mmlu,7,4.8629744447995,1.0,1,3,True
ID0654,Merge Q3783,mmlu,1,-0.120354480876559,0.3974258445969296,6,3,False
ID0654,Merge Q3783,mmlu,2,-0.187144382146571,0.38475677396114527,7,3,False
ID0654,Merge Q3783,mmlu,3,1.1604810655117,0.6403816762639847,3,3,True
ID0654,Merge Q3783,mmlu,4,-2.21553838866892,0.0,10,3,False
ID0654,Merge Q3783,mmlu,5,1.97833706485496,0.7955170369780443,2,3,True
ID0654,Merge Q3783,mmlu,6,-0.6491952689378,0.2971124563206707,9,3,False
ID0654,Merge Q3783,mmlu,7,0.302829278089886,0.4776976346777125,5,3,False
ID0654,Merge Q3783,mmlu,8,0.757581873794579,0.5639575728904942,4,3,False
ID0654,Merge Q3783,mmlu,9,-0.246159029549501,0.37356255563956015,8,3,False
ID0654,Merge Q3783,mmlu,10,3.05634801800728,1.0,1,3,True
ID0655,Merge Q2193,medxpert,1,1.05194694723568,0.5797720329218418,4,6,True
ID0655,Merge Q2193,medxpert,2,-2.29857402276751,0.0,8,6,False
ID0655,Merge Q2193,medxpert,3,0.932417929172516,0.5590888071142546,6,6,True
ID0655,Merge Q2193,medxpert,4,3.48045769961098,1.0,1,6,True
ID0655,Merge Q2193,medxpert,5,-0.177953512445017,0.3669508340144054,7,6,False
ID0655,Merge Q2193,medxpert,6,1.6966775039034,0.6913358013246161,2,6,True
ID0655,Merge Q2193,medxpert,7,1.3724785250846,0.6352366147492275,3,6,True
ID0655,Merge Q2193,medxpert,8,1.00773422434607,0.5721214912716891,5,6,True
ID0656,Merge Q68,jama,1,-2.30564304836937,0.285347767313802,14,4,False
ID0656,Merge Q68,jama,2,1.99168239876415,0.7234662069183068,2,4,True
ID0656,Merge Q68,jama,3,-1.67339251935482,0.349806607729472,13,4,False
ID0656,Merge Q68,jama,4,-3.45912480061536,0.16774866256287407,15,4,False
ID0656,Merge Q68,jama,5,0.0,0.5204113544364313,6,4,False
ID0656,Merge Q68,jama,6,0.0,0.5204113544364313,7,4,False
ID0656,Merge Q68,jama,7,-5.10450315311016,0.0,16,4,False
ID0656,Merge Q68,jama,8,0.353170818513448,0.5564176215494256,4,4,True
ID0656,Merge Q68,jama,9,0.0,0.5204113544364313,8,4,False
ID0656,Merge Q68,jama,10,0.319731349438685,0.5530084201304337,5,4,False
ID0656,Merge Q68,jama,11,-0.591937798824921,0.4600624541833475,12,4,False
ID0656,Merge Q68,jama,12,0.0,0.5204113544364313,9,4,False
ID0656,Merge Q68,jama,13,1.2344795097153,0.6462682957302232,3,4,True
ID0656,Merge Q68,jama,14,4.70408981780604,1.0,1,4,True
ID0656,Merge Q68,jama,15,0.0,0.5204113544364313,10,4,False
ID0656,Merge Q68,jama,16,0.0,0.5204113544364313,11,4,False
ID0658,Merge Q2006,medxpert,1,3.525210921868,0.08774359327158135,2,1,False
ID0658,Merge Q2006,medxpert,2,40.1762771551522,1.0,1,1,True
ID0658,Merge Q2006,medxpert,3,0.0,0.0,4,1,False
ID0658,Merge Q2006,medxpert,4,2.79040796126506,0.06945411966591879,3,1,False
ID0660,Merge Q413,jama,1,2.66588489791504,0.9633889736436647,2,6,True
ID0660,Merge Q413,jama,2,0.0,0.35187662100052797,10,6,False
ID0660,Merge Q413,jama,3,-1.53400428593159,0.0,17,6,False
ID0660,Merge Q413,jama,4,-1.35847211974535,0.04026433699108438,15,6,False
ID0660,Merge Q413,jama,5,-1.43198456521192,0.02340173031554095,16,6,False
ID0660,Merge Q413,jama,6,0.387309118241171,0.4407192826927228,7,6,False
ID0660,Merge Q413,jama,7,2.82549047552711,1.0,1,6,True
ID0660,Merge Q413,jama,8,1.90509820013744,0.7888763891800837,4,6,True
ID0660,Merge Q413,jama,9,0.217112652407877,0.40167887201532915,9,6,False
ID0660,Merge Q413,jama,10,1.98160334380076,0.8064254740739766,3,6,True
ID0660,Merge Q413,jama,11,1.30195295433854,0.6505242913335237,5,6,True
ID0660,Merge Q413,jama,12,-1.1642394977559,0.08481826642956342,14,6,False
ID0660,Merge Q413,jama,13,1.19763646816968,0.6265957189009799,6,6,True
ID0660,Merge Q413,jama,14,-0.612895444570879,0.2112879798604243,13,6,False
ID0660,Merge Q413,jama,15,0.0,0.35187662100052797,11,6,False
ID0660,Merge Q413,jama,16,0.26876562461257,0.4135272569844648,8,6,False
ID0660,Merge Q413,jama,17,0.0,0.35187662100052797,12,6,False
ID0662,Merge Q1125,medbullets,1,-0.280553257683969,0.1053165947802221,7,8,True
ID0662,Merge Q1125,medbullets,2,0.9237689482796476,0.19946925055568523,4,8,True
ID0662,Merge Q1125,medbullets,3,-0.9564765393733978,0.052473616583531106,10,8,False
ID0662,Merge Q1125,medbullets,4,-0.5568958608527416,0.08371241787191151,8,8,True
ID0662,Merge Q1125,medbullets,5,-1.1654894145676225,0.03613320768518668,11,8,False
ID0662,Merge Q1125,medbullets,6,-0.670643737665158,0.07481972732973215,9,8,False
ID0662,Merge Q1125,medbullets,7,-1.627675255525134,0.0,12,8,False
ID0662,Merge Q1125,medbullets,8,0.4831511357892392,0.16502220887322017,5,8,True
ID0662,Merge Q1125,medbullets,9,-0.0863135176716634,0.12050205535608279,6,8,True
ID0662,Merge Q1125,medbullets,10,4.792130877048313,0.5018937572954256,2,8,True
ID0662,Merge Q1125,medbullets,11,11.163490283508676,1.0,1,8,True
ID0662,Merge Q1125,medbullets,12,3.5000505398239743,0.4008802622170141,3,8,True
ID0665,Merge Q3974,mmlu,1,0.0,0.4210508877850006,4,3,False
ID0665,Merge Q3974,mmlu,2,0.708572221592809,1.0,1,3,True
ID0665,Merge Q3974,mmlu,3,0.0303609129041433,0.4458577078045297,3,3,True
ID0665,Merge Q3974,mmlu,4,-0.515321565689954,0.0,5,3,False
ID0665,Merge Q3974,mmlu,5,0.546592249894473,0.8676519372992676,2,3,True
ID0668,Merge Q2589,medxpert,1,2.66257558148601,1.0,1,3,True
ID0668,Merge Q2589,medxpert,2,2.57305269178749,0.9828275201986039,2,3,True
ID0668,Merge Q2589,medxpert,3,-2.55058470368385,0.0,5,3,False
ID0668,Merge Q2589,medxpert,4,0.0,0.4892588303758139,4,3,False
ID0668,Merge Q2589,medxpert,5,0.81727822678719,0.6460309574696503,3,3,True
ID0669,Merge Q437,jama,1,0.0,0.5933926982290361,3,4,True
ID0669,Merge Q437,jama,2,0.0,0.5933926982290361,4,4,True
ID0669,Merge Q437,jama,3,-0.075575228780508,0.4679439977024288,10,4,False
ID0669,Merge Q437,jama,4,-0.22945545425275,0.21251540511028966,12,4,False
ID0669,Merge Q437,jama,5,0.244956222951453,1.0,1,4,True
ID0669,Merge Q437,jama,6,0.0,0.5933926982290361,5,4,False
ID0669,Merge Q437,jama,7,0.0,0.5933926982290361,6,4,False
ID0669,Merge Q437,jama,8,0.0,0.5933926982290361,7,4,False
ID0669,Merge Q437,jama,9,0.0992705348542976,0.7581736694414555,2,4,True
ID0669,Merge Q437,jama,10,-0.0519371753805066,0.5071812336308966,9,4,False
ID0669,Merge Q437,jama,11,0.0,0.5933926982290361,8,4,False
ID0669,Merge Q437,jama,12,-0.156911599415477,0.3329322727450178,11,4,False
ID0669,Merge Q437,jama,13,-0.357483088601868,0.0,13,4,False
ID0671,Merge Q147,jama,1,-3.4936253887325,0.0,10,6,False
ID0671,Merge Q147,jama,2,0.327981322731651,0.3612931061643493,3,6,True
ID0671,Merge Q147,jama,3,0.218669269233942,0.35095879017340326,4,6,True
ID0671,Merge Q147,jama,4,-0.402357004247062,0.29224722503967443,7,6,False
ID0671,Merge Q147,jama,5,-3.10585761601532,0.036659403662640776,9,6,False
ID0671,Merge Q147,jama,6,0.0,0.3302858885722986,6,6,True
ID0671,Merge Q147,jama,7,0.137966005169439,0.3433291372151335,5,6,True
ID0671,Merge Q147,jama,8,0.872346581863787,0.41275717094365233,2,6,True
ID0671,Merge Q147,jama,9,-2.3796221502717,0.10531740199567691,8,6,False
ID0671,Merge Q147,jama,10,7.0839545491635,1.0,1,6,True
ID0672,Merge Q2568,medxpert,1,-0.496739177036406,0.16369704217781006,5,3,False
ID0672,Merge Q2568,medxpert,2,-0.906935620019369,0.0,6,3,False
ID0672,Merge Q2568,medxpert,3,0.113295201212168,0.40714338369135306,4,3,False
ID0672,Merge Q2568,medxpert,4,0.474726041051093,0.5513795428428627,3,3,True
ID0672,Merge Q2568,medxpert,5,0.635188878240624,0.6154154268119413,2,3,True
ID0672,Merge Q2568,medxpert,6,1.59889122648774,1.0,1,3,True
ID0673,Merge Q1077,medbullets,1,3.493776202536676,0.6425952216733649,3,3,True
ID0673,Merge Q1077,medbullets,2,-0.2406735745563729,0.2644956859990239,6,3,False
ID0673,Merge Q1077,medbullets,3,3.836711436510086,0.6773161740147431,2,3,True
ID0673,Merge Q1077,medbullets,4,1.638529172027238,0.4547581686489562,4,3,False
ID0673,Merge Q1077,medbullets,5,-2.8530699475365244,0.0,9,3,False
ID0673,Merge Q1077,medbullets,6,-1.835546259707429,0.10302059389463793,8,3,False
ID0673,Merge Q1077,medbullets,7,-1.470703667209852,0.13995958706672887,7,3,False
ID0673,Merge Q1077,medbullets,8,7.023826014349947,1.0,1,3,True
ID0673,Merge Q1077,medbullets,9,0.0,0.288863015115894,5,3,False
ID0675,Merge Q653,jama,1,-0.398139285516415,0.1067114347041366,6,6,True
ID0675,Merge Q653,jama,2,-1.40957291901455,0.03991878366052136,7,6,False
ID0675,Merge Q653,jama,3,1.81301276385784,0.25273061218336923,4,6,True
ID0675,Merge Q653,jama,4,-1.71333435528343,0.019859107037900846,8,6,False
ID0675,Merge Q653,jama,5,0.0,0.13300359810815418,5,6,True
ID0675,Merge Q653,jama,6,3.71120191588036,0.3780824706214937,3,6,True
ID0675,Merge Q653,jama,7,-2.01405858879613,0.0,9,6,False
ID0675,Merge Q653,jama,8,4.00610712906924,0.39755730351521723,2,6,True
ID0675,Merge Q653,jama,9,13.1288294040412,1.0,1,6,True
ID0680,Merge Q2028,medxpert,1,16.1912760336185,0.0804660786248148,3,4,True
ID0680,Merge Q2028,medxpert,2,12.6654695388319,0.0,5,4,False
ID0680,Merge Q2028,medxpert,3,56.4827718734741,1.0,1,4,True
ID0680,Merge Q2028,medxpert,4,12.9066698781053,0.005504682543697022,4,4,True
ID0680,Merge Q2028,medxpert,5,17.6173245136945,0.11301140670514613,2,4,True
ID0682,Merge Q3930,mmlu,1,-0.233401905473561,0.7661258173703035,3,3,True
ID0682,Merge Q3930,mmlu,2,0.0,1.0,1,3,True
ID0682,Merge Q3930,mmlu,3,0.0,1.0,2,3,True
ID0682,Merge Q3930,mmlu,4,-0.997980635781063,0.0,4,3,False
ID0683,Merge Q422,jama,1,0.0,0.298846694376226,7,6,False
ID0683,Merge Q422,jama,2,0.10202278442509,0.3976501415941267,6,6,True
ID0683,Merge Q422,jama,3,0.723999157547951,1.0,1,6,True
ID0683,Merge Q422,jama,4,0.247100222638592,0.5381496495208175,4,6,True
ID0683,Merge Q422,jama,5,0.0,0.298846694376226,8,6,False
ID0683,Merge Q422,jama,6,-0.308584090282354,0.0,9,6,False
ID0683,Merge Q422,jama,7,0.160803168190023,0.45457570559920246,5,6,True
ID0683,Merge Q422,jama,8,0.473858344081157,0.7577524001165065,2,6,True
ID0683,Merge Q422,jama,9,0.262728684545661,0.5532849540494431,3,6,True
ID0684,Merge Q2402,medxpert,1,0.0,0.3240417341292961,4,2,False
ID0684,Merge Q2402,medxpert,2,0.0,0.3240417341292961,5,2,False
ID0684,Merge Q2402,medxpert,3,0.281505648046732,1.0,1,2,True
ID0684,Merge Q2402,medxpert,4,0.202441789924982,0.8101499248776941,3,2,False
ID0684,Merge Q2402,medxpert,5,-0.134948535976188,0.0,7,2,False
ID0684,Merge Q2402,medxpert,6,0.0,0.3240417341292961,6,2,False
ID0684,Merge Q2402,medxpert,7,0.278964628792884,0.9938984422504729,2,2,True
ID0692,Merge Q558,jama,1,2.29841042621603,0.37683954055620594,3,7,True
ID0692,Merge Q558,jama,2,-2.54304555377324,0.0,9,7,False
ID0692,Merge Q558,jama,3,0.904894307255745,0.26837382772164975,5,7,True
ID0692,Merge Q558,jama,4,2.70859177598919,0.408766413800974,2,7,True
ID0692,Merge Q558,jama,5,0.111591131648774,0.20662628618597875,6,7,True
ID0692,Merge Q558,jama,6,1.51383364209477,0.31577122637936683,4,7,True
ID0692,Merge Q558,jama,7,-1.03184865628844,0.11762551325301898,7,7,True
ID0692,Merge Q558,jama,8,-1.66414183147992,0.06841034520836188,8,7,False
ID0692,Merge Q558,jama,9,10.3044809367946,1.0,1,7,True
ID0693,Merge Q1149,medbullets,1,-7.29523188693584,0.0,10,4,False
ID0693,Merge Q1149,medbullets,2,0.0348251882706391,0.5110529848793791,6,4,False
ID0693,Merge Q1149,medbullets,3,5.557835876941681,0.8961183491741781,2,4,True
ID0693,Merge Q1149,medbullets,4,-3.160074923265531,0.2883039364559017,9,4,False
ID0693,Merge Q1149,medbullets,5,7.047815296198312,1.0,1,4,True
ID0693,Merge Q1149,medbullets,6,0.0940473736981313,0.5151819670037028,5,4,False
ID0693,Merge Q1149,medbullets,7,-0.0457572025029772,0.5054347651423367,7,4,False
ID0693,Merge Q1149,medbullets,8,2.1449865379424744,0.6581738388185026,3,4,True
ID0693,Merge Q1149,medbullets,9,-1.123773667138496,0.430275250509829,8,4,False
ID0693,Merge Q1149,medbullets,10,1.4592147354938343,0.610361697249657,4,4,True
ID0695,Merge Q4013,mmlu,1,12.0551044665443,1.0,1,2,True
ID0695,Merge Q4013,mmlu,2,6.11335345365404,0.5691676094621385,2,2,True
ID0695,Merge Q4013,mmlu,3,-0.753080450298587,0.07128708116461797,5,2,False
ID0695,Merge Q4013,mmlu,4,-1.73622400221924,0.0,6,2,False
ID0695,Merge Q4013,mmlu,5,0.556541169459269,0.16624686859365814,4,2,False
ID0695,Merge Q4013,mmlu,6,1.09807371813583,0.205513031378708,3,2,False
ID0698,Merge Q1401,medxpert,1,5.90338363237692,0.2669483312788509,5,5,True
ID0698,Merge Q1401,medxpert,2,6.13519231631538,0.2774306148651546,4,5,True
ID0698,Merge Q1401,medxpert,3,1.72436320781708,0.07797492243614798,8,5,False
ID0698,Merge Q1401,medxpert,4,0.0,0.0,9,5,False
ID0698,Merge Q1401,medxpert,5,0.0,0.0,10,5,False
ID0698,Merge Q1401,medxpert,6,0.0,0.0,11,5,False
ID0698,Merge Q1401,medxpert,7,0.0,0.0,12,5,False
ID0698,Merge Q1401,medxpert,8,2.96207372568759,0.13394363087984806,6,5,False
ID0698,Merge Q1401,medxpert,9,17.059575676918,0.7714262773474735,2,5,True
ID0698,Merge Q1401,medxpert,10,22.1143305301666,1.0,1,5,True
ID0698,Merge Q1401,medxpert,11,2.17841153668518,0.0985067820033514,7,5,False
ID0698,Merge Q1401,medxpert,12,6.67115739557146,0.3016667127440824,3,5,True
ID0699,Merge Q104,jama,1,-0.867332066285531,0.0,16,7,False
ID0699,Merge Q104,jama,2,0.0,1.0,1,7,True
ID0699,Merge Q104,jama,3,-0.215198926627636,0.7518840418880682,15,7,False
ID0699,Merge Q104,jama,4,-0.0953039527489748,0.8901182644415222,13,7,False
ID0699,Merge Q104,jama,5,0.0,1.0,2,7,True
ID0699,Merge Q104,jama,6,0.0,1.0,3,7,True
ID0699,Merge Q104,jama,7,-0.0717551882401071,0.9172690702565529,12,7,False
ID0699,Merge Q104,jama,8,0.0,1.0,4,7,True
ID0699,Merge Q104,jama,9,0.0,1.0,5,7,True
ID0699,Merge Q104,jama,10,0.0,1.0,6,7,True
ID0699,Merge Q104,jama,11,-0.0317510392451396,0.9633922917422877,11,7,False
ID0699,Merge Q104,jama,12,-0.207513527092262,0.7607450074099448,14,7,False
ID0699,Merge Q104,jama,13,0.0,1.0,7,7,True
ID0699,Merge Q104,jama,14,0.0,1.0,8,7,False
ID0699,Merge Q104,jama,15,0.0,1.0,9,7,False
ID0699,Merge Q104,jama,16,0.0,1.0,10,7,False
ID0701,Merge Q1506,medxpert,1,0.947338509868119,0.01212828344745637,4,3,False
ID0701,Merge Q1506,medxpert,2,1.50794804336428,0.01930547645160677,3,3,True
ID0701,Merge Q1506,medxpert,3,78.1098589897156,1.0,1,3,True
ID0701,Merge Q1506,medxpert,4,25.7831976671774,0.3300889029971513,2,3,True
ID0701,Merge Q1506,medxpert,5,0.0,0.0,5,3,False
ID0702,Merge Q1706,medxpert,1,7.48381055003165,0.0937449605882707,3,5,True
ID0702,Merge Q1706,medxpert,2,0.0,0.0,5,5,True
ID0702,Merge Q1706,medxpert,3,0.0,0.0,6,5,False
ID0702,Merge Q1706,medxpert,4,0.0,0.0,7,5,False
ID0702,Merge Q1706,medxpert,5,2.82477231703507,0.035384135897209595,4,5,True
ID0702,Merge Q1706,medxpert,6,79.8316037797558,1.0,1,5,True
ID0702,Merge Q1706,medxpert,7,57.4715168189212,0.7199093353739586,2,5,True
ID0703,Merge Q544,jama,1,1.75134878180202,0.930980560699436,2,6,True
ID0703,Merge Q544,jama,2,-0.737416494322726,0.13002574948789672,9,6,False
ID0703,Merge Q544,jama,3,0.0,0.3673471612982603,7,6,False
ID0703,Merge Q544,jama,4,-0.753518335550937,0.12484372315346412,10,6,False
ID0703,Merge Q544,jama,5,0.0,0.3673471612982603,8,6,False
ID0703,Merge Q544,jama,6,-1.1414387510067,0.0,11,6,False
ID0703,Merge Q544,jama,7,0.911547864930049,0.6607089560281275,4,6,True
ID0703,Merge Q544,jama,8,0.315696430439998,0.4689471704549901,6,6,True
ID0703,Merge Q544,jama,9,1.965809300054,1.0,1,6,True
ID0703,Merge Q544,jama,10,0.747195796499881,0.6078158281769203,5,6,True
ID0703,Merge Q544,jama,11,1.08230210165368,0.7156624820800118,3,6,True
ID0708,Merge Q38,jama,1,0.0,0.07492272040991665,9,8,False
ID0708,Merge Q38,jama,2,-0.805637342053351,0.0,13,8,False
ID0708,Merge Q38,jama,3,0.289534505456686,0.101848871506719,7,8,True
ID0708,Merge Q38,jama,4,0.406025129603755,0.1126822750839449,5,8,True
ID0708,Merge Q38,jama,5,0.10718642088467,0.0848908510122218,8,8,True
ID0708,Merge Q38,jama,6,0.0,0.07492272040991665,10,8,False
ID0708,Merge Q38,jama,7,0.0,0.07492272040991665,11,8,False
ID0708,Merge Q38,jama,8,0.510913420603433,0.12243668403526489,4,8,True
ID0708,Merge Q38,jama,9,0.309360050862492,0.10369260902716147,6,8,True
ID0708,Merge Q38,jama,10,0.862366345430788,0.15512112882151913,3,8,True
ID0708,Merge Q38,jama,11,9.94727362601553,1.0,1,8,True
ID0708,Merge Q38,jama,12,0.0,0.07492272040991665,12,8,False
ID0708,Merge Q38,jama,13,1.88674256256644,0.2503861431211418,2,8,True
ID0710,Merge Q533,jama,1,1.2144553958595,0.2328560421268179,5,5,True
ID0710,Merge Q533,jama,2,-2.61003218407416,0.0,11,5,False
ID0710,Merge Q533,jama,3,1.72639203071594,0.26402558735892984,3,5,True
ID0710,Merge Q533,jama,4,-2.36887824800352,0.0146827908113345,10,5,False
ID0710,Merge Q533,jama,5,-2.11753735752008,0.02998581997782456,9,5,False
ID0710,Merge Q533,jama,6,-0.843808329193797,0.10753751653301134,7,5,False
ID0710,Merge Q533,jama,7,0.0,0.15891325347634297,6,5,False
ID0710,Merge Q533,jama,8,4.55630054052584,0.4363261325699474,2,5,True
ID0710,Merge Q533,jama,9,13.8142252455474,1.0,1,5,True
ID0710,Merge Q533,jama,10,-0.852807157011212,0.10698961792292348,8,5,False
ID0710,Merge Q533,jama,11,1.29971236599376,0.23804695992018476,4,5,True
ID0712,Merge Q3980,mmlu,1,0.0,1.0,1,2,True
ID0712,Merge Q3980,mmlu,2,0.0,1.0,2,2,True
ID0712,Merge Q3980,mmlu,3,-0.0778767988085747,0.6448680260555055,4,2,False
ID0712,Merge Q3980,mmlu,4,0.0,1.0,3,2,False
ID0712,Merge Q3980,mmlu,5,-0.219289741623621,0.0,5,2,False
ID0713,Merge Q1070,medbullets,1,0.1747658942287018,0.12692546867024276,6,6,True
ID0713,Merge Q1070,medbullets,2,2.412469246532602,0.6534397191581803,2,6,True
ID0713,Merge Q1070,medbullets,3,3.885362148284912,1.0,1,6,True
ID0713,Merge Q1070,medbullets,4,-0.3646716356632888,0.0,8,6,False
ID0713,Merge Q1070,medbullets,5,0.7930418287232701,0.2724010027306336,5,6,True
ID0713,Merge Q1070,medbullets,6,-0.332065002365899,0.007672088024462452,7,6,False
ID0713,Merge Q1070,medbullets,7,1.5615473150576116,0.4532243856498194,4,6,True
ID0713,Merge Q1070,medbullets,8,1.6783341773848413,0.480703428938444,3,6,True
ID0715,Merge Q1069,medbullets,1,1.295364586632767,0.35641229825325055,4,4,True
ID0715,Merge Q1069,medbullets,2,1.1765776616942705,0.34418152320426754,5,4,False
ID0715,Merge Q1069,medbullets,3,-2.166159376502037,0.0,7,4,False
ID0715,Merge Q1069,medbullets,4,5.6755659939147645,0.8074152862457684,2,4,True
ID0715,Merge Q1069,medbullets,5,-0.9204514192311052,0.12826305428815096,6,4,False
ID0715,Merge Q1069,medbullets,6,3.275965837288734,0.5603428939063493,3,4,True
ID0715,Merge Q1069,medbullets,7,7.545974520390603,1.0,1,4,True
ID0716,Merge Q350,jama,1,-2.00718454254287,0.24722133421811576,9,3,False
ID0716,Merge Q350,jama,2,1.72558767401104,0.6040687822518179,2,3,True
ID0716,Merge Q350,jama,3,0.843874052166939,0.5197782770727762,4,3,False
ID0716,Merge Q350,jama,4,-0.107856953369965,0.4287942146019264,7,3,False
ID0716,Merge Q350,jama,5,1.19942050763525,0.5537679871141853,3,3,True
ID0716,Merge Q350,jama,6,0.0,0.439105178231605,5,3,False
ID0716,Merge Q350,jama,7,-4.59322216952799,0.0,10,3,False
ID0716,Merge Q350,jama,8,-0.507816477749395,0.39055868151511625,8,3,False
ID0716,Merge Q350,jama,9,5.86719232165641,1.0,1,3,True
ID0716,Merge Q350,jama,10,0.0,0.439105178231605,6,3,False
ID0717,Merge Q1678,medxpert,1,0.0,0.5,1,3,True
ID0717,Merge Q1678,medxpert,2,0.0,0.5,2,3,True
ID0717,Merge Q1678,medxpert,3,0.0,0.5,3,3,True
ID0718,Merge Q636,jama,1,-0.158153465220246,0.08056832949573492,9,5,False
ID0718,Merge Q636,jama,2,-0.0366109067222042,0.16532539671235846,8,5,False
ID0718,Merge Q636,jama,3,0.206318400800228,0.33473087822440284,3,5,True
ID0718,Merge Q636,jama,4,0.0,0.19085582095437725,5,5,True
ID0718,Merge Q636,jama,5,0.0281881529516029,0.2105126819251784,4,5,True
ID0718,Merge Q636,jama,6,-0.273689328156573,0.0,10,5,False
ID0718,Merge Q636,jama,7,0.0,0.19085582095437725,6,5,False
ID0718,Merge Q636,jama,8,-0.0270210604668195,0.17201282582121516,7,5,False
ID0718,Merge Q636,jama,9,1.05109076436497,0.9238284658200788,2,5,True
ID0718,Merge Q636,jama,10,1.16032157488,1.0,1,5,True
ID0721,Merge Q953,jama,1,0.0531361377277651,0.3068451766346217,7,6,False
ID0721,Merge Q953,jama,2,2.73102231042915,0.6046632748679949,3,6,True
ID0721,Merge Q953,jama,3,-2.70591866970062,0.0,13,6,False
ID0721,Merge Q953,jama,4,3.6106648630260496,0.7024917318091973,2,6,True
ID0721,Merge Q953,jama,5,0.926776372346016,0.4040060925340815,5,6,True
ID0721,Merge Q953,jama,6,-0.511422563602082,0.24405841576138157,11,6,False
ID0721,Merge Q953,jama,7,-0.327773274594303,0.2644827648437901,9,6,False
ID0721,Merge Q953,jama,8,2.15547404150806,0.5406543215977085,4,6,True
ID0721,Merge Q953,jama,9,0.334456066374262,0.33813185603075546,6,6,True
ID0721,Merge Q953,jama,10,-0.23508291180403,0.27479121927033257,8,6,False
ID0721,Merge Q953,jama,11,6.28576514194929,1.0,1,6,True
ID0721,Merge Q953,jama,12,-0.781466951427675,0.21402573295332789,12,6,False
ID0721,Merge Q953,jama,13,-0.379615380747958,0.25871720332721554,10,6,False
ID0723,Merge Q221,jama,1,0.97133213856772,0.8286917978831767,2,11,True
ID0723,Merge Q221,jama,2,-0.116204056909511,0.39081445513302243,13,11,False
ID0723,Merge Q221,jama,3,1.39680258929729,1.0,1,11,True
ID0723,Merge Q221,jama,4,0.0,0.4376019771188961,6,11,True
ID0723,Merge Q221,jama,5,0.46786597952119,0.6259799940786323,4,11,True
ID0723,Merge Q221,jama,6,0.0,0.4376019771188961,7,11,True
ID0723,Merge Q221,jama,7,0.0,0.4376019771188961,8,11,True
ID0723,Merge Q221,jama,8,0.0,0.4376019771188961,9,11,True
ID0723,Merge Q221,jama,9,0.384625085979138,0.5924645107099638,5,11,True
ID0723,Merge Q221,jama,10,0.855926172254038,0.7822256130544742,3,11,True
ID0723,Merge Q221,jama,11,-0.524225177378704,0.2265319192873165,16,11,False
ID0723,Merge Q221,jama,12,-0.122783372823141,0.3881654091689845,14,11,False
ID0723,Merge Q221,jama,13,-0.825031209381572,0.10541765520635482,17,11,False
ID0723,Merge Q221,jama,14,-0.369359073420785,0.288886035283801,15,11,False
ID0723,Merge Q221,jama,15,0.0,0.4376019771188961,10,11,True
ID0723,Merge Q221,jama,16,0.0,0.4376019771188961,11,11,True
ID0723,Merge Q221,jama,17,-1.08685228228569,0.0,18,11,False
ID0723,Merge Q221,jama,18,0.0,0.4376019771188961,12,11,False
ID0726,Merge Q865,jama,1,2.9189778332244,0.9619256634928011,2,3,True
ID0726,Merge Q865,jama,2,0.0,0.17690685153879265,6,3,False
ID0726,Merge Q865,jama,3,1.05687202513218,0.46113799989260384,5,3,False
ID0726,Merge Q865,jama,4,1.84709191043742,0.6736567345277028,3,3,True
ID0726,Merge Q865,jama,5,1.63175467164694,0.6157447553956009,4,3,False
ID0726,Merge Q865,jama,6,-0.657802297631447,0.0,7,3,False
ID0726,Merge Q865,jama,7,3.0605516943687,1.0,1,3,True
ID0731,Merge Q942,jama,1,0.0,0.33515318498731,3,10,True
ID0731,Merge Q942,jama,2,0.0,0.33515318498731,4,10,True
ID0731,Merge Q942,jama,3,-0.0725998878479004,0.26541322023350855,14,10,False
ID0731,Merge Q942,jama,4,0.163842465133843,0.49254141356899667,2,10,True
ID0731,Merge Q942,jama,5,0.0,0.33515318498731,5,10,True
ID0731,Merge Q942,jama,6,0.0,0.33515318498731,6,10,True
ID0731,Merge Q942,jama,7,-0.28042023715747,0.06577952567000857,15,10,False
ID0731,Merge Q942,jama,8,0.0,0.33515318498731,7,10,True
ID0731,Merge Q942,jama,9,0.0,0.33515318498731,8,10,True
ID0731,Merge Q942,jama,10,0.0,0.33515318498731,9,10,True
ID0731,Merge Q942,jama,11,-0.348897274723945,0.0,16,10,False
ID0731,Merge Q942,jama,12,-0.0036556901868432,0.33164150318808483,13,10,False
ID0731,Merge Q942,jama,13,0.0,0.33515318498731,10,10,True
ID0731,Merge Q942,jama,14,0.0,0.33515318498731,11,10,False
ID0731,Merge Q942,jama,15,0.0,0.33515318498731,12,10,False
ID0731,Merge Q942,jama,16,0.69211110697219,1.0,1,10,True
ID0732,Merge Q1256,medbullets,1,1.5508488062998205,1.0,1,3,True
ID0732,Merge Q1256,medbullets,2,0.0,0.43388693991596206,5,3,False
ID0732,Merge Q1256,medbullets,3,0.0304331816732883,0.44499609609880403,4,3,False
ID0732,Merge Q1256,medbullets,4,0.7166716331342268,0.6954966917247443,2,3,True
ID0732,Merge Q1256,medbullets,5,0.3366743907457252,0.5567846516869343,3,3,True
ID0732,Merge Q1256,medbullets,6,-0.1155252078357686,0.391716272692256,6,3,False
ID0732,Merge Q1256,medbullets,7,-1.188619536065574,0.0,7,3,False
ID0733,Merge Q837,jama,1,-0.704928140751967,0.08088487511929666,5,3,False
ID0733,Merge Q837,jama,2,-2.3302962997336,0.02165457753561163,6,3,False
ID0733,Merge Q837,jama,3,-0.0036294478923082,0.10644101145898749,4,3,False
ID0733,Merge Q837,jama,4,-2.92453037010702,0.0,7,3,False
ID0733,Merge Q837,jama,5,0.737753648837343,0.1334578698858957,2,3,True
ID0733,Merge Q837,jama,6,0.0,0.10657327274240071,3,3,True
ID0733,Merge Q837,jama,7,24.5169687492447,1.0,1,3,True
ID0735,Merge Q3864,mmlu,1,0.181119160537626,0.0,3,3,True
ID0735,Merge Q3864,mmlu,2,0.555839494332022,0.06322605011497207,2,3,True
ID0735,Merge Q3864,mmlu,3,6.10779547691345,1.0,1,3,True
ID0737,Merge Q1940,medxpert,1,2.27451502551685,0.46712439705641917,5,5,True
ID0737,Merge Q1940,medxpert,2,0.0,0.0,6,5,False
ID0737,Merge Q1940,medxpert,3,2.31660139560699,0.4757678089627365,4,5,True
ID0737,Merge Q1940,medxpert,4,0.0,0.0,7,5,False
ID0737,Merge Q1940,medxpert,5,3.42131504298365,0.7026463701775861,3,5,True
ID0737,Merge Q1940,medxpert,6,4.869184824962449,1.0,1,5,True
ID0737,Merge Q1940,medxpert,7,3.55967745874033,0.7310623003035794,2,5,True
ID0740,Merge Q288,jama,1,-1.46859852658283,0.0,10,6,False
ID0740,Merge Q288,jama,2,-0.109196429683871,0.08806940814539832,8,6,False
ID0740,Merge Q288,jama,3,0.400023814290762,0.12105944516594191,4,6,True
ID0740,Merge Q288,jama,4,0.359239466014025,0.11841721486298616,5,6,True
ID0740,Merge Q288,jama,5,-0.246843776714955,0.07915186975593616,9,6,False
ID0740,Merge Q288,jama,6,3.33092522318246,0.3109390643032306,2,6,True
ID0740,Merge Q288,jama,7,0.161014686701451,0.10557514331282866,6,6,True
ID0740,Merge Q288,jama,8,0.674813148735817,0.13886178202009986,3,6,True
ID0740,Merge Q288,jama,9,-0.0781438555494138,0.09008116157115165,7,6,False
ID0740,Merge Q288,jama,10,13.9669780887914,1.0,1,6,True
ID0746,Merge Q500,jama,1,0.0,0.058161903359820584,2,6,True
ID0746,Merge Q500,jama,2,0.0,0.058161903359820584,3,6,True
ID0746,Merge Q500,jama,3,0.0,0.058161903359820584,4,6,True
ID0746,Merge Q500,jama,4,0.0,0.058161903359820584,5,6,True
ID0746,Merge Q500,jama,5,0.0,0.058161903359820584,6,6,True
ID0746,Merge Q500,jama,6,-0.042669825101484,0.03810419883222886,14,6,False
ID0746,Merge Q500,jama,7,0.0,0.058161903359820584,7,6,False
ID0746,Merge Q500,jama,8,-0.123730920480906,0.0,15,6,False
ID0746,Merge Q500,jama,9,0.0,0.058161903359820584,8,6,False
ID0746,Merge Q500,jama,10,0.0,0.058161903359820584,9,6,False
ID0746,Merge Q500,jama,11,0.0,0.058161903359820584,10,6,False
ID0746,Merge Q500,jama,12,0.0,0.058161903359820584,11,6,False
ID0746,Merge Q500,jama,13,0.0,0.058161903359820584,12,6,False
ID0746,Merge Q500,jama,14,2.00362243856308,1.0,1,6,True
ID0746,Merge Q500,jama,15,0.0,0.058161903359820584,13,6,False
ID0747,Merge Q537,jama,1,-2.23661312819469,0.3690803924849579,12,9,False
ID0747,Merge Q537,jama,2,0.0,0.6710428779801094,9,9,True
ID0747,Merge Q537,jama,3,1.36230589449406,0.8549661809065124,3,9,True
ID0747,Merge Q537,jama,4,2.41767673742833,0.9974505465906098,2,9,True
ID0747,Merge Q537,jama,5,0.0,0.6710428779801094,10,9,False
ID0747,Merge Q537,jama,6,0.603924851991691,0.7525780559064317,6,9,True
ID0747,Merge Q537,jama,7,-4.97036348078397,0.0,13,9,False
ID0747,Merge Q537,jama,8,0.182074480840191,0.6956245376720208,7,9,True
ID0747,Merge Q537,jama,9,-0.897174233103956,0.5499164489454431,11,9,False
ID0747,Merge Q537,jama,10,0.882759543230286,0.7902231968328111,4,9,True
ID0747,Merge Q537,jama,11,2.43656034462812,1.0,1,9,True
ID0747,Merge Q537,jama,12,0.0597162956228665,0.6791051042201024,8,9,True
ID0747,Merge Q537,jama,13,0.825669800197569,0.7825155783425479,5,9,True
ID0752,Merge Q3860,mmlu,1,-5.24461283461402,0.0,3,3,True
ID0752,Merge Q3860,mmlu,2,10.6892135664637,1.0,1,3,True
ID0752,Merge Q3860,mmlu,3,5.71844601631165,0.6880367951155887,2,3,True
ID0753,Merge Q2099,medxpert,1,9.11047764198189,0.2307615098768158,5,6,True
ID0753,Merge Q2099,medxpert,2,0.0,0.0,7,6,False
ID0753,Merge Q2099,medxpert,3,23.41612637043,0.593112775098284,2,6,True
ID0753,Merge Q2099,medxpert,4,6.60878807101858,0.167395604671324,6,6,True
ID0753,Merge Q2099,medxpert,5,20.1288938817436,0.5098496617671175,3,6,True
ID0753,Merge Q2099,medxpert,6,39.480057340781,1.0,1,6,True
ID0753,Merge Q2099,medxpert,7,16.8289484409862,0.4262645389727614,4,6,True
ID0754,Merge Q954,jama,1,-0.976111487059521,0.24714601418724766,11,8,False
ID0754,Merge Q954,jama,2,-1.13386782620787,0.22234849833035336,12,8,False
ID0754,Merge Q954,jama,3,-2.54840004444122,0.0,14,8,False
ID0754,Merge Q954,jama,4,-1.3920917585675,0.1817586108374898,13,8,False
ID0754,Merge Q954,jama,5,0.0,0.40057972220257754,6,8,True
ID0754,Merge Q954,jama,6,1.08146569277077,0.5705739221817736,3,8,True
ID0754,Merge Q954,jama,7,-0.857416368080261,0.2658035471327626,10,8,False
ID0754,Merge Q954,jama,8,0.0,0.40057972220257754,7,8,True
ID0754,Merge Q954,jama,9,0.0,0.40057972220257754,8,8,True
ID0754,Merge Q954,jama,10,0.037334202434433,0.4064482374195906,5,8,True
ID0754,Merge Q954,jama,11,1.42114830729895,0.6239681950556698,2,8,True
ID0754,Merge Q954,jama,12,0.0,0.40057972220257754,9,8,False
ID0754,Merge Q954,jama,13,0.555653237261185,0.4879221392255899,4,8,True
ID0754,Merge Q954,jama,14,3.81337990395184,1.0,1,8,True
ID0757,Merge Q3966,mmlu,1,-0.428690418732762,0.052667656887077155,7,4,False
ID0757,Merge Q3966,mmlu,2,3.53513492029145,1.0,1,4,True
ID0757,Merge Q3966,mmlu,3,0.41940800473094,0.25535849161695146,5,4,False
ID0757,Merge Q3966,mmlu,4,1.14806038230233,0.4295023817030456,4,4,True
ID0757,Merge Q3966,mmlu,5,-0.649062281293718,0.0,8,4,False
ID0757,Merge Q3966,mmlu,6,-0.0279445217978776,0.14844371084148045,6,4,False
ID0757,Merge Q3966,mmlu,7,1.99671898754471,0.6323270967812136,3,4,True
ID0757,Merge Q3966,mmlu,8,3.03831043516582,0.8812616946119533,2,4,True
ID0758,Merge Q1905,medxpert,1,10.7281426436487,1.0,1,5,True
ID0758,Merge Q1905,medxpert,2,1.09034382377464,0.29468192637177204,4,5,True
ID0758,Merge Q1905,medxpert,3,-1.28695097565651,0.12070558387709707,7,5,False
ID0758,Merge Q1905,medxpert,4,0.975691810097809,0.28629140702855993,5,5,True
ID0758,Merge Q1905,medxpert,5,8.30906821853117,0.8229661206489569,2,5,True
ID0758,Merge Q1905,medxpert,6,-2.9363290042934,0.0,8,5,False
ID0758,Merge Q1905,medxpert,7,5.16931278839,0.5931910140048574,3,5,True
ID0758,Merge Q1905,medxpert,8,0.0,0.21488785515798686,6,5,False
ID0759,Merge Q1164,medbullets,1,-2.4441741147687885,0.0,12,6,False
ID0759,Merge Q1164,medbullets,2,1.0460723034795345,0.3152679984818081,6,6,True
ID0759,Merge Q1164,medbullets,3,-1.4563729763031006,0.08922638991731266,11,6,False
ID0759,Merge Q1164,medbullets,4,8.626554392583095,1.0,1,6,True
ID0759,Merge Q1164,medbullets,5,7.32044693989863,0.8820215443078474,2,6,True
ID0759,Merge Q1164,medbullets,6,-0.0082881176439375,0.22002942222882804,8,6,False
ID0759,Merge Q1164,medbullets,7,0.4357250016801014,0.260136369032661,7,6,False
ID0759,Merge Q1164,medbullets,8,3.4438205413135736,0.5318525020437674,3,6,True
ID0759,Merge Q1164,medbullets,9,1.0619030965331957,0.31669796698326197,5,6,True
ID0759,Merge Q1164,medbullets,10,-0.5811713101926924,0.16828186178885224,10,6,False
ID0759,Merge Q1164,medbullets,11,-0.0675848667015898,0.21467324815064753,9,6,False
ID0759,Merge Q1164,medbullets,12,1.3820198638507633,0.3456135678947091,4,6,True
ID0761,Merge Q2370,medxpert,1,1.07145440569205,0.5722030931838891,4,8,True
ID0761,Merge Q2370,medxpert,2,-1.34360822641895,0.0,9,8,False
ID0761,Merge Q2370,medxpert,3,2.87703067064285,1.0,1,8,True
ID0761,Merge Q2370,medxpert,4,0.94124032371588,0.5413513465284672,5,8,True
ID0761,Merge Q2370,medxpert,5,1.33488302421875,0.6346174870592064,3,8,True
ID0761,Merge Q2370,medxpert,6,2.54053095884235,0.9202728022919102,2,8,True
ID0761,Merge Q2370,medxpert,7,0.31429673646967,0.39280900435305455,8,8,True
ID0761,Merge Q2370,medxpert,8,0.526743413061199,0.44314419809337285,7,8,True
ID0761,Merge Q2370,medxpert,9,0.91700445523695,0.5356091190908624,6,8,True
ID0764,Merge Q1623,medxpert,1,21.9754306495318,0.4297930573598953,3,4,True
ID0764,Merge Q1623,medxpert,2,39.7068479717509,0.7765821685167738,2,4,True
ID0764,Merge Q1623,medxpert,3,3.92993080615997,0.07686115477460816,5,4,False
ID0764,Merge Q1623,medxpert,4,0.0,0.0,6,4,False
ID0764,Merge Q1623,medxpert,5,8.17234050614884,0.15983373741067772,4,4,True
ID0764,Merge Q1623,medxpert,6,51.1302597220184,1.0,1,4,True
ID0765,Merge Q1758,medxpert,1,4.14125313951205,0.4483391548226446,2,4,True
ID0765,Merge Q1758,medxpert,2,-0.31156119192334,0.0,7,4,False
ID0765,Merge Q1758,medxpert,3,1.17658115923405,0.14983613380498043,5,4,False
ID0765,Merge Q1758,medxpert,4,0.0,0.031370066449058015,6,4,False
ID0765,Merge Q1758,medxpert,5,2.31715770066621,0.264677015219272,4,4,True
ID0765,Merge Q1758,medxpert,6,2.58346076400399,0.2914901903163469,3,4,True
ID0765,Merge Q1758,medxpert,7,9.62023772311197,1.0,1,4,True
ID0766,Merge Q3965,mmlu,1,2.80955785631061,1.0,1,2,True
ID0766,Merge Q3965,mmlu,2,1.60046154194173,0.7230671287370604,2,2,True
ID0766,Merge Q3965,mmlu,3,-1.55646885931492,0.0,3,2,False
ID0769,Merge Q1018,jama,1,0.0,0.43999546299686776,6,6,True
ID0769,Merge Q1018,jama,2,-0.405105870093117,0.0,9,6,False
ID0769,Merge Q1018,jama,3,0.160042081028223,0.6138211089318651,3,6,True
ID0769,Merge Q1018,jama,4,-0.0187730059447253,0.41960563887362384,7,6,False
ID0769,Merge Q1018,jama,5,-0.216449432648833,0.20490440319108993,8,6,False
ID0769,Merge Q1018,jama,6,0.275018146647647,0.7386994455853144,2,6,True
ID0769,Merge Q1018,jama,7,0.515598782936455,1.0,1,6,True
ID0769,Merge Q1018,jama,8,0.122413464108622,0.5729517413276239,4,6,True
ID0769,Merge Q1018,jama,9,0.026229693688468,0.46848417933186115,5,6,True
ID0770,Merge Q1796,medxpert,1,0.329821303104158,0.9026122356401367,3,1,False
ID0770,Merge Q1796,medxpert,2,0.51638659537921,0.9990783389375512,2,1,False
ID0770,Merge Q1796,medxpert,3,0.518169086426497,1.0,1,1,True
ID0770,Merge Q1796,medxpert,4,-1.4158293430514,0.0,4,1,False
ID0773,Merge Q4026,mmlu,1,0.922863882634407,1.0,1,1,True
ID0773,Merge Q4026,mmlu,2,0.0,0.4274442769943019,5,1,False
ID0773,Merge Q4026,mmlu,3,0.70694687962532,0.8660425246958493,2,1,False
ID0773,Merge Q4026,mmlu,4,-0.688968547910039,0.0,7,1,False
ID0773,Merge Q4026,mmlu,5,0.0,0.4274442769943019,6,1,False
ID0773,Merge Q4026,mmlu,6,0.14036588658934,0.5145289415843592,4,1,False
ID0773,Merge Q4026,mmlu,7,0.41203728571522,0.6830771070001119,3,1,False
ID0777,Merge Q1590,medxpert,1,3.17664348601273,0.5779709422219379,3,8,True
ID0777,Merge Q1590,medxpert,2,-1.13375992456431,0.07485160620859005,7,8,True
ID0777,Merge Q1590,medxpert,3,1.17043393850327,0.3438019516885266,5,8,True
ID0777,Merge Q1590,medxpert,4,-1.77504042323335,0.0,8,8,True
ID0777,Merge Q1590,medxpert,5,-0.565693993911422,0.1411574543202925,6,8,True
ID0777,Merge Q1590,medxpert,6,1.27969123730601,0.35655469299653514,4,8,True
ID0777,Merge Q1590,medxpert,7,6.79231746193981,1.0,1,8,True
ID0777,Merge Q1590,medxpert,8,5.49082943735508,0.8480875852242487,2,8,True
ID0778,Merge Q3375,medxpert,1,11.1539460984009,0.18726467166175415,4,4,True
ID0778,Merge Q3375,medxpert,2,25.393550249288,0.45621024303142876,3,4,True
ID0778,Merge Q3375,medxpert,3,27.9209482967854,0.5039455947139713,2,4,True
ID0778,Merge Q3375,medxpert,4,1.23902248642616,0.0,7,4,False
ID0778,Merge Q3375,medxpert,5,6.26932370192841,0.09500806484712145,5,4,False
ID0778,Merge Q3375,medxpert,6,4.04535664159727,0.05300366041212654,6,4,False
ID0778,Merge Q3375,medxpert,7,54.1850668416771,1.0,1,4,True
ID0779,Merge Q480,jama,1,-0.125457730189786,0.09197297975625236,16,7,False
ID0779,Merge Q480,jama,2,0.0,0.12254397421467232,7,7,True
ID0779,Merge Q480,jama,3,0.0,0.12254397421467232,8,7,False
ID0779,Merge Q480,jama,4,0.320532038512416,0.20064982834008752,2,7,True
ID0779,Merge Q480,jama,5,0.0532052244061016,0.1355087920701953,6,7,True
ID0779,Merge Q480,jama,6,-0.123535566415503,0.09244136427112354,15,7,False
ID0779,Merge Q480,jama,7,0.0,0.12254397421467232,9,7,False
ID0779,Merge Q480,jama,8,0.0,0.12254397421467232,10,7,False
ID0779,Merge Q480,jama,9,0.274751242305787,0.189494162881947,3,7,True
ID0779,Merge Q480,jama,10,0.0,0.12254397421467232,11,7,False
ID0779,Merge Q480,jama,11,-0.179330472511492,0.07884550403606079,17,7,False
ID0779,Merge Q480,jama,12,-0.502897898016336,0.0,18,7,False
ID0779,Merge Q480,jama,13,0.261547162694138,0.18627665014657693,4,7,True
ID0779,Merge Q480,jama,14,0.0,0.12254397421467232,12,7,False
ID0779,Merge Q480,jama,15,0.0,0.12254397421467232,13,7,False
ID0779,Merge Q480,jama,16,0.244927862240491,0.1822269312388406,5,7,True
ID0779,Merge Q480,jama,17,0.0,0.12254397421467232,14,7,False
ID0779,Merge Q480,jama,18,3.60091790556908,1.0,1,7,True
ID0780,Merge Q696,jama,1,0.0,0.22617275437510476,5,11,True
ID0780,Merge Q696,jama,2,0.0,0.22617275437510476,6,11,True
ID0780,Merge Q696,jama,3,0.0,0.22617275437510476,7,11,True
ID0780,Merge Q696,jama,4,0.0469052262350819,0.23769326663034623,4,11,True
ID0780,Merge Q696,jama,5,0.416313327834336,0.3284245327014323,3,11,True
ID0780,Merge Q696,jama,6,0.0,0.22617275437510476,8,11,True
ID0780,Merge Q696,jama,7,0.0,0.22617275437510476,9,11,True
ID0780,Merge Q696,jama,8,0.0,0.22617275437510476,10,11,True
ID0780,Merge Q696,jama,9,0.0,0.22617275437510476,11,11,True
ID0780,Merge Q696,jama,10,0.610170153934628,0.3760382022242595,2,11,True
ID0780,Merge Q696,jama,11,-0.179792695245997,0.1820134119043245,13,11,False
ID0780,Merge Q696,jama,12,-0.210918982124328,0.1743684051913247,14,11,False
ID0780,Merge Q696,jama,13,-0.920851779602878,0.0,15,11,False
ID0780,Merge Q696,jama,14,0.0,0.22617275437510476,12,11,False
ID0780,Merge Q696,jama,15,3.15060139850918,1.0,1,11,True
ID0784,Merge Q1306,medbullets,1,0.5810427853555068,0.37260507488218336,6,5,False
ID0784,Merge Q1306,medbullets,2,5.471284656496376,0.9155918767685549,2,5,True
ID0784,Merge Q1306,medbullets,3,-2.774709016084671,0.0,9,5,False
ID0784,Merge Q1306,medbullets,4,0.7193173278538547,0.38795835465686307,5,5,True
ID0784,Merge Q1306,medbullets,5,6.231480184374439,1.0,1,5,True
ID0784,Merge Q1306,medbullets,6,0.0,0.30808913229840035,8,5,False
ID0784,Merge Q1306,medbullets,7,0.5357939682819784,0.3675808836214422,7,5,False
ID0784,Merge Q1306,medbullets,8,0.8219963813884406,0.3993592980802315,4,5,True
ID0784,Merge Q1306,medbullets,9,4.912891673058761,0.8535908493629625,3,5,True
ID0786,Merge Q1942,medxpert,1,5.95080464476789,0.9569140219918069,2,4,True
ID0786,Merge Q1942,medxpert,2,-1.07449840695074,0.1584814047856777,8,4,False
ID0786,Merge Q1942,medxpert,3,1.9858960211277,0.5062982484015491,5,4,False
ID0786,Merge Q1942,medxpert,4,2.3388922660277,0.5464166196098195,3,4,True
ID0786,Merge Q1942,medxpert,5,-0.333201729026494,0.24273050298457627,7,4,False
ID0786,Merge Q1942,medxpert,6,6.32991246960403,1.0,1,4,True
ID0786,Merge Q1942,medxpert,7,1.97201917520306,0.504721131182746,6,4,False
ID0786,Merge Q1942,medxpert,8,2.16485386700415,0.5266369839978379,4,4,True
ID0786,Merge Q1942,medxpert,9,-2.46895533755236,0.0,9,4,False
ID0788,Merge Q1102,medbullets,1,-5.266957966012964,0.0,8,2,False
ID0788,Merge Q1102,medbullets,2,9.623236701890631,1.0,1,2,True
ID0788,Merge Q1102,medbullets,3,0.861035630106926,0.41154556624629113,3,2,False
ID0788,Merge Q1102,medbullets,4,0.4760577420871001,0.38569110990062216,4,2,False
ID0788,Merge Q1102,medbullets,5,-0.0,0.3537198863736886,6,2,False
ID0788,Merge Q1102,medbullets,6,-0.0761837918260163,0.34860351324861233,7,2,False
ID0788,Merge Q1102,medbullets,7,0.1839062026717949,0.36607071232146565,5,2,False
ID0788,Merge Q1102,medbullets,8,2.6302257039195376,0.5303613449027093,2,2,True
ID0789,Merge Q4027,mmlu,1,2.14728036924862,0.8846204297135041,2,5,True
ID0789,Merge Q4027,mmlu,2,0.178694830186718,0.07361735324887766,5,5,True
ID0789,Merge Q4027,mmlu,3,1.23816186189652,0.5100886190791388,4,5,True
ID0789,Merge Q4027,mmlu,4,2.4273465738792,1.0,1,5,True
ID0789,Merge Q4027,mmlu,5,0.0,0.0,6,5,False
ID0789,Merge Q4027,mmlu,6,1.3547935435031,0.5581376627804625,3,5,True
ID0790,Merge Q1044,medbullets,1,2.028847389071497,0.25640173281561424,2,6,True
ID0790,Merge Q1044,medbullets,2,1.308722372401366,0.22244289391433456,3,6,True
ID0790,Merge Q1044,medbullets,3,-0.3655727505683899,0.1434883831864108,7,6,False
ID0790,Merge Q1044,medbullets,4,-1.918342917177087,0.07026460853905378,10,6,False
ID0790,Merge Q1044,medbullets,5,-0.0,0.16072764839157497,4,6,True
ID0790,Merge Q1044,medbullets,6,-3.408361540681898,0.0,11,6,False
ID0790,Merge Q1044,medbullets,7,-0.6059124053342283,0.1321547182964978,8,6,False
ID0790,Merge Q1044,medbullets,8,-1.1440226190118694,0.10677912706664501,9,6,False
ID0790,Merge Q1044,medbullets,9,-0.0333548944731821,0.15915473610306488,5,6,True
ID0790,Merge Q1044,medbullets,10,-0.1339213403994204,0.15441233769025184,6,6,True
ID0790,Merge Q1044,medbullets,11,17.79745820962161,1.0,1,6,True
ID0792,Merge Q2237,medxpert,1,35.9006472342323,1.0,1,2,True
ID0792,Merge Q2237,medxpert,2,11.9279083096908,0.2931845523779892,3,2,False
ID0792,Merge Q2237,medxpert,3,18.2152730375528,0.47856205673720875,2,2,True
ID0792,Merge Q2237,medxpert,4,9.85975002051043,0.23220669617551304,4,2,False
ID0792,Merge Q2237,medxpert,5,1.98410083560069,0.0,5,2,False
ID0798,Merge Q2614,medxpert,1,0.0814220859200711,1.0,1,5,True
ID0798,Merge Q2614,medxpert,2,0.0,0.0,2,5,True
ID0798,Merge Q2614,medxpert,3,0.0,0.0,3,5,True
ID0798,Merge Q2614,medxpert,4,0.0,0.0,4,5,True
ID0798,Merge Q2614,medxpert,5,0.0,0.0,5,5,True
ID0798,Merge Q2614,medxpert,6,0.0,0.0,6,5,False
ID0799,Merge Q3839,mmlu,1,-0.303334997729528,0.103859361215917,4,2,False
ID0799,Merge Q3839,mmlu,2,-1.23498846286283,0.0,5,2,False
ID0799,Merge Q3839,mmlu,3,5.41936147212982,0.7418171663823842,2,2,True
ID0799,Merge Q3839,mmlu,4,7.73534848342797,1.0,1,2,True
ID0799,Merge Q3839,mmlu,5,0.436271424582878,0.18630959990156976,3,2,False
ID0801,Merge Q1042,medbullets,1,0.5975959421237533,0.5482816643272065,4,5,True
ID0801,Merge Q1042,medbullets,2,-0.0,0.19479402646062852,6,5,False
ID0801,Merge Q1042,medbullets,3,0.110087614506483,0.25991262594771214,5,5,True
ID0801,Merge Q1042,medbullets,4,-0.0056500652310751,0.19145192175150516,8,5,False
ID0801,Merge Q1042,medbullets,5,0.0,0.19479402646062852,7,5,False
ID0801,Merge Q1042,medbullets,6,-0.2130986197028317,0.0687427560258254,10,5,False
ID0801,Merge Q1042,medbullets,7,0.7243658699193527,0.6232681211791897,3,5,True
ID0801,Merge Q1042,medbullets,8,-0.0669300013122441,0.15520385122919647,9,5,False
ID0801,Merge Q1042,medbullets,9,-0.3293131280782053,0.0,11,5,False
ID0801,Merge Q1042,medbullets,10,1.0793299020082987,0.8332350710630856,2,5,True
ID0801,Merge Q1042,medbullets,11,1.3612578512365303,1.0,1,5,True
ID0802,Merge Q3807,mmlu,1,3.17983204405762,0.6020392403442282,3,6,True
ID0802,Merge Q3807,mmlu,2,-9.81299524658332,0.0,6,6,True
ID0802,Merge Q3807,mmlu,3,10.9731810092926,0.9631540143509019,2,6,True
ID0802,Merge Q3807,mmlu,4,0.456479222684092,0.4758492104844416,5,6,True
ID0802,Merge Q3807,mmlu,5,1.69901508906388,0.533423696188149,4,6,True
ID0802,Merge Q3807,mmlu,6,11.7683675948355,1.0,1,6,True
ID0803,Merge Q281,jama,1,20.1460962523447,0.8088227210148348,2,5,True
ID0803,Merge Q281,jama,2,1.18250545131508,0.11399961406366042,5,5,True
ID0803,Merge Q281,jama,3,25.3638382256031,1.0,1,5,True
ID0803,Merge Q281,jama,4,0.0,0.07067279266732264,6,5,False
ID0803,Merge Q281,jama,5,9.79078750508454,0.4294057702536254,3,5,True
ID0803,Merge Q281,jama,6,-1.92885053404433,0.0,13,5,False
ID0803,Merge Q281,jama,7,0.0,0.07067279266732264,7,5,False
ID0803,Merge Q281,jama,8,3.22571235942008,0.18886240702988172,4,5,True
ID0803,Merge Q281,jama,9,0.0,0.07067279266732264,8,5,False
ID0803,Merge Q281,jama,10,0.0,0.07067279266732264,9,5,False
ID0803,Merge Q281,jama,11,0.0,0.07067279266732264,10,5,False
ID0803,Merge Q281,jama,12,0.0,0.07067279266732264,11,5,False
ID0803,Merge Q281,jama,13,0.0,0.07067279266732264,12,5,False
ID0805,Merge Q2256,medxpert,1,0.0,0.0,4,2,False
ID0805,Merge Q2256,medxpert,2,3.33516432561506,0.6039410513146061,3,2,False
ID0805,Merge Q2256,medxpert,3,0.0,0.0,5,2,False
ID0805,Merge Q2256,medxpert,4,3.6039810997121,0.6526191580910172,2,2,True
ID0805,Merge Q2256,medxpert,5,5.52233420522643,1.0,1,2,True
ID0809,Merge Q1019,jama,1,2.617962335702,0.6827461602958933,3,9,True
ID0809,Merge Q1019,jama,2,2.55975727432814,0.6778408314969169,4,9,True
ID0809,Merge Q1019,jama,3,1.11841396987438,0.556369216251372,7,9,True
ID0809,Merge Q1019,jama,4,1.09988023091947,0.5548072544339233,8,9,True
ID0809,Merge Q1019,jama,5,-3.01100626579739,0.20835542626482387,13,9,False
ID0809,Merge Q1019,jama,6,-5.4832850610234,0.0,14,9,False
ID0809,Merge Q1019,jama,7,1.16835026367577,0.5605776808473413,6,9,True
ID0809,Merge Q1019,jama,8,4.13849192197566,0.8108913317498929,2,9,True
ID0809,Merge Q1019,jama,9,0.0762178261544238,0.46853639489010807,11,9,False
ID0809,Merge Q1019,jama,10,1.87691486730983,0.62029314672094,5,9,True
ID0809,Merge Q1019,jama,11,0.643942738323384,0.5163823604440494,9,9,True
ID0809,Merge Q1019,jama,12,0.567934596934452,0.5099766473305977,10,9,False
ID0809,Merge Q1019,jama,13,-1.46374110149185,0.3387537832284939,12,9,False
ID0809,Merge Q1019,jama,14,6.38239484732559,1.0,1,9,True
ID0810,Merge Q1252,medbullets,1,-0.0,1.0,1,3,True
ID0810,Merge Q1252,medbullets,2,-0.0,1.0,2,3,True
ID0810,Merge Q1252,medbullets,3,-0.0048266351222991,0.9609028021375641,3,3,True
ID0810,Merge Q1252,medbullets,4,-0.0536600109196416,0.5653377537214023,4,3,False
ID0810,Merge Q1252,medbullets,5,-0.1234522008273249,0.0,5,3,False
ID0811,Merge Q2725,medxpert,1,1.2001724072622,0.6506459536489378,3,3,True
ID0811,Merge Q2725,medxpert,2,1.72477141681514,0.9350452789362851,2,3,True
ID0811,Merge Q2725,medxpert,3,1.8445859849453,1.0,1,3,True
ID0811,Merge Q2725,medxpert,4,0.571382956988265,0.30976216975063325,4,3,False
ID0811,Merge Q2725,medxpert,5,0.0,0.0,6,3,False
ID0811,Merge Q2725,medxpert,6,0.0240367183282335,0.013030955739884522,5,3,False
ID0813,Merge Q3278,medxpert,1,1.4237814674816,0.8582586186796766,2,4,True
ID0813,Merge Q3278,medxpert,2,0.367099027849037,0.3039341976871191,4,4,True
ID0813,Merge Q3278,medxpert,3,1.17098070681095,0.7256420159717102,3,4,True
ID0813,Merge Q3278,medxpert,4,-0.212276365579828,0.0,5,4,False
ID0813,Merge Q3278,medxpert,5,1.69397636227311,1.0,1,4,True
ID0815,Merge Q1554,medxpert,1,2.85963716326416,0.5844900800707713,3,1,False
ID0815,Merge Q1554,medxpert,2,4.16267206696274,0.7625992372055023,2,1,False
ID0815,Merge Q1554,medxpert,3,-0.177408814430237,0.1693625207619674,7,1,False
ID0815,Merge Q1554,medxpert,4,1.14270167788988,0.3498057049349064,5,1,False
ID0815,Merge Q1554,medxpert,5,1.7559159059235,0.43362469473178866,4,1,False
ID0815,Merge Q1554,medxpert,6,-1.41645390049665,0.0,9,1,False
ID0815,Merge Q1554,medxpert,7,0.731213668070571,0.2935602564116652,6,1,False
ID0815,Merge Q1554,medxpert,8,-0.471377270121369,0.12918057803830751,8,1,False
ID0815,Merge Q1554,medxpert,9,5.89948046616198,1.0,1,1,True
ID0816,Merge Q3359,medxpert,1,51.993395920812,1.0,1,2,True
ID0816,Merge Q3359,medxpert,2,4.04906180386858,0.06175984264751961,4,2,False
ID0816,Merge Q3359,medxpert,3,0.893116593360901,0.0,7,2,False
ID0816,Merge Q3359,medxpert,4,2.17594314170294,0.025104100510325463,6,2,False
ID0816,Merge Q3359,medxpert,5,2.7944580545514,0.0372080443828239,5,2,False
ID0816,Merge Q3359,medxpert,6,16.1183797489389,0.29794872662073646,2,2,True
ID0816,Merge Q3359,medxpert,7,6.14990358222081,0.10287198148515718,3,2,False
ID0819,Merge Q3835,mmlu,1,5.44757923302403,0.6816861890206283,2,2,True
ID0819,Merge Q3835,mmlu,2,9.00454829622974,1.0,1,2,True
ID0819,Merge Q3835,mmlu,3,2.77356371283531,0.44238805183578084,3,2,False
ID0819,Merge Q3835,mmlu,4,-2.16986180008939,0.0,5,2,False
ID0819,Merge Q3835,mmlu,5,1.01457784995737,0.28497608577080236,4,2,False
ID0821,Merge Q1925,medxpert,1,0.762684997416383,1.0,1,3,True
ID0821,Merge Q1925,medxpert,2,0.460925620898237,0.9146624732816708,2,3,True
ID0821,Merge Q1925,medxpert,3,0.0,0.7843127458186026,3,3,True
ID0821,Merge Q1925,medxpert,4,0.0,0.7843127458186026,4,3,False
ID0821,Merge Q1925,medxpert,5,-2.77338392937773,0.0,5,3,False
ID0826,Merge Q812,jama,1,0.373941116713032,0.19565405364276972,7,4,False
ID0826,Merge Q812,jama,2,0.0275173042299022,0.1705851822454481,9,4,False
ID0826,Merge Q812,jama,3,2.10563640296459,0.32096774417465956,4,4,True
ID0826,Merge Q812,jama,4,0.706640755933549,0.21972977872001337,6,4,False
ID0826,Merge Q812,jama,5,0.271768264449959,0.1882603410820743,8,4,False
ID0826,Merge Q812,jama,6,-2.32977945037834,0.0,17,4,False
ID0826,Merge Q812,jama,7,5.00685148479706,0.5309134383262991,3,4,True
ID0826,Merge Q812,jama,8,-1.50566796756116,0.059636618602267696,16,4,False
ID0826,Merge Q812,jama,9,0.0,0.16859389949846898,10,4,False
ID0826,Merge Q812,jama,10,0.0,0.16859389949846898,11,4,False
ID0826,Merge Q812,jama,11,6.12152704626709,0.6115766528436043,2,4,True
ID0826,Merge Q812,jama,12,1.03866848195947,0.2437568809692108,5,4,False
ID0826,Merge Q812,jama,13,0.0,0.16859389949846898,12,4,False
ID0826,Merge Q812,jama,14,0.0,0.16859389949846898,13,4,False
ID0826,Merge Q812,jama,15,0.0,0.16859389949846898,14,4,False
ID0826,Merge Q812,jama,16,11.4891040163956,1.0,1,4,True
ID0826,Merge Q812,jama,17,0.0,0.16859389949846898,15,4,False
ID0827,Merge Q2324,medxpert,1,-0.521050389104931,0.1563391473006286,7,6,False
ID0827,Merge Q2324,medxpert,2,-0.918387437790589,0.1128926715549222,8,6,False
ID0827,Merge Q2324,medxpert,3,7.19459760189056,1.0,1,6,True
ID0827,Merge Q2324,medxpert,4,1.59834889156038,0.3880830275843417,5,6,True
ID0827,Merge Q2324,medxpert,5,-1.95084036208342,0.0,10,6,False
ID0827,Merge Q2324,medxpert,6,1.91516423860543,0.4227249275450718,4,6,True
ID0827,Merge Q2324,medxpert,7,4.55695939012952,0.7115897322630895,3,6,True
ID0827,Merge Q2324,medxpert,8,-1.14628617639071,0.08797328119900186,9,6,False
ID0827,Merge Q2324,medxpert,9,4.83464626212621,0.7419531629801929,2,6,True
ID0827,Merge Q2324,medxpert,10,0.0406972063330126,0.21776295200531293,6,6,True
ID0828,Merge Q2711,medxpert,1,-0.619770133321169,0.124654802628481,4,4,True
ID0828,Merge Q2711,medxpert,2,-1.25604836434398,0.0,5,4,False
ID0828,Merge Q2711,medxpert,3,0.0,0.2460754640268559,2,4,True
ID0828,Merge Q2711,medxpert,4,3.84827347168799,1.0,1,4,True
ID0828,Merge Q2711,medxpert,5,-0.395906261729925,0.16851251356100183,3,4,True
ID0831,Merge Q1428,medxpert,1,-1.57337588033085,0.08467569892785662,11,7,False
ID0831,Merge Q1428,medxpert,2,-0.108269355693468,0.191499103917225,9,7,False
ID0831,Merge Q1428,medxpert,3,0.0,0.19939320652115944,5,7,True
ID0831,Merge Q1428,medxpert,4,-1.1660241533724,0.11437640517020381,10,7,False
ID0831,Merge Q1428,medxpert,5,0.0,0.19939320652115944,6,7,True
ID0831,Merge Q1428,medxpert,6,0.0,0.19939320652115944,7,7,True
ID0831,Merge Q1428,medxpert,7,0.799854641080172,0.25771196684330083,3,7,True
ID0831,Merge Q1428,medxpert,8,0.439604234817483,0.23144549788787225,4,7,True
ID0831,Merge Q1428,medxpert,9,4.81744606993885,0.5506413812372523,2,7,True
ID0831,Merge Q1428,medxpert,10,-1.81176172663211,0.06729458200908818,12,7,False
ID0831,Merge Q1428,medxpert,11,0.0,0.19939320652115944,8,7,False
ID0831,Merge Q1428,medxpert,12,-2.73472173885109,0.0,13,7,False
ID0831,Merge Q1428,medxpert,13,10.980498486372,1.0,1,7,True
ID0833,Merge Q1298,medbullets,1,1.2802519432111787,0.742836984036521,6,2,False
ID0833,Merge Q1298,medbullets,2,1.311273043631692,0.753086897465043,5,2,False
ID0833,Merge Q1298,medbullets,3,-0.1547921262681484,0.26867335737966885,11,2,False
ID0833,Merge Q1298,medbullets,4,1.3701186914733756,0.7725305273764982,4,2,False
ID0833,Merge Q1298,medbullets,5,1.3737449758878146,0.7737287150878089,3,2,False
ID0833,Merge Q1298,medbullets,6,0.1496201666425859,0.36925649616637707,9,2,False
ID0833,Merge Q1298,medbullets,7,1.999090581184064,0.980353826070483,2,2,True
ID0833,Merge Q1298,medbullets,8,-0.9679251598017782,0.0,12,2,False
ID0833,Merge Q1298,medbullets,9,0.4230550067986908,0.4596041434757708,8,2,False
ID0833,Merge Q1298,medbullets,10,2.058549223307864,1.0,1,2,True
ID0833,Merge Q1298,medbullets,11,0.7108462521254675,0.5546953978187457,7,2,False
ID0833,Merge Q1298,medbullets,12,-0.0,0.3198193796728107,10,2,False
ID0834,Merge Q794,jama,1,-0.489606985605864,0.15563508349512903,12,5,False
ID0834,Merge Q794,jama,2,0.0,0.5653616171673478,6,5,False
ID0834,Merge Q794,jama,3,-0.123711469186446,0.46183394510495607,11,5,False
ID0834,Merge Q794,jama,4,0.0,0.5653616171673478,7,5,False
ID0834,Merge Q794,jama,5,0.0262063691586535,0.5872923598062065,4,5,True
ID0834,Merge Q794,jama,6,0.0218966302155169,0.5836857642099071,5,5,True
ID0834,Merge Q794,jama,7,0.0,0.5653616171673478,8,5,False
ID0834,Merge Q794,jama,8,-0.675584748387337,0.0,13,5,False
ID0834,Merge Q794,jama,9,0.414104381602573,0.9119039620289972,3,5,True
ID0834,Merge Q794,jama,10,0.489369633998268,0.9748895236665464,2,5,True
ID0834,Merge Q794,jama,11,0.0,0.5653616171673478,9,5,False
ID0834,Merge Q794,jama,12,0.519375659028087,1.0,1,5,True
ID0834,Merge Q794,jama,13,0.0,0.5653616171673478,10,5,False
ID0835,Merge Q1231,medbullets,1,0.4260553366151182,0.1607238670710955,5,5,True
ID0835,Merge Q1231,medbullets,2,-1.5568125724742496,0.0,11,5,False
ID0835,Merge Q1231,medbullets,3,-0.0516617596149444,0.12200190343442957,7,5,False
ID0835,Merge Q1231,medbullets,4,-0.2310413774490776,0.10746206156201883,8,5,False
ID0835,Merge Q1231,medbullets,5,0.0263121403300361,0.12832217654607997,6,5,False
ID0835,Merge Q1231,medbullets,6,-0.7685349492762658,0.06389484006737321,9,5,False
ID0835,Merge Q1231,medbullets,7,3.5566353099983576,0.4144769875845831,4,5,True
ID0835,Merge Q1231,medbullets,8,4.396674055973104,0.4825673909461567,3,5,True
ID0835,Merge Q1231,medbullets,9,5.646252891329646,0.5838535843976073,2,5,True
ID0835,Merge Q1231,medbullets,10,-1.193545930612094,0.029445037256581544,10,5,False
ID0835,Merge Q1231,medbullets,11,10.780296689663244,1.0,1,5,True
ID0837,Merge Q588,jama,1,13.055669034411,0.21886999242799907,6,6,True
ID0837,Merge Q588,jama,2,14.7696965469184,0.24458739749070163,5,6,True
ID0837,Merge Q588,jama,3,65.1168439686298,1.0,1,6,True
ID0837,Merge Q588,jama,4,32.0888268389359,0.5044450052615183,2,6,True
ID0837,Merge Q588,jama,5,5.81313262844042,0.11020240041178779,7,6,False
ID0837,Merge Q588,jama,6,0.0,0.02298169631111789,11,6,False
ID0837,Merge Q588,jama,7,16.9241513256184,0.2769130082692882,4,6,True
ID0837,Merge Q588,jama,8,0.0,0.02298169631111789,12,6,False
ID0837,Merge Q588,jama,9,0.0,0.02298169631111789,13,6,False
ID0837,Merge Q588,jama,10,0.0,0.02298169631111789,14,6,False
ID0837,Merge Q588,jama,11,27.9888040634702,0.4429279375869688,3,6,True
ID0837,Merge Q588,jama,12,2.71952121252732,0.06378560878558304,9,6,False
ID0837,Merge Q588,jama,13,0.0,0.02298169631111789,15,6,False
ID0837,Merge Q588,jama,14,0.0,0.02298169631111789,16,6,False
ID0837,Merge Q588,jama,15,0.0,0.02298169631111789,17,6,False
ID0837,Merge Q588,jama,16,0.0,0.02298169631111789,18,6,False
ID0837,Merge Q588,jama,17,3.38267503772211,0.0737356214994784,8,6,False
ID0837,Merge Q588,jama,18,0.0,0.02298169631111789,19,6,False
ID0837,Merge Q588,jama,19,-1.53169651702046,0.0,20,6,False
ID0837,Merge Q588,jama,20,0.868482323323041,0.03601247413452768,10,6,False
ID0840,Merge Q3904,mmlu,1,3.11861639891983,0.8095854677376536,2,5,True
ID0840,Merge Q3904,mmlu,2,1.65789115033166,0.45373230852535706,3,5,True
ID0840,Merge Q3904,mmlu,3,0.476587001234293,0.16595004840957445,5,5,True
ID0840,Merge Q3904,mmlu,4,-0.204613711590285,0.0,7,5,False
ID0840,Merge Q3904,mmlu,5,0.142657781177156,0.08460020659265333,6,5,False
ID0840,Merge Q3904,mmlu,6,3.90024024508549,1.0,1,5,True
ID0840,Merge Q3904,mmlu,7,1.51086140458185,0.41791380016875795,4,5,True
ID0841,Merge Q1258,medbullets,1,4.151155595362469,0.7066551005494234,2,7,True
ID0841,Merge Q1258,medbullets,2,3.9887201052521215,0.6917286439096261,4,7,True
ID0841,Merge Q1258,medbullets,3,4.021483987569809,0.6947393693886095,3,7,True
ID0841,Merge Q1258,medbullets,4,0.1139900503154351,0.3356735101661194,7,7,True
ID0841,Merge Q1258,medbullets,5,-3.259512849508922,0.02567694030166831,8,7,False
ID0841,Merge Q1258,medbullets,6,7.343448559694032,1.0,1,7,True
ID0841,Merge Q1258,medbullets,7,1.405992809843888,0.45439770741820384,6,7,True
ID0841,Merge Q1258,medbullets,8,1.930653411279206,0.5026096081094517,5,7,True
ID0841,Merge Q1258,medbullets,9,-3.538939272208279,0.0,9,7,False
ID0843,Merge Q1608,medxpert,1,10.0163888663148,0.4567015002815064,2,4,True
ID0843,Merge Q1608,medxpert,2,21.9320253166254,1.0,1,4,True
ID0843,Merge Q1608,medxpert,3,5.38875463232398,0.24570255389223344,3,4,True
ID0843,Merge Q1608,medxpert,4,0.0,0.0,4,4,True
ID0843,Merge Q1608,medxpert,5,0.0,0.0,5,4,False
ID0843,Merge Q1608,medxpert,6,0.0,0.0,6,4,False
ID0843,Merge Q1608,medxpert,7,0.0,0.0,7,4,False
ID0843,Merge Q1608,medxpert,8,0.0,0.0,8,4,False
ID0843,Merge Q1608,medxpert,9,0.0,0.0,9,4,False
ID0843,Merge Q1608,medxpert,10,0.0,0.0,10,4,False
ID0844,Merge Q1165,medbullets,1,0.7490776743409346,0.4890555648894793,7,3,False
ID0844,Merge Q1165,medbullets,2,-0.7682626583174932,0.0,10,3,False
ID0844,Merge Q1165,medbullets,3,2.334330260753632,1.0,1,3,True
ID0844,Merge Q1165,medbullets,4,1.1504962922058957,0.6184372235007355,3,3,True
ID0844,Merge Q1165,medbullets,5,0.1254740391716964,0.28806121872951423,8,3,False
ID0844,Merge Q1165,medbullets,6,1.0099362679601542,0.5731331736585076,6,3,False
ID0844,Merge Q1165,medbullets,7,1.5898588034561945,0.7600486184567447,2,3,True
ID0844,Merge Q1165,medbullets,8,1.0585475640583737,0.5888011318361382,4,3,False
ID0844,Merge Q1165,medbullets,9,1.0298707664063234,0.5795582829029834,5,3,False
ID0844,Merge Q1165,medbullets,10,0.0,0.24761954866689398,9,3,False
ID0845,Merge Q1312,medbullets,1,-1.7720207387008942,0.11508725720595592,9,7,False
ID0845,Merge Q1312,medbullets,2,-1.669905588503332,0.12654577937033787,8,7,False
ID0845,Merge Q1312,medbullets,3,-0.4860924147069454,0.259383555784411,5,7,True
ID0845,Merge Q1312,medbullets,4,-0.6526599597670142,0.24069271604863343,6,7,True
ID0845,Merge Q1312,medbullets,5,-1.9010507895498392,0.10060856629022473,10,7,False
ID0845,Merge Q1312,medbullets,6,6.114074548790691,1.0,1,7,True
ID0845,Merge Q1312,medbullets,7,-0.8729567317853435,0.21597282443578156,7,7,True
ID0845,Merge Q1312,medbullets,8,5.229709064399072,0.9007637800589782,3,7,True
ID0845,Merge Q1312,medbullets,9,-2.797646241433037,0.0,11,7,False
ID0845,Merge Q1312,medbullets,10,5.268491646201838,0.905115642366571,2,7,True
ID0845,Merge Q1312,medbullets,11,1.4847328414788104,0.4805333541878547,4,7,True
ID0846,Merge Q163,jama,1,0.0,0.05051567286635994,5,8,True
ID0846,Merge Q163,jama,2,0.0676206028467421,0.16161885379370644,2,8,True
ID0846,Merge Q163,jama,3,0.0377477500587702,0.11253663878239892,3,8,True
ID0846,Merge Q163,jama,4,0.0,0.05051567286635994,6,8,True
ID0846,Merge Q163,jama,5,-0.0307452966145571,0.0,13,8,False
ID0846,Merge Q163,jama,6,0.0,0.05051567286635994,7,8,True
ID0846,Merge Q163,jama,7,0.0,0.05051567286635994,8,8,True
ID0846,Merge Q163,jama,8,0.0,0.05051567286635994,9,8,False
ID0846,Merge Q163,jama,9,0.0,0.05051567286635994,10,8,False
ID0846,Merge Q163,jama,10,0.0183467960554479,0.08066014534622579,4,8,True
ID0846,Merge Q163,jama,11,-0.0204838975972952,0.016859862580143683,12,8,False
ID0846,Merge Q163,jama,12,0.0,0.05051567286635994,11,8,False
ID0846,Merge Q163,jama,13,0.577883567854779,1.0,1,8,True
ID0851,Merge Q3991,mmlu,1,-3.45848738247105,0.0,6,5,False
ID0851,Merge Q3991,mmlu,2,2.54909825817208,0.43177605769302346,3,5,True
ID0851,Merge Q3991,mmlu,3,10.4551734924316,1.0,1,5,True
ID0851,Merge Q3991,mmlu,4,-2.51861540456583,0.06755030084142363,5,5,True
ID0851,Merge Q3991,mmlu,5,9.83649517620625,0.9555344691962907,2,5,True
ID0851,Merge Q3991,mmlu,6,1.18746135350786,0.33391274789219816,4,5,True
ID0852,Merge Q1039,medbullets,1,5.83051533987476,0.9684458646544757,2,8,True
ID0852,Merge Q1039,medbullets,2,6.109936075573246,1.0,1,8,True
ID0852,Merge Q1039,medbullets,3,2.753737896680832,0.6209947292621503,3,8,True
ID0852,Merge Q1039,medbullets,4,2.424158980108273,0.5837763828335455,4,8,True
ID0852,Merge Q1039,medbullets,5,0.4540567316394423,0.36129871725403884,9,8,False
ID0852,Merge Q1039,medbullets,6,1.3775350332087752,0.465584318118741,6,8,True
ID0852,Merge Q1039,medbullets,7,0.9503445559467106,0.4173429944956017,7,8,True
ID0852,Merge Q1039,medbullets,8,0.0,0.3100234690915058,10,8,False
ID0852,Merge Q1039,medbullets,9,-2.745344940330692,0.0,11,8,False
ID0852,Merge Q1039,medbullets,10,0.5013902133910678,0.3666439436411648,8,8,True
ID0852,Merge Q1039,medbullets,11,1.9352929085303376,0.528570221594852,5,8,True
ID0856,Merge Q2241,medxpert,1,1.59724042055409,0.3767890607753878,3,6,True
ID0856,Merge Q2241,medxpert,2,-1.27531115924868,0.0,7,6,False
ID0856,Merge Q2241,medxpert,3,0.877589285373688,0.28239330572016164,6,6,True
ID0856,Merge Q2241,medxpert,4,1.02444258429061,0.3016558724777874,5,6,True
ID0856,Merge Q2241,medxpert,5,2.20894754654735,0.45702593279299575,2,6,True
ID0856,Merge Q2241,medxpert,6,6.34845470563974,1.0,1,6,True
ID0856,Merge Q2241,medxpert,7,1.06410238366518,0.30685799962563504,4,6,True
ID0859,Merge Q434,jama,1,-0.500219903282898,0.0,9,2,False
ID0859,Merge Q434,jama,2,-0.456690246235701,0.04082380783465892,8,2,False
ID0859,Merge Q434,jama,3,0.42876435443759,0.8712376203075672,2,2,True
ID0859,Merge Q434,jama,4,0.204280245648768,0.6607076795549178,5,2,False
ID0859,Merge Q434,jama,5,0.0,0.4691257085841811,6,2,False
ID0859,Merge Q434,jama,6,0.363868751976406,0.8103759966720466,4,2,False
ID0859,Merge Q434,jama,7,0.566061253621845,1.0,1,2,True
ID0859,Merge Q434,jama,8,0.0,0.4691257085841811,7,2,False
ID0859,Merge Q434,jama,9,0.385911537266212,0.8310485792709861,3,2,False
ID0860,Merge Q1406,medxpert,1,-3.75308685286878,0.0,6,4,False
ID0860,Merge Q1406,medxpert,2,13.9195538902104,1.0,1,4,True
ID0860,Merge Q1406,medxpert,3,-0.0455037094652653,0.20979225444026803,4,4,True
ID0860,Merge Q1406,medxpert,4,-1.79786209153576,0.1106356876574153,5,4,False
ID0860,Merge Q1406,medxpert,5,1.08101151427733,0.2735357119189559,3,4,True
ID0860,Merge Q1406,medxpert,6,2.5396502659414,0.3560722593919356,2,4,True
ID0861,Merge Q1267,medbullets,1,4.412006585972112,1.0,1,4,True
ID0861,Merge Q1267,medbullets,2,2.492614502420974,0.6564553525116248,2,4,True
ID0861,Merge Q1267,medbullets,3,1.85189326107502,0.5417751082390401,4,4,True
ID0861,Merge Q1267,medbullets,4,0.3697193800439369,0.276486474489325,6,4,False
ID0861,Merge Q1267,medbullets,5,-1.1750171024586216,0.0,8,4,False
ID0861,Merge Q1267,medbullets,6,1.4194305832322187,0.46437026767279754,5,4,False
ID0861,Merge Q1267,medbullets,7,1.9077749315123629,0.5517771546869654,3,4,True
ID0861,Merge Q1267,medbullets,8,0.3590287001162951,0.2745729905802127,7,4,False
ID0864,Merge Q3958,mmlu,1,1.20835293800561,0.6202325702890324,2,2,True
ID0864,Merge Q3958,mmlu,2,2.49554141848561,1.0,1,2,True
ID0864,Merge Q3958,mmlu,3,0.0,0.2637244936482573,5,2,False
ID0864,Merge Q3958,mmlu,4,-0.196998063186946,0.2056028982105426,6,2,False
ID0864,Merge Q3958,mmlu,5,0.0579194584135473,0.2808128409925108,4,2,False
ID0864,Merge Q3958,mmlu,6,-0.89387110027528,0.0,7,2,False
ID0864,Merge Q3958,mmlu,7,0.704809045488115,0.4716688030490442,3,2,False
ID0866,Merge Q960,jama,1,0.0,0.1027529254291918,7,5,False
ID0866,Merge Q960,jama,2,0.295292802000439,0.19880684859375924,6,5,False
ID0866,Merge Q960,jama,3,-0.31588714197278,0.0,12,5,False
ID0866,Merge Q960,jama,4,1.53531666457024,0.6021663480824487,4,5,True
ID0866,Merge Q960,jama,5,1.65665135880769,0.6416345414096365,3,5,True
ID0866,Merge Q960,jama,6,0.0,0.1027529254291918,8,5,False
ID0866,Merge Q960,jama,7,0.0,0.1027529254291918,9,5,False
ID0866,Merge Q960,jama,8,0.385688632527127,0.22821113512220237,5,5,True
ID0866,Merge Q960,jama,9,0.0,0.1027529254291918,10,5,False
ID0866,Merge Q960,jama,10,1.67625529455563,0.6480113813640792,2,5,True
ID0866,Merge Q960,jama,11,0.0,0.1027529254291918,11,5,False
ID0866,Merge Q960,jama,12,2.75835274612132,1.0,1,5,True
ID0867,Merge Q524,jama,1,-0.433838281560125,0.0,13,3,False
ID0867,Merge Q524,jama,2,0.0,0.3276449562001719,2,3,True
ID0867,Merge Q524,jama,3,0.0,0.3276449562001719,3,3,True
ID0867,Merge Q524,jama,4,0.0,0.3276449562001719,4,3,False
ID0867,Merge Q524,jama,5,0.0,0.3276449562001719,5,3,False
ID0867,Merge Q524,jama,6,-0.305224269804278,0.09713235101553111,12,3,False
ID0867,Merge Q524,jama,7,-0.246961248273963,0.14113396624584623,11,3,False
ID0867,Merge Q524,jama,8,0.0,0.3276449562001719,6,3,False
ID0867,Merge Q524,jama,9,0.0,0.3276449562001719,7,3,False
ID0867,Merge Q524,jama,10,0.0,0.3276449562001719,8,3,False
ID0867,Merge Q524,jama,11,-0.0728621814991107,0.2726177092267704,10,3,False
ID0867,Merge Q524,jama,12,0.890272690851961,1.0,1,3,True
ID0867,Merge Q524,jama,13,0.0,0.3276449562001719,9,3,False
ID0869,Merge Q495,jama,1,-0.179357060905237,0.2500959670121993,11,7,False
ID0869,Merge Q495,jama,2,0.0,0.26708226476903396,7,7,True
ID0869,Merge Q495,jama,3,1.37084832787514,0.3969106515591641,5,7,True
ID0869,Merge Q495,jama,4,-1.11070780380693,0.16189090301789186,13,7,False
ID0869,Merge Q495,jama,5,0.0,0.26708226476903396,8,7,False
ID0869,Merge Q495,jama,6,1.10964861765021,0.37217331459854247,6,7,True
ID0869,Merge Q495,jama,7,-1.68523698252522,0.1074791968355812,14,7,False
ID0869,Merge Q495,jama,8,2.38192083451497,0.4926658928909085,2,7,True
ID0869,Merge Q495,jama,9,1.65929183630432,0.42422815606930314,3,7,True
ID0869,Merge Q495,jama,10,1.39880554853476,0.39955838492511586,4,7,True
ID0869,Merge Q495,jama,11,-0.390451258095238,0.2301039529252611,12,7,False
ID0869,Merge Q495,jama,12,0.0,0.26708226476903396,9,7,False
ID0869,Merge Q495,jama,13,-2.82010186767236,0.0,15,7,False
ID0869,Merge Q495,jama,14,7.7388241250779,1.0,1,7,True
ID0869,Merge Q495,jama,15,0.0,0.26708226476903396,10,7,False
ID0870,Merge Q2495,medxpert,1,12.1691888776752,0.7962834221498755,3,6,True
ID0870,Merge Q2495,medxpert,2,2.06184537156631,0.13491558927371622,5,6,True
ID0870,Merge Q2495,medxpert,3,12.3190962076187,0.8060925164857967,2,6,True
ID0870,Merge Q2495,medxpert,4,4.77857484191819,0.31268311851930447,4,6,True
ID0870,Merge Q2495,medxpert,5,0.758194987530849,0.049612024712306434,6,6,True
ID0870,Merge Q2495,medxpert,6,15.2824842752845,1.0,1,6,True
ID0870,Merge Q2495,medxpert,7,0.0,0.0,7,6,False
ID0870,Merge Q2495,medxpert,8,0.0,0.0,8,6,False
ID0872,Merge Q3305,medxpert,1,40.1587525223141,0.9912167655544651,2,2,True
ID0872,Merge Q3305,medxpert,2,14.2363438140781,0.35138797354003726,4,2,False
ID0872,Merge Q3305,medxpert,3,1.07431951910257,0.02651684756156652,6,2,False
ID0872,Merge Q3305,medxpert,4,40.5146017681109,1.0,1,2,True
ID0872,Merge Q3305,medxpert,5,0.0,0.0,7,2,False
ID0872,Merge Q3305,medxpert,6,1.80554884578079,0.04456538549027378,5,2,False
ID0872,Merge Q3305,medxpert,7,25.8525242970473,0.6381038728954226,3,2,False
ID0878,Merge Q182,jama,1,-1.77523841293396,0.0,15,8,False
ID0878,Merge Q182,jama,2,2.50964388111456,0.8903751513776701,2,8,True
ID0878,Merge Q182,jama,3,0.0,0.3688848519463277,5,8,True
ID0878,Merge Q182,jama,4,-1.75039016666306,0.005163329939226511,14,8,False
ID0878,Merge Q182,jama,5,0.0,0.3688848519463277,6,8,True
ID0878,Merge Q182,jama,6,0.0,0.3688848519463277,7,8,True
ID0878,Merge Q182,jama,7,0.223150884574864,0.415254387676486,4,8,True
ID0878,Merge Q182,jama,8,-0.0472735117299808,0.35906167425456287,10,8,False
ID0878,Merge Q182,jama,9,0.0,0.3688848519463277,8,8,True
ID0878,Merge Q182,jama,10,1.14153569604492,0.6060897384331116,3,8,True
ID0878,Merge Q182,jama,11,-0.213399787726062,0.3245415409143156,11,8,False
ID0878,Merge Q182,jama,12,-0.619482734413286,0.24015972122449025,12,8,False
ID0878,Merge Q182,jama,13,0.0,0.3688848519463277,9,8,False
ID0878,Merge Q182,jama,14,-1.17317870422893,0.1251047210844497,13,8,False
ID0878,Merge Q182,jama,15,3.03720754023371,1.0,1,8,True
ID0880,Merge Q3009,medxpert,1,2.21375007750382,0.24940818469423787,2,5,True
ID0880,Merge Q3009,medxpert,2,-0.101281615694784,0.0,9,5,False
ID0880,Merge Q3009,medxpert,3,0.0,0.0109114980963539,6,5,False
ID0880,Merge Q3009,medxpert,4,0.0,0.0109114980963539,7,5,False
ID0880,Merge Q3009,medxpert,5,0.995036659988967,0.11811101843172221,4,5,True
ID0880,Merge Q3009,medxpert,6,0.978947543188618,0.11637766962863766,5,5,True
ID0880,Merge Q3009,medxpert,7,0.0,0.0109114980963539,8,5,False
ID0880,Merge Q3009,medxpert,8,2.18144568420647,0.24592789536877782,3,5,True
ID0880,Merge Q3009,medxpert,9,9.1808183123277,1.0,1,5,True
ID0884,Merge Q4038,mmlu,1,3.34667236427206,1.0,1,2,True
ID0884,Merge Q4038,mmlu,2,1.41033777101345,0.46939624228148935,3,2,False
ID0884,Merge Q4038,mmlu,3,0.854807272553444,0.3171670918875686,4,2,False
ID0884,Merge Q4038,mmlu,4,-0.175732918469074,0.03477349124632335,10,2,False
ID0884,Merge Q4038,mmlu,5,-0.0693509085835604,0.06392480341903442,8,2,False
ID0884,Merge Q4038,mmlu,6,-0.302631970820588,0.0,11,2,False
ID0884,Merge Q4038,mmlu,7,0.273356239540662,0.15783507141961262,6,2,False
ID0884,Merge Q4038,mmlu,8,-0.0602287899979782,0.06642449041358336,7,2,False
ID0884,Merge Q4038,mmlu,9,-0.132954117832082,0.04649594481798632,9,2,False
ID0884,Merge Q4038,mmlu,10,1.52523604160136,0.5008812213453122,2,2,True
ID0884,Merge Q4038,mmlu,11,0.583662112240621,0.24286658543064701,5,2,False
ID0885,Merge Q1191,medbullets,1,-0.0,0.31618465279543057,5,3,False
ID0885,Merge Q1191,medbullets,2,0.0,0.31618465279543057,6,3,False
ID0885,Merge Q1191,medbullets,3,-1.5260291397571564,0.18791594814981302,10,3,False
ID0885,Merge Q1191,medbullets,4,8.135438405886976,1.0,1,3,True
ID0885,Merge Q1191,medbullets,5,0.331415567589346,0.3440414246266961,3,3,True
ID0885,Merge Q1191,medbullets,6,-0.129454683466634,0.30530348144295166,8,3,False
ID0885,Merge Q1191,medbullets,7,0.3798253838425712,0.3481104586059042,2,3,True
ID0885,Merge Q1191,medbullets,8,-1.7247094727995642,0.17121609079193517,11,3,False
ID0885,Merge Q1191,medbullets,9,-0.8287378167847346,0.24652600508000677,9,3,False
ID0885,Merge Q1191,medbullets,10,-0.0,0.31618465279543057,7,3,False
ID0885,Merge Q1191,medbullets,11,0.2425259133856959,0.3365699022919958,4,3,False
ID0885,Merge Q1191,medbullets,12,-3.761689143450093,0.0,12,3,False
ID0887,Merge Q1181,medbullets,1,4.145536036869106,1.0,1,3,True
ID0887,Merge Q1181,medbullets,2,3.9825499587157136,0.9729133258147205,2,3,True
ID0887,Merge Q1181,medbullets,3,0.439506534487009,0.3840945509616942,7,3,False
ID0887,Merge Q1181,medbullets,4,1.384519229594782,0.5411463142984781,5,3,False
ID0887,Merge Q1181,medbullets,5,-1.8716692146330665,0.0,10,3,False
ID0887,Merge Q1181,medbullets,6,0.8795339101693531,0.4572227487363161,6,3,False
ID0887,Merge Q1181,medbullets,7,2.415786426567868,0.7125327227504143,3,3,True
ID0887,Merge Q1181,medbullets,8,-0.3472322952771164,0.25334633864706213,8,3,False
ID0887,Merge Q1181,medbullets,9,-0.4675280023057664,0.23335438191621624,9,3,False
ID0887,Merge Q1181,medbullets,10,1.570545342835689,0.5720620144392481,4,3,False
ID0894,Merge Q74,jama,1,1.38352491584494,0.5113303050092807,3,6,True
ID0894,Merge Q74,jama,2,-1.61298538874443,0.06546460959156483,9,6,False
ID0894,Merge Q74,jama,3,4.56390899419785,0.9845554951974959,2,6,True
ID0894,Merge Q74,jama,4,4.66770620996397,1.0,1,6,True
ID0894,Merge Q74,jama,5,0.0,0.3054687407135844,5,6,True
ID0894,Merge Q74,jama,6,-0.317134796170475,0.258280674575737,6,6,True
ID0894,Merge Q74,jama,7,0.243826356022917,0.3417488788538812,4,6,True
ID0894,Merge Q74,jama,8,-1.13867341840291,0.13603985045670483,8,6,False
ID0894,Merge Q74,jama,9,-1.02990435066917,0.15222414188088745,7,6,False
ID0894,Merge Q74,jama,10,-2.05295056041628,0.0,10,6,False
ID0895,Merge Q323,jama,1,-0.0685153385103168,0.2929049458867757,11,6,False
ID0895,Merge Q323,jama,2,-0.428064128323108,0.08517013589747129,14,6,False
ID0895,Merge Q323,jama,3,1.15532948076725,1.0,1,6,True
ID0895,Merge Q323,jama,4,0.0,0.332490730153229,6,6,True
ID0895,Merge Q323,jama,5,0.645224919489334,0.7052792913948627,2,6,True
ID0895,Merge Q323,jama,6,0.0873379836160058,0.3829515853844944,4,6,True
ID0895,Merge Q323,jama,7,-0.348734115866561,0.13100426336787796,13,6,False
ID0895,Merge Q323,jama,8,0.0,0.332490730153229,7,6,False
ID0895,Merge Q323,jama,9,0.0,0.332490730153229,8,6,False
ID0895,Merge Q323,jama,10,-0.313057947550202,0.15161671501930507,12,6,False
ID0895,Merge Q323,jama,11,0.518640826130682,0.63214339627693,3,6,True
ID0895,Merge Q323,jama,12,0.0,0.332490730153229,9,6,False
ID0895,Merge Q323,jama,13,0.0019699094244045,0.33362887543856806,5,6,True
ID0895,Merge Q323,jama,14,-0.575477165607054,0.0,15,6,False
ID0895,Merge Q323,jama,15,0.0,0.332490730153229,10,6,False
ID0899,Merge Q851,jama,1,1.34906315653461,0.3624025495220169,4,8,True
ID0899,Merge Q851,jama,2,2.13377891971196,0.4534024793036062,2,8,True
ID0899,Merge Q851,jama,3,1.57476353645325,0.38857599943604954,3,8,True
ID0899,Merge Q851,jama,4,-0.325545888857866,0.1682057298668357,9,8,False
ID0899,Merge Q851,jama,5,-1.77602709252536,0.0,10,8,False
ID0899,Merge Q851,jama,6,0.614943750736041,0.2772700499421994,6,8,True
ID0899,Merge Q851,jama,7,0.518899966925988,0.2661322877195006,7,8,True
ID0899,Merge Q851,jama,8,0.723697488407252,0.2898817278974043,5,8,True
ID0899,Merge Q851,jama,9,0.0,0.20595781083281417,8,8,True
ID0899,Merge Q851,jama,10,6.84722970625197,1.0,1,8,True
ID0901,Merge Q1301,medbullets,1,-3.3271116528591302,0.16777478441193566,11,10,False
ID0901,Merge Q1301,medbullets,2,0.0,0.6301045662175915,8,10,True
ID0901,Merge Q1301,medbullets,3,-0.494678970426321,0.561364817052723,9,10,True
ID0901,Merge Q1301,medbullets,4,0.5454782005847758,0.7059032900865011,6,10,True
ID0901,Merge Q1301,medbullets,5,-3.496215153249135,0.14427644934082415,12,10,False
ID0901,Merge Q1301,medbullets,6,-0.5868002378724052,0.5485638022621888,10,10,True
ID0901,Merge Q1301,medbullets,7,2.6619167886401978,1.0,1,10,True
ID0901,Merge Q1301,medbullets,8,1.4006209010013853,0.8247324666657009,3,10,True
ID0901,Merge Q1301,medbullets,9,1.2213428684238714,0.7998202958905235,4,10,True
ID0901,Merge Q1301,medbullets,10,-4.534486696043188,0.0,13,10,False
ID0901,Merge Q1301,medbullets,11,0.3169302819345177,0.6741446596627495,7,10,True
ID0901,Merge Q1301,medbullets,12,1.6886700817525373,0.8647592913655981,2,10,True
ID0901,Merge Q1301,medbullets,13,0.8555361736000762,0.7489884191617704,5,10,True
ID0902,Merge Q1888,medxpert,1,3.42134860359437,0.3714893117637237,3,3,True
ID0902,Merge Q1888,medxpert,2,9.74778102805901,1.0,1,3,True
ID0902,Merge Q1888,medxpert,3,1.40309914946556,0.1709827279042856,4,3,False
ID0902,Merge Q1888,medxpert,4,-0.317970506282982,0.0,7,3,False
ID0902,Merge Q1888,medxpert,5,1.15878239685205,0.14671064531015854,5,3,False
ID0902,Merge Q1888,medxpert,6,0.0,0.03158934583256312,6,3,False
ID0902,Merge Q1888,medxpert,7,5.85642968306546,0.6134067752698674,2,3,True
ID0904,Merge Q431,jama,1,0.377916549806499,0.7415700436252584,3,3,True
ID0904,Merge Q431,jama,2,0.174359817829667,0.6840928444520548,5,3,False
ID0904,Merge Q431,jama,3,0.0,0.6348598179641866,6,3,False
ID0904,Merge Q431,jama,4,0.338742225638982,0.7305086043361452,4,3,False
ID0904,Merge Q431,jama,5,0.0,0.6348598179641866,7,3,False
ID0904,Merge Q431,jama,6,-0.392848875949643,0.5239332331804579,10,3,False
ID0904,Merge Q431,jama,7,1.29315177562249,1.0,1,3,True
ID0904,Merge Q431,jama,8,-2.24836964339147,0.0,12,3,False
ID0904,Merge Q431,jama,9,0.0,0.6348598179641866,8,3,False
ID0904,Merge Q431,jama,10,-1.2046684685404,0.29470418257181125,11,3,False
ID0904,Merge Q431,jama,11,0.508330202836229,0.7783942323283272,2,3,True
ID0904,Merge Q431,jama,12,0.0,0.6348598179641866,9,3,False
ID0907,Merge Q2120,medxpert,1,1.47642138888259,0.6310637335610638,3,4,True
ID0907,Merge Q2120,medxpert,2,0.762996036876054,0.43072623256952397,4,4,True
ID0907,Merge Q2120,medxpert,3,-0.770870625972748,0.0,5,4,False
ID0907,Merge Q2120,medxpert,4,2.79024673086532,1.0,1,4,True
ID0907,Merge Q2120,medxpert,5,2.73635804515564,0.9848674782912721,2,4,True
ID0909,Merge Q3979,mmlu,1,0.0,0.6521829822927984,7,6,False
ID0909,Merge Q3979,mmlu,2,0.194543606339495,1.0,1,6,True
ID0909,Merge Q3979,mmlu,3,-0.364783845841885,0.0,16,6,False
ID0909,Merge Q3979,mmlu,4,0.0,0.6521829822927984,8,6,False
ID0909,Merge Q3979,mmlu,5,0.0726958200449297,0.7821530378683215,5,6,True
ID0909,Merge Q3979,mmlu,6,0.0,0.6521829822927984,9,6,False
ID0909,Merge Q3979,mmlu,7,0.0794239045179097,0.7941819208540223,4,6,True
ID0909,Merge Q3979,mmlu,8,0.0,0.6521829822927984,10,6,False
ID0909,Merge Q3979,mmlu,9,0.0307269240022698,0.7071184657603711,6,6,True
ID0909,Merge Q3979,mmlu,10,0.116346964683989,0.8601952374221242,3,6,True
ID0909,Merge Q3979,mmlu,11,0.0,0.6521829822927984,11,6,False
ID0909,Merge Q3979,mmlu,12,0.142101589922111,0.906240939519668,2,6,True
ID0909,Merge Q3979,mmlu,13,0.0,0.6521829822927984,12,6,False
ID0909,Merge Q3979,mmlu,14,0.0,0.6521829822927984,13,6,False
ID0909,Merge Q3979,mmlu,15,-0.102399665862322,0.46910656531565414,15,6,False
ID0909,Merge Q3979,mmlu,16,0.0,0.6521829822927984,14,6,False
ID0910,Merge Q3949,mmlu,1,-0.349095146266796,0.15501109521216286,3,3,True
ID0910,Merge Q3949,mmlu,2,3.02639412384479,0.7677516951028766,2,3,True
ID0910,Merge Q3949,mmlu,3,4.3058126270771,1.0,1,3,True
ID0910,Merge Q3949,mmlu,4,-1.20302630201235,0.0,4,3,False
ID0911,Merge Q4015,mmlu,1,1.31104090335627,0.6109766213912076,3,4,True
ID0911,Merge Q4015,mmlu,2,1.34188082964929,0.617967089819316,2,4,True
ID0911,Merge Q4015,mmlu,3,3.02729961276054,1.0,1,4,True
ID0911,Merge Q4015,mmlu,4,-0.336728554987474,0.23747766209050408,8,4,False
ID0911,Merge Q4015,mmlu,5,0.0,0.31380373077554136,7,4,False
ID0911,Merge Q4015,mmlu,6,1.23962375142432,0.5947885364696585,4,4,True
ID0911,Merge Q4015,mmlu,7,0.0486723088019728,0.32483625513278486,5,4,False
ID0911,Merge Q4015,mmlu,8,0.030106901742865,0.32062804494873365,6,4,False
ID0911,Merge Q4015,mmlu,9,-1.38441136343291,0.0,11,4,False
ID0911,Merge Q4015,mmlu,10,-0.341368444727052,0.23642594094090572,9,4,False
ID0911,Merge Q4015,mmlu,11,-0.559296356051529,0.1870283461074129,10,4,False
ID0912,Merge Q3001,medxpert,1,-1.55499752767451,0.05617212362415128,3,2,False
ID0912,Merge Q3001,medxpert,2,-2.87296766157745,0.0,4,2,False
ID0912,Merge Q3001,medxpert,3,-0.294201482087374,0.10990747734406889,2,2,True
ID0912,Merge Q3001,medxpert,4,20.5900963792536,1.0,1,2,True
ID0918,Merge Q3840,mmlu,1,3.77069825560993,0.6732823392569898,4,6,True
ID0918,Merge Q3840,mmlu,2,0.165910769769146,0.12290066336091789,5,6,True
ID0918,Merge Q3840,mmlu,3,-0.639041125774384,0.0,7,6,False
ID0918,Merge Q3840,mmlu,4,-0.490468215249731,0.022684224190332013,6,6,True
ID0918,Merge Q3840,mmlu,5,3.93811325791531,0.6988433882511133,3,6,True
ID0918,Merge Q3840,mmlu,6,4.07431947485173,0.7196394563243039,2,6,True
ID0918,Merge Q3840,mmlu,7,5.91057279436905,1.0,1,6,True
ID0919,Merge Q1474,medxpert,1,38.0536453489765,0.5329688023637339,2,3,True
ID0919,Merge Q1474,medxpert,2,-0.18465415644052,0.07995676910006472,8,3,False
ID0919,Merge Q1474,medxpert,3,16.5541605949402,0.27826277650692266,4,3,False
ID0919,Merge Q1474,medxpert,4,-6.93372627778575,0.0,9,3,False
ID0919,Merge Q1474,medxpert,5,0.0,0.08214438089090435,7,3,False
ID0919,Merge Q1474,medxpert,6,2.12093265247098,0.10727123082247814,6,3,False
ID0919,Merge Q1474,medxpert,7,10.270325763384,0.20381770885078718,5,3,False
ID0919,Merge Q1474,medxpert,8,31.9086103202027,0.4601681064942189,3,3,True
ID0919,Merge Q1474,medxpert,9,77.4752887100368,1.0,1,3,True
ID0922,Merge Q3014,medxpert,1,0.0,0.0,6,6,True
ID0922,Merge Q3014,medxpert,2,0.0,0.0,7,6,False
ID0922,Merge Q3014,medxpert,3,47.9628801345825,1.0,1,6,True
ID0922,Merge Q3014,medxpert,4,34.1784498217713,0.7126021149244485,2,6,True
ID0922,Merge Q3014,medxpert,5,0.0,0.0,8,6,False
ID0922,Merge Q3014,medxpert,6,0.0,0.0,9,6,False
ID0922,Merge Q3014,medxpert,7,0.0,0.0,10,6,False
ID0922,Merge Q3014,medxpert,8,0.0,0.0,11,6,False
ID0922,Merge Q3014,medxpert,9,1.56746069069347,0.03268070404227643,5,6,True
ID0922,Merge Q3014,medxpert,10,33.0218447932819,0.6884875282848638,3,6,True
ID0922,Merge Q3014,medxpert,11,0.0,0.0,12,6,False
ID0922,Merge Q3014,medxpert,12,0.0,0.0,13,6,False
ID0922,Merge Q3014,medxpert,13,0.0,0.0,14,6,False
ID0922,Merge Q3014,medxpert,14,4.70830098195059,0.0981655181827953,4,6,True
ID0923,Merge Q1207,medbullets,1,-0.0870403287433848,0.22338781299101793,7,5,False
ID0923,Merge Q1207,medbullets,2,2.972255448396692,0.5575909765347825,3,5,True
ID0923,Merge Q1207,medbullets,3,0.0,0.2328962604707585,5,5,True
ID0923,Merge Q1207,medbullets,4,-2.1319323809351185,0.0,10,5,False
ID0923,Merge Q1207,medbullets,5,-1.6879649208844147,0.048499831486755074,9,5,False
ID0923,Merge Q1207,medbullets,6,3.365435237816903,0.6005426683743157,2,5,True
ID0923,Merge Q1207,medbullets,7,1.1692859156932032,0.360631229750894,4,5,True
ID0923,Merge Q1207,medbullets,8,-0.0950039309032237,0.2225178542721163,8,5,False
ID0923,Merge Q1207,medbullets,9,7.02206767310523,1.0,1,5,True
ID0923,Merge Q1207,medbullets,10,0.0,0.2328962604707585,6,5,False
ID0924,Merge Q1105,medbullets,1,0.387569840857667,1.0,1,4,True
ID0924,Merge Q1105,medbullets,2,0.0239571882650902,0.42420067783467463,2,4,True
ID0924,Merge Q1105,medbullets,3,-0.1484916843473911,0.15111902555867124,9,4,False
ID0924,Merge Q1105,medbullets,4,0.0,0.3862632390088519,3,4,True
ID0924,Merge Q1105,medbullets,5,-0.2439221366340591,0.0,10,4,False
ID0924,Merge Q1105,medbullets,6,-0.0022872017607326,0.38264133747683665,8,4,False
ID0924,Merge Q1105,medbullets,7,0.0,0.3862632390088519,4,4,True
ID0924,Merge Q1105,medbullets,8,-0.0,0.3862632390088519,5,4,False
ID0924,Merge Q1105,medbullets,9,-0.0,0.3862632390088519,6,4,False
ID0924,Merge Q1105,medbullets,10,-0.0,0.3862632390088519,7,4,False
ID0926,Merge Q3370,medxpert,1,2.41543066747484,1.0,1,6,True
ID0926,Merge Q3370,medxpert,2,0.534633462044684,0.4548376372732327,2,6,True
ID0926,Merge Q3370,medxpert,3,-1.03454558551312,0.0,6,6,True
ID0926,Merge Q3370,medxpert,4,0.0,0.2998703497211378,3,6,True
ID0926,Merge Q3370,medxpert,5,0.0,0.2998703497211378,4,6,True
ID0926,Merge Q3370,medxpert,6,0.0,0.2998703497211378,5,6,True
ID0934,Merge Q2050,medxpert,1,2.27476244602833,0.28303124563676857,3,5,True
ID0934,Merge Q2050,medxpert,2,6.68926980905771,1.0,1,5,True
ID0934,Merge Q2050,medxpert,3,1.33185021579266,0.12989103052519946,4,5,True
ID0934,Merge Q2050,medxpert,4,0.532087454646631,0.0,5,5,True
ID0934,Merge Q2050,medxpert,5,5.37671334146263,0.7868251430535026,2,5,True
ID0935,Merge Q266,jama,1,0.499390762799881,0.13623613191384987,5,6,True
ID0935,Merge Q266,jama,2,0.692131262945456,0.15245402441029623,4,6,True
ID0935,Merge Q266,jama,3,0.0,0.09421556177581626,7,6,False
ID0935,Merge Q266,jama,4,-0.56179065966678,0.04694443548371871,10,6,False
ID0935,Merge Q266,jama,5,0.0,0.09421556177581626,8,6,False
ID0935,Merge Q266,jama,6,-1.11969878343602,0.0,15,6,False
ID0935,Merge Q266,jama,7,-0.8562945555261,0.022163797687180648,11,6,False
ID0935,Merge Q266,jama,8,0.461164920957332,0.1330196694001572,6,6,True
ID0935,Merge Q266,jama,9,-1.08095499116598,0.003260044762079464,14,6,False
ID0935,Merge Q266,jama,10,-0.468257631567215,0.054814647470509945,9,6,False
ID0935,Merge Q266,jama,11,-0.888664768916958,0.019440049225059538,13,6,False
ID0935,Merge Q266,jama,12,1.80515187479412,0.24610766033869194,2,6,True
ID0935,Merge Q266,jama,13,-0.88862721928093,0.019443208789136225,12,6,False
ID0935,Merge Q266,jama,14,1.45091080458727,0.21630051762555366,3,6,True
ID0935,Merge Q266,jama,15,10.7647368907928,1.0,1,6,True
ID0937,Merge Q317,jama,1,-0.695412916786652,0.35278026207102126,19,4,False
ID0937,Merge Q317,jama,2,1.13971735839618,0.5397343738760487,5,4,False
ID0937,Merge Q317,jama,3,-1.39846770465374,0.2811564731806831,24,4,False
ID0937,Merge Q317,jama,4,0.0,0.423625534449648,9,4,False
ID0937,Merge Q317,jama,5,0.989178104786379,0.5243981697759837,7,4,False
ID0937,Merge Q317,jama,6,0.0,0.423625534449648,10,4,False
ID0937,Merge Q317,jama,7,0.0,0.423625534449648,11,4,False
ID0937,Merge Q317,jama,8,3.40082028779619,0.7700844997403332,2,4,True
ID0937,Merge Q317,jama,9,-0.0246057824949168,0.42111881747493807,16,4,False
ID0937,Merge Q317,jama,10,-0.632041032033297,0.3592362802555034,18,4,False
ID0937,Merge Q317,jama,11,-4.15828267216614,0.0,25,4,False
ID0937,Merge Q317,jama,12,-0.727987509918624,0.3494617215789621,20,4,False
ID0937,Merge Q317,jama,13,0.0,0.423625534449648,12,4,False
ID0937,Merge Q317,jama,14,2.4211704476484,0.670282557490473,3,4,True
ID0937,Merge Q317,jama,15,0.404119940051989,0.4647953006928611,8,4,False
ID0937,Merge Q317,jama,16,1.03418941662672,0.5289837024436588,6,4,False
ID0937,Merge Q317,jama,17,0.0,0.423625534449648,13,4,False
ID0937,Merge Q317,jama,18,1.20862980186939,0.546754837129299,4,4,True
ID0937,Merge Q317,jama,19,-1.18219649791718,0.303189127707298,22,4,False
ID0937,Merge Q317,jama,20,-0.802427886183695,0.3418780995248374,21,4,False
ID0937,Merge Q317,jama,21,-0.334407702057985,0.3895577106202024,17,4,False
ID0937,Merge Q317,jama,22,0.0,0.423625534449648,14,4,False
ID0937,Merge Q317,jama,23,0.0,0.423625534449648,15,4,False
ID0937,Merge Q317,jama,24,-1.20331035420768,0.30103815112380927,23,4,False
ID0937,Merge Q317,jama,25,5.65765695849933,1.0,1,4,True
ID0941,Merge Q1703,medxpert,1,0.312156364146044,0.8740487718693083,2,6,True
ID0941,Merge Q1703,medxpert,2,0.0,0.3911263624064527,4,6,True
ID0941,Merge Q1703,medxpert,3,0.393570017069578,1.0,1,6,True
ID0941,Merge Q1703,medxpert,4,0.0,0.3911263624064527,5,6,True
ID0941,Merge Q1703,medxpert,5,-0.252820289177028,0.0,8,6,False
ID0941,Merge Q1703,medxpert,6,0.0163195068414699,0.4163735028473921,3,6,True
ID0941,Merge Q1703,medxpert,7,0.0,0.3911263624064527,6,6,True
ID0941,Merge Q1703,medxpert,8,0.0,0.3911263624064527,7,6,False
ID0942,Merge Q2921,medxpert,1,16.2158394219917,1.0,1,2,True
ID0942,Merge Q2921,medxpert,2,-5.33516733783157,0.0,5,2,False
ID0942,Merge Q2921,medxpert,3,2.15771497786045,0.3476813124879492,3,2,False
ID0942,Merge Q2921,medxpert,4,-2.84473887752102,0.11555972711926212,4,2,False
ID0942,Merge Q2921,medxpert,5,8.48025186683968,0.6410567895336944,2,2,True
ID0944,Merge Q3934,mmlu,1,1.50295844632255,1.0,1,7,True
ID0944,Merge Q3934,mmlu,2,0.650684535117101,0.6539558822763376,4,7,True
ID0944,Merge Q3934,mmlu,3,-0.320439152419567,0.2596558394897794,6,7,True
ID0944,Merge Q3934,mmlu,4,-0.372259607880359,0.23861546320440769,7,7,True
ID0944,Merge Q3934,mmlu,5,0.52670917056851,0.6036188426454895,5,7,True
ID0944,Merge Q3934,mmlu,6,1.22760184880409,0.8881984657809201,2,7,True
ID0944,Merge Q3934,mmlu,7,-0.95994691040437,0.0,8,7,False
ID0944,Merge Q3934,mmlu,8,0.748171769773178,0.6935380913083699,3,7,True
ID0948,Merge Q3351,medxpert,1,-0.0344573482749125,0.19856779650943002,5,4,False
ID0948,Merge Q3351,medxpert,2,-0.736167227099655,0.0,6,4,False
ID0948,Merge Q3351,medxpert,3,0.0,0.20831843552275972,3,4,True
ID0948,Merge Q3351,medxpert,4,0.0,0.20831843552275972,4,4,True
ID0948,Merge Q3351,medxpert,5,0.682724940977747,0.4015139301893538,2,4,True
ID0948,Merge Q3351,medxpert,6,2.79768816717833,1.0,1,4,True
ID0949,Merge Q1087,medbullets,1,3.5667741090378025,0.9256754556056409,2,3,True
ID0949,Merge Q1087,medbullets,2,4.114243981860565,1.0,1,3,True
ID0949,Merge Q1087,medbullets,3,2.4721713960170746,0.7770721223872795,3,3,True
ID0949,Merge Q1087,medbullets,4,-0.0,0.4414499780556583,4,3,False
ID0949,Merge Q1087,medbullets,5,-0.6082924506278509,0.35886815667006444,7,3,False
ID0949,Merge Q1087,medbullets,6,-3.2516924969147247,0.0,8,3,False
ID0949,Merge Q1087,medbullets,7,-0.1208219263630637,0.42504718572759403,5,3,False
ID0949,Merge Q1087,medbullets,8,-0.2470133296677971,0.4079154328719525,6,3,False
ID0951,Merge Q3785,mmlu,1,-1.20895860839,0.023379026692802292,4,1,False
ID0951,Merge Q3785,mmlu,2,-1.57132890442094,0.0,5,1,False
ID0951,Merge Q3785,mmlu,3,1.04264290630817,0.1686454916604166,3,1,False
ID0951,Merge Q3785,mmlu,4,1.9310326006484,0.22596168618596715,2,1,False
ID0951,Merge Q3785,mmlu,5,13.9284735806202,1.0,1,1,True
ID0953,Merge Q3912,mmlu,1,-1.69124062522266,0.17379951848982836,6,4,False
ID0953,Merge Q3912,mmlu,2,-1.01760642555441,0.20729368765839498,5,4,False
ID0953,Merge Q3912,mmlu,3,-5.18669378757477,0.0,8,4,False
ID0953,Merge Q3912,mmlu,4,4.08854142730309,0.46117952075230406,2,4,True
ID0953,Merge Q3912,mmlu,5,1.06003501358661,0.31059734098906694,3,4,True
ID0953,Merge Q3912,mmlu,6,-3.11379630194656,0.10306777637910962,7,4,False
ID0953,Merge Q3912,mmlu,7,14.9252903693703,1.0,1,4,True
ID0953,Merge Q3912,mmlu,8,0.379230213126064,0.27674663808736194,4,4,True
ID0957,Merge Q1440,medxpert,1,4.99643361386146,0.16189255863520394,6,6,True
ID0957,Merge Q1440,medxpert,2,0.0,0.0,8,6,False
ID0957,Merge Q1440,medxpert,3,0.0,0.0,9,6,False
ID0957,Merge Q1440,medxpert,4,2.7908625325806,0.09042847581225293,7,6,False
ID0957,Merge Q1440,medxpert,5,13.726317520356,0.4447549663913692,5,6,True
ID0957,Merge Q1440,medxpert,6,20.3295208572751,0.6587094719484184,3,6,True
ID0957,Merge Q1440,medxpert,7,30.8626514768973,1.0,1,6,True
ID0957,Merge Q1440,medxpert,8,29.1178960159711,0.9434670912111274,2,6,True
ID0957,Merge Q1440,medxpert,9,15.4651982482004,0.5010975242933066,4,6,True
ID0962,Merge Q723,jama,1,4.64935883735755,0.08935044761865998,4,4,True
ID0962,Merge Q723,jama,2,1.01862133852979,0.019575661018086322,7,4,False
ID0962,Merge Q723,jama,3,0.0,0.0,8,4,False
ID0962,Merge Q723,jama,4,4.53586041807152,0.08716925771227264,5,4,False
ID0962,Merge Q723,jama,5,52.0350928425184,1.0,1,4,True
ID0962,Merge Q723,jama,6,12.1333506384086,0.23317630421318894,3,4,True
ID0962,Merge Q723,jama,7,1.70905411882787,0.03284426000738072,6,4,False
ID0962,Merge Q723,jama,8,15.590548310604,0.29961603715761614,2,4,True
ID0963,Merge Q3932,mmlu,1,4.37117844465058,0.47586968358279613,2,2,True
ID0963,Merge Q3932,mmlu,2,0.956169406559589,0.18936914689322723,4,2,False
ID0963,Merge Q3932,mmlu,3,0.983691170811653,0.19167807203541892,3,2,False
ID0963,Merge Q3932,mmlu,4,0.720242976320621,0.16957621278125679,6,2,False
ID0963,Merge Q3932,mmlu,5,0.922806626854728,0.1865701925758935,5,2,False
ID0963,Merge Q3932,mmlu,6,10.6186702936507,1.0,1,2,True
ID0963,Merge Q3932,mmlu,7,-1.30105969202554,0.0,8,2,False
ID0963,Merge Q3932,mmlu,8,0.0,0.10915177555104048,7,2,False
ID0965,Merge Q2002,medxpert,1,1.66054303892157,0.6309402814832723,3,3,True
ID0965,Merge Q2002,medxpert,2,3.02896091985373,1.0,1,3,True
ID0965,Merge Q2002,medxpert,3,0.249888069927692,0.2504893000721972,5,3,False
ID0965,Merge Q2002,medxpert,4,2.4598615983219,0.8465149876077874,2,3,True
ID0965,Merge Q2002,medxpert,5,0.225878918999778,0.24401407740319378,6,3,False
ID0965,Merge Q2002,medxpert,6,-0.678888548064119,0.0,7,3,False
ID0965,Merge Q2002,medxpert,7,0.451421891104196,0.30484259108907225,4,3,False
ID0972,Merge Q2997,medxpert,1,2.61138637080634,0.8749615777045356,2,3,True
ID0972,Merge Q2997,medxpert,2,0.0,0.0,7,3,False
ID0972,Merge Q2997,medxpert,3,1.44459056854248,0.4840192386386456,4,3,False
ID0972,Merge Q2997,medxpert,4,2.9845726227857,1.0,1,3,True
ID0972,Merge Q2997,medxpert,5,0.963270549370242,0.32274991133275144,5,3,False
ID0972,Merge Q2997,medxpert,6,0.870040261611215,0.2915125116972857,6,3,False
ID0972,Merge Q2997,medxpert,7,2.43715636302829,0.8165847077808849,3,3,True
ID0973,Merge Q3,jama,1,-1.06736712200884,0.6308480500697474,14,9,False
ID0973,Merge Q3,jama,2,0.0,0.6681609489706825,9,9,True
ID0973,Merge Q3,jama,3,-1.66691364347935,0.6098891707106628,16,9,False
ID0973,Merge Q3,jama,4,0.123109674721326,0.6724646030292397,8,9,True
ID0973,Merge Q3,jama,5,-0.0855223057463601,0.6651712698974851,10,9,False
ID0973,Merge Q3,jama,6,5.27593078029905,0.8525963393386462,2,9,True
ID0973,Merge Q3,jama,7,1.6228544789055,0.7248925119481574,5,9,True
ID0973,Merge Q3,jama,8,0.68342406262274,0.6920520099086618,6,9,True
ID0973,Merge Q3,jama,9,-0.278560476871266,0.6584230633857002,11,9,False
ID0973,Merge Q3,jama,10,-0.4459248430319,0.6525723588385922,13,9,False
ID0973,Merge Q3,jama,11,-1.47611287530268,0.6165591623437178,15,9,False
ID0973,Merge Q3,jama,12,4.85133605315447,0.8377534049806918,3,9,True
ID0973,Merge Q3,jama,13,-0.370002788807816,0.6552264334069402,12,9,False
ID0973,Merge Q3,jama,14,-19.113310682051,0.0,17,9,False
ID0973,Merge Q3,jama,15,0.284791991114616,0.6781166751244507,7,9,True
ID0973,Merge Q3,jama,16,3.34548899531364,0.7851121741699304,4,9,True
ID0973,Merge Q3,jama,17,9.49253752188175,1.0,1,9,True
ID0974,Merge Q1143,medbullets,1,3.574903026753334,1.0,1,3,True
ID0974,Merge Q1143,medbullets,2,0.0381090666218306,0.177408216201544,4,3,False
ID0974,Merge Q1143,medbullets,3,0.75424924492836,0.3439689583209433,3,3,True
ID0974,Merge Q1143,medbullets,4,-0.7246706254411508,0.0,6,3,False
ID0974,Merge Q1143,medbullets,5,-0.2066829449533808,0.12047419637139864,5,3,False
ID0974,Merge Q1143,medbullets,6,3.3822920609470355,0.95520231041792,2,3,True
ID0976,Merge Q704,jama,1,-3.7985679489067294,0.0,6,3,False
ID0976,Merge Q704,jama,2,-0.517812832047563,0.2210274689181171,4,3,False
ID0976,Merge Q704,jama,3,11.0446329116821,1.0,1,3,True
ID0976,Merge Q704,jama,4,0.0,0.2559129923918607,2,3,True
ID0976,Merge Q704,jama,5,-3.61947231086447,0.01206583672378833,5,3,False
ID0976,Merge Q704,jama,6,0.0,0.2559129923918607,3,3,True
ID0979,Merge Q2855,medxpert,1,1.21283696516023,0.18645732373483184,3,4,True
ID0979,Merge Q2855,medxpert,2,-1.3081409397592,0.0,8,4,False
ID0979,Merge Q2855,medxpert,3,0.654344201087952,0.14514991445092779,4,4,True
ID0979,Merge Q2855,medxpert,4,-0.211744300191786,0.08109201701715693,7,4,False
ID0979,Merge Q2855,medxpert,5,0.276735741661544,0.11722112434654523,5,4,False
ID0979,Merge Q2855,medxpert,6,4.15670076579777,0.4041922608937789,2,4,True
ID0979,Merge Q2855,medxpert,7,-0.209248652770737,0.08127660084004822,6,4,False
ID0979,Merge Q2855,medxpert,8,12.2122606965134,1.0,1,4,True
ID0981,Merge Q94,jama,1,5.72007133186357,1.0,1,7,True
ID0981,Merge Q94,jama,2,1.50500916808883,0.5409176436504775,4,7,True
ID0981,Merge Q94,jama,3,4.39990827441216,0.8562147974022684,2,7,True
ID0981,Merge Q94,jama,4,1.4267768122867,0.5323969877623913,5,7,True
ID0981,Merge Q94,jama,5,3.01009166424356,0.7048432969358273,3,7,True
ID0981,Merge Q94,jama,6,0.417883831138882,0.4225136813973308,6,7,True
ID0981,Merge Q94,jama,7,0.112319596133361,0.38923323532750376,7,7,True
ID0981,Merge Q94,jama,8,-0.669022889937857,0.3041335296329288,9,7,False
ID0981,Merge Q94,jama,9,-0.690896216248904,0.3017512022095332,10,7,False
ID0981,Merge Q94,jama,10,0.0,0.37699997687160647,8,7,False
ID0981,Merge Q94,jama,11,-3.46142324198932,0.0,11,7,False
ID0982,Merge Q520,jama,1,0.0,0.13586133550844978,7,6,False
ID0982,Merge Q520,jama,2,0.220106352248435,0.20543688722167275,6,6,True
ID0982,Merge Q520,jama,3,0.0,0.13586133550844978,8,6,False
ID0982,Merge Q520,jama,4,-0.327512351167228,0.03233477985668425,14,6,False
ID0982,Merge Q520,jama,5,0.397434667302087,0.2614903142500232,5,6,True
ID0982,Merge Q520,jama,6,2.39877415534846,0.8941131241956441,2,6,True
ID0982,Merge Q520,jama,7,1.32406951153523,0.5543993096771451,4,6,True
ID0982,Merge Q520,jama,8,-0.429805330091006,0.0,15,6,False
ID0982,Merge Q520,jama,9,1.49471776066566,0.6083411698772732,3,6,True
ID0982,Merge Q520,jama,10,-0.158362695566296,0.08580293509308169,13,6,False
ID0982,Merge Q520,jama,11,2.73375351821926,1.0,1,6,True
ID0982,Merge Q520,jama,12,0.0,0.13586133550844978,9,6,False
ID0982,Merge Q520,jama,13,0.0,0.13586133550844978,10,6,False
ID0982,Merge Q520,jama,14,0.0,0.13586133550844978,11,6,False
ID0982,Merge Q520,jama,15,0.0,0.13586133550844978,12,6,False
ID0987,Merge Q1219,medbullets,1,1.405830331153106,0.41018719191332953,5,5,True
ID0987,Merge Q1219,medbullets,2,5.606583373900248,0.7826704901099143,2,5,True
ID0987,Merge Q1219,medbullets,3,1.6995274275541306,0.43622949005011125,4,5,True
ID0987,Merge Q1219,medbullets,4,0.0,0.28553137112976384,9,5,False
ID0987,Merge Q1219,medbullets,5,8.057559308578796,1.0,1,5,True
ID0987,Merge Q1219,medbullets,6,3.8668504265606014,0.6284073235747651,3,5,True
ID0987,Merge Q1219,medbullets,7,-3.220135726569113,0.0,11,5,False
ID0987,Merge Q1219,medbullets,8,0.9723035974957124,0.37174611576201755,7,5,False
ID0987,Merge Q1219,medbullets,9,-0.8128810178927816,0.21345272249106884,10,5,False
ID0987,Merge Q1219,medbullets,10,1.3744483066551596,0.4074045289312094,6,5,False
ID0987,Merge Q1219,medbullets,11,0.8738666939759319,0.36301765633719774,8,5,False
ID0992,Merge Q2009,medxpert,1,-5.59375472257511,0.0,4,4,True
ID0992,Merge Q2009,medxpert,2,89.438562778397,1.0,1,4,True
ID0992,Merge Q2009,medxpert,3,2.81937116384506,0.08852910365291376,3,4,True
ID0992,Merge Q2009,medxpert,4,18.5020355333385,0.2535536424823811,2,4,True
ID0994,Merge Q1747,medxpert,1,-0.720912257179008,0.19084131969278934,7,5,False
ID0994,Merge Q1747,medxpert,2,1.39772926912303,1.0,1,5,True
ID0994,Merge Q1747,medxpert,3,1.12535659968853,0.8959745162098967,3,5,True
ID0994,Merge Q1747,medxpert,4,-0.0447734502465644,0.4490745214543372,6,5,False
ID0994,Merge Q1747,medxpert,5,0.527271563626105,0.6675518725093078,4,5,True
ID0994,Merge Q1747,medxpert,6,-1.22059712082271,0.0,8,5,False
ID0994,Merge Q1747,medxpert,7,1.15622490860098,0.9077638443207781,2,5,True
ID0994,Merge Q1747,medxpert,8,0.0419083643177741,0.48218033091231494,5,5,True
ID0998,Merge Q404,jama,1,0.0,0.4091364960751949,10,10,True
ID0998,Merge Q404,jama,2,1.66518694078844,0.7353622994678397,4,10,True
ID0998,Merge Q404,jama,3,0.0,0.4091364960751949,11,10,False
ID0998,Merge Q404,jama,4,2.13098537550898,0.8266165994287773,3,10,True
ID0998,Merge Q404,jama,5,0.428135462631123,0.4930122651174315,7,10,True
ID0998,Merge Q404,jama,6,-0.250664691238024,0.36002892245791973,13,10,False
ID0998,Merge Q404,jama,7,0.171938013158675,0.4428207720579659,8,10,True
ID0998,Merge Q404,jama,8,0.465113009835224,0.500256514846195,6,10,True
ID0998,Merge Q404,jama,9,3.01600357878456,1.0,1,10,True
ID0998,Merge Q404,jama,10,0.112582244184727,0.4311924179403518,9,10,True
ID0998,Merge Q404,jama,11,0.0,0.4091364960751949,12,10,False
ID0998,Merge Q404,jama,12,0.500484162880164,0.5071860568311606,5,10,True
ID0998,Merge Q404,jama,13,-1.46160725991279,0.12279386935257118,15,10,False
ID0998,Merge Q404,jama,14,-2.08839626779724,0.0,16,10,False
ID0998,Merge Q404,jama,15,-0.373303882777691,0.3360027498958715,14,10,False
ID0998,Merge Q404,jama,16,2.16765229403973,0.8337999940751243,2,10,True
ID0999,Merge Q3889,mmlu,1,5.23919749196581,0.9130335619429473,2,4,True
ID0999,Merge Q3889,mmlu,2,3.33524356471812,0.7208512734115499,3,4,True
ID0999,Merge Q3889,mmlu,3,2.94363561272621,0.6813229469411226,4,4,True
ID0999,Merge Q3889,mmlu,4,1.27810520579209,0.5132067753035366,5,4,False
ID0999,Merge Q3889,mmlu,5,-0.959468489882366,0.2873494016358855,7,4,False
ID0999,Merge Q3889,mmlu,6,-0.785432587632612,0.3049163277585853,6,4,False
ID0999,Merge Q3889,mmlu,7,-1.02621669388576,0.2806119368174608,8,4,False
ID0999,Merge Q3889,mmlu,8,-3.80624498483256,0.0,10,4,False
ID0999,Merge Q3889,mmlu,9,-2.49019875359163,0.1328397567364556,9,4,False
ID0999,Merge Q3889,mmlu,10,6.10077580151132,1.0,1,4,True
ID1001,Merge Q622,jama,1,0.257441411177799,0.3812474235283657,6,5,False
ID1001,Merge Q622,jama,2,-0.143046841494043,0.0,14,5,False
ID1001,Merge Q622,jama,3,0.0,0.13617438064571927,8,5,False
ID1001,Merge Q622,jama,4,0.397660788148642,0.5147301807434442,3,5,True
ID1001,Merge Q622,jama,5,0.0,0.13617438064571927,9,5,False
ID1001,Merge Q622,jama,6,-0.002312600761345,0.13397288515607514,13,5,False
ID1001,Merge Q622,jama,7,0.350260487253702,0.46960715286409066,4,5,True
ID1001,Merge Q622,jama,8,0.0,0.13617438064571927,10,5,False
ID1001,Merge Q622,jama,9,0.285847584614207,0.40828886697316086,5,5,True
ID1001,Merge Q622,jama,10,0.150891399294694,0.27981643963222647,7,5,False
ID1001,Merge Q622,jama,11,0.0,0.13617438064571927,11,5,False
ID1001,Merge Q622,jama,12,0.572866576012403,0.6815184816853178,2,5,True
ID1001,Merge Q622,jama,13,0.0,0.13617438064571927,12,5,False
ID1001,Merge Q622,jama,14,0.907421248140259,1.0,1,5,True
ID1002,Merge Q560,jama,1,0.0,0.45185471250329556,6,10,True
ID1002,Merge Q560,jama,2,0.0,0.45185471250329556,7,10,True
ID1002,Merge Q560,jama,3,0.188290636986494,0.5672982874069076,3,10,True
ID1002,Merge Q560,jama,4,0.0,0.45185471250329556,8,10,True
ID1002,Merge Q560,jama,5,0.127940754593135,0.5302969458638246,4,10,True
ID1002,Merge Q560,jama,6,0.0,0.45185471250329556,9,10,True
ID1002,Merge Q560,jama,7,-0.105850551158075,0.38695628618333805,20,10,False
ID1002,Merge Q560,jama,8,-0.0927513036646833,0.39498761468371796,18,10,False
ID1002,Merge Q560,jama,9,0.0,0.45185471250329556,10,10,True
ID1002,Merge Q560,jama,10,-0.0803959002214197,0.40256288218344527,17,10,False
ID1002,Merge Q560,jama,11,0.0,0.45185471250329556,11,10,False
ID1002,Merge Q560,jama,12,-0.0194287493342775,0.43994267951561145,16,10,False
ID1002,Merge Q560,jama,13,-0.374621375148418,0.22216920357624967,23,10,False
ID1002,Merge Q560,jama,14,0.0,0.45185471250329556,12,10,False
ID1002,Merge Q560,jama,15,-0.0993965305387974,0.3909133348434075,19,10,False
ID1002,Merge Q560,jama,16,0.894035249948502,1.0,1,10,True
ID1002,Merge Q560,jama,17,-0.303626421010441,0.265697184770524,21,10,False
ID1002,Merge Q560,jama,18,0.0051764954599813,0.4550284929468522,5,10,True
ID1002,Merge Q560,jama,19,-0.736983515224914,0.0,24,10,False
ID1002,Merge Q560,jama,20,-0.357154882995695,0.23287814974270651,22,10,False
ID1002,Merge Q560,jama,21,0.0,0.45185471250329556,13,10,False
ID1002,Merge Q560,jama,22,0.0,0.45185471250329556,14,10,False
ID1002,Merge Q560,jama,23,0.298289491325868,0.6347400953665349,2,10,True
ID1002,Merge Q560,jama,24,0.0,0.45185471250329556,15,10,False
ID1005,Merge Q457,jama,1,1.13108340492995,0.32843343044754414,6,4,False
ID1005,Merge Q457,jama,2,1.43029890320526,0.38120336318292397,5,4,False
ID1005,Merge Q457,jama,3,1.02760952711105,0.31018467794693605,7,4,False
ID1005,Merge Q457,jama,4,-0.731196257892971,0.0,10,4,False
ID1005,Merge Q457,jama,5,4.93899285862072,1.0,1,4,True
ID1005,Merge Q457,jama,6,0.0,0.12895447451011055,8,4,False
ID1005,Merge Q457,jama,7,2.97290321868529,0.6532585422575328,4,4,True
ID1005,Merge Q457,jama,8,0.0,0.12895447451011055,9,4,False
ID1005,Merge Q457,jama,9,3.12475700066178,0.6800396211344675,3,4,True
ID1005,Merge Q457,jama,10,4.36179536726353,0.8982048959044104,2,4,True
ID1009,Merge Q1486,medxpert,1,0.0437811198853923,0.5499049956450287,8,6,False
ID1009,Merge Q1486,medxpert,2,0.494044236505672,0.6260616040105652,5,6,True
ID1009,Merge Q1486,medxpert,3,0.346808318048716,0.6011584134862508,7,6,False
ID1009,Merge Q1486,medxpert,4,-3.20743952265888,0.0,10,6,False
ID1009,Merge Q1486,medxpert,5,2.45544366333378,0.9578088035559081,2,6,True
ID1009,Merge Q1486,medxpert,6,0.913570441238975,0.697019432208379,3,6,True
ID1009,Merge Q1486,medxpert,7,0.380539582949459,0.606863652569572,6,6,True
ID1009,Merge Q1486,medxpert,8,0.0,0.5424999440699776,9,6,False
ID1009,Merge Q1486,medxpert,9,0.641418426828516,0.6509881815633741,4,6,True
ID1009,Merge Q1486,medxpert,10,2.70489200422723,1.0,1,6,True
ID1013,Merge Q3876,mmlu,1,0.0,0.10906354319961466,2,3,True
ID1013,Merge Q3876,mmlu,2,-0.168523387023978,0.02557462757933061,7,3,False
ID1013,Merge Q3876,mmlu,3,1.79836602509022,1.0,1,3,True
ID1013,Merge Q3876,mmlu,4,0.0,0.10906354319961466,3,3,True
ID1013,Merge Q3876,mmlu,5,0.0,0.10906354319961466,4,3,False
ID1013,Merge Q3876,mmlu,6,-0.140234887224676,0.03958915822979936,6,3,False
ID1013,Merge Q3876,mmlu,7,-0.220146082438392,0.0,8,3,False
ID1013,Merge Q3876,mmlu,8,0.0,0.10906354319961466,5,3,False
ID1014,Merge Q546,jama,1,-1.33512777318228,0.0989712019422955,14,9,False
ID1014,Merge Q546,jama,2,0.315144016951366,0.24206014431965003,8,9,True
ID1014,Merge Q546,jama,3,0.0,0.21473517618305588,10,9,False
ID1014,Merge Q546,jama,4,-0.564874239638757,0.16575702724458538,13,9,False
ID1014,Merge Q546,jama,5,0.767542829731639,0.28128596641787407,5,9,True
ID1014,Merge Q546,jama,6,1.44368924090109,0.33991211239268065,3,9,True
ID1014,Merge Q546,jama,7,0.729295217734792,0.27796965792747375,6,9,True
ID1014,Merge Q546,jama,8,0.320468624741133,0.2425218213002341,7,9,True
ID1014,Merge Q546,jama,9,-0.220035818635997,0.19565668695358754,11,9,False
ID1014,Merge Q546,jama,10,-2.47658133267717,0.0,15,9,False
ID1014,Merge Q546,jama,11,8.62244520546427,0.9623554000351872,2,9,True
ID1014,Merge Q546,jama,12,0.0802306460584522,0.22169167774806542,9,9,True
ID1014,Merge Q546,jama,13,1.07305506209634,0.307775798258767,4,9,True
ID1014,Merge Q546,jama,14,-0.433212904507514,0.17717289298776354,12,9,False
ID1014,Merge Q546,jama,15,9.05660748481751,1.0,1,9,True
ID1015,Merge Q421,jama,1,0.318604123890548,0.34990469900240817,6,5,False
ID1015,Merge Q421,jama,2,-0.939207617563024,0.2674975413129069,12,5,False
ID1015,Merge Q421,jama,3,-5.02212417125702,0.0,14,5,False
ID1015,Merge Q421,jama,4,-1.22451059211234,0.2488055491505511,13,5,False
ID1015,Merge Q421,jama,5,0.0126407751498789,0.3298591157915673,7,5,False
ID1015,Merge Q421,jama,6,-0.573009406042137,0.29148948920770157,11,5,False
ID1015,Merge Q421,jama,7,-0.42131682271538,0.30142782435163157,10,5,False
ID1015,Merge Q421,jama,8,-0.0654481526322996,0.32474301902329145,9,5,False
ID1015,Merge Q421,jama,9,0.598346238341478,0.3682323642468999,5,5,True
ID1015,Merge Q421,jama,10,0.0,0.329030939112369,8,5,False
ID1015,Merge Q421,jama,11,4.635778366733249,0.6327499348020484,2,5,True
ID1015,Merge Q421,jama,12,10.2412555729253,1.0,1,5,True
ID1015,Merge Q421,jama,13,2.33844197700334,0.4822369797269743,3,5,True
ID1015,Merge Q421,jama,14,0.785080802411244,0.38046651993191066,4,5,True
ID1016,Merge Q366,jama,1,-1.43171274397511,0.10843624703575544,8,4,False
ID1016,Merge Q366,jama,2,-3.12442605915636,0.0,9,4,False
ID1016,Merge Q366,jama,3,-0.412548925727606,0.17372450262766978,7,4,False
ID1016,Merge Q366,jama,4,0.392396145432159,0.22528977466970354,3,4,True
ID1016,Merge Q366,jama,5,0.0,0.20015263834523167,4,4,True
ID1016,Merge Q366,jama,6,2.74379859820405,0.3759220494692622,2,4,True
ID1016,Merge Q366,jama,7,-0.0687593439008078,0.19574787285164535,6,4,False
ID1016,Merge Q366,jama,8,0.0,0.20015263834523167,5,4,False
ID1016,Merge Q366,jama,9,12.4857906483907,1.0,1,4,True
ID1017,Merge Q875,jama,1,-1.09752223481324,0.04899518301978581,8,5,False
ID1017,Merge Q875,jama,2,0.699577551335958,0.43077904829548846,3,5,True
ID1017,Merge Q875,jama,3,0.0,0.2821576842133833,6,5,False
ID1017,Merge Q875,jama,4,2.77140097144163,0.8709264233010745,2,5,True
ID1017,Merge Q875,jama,5,-1.32814809655209,0.0,9,5,False
ID1017,Merge Q875,jama,6,0.0,0.2821576842133833,7,5,False
ID1017,Merge Q875,jama,7,3.37896487914015,1.0,1,5,True
ID1017,Merge Q875,jama,8,0.170049130288752,0.3182836771876105,4,5,True
ID1017,Merge Q875,jama,9,0.153044469473485,0.31467113147156767,5,5,True
ID1020,Merge Q276,jama,1,21.3228742571174,0.286991684901727,2,5,True
ID1020,Merge Q276,jama,2,10.5375631888392,0.14182858173137358,3,5,True
ID1020,Merge Q276,jama,3,2.12342669069767,0.028579908898783094,6,5,False
ID1020,Merge Q276,jama,4,6.99836639695416,0.09419335027739474,5,5,True
ID1020,Merge Q276,jama,5,0.0,0.0,8,5,False
ID1020,Merge Q276,jama,6,0.916458915490612,0.012334926573609913,7,5,False
ID1020,Merge Q276,jama,7,8.88124684614497,0.11953566698694527,4,5,True
ID1020,Merge Q276,jama,8,74.2978817118652,1.0,1,5,True
ID1020,Merge Q276,jama,9,0.0,0.0,9,5,False
ID1021,Merge Q159,jama,1,0.467910259641691,0.37749668825233174,6,5,False
ID1021,Merge Q159,jama,2,0.0,0.2924054911252704,7,5,False
ID1021,Merge Q159,jama,3,0.0,0.2924054911252704,8,5,False
ID1021,Merge Q159,jama,4,3.20628261566162,0.8754797462254974,2,5,True
ID1021,Merge Q159,jama,5,-1.60791637551858,0.0,10,5,False
ID1021,Merge Q159,jama,6,1.07275682806717,0.4874902554481669,5,5,True
ID1021,Merge Q159,jama,7,2.13063261605046,0.6798688480444534,4,5,True
ID1021,Merge Q159,jama,8,3.89101036943002,1.0,1,5,True
ID1021,Merge Q159,jama,9,0.0,0.2924054911252704,9,5,False
ID1021,Merge Q159,jama,10,2.6937223512842,0.7822687819499201,3,5,True
ID1022,Merge Q833,jama,1,0.407006439486913,0.4970437482195889,7,6,False
ID1022,Merge Q833,jama,2,-1.01014898419204,0.0,9,6,False
ID1022,Merge Q833,jama,3,1.12379314005375,0.7484447889034682,4,6,True
ID1022,Merge Q833,jama,4,0.888790612772472,0.6660215521509805,5,6,True
ID1022,Merge Q833,jama,5,1.39004717831664,0.841828974537273,2,6,True
ID1022,Merge Q833,jama,6,1.84101940642791,1.0,1,6,True
ID1022,Merge Q833,jama,7,1.3209718648619,0.8176019545962585,3,6,True
ID1022,Merge Q833,jama,8,0.0,0.35429299353743043,8,6,False
ID1022,Merge Q833,jama,9,0.501248189456195,0.5300974781498616,6,6,True
ID1024,Merge Q1243,medbullets,1,-0.0,0.35415935346079236,7,4,False
ID1024,Merge Q1243,medbullets,2,1.7656951046024003,0.5828483971216594,4,4,True
ID1024,Merge Q1243,medbullets,3,1.048379346728325,0.4899431983455482,5,4,False
ID1024,Merge Q1243,medbullets,4,-0.0711121104703024,0.3449490654026956,8,4,False
ID1024,Merge Q1243,medbullets,5,-1.088797983295656,0.21314057343997264,10,4,False
ID1024,Merge Q1243,medbullets,6,-2.7344442332891674,0.0,11,4,False
ID1024,Merge Q1243,medbullets,7,-0.7148607715452795,0.26157211924961066,9,4,False
ID1024,Merge Q1243,medbullets,8,0.3980891858279532,0.40571901116241343,6,4,False
ID1024,Merge Q1243,medbullets,9,3.292674336471028,0.7806194728389901,2,4,True
ID1024,Merge Q1243,medbullets,10,4.986498914388809,1.0,1,4,True
ID1024,Merge Q1243,medbullets,11,1.854223783159892,0.5943144417310042,3,4,True
ID1025,Merge Q3848,mmlu,1,0.502088639277271,0.4732849496815847,8,5,False
ID1025,Merge Q3848,mmlu,2,-2.22509380974582,0.0,9,5,False
ID1025,Merge Q3848,mmlu,3,2.73547500371933,0.860874769164743,3,5,True
ID1025,Merge Q3848,mmlu,4,1.40233809775066,0.6295174451668344,6,5,False
ID1025,Merge Q3848,mmlu,5,2.27079666195623,0.7802328357003169,5,5,True
ID1025,Merge Q3848,mmlu,6,2.65237168326221,0.8464527231241454,4,5,True
ID1025,Merge Q3848,mmlu,7,3.53714826209246,1.0,1,5,True
ID1025,Merge Q3848,mmlu,8,1.38002743044478,0.625645572547161,7,5,False
ID1025,Merge Q3848,mmlu,9,3.34464203646123,0.9665917843729505,2,5,True
ID1026,Merge Q2369,medxpert,1,4.63330920578001,0.49395910596202963,2,4,True
ID1026,Merge Q2369,medxpert,2,0.479037509729401,0.1429370182848121,4,4,True
ID1026,Merge Q2369,medxpert,3,1.22593152523041,0.20604706880077386,3,4,True
ID1026,Merge Q2369,medxpert,4,-0.760334314513653,0.038214237257343533,10,4,False
ID1026,Merge Q2369,medxpert,5,-0.740935202223527,0.039853397474437294,9,4,False
ID1026,Merge Q2369,medxpert,6,-1.21259167892864,0.0,11,4,False
ID1026,Merge Q2369,medxpert,7,0.392228902092712,0.13560198078354516,5,4,False
ID1026,Merge Q2369,medxpert,8,0.0,0.10245994816424932,7,4,False
ID1026,Merge Q2369,medxpert,9,0.0,0.10245994816424932,8,4,False
ID1026,Merge Q2369,medxpert,10,10.6221954808773,1.0,1,4,True
ID1026,Merge Q2369,medxpert,11,0.223851212392886,0.12137462819779853,6,4,False
ID1029,Merge Q2898,medxpert,1,0.0,0.1627264617567801,7,5,False
ID1029,Merge Q2898,medxpert,2,4.50697317734912,0.6639428802198037,2,5,True
ID1029,Merge Q2898,medxpert,3,-0.244229178875685,0.13556595524756782,9,5,False
ID1029,Merge Q2898,medxpert,4,0.0,0.1627264617567801,8,5,False
ID1029,Merge Q2898,medxpert,5,-1.46324775359856,0.0,10,5,False
ID1029,Merge Q2898,medxpert,6,2.32027502552285,0.4207621527581154,3,5,True
ID1029,Merge Q2898,medxpert,7,0.396677896453763,0.20684065252747882,6,5,False
ID1029,Merge Q2898,medxpert,8,0.638783740286228,0.2337650248633376,5,5,True
ID1029,Merge Q2898,medxpert,9,7.52882236088356,1.0,1,5,True
ID1029,Merge Q2898,medxpert,10,1.31968857529172,0.3094878368895545,4,5,True
ID1031,Merge Q3289,medxpert,1,5.43628912916401,0.8059101811815024,2,7,True
ID1031,Merge Q3289,medxpert,2,-2.32877250815464,0.0,8,7,False
ID1031,Merge Q3289,medxpert,3,3.42052003741264,0.5967001439879812,3,7,True
ID1031,Merge Q3289,medxpert,4,0.612541992960087,0.3052693479099908,4,7,True
ID1031,Merge Q3289,medxpert,5,7.30637272097586,1.0,1,7,True
ID1031,Merge Q3289,medxpert,6,0.2736268929838,0.270094465547904,5,7,True
ID1031,Merge Q3289,medxpert,7,-0.99871302245312,0.1380424948531417,7,7,True
ID1031,Merge Q3289,medxpert,8,-0.570674573713558,0.1824671961482969,6,7,True
ID1032,Merge Q1023,jama,1,0.458425225272407,0.2991049055229075,5,13,True
ID1032,Merge Q1023,jama,2,0.464860469999366,0.3000812121849199,4,13,True
ID1032,Merge Q1023,jama,3,0.3004468716681,0.27513762446030776,6,13,True
ID1032,Merge Q1023,jama,4,0.118596259836753,0.24754862491873522,7,13,True
ID1032,Merge Q1023,jama,5,-0.267041352158652,0.1890426028965406,10,13,True
ID1032,Merge Q1023,jama,6,0.760252825947729,0.3448959064593696,2,13,True
ID1032,Merge Q1023,jama,7,0.0,0.22955609728675294,8,13,True
ID1032,Merge Q1023,jama,8,-1.513100055633,0.0,15,13,False
ID1032,Merge Q1023,jama,9,-0.36989483152026,0.17343845085998746,11,13,True
ID1032,Merge Q1023,jama,10,-0.61278385573461,0.13658916500816173,13,13,True
ID1032,Merge Q1023,jama,11,-0.476898908910798,0.15720460148030083,12,13,True
ID1032,Merge Q1023,jama,12,0.522273403184178,0.30879146820971193,3,13,True
ID1032,Merge Q1023,jama,13,-1.01792918240855,0.07512358004634734,14,13,False
ID1032,Merge Q1023,jama,14,0.0,0.22955609728675294,9,13,True
ID1032,Merge Q1023,jama,15,5.07831735177697,1.0,1,13,True
ID1035,Merge Q874,jama,1,2.09579811822347,0.39346335050141795,3,5,True
ID1035,Merge Q874,jama,2,-5.89950395222035,0.03777191352429232,9,5,False
ID1035,Merge Q874,jama,3,1.15135672688484,0.35144746258797155,4,5,True
ID1035,Merge Q874,jama,4,0.0383356449108774,0.3019318764919008,5,5,True
ID1035,Merge Q874,jama,5,0.0,0.30022641739784084,6,5,False
ID1035,Merge Q874,jama,6,-5.05100628555998,0.07551949975269005,8,5,False
ID1035,Merge Q874,jama,7,-6.74854845262203,0.0,10,5,False
ID1035,Merge Q874,jama,8,3.8698665480864,0.47238731654472593,2,5,True
ID1035,Merge Q874,jama,9,15.7296482067988,1.0,1,5,True
ID1035,Merge Q874,jama,10,0.0,0.30022641739784084,7,5,False
ID1037,Merge Q239,jama,1,0.7184960160886,0.7094607584003998,3,5,True
ID1037,Merge Q239,jama,2,0.830830293039424,0.7469881223006901,2,5,True
ID1037,Merge Q239,jama,3,0.647420480847359,0.6857166479845416,5,5,True
ID1037,Merge Q239,jama,4,-1.4052012820122,0.0,10,5,False
ID1037,Merge Q239,jama,5,-0.0661960695465032,0.44731970718593056,9,5,False
ID1037,Merge Q239,jama,6,0.655186082042239,0.6883108921445175,4,5,True
ID1037,Merge Q239,jama,7,0.0,0.4694337409258551,6,5,False
ID1037,Merge Q239,jama,8,0.0,0.4694337409258551,7,5,False
ID1037,Merge Q239,jama,9,0.0,0.4694337409258551,8,5,False
ID1037,Merge Q239,jama,10,1.58819514330812,1.0,1,5,True
ID1038,Merge Q970,jama,1,0.602419568689734,0.207442446668845,3,7,True
ID1038,Merge Q970,jama,2,-1.07119645541019,0.08670554459269057,7,7,True
ID1038,Merge Q970,jama,3,0.0,0.16398309193855776,5,7,True
ID1038,Merge Q970,jama,4,0.0,0.16398309193855776,6,7,True
ID1038,Merge Q970,jama,5,0.0471345328313837,0.16738344028185748,4,7,True
ID1038,Merge Q970,jama,6,3.07611805589114,0.38589836948172046,2,7,True
ID1038,Merge Q970,jama,7,-2.27308077009228,0.0,8,7,False
ID1038,Merge Q970,jama,8,11.5885969383874,1.0,1,7,True
ID1044,Merge Q4036,mmlu,1,1.65048104782812,0.3009842423819453,3,2,False
ID1044,Merge Q4036,mmlu,2,1.02526757661994,0.0,4,2,False
ID1044,Merge Q4036,mmlu,3,3.10249748826027,1.0,1,2,True
ID1044,Merge Q4036,mmlu,4,2.65611934887064,0.7851089391269461,2,2,True
ID1047,Merge Q108,jama,1,1.61099600809005,0.4699220062778672,2,8,True
ID1047,Merge Q108,jama,2,1.26433650055126,0.4269221734952332,4,8,True
ID1047,Merge Q108,jama,3,-2.17745898663998,0.0,13,8,False
ID1047,Merge Q108,jama,4,1.42491848648047,0.4468408498698792,3,8,True
ID1047,Merge Q108,jama,5,-1.1532070597639,0.1270487629076027,12,8,False
ID1047,Merge Q108,jama,6,-1.05078018606593,0.13975384771179733,11,8,False
ID1047,Merge Q108,jama,7,0.623604391509005,0.3474454161926849,6,8,True
ID1047,Merge Q108,jama,8,-1.03172744376051,0.14211716017075823,10,8,False
ID1047,Merge Q108,jama,9,-0.724573572929595,0.18021669241217586,9,8,False
ID1047,Merge Q108,jama,10,0.777868349975712,0.36658040102420103,5,8,True
ID1047,Merge Q108,jama,11,5.88442137673653,1.0,1,8,True
ID1047,Merge Q108,jama,12,0.0,0.27009319023533707,7,8,True
ID1047,Merge Q108,jama,13,0.0,0.27009319023533707,8,8,True
ID1048,Merge Q623,jama,1,1.08789577895855,0.6205326185404868,5,3,False
ID1048,Merge Q623,jama,2,1.11181396649835,0.6249955611670472,4,3,False
ID1048,Merge Q623,jama,3,3.12157014012337,1.0,1,3,True
ID1048,Merge Q623,jama,4,1.28626788973062,0.6575472689027791,3,3,True
ID1048,Merge Q623,jama,5,-2.2377162189383,0.0,7,3,False
ID1048,Merge Q623,jama,6,1.70546597850368,0.7357662817876318,2,3,True
ID1048,Merge Q623,jama,7,0.0,0.4175399612962817,6,3,False
ID1049,Merge Q981,jama,1,-2.97704275794432,0.017228273573727946,11,5,False
ID1049,Merge Q981,jama,2,2.26916511403981,0.35972927277526456,2,5,True
ID1049,Merge Q981,jama,3,0.474367540329695,0.2425551200614646,5,5,True
ID1049,Merge Q981,jama,4,-0.602625740452724,0.17224313780640169,10,5,False
ID1049,Merge Q981,jama,5,0.0,0.21158582556985142,6,5,False
ID1049,Merge Q981,jama,6,-0.0862310558225595,0.20595619298530415,9,5,False
ID1049,Merge Q981,jama,7,1.86715852798439,0.3334840951594744,4,5,True
ID1049,Merge Q981,jama,8,1.91803038912119,0.3368052870938699,3,5,True
ID1049,Merge Q981,jama,9,-3.24093426381991,0.0,12,5,False
ID1049,Merge Q981,jama,10,0.0,0.21158582556985142,7,5,False
ID1049,Merge Q981,jama,11,0.0,0.21158582556985142,8,5,False
ID1049,Merge Q981,jama,12,12.0764162963667,1.0,1,5,True
ID1051,Merge Q1053,medbullets,1,4.32284557228347,1.0,1,6,True
ID1051,Merge Q1053,medbullets,2,0.9600815465975044,0.542481570934342,7,6,False
ID1051,Merge Q1053,medbullets,3,2.1380643099546432,0.7027511644118806,4,6,True
ID1051,Merge Q1053,medbullets,4,1.4258387281220772,0.6058498276390933,5,6,True
ID1051,Merge Q1053,medbullets,5,1.066233014140234,0.5569239321295367,6,6,True
ID1051,Merge Q1053,medbullets,6,3.172486441982936,0.8434887199529038,3,6,True
ID1051,Merge Q1053,medbullets,7,3.4694615302132266,0.8838934509423289,2,6,True
ID1051,Merge Q1053,medbullets,8,-3.0271622351689804,0.0,9,6,False
ID1051,Merge Q1053,medbullets,9,-2.902489447357185,0.01696226603805574,8,6,False
ID1055,Merge Q3522,medxpert,1,14.7523680280469,1.0,1,2,True
ID1055,Merge Q3522,medxpert,2,-5.43803482550298,0.0,3,2,False
ID1055,Merge Q3522,medxpert,3,-3.4915806055069,0.09640492238389656,2,2,True
ID1058,Merge Q2031,medxpert,1,9.20572505713186,1.0,1,3,True
ID1058,Merge Q2031,medxpert,2,1.94338075880094,0.19080848841875536,3,3,True
ID1058,Merge Q2031,medxpert,3,0.230909831821919,0.0,4,3,False
ID1058,Merge Q2031,medxpert,4,8.43607626778523,0.914243494709937,2,3,True
ID1059,Merge Q3941,mmlu,1,1.48641025406565,0.8838895306389826,2,6,True
ID1059,Merge Q3941,mmlu,2,0.839072339254496,0.604553368070816,4,6,True
ID1059,Merge Q3941,mmlu,3,-0.561928924173117,0.0,7,6,False
ID1059,Merge Q3941,mmlu,4,0.722595688702089,0.5542919206108842,6,6,True
ID1059,Merge Q3941,mmlu,5,1.75548643966537,1.0,1,6,True
ID1059,Merge Q3941,mmlu,6,1.3287197532493,0.8158436795252845,3,6,True
ID1059,Merge Q3941,mmlu,7,0.829772201895093,0.600540217254383,5,6,True
ID1062,Merge Q2311,medxpert,1,15.3400201881177,1.0,1,3,True
ID1062,Merge Q2311,medxpert,2,-1.91236340340656,0.0,4,3,False
ID1062,Merge Q2311,medxpert,3,-0.594539389014244,0.07638504021205138,3,3,True
ID1062,Merge Q2311,medxpert,4,9.19212614645968,0.6436495856330048,2,3,True
ID1063,Merge Q3952,mmlu,1,0.893588025042437,0.7901103277234576,2,2,True
ID1063,Merge Q3952,mmlu,2,-0.882659497070622,0.0,3,2,False
ID1063,Merge Q3952,mmlu,3,1.36544112861156,1.0,1,2,True
ID1064,Merge Q4041,mmlu,1,-2.91669442635653,0.09406763618751636,3,2,False
ID1064,Merge Q4041,mmlu,2,-5.85773056325192,0.0,4,2,False
ID1064,Merge Q4041,mmlu,3,-1.43262550234795,0.14153487192444453,2,2,True
ID1064,Merge Q4041,mmlu,4,25.4073915987706,1.0,1,2,True
ID1065,Merge Q1690,medxpert,1,-1.49761636376071,0.2538780965435389,6,6,True
ID1065,Merge Q1690,medxpert,2,-0.556868725513598,0.30051926232937715,5,6,True
ID1065,Merge Q1690,medxpert,3,-6.61831212043762,0.0,7,6,False
ID1065,Merge Q1690,medxpert,4,13.5515876322129,1.0,1,6,True
ID1065,Merge Q1690,medxpert,5,2.44744252907546,0.4494694946771736,2,6,True
ID1065,Merge Q1690,medxpert,6,0.0,0.32812816134933487,3,6,True
ID1065,Merge Q1690,medxpert,7,0.0,0.32812816134933487,4,6,True
ID1066,Merge Q1684,medxpert,1,-1.86045975142844,0.0,4,2,False
ID1066,Merge Q1684,medxpert,2,0.708818661959284,0.9324785190695505,2,2,True
ID1066,Merge Q1684,medxpert,3,0.0,0.6752241192549557,3,2,False
ID1066,Merge Q1684,medxpert,4,0.89486207191116,1.0,1,2,True
ID1067,Merge Q2652,medxpert,1,6.04967516924431,0.6860524831275178,2,3,True
ID1067,Merge Q2652,medxpert,2,-2.62141842774569,0.0,6,3,False
ID1067,Merge Q2652,medxpert,3,-0.0936461426317692,0.19999604820149944,5,3,False
ID1067,Merge Q2652,medxpert,4,0.499994162566121,0.24696456502237255,4,3,False
ID1067,Merge Q2652,medxpert,5,10.0176927339266,1.0,1,3,True
ID1067,Merge Q2652,medxpert,6,5.25027834327165,0.6228046157935547,3,3,True
ID1068,Merge Q724,jama,1,0.680791491636497,0.5947802831794758,7,12,True
ID1068,Merge Q724,jama,2,2.07822206998482,0.7179598915520328,3,12,True
ID1068,Merge Q724,jama,3,0.122133415192366,0.5455361317083598,8,12,True
ID1068,Merge Q724,jama,4,0.0,0.5347704117608402,9,12,True
ID1068,Merge Q724,jama,5,5.2778707543175,1.0,1,12,True
ID1068,Merge Q724,jama,6,1.39404109231692,0.6576512463922171,5,12,True
ID1068,Merge Q724,jama,7,0.929404593750568,0.6166948348067155,6,12,True
ID1068,Merge Q724,jama,8,-0.170981111629902,0.5196989035972153,11,12,True
ID1068,Merge Q724,jama,9,3.69604364428453,0.8605663515984787,2,12,True
ID1068,Merge Q724,jama,10,0.0,0.5347704117608402,10,12,True
ID1068,Merge Q724,jama,11,1.41891123339051,0.6598434799708153,4,12,True
ID1068,Merge Q724,jama,12,-4.02493360268403,0.17998373928788153,12,12,True
ID1068,Merge Q724,jama,13,-6.06678764175234,0.0,13,12,False
ID1070,Merge Q137,jama,1,2.40949069673559,1.0,1,6,True
ID1070,Merge Q137,jama,2,0.0,0.5875281506464483,7,6,False
ID1070,Merge Q137,jama,3,2.31380575739201,0.9836200471992692,2,6,True
ID1070,Merge Q137,jama,4,-3.43209752440453,0.0,12,6,False
ID1070,Merge Q137,jama,5,0.0,0.5875281506464483,8,6,False
ID1070,Merge Q137,jama,6,1.04923301280308,0.7671424906312508,4,6,True
ID1070,Merge Q137,jama,7,-0.0911352043484042,0.5719270502438907,9,6,False
ID1070,Merge Q137,jama,8,-0.428182940572094,0.5142290880691609,10,6,False
ID1070,Merge Q137,jama,9,0.672312312606128,0.7026188224218223,5,6,True
ID1070,Merge Q137,jama,10,-0.890542346238823,0.43507948214632364,11,6,False
ID1070,Merge Q137,jama,11,0.174039196696192,0.6173212805466972,6,6,True
ID1070,Merge Q137,jama,12,1.50392131756287,0.8449789090070479,3,6,True
ID1073,Merge Q12,jama,1,2.18322101623657,0.3906084941809805,2,7,True
ID1073,Merge Q12,jama,2,0.0,0.2590646931797947,5,7,True
ID1073,Merge Q12,jama,3,0.0,0.2590646931797947,6,7,True
ID1073,Merge Q12,jama,4,0.0871402099728584,0.26431507981249147,3,7,True
ID1073,Merge Q12,jama,5,-4.2996741648807,0.0,12,7,False
ID1073,Merge Q12,jama,6,-0.354586039361945,0.23770011531399965,10,7,False
ID1073,Merge Q12,jama,7,-0.0640916243794752,0.25520303381479387,9,7,False
ID1073,Merge Q12,jama,8,-2.71080480860679,0.09573282451213352,11,7,False
ID1073,Merge Q12,jama,9,0.0375078796482902,0.26132462427231234,4,7,True
ID1073,Merge Q12,jama,10,12.2972387996222,1.0,1,7,True
ID1073,Merge Q12,jama,11,0.0,0.2590646931797947,7,7,True
ID1073,Merge Q12,jama,12,0.0,0.2590646931797947,8,7,False
ID1074,Merge Q1651,medxpert,1,9.13597492500918,1.0,1,5,True
ID1074,Merge Q1651,medxpert,2,4.73579759271461,0.5183680594120995,3,5,True
ID1074,Merge Q1651,medxpert,3,6.05878163874149,0.6631784443886707,2,5,True
ID1074,Merge Q1651,medxpert,4,0.0,0.0,8,5,False
ID1074,Merge Q1651,medxpert,5,2.21484895106809,0.24243159260486527,4,5,True
ID1074,Merge Q1651,medxpert,6,2.10724650787934,0.23065370966714016,5,5,True
ID1074,Merge Q1651,medxpert,7,2.0328672351079,0.22251234835847114,6,5,False
ID1074,Merge Q1651,medxpert,8,0.686537319604295,0.07514658536605005,7,5,False
ID1076,Merge Q694,jama,1,-5.44067614708338,0.0,17,8,False
ID1076,Merge Q694,jama,2,5.12118883816897,0.8134991655519486,2,8,True
ID1076,Merge Q694,jama,3,-1.88354359567165,0.27397854132500804,14,8,False
ID1076,Merge Q694,jama,4,3.02487834159618,0.6520365032209161,3,8,True
ID1076,Merge Q694,jama,5,0.0,0.41905340693814713,11,8,False
ID1076,Merge Q694,jama,6,-2.03058404078274,0.26265314760266056,15,8,False
ID1076,Merge Q694,jama,7,2.2537821726863,0.5926449004268662,5,8,True
ID1076,Merge Q694,jama,8,0.0335287654653141,0.4216358696723428,10,8,False
ID1076,Merge Q694,jama,9,0.592985573954906,0.4647265215131044,7,8,True
ID1076,Merge Q694,jama,10,0.0,0.41905340693814713,12,8,False
ID1076,Merge Q694,jama,11,1.2995153380797,0.5191450711116535,6,8,True
ID1076,Merge Q694,jama,12,7.54257624271626,1.0,1,8,True
ID1076,Merge Q694,jama,13,2.33091563135153,0.5985858970546318,4,8,True
ID1076,Merge Q694,jama,14,-2.73280030912839,0.20856683338317036,16,8,False
ID1076,Merge Q694,jama,15,0.0,0.41905340693814713,13,8,False
ID1076,Merge Q694,jama,16,0.236008979380131,0.4372313620679074,8,8,True
ID1076,Merge Q694,jama,17,0.118889316916466,0.4282105359337963,9,8,False
ID1077,Merge Q921,jama,1,0.0,0.19405819770620042,5,10,True
ID1077,Merge Q921,jama,2,0.795741296672012,0.6960613181222491,2,10,True
ID1077,Merge Q921,jama,3,0.0056827794760465,0.19764324857831506,4,10,True
ID1077,Merge Q921,jama,4,0.0,0.19405819770620042,6,10,True
ID1077,Merge Q921,jama,5,0.0,0.19405819770620042,7,10,True
ID1077,Merge Q921,jama,6,0.0,0.19405819770620042,8,10,True
ID1077,Merge Q921,jama,7,-0.271315276174383,0.022895640445807823,14,10,False
ID1077,Merge Q921,jama,8,0.105204467369045,0.2604277214720851,3,10,True
ID1077,Merge Q921,jama,9,0.0,0.19405819770620042,9,10,True
ID1077,Merge Q921,jama,10,-0.0499183241552242,0.16256661294534164,12,10,False
ID1077,Merge Q921,jama,11,0.0,0.19405819770620042,10,10,True
ID1077,Merge Q921,jama,12,1.2775242796657,1.0,1,10,True
ID1077,Merge Q921,jama,13,-0.307607892446138,0.0,15,10,False
ID1077,Merge Q921,jama,14,0.0,0.19405819770620042,11,10,False
ID1077,Merge Q921,jama,15,-0.242230832576752,0.0412439170812397,13,10,False
ID1079,Merge Q873,jama,1,-0.374861429776066,0.0,10,5,False
ID1079,Merge Q873,jama,2,0.948404250672008,0.07296044064216739,3,5,True
ID1079,Merge Q873,jama,3,0.0,0.020668604574520213,5,5,True
ID1079,Merge Q873,jama,4,0.0,0.020668604574520213,6,5,False
ID1079,Merge Q873,jama,5,0.0,0.020668604574520213,7,5,False
ID1079,Merge Q873,jama,6,6.58800316679846,0.383909049107814,2,5,True
ID1079,Merge Q873,jama,7,0.592515312468395,0.05333791575191531,4,5,True
ID1079,Merge Q873,jama,8,17.7618941709473,1.0,1,5,True
ID1079,Merge Q873,jama,9,0.0,0.020668604574520213,8,5,False
ID1079,Merge Q873,jama,10,0.0,0.020668604574520213,9,5,False
ID1081,Merge Q1058,medbullets,1,2.4165719460181623,0.03783229383991006,6,5,False
ID1081,Merge Q1058,medbullets,2,3.718216619675327,0.05821000444359908,5,5,True
ID1081,Merge Q1058,medbullets,3,1.1335734128952026,0.01774649520219113,7,5,False
ID1081,Merge Q1058,medbullets,4,5.429650181383546,0.08500310592800345,3,5,True
ID1081,Merge Q1058,medbullets,5,0.0,0.0,9,5,False
ID1081,Merge Q1058,medbullets,6,7.895641930959555,0.12360908438044564,2,5,True
ID1081,Merge Q1058,medbullets,7,63.875903381488094,1.0,1,5,True
ID1081,Merge Q1058,medbullets,8,3.860045330485515,0.060430383386236325,4,5,True
ID1081,Merge Q1058,medbullets,9,0.1399172701531451,0.002190454658895589,8,5,False
ID1082,Merge Q3943,mmlu,1,11.4948929049787,1.0,1,3,True
ID1082,Merge Q3943,mmlu,2,2.5122160520497,0.352083635223635,3,3,True
ID1082,Merge Q3943,mmlu,3,4.76210653781891,0.5143672048712716,2,3,True
ID1082,Merge Q3943,mmlu,4,0.0,0.1708786427000396,7,3,False
ID1082,Merge Q3943,mmlu,5,-2.36905210593249,0.0,10,3,False
ID1082,Merge Q3943,mmlu,6,2.26671197835829,0.33437553889909005,4,3,False
ID1082,Merge Q3943,mmlu,7,0.10539036958529,0.17848040175940874,6,3,False
ID1082,Merge Q3943,mmlu,8,-1.43319842178723,0.06750269734976048,9,3,False
ID1082,Merge Q3943,mmlu,9,-0.343021660164914,0.14613664755400077,8,3,False
ID1082,Merge Q3943,mmlu,10,2.18989135609651,0.32883450262108105,5,3,False
ID1084,Merge Q345,jama,1,1.62264328841513,1.0,1,8,True
ID1084,Merge Q345,jama,2,0.301914677491043,0.5197497915237306,7,8,True
ID1084,Merge Q345,jama,3,0.0,0.409966005810427,8,8,True
ID1084,Merge Q345,jama,4,0.0,0.409966005810427,9,8,False
ID1084,Merge Q345,jama,5,-0.0398368837081936,0.3954803109086419,11,8,False
ID1084,Merge Q345,jama,6,1.12832082751996,0.8202518951010647,4,8,True
ID1084,Merge Q345,jama,7,1.25034131795401,0.8646216206333431,2,8,True
ID1084,Merge Q345,jama,8,1.22610124939807,0.8558073207982514,3,8,True
ID1084,Merge Q345,jama,9,-1.12744112094822,0.0,14,8,False
ID1084,Merge Q345,jama,10,1.09810746812133,0.8092655561742446,5,8,True
ID1084,Merge Q345,jama,11,-0.978546947948234,0.05414167379482555,13,8,False
ID1084,Merge Q345,jama,12,0.996803569944527,0.7724289056947579,6,8,True
ID1084,Merge Q345,jama,13,0.0,0.409966005810427,10,8,False
ID1084,Merge Q345,jama,14,-0.0923720797545773,0.37637718961261385,12,8,False
ID1085,Merge Q2834,medxpert,1,3.21354617852133,0.05535786418155734,3,3,True
ID1085,Merge Q2834,medxpert,2,3.14360270593828,0.05415298924261354,4,3,False
ID1085,Merge Q2834,medxpert,3,3.80487920716405,0.06554440940828105,2,3,True
ID1085,Merge Q2834,medxpert,4,1.52346624145355,0.02624385417059084,5,3,False
ID1085,Merge Q2834,medxpert,5,0.0,0.0,6,3,False
ID1085,Merge Q2834,medxpert,6,58.0504003547148,1.0,1,3,True
ID1087,Merge Q615,jama,1,0.133533715480276,0.45185631426227835,7,5,False
ID1087,Merge Q615,jama,2,-0.514733872757917,0.0,13,5,False
ID1087,Merge Q615,jama,3,0.251111023128033,0.5338102015744366,6,5,False
ID1087,Merge Q615,jama,4,0.343484991288155,0.5981968245429712,3,5,True
ID1087,Merge Q615,jama,5,0.0,0.3587804708892556,8,5,False
ID1087,Merge Q615,jama,6,0.0,0.3587804708892556,9,5,False
ID1087,Merge Q615,jama,7,0.421778587056839,0.6527691281044128,2,5,True
ID1087,Merge Q615,jama,8,0.25824133752534,0.5387801825538259,5,5,True
ID1087,Merge Q615,jama,9,0.0,0.3587804708892556,10,5,False
ID1087,Merge Q615,jama,10,0.0,0.3587804708892556,11,5,False
ID1087,Merge Q615,jama,11,0.30265163392773,0.5697351048910907,4,5,True
ID1087,Merge Q615,jama,12,0.0,0.3587804708892556,12,5,False
ID1087,Merge Q615,jama,13,0.919942522760833,1.0,1,5,True
ID1088,Merge Q3957,mmlu,1,1.46429134337297,0.5856798481839559,8,4,False
ID1088,Merge Q3957,mmlu,2,-2.36372296579913,0.19110663398877412,10,4,False
ID1088,Merge Q3957,mmlu,3,4.48453840613365,0.8969923185583872,2,4,True
ID1088,Merge Q3957,mmlu,4,1.1277153778481,0.5509872243293923,9,4,False
ID1088,Merge Q3957,mmlu,5,1.60591419063216,0.6002776468161709,7,4,False
ID1088,Merge Q3957,mmlu,6,5.48388368434121,1.0,1,4,True
ID1088,Merge Q3957,mmlu,7,1.70027247669945,0.6100036429103629,6,4,False
ID1088,Merge Q3957,mmlu,8,2.15040299951987,0.6564009217217431,5,4,False
ID1088,Merge Q3957,mmlu,9,4.42363428251014,0.8907146158449231,3,4,True
ID1088,Merge Q3957,mmlu,10,-4.21777413594487,0.0,11,4,False
ID1088,Merge Q3957,mmlu,11,3.00541133796203,0.7445310489928106,4,4,True
ID1090,Merge Q683,jama,1,-2.17333815007958,0.0,10,6,False
ID1090,Merge Q683,jama,2,0.0515094127186771,0.8945926025353951,3,6,True
ID1090,Merge Q683,jama,3,-0.0045652035623788,0.872045468181637,7,6,False
ID1090,Merge Q683,jama,4,0.0,0.8738810983633452,4,6,True
ID1090,Merge Q683,jama,5,0.313657110660048,1.0,1,6,True
ID1090,Merge Q683,jama,6,0.159382111328817,0.9379673126979142,2,6,True
ID1090,Merge Q683,jama,7,-0.0105316417244724,0.8696464132834305,8,6,False
ID1090,Merge Q683,jama,8,0.0,0.8738810983633452,5,6,True
ID1090,Merge Q683,jama,9,-0.656016246482815,0.6101024507563864,9,6,False
ID1090,Merge Q683,jama,10,0.0,0.8738810983633452,6,6,True
ID1093,Merge Q1147,medbullets,1,0.2612862910404267,0.6770504903625703,2,4,True
ID1093,Merge Q1147,medbullets,2,0.0324040023719076,0.46874793447111684,4,4,True
ID1093,Merge Q1147,medbullets,3,0.0,0.43925750707960914,5,4,False
ID1093,Merge Q1147,medbullets,4,0.1364083694611836,0.5634008480477753,3,4,True
ID1093,Merge Q1147,medbullets,5,-0.0,0.43925750707960914,6,4,False
ID1093,Merge Q1147,medbullets,6,0.6161423444088229,1.0,1,4,True
ID1093,Merge Q1147,medbullets,7,-0.4826549684181491,0.0,9,4,False
ID1093,Merge Q1147,medbullets,8,-0.0,0.43925750707960914,7,4,False
ID1093,Merge Q1147,medbullets,9,-0.2930307292445316,0.172574356489601,8,4,False
ID1098,Merge Q216,jama,1,0.0,0.5020532062372836,4,8,True
ID1098,Merge Q216,jama,2,0.0,0.5020532062372836,5,8,True
ID1098,Merge Q216,jama,3,-0.696533069014549,0.0,15,8,False
ID1098,Merge Q216,jama,4,0.0,0.5020532062372836,6,8,True
ID1098,Merge Q216,jama,5,0.0,0.5020532062372836,7,8,True
ID1098,Merge Q216,jama,6,0.0,0.5020532062372836,8,8,True
ID1098,Merge Q216,jama,7,-0.197663122841339,0.3595798492755405,13,8,False
ID1098,Merge Q216,jama,8,0.504884449295967,0.8659682417531219,2,8,True
ID1098,Merge Q216,jama,9,0.0,0.5020532062372836,9,8,False
ID1098,Merge Q216,jama,10,0.0,0.5020532062372836,10,8,False
ID1098,Merge Q216,jama,11,0.0,0.5020532062372836,11,8,False
ID1098,Merge Q216,jama,12,0.0,0.5020532062372836,12,8,False
ID1098,Merge Q216,jama,13,-0.296195445386511,0.2885588588123059,14,8,False
ID1098,Merge Q216,jama,14,0.362951701229485,0.7636647124495369,3,8,True
ID1098,Merge Q216,jama,15,0.69083595952891,1.0,1,8,True
ID1099,Merge Q181,jama,1,-1.61109274897333,0.24191915828809374,10,3,False
ID1099,Merge Q181,jama,2,1.13236096564645,0.7318391683464779,4,3,False
ID1099,Merge Q181,jama,3,1.68485346436501,0.8305020796567539,2,3,True
ID1099,Merge Q181,jama,4,-1.23540372275483,0.30900888920753844,9,3,False
ID1099,Merge Q181,jama,5,0.383149109703767,0.5980465411761046,5,3,False
ID1099,Merge Q181,jama,6,-0.798083556610658,0.3871045753327846,8,3,False
ID1099,Merge Q181,jama,7,2.63400779494765,1.0,1,3,True
ID1099,Merge Q181,jama,8,1.18532157709093,0.7412967593943276,3,3,True
ID1099,Merge Q181,jama,9,-2.96579147492263,0.0,12,3,False
ID1099,Merge Q181,jama,10,-0.114500653530638,0.5091773265397855,7,3,False
ID1099,Merge Q181,jama,11,0.0,0.5296246047389718,6,3,False
ID1099,Merge Q181,jama,12,-2.2997947022984,0.1189322581985439,11,3,False
ID1101,Merge Q927,jama,1,0.0,0.7787343225980554,3,7,True
ID1101,Merge Q927,jama,2,0.0,0.7787343225980554,4,7,True
ID1101,Merge Q927,jama,3,0.0,0.7787343225980554,5,7,True
ID1101,Merge Q927,jama,4,-0.32027582258532,0.0,14,7,False
ID1101,Merge Q927,jama,5,0.0,0.7787343225980554,6,7,True
ID1101,Merge Q927,jama,6,0.0,0.7787343225980554,7,7,True
ID1101,Merge Q927,jama,7,0.0,0.7787343225980554,8,7,False
ID1101,Merge Q927,jama,8,0.0910015711178348,1.0,1,7,True
ID1101,Merge Q927,jama,9,0.0,0.7787343225980554,9,7,False
ID1101,Merge Q927,jama,10,0.0334442605451738,0.8600523358349139,2,7,True
ID1101,Merge Q927,jama,11,0.0,0.7787343225980554,10,7,False
ID1101,Merge Q927,jama,12,0.0,0.7787343225980554,11,7,False
ID1101,Merge Q927,jama,13,-0.0664518158010922,0.6171601227550786,13,7,False
ID1101,Merge Q927,jama,14,0.0,0.7787343225980554,12,7,False
ID1102,Merge Q2366,medxpert,1,0.124029259137545,0.5193933211515163,6,5,False
ID1102,Merge Q2366,medxpert,2,0.291375757342362,0.6434585719005813,4,5,True
ID1102,Merge Q2366,medxpert,3,0.612901791930199,0.881827516165376,2,5,True
ID1102,Merge Q2366,medxpert,4,0.0,0.42744206253427813,7,5,False
ID1102,Merge Q2366,medxpert,5,0.0,0.42744206253427813,8,5,False
ID1102,Merge Q2366,medxpert,6,0.0,0.42744206253427813,9,5,False
ID1102,Merge Q2366,medxpert,7,0.462451296738462,0.7702884125001248,3,5,True
ID1102,Merge Q2366,medxpert,8,-0.506756844390936,0.05174902059671618,11,5,False
ID1102,Merge Q2366,medxpert,9,-0.098097862063201,0.35471549827762666,10,5,False
ID1102,Merge Q2366,medxpert,10,0.224693745556638,0.5940226972250165,5,5,True
ID1102,Merge Q2366,medxpert,11,-0.576558963276789,0.0,12,5,False
ID1102,Merge Q2366,medxpert,12,0.772299779960612,1.0,1,5,True
ID1108,Merge Q1938,medxpert,1,1.49031799537601,0.17952493365820002,4,3,False
ID1108,Merge Q1938,medxpert,2,0.47482014106965,0.0,5,3,False
ID1108,Merge Q1938,medxpert,3,1.54815267026424,0.18974924494396347,3,3,True
ID1108,Merge Q1938,medxpert,4,6.13140406851329,1.0,1,3,True
ID1108,Merge Q1938,medxpert,5,2.11205001975338,0.2894379186597939,2,3,True
ID1110,Merge Q481,jama,1,-0.966995973345667,0.0,6,4,False
ID1110,Merge Q481,jama,2,0.0,1.0,1,4,True
ID1110,Merge Q481,jama,3,0.0,1.0,2,4,True
ID1110,Merge Q481,jama,4,0.0,1.0,3,4,True
ID1110,Merge Q481,jama,5,-0.199710262219624,0.7934735327504464,5,4,False
ID1110,Merge Q481,jama,6,0.0,1.0,4,4,True
ID1112,Merge Q3826,mmlu,1,2.18908209149819,1.0,1,3,True
ID1112,Merge Q3826,mmlu,2,1.92671096267044,0.9306351051626688,3,3,True
ID1112,Merge Q3826,mmlu,3,0.0,0.42125701960620276,7,3,False
ID1112,Merge Q3826,mmlu,4,0.546604374679528,0.5657666504359059,4,3,False
ID1112,Merge Q3826,mmlu,5,0.183904939895649,0.4698772579415809,5,3,False
ID1112,Merge Q3826,mmlu,6,-1.59339504543168,0.0,11,3,False
ID1112,Merge Q3826,mmlu,7,0.0,0.42125701960620276,8,3,False
ID1112,Merge Q3826,mmlu,8,-0.958859389144468,0.1677566402429723,10,3,False
ID1112,Merge Q3826,mmlu,9,-0.909492805613597,0.18080803004487878,9,3,False
ID1112,Merge Q3826,mmlu,10,1.9851751235625,0.9460916852755399,2,3,True
ID1112,Merge Q3826,mmlu,11,0.158846964201268,0.4632525052233874,6,3,False
ID1113,Merge Q303,jama,1,0.909510688869556,0.2586817426215253,6,7,True
ID1113,Merge Q303,jama,2,0.197515906937272,0.16422500338789342,9,7,False
ID1113,Merge Q303,jama,3,-0.266655664891005,0.10264571343739695,12,7,False
ID1113,Merge Q303,jama,4,2.6086079541743,0.4840923655560222,4,7,True
ID1113,Merge Q303,jama,5,6.49740981906392,1.0,1,7,True
ID1113,Merge Q303,jama,6,0.462018089584982,0.19931516742712566,7,7,True
ID1113,Merge Q303,jama,7,5.8136189859237,0.9092849357112051,2,7,True
ID1113,Merge Q303,jama,8,-0.258309052614199,0.10375301618640709,11,7,False
ID1113,Merge Q303,jama,9,0.950754991794235,0.2641534152588676,5,7,True
ID1113,Merge Q303,jama,10,-1.04037719019559,0.0,14,7,False
ID1113,Merge Q303,jama,11,3.21972031497774,0.5651655452641702,3,7,True
ID1113,Merge Q303,jama,12,0.0,0.13802156905170945,10,7,False
ID1113,Merge Q303,jama,13,-0.716523092443922,0.04296408181258527,13,7,False
ID1113,Merge Q303,jama,14,0.417862143840465,0.19345722189347297,8,7,False
ID1114,Merge Q3888,mmlu,1,-2.85751342581531,0.0,11,3,False
ID1114,Merge Q3888,mmlu,2,0.743598868816249,0.5215504850000188,2,3,True
ID1114,Merge Q3888,mmlu,3,0.466715198010206,0.481449315977115,3,3,True
ID1114,Merge Q3888,mmlu,4,-0.736483727383989,0.3071895507300419,9,3,False
ID1114,Merge Q3888,mmlu,5,-0.289065041757313,0.3719893718393525,7,3,False
ID1114,Merge Q3888,mmlu,6,0.0,0.41385477352366795,4,3,False
ID1114,Merge Q3888,mmlu,7,4.04711498159846,1.0,1,3,True
ID1114,Merge Q3888,mmlu,8,0.0,0.41385477352366795,5,3,False
ID1114,Merge Q3888,mmlu,9,-0.42422801751636,0.3524136658369965,8,3,False
ID1114,Merge Q3888,mmlu,10,-0.0360595851412955,0.4086322498752444,6,3,False
ID1114,Merge Q3888,mmlu,11,-2.01920440188547,0.12141261983479297,10,3,False
ID1116,Merge Q1132,medbullets,1,-4.711241836560512,0.0,11,3,False
ID1116,Merge Q1132,medbullets,2,-0.1279833420597375,0.3377924747916543,8,3,False
ID1116,Merge Q1132,medbullets,3,-1.8690945357084277,0.20947017752308097,10,3,False
ID1116,Merge Q1132,medbullets,4,8.857025181014892,1.0,1,3,True
ID1116,Merge Q1132,medbullets,5,0.8312621532465808,0.40849019131387315,3,3,True
ID1116,Merge Q1132,medbullets,6,0.6273498283568022,0.39346157162164247,5,3,False
ID1116,Merge Q1132,medbullets,7,0.0674354757713292,0.35219511129474895,6,3,False
ID1116,Merge Q1132,medbullets,8,0.0,0.34722502368636254,7,3,False
ID1116,Merge Q1132,medbullets,9,-0.1720038311587438,0.33454810400782575,9,3,False
ID1116,Merge Q1132,medbullets,10,0.8681853891945155,0.41121148474803887,2,3,True
ID1116,Merge Q1132,medbullets,11,0.6722064437309705,0.39676756606559493,4,3,False
ID1117,Merge Q2034,medxpert,1,45.1520890153356,1.0,1,2,True
ID1117,Merge Q2034,medxpert,2,27.4330910506981,0.6075708045619027,2,2,True
ID1117,Merge Q2034,medxpert,3,0.0,0.0,5,2,False
ID1117,Merge Q2034,medxpert,4,0.0,0.0,6,2,False
ID1117,Merge Q2034,medxpert,5,4.19675321317254,0.09294704419428172,4,2,False
ID1117,Merge Q2034,medxpert,6,0.0,0.0,7,2,False
ID1117,Merge Q2034,medxpert,7,16.7391917623312,0.37072906541812156,3,2,False
ID1121,Merge Q486,jama,1,0.142531791665565,0.5164193192981259,5,5,True
ID1121,Merge Q486,jama,2,1.05368978326965,1.0,1,5,True
ID1121,Merge Q486,jama,3,0.0,0.440773139963246,8,5,False
ID1121,Merge Q486,jama,4,0.0,0.440773139963246,9,5,False
ID1121,Merge Q486,jama,5,0.179652232759738,0.5361203243243474,4,5,True
ID1121,Merge Q486,jama,6,0.125715106230521,0.5074941666190487,6,5,False
ID1121,Merge Q486,jama,7,0.323342903022109,0.6123815575860526,2,5,True
ID1121,Merge Q486,jama,8,-0.0842432756636591,0.3960625398638403,13,5,False
ID1121,Merge Q486,jama,9,-0.830500441785703,0.0,14,5,False
ID1121,Merge Q486,jama,10,0.0750541166212475,0.48060675953265153,7,5,False
ID1121,Merge Q486,jama,11,0.0,0.440773139963246,10,5,False
ID1121,Merge Q486,jama,12,0.0,0.440773139963246,11,5,False
ID1121,Merge Q486,jama,13,0.250349338365984,0.5736415388313217,3,5,True
ID1121,Merge Q486,jama,14,-0.0642883759959403,0.40665324318156537,12,5,False
ID1125,Merge Q3165,medxpert,1,0.605509037771653,0.1249228498659562,4,1,False
ID1125,Merge Q3165,medxpert,2,0.0780070131969591,0.05646633935750347,5,1,False
ID1125,Merge Q3165,medxpert,3,1.24128416180611,0.20743048857041166,3,1,False
ID1125,Merge Q3165,medxpert,4,-0.357102929015578,0.0,6,1,False
ID1125,Merge Q3165,medxpert,5,2.22582267238288,0.33519885296600943,2,1,False
ID1125,Merge Q3165,medxpert,6,7.34854874175663,1.0,1,1,True
ID1127,Merge Q306,jama,1,1.09726864220658,0.1332712341416758,4,9,True
ID1127,Merge Q306,jama,2,1.29542655182255,0.14503202624994435,3,9,True
ID1127,Merge Q306,jama,3,-0.429065298289061,0.04268238913037956,9,9,True
ID1127,Merge Q306,jama,4,-0.752958256050054,0.023459145662876588,12,9,False
ID1127,Merge Q306,jama,5,0.0164683269836178,0.06912507998349757,6,9,True
ID1127,Merge Q306,jama,6,-0.474482493915151,0.03998685102678241,10,9,False
ID1127,Merge Q306,jama,7,3.16206279896347,0.25581801953645045,2,9,True
ID1127,Merge Q306,jama,8,0.0,0.06814767478982818,7,9,True
ID1127,Merge Q306,jama,9,0.364707962769808,0.08979331355680159,5,9,True
ID1127,Merge Q306,jama,10,-0.624731245865929,0.031069496480378295,11,9,False
ID1127,Merge Q306,jama,11,-1.14822204637451,0.0,13,9,False
ID1127,Merge Q306,jama,12,0.0,0.06814767478982818,8,9,True
ID1127,Merge Q306,jama,13,15.7008054503919,1.0,1,9,True
ID1130,Merge Q1061,medbullets,1,2.871489196138326,0.7659394540934354,3,3,True
ID1130,Merge Q1061,medbullets,2,-0.3574535212154033,0.0,4,3,False
ID1130,Merge Q1061,medbullets,3,3.858209609985352,1.0,1,3,True
ID1130,Merge Q1061,medbullets,4,3.5397675978222307,0.9244621777754763,2,3,True
ID1132,Merge Q569,jama,1,-2.82627618371314,0.0,17,10,False
ID1132,Merge Q569,jama,2,0.0652451542106817,0.33988855594336925,8,10,True
ID1132,Merge Q569,jama,3,-0.3410917930305,0.29212502177439514,13,10,False
ID1132,Merge Q569,jama,4,0.155019337502464,0.35044120762877873,7,10,True
ID1132,Merge Q569,jama,5,0.0,0.332219208684499,9,10,True
ID1132,Merge Q569,jama,6,0.336170199165548,0.37173487887755197,5,10,True
ID1132,Merge Q569,jama,7,-0.314129774954369,0.2952943158304422,12,10,False
ID1132,Merge Q569,jama,8,0.0,0.332219208684499,10,10,True
ID1132,Merge Q569,jama,9,0.842193241868812,0.43121617649162247,4,10,True
ID1132,Merge Q569,jama,10,2.82260893640346,0.6640073448480981,2,10,True
ID1132,Merge Q569,jama,11,-0.690322281758559,0.2510741587050581,14,10,False
ID1132,Merge Q569,jama,12,-0.722838890109771,0.24725194134435025,15,10,False
ID1132,Merge Q569,jama,13,-0.946852362086645,0.22091991518792214,16,10,False
ID1132,Merge Q569,jama,14,0.0,0.332219208684499,11,10,False
ID1132,Merge Q569,jama,15,0.294861372560263,0.36687916599090015,6,10,True
ID1132,Merge Q569,jama,16,5.68098682165146,1.0,1,10,True
ID1132,Merge Q569,jama,17,1.1961226677994,0.47281938374022914,3,10,True
ID1135,Merge Q325,jama,1,0.0,0.0856786178551541,8,8,True
ID1135,Merge Q325,jama,2,-0.229051741150649,0.0,10,8,False
ID1135,Merge Q325,jama,3,0.806238368153572,0.3872584648285078,5,8,True
ID1135,Merge Q325,jama,4,0.958247229413381,0.4441185832849328,4,8,True
ID1135,Merge Q325,jama,5,1.59924273170292,0.6838880275670304,2,8,True
ID1135,Merge Q325,jama,6,0.294859667384507,0.1959732117134005,7,8,True
ID1135,Merge Q325,jama,7,1.44295119923631,0.6254259420271705,3,8,True
ID1135,Merge Q325,jama,8,0.440312793043234,0.2503811053471594,6,8,True
ID1135,Merge Q325,jama,9,0.0,0.0856786178551541,9,8,False
ID1135,Merge Q325,jama,10,2.44433103374282,1.0,1,8,True
ID1137,Merge Q1254,medbullets,1,0.1576717734435598,0.3524904692488005,7,5,False
ID1137,Merge Q1254,medbullets,2,1.8294203640556164,0.7059301205979354,3,5,True
ID1137,Merge Q1254,medbullets,3,2.8609420359134674,0.9240135466034187,2,5,True
ID1137,Merge Q1254,medbullets,4,3.2203534542035457,1.0,1,5,True
ID1137,Merge Q1254,medbullets,5,-0.151293203018424,0.28716935926070297,8,5,False
ID1137,Merge Q1254,medbullets,6,-1.5095872421238998,0.0,9,5,False
ID1137,Merge Q1254,medbullets,7,1.4183930952048234,0.6190310884028944,4,5,True
ID1137,Merge Q1254,medbullets,8,0.2873790845877912,0.3799130775797977,6,5,False
ID1137,Merge Q1254,medbullets,9,0.5171037904321133,0.4284812776045234,5,5,True
ID1141,Merge Q1577,medxpert,1,38.1801324512132,1.0,1,6,True
ID1141,Merge Q1577,medxpert,2,30.4258155468825,0.7969017809396233,2,6,True
ID1141,Merge Q1577,medxpert,3,6.17934538051486,0.16184714362661956,5,6,True
ID1141,Merge Q1577,medxpert,4,26.3560331527249,0.6903075358997981,3,6,True
ID1141,Merge Q1577,medxpert,5,0.0,0.0,6,6,True
ID1141,Merge Q1577,medxpert,6,15.2317595551712,0.39894464940985824,4,6,True
ID1141,Merge Q1577,medxpert,7,0.0,0.0,7,6,False
ID1141,Merge Q1577,medxpert,8,0.0,0.0,8,6,False
ID1141,Merge Q1577,medxpert,9,0.0,0.0,9,6,False
ID1142,Merge Q1195,medbullets,1,-0.248109471604393,0.0,10,7,False
ID1142,Merge Q1195,medbullets,2,0.0,0.17673132285645596,5,7,True
ID1142,Merge Q1195,medbullets,3,-0.0411047860980033,0.14745189561066774,8,7,False
ID1142,Merge Q1195,medbullets,4,1.1557699742927643,1.0,1,7,True
ID1142,Merge Q1195,medbullets,5,-0.0,0.17673132285645596,6,7,True
ID1142,Merge Q1195,medbullets,6,0.3747181597689944,0.4436475177363721,3,7,True
ID1142,Merge Q1195,medbullets,7,-0.1577494349283948,0.0643645271252284,9,7,False
ID1142,Merge Q1195,medbullets,8,0.0,0.17673132285645596,7,7,True
ID1142,Merge Q1195,medbullets,9,0.2966034917225292,0.3880055120963896,4,7,True
ID1142,Merge Q1195,medbullets,10,0.6270956864031001,0.6234190268724877,2,7,True
ID1147,Merge Q2222,medxpert,1,0.0,0.0,2,3,True
ID1147,Merge Q2222,medxpert,2,0.0,0.0,3,3,True
ID1147,Merge Q2222,medxpert,3,0.0,0.0,4,3,False
ID1147,Merge Q2222,medxpert,4,0.0,0.0,5,3,False
ID1147,Merge Q2222,medxpert,5,0.0,0.0,6,3,False
ID1147,Merge Q2222,medxpert,6,0.105555385380236,1.0,1,3,True
ID1148,Merge Q101,jama,1,0.352785354765754,0.8524369886007069,2,6,True
ID1148,Merge Q101,jama,2,0.161730891219671,0.6884086537258918,4,6,True
ID1148,Merge Q101,jama,3,-0.640103414654732,0.0,18,6,False
ID1148,Merge Q101,jama,4,0.52466158580628,1.0,1,6,True
ID1148,Merge Q101,jama,5,0.0,0.5495558455150868,8,6,False
ID1148,Merge Q101,jama,6,0.115510775006249,0.6487267297368225,5,6,True
ID1148,Merge Q101,jama,7,-0.470746418975677,0.1454001413263824,17,6,False
ID1148,Merge Q101,jama,8,0.0,0.5495558455150868,9,6,False
ID1148,Merge Q101,jama,9,-0.446611065753553,0.1661213625277159,16,6,False
ID1148,Merge Q101,jama,10,0.0,0.5495558455150868,10,6,False
ID1148,Merge Q101,jama,11,-0.0920367096849679,0.4705384388720817,15,6,False
ID1148,Merge Q101,jama,12,0.0,0.5495558455150868,11,6,False
ID1148,Merge Q101,jama,13,0.176735310060403,0.7012905816983096,3,6,True
ID1148,Merge Q101,jama,14,0.0,0.5495558455150868,12,6,False
ID1148,Merge Q101,jama,15,0.0963163169321453,0.6322474759246746,6,6,True
ID1148,Merge Q101,jama,16,0.0,0.5495558455150868,13,6,False
ID1148,Merge Q101,jama,17,0.0,0.5495558455150868,14,6,False
ID1148,Merge Q101,jama,18,0.0851970501244068,0.6227011152396116,7,6,False
ID1149,Merge Q801,jama,1,-1.70429514325077,0.3271621521969826,3,5,True
ID1149,Merge Q801,jama,2,-1.84249608140636,0.3222126734568311,4,5,True
ID1149,Merge Q801,jama,3,0.0,0.3881991660627378,2,5,True
ID1149,Merge Q801,jama,4,-2.40110292593533,0.3022069286478736,6,5,False
ID1149,Merge Q801,jama,5,-10.8394220397128,0.0,9,5,False
ID1149,Merge Q801,jama,6,-3.2753095607801,0.270898406351214,7,5,False
ID1149,Merge Q801,jama,7,-4.43981268630183,0.2291933098480276,8,5,False
ID1149,Merge Q801,jama,8,-1.9108602170822,0.31976430486663043,5,5,True
ID1149,Merge Q801,jama,9,17.0828997665144,1.0,1,5,True
ID1150,Merge Q102,jama,1,0.0,0.30271068659871186,11,6,False
ID1150,Merge Q102,jama,2,-1.32567475527707,0.1668571195957076,16,6,False
ID1150,Merge Q102,jama,3,0.583344921469688,0.36249117804978515,7,6,False
ID1150,Merge Q102,jama,4,-1.15223904712441,0.1846306040076563,15,6,False
ID1150,Merge Q102,jama,5,0.0977363302009174,0.31272658908966866,10,6,False
ID1150,Merge Q102,jama,6,0.248442753428119,0.32817080350514233,9,6,False
ID1150,Merge Q102,jama,7,0.967758648353568,0.40188543806281435,5,6,True
ID1150,Merge Q102,jama,8,0.578083036388973,0.3619519463456817,8,6,False
ID1150,Merge Q102,jama,9,0.783900367469464,0.3830438608345256,6,6,True
ID1150,Merge Q102,jama,10,-0.9000823899406,0.21047131733919636,14,6,False
ID1150,Merge Q102,jama,11,1.3252723208966,0.43852301260662757,4,6,True
ID1150,Merge Q102,jama,12,2.91159547067474,0.6010875160483179,2,6,True
ID1150,Merge Q102,jama,13,-2.95388574793643,0.0,17,6,False
ID1150,Merge Q102,jama,14,-0.0526287243041112,0.29731735773349044,13,6,False
ID1150,Merge Q102,jama,15,6.8042294383049,1.0,1,6,True
ID1150,Merge Q102,jama,16,2.21270374953747,0.5294659264484444,3,6,True
ID1150,Merge Q102,jama,17,0.0,0.30271068659871186,12,6,False
ID1151,Merge Q2088,medxpert,1,4.34426005906874,0.611698755378057,2,2,True
ID1151,Merge Q2088,medxpert,2,7.68065452275052,1.0,1,2,True
ID1151,Merge Q2088,medxpert,3,-0.91162919998169,0.0,5,2,False
ID1151,Merge Q2088,medxpert,4,2.03420293486917,0.34284623621741067,3,2,False
ID1151,Merge Q2088,medxpert,5,0.779805768261281,0.1968551112631464,4,2,False
ID1153,Merge Q1062,medbullets,1,0.2374025636517132,0.13207117549229078,7,5,False
ID1153,Merge Q1062,medbullets,2,2.5686562708985514,0.6692112610726431,2,5,True
ID1153,Merge Q1062,medbullets,3,1.6497992724180222,0.45749902860918673,5,5,True
ID1153,Merge Q1062,medbullets,4,-0.3358025010088208,0.0,9,5,False
ID1153,Merge Q1062,medbullets,5,0.3171407025195832,0.15044350047878385,6,5,False
ID1153,Merge Q1062,medbullets,6,2.2084317417323667,0.5862125579186327,3,5,True
ID1153,Merge Q1062,medbullets,7,4.004319880153698,1.0,1,5,True
ID1153,Merge Q1062,medbullets,8,-0.0,0.07737166639961769,8,5,False
ID1153,Merge Q1062,medbullets,9,1.9114182610287285,0.517778201783246,4,5,True
ID1154,Merge Q2533,medxpert,1,-0.464749140585189,0.19143148364536441,6,5,False
ID1154,Merge Q2533,medxpert,2,-0.183333928993786,0.21584050658205053,4,5,True
ID1154,Merge Q2533,medxpert,3,0.00636424496769905,0.2322942975945859,3,5,True
ID1154,Merge Q2533,medxpert,4,-1.23871675486938,0.12430009745453995,9,5,False
ID1154,Merge Q2533,medxpert,5,-0.701228514397103,0.17092004637519617,8,5,False
ID1154,Merge Q2533,medxpert,6,-0.630281115939788,0.17707378862121667,7,5,False
ID1154,Merge Q2533,medxpert,7,-2.6717908404948,0.0,10,5,False
ID1154,Merge Q2533,medxpert,8,-0.376453414376455,0.19908996235393392,5,5,True
ID1154,Merge Q2533,medxpert,9,8.85735607871446,1.0,1,5,True
ID1154,Merge Q2533,medxpert,10,8.35093079167109,0.9560743487274335,2,5,True
ID1157,Merge Q1096,medbullets,1,3.013267589662918,0.7002677028031188,2,8,True
ID1157,Merge Q1096,medbullets,2,-0.9643323069863003,0.0,11,8,False
ID1157,Merge Q1096,medbullets,3,2.8228830993175507,0.6667499752368535,4,8,True
ID1157,Merge Q1096,medbullets,4,2.884960790541576,0.677678928213092,3,8,True
ID1157,Merge Q1096,medbullets,5,0.1326482166658274,0.19312652133885125,9,8,False
ID1157,Merge Q1096,medbullets,6,2.223218438141516,0.5611773169391442,5,8,True
ID1157,Merge Q1096,medbullets,7,4.715780999292408,1.0,1,8,True
ID1157,Merge Q1096,medbullets,8,1.5416972402326032,0.4411935840168502,7,8,True
ID1157,Merge Q1096,medbullets,9,0.4155865592102331,0.2429386161489407,8,8,True
ID1157,Merge Q1096,medbullets,10,-0.2243352233768746,0.1302785778571432,10,8,False
ID1157,Merge Q1096,medbullets,11,2.065700124476195,0.5334457726597012,6,8,True
ID1158,Merge Q1141,medbullets,1,3.3123783249396843,0.9435873351775436,2,6,True
ID1158,Merge Q1141,medbullets,2,-0.5534248759212463,0.3700026857516126,7,6,False
ID1158,Merge Q1141,medbullets,3,1.0808993875980375,0.6124938993576836,6,6,True
ID1158,Merge Q1141,medbullets,4,-3.0471414848599454,0.0,10,6,False
ID1158,Merge Q1141,medbullets,5,-0.6294331070903292,0.3587250411423644,8,6,False
ID1158,Merge Q1141,medbullets,6,-1.5951589906041994,0.21543643757002295,9,6,False
ID1158,Merge Q1141,medbullets,7,1.295564858006647,0.6443446719373002,5,6,True
ID1158,Merge Q1141,medbullets,8,1.5489832310253653,0.6819453673409512,4,6,True
ID1158,Merge Q1141,medbullets,9,3.6925842116523286,1.0,1,6,True
ID1158,Merge Q1141,medbullets,10,3.017042418807635,0.8997671680919777,3,6,True
ID1161,Merge Q3211,medxpert,1,-3.27007263770036,0.04270808874723959,2,2,True
ID1161,Merge Q3211,medxpert,2,-4.15278059026867,0.0,3,2,False
ID1161,Merge Q3211,medxpert,3,16.5156215429306,1.0,1,2,True
ID1162,Merge Q634,jama,1,0.806011227177566,0.8839054317185024,4,12,True
ID1162,Merge Q634,jama,2,-1.1991287020777,0.6369470472726378,16,12,False
ID1162,Merge Q634,jama,3,1.44894607365131,0.9630910030955973,3,12,True
ID1162,Merge Q634,jama,4,0.325826334120194,0.8247645789058994,5,12,True
ID1162,Merge Q634,jama,5,0.0,0.7846349381211151,7,12,True
ID1162,Merge Q634,jama,6,-0.0470376211836631,0.7788416591752371,12,12,True
ID1162,Merge Q634,jama,7,0.0,0.7846349381211151,8,12,True
ID1162,Merge Q634,jama,8,0.0,0.7846349381211151,9,12,True
ID1162,Merge Q634,jama,9,0.0,0.7846349381211151,10,12,True
ID1162,Merge Q634,jama,10,0.238974415141904,0.8140676647983298,6,12,True
ID1162,Merge Q634,jama,11,-0.588664642045899,0.7121334299425549,15,12,False
ID1162,Merge Q634,jama,12,-0.155313763478762,0.7655060805529712,13,12,False
ID1162,Merge Q634,jama,13,1.55786474751974,0.9765057176210438,2,12,True
ID1162,Merge Q634,jama,14,-1.45678594144748,0.6052132941080018,17,12,False
ID1162,Merge Q634,jama,15,1.74862289413197,1.0,1,12,True
ID1162,Merge Q634,jama,16,-6.37072050760951,0.0,18,12,False
ID1162,Merge Q634,jama,17,0.0,0.7846349381211151,11,12,True
ID1162,Merge Q634,jama,18,-0.371800873428583,0.7388429503910682,14,12,False
ID1163,Merge Q3964,mmlu,1,-0.0213552816330534,0.1892161141601561,8,4,False
ID1163,Merge Q3964,mmlu,2,0.0,0.20963459841282234,4,4,True
ID1163,Merge Q3964,mmlu,3,0.0,0.20963459841282234,5,4,False
ID1163,Merge Q3964,mmlu,4,0.0,0.20963459841282234,6,4,False
ID1163,Merge Q3964,mmlu,5,-0.219252606302218,0.0,9,4,False
ID1163,Merge Q3964,mmlu,6,0.136834628651379,0.34046666882734544,3,4,True
ID1163,Merge Q3964,mmlu,7,0.0,0.20963459841282234,7,4,False
ID1163,Merge Q3964,mmlu,8,0.417259701473023,0.608590266157906,2,4,True
ID1163,Merge Q3964,mmlu,9,0.826627262584956,1.0,1,4,True
ID1164,Merge Q310,jama,1,-0.791509352827698,0.3392180451030357,4,3,False
ID1164,Merge Q310,jama,2,0.0445496559295451,0.6095845388804383,2,3,True
ID1164,Merge Q310,jama,3,-0.0611967276781797,0.575388054342632,3,3,True
ID1164,Merge Q310,jama,4,1.25183817332942,1.0,1,3,True
ID1164,Merge Q310,jama,5,-1.84047921066412,0.0,5,3,False
ID1167,Merge Q592,jama,1,2.01844982384616,0.36289585237259003,3,6,True
ID1167,Merge Q592,jama,2,1.09650442981704,0.2637030287605828,5,6,True
ID1167,Merge Q592,jama,3,0.342548936605454,0.18258436952784463,8,6,False
ID1167,Merge Q592,jama,4,7.93999951900816,1.0,1,6,True
ID1167,Merge Q592,jama,5,-1.35447724309421,0.0,15,6,False
ID1167,Merge Q592,jama,6,1.08955492037674,0.26295532562266805,6,6,True
ID1167,Merge Q592,jama,7,0.0,0.14572926241711676,10,6,False
ID1167,Merge Q592,jama,8,0.0,0.14572926241711676,11,6,False
ID1167,Merge Q592,jama,9,1.1362282748614,0.2679769482141589,4,6,True
ID1167,Merge Q592,jama,10,-1.32379112114502,0.0033015437807441465,14,6,False
ID1167,Merge Q592,jama,11,0.385467317784127,0.18720199161429385,7,6,False
ID1167,Merge Q592,jama,12,-0.944788830575468,0.044078695660332394,13,6,False
ID1167,Merge Q592,jama,13,0.175067018677122,0.16456485942360413,9,6,False
ID1167,Merge Q592,jama,14,0.0,0.14572926241711676,12,6,False
ID1167,Merge Q592,jama,15,7.10791857191771,0.9104757622846283,2,6,True
ID1170,Merge Q97,jama,1,-0.0835058650159561,0.10735915668401348,10,8,False
ID1170,Merge Q97,jama,2,-0.222493356975835,0.0,11,8,False
ID1170,Merge Q97,jama,3,0.277797225862741,0.3864432281863725,3,8,True
ID1170,Merge Q97,jama,4,0.0,0.17186222181501132,5,8,True
ID1170,Merge Q97,jama,5,0.0,0.17186222181501132,6,8,True
ID1170,Merge Q97,jama,6,0.190188649323275,0.31877107464985865,4,8,True
ID1170,Merge Q97,jama,7,0.0,0.17186222181501132,7,8,True
ID1170,Merge Q97,jama,8,0.0,0.17186222181501132,8,8,True
ID1170,Merge Q97,jama,9,0.55235202649991,0.5985196635857727,2,8,True
ID1170,Merge Q97,jama,10,0.0,0.17186222181501132,9,8,False
ID1170,Merge Q97,jama,11,1.07210969555145,1.0,1,8,True
ID1171,Merge Q210,jama,1,-0.701826797095609,0.0,9,7,False
ID1171,Merge Q210,jama,2,-0.264122697921987,0.6236639880166818,6,7,True
ID1171,Merge Q210,jama,3,0.0,1.0,1,7,True
ID1171,Merge Q210,jama,4,-0.402857405915282,0.4259874265524785,8,7,False
ID1171,Merge Q210,jama,5,-0.294924038238858,0.5797766066223874,7,7,True
ID1171,Merge Q210,jama,6,0.0,1.0,2,7,True
ID1171,Merge Q210,jama,7,0.0,1.0,3,7,True
ID1171,Merge Q210,jama,8,0.0,1.0,4,7,True
ID1171,Merge Q210,jama,9,0.0,1.0,5,7,True
ID1172,Merge Q1482,medxpert,1,2.85236090409967,0.0,4,3,False
ID1172,Merge Q1482,medxpert,2,35.2586878042843,0.4600807321996521,2,3,True
ID1172,Merge Q1482,medxpert,3,16.3342619538307,0.1914059228467566,3,3,True
ID1172,Merge Q1482,medxpert,4,73.2885357581292,1.0,1,3,True
ID1175,Merge Q208,jama,1,1.04027511270583,0.7165492574789704,4,12,True
ID1175,Merge Q208,jama,2,0.0,0.5301604355284504,8,12,True
ID1175,Merge Q208,jama,3,-0.0374365635216236,0.5234528281970382,13,12,False
ID1175,Merge Q208,jama,4,2.62227316407445,1.0,1,12,True
ID1175,Merge Q208,jama,5,-0.431064876010558,0.45292541044468193,15,12,False
ID1175,Merge Q208,jama,6,1.78624200525569,0.8502061032673943,2,12,True
ID1175,Merge Q208,jama,7,-2.55666334538311,0.07207635445249766,16,12,False
ID1175,Merge Q208,jama,8,0.188007747964542,0.5638462771223468,7,12,True
ID1175,Merge Q208,jama,9,-0.219442588538374,0.49084233105409447,14,12,False
ID1175,Merge Q208,jama,10,0.0,0.5301604355284504,9,12,True
ID1175,Merge Q208,jama,11,1.08964389436285,0.7253947916475711,3,12,True
ID1175,Merge Q208,jama,12,0.0,0.5301604355284504,10,12,True
ID1175,Merge Q208,jama,13,0.320758006047076,0.5876314892411604,6,12,True
ID1175,Merge Q208,jama,14,-2.64003125969911,0.05713910646103756,17,12,False
ID1175,Merge Q208,jama,15,0.521391626447439,0.6235795415336182,5,12,True
ID1175,Merge Q208,jama,16,0.0,0.5301604355284504,11,12,True
ID1175,Merge Q208,jama,17,-2.95893659850449,0.0,18,12,False
ID1175,Merge Q208,jama,18,0.0,0.5301604355284504,12,12,True
ID1176,Merge Q2643,medxpert,1,-0.0444462134579721,0.3030564410509311,7,4,False
ID1176,Merge Q2643,medxpert,2,-0.784055266491433,0.17765948726347883,8,4,False
ID1176,Merge Q2643,medxpert,3,2.37138283252716,0.7126479705154539,2,4,True
ID1176,Merge Q2643,medxpert,4,1.18456699541671,0.5114293806807745,4,4,True
ID1176,Merge Q2643,medxpert,5,0.0,0.31059207051917187,6,4,False
ID1176,Merge Q2643,medxpert,6,4.06622593672683,1.0,1,4,True
ID1176,Merge Q2643,medxpert,7,0.859952839069077,0.4563927012413797,5,4,False
ID1176,Merge Q2643,medxpert,8,2.07584464283381,0.6625409733614755,3,4,True
ID1176,Merge Q2643,medxpert,9,-1.83191616875922,0.0,9,4,False
ID1179,Merge Q3000,medxpert,1,4.67575926637636,1.0,1,8,True
ID1179,Merge Q3000,medxpert,2,1.31389479826107,0.7637868083548874,6,8,True
ID1179,Merge Q3000,medxpert,3,-9.55657231807709,0.0,11,8,False
ID1179,Merge Q3000,medxpert,4,0.0,0.6714692010489778,9,8,False
ID1179,Merge Q3000,medxpert,5,3.24522735979967,0.8994871712981084,2,8,True
ID1179,Merge Q3000,medxpert,6,0.0,0.6714692010489778,10,8,False
ID1179,Merge Q3000,medxpert,7,0.164408580524125,0.6830209682031182,8,8,True
ID1179,Merge Q3000,medxpert,8,2.3897389918497,0.8393783716349209,3,8,True
ID1179,Merge Q3000,medxpert,9,1.13609264516002,0.7512939745527808,7,8,True
ID1179,Merge Q3000,medxpert,10,2.29778759115473,0.8329176311617708,4,8,True
ID1179,Merge Q3000,medxpert,11,1.91775681733014,0.8062156974997057,5,8,True
ID1180,Merge Q3906,mmlu,1,3.15466170317402,0.8781680208724253,4,4,True
ID1180,Merge Q3906,mmlu,2,-3.37598711782577,0.0,5,4,False
ID1180,Merge Q3906,mmlu,3,4.06068634986877,1.0,1,4,True
ID1180,Merge Q3906,mmlu,4,3.87153849965322,0.9745655297308371,2,4,True
ID1180,Merge Q3906,mmlu,5,3.79528280088808,0.9643115231381851,3,4,True
ID1181,Merge Q3910,mmlu,1,-0.808421296172786,0.0,4,2,False
ID1181,Merge Q3910,mmlu,2,0.694473655785359,1.0,1,2,True
ID1181,Merge Q3910,mmlu,3,-0.458604399114847,0.23276204142023177,3,2,False
ID1181,Merge Q3910,mmlu,4,-0.302714589648144,0.33648839252919766,2,2,True
ID1182,Merge Q3953,mmlu,1,2.42141894156774,1.0,1,5,True
ID1182,Merge Q3953,mmlu,2,1.99202625966808,0.8473088734439228,2,5,True
ID1182,Merge Q3953,mmlu,3,0.0,0.13894856238234563,7,5,False
ID1182,Merge Q3953,mmlu,4,-0.390746320321015,0.0,9,5,False
ID1182,Merge Q3953,mmlu,5,0.0,0.13894856238234563,8,5,False
ID1182,Merge Q3953,mmlu,6,1.13558506628604,0.5427602023580628,5,5,True
ID1182,Merge Q3953,mmlu,7,1.57415288888307,0.6987139894774127,3,5,True
ID1182,Merge Q3953,mmlu,8,0.00381078323339776,0.14030366881404882,6,5,False
ID1182,Merge Q3953,mmlu,9,1.3038127670217,0.6025816157776538,4,5,True
ID1184,Merge Q1858,medxpert,1,31.9947249625687,0.4573357738166311,2,3,True
ID1184,Merge Q1858,medxpert,2,0.0,0.0036945870963804024,6,3,False
ID1184,Merge Q1858,medxpert,3,11.0245752520859,0.16000789831546308,4,3,False
ID1184,Merge Q1858,medxpert,4,27.0308422168018,0.38695474500127713,3,3,True
ID1184,Merge Q1858,medxpert,5,0.0,0.0036945870963804024,7,3,False
ID1184,Merge Q1858,medxpert,6,70.2681295211125,1.0,1,3,True
ID1184,Merge Q1858,medxpert,7,-0.260574439577599,0.0,9,3,False
ID1184,Merge Q1858,medxpert,8,0.0,0.0036945870963804024,8,3,False
ID1184,Merge Q1858,medxpert,9,1.36271601284405,0.023016025550765925,5,3,False
ID1185,Merge Q230,jama,1,-7.17597842062656,0.0,14,2,False
ID1185,Merge Q230,jama,2,-0.198498208294425,0.5660263634256815,11,2,False
ID1185,Merge Q230,jama,3,-0.878212496638298,0.5108866575301683,13,2,False
ID1185,Merge Q230,jama,4,0.928187106347599,0.6574252025431041,4,2,False
ID1185,Merge Q230,jama,5,0.0,0.5821289127082762,6,2,False
ID1185,Merge Q230,jama,6,1.54261265645528,0.7072685627734348,3,2,False
ID1185,Merge Q230,jama,7,5.15115095565075,1.0,1,2,True
ID1185,Merge Q230,jama,8,0.0,0.5821289127082762,7,2,False
ID1185,Merge Q230,jama,9,0.857111867174902,0.6516594450010866,5,2,False
ID1185,Merge Q230,jama,10,0.0,0.5821289127082762,8,2,False
ID1185,Merge Q230,jama,11,-0.845193353977438,0.5135652326998589,12,2,False
ID1185,Merge Q230,jama,12,0.0,0.5821289127082762,9,2,False
ID1185,Merge Q230,jama,13,4.332090640372569,0.9335562814117614,2,2,True
ID1185,Merge Q230,jama,14,0.0,0.5821289127082762,10,2,False
ID1187,Merge Q3939,mmlu,1,-8.01782214895029,0.0,12,5,False
ID1187,Merge Q3939,mmlu,2,-0.787537278059837,0.47131540968697944,10,5,False
ID1187,Merge Q3939,mmlu,3,-0.131423782557249,0.5140850109483298,9,5,False
ID1187,Merge Q3939,mmlu,4,0.0205570554903754,0.5239920771605308,8,5,False
ID1187,Merge Q3939,mmlu,5,1.54876883734165,0.6236105257989171,5,5,True
ID1187,Merge Q3939,mmlu,6,-3.36712469183399,0.3031616895422561,11,5,False
ID1187,Merge Q3939,mmlu,7,5.82192751118075,0.9021618646440086,2,5,True
ID1187,Merge Q3939,mmlu,8,0.178371267838536,0.534279399371964,7,5,False
ID1187,Merge Q3939,mmlu,9,0.761694806893618,0.5723040937926065,6,5,False
ID1187,Merge Q3939,mmlu,10,3.79371483492258,0.7699502152397693,3,5,True
ID1187,Merge Q3939,mmlu,11,1.62796423567174,0.6287729795992572,4,5,True
ID1187,Merge Q3939,mmlu,12,7.32282812958058,1.0,1,5,True
ID1190,Merge Q2621,medxpert,1,-0.160205217254563,0.002831328753614383,4,3,False
ID1190,Merge Q2621,medxpert,2,-0.204433806488587,0.0,5,3,False
ID1190,Merge Q2621,medxpert,3,0.267234619706869,0.03019423410032507,2,3,True
ID1190,Merge Q2621,medxpert,4,0.0,0.01308699473680483,3,3,True
ID1190,Merge Q2621,medxpert,5,15.4167084496211,1.0,1,3,True
ID1193,Merge Q136,jama,1,3.71693635464442,1.0,1,2,True
ID1193,Merge Q136,jama,2,-0.137114199509294,0.0,4,2,False
ID1193,Merge Q136,jama,3,2.54161405563355,0.6950423243036697,2,2,True
ID1193,Merge Q136,jama,4,0.419870251610975,0.14451923847235928,3,2,False
ID1194,Merge Q3154,medxpert,1,3.85332972929282,1.0,1,4,True
ID1194,Merge Q3154,medxpert,2,2.25631984665008,0.6530927437727925,4,4,True
ID1194,Merge Q3154,medxpert,3,1.03096872568131,0.38691831372682495,5,4,False
ID1194,Merge Q3154,medxpert,4,-0.75023463546286,0.0,7,4,False
ID1194,Merge Q3154,medxpert,5,0.0,0.16296820811425242,6,4,False
ID1194,Merge Q3154,medxpert,6,2.8091573804482,0.773181763930863,3,4,True
ID1194,Merge Q3154,medxpert,7,2.83105077555241,0.7779375126007032,2,4,True
ID1197,Merge Q674,jama,1,0.0,0.005032202218128583,5,6,True
ID1197,Merge Q674,jama,2,-0.0613817244414944,0.0,6,6,True
ID1197,Merge Q674,jama,3,2.31157439947128,0.1945399087257208,3,6,True
ID1197,Merge Q674,jama,4,1.58022953909644,0.13458272664780382,4,6,True
ID1197,Merge Q674,jama,5,4.74255230374494,0.3938365644227672,2,6,True
ID1197,Merge Q674,jama,6,12.1364040124603,1.0,1,6,True
ID1199,Merge Q1860,medxpert,1,13.4429027532516,1.0,1,3,True
ID1199,Merge Q1860,medxpert,2,-0.687291948137272,0.03715683131497173,4,3,False
ID1199,Merge Q1860,medxpert,3,0.0,0.0839894738327109,3,3,True
ID1199,Merge Q1860,medxpert,4,-1.23258663167775,0.0,5,3,False
ID1199,Merge Q1860,medxpert,5,11.0877863279332,0.8395204164205297,2,3,True
ID1200,Merge Q1108,medbullets,1,5.772484730662328,0.0855194157644073,3,7,True
ID1200,Merge Q1108,medbullets,2,0.456906564619905,0.006769075067043674,7,7,True
ID1200,Merge Q1108,medbullets,3,12.396677300333977,0.183656891201999,2,7,True
ID1200,Merge Q1108,medbullets,4,0.5822101023047481,0.008625448160436274,6,7,True
ID1200,Merge Q1108,medbullets,5,0.0,0.0,8,7,False
ID1200,Merge Q1108,medbullets,6,5.771643522920221,0.08550695326376882,4,7,True
ID1200,Merge Q1108,medbullets,7,0.0,0.0,9,7,False
ID1200,Merge Q1108,medbullets,8,2.7142748055275594,0.040212006860715174,5,7,True
ID1200,Merge Q1108,medbullets,9,67.49911326060302,1.0,1,7,True
ID1200,Merge Q1108,medbullets,10,-0.0,0.0,10,7,False
ID1201,Merge Q604,jama,1,3.13667863296172,0.7208436125752393,2,6,True
ID1201,Merge Q604,jama,2,-2.21742567127623,0.0,13,6,False
ID1201,Merge Q604,jama,3,1.89729125797749,0.5539801332708455,4,6,True
ID1201,Merge Q604,jama,4,-0.478576241244925,0.23410797280807993,10,6,False
ID1201,Merge Q604,jama,5,0.0,0.2985405290357592,5,6,True
ID1201,Merge Q604,jama,6,-0.450272051753539,0.2379186744763002,9,6,False
ID1201,Merge Q604,jama,7,0.0,0.2985405290357592,6,6,True
ID1201,Merge Q604,jama,8,-1.79551851142222,0.05680298029304274,12,6,False
ID1201,Merge Q604,jama,9,0.0,0.2985405290357592,7,6,False
ID1201,Merge Q604,jama,10,-0.589113516738076,0.21922591514483306,11,6,False
ID1201,Merge Q604,jama,11,5.21012756056864,1.0,1,6,True
ID1201,Merge Q604,jama,12,1.99274909979108,0.566831988900008,3,6,True
ID1201,Merge Q604,jama,13,0.0,0.2985405290357592,8,6,False
ID1202,Merge Q1213,medbullets,1,2.597899537763059,0.9947858234795405,2,3,True
ID1202,Merge Q1213,medbullets,2,-0.0981632178841125,0.28442184750280614,7,3,False
ID1202,Merge Q1213,medbullets,3,-0.5289441905915737,0.1709188202061951,9,3,False
ID1202,Merge Q1213,medbullets,4,0.330242899249153,0.3972991431303295,4,3,False
ID1202,Merge Q1213,medbullets,5,2.617689036658821,1.0,1,3,True
ID1202,Merge Q1213,medbullets,6,-0.2722703255270492,0.23854776056918894,8,3,False
ID1202,Merge Q1213,medbullets,7,-0.0,0.310286087348399,6,3,False
ID1202,Merge Q1213,medbullets,8,-1.1776368058997717,0.0,10,3,False
ID1202,Merge Q1213,medbullets,9,0.6055592134412981,0.4698400330599653,3,3,True
ID1202,Merge Q1213,medbullets,10,0.1860725360737548,0.3593128491582138,5,3,False
ID1204,Merge Q138,jama,1,0.470283832769707,0.6836229713505789,6,4,False
ID1204,Merge Q138,jama,2,-0.879838467052212,0.0,8,4,False
ID1204,Merge Q138,jama,3,0.748168274760246,0.8243274008313205,4,4,True
ID1204,Merge Q138,jama,4,1.0132916832588,0.9585703892748717,2,4,True
ID1204,Merge Q138,jama,5,0.0,0.4454987427687895,7,4,False
ID1204,Merge Q138,jama,6,1.09511316038446,1.0,1,4,True
ID1204,Merge Q138,jama,7,0.914786681098667,0.9086932172005437,3,4,True
ID1204,Merge Q138,jama,8,0.504207697822371,0.7008000325916658,5,4,False
ID1206,Merge Q3970,mmlu,1,3.82632386097048,0.5689883602449836,2,5,True
ID1206,Merge Q3970,mmlu,2,0.96463276536113,0.3289443596734424,8,5,False
ID1206,Merge Q3970,mmlu,3,2.84390571713448,0.4865812891805064,3,5,True
ID1206,Merge Q3970,mmlu,4,-1.28384495620743,0.14033784364891183,11,5,False
ID1206,Merge Q3970,mmlu,5,-0.914684106938875,0.1713037460304694,10,5,False
ID1206,Merge Q3970,mmlu,6,1.83283911910933,0.401771132204938,4,5,True
ID1206,Merge Q3970,mmlu,7,1.26474545580723,0.35411837337027385,5,5,True
ID1206,Merge Q3970,mmlu,8,1.22896691721449,0.3511172026458788,6,5,False
ID1206,Merge Q3970,mmlu,9,0.0,0.24802915941477544,9,5,False
ID1206,Merge Q3970,mmlu,10,-1.9928613883132,0.08086421943602684,12,5,False
ID1206,Merge Q3970,mmlu,11,0.973662493446004,0.32970179015113854,7,5,False
ID1206,Merge Q3970,mmlu,12,8.96464087224406,1.0,1,5,True
ID1206,Merge Q3970,mmlu,13,-2.36318112283031,0.049801107592660744,13,5,False
ID1206,Merge Q3970,mmlu,14,-2.95688638440766,0.0,14,5,False
ID1208,Merge Q2338,medxpert,1,30.3320077360289,0.6032269954238149,2,6,True
ID1208,Merge Q2338,medxpert,2,3.57018622498885,0.056800254640774026,5,6,True
ID1208,Merge Q2338,medxpert,3,6.53542757034302,0.11734498113887812,4,6,True
ID1208,Merge Q2338,medxpert,4,49.7643808912127,1.0,1,6,True
ID1208,Merge Q2338,medxpert,5,1.12283939610237,0.006829973256060534,6,6,True
ID1208,Merge Q2338,medxpert,6,0.788334307749743,0.0,7,6,False
ID1208,Merge Q2338,medxpert,7,8.96539715610353,0.1669604514610785,3,6,True
ID1209,Merge Q3913,mmlu,1,3.13417517748278,0.7844429181430951,3,3,True
ID1209,Merge Q3913,mmlu,2,3.98389046531111,1.0,1,3,True
ID1209,Merge Q3913,mmlu,3,3.93685160743458,0.9880671101450219,2,3,True
ID1209,Merge Q3913,mmlu,4,0.0419402379815179,0.0,4,3,False
ID1212,Merge Q1982,medxpert,1,0.0,0.07875627760637008,3,3,True
ID1212,Merge Q1982,medxpert,2,-2.74379374723531,0.0,4,3,False
ID1212,Merge Q1982,medxpert,3,10.194485783577,0.37137293410053174,2,3,True
ID1212,Merge Q1982,medxpert,4,32.0952543975869,1.0,1,3,True
ID1215,Merge Q523,jama,1,-0.829343893806711,0.2106491240804421,11,7,False
ID1215,Merge Q523,jama,2,1.14130900841847,0.7384985249986212,3,7,True
ID1215,Merge Q523,jama,3,0.0,0.43279310337111865,8,7,False
ID1215,Merge Q523,jama,4,0.126601506024599,0.4667039605469136,7,7,True
ID1215,Merge Q523,jama,5,0.262498320001343,0.5031046132256859,5,7,True
ID1215,Merge Q523,jama,6,2.11758868165715,1.0,1,7,True
ID1215,Merge Q523,jama,7,-0.706285263521382,0.24361100397343413,10,7,False
ID1215,Merge Q523,jama,8,0.177095683774223,0.48022908282740207,6,7,True
ID1215,Merge Q523,jama,9,0.0,0.43279310337111865,9,7,False
ID1215,Merge Q523,jama,10,-1.6157733318211,0.0,12,7,False
ID1215,Merge Q523,jama,11,1.8819747360245,0.9368896065310482,2,7,True
ID1215,Merge Q523,jama,12,0.269473303873862,0.5049728981247494,4,7,True
ID1217,Merge Q804,jama,1,0.850352900773279,0.2772804955582099,5,7,True
ID1217,Merge Q804,jama,2,0.481367607425612,0.1683749458813959,6,7,True
ID1217,Merge Q804,jama,3,0.184716794639826,0.08081882803344337,7,7,True
ID1217,Merge Q804,jama,4,0.115374129970145,0.060352426938180465,8,7,False
ID1217,Merge Q804,jama,5,1.38896095319332,0.4362499912716728,3,7,True
ID1217,Merge Q804,jama,6,-0.0736511767310964,0.004561843139138636,9,7,False
ID1217,Merge Q804,jama,7,1.41362646947937,0.44352998767701374,2,7,True
ID1217,Merge Q804,jama,8,1.24911530702682,0.3949747230150546,4,7,True
ID1217,Merge Q804,jama,9,-0.0891072580226036,0.0,10,7,False
ID1217,Merge Q804,jama,10,3.2990147838996,1.0,1,7,True
ID1218,Merge Q1151,medbullets,1,-1.3061104727083237,0.09507463194721644,12,4,False
ID1218,Merge Q1151,medbullets,2,-0.7159532046299268,0.19500470528847086,9,4,False
ID1218,Merge Q1151,medbullets,3,4.038109391927719,1.0,1,4,True
ID1218,Merge Q1151,medbullets,4,2.393592305110656,0.7215374240299205,3,4,True
ID1218,Merge Q1151,medbullets,5,-0.9274309587609524,0.15919562756725938,10,4,False
ID1218,Merge Q1151,medbullets,6,0.7208840482454862,0.43830129727454614,6,4,False
ID1218,Merge Q1151,medbullets,7,-1.150391564141572,0.12144218309907051,11,4,False
ID1218,Merge Q1151,medbullets,8,1.4783240151975772,0.5665569937528363,5,4,False
ID1218,Merge Q1151,medbullets,9,1.9686788373351007,0.6495877314729572,4,4,True
ID1218,Merge Q1151,medbullets,10,-0.6290400293738304,0.20972152815492964,8,4,False
ID1218,Merge Q1151,medbullets,11,-0.0,0.3162355366574249,7,4,False
ID1218,Merge Q1151,medbullets,12,-1.8675929491788448,0.0,13,4,False
ID1218,Merge Q1151,medbullets,13,3.6984648534993663,0.9424887136515057,2,4,True
ID1223,Merge Q3950,mmlu,1,-0.481038976988047,0.049087131391330925,7,4,False
ID1223,Merge Q3950,mmlu,2,0.0,0.4212642024460468,4,4,True
ID1223,Merge Q3950,mmlu,3,0.748016193509102,1.0,1,4,True
ID1223,Merge Q3950,mmlu,4,0.0,0.4212642024460468,5,4,False
ID1223,Merge Q3950,mmlu,5,0.0,0.4212642024460468,6,4,False
ID1223,Merge Q3950,mmlu,6,-0.544484109168939,0.0,8,4,False
ID1223,Merge Q3950,mmlu,7,0.273335158408971,0.632742031768504,3,4,True
ID1223,Merge Q3950,mmlu,8,0.657582902717265,0.9300322865654573,2,4,True
ID1226,Merge Q2958,medxpert,1,3.92104880975357,0.0,4,3,False
ID1226,Merge Q2958,medxpert,2,6.76904511325453,0.030526405336635195,3,3,True
ID1226,Merge Q2958,medxpert,3,97.2172057628632,1.0,1,3,True
ID1226,Merge Q2958,medxpert,4,45.2140352881682,0.44260115129038335,2,3,True
ID1227,Merge Q3882,mmlu,1,0.0,0.14561521072067718,4,3,False
ID1227,Merge Q3882,mmlu,2,-0.108645096628449,0.07310702699905151,6,3,False
ID1227,Merge Q3882,mmlu,3,0.0,0.14561521072067718,5,3,False
ID1227,Merge Q3882,mmlu,4,1.28019643059193,1.0,1,3,True
ID1227,Merge Q3882,mmlu,5,0.440998676319536,0.4399314204335198,2,3,True
ID1227,Merge Q3882,mmlu,6,-0.218187490394984,0.0,7,3,False
ID1227,Merge Q3882,mmlu,7,0.079985989452513,0.1989967161761215,3,3,True
ID1228,Merge Q1193,medbullets,1,-2.470057735174636,0.050655382786349165,9,4,False
ID1228,Merge Q1193,medbullets,2,0.6795969350366589,0.25754715804102624,5,4,False
ID1228,Merge Q1193,medbullets,3,-3.2412191927433014,0.0,10,4,False
ID1228,Merge Q1193,medbullets,4,-0.76015568652755,0.16297394065938495,8,4,False
ID1228,Merge Q1193,medbullets,5,0.0174753425342666,0.2140542910283756,7,4,False
ID1228,Merge Q1193,medbullets,6,2.3031617265157784,0.3641944692929517,2,4,True
ID1228,Merge Q1193,medbullets,7,1.904387402440311,0.33800012849291006,3,4,True
ID1228,Merge Q1193,medbullets,8,0.6936725966611974,0.2584717478536578,4,4,True
ID1228,Merge Q1193,medbullets,9,11.982463171305112,1.0,1,4,True
ID1228,Merge Q1193,medbullets,10,0.5885139204700071,0.25156417623750743,6,4,False
ID1229,Merge Q662,jama,1,0.0,0.4475083610710193,9,14,True
ID1229,Merge Q662,jama,2,-0.983202060412293,0.2338657569401616,14,14,True
ID1229,Merge Q662,jama,3,1.30943016707897,0.7320379426149655,6,14,True
ID1229,Merge Q662,jama,4,0.0,0.4475083610710193,10,14,True
ID1229,Merge Q662,jama,5,-0.986411489397301,0.23316837153614542,15,14,False
ID1229,Merge Q662,jama,6,1.34338279164636,0.7394155991737941,5,14,True
ID1229,Merge Q662,jama,7,0.872825934476255,0.6371670417253922,7,14,True
ID1229,Merge Q662,jama,8,0.0853105767086518,0.4660457243473929,8,14,True
ID1229,Merge Q662,jama,9,-0.532964171345732,0.3316991514900309,12,14,True
ID1229,Merge Q662,jama,10,2.54261513037361,1.0,1,14,True
ID1229,Merge Q662,jama,11,2.09519435570405,0.9027787437685324,3,14,True
ID1229,Merge Q662,jama,12,2.43198020149156,0.9759598405395106,2,14,True
ID1229,Merge Q662,jama,13,1.39286862670845,0.7501685085664184,4,14,True
ID1229,Merge Q662,jama,14,0.0,0.4475083610710193,11,14,True
ID1229,Merge Q662,jama,15,-2.05947284927896,0.0,16,14,False
ID1229,Merge Q662,jama,16,-0.721025258302689,0.29083485515574947,13,14,True
ID1239,Merge Q3976,mmlu,1,2.71325197156109,0.6291972738137181,3,5,True
ID1239,Merge Q3976,mmlu,2,1.73206983501362,0.4016632548942788,4,5,True
ID1239,Merge Q3976,mmlu,3,0.0,0.0,6,5,False
ID1239,Merge Q3976,mmlu,4,0.433838345097846,0.10060617549440663,5,5,True
ID1239,Merge Q3976,mmlu,5,0.0,0.0,7,5,False
ID1239,Merge Q3976,mmlu,6,4.31224368649185,1.0,1,5,True
ID1239,Merge Q3976,mmlu,7,2.87997651255972,0.6678603348835034,2,5,True
ID1240,Merge Q3975,mmlu,1,0.0,0.0,4,2,False
ID1240,Merge Q3975,mmlu,2,1.11074341557158,0.3120658748565208,2,2,True
ID1240,Merge Q3975,mmlu,3,0.689146935939789,0.1936173903475927,3,2,False
ID1240,Merge Q3975,mmlu,4,3.55932354373021,1.0,1,2,True
ID1244,Merge Q80,jama,1,2.54743219386851,1.0,1,6,True
ID1244,Merge Q80,jama,2,0.0,0.375183833789506,8,6,False
ID1244,Merge Q80,jama,3,-0.999460540315005,0.13004321549106113,15,6,False
ID1244,Merge Q80,jama,4,0.0,0.375183833789506,9,6,False
ID1244,Merge Q80,jama,5,-0.332725409227031,0.2935752967322947,14,6,False
ID1244,Merge Q80,jama,6,0.136971766046499,0.4087793006075216,6,6,True
ID1244,Merge Q80,jama,7,0.007570315212623,0.3770406272066344,7,6,False
ID1244,Merge Q80,jama,8,0.0,0.375183833789506,10,6,False
ID1244,Merge Q80,jama,9,0.674918156009135,0.5407229895552553,4,6,True
ID1244,Merge Q80,jama,10,0.0,0.375183833789506,11,6,False
ID1244,Merge Q80,jama,11,0.0,0.375183833789506,12,6,False
ID1244,Merge Q80,jama,12,1.74312994999699,0.8027264295003094,2,6,True
ID1244,Merge Q80,jama,13,0.585260775268723,0.5187324608018175,5,6,True
ID1244,Merge Q80,jama,14,0.0,0.375183833789506,13,6,False
ID1244,Merge Q80,jama,15,0.769312618027019,0.5638753961282251,3,6,True
ID1244,Merge Q80,jama,16,-1.52965852758108,0.0,16,6,False
ID1245,Merge Q1244,medbullets,1,-0.2914221495913575,0.2431891547004415,5,4,False
ID1245,Merge Q1244,medbullets,2,0.0,0.5770074164341217,2,4,True
ID1245,Merge Q1244,medbullets,3,0.3692710138857364,1.0,1,4,True
ID1245,Merge Q1244,medbullets,4,-0.5037254126065139,0.0,6,4,False
ID1245,Merge Q1244,medbullets,5,-0.0,0.5770074164341217,3,4,True
ID1245,Merge Q1244,medbullets,6,0.0,0.5770074164341217,4,4,True
ID1246,Merge Q1253,medbullets,1,-0.7406816122445163,0.21724289264078286,11,5,False
ID1246,Merge Q1253,medbullets,2,-0.2901815495195978,0.27749253350579545,9,5,False
ID1246,Merge Q1253,medbullets,3,0.0,0.3163012609418318,6,5,False
ID1246,Merge Q1253,medbullets,4,1.0291015103572043,0.4539327543485785,4,5,True
ID1246,Merge Q1253,medbullets,5,1.8555896883545244,0.5644668475123412,3,5,True
ID1246,Merge Q1253,medbullets,6,-1.1946119656146157,0.15653448651348673,12,5,False
ID1246,Merge Q1253,medbullets,7,-0.1429468771565837,0.29718362095890877,8,5,False
ID1246,Merge Q1253,medbullets,8,0.7713979784724172,0.41946761986715564,5,5,True
ID1246,Merge Q1253,medbullets,9,0.0,0.3163012609418318,7,5,False
ID1246,Merge Q1253,medbullets,10,5.1121686438053775,1.0,1,5,True
ID1246,Merge Q1253,medbullets,11,2.0014124326847518,0.5839691044547815,2,5,True
ID1246,Merge Q1253,medbullets,12,-0.2904092551004928,0.2774620802814632,10,5,False
ID1246,Merge Q1253,medbullets,13,-2.3650553903469524,0.0,13,5,False
ID1247,Merge Q415,jama,1,-0.0991759425562749,0.7404736162596355,11,8,False
ID1247,Merge Q415,jama,2,0.0,1.0,1,8,True
ID1247,Merge Q415,jama,3,0.0,1.0,2,8,True
ID1247,Merge Q415,jama,4,0.0,1.0,3,8,True
ID1247,Merge Q415,jama,5,0.0,1.0,4,8,True
ID1247,Merge Q415,jama,6,0.0,1.0,5,8,True
ID1247,Merge Q415,jama,7,-0.0767461630060181,0.7991684914958216,10,8,False
ID1247,Merge Q415,jama,8,-0.0649606412191427,0.830009174941865,9,8,False
ID1247,Merge Q415,jama,9,0.0,1.0,6,8,True
ID1247,Merge Q415,jama,10,-0.382142043236315,0.0,12,8,False
ID1247,Merge Q415,jama,11,0.0,1.0,7,8,True
ID1247,Merge Q415,jama,12,0.0,1.0,8,8,True
ID1248,Merge Q3874,mmlu,1,11.2980163071549,0.056716324508279715,2,1,False
ID1248,Merge Q3874,mmlu,2,2.78967771553106,0.0,4,1,False
ID1248,Merge Q3874,mmlu,3,3.39523100852966,0.004036599707794562,3,1,False
ID1248,Merge Q3874,mmlu,4,152.805368354683,1.0,1,1,True
ID1249,Merge Q1266,medbullets,1,3.151161856850041,1.0,1,6,True
ID1249,Merge Q1266,medbullets,2,1.7059705370963183,0.8769818986540834,3,6,True
ID1249,Merge Q1266,medbullets,3,-0.0451422818005085,0.7279230361500563,5,6,True
ID1249,Merge Q1266,medbullets,4,0.0953610792360172,0.7398830143696727,4,6,True
ID1249,Merge Q1266,medbullets,5,-0.2841172184315527,0.707580924644279,7,6,False
ID1249,Merge Q1266,medbullets,6,-0.0664016920961478,0.7261133848917377,6,6,True
ID1249,Merge Q1266,medbullets,7,2.923953235008934,0.980659465022888,2,6,True
ID1249,Merge Q1266,medbullets,8,-8.596632199001672,0.0,8,6,False
ID1252,Merge Q3246,medxpert,1,-0.015467397264737,0.6439940212311546,5,5,True
ID1252,Merge Q3246,medxpert,2,3.63764106361841,0.9317494479961305,2,5,True
ID1252,Merge Q3246,medxpert,3,-8.19109082221985,0.0,6,5,False
ID1252,Merge Q3246,medxpert,4,2.47426276723958,0.8401101162466784,3,5,True
ID1252,Merge Q3246,medxpert,5,2.08688376772452,0.8095962646819491,4,5,True
ID1252,Merge Q3246,medxpert,6,4.5040944674283,1.0,1,5,True
ID1254,Merge Q2497,medxpert,1,0.0,1.0,1,1,True
ID1254,Merge Q2497,medxpert,2,0.0,1.0,2,1,False
ID1254,Merge Q2497,medxpert,3,-0.231525365263224,0.0,4,1,False
ID1254,Merge Q2497,medxpert,4,0.0,1.0,3,1,False
ID1255,Merge Q1489,medxpert,1,0.0,0.0,7,8,True
ID1255,Merge Q1489,medxpert,2,0.0,0.0,8,8,True
ID1255,Merge Q1489,medxpert,3,26.9903719425201,0.5154453146012163,2,8,True
ID1255,Merge Q1489,medxpert,4,19.6486707966813,0.3752380782991717,3,8,True
ID1255,Merge Q1489,medxpert,5,52.363211339697,1.0,1,8,True
ID1255,Merge Q1489,medxpert,6,14.5920915658195,0.27867067722710714,4,8,True
ID1255,Merge Q1489,medxpert,7,6.27565381244551,0.11984852822973985,5,8,True
ID1255,Merge Q1489,medxpert,8,1.35315462822843,0.02584170438764881,6,8,True
ID1256,Merge Q3455,medxpert,1,1.16339311565915,1.0,1,4,True
ID1256,Merge Q3455,medxpert,2,-1.35121143279392,0.0,7,4,False
ID1256,Merge Q3455,medxpert,3,-0.212101142853498,0.45299778473763513,6,4,False
ID1256,Merge Q3455,medxpert,4,0.0434974733023245,0.5546434356663512,3,4,True
ID1256,Merge Q3455,medxpert,5,0.0284212500741588,0.5486479707979526,4,4,True
ID1256,Merge Q3455,medxpert,6,0.177476120746616,0.6079236413061256,2,4,True
ID1256,Merge Q3455,medxpert,7,0.0,0.5373454977742548,5,4,False
ID1258,Merge Q3942,mmlu,1,0.0,0.0,5,4,False
ID1258,Merge Q3942,mmlu,2,1.69931647923506,0.029315277938584412,4,4,True
ID1258,Merge Q3942,mmlu,3,4.92597690224648,0.08497909822742761,3,4,True
ID1258,Merge Q3942,mmlu,4,31.4775656027036,0.5430263260253104,2,4,True
ID1258,Merge Q3942,mmlu,5,57.9669236906139,1.0,1,4,True
ID1261,Merge Q3937,mmlu,1,-0.75098404669836,0.07953285296783884,6,4,False
ID1261,Merge Q3937,mmlu,2,0.0025906136506827,0.5169747490233751,4,4,True
ID1261,Merge Q3937,mmlu,3,0.11305782571435,0.5810997644196164,3,4,True
ID1261,Merge Q3937,mmlu,4,0.0,0.5154709259691643,5,4,False
ID1261,Merge Q3937,mmlu,5,0.585139019011874,0.8551377637766784,2,4,True
ID1261,Merge Q3937,mmlu,6,-0.887994111811603,0.0,7,4,False
ID1261,Merge Q3937,mmlu,7,0.834691042820616,1.0,1,4,True
ID1262,Merge Q1220,medbullets,1,0.0,0.32721430533787405,7,4,False
ID1262,Merge Q1220,medbullets,2,1.3389619759739602,1.0,1,4,True
ID1262,Merge Q1220,medbullets,3,0.8043004721403122,0.7313496441867492,2,4,True
ID1262,Merge Q1220,medbullets,4,0.766410977721553,0.7123113815024193,3,4,True
ID1262,Merge Q1220,medbullets,5,0.1757283802799105,0.41551221261225435,6,4,False
ID1262,Merge Q1220,medbullets,6,-0.6512140735426529,0.0,12,4,False
ID1262,Merge Q1220,medbullets,7,0.0,0.32721430533787405,8,4,False
ID1262,Merge Q1220,medbullets,8,-0.0,0.32721430533787405,9,4,False
ID1262,Merge Q1220,medbullets,9,0.0,0.32721430533787405,10,4,False
ID1262,Merge Q1220,medbullets,10,0.4109183870921918,0.5336876910426204,5,4,False
ID1262,Merge Q1220,medbullets,11,-0.2878462597727424,0.18258073895430893,11,4,False
ID1262,Merge Q1220,medbullets,12,0.4295722903768484,0.543060682587357,4,4,True
ID1266,Merge Q782,jama,1,-0.66511866348854,0.140677838715259,13,12,False
ID1266,Merge Q782,jama,2,0.0,0.25672655241497344,7,12,True
ID1266,Merge Q782,jama,3,0.0,0.25672655241497344,8,12,True
ID1266,Merge Q782,jama,4,0.0,0.25672655241497344,9,12,True
ID1266,Merge Q782,jama,5,0.0647822966317088,0.268029651557,5,12,True
ID1266,Merge Q782,jama,6,0.0,0.25672655241497344,10,12,True
ID1266,Merge Q782,jama,7,-0.39842082784645,0.18721079963148152,12,12,True
ID1266,Merge Q782,jama,8,0.0,0.25672655241497344,11,12,True
ID1266,Merge Q782,jama,9,-0.686755737129491,0.1369026408414113,14,12,False
ID1266,Merge Q782,jama,10,-1.47139607136109,0.0,16,12,False
ID1266,Merge Q782,jama,11,0.792103872937927,0.39493141812852184,4,12,True
ID1266,Merge Q782,jama,12,-1.27599118489121,0.0340938947744007,15,12,False
ID1266,Merge Q782,jama,13,2.88600132013064,0.7602708961869614,2,12,True
ID1266,Merge Q782,jama,14,0.0282443314790726,0.2616545728080009,6,12,True
ID1266,Merge Q782,jama,15,1.76500296592712,0.5646811101742031,3,12,True
ID1266,Merge Q782,jama,16,4.25997864434312,1.0,1,12,True
ID1268,Merge Q3951,mmlu,1,0.410367078229189,1.0,1,2,True
ID1268,Merge Q3951,mmlu,2,-3.17906702145827,0.0,3,2,False
ID1268,Merge Q3951,mmlu,3,-0.478160452097654,0.7524602748928559,2,2,True
ID1269,Merge Q1229,medbullets,1,0.9407490043795792,0.2318111440520448,2,5,True
ID1269,Merge Q1229,medbullets,2,0.4112854227503824,0.19585050535631246,3,5,True
ID1269,Merge Q1229,medbullets,3,-0.399010743945837,0.14081599741633744,7,5,False
ID1269,Merge Q1229,medbullets,4,-1.1771172013750413,0.08796778244312302,9,5,False
ID1269,Merge Q1229,medbullets,5,-1.9474362683250928,0.03564847926879323,10,5,False
ID1269,Merge Q1229,medbullets,6,-0.5225848544530481,0.13242296700918002,8,5,False
ID1269,Merge Q1229,medbullets,7,-2.4723037956510017,0.0,11,5,False
ID1269,Merge Q1229,medbullets,8,12.2511160553994,1.0,1,5,True
ID1269,Merge Q1229,medbullets,9,-0.3626871956602817,0.14328305660863264,6,5,False
ID1269,Merge Q1229,medbullets,10,0.3791968117035221,0.1936710788798902,4,5,True
ID1269,Merge Q1229,medbullets,11,0.2732089365021455,0.18647248804477148,5,5,True
ID1270,Merge Q3430,medxpert,1,4.36448252642669,0.9751493758521066,2,3,True
ID1270,Merge Q3430,medxpert,2,-0.807487794772391,0.36164829707040724,6,3,False
ID1270,Merge Q3430,medxpert,3,4.57397961616516,1.0,1,3,True
ID1270,Merge Q3430,medxpert,4,-3.85627503223687,0.0,7,3,False
ID1270,Merge Q3430,medxpert,5,1.54715945904332,0.6409574463215558,3,3,True
ID1270,Merge Q3430,medxpert,6,-0.278064067093696,0.4244487402075607,5,3,False
ID1270,Merge Q3430,medxpert,7,0.619113100180854,0.5308722356644401,4,3,False
ID1271,Merge Q1144,medbullets,1,1.918972823929454,0.5794151787738732,6,6,True
ID1271,Merge Q1144,medbullets,2,0.3516015367170102,0.36568197007434206,7,6,False
ID1271,Merge Q1144,medbullets,3,5.003250539302826,1.0,1,6,True
ID1271,Merge Q1144,medbullets,4,2.4461563779155995,0.6513041010007667,5,6,True
ID1271,Merge Q1144,medbullets,5,4.125129452064942,0.8802557893376575,3,6,True
ID1271,Merge Q1144,medbullets,6,4.349004600235327,0.9107843272513764,2,6,True
ID1271,Merge Q1144,medbullets,7,-0.1988335297613644,0.2906223757720912,9,6,False
ID1271,Merge Q1144,medbullets,8,3.663790904810556,0.8173457636111907,4,6,True
ID1271,Merge Q1144,medbullets,9,0.0,0.3177361353896553,8,6,False
ID1271,Merge Q1144,medbullets,10,-2.33005670269846,0.0,11,6,False
ID1271,Merge Q1144,medbullets,11,-1.853570803184707,0.06497558111089295,10,6,False
ID1272,Merge Q3982,mmlu,1,0.252107915878836,0.2755756903448289,5,4,False
ID1272,Merge Q3982,mmlu,2,1.82526420236802,0.32358602803957515,3,4,True
ID1272,Merge Q3982,mmlu,3,-1.15487779676914,0.23263662588184175,10,4,False
ID1272,Merge Q3982,mmlu,4,-0.474577218188664,0.25339836506318564,7,4,False
ID1272,Merge Q3982,mmlu,5,23.9893426769734,1.0,1,4,True
ID1272,Merge Q3982,mmlu,6,0.088298421117347,0.2705764736562848,6,4,False
ID1272,Merge Q3982,mmlu,7,-0.806536484252196,0.2432674730459799,9,4,False
ID1272,Merge Q3982,mmlu,8,-8.77768963368109,0.0,12,4,False
ID1272,Merge Q3982,mmlu,9,-0.55954581344718,0.25080525274062454,8,4,False
ID1272,Merge Q3982,mmlu,10,1.71876605625922,0.3203358665632742,4,4,True
ID1272,Merge Q3982,mmlu,11,3.12805840810224,0.36334532614697823,2,4,True
ID1272,Merge Q3982,mmlu,12,-3.45505301402647,0.1624387759377256,11,4,False
ID1273,Merge Q549,jama,1,0.900496880550334,0.3379540751023822,4,3,False
ID1273,Merge Q549,jama,2,-0.847312101125931,0.18214429032252732,8,3,False
ID1273,Merge Q549,jama,3,-1.17275284230709,0.15313262350216253,11,3,False
ID1273,Merge Q549,jama,4,0.0,0.257678583544423,6,3,False
ID1273,Merge Q549,jama,5,-0.673606541105206,0.1976294069489084,7,3,False
ID1273,Merge Q549,jama,6,1.20727717395217,0.3653022418590251,2,3,True
ID1273,Merge Q549,jama,7,0.121704639819766,0.2685280378817276,5,3,False
ID1273,Merge Q549,jama,8,-2.89053054877713,0.0,13,3,False
ID1273,Merge Q549,jama,9,-0.851246658843433,0.1817935411287682,9,3,False
ID1273,Merge Q549,jama,10,-2.18825419722372,0.06260496904334245,12,3,False
ID1273,Merge Q549,jama,11,-0.928387923094591,0.17491672340633524,10,3,False
ID1273,Merge Q549,jama,12,0.926012143343146,0.3402286529573012,3,3,True
ID1273,Merge Q549,jama,13,8.32705109505712,1.0,1,3,True
ID1277,Merge Q4002,mmlu,1,1.17242087828054,0.0929987279513734,6,6,True
ID1277,Merge Q4002,mmlu,2,1.44707552599408,0.13436694693787293,5,6,True
ID1277,Merge Q4002,mmlu,3,3.84083023667336,0.4949119801121414,2,6,True
ID1277,Merge Q4002,mmlu,4,0.621345250509018,0.009996246698800827,7,6,False
ID1277,Merge Q4002,mmlu,5,0.554977500512027,0.0,8,6,False
ID1277,Merge Q4002,mmlu,6,2.93860980762758,0.3590204064811468,3,6,True
ID1277,Merge Q4002,mmlu,7,2.72955368014419,0.3275325735455016,4,6,True
ID1277,Merge Q4002,mmlu,8,7.19424441705908,1.0,1,6,True
ID1278,Merge Q1271,medbullets,1,5.15871068718503,0.4646211605322626,2,4,True
ID1278,Merge Q1271,medbullets,2,14.903278259076648,1.0,1,4,True
ID1278,Merge Q1271,medbullets,3,-3.297978222370148,0.0,11,4,False
ID1278,Merge Q1271,medbullets,4,3.4111338205276542,0.368607082139447,3,4,True
ID1278,Merge Q1271,medbullets,5,1.1092697966384546,0.24213976785070146,8,4,False
ID1278,Merge Q1271,medbullets,6,1.1352395512522495,0.24356657894147787,6,4,False
ID1278,Merge Q1271,medbullets,7,1.1337652190710183,0.24348557727092102,7,4,False
ID1278,Merge Q1271,medbullets,8,1.7277561984923169,0.27612019126181636,5,4,False
ID1278,Merge Q1271,medbullets,9,-0.0,0.18119508539050022,9,4,False
ID1278,Merge Q1271,medbullets,10,1.834516513627832,0.28198573770056584,4,4,True
ID1278,Merge Q1271,medbullets,11,-1.47197138240355,0.10032312010041247,10,4,False
ID1279,Merge Q1046,medbullets,1,-1.3303881407812572,0.0,13,6,False
ID1279,Merge Q1046,medbullets,2,-0.9436078009003042,0.05276948865583493,12,6,False
ID1279,Merge Q1046,medbullets,3,-0.5540546290576458,0.1059172822813402,11,6,False
ID1279,Merge Q1046,medbullets,4,0.0,0.18150845496547707,6,6,True
ID1279,Merge Q1046,medbullets,5,2.019379266470497,0.45701783407880453,2,6,True
ID1279,Merge Q1046,medbullets,6,0.5077739787267198,0.25078543325862146,5,6,True
ID1279,Merge Q1046,medbullets,7,0.8007139160901375,0.29075202180419696,4,6,True
ID1279,Merge Q1046,medbullets,8,-0.0,0.18150845496547707,7,6,False
ID1279,Merge Q1046,medbullets,9,1.7951186684514324,0.42642135369213285,3,6,True
ID1279,Merge Q1046,medbullets,10,-0.4914689046710082,0.11445602205817167,10,6,False
ID1279,Merge Q1046,medbullets,11,0.0,0.18150845496547707,8,6,False
ID1279,Merge Q1046,medbullets,12,-0.0816900279026304,0.17036326335095628,9,6,False
ID1279,Merge Q1046,medbullets,13,5.999232625558786,1.0,1,6,True
ID1280,Merge Q1543,medxpert,1,-1.02004244797322,0.010956779569375274,5,2,False
ID1280,Merge Q1543,medxpert,2,2.41270359331512,0.1941680327041961,2,2,True
ID1280,Merge Q1543,medxpert,3,-0.42267245426774,0.04283939011368614,4,2,False
ID1280,Merge Q1543,medxpert,4,0.996510655191682,0.11858350656870013,3,2,False
ID1280,Merge Q1543,medxpert,5,17.511211181398,1.0,1,2,True
ID1280,Merge Q1543,medxpert,6,-1.22533465054532,0.0,6,2,False
ID1284,Merge Q1961,medxpert,1,6.10173711269282,0.0,4,3,False
ID1284,Merge Q1961,medxpert,2,14.2489482698435,0.09772896139280972,3,3,True
ID1284,Merge Q1961,medxpert,3,21.4992971718311,0.18469971178324807,2,3,True
ID1284,Merge Q1961,medxpert,4,89.4671084523508,1.0,1,3,True
ID1285,Merge Q373,jama,1,1.21025998124295,0.5843312211622518,4,6,True
ID1285,Merge Q373,jama,2,-1.71289639825707,0.33584753610179546,8,6,False
ID1285,Merge Q373,jama,3,0.699024572968483,0.5408735193874482,5,6,True
ID1285,Merge Q373,jama,4,1.41921888174191,0.6020938280437365,3,6,True
ID1285,Merge Q373,jama,5,0.0,0.4814527497505088,6,6,True
ID1285,Merge Q373,jama,6,6.10017797454267,1.0,1,6,True
ID1285,Merge Q373,jama,7,3.55944549893987,0.7840243605446303,2,6,True
ID1285,Merge Q373,jama,8,-0.0577117348309813,0.47654694839051215,7,6,False
ID1285,Merge Q373,jama,9,-5.66379912032701,0.0,9,6,False
ID1287,Merge Q3919,mmlu,1,0.269284487805141,0.40461684163689243,6,5,False
ID1287,Merge Q3919,mmlu,2,-1.3968977680392,0.24671303783032972,14,5,False
ID1287,Merge Q3919,mmlu,3,0.753230286940733,0.45048030120242016,4,5,True
ID1287,Merge Q3919,mmlu,4,-0.75694317342207,0.3073614239231967,12,5,False
ID1287,Merge Q3919,mmlu,5,0.670614506958595,0.4426508180424192,5,5,True
ID1287,Merge Q3919,mmlu,6,0.812080889238901,0.45605756258939784,3,5,True
ID1287,Merge Q3919,mmlu,7,2.38553177039083,0.6051732300772699,2,5,True
ID1287,Merge Q3919,mmlu,8,0.0,0.3790967973671939,8,5,False
ID1287,Merge Q3919,mmlu,9,0.0,0.3790967973671939,9,5,False
ID1287,Merge Q3919,mmlu,10,6.55169713385149,1.0,1,5,True
ID1287,Merge Q3919,mmlu,11,-0.777376462429331,0.3054249646629879,13,5,False
ID1287,Merge Q3919,mmlu,12,0.0130056270266212,0.38032933838795535,7,5,False
ID1287,Merge Q3919,mmlu,13,-4.00018455409992,0.0,15,5,False
ID1287,Merge Q3919,mmlu,14,0.0,0.3790967973671939,10,5,False
ID1287,Merge Q3919,mmlu,15,-0.683609783649445,0.31431121657073563,11,5,False
ID1288,Merge Q297,jama,1,-0.7272475103623,0.34745339319455915,5,7,True
ID1288,Merge Q297,jama,2,-5.08453829136601,0.0,8,7,False
ID1288,Merge Q297,jama,3,0.399527806788683,0.4373032395758928,3,7,True
ID1288,Merge Q297,jama,4,-0.959066633765825,0.3289679752864642,6,7,True
ID1288,Merge Q297,jama,5,0.0,0.40544461477409993,4,7,True
ID1288,Merge Q297,jama,6,-1.0269185002507,0.32355742032705354,7,7,True
ID1288,Merge Q297,jama,7,4.64975893594635,0.7762196217749253,2,7,True
ID1288,Merge Q297,jama,8,7.45610994044968,1.0,1,7,True
ID1290,Merge Q545,jama,1,3.48780966495292,0.5409577033511319,2,5,True
ID1290,Merge Q545,jama,2,3.12626912135187,0.48488292837129254,3,5,True
ID1290,Merge Q545,jama,3,0.0,0.0,4,5,True
ID1290,Merge Q545,jama,4,6.44747203588486,1.0,1,5,True
ID1290,Merge Q545,jama,5,0.0,0.0,5,5,True
ID1294,Merge Q1757,medxpert,1,-2.64429947092823,0.0,5,2,False
ID1294,Merge Q1757,medxpert,2,-1.86150961410832,0.037448729968615625,4,2,False
ID1294,Merge Q1757,medxpert,3,0.0,0.12650350024365029,2,2,True
ID1294,Merge Q1757,medxpert,4,-0.826977962781659,0.08694080771717948,3,2,False
ID1294,Merge Q1757,medxpert,5,18.2586752755034,1.0,1,2,True
ID1296,Merge Q3873,mmlu,1,0.269471965196498,0.7309548151437877,3,5,True
ID1296,Merge Q3873,mmlu,2,0.0,0.4049147357489971,6,5,False
ID1296,Merge Q3873,mmlu,3,0.0,0.4049147357489971,7,5,False
ID1296,Merge Q3873,mmlu,4,0.0,0.4049147357489971,8,5,False
ID1296,Merge Q3873,mmlu,5,-0.00723711066221294,0.3961583957966158,10,5,False
ID1296,Merge Q3873,mmlu,6,0.0,0.4049147357489971,9,5,False
ID1296,Merge Q3873,mmlu,7,0.244384366170084,0.7006007752627479,4,5,True
ID1296,Merge Q3873,mmlu,8,0.491837678100373,1.0,1,5,True
ID1296,Merge Q3873,mmlu,9,-0.334661829864118,0.0,11,5,False
ID1296,Merge Q3873,mmlu,10,0.398076490571825,0.8865562693927505,2,5,True
ID1296,Merge Q3873,mmlu,11,0.11385410245541,0.5426693276855498,5,5,True
ID1297,Merge Q3829,mmlu,1,-1.00066770447184,0.0,4,2,False
ID1297,Merge Q3829,mmlu,2,3.00669690052962,1.0,1,2,True
ID1297,Merge Q3829,mmlu,3,1.63576890528202,0.6578978629654537,3,2,False
ID1297,Merge Q3829,mmlu,4,2.35511301183799,0.8374033927737922,2,2,True
ID1298,Merge Q3416,medxpert,1,2.14279889143767,0.681497156451406,3,1,False
ID1298,Merge Q3416,medxpert,2,-1.25756019671214,0.0,6,1,False
ID1298,Merge Q3416,medxpert,3,3.48834452033043,0.9511702986679773,2,1,False
ID1298,Merge Q3416,medxpert,4,3.73198239486032,1.0,1,1,True
ID1298,Merge Q3416,medxpert,5,0.513128980409641,0.35488006057159366,5,1,False
ID1298,Merge Q3416,medxpert,6,1.27582537533532,0.5077390413154207,4,1,False
ID1299,Merge Q1914,medxpert,1,2.1527917819002,0.24070241628424685,3,4,True
ID1299,Merge Q1914,medxpert,2,2.23108389625438,0.2463411828643576,2,4,True
ID1299,Merge Q1914,medxpert,3,-1.18926908075809,0.0,7,4,False
ID1299,Merge Q1914,medxpert,4,1.15785917153318,0.16904522834038363,4,4,True
ID1299,Merge Q1914,medxpert,5,0.0,0.08565371880239336,5,4,False
ID1299,Merge Q1914,medxpert,6,-1.12973730852893,0.004287606363291818,6,4,False
ID1299,Merge Q1914,medxpert,7,12.6953479257934,1.0,1,4,True
ID1302,Merge Q4012,mmlu,1,11.3283182532094,1.0,1,4,True
ID1302,Merge Q4012,mmlu,2,-6.65724062380534,0.0,6,4,False
ID1302,Merge Q4012,mmlu,3,1.36729614436626,0.44616554998615204,5,4,False
ID1302,Merge Q4012,mmlu,4,8.5200669711289,0.8438607717845565,3,4,True
ID1302,Merge Q4012,mmlu,5,8.59917885380328,0.8482594053335804,2,4,True
ID1302,Merge Q4012,mmlu,6,7.18763515393647,0.7697773459481063,4,4,True
ID1307,Merge Q1260,medbullets,1,1.1431804431479111,0.7593763905961778,2,3,True
ID1307,Merge Q1260,medbullets,2,-0.4848863700519378,0.329109795969054,4,3,False
ID1307,Merge Q1260,medbullets,3,2.053665518760681,1.0,1,3,True
ID1307,Merge Q1260,medbullets,4,-0.9605932508487184,0.20338966090970936,6,3,False
ID1307,Merge Q1260,medbullets,5,-1.730190428993661,0.0,7,3,False
ID1307,Merge Q1260,medbullets,6,-0.9415106861938412,0.2084328139573835,5,3,False
ID1307,Merge Q1260,medbullets,7,0.1877764425132795,0.5068815774144951,3,3,True
ID1308,Merge Q45,jama,1,-0.102104165651388,0.053630915837261074,7,12,True
ID1308,Merge Q45,jama,2,-0.359206015904367,0.043739951184975236,9,12,True
ID1308,Merge Q45,jama,3,0.167246729135513,0.06399311345185382,3,12,True
ID1308,Merge Q45,jama,4,-0.635244846279689,0.033120462016717096,10,12,True
ID1308,Merge Q45,jama,5,-1.49616512706985,0.0,13,12,False
ID1308,Merge Q45,jama,6,0.0,0.05755896494431846,4,12,True
ID1308,Merge Q45,jama,7,-1.16730563635138,0.01265155266313537,12,12,True
ID1308,Merge Q45,jama,8,1.5192502622812,0.11600603806889323,2,12,True
ID1308,Merge Q45,jama,9,0.0,0.05755896494431846,5,12,True
ID1308,Merge Q45,jama,10,0.0,0.05755896494431846,6,12,True
ID1308,Merge Q45,jama,11,-0.248090955763177,0.04801465839191176,8,12,True
ID1308,Merge Q45,jama,12,-1.0660147622826,0.016548313631707324,11,12,True
ID1308,Merge Q45,jama,13,24.497442098446,1.0,1,12,True
ID1309,Merge Q2077,medxpert,1,0.0,0.32199207760053195,2,2,True
ID1309,Merge Q2077,medxpert,2,-2.14952369104268,0.0,3,2,False
ID1309,Merge Q2077,medxpert,3,4.52617996931076,1.0,1,2,True
ID1310,Merge Q3845,mmlu,1,1.33764317032365,0.5892965095985159,3,6,True
ID1310,Merge Q3845,mmlu,2,0.204157804027988,0.08966267637101882,7,6,False
ID1310,Merge Q3845,mmlu,3,0.250104892998934,0.10991588904655901,6,6,True
ID1310,Merge Q3845,mmlu,4,0.000746175730233962,0.0,8,6,False
ID1310,Merge Q3845,mmlu,5,0.427844490076216,0.18826248164021156,5,6,True
ID1310,Merge Q3845,mmlu,6,2.26937830373017,1.0,1,6,True
ID1310,Merge Q3845,mmlu,7,0.491470922576674,0.21630864730769336,4,6,True
ID1310,Merge Q3845,mmlu,8,2.15113592992183,0.9478794413827751,2,6,True
ID1313,Merge Q1290,medbullets,1,2.0592866866065447,0.7178269710103836,2,4,True
ID1313,Merge Q1290,medbullets,2,0.8942855968240206,0.42317671058398143,4,4,True
ID1313,Merge Q1290,medbullets,3,1.836881205439568,0.6615765232461313,3,4,True
ID1313,Merge Q1290,medbullets,4,0.7220784582905706,0.37962234942399425,5,4,False
ID1313,Merge Q1290,medbullets,5,-0.7788889942572045,0.0,8,4,False
ID1313,Merge Q1290,medbullets,6,3.174954752891012,1.0,1,4,True
ID1313,Merge Q1290,medbullets,7,0.362136091742132,0.2885862869068415,7,4,False
ID1313,Merge Q1290,medbullets,8,0.6066973290342659,0.3504403339891341,6,4,False
ID1316,Merge Q3797,mmlu,1,6.219488292524,1.0,1,3,True
ID1316,Merge Q3797,mmlu,2,-1.25231225313926,0.024468661051288858,4,3,False
ID1316,Merge Q3797,mmlu,3,-1.43972289562225,0.0,5,3,False
ID1316,Merge Q3797,mmlu,4,0.464324188059375,0.24859571526483257,2,3,True
ID1316,Merge Q3797,mmlu,5,0.0,0.1879727376952906,3,3,True
ID1318,Merge Q269,jama,1,0.0,0.4476002942428319,5,6,True
ID1318,Merge Q269,jama,2,0.0,0.4476002942428319,6,6,True
ID1318,Merge Q269,jama,3,0.357022505253553,0.8065396934575291,2,6,True
ID1318,Merge Q269,jama,4,-0.445209912181354,0.0,14,6,False
ID1318,Merge Q269,jama,5,0.306023358105151,0.755266726155625,3,6,True
ID1318,Merge Q269,jama,6,-0.202788936027845,0.24372256162334743,13,6,False
ID1318,Merge Q269,jama,7,0.0,0.4476002942428319,7,6,False
ID1318,Merge Q269,jama,8,0.186061226410341,0.6346605042916293,4,6,True
ID1318,Merge Q269,jama,9,0.0,0.4476002942428319,8,6,False
ID1318,Merge Q269,jama,10,0.0,0.4476002942428319,9,6,False
ID1318,Merge Q269,jama,11,0.0,0.4476002942428319,10,6,False
ID1318,Merge Q269,jama,12,0.549449648832739,1.0,1,6,True
ID1318,Merge Q269,jama,13,-0.0811055908674491,0.36605923834149523,12,6,False
ID1318,Merge Q269,jama,14,0.0,0.4476002942428319,11,6,False
ID1320,Merge Q172,jama,1,2.11338644269565,0.5200557623780167,4,8,True
ID1320,Merge Q172,jama,2,0.272716600243718,0.2875619147765983,7,8,True
ID1320,Merge Q172,jama,3,0.673917353153229,0.33823732899442754,5,8,True
ID1320,Merge Q172,jama,4,-2.00393093184258,0.0,10,8,False
ID1320,Merge Q172,jama,5,-1.65280001185484,0.044351125181162035,9,8,False
ID1320,Merge Q172,jama,6,0.0914862182531978,0.26467081945929605,8,8,True
ID1320,Merge Q172,jama,7,2.17379860790069,0.527686384886474,3,8,True
ID1320,Merge Q172,jama,8,0.32369043634595,0.2940003878851843,6,8,True
ID1320,Merge Q172,jama,9,5.9131381065069,1.0,1,8,True
ID1320,Merge Q172,jama,10,3.67152754325135,0.716863582672146,2,8,True
ID1321,Merge Q508,jama,1,1.08632726172472,0.7488803106886035,2,3,True
ID1321,Merge Q508,jama,2,2.13140642728531,1.0,1,3,True
ID1321,Merge Q508,jama,3,-0.522200848907232,0.3623707593534469,4,3,False
ID1321,Merge Q508,jama,4,0.0,0.48784921041929474,3,3,True
ID1321,Merge Q508,jama,5,-2.03027109161548,0.0,6,3,False
ID1321,Merge Q508,jama,6,-1.27961732315829,0.18037288210054722,5,3,False
ID1324,Merge Q1527,medxpert,1,22.1417807540676,0.0,3,3,True
ID1324,Merge Q1527,medxpert,2,48.6595967454864,1.0,1,3,True
ID1324,Merge Q1527,medxpert,3,47.7600172013044,0.9660764089895977,2,3,True
ID1328,Merge Q3026,medxpert,1,0.551303517464448,0.3964662680903166,5,5,True
ID1328,Merge Q3026,medxpert,2,-1.55473650722778,0.0,8,5,False
ID1328,Merge Q3026,medxpert,3,3.75729176402092,1.0,1,5,True
ID1328,Merge Q3026,medxpert,4,0.526377576940274,0.3917739096819313,6,5,False
ID1328,Merge Q3026,medxpert,5,1.85746994404298,0.6423547234752671,3,5,True
ID1328,Merge Q3026,medxpert,6,-0.555681557690011,0.18807410249398404,7,5,False
ID1328,Merge Q3026,medxpert,7,0.626499443792151,0.41062205237608557,4,5,True
ID1328,Merge Q3026,medxpert,8,2.71243963949657,0.8033044872559129,2,5,True
ID1329,Merge Q1268,medbullets,1,1.964283650645781,0.21298424401143703,3,5,True
ID1329,Merge Q1268,medbullets,2,0.2333743575841406,0.0923614573734585,4,5,True
ID1329,Merge Q1268,medbullets,3,-1.0304906219244003,0.004285833553324064,5,5,True
ID1329,Merge Q1268,medbullets,4,7.778422496718498,0.6181571969354567,2,5,True
ID1329,Merge Q1268,medbullets,5,-1.091991349380056,0.0,6,5,False
ID1329,Merge Q1268,medbullets,6,13.25777904894912,1.0,1,5,True
ID1330,Merge Q3897,mmlu,1,-2.59732472785461,0.0,3,2,False
ID1330,Merge Q3897,mmlu,2,7.56660933854431,1.0,1,2,True
ID1330,Merge Q3897,mmlu,3,4.65569686889648,0.7136037630083559,2,2,True
ID1331,Merge Q3961,mmlu,1,2.40411238665852,0.9507001896937017,2,10,True
ID1331,Merge Q3961,mmlu,2,1.46032727217801,0.7118905530760514,3,10,True
ID1331,Merge Q3961,mmlu,3,-1.07292008399963,0.07089307249553055,10,10,True
ID1331,Merge Q3961,mmlu,4,-0.377133556624888,0.2469506572321568,7,10,True
ID1331,Merge Q3961,mmlu,5,-0.308937055164832,0.26420668456549246,6,10,True
ID1331,Merge Q3961,mmlu,6,0.49142835620214,0.46672627310031445,4,10,True
ID1331,Merge Q3961,mmlu,7,-0.566542267843659,0.19902383066499946,9,10,True
ID1331,Merge Q3961,mmlu,8,-0.42963244339404,0.23366665870345227,8,10,True
ID1331,Merge Q3961,mmlu,9,-1.35309230606198,0.0,11,10,False
ID1331,Merge Q3961,mmlu,10,-0.00884992626458138,0.3401389037823095,5,10,True
ID1331,Merge Q3961,mmlu,11,2.59894718383336,1.0,1,10,True
ID1332,Merge Q658,jama,1,0.811829366124828,0.3949155014579166,5,11,True
ID1332,Merge Q658,jama,2,0.235738115755706,0.3178239513882724,9,11,True
ID1332,Merge Q658,jama,3,-2.13930295407772,0.0,17,11,False
ID1332,Merge Q658,jama,4,1.82506896538123,0.5305054991337568,3,11,True
ID1332,Merge Q658,jama,5,2.57620691386834,0.631021500249728,2,11,True
ID1332,Merge Q658,jama,6,-0.809994328664458,0.17788581650631707,16,11,False
ID1332,Merge Q658,jama,7,0.583327576051286,0.36433778103746084,7,11,True
ID1332,Merge Q658,jama,8,0.0,0.2862778781881323,11,11,True
ID1332,Merge Q658,jama,9,0.19760213686702,0.3127206596370641,10,11,True
ID1332,Merge Q658,jama,10,0.0,0.2862778781881323,12,11,False
ID1332,Merge Q658,jama,11,1.23532350663611,0.45158676615167437,4,11,True
ID1332,Merge Q658,jama,12,0.0,0.2862778781881323,13,11,False
ID1332,Merge Q658,jama,13,0.236149695416391,0.31787902827756553,8,11,True
ID1332,Merge Q658,jama,14,0.682256814504657,0.3775763232557174,6,11,True
ID1332,Merge Q658,jama,15,0.0,0.2862778781881323,14,11,False
ID1332,Merge Q658,jama,16,5.33351669799418,1.0,1,11,True
ID1332,Merge Q658,jama,17,0.0,0.2862778781881323,15,11,False
ID1333,Merge Q3342,medxpert,1,1.76900889042477,0.4372587171369882,3,6,True
ID1333,Merge Q3342,medxpert,2,1.05857706929421,0.3555868458984378,4,6,True
ID1333,Merge Q3342,medxpert,3,-0.525980081409216,0.17342475274158933,7,6,False
ID1333,Merge Q3342,medxpert,4,2.91953662639262,0.5695244044464516,2,6,True
ID1333,Merge Q3342,medxpert,5,-0.889816068965748,0.13159784543839437,9,6,False
ID1333,Merge Q3342,medxpert,6,6.66407629058261,1.0,1,6,True
ID1333,Merge Q3342,medxpert,7,0.0,0.23389188865131538,5,6,True
ID1333,Merge Q3342,medxpert,8,-1.40333211890917,0.07256358562277061,10,6,False
ID1333,Merge Q3342,medxpert,9,-2.03453450842189,0.0,11,6,False
ID1333,Merge Q3342,medxpert,10,-0.443446620413062,0.1829128725003903,6,6,True
ID1333,Merge Q3342,medxpert,11,-0.79290354237855,0.14273899531008294,8,6,False
ID1335,Merge Q3833,mmlu,1,-0.342243013655443,0.0,10,7,False
ID1335,Merge Q3833,mmlu,2,0.0,0.14815698278637357,3,7,True
ID1335,Merge Q3833,mmlu,3,-0.118736833333969,0.0967558138202775,6,7,True
ID1335,Merge Q3833,mmlu,4,-0.197632689289672,0.06260180188619226,7,7,True
ID1335,Merge Q3833,mmlu,5,0.111199886937171,0.19629540804984313,2,7,True
ID1335,Merge Q3833,mmlu,6,-0.213790525344576,0.05560707549957407,8,7,False
ID1335,Merge Q3833,mmlu,7,1.96775957426794,1.0,1,7,True
ID1335,Merge Q3833,mmlu,8,0.0,0.14815698278637357,4,7,True
ID1335,Merge Q3833,mmlu,9,-0.286144250289795,0.02428515173919306,9,7,False
ID1335,Merge Q3833,mmlu,10,-0.0654569261796677,0.11982068285239326,5,7,True
ID1336,Merge Q3786,mmlu,1,2.32730790753773,0.7251274722943204,3,4,True
ID1336,Merge Q3786,mmlu,2,0.0,0.3912627479220171,5,4,False
ID1336,Merge Q3786,mmlu,3,0.0,0.3912627479220171,6,4,False
ID1336,Merge Q3786,mmlu,4,-0.719682356137222,0.28802047787723656,9,4,False
ID1336,Merge Q3786,mmlu,5,0.0,0.3912627479220171,7,4,False
ID1336,Merge Q3786,mmlu,6,0.631807578459451,0.4818989127180486,4,4,True
ID1336,Merge Q3786,mmlu,7,-1.39815466996618,0.19069000805968767,10,4,False
ID1336,Merge Q3786,mmlu,8,-2.72741868394705,0.0,11,4,False
ID1336,Merge Q3786,mmlu,9,3.82123664249369,0.9394395122751535,2,4,True
ID1336,Merge Q3786,mmlu,10,-0.441882320457351,0.32787237372758077,8,4,False
ID1336,Merge Q3786,mmlu,11,4.24339235909826,1.0,1,4,True
ID1338,Merge Q1174,medbullets,1,2.4052657634029178,0.3072143300397692,3,4,True
ID1338,Merge Q1174,medbullets,2,0.5912641884341908,0.1282607730666094,6,4,False
ID1338,Merge Q1174,medbullets,3,9.42783808708191,1.0,1,4,True
ID1338,Merge Q1174,medbullets,4,3.926498336684944,0.4572858535316629,2,4,True
ID1338,Merge Q1174,medbullets,5,-0.0850458602516469,0.061541928662569655,8,4,False
ID1338,Merge Q1174,medbullets,6,2.3378484724267707,0.300563528746014,4,4,True
ID1338,Merge Q1174,medbullets,7,0.6046926631778967,0.12958550913810474,5,4,False
ID1338,Merge Q1174,medbullets,8,0.3772369900247848,0.10714671838613112,7,4,False
ID1338,Merge Q1174,medbullets,9,-0.7088789787923317,0.0,9,4,False
ID1339,Merge Q3801,mmlu,1,0.890854860281685,0.763155852921609,5,7,True
ID1339,Merge Q3801,mmlu,2,0.0,0.5100790903146124,9,7,False
ID1339,Merge Q3801,mmlu,3,-0.899364396929741,0.25458491261320326,14,7,False
ID1339,Merge Q3801,mmlu,4,1.72456933244643,1.0,1,7,True
ID1339,Merge Q3801,mmlu,5,-0.452249376036978,0.38160270983857975,13,7,False
ID1339,Merge Q3801,mmlu,6,1.25304953618185,0.8660492198403468,3,7,True
ID1339,Merge Q3801,mmlu,7,-1.7955280921642,0.0,16,7,False
ID1339,Merge Q3801,mmlu,8,0.0,0.5100790903146124,10,7,False
ID1339,Merge Q3801,mmlu,9,0.382444217487807,0.6187250086957239,7,7,True
ID1339,Merge Q3801,mmlu,10,1.20615847582542,0.8527282645654749,4,7,True
ID1339,Merge Q3801,mmlu,11,0.0,0.5100790903146124,11,7,False
ID1339,Merge Q3801,mmlu,12,1.39399906030049,0.9060905900402726,2,7,True
ID1339,Merge Q3801,mmlu,13,0.396679396722654,0.622768981778776,6,7,True
ID1339,Merge Q3801,mmlu,14,0.180713262408972,0.5614166644242157,8,7,False
ID1339,Merge Q3801,mmlu,15,-1.03910252451897,0.214887679629748,15,7,False
ID1339,Merge Q3801,mmlu,16,0.0,0.5100790903146124,12,7,False
ID1340,Merge Q1851,medxpert,1,40.3232195675694,0.9248823784985021,2,2,True
ID1340,Merge Q1851,medxpert,2,43.5982136810002,1.0,1,2,True
ID1340,Merge Q1851,medxpert,3,22.1127676069736,0.5071943490338502,3,2,False
ID1340,Merge Q1851,medxpert,4,0.0,0.0,6,2,False
ID1340,Merge Q1851,medxpert,5,6.01749349563644,0.13802156069203408,5,2,False
ID1340,Merge Q1851,medxpert,6,0.0,0.0,7,2,False
ID1340,Merge Q1851,medxpert,7,6.39189797891949,0.14660917132265522,4,2,False
ID1343,Merge Q1205,medbullets,1,2.9414388926721102,0.6219261162656258,4,4,True
ID1343,Merge Q1205,medbullets,2,4.448513329978946,0.7918401994535952,2,4,True
ID1343,Merge Q1205,medbullets,3,2.585818201303482,0.5818319031061533,5,4,False
ID1343,Merge Q1205,medbullets,4,-2.574813404558349,0.0,7,4,False
ID1343,Merge Q1205,medbullets,5,-0.9415452322351404,0.18414171007791247,6,4,False
ID1343,Merge Q1205,medbullets,6,3.2773438563123976,0.6597974931016775,3,4,True
ID1343,Merge Q1205,medbullets,7,6.29481299150452,1.0,1,4,True
ID1345,Merge Q1274,medbullets,1,-0.1706252234129532,0.0972470997237316,5,6,True
ID1345,Merge Q1274,medbullets,2,4.562449134436887,0.7153552259729417,3,6,True
ID1345,Merge Q1274,medbullets,3,6.742075681686401,1.0,1,6,True
ID1345,Merge Q1274,medbullets,4,-0.3423230645620571,0.0748245001933242,6,6,True
ID1345,Merge Q1274,medbullets,5,-0.5018512480668439,0.05399117725459927,7,6,False
ID1345,Merge Q1274,medbullets,6,-0.8612771113097062,0.007052542858101857,8,6,False
ID1345,Merge Q1274,medbullets,7,4.836208277440947,0.7511063547599187,2,6,True
ID1345,Merge Q1274,medbullets,8,0.9331975921624804,0.2413990400191315,4,6,True
ID1345,Merge Q1274,medbullets,9,-0.915280947114092,0.0,9,6,False
ID1346,Merge Q298,jama,1,75.0106726005427,1.0,1,5,True
ID1346,Merge Q298,jama,2,3.32025314561725,0.04426374315157424,5,5,True
ID1346,Merge Q298,jama,3,15.3804601877928,0.2050436245212594,3,5,True
ID1346,Merge Q298,jama,4,0.805220820911025,0.010734750042825229,6,5,False
ID1346,Merge Q298,jama,5,0.0,0.0,7,5,False
ID1346,Merge Q298,jama,6,6.81750651443939,0.09088715349540893,4,5,True
ID1346,Merge Q298,jama,7,65.5810790285807,0.8742899744123375,2,5,True
ID1347,Merge Q659,jama,1,26.1856043856098,0.8638049477169442,3,6,True
ID1347,Merge Q659,jama,2,17.707033622994,0.5841157235743639,4,6,True
ID1347,Merge Q659,jama,3,0.0,0.0,7,6,False
ID1347,Merge Q659,jama,4,0.0,0.0,8,6,False
ID1347,Merge Q659,jama,5,2.81202199827248,0.09276236207599338,6,6,True
ID1347,Merge Q659,jama,6,3.12455806773827,0.10307223307110079,5,6,True
ID1347,Merge Q659,jama,7,30.3142560769291,1.0,1,6,True
ID1347,Merge Q659,jama,8,0.0,0.0,9,6,False
ID1347,Merge Q659,jama,9,28.0172092705423,0.9242255260839144,2,6,True
ID1347,Merge Q659,jama,10,0.0,0.0,10,6,False
ID1349,Merge Q606,jama,1,1.09454527229254,0.7195605476953775,5,13,True
ID1349,Merge Q606,jama,2,0.216233986664432,0.6117780747512904,9,13,True
ID1349,Merge Q606,jama,3,-3.39417806267738,0.16872429029843078,14,13,False
ID1349,Merge Q606,jama,4,-0.178842011897258,0.5632960970941531,11,13,True
ID1349,Merge Q606,jama,5,-0.467573717073949,0.5278642203660158,12,13,True
ID1349,Merge Q606,jama,6,0.0,0.5852427971126977,10,13,True
ID1349,Merge Q606,jama,7,-0.950420259435596,0.4686114301083761,13,13,True
ID1349,Merge Q606,jama,8,-4.76909964575871,0.0,15,13,False
ID1349,Merge Q606,jama,9,2.12650879462079,0.8461985429536156,4,13,True
ID1349,Merge Q606,jama,10,2.25356804527537,0.8617906917396576,3,13,True
ID1349,Merge Q606,jama,11,3.37982532911859,1.0,1,13,True
ID1349,Merge Q606,jama,12,0.473112463741911,0.6433010643320537,8,13,True
ID1349,Merge Q606,jama,13,2.88007430745818,0.9386727668740213,2,13,True
ID1349,Merge Q606,jama,14,0.930913434563769,0.6994803729197796,6,13,True
ID1349,Merge Q606,jama,15,0.501166295260191,0.6467437063498375,7,13,True
ID1353,Merge Q292,jama,1,0.393642042027535,0.4886450193903191,6,9,True
ID1353,Merge Q292,jama,2,0.927953193956663,0.5944554222393303,5,9,True
ID1353,Merge Q292,jama,3,1.17848888039589,0.6440693631321539,3,9,True
ID1353,Merge Q292,jama,4,-1.47481645380082,0.11863150678356854,13,9,False
ID1353,Merge Q292,jama,5,2.14629380987838,0.8357251597556616,2,9,True
ID1353,Merge Q292,jama,6,-0.345675836354489,0.3422368408175191,9,9,True
ID1353,Merge Q292,jama,7,0.0280154769807432,0.41623946693231473,7,9,True
ID1353,Merge Q292,jama,8,-0.721868692634015,0.26773883056985603,11,9,False
ID1353,Merge Q292,jama,9,-2.07387037796995,0.0,14,9,False
ID1353,Merge Q292,jama,10,1.04203246150538,0.6170467030173348,4,9,True
ID1353,Merge Q292,jama,11,2.97583303060299,1.0,1,9,True
ID1353,Merge Q292,jama,12,-0.944175053913258,0.22371518337865057,12,9,False
ID1353,Merge Q292,jama,13,-0.426113554721553,0.3263076442174764,10,9,False
ID1353,Merge Q292,jama,14,0.0,0.41069152189198205,8,9,True
ID1354,Merge Q701,jama,1,1.23178985937305,0.7292307162383965,6,4,False
ID1354,Merge Q701,jama,2,-1.18693971317754,0.22886700203406712,12,4,False
ID1354,Merge Q701,jama,3,-0.198454331606627,0.43335543371844915,9,4,False
ID1354,Merge Q701,jama,4,-0.874790112127321,0.29344153551702445,11,4,False
ID1354,Merge Q701,jama,5,1.71647724414626,0.8294982214714701,5,4,False
ID1354,Merge Q701,jama,6,0.0,0.4744097738106806,7,4,False
ID1354,Merge Q701,jama,7,2.47045997117437,0.9854749796932923,2,4,True
ID1354,Merge Q701,jama,8,0.0,0.4744097738106806,8,4,False
ID1354,Merge Q701,jama,9,1.91399447152806,0.870358702375865,3,4,True
ID1354,Merge Q701,jama,10,-0.213900639341515,0.43016004883678105,10,4,False
ID1354,Merge Q701,jama,11,1.72982233342707,0.8322589263120255,4,4,True
ID1354,Merge Q701,jama,12,-2.29326970931059,0.0,13,4,False
ID1354,Merge Q701,jama,13,2.54067308847365,1.0,1,4,True
ID1355,Merge Q4011,mmlu,1,-0.0414079157413272,0.12322756325355222,2,2,True
ID1355,Merge Q4011,mmlu,2,-1.08883817257162,0.0,3,2,False
ID1355,Merge Q4011,mmlu,3,7.41112911701202,1.0,1,2,True
ID1357,Merge Q3369,medxpert,1,51.3856676942884,1.0,1,4,True
ID1357,Merge Q3369,medxpert,2,0.0,0.0,6,4,False
ID1357,Merge Q3369,medxpert,3,2.45120400190353,0.04770209499829045,4,4,True
ID1357,Merge Q3369,medxpert,4,0.0,0.0,7,4,False
ID1357,Merge Q3369,medxpert,5,3.22208168262416,0.06270389832809936,3,4,True
ID1357,Merge Q3369,medxpert,6,1.59626239365039,0.031064350533442947,5,4,False
ID1357,Merge Q3369,medxpert,7,8.25671787825747,0.16068133876122073,2,4,True
ID1359,Merge Q264,jama,1,0.0048749824232303,0.12285577094832972,4,5,True
ID1359,Merge Q264,jama,2,-0.487139068810804,0.028530616417570143,10,5,False
ID1359,Merge Q264,jama,3,-0.0704044494777918,0.10842377651800375,9,5,False
ID1359,Merge Q264,jama,4,1.83056703071208,0.47286342651935115,3,5,True
ID1359,Merge Q264,jama,5,0.0,0.12192117676498758,5,5,True
ID1359,Merge Q264,jama,6,4.58018988966286,1.0,1,5,True
ID1359,Merge Q264,jama,7,-0.0337281942616873,0.11545506644192317,7,5,False
ID1359,Merge Q264,jama,8,-0.635959012309919,0.0,11,5,False
ID1359,Merge Q264,jama,9,-0.0400711842443657,0.11423903712568192,8,5,False
ID1359,Merge Q264,jama,10,3.27028359213358,0.7488748265921118,2,5,True
ID1359,Merge Q264,jama,11,0.0,0.12192117676498758,6,5,False
ID1366,Merge Q528,jama,1,-0.719635304354851,0.12101871715843115,9,8,False
ID1366,Merge Q528,jama,2,-1.20133201870206,0.08578451407246455,11,8,False
ID1366,Merge Q528,jama,3,0.294605858623982,0.1952064333087732,4,8,True
ID1366,Merge Q528,jama,4,11.297165384579,1.0,1,8,True
ID1366,Merge Q528,jama,5,0.256985283634231,0.1924546375420197,5,8,True
ID1366,Merge Q528,jama,6,0.0,0.17365718386633078,7,8,True
ID1366,Merge Q528,jama,7,-0.841168540454135,0.11212904323109286,10,8,False
ID1366,Merge Q528,jama,8,1.54926048998809,0.28697944061304786,3,8,True
ID1366,Merge Q528,jama,9,-0.307648892078481,0.1511538882867548,8,8,True
ID1366,Merge Q528,jama,10,0.0482516474816409,0.17718660039744533,6,8,True
ID1366,Merge Q528,jama,11,10.9267956986394,0.9729089272511101,2,8,True
ID1366,Merge Q528,jama,12,-2.37411627239322,0.0,12,8,False
ID1369,Merge Q3404,medxpert,1,5.58914702989009,0.0742067543455211,4,5,True
ID1369,Merge Q3404,medxpert,2,8.08170308873973,0.10730026470807327,3,5,True
ID1369,Merge Q3404,medxpert,3,75.318575501442,1.0,1,5,True
ID1369,Merge Q3404,medxpert,4,0.0,0.0,5,5,True
ID1369,Merge Q3404,medxpert,5,0.0,0.0,6,5,False
ID1369,Merge Q3404,medxpert,6,9.40857070831973,0.12491700282010244,2,5,True
ID1369,Merge Q3404,medxpert,7,0.0,0.0,7,5,False
ID1371,Merge Q1296,medbullets,1,-4.577676086564447,0.0,8,3,False
ID1371,Merge Q1296,medbullets,2,-1.123863207317198,0.2459807437509702,5,3,False
ID1371,Merge Q1296,medbullets,3,-2.160070762038231,0.1721819845529311,7,3,False
ID1371,Merge Q1296,medbullets,4,7.103609625335598,0.8319418126690755,2,3,True
ID1371,Merge Q1296,medbullets,5,0.9116725477844896,0.3909517124968893,3,3,True
ID1371,Merge Q1296,medbullets,6,-2.083422920765367,0.17764084803580585,6,3,False
ID1371,Merge Q1296,medbullets,7,-1.100179676045505,0.24766748615437748,4,3,False
ID1371,Merge Q1296,medbullets,8,9.463312759065978,1.0,1,3,True
ID1378,Merge Q1185,medbullets,1,-0.0,0.39734507406193037,6,9,True
ID1378,Merge Q1185,medbullets,2,5.882392874648456,0.9871092857494668,2,9,True
ID1378,Merge Q1185,medbullets,3,0.8348134160041809,0.48104282881710025,4,9,True
ID1378,Merge Q1185,medbullets,4,-0.8456151539249473,0.31256434532228705,8,9,True
ID1378,Merge Q1185,medbullets,5,6.0109667083158005,1.0,1,9,True
ID1378,Merge Q1185,medbullets,6,-3.963176785092736,0.0,9,9,True
ID1378,Merge Q1185,medbullets,7,0.7065434905466379,0.46818258417130076,5,9,True
ID1378,Merge Q1185,medbullets,8,3.2390084494124234,0.7220855845180851,3,9,True
ID1378,Merge Q1185,medbullets,9,-0.0480037917288792,0.3925322506089088,7,9,True
ID1380,Merge Q2836,medxpert,1,2.96877134533552,0.7265915313531488,3,5,True
ID1380,Merge Q2836,medxpert,2,4.68122371621039,1.0,1,5,True
ID1380,Merge Q2836,medxpert,3,3.66741093993187,0.8381356448966153,2,5,True
ID1380,Merge Q2836,medxpert,4,0.0,0.2526004054708237,6,5,False
ID1380,Merge Q2836,medxpert,5,-1.58212423109392,0.0,7,5,False
ID1380,Merge Q2836,medxpert,6,2.35917314843832,0.6292636801742013,4,5,True
ID1380,Merge Q2836,medxpert,7,1.73505890336093,0.529618210957374,5,5,True
ID1383,Merge Q3820,mmlu,1,6.87512098241138,1.0,1,3,True
ID1383,Merge Q3820,mmlu,2,6.62875512739957,0.9674531196034946,2,3,True
ID1383,Merge Q3820,mmlu,3,1.17737174034119,0.2472822051495376,3,3,True
ID1383,Merge Q3820,mmlu,4,-0.00419424376507233,0.09118798193243478,6,3,False
ID1383,Merge Q3820,mmlu,5,-0.453470441629134,0.031835038416063985,7,3,False
ID1383,Merge Q3820,mmlu,6,-0.65627556570435,0.005042875529863306,9,3,False
ID1383,Merge Q3820,mmlu,7,-0.54239869357609,0.020086912118898573,8,3,False
ID1383,Merge Q3820,mmlu,8,0.641088166885337,0.17643489831376882,5,3,False
ID1383,Merge Q3820,mmlu,9,-0.694447959694107,0.0,10,3,False
ID1383,Merge Q3820,mmlu,10,0.665357966371799,0.17964113101632892,4,3,False
ID1384,Merge Q1154,medbullets,1,5.484460453648351,0.7545866753310754,2,3,True
ID1384,Merge Q1154,medbullets,2,-5.797996320878668,0.0,9,3,False
ID1384,Merge Q1154,medbullets,3,-4.085207372903824,0.1145537486759243,8,3,False
ID1384,Merge Q1154,medbullets,4,9.153840417527608,1.0,1,3,True
ID1384,Merge Q1154,medbullets,5,4.168842681258706,0.6665962969309244,4,3,False
ID1384,Merge Q1154,medbullets,6,4.509171630122394,0.6893579786438806,3,3,True
ID1384,Merge Q1154,medbullets,7,0.0,0.38777819891422116,6,3,False
ID1384,Merge Q1154,medbullets,8,0.309577927987587,0.4084832088339981,5,3,False
ID1384,Merge Q1154,medbullets,9,-0.219155857841802,0.37312074500564124,7,3,False
ID1385,Merge Q1587,medxpert,1,3.96387168577114,0.40549167813315024,2,3,True
ID1385,Merge Q1587,medxpert,2,0.190064781113186,0.06964864323364062,3,3,True
ID1385,Merge Q1587,medxpert,3,0.0,0.05273417608436052,5,3,False
ID1385,Merge Q1587,medxpert,4,-0.592564314689912,0.0,6,3,False
ID1385,Merge Q1587,medxpert,5,0.0056635438484186,0.05323819279809107,4,3,False
ID1385,Merge Q1587,medxpert,6,10.6442532235602,1.0,1,3,True
ID1387,Merge Q759,jama,1,1.74028838722381,1.0,1,12,True
ID1387,Merge Q759,jama,2,0.79233319033892,0.7271756735013846,7,12,True
ID1387,Merge Q759,jama,3,1.66965459287167,0.9796713838001098,3,12,True
ID1387,Merge Q759,jama,4,1.69587517617108,0.9872177456984043,2,12,True
ID1387,Merge Q759,jama,5,-1.18729348302416,0.1574332261222394,16,12,False
ID1387,Merge Q759,jama,6,1.31406371944552,0.8773312722944769,4,12,True
ID1387,Merge Q759,jama,7,-0.323402576768686,0.4060635996271678,13,12,False
ID1387,Merge Q759,jama,8,-1.35359278428755,0.10957179236095159,18,12,False
ID1387,Merge Q759,jama,9,-1.31502827961413,0.12067077156255632,17,12,False
ID1387,Merge Q759,jama,10,1.29106396350776,0.8707118740950979,5,12,True
ID1387,Merge Q759,jama,11,-0.213282660223066,0.437756439293398,12,12,True
ID1387,Merge Q759,jama,12,0.817466099143933,0.7344089994435932,6,12,True
ID1387,Merge Q759,jama,13,-0.686071893174081,0.3016862911687492,15,12,False
ID1387,Merge Q759,jama,14,0.0,0.49913982357190295,8,12,True
ID1387,Merge Q759,jama,15,-0.419237894816189,0.3784819099154487,14,12,False
ID1387,Merge Q759,jama,16,0.0,0.49913982357190295,9,12,True
ID1387,Merge Q759,jama,17,0.0,0.49913982357190295,10,12,True
ID1387,Merge Q759,jama,18,0.0,0.49913982357190295,11,12,True
ID1387,Merge Q759,jama,19,-1.73431085050106,0.0,19,12,False
ID1388,Merge Q7,jama,1,3.57912903349387,0.4751366108224932,3,5,True
ID1388,Merge Q7,jama,2,0.853271281808814,0.26788245632565894,4,5,True
ID1388,Merge Q7,jama,3,-2.66998484730721,0.0,11,5,False
ID1388,Merge Q7,jama,4,-0.0595916022500659,0.19847508351238224,10,5,False
ID1388,Merge Q7,jama,5,4.14438903817012,0.5181148198899445,2,5,True
ID1388,Merge Q7,jama,6,10.4822617665318,1.0,1,5,True
ID1388,Merge Q7,jama,7,0.0,0.2030059902083807,5,5,True
ID1388,Merge Q7,jama,8,0.0,0.2030059902083807,6,5,False
ID1388,Merge Q7,jama,9,0.0,0.2030059902083807,7,5,False
ID1388,Merge Q7,jama,10,0.0,0.2030059902083807,8,5,False
ID1388,Merge Q7,jama,11,0.0,0.2030059902083807,9,5,False
ID1389,Merge Q2367,medxpert,1,-6.07062856772041,0.0,5,4,False
ID1389,Merge Q2367,medxpert,2,10.9714637815613,0.7193160159058392,3,4,True
ID1389,Merge Q2367,medxpert,3,16.4124749898911,0.9489712967634015,2,4,True
ID1389,Merge Q2367,medxpert,4,17.6214510918997,1.0,1,4,True
ID1389,Merge Q2367,medxpert,5,5.42219714778031,0.4850914685673905,4,4,True
ID1392,Merge Q2594,medxpert,1,2.07778230907147,0.5325143548434259,3,5,True
ID1392,Merge Q2594,medxpert,2,-0.954420405572658,0.0,6,5,False
ID1392,Merge Q2594,medxpert,3,1.21877726912498,0.38165619735772416,4,5,True
ID1392,Merge Q2594,medxpert,4,4.73970349374585,1.0,1,5,True
ID1392,Merge Q2594,medxpert,5,0.0,0.16761496982650592,5,5,True
ID1392,Merge Q2594,medxpert,6,3.59221953143547,0.7984792774797691,2,5,True
ID1394,Merge Q1183,medbullets,1,3.1018586237784773,0.916276868284627,2,3,True
ID1394,Merge Q1183,medbullets,2,1.0581000445935618,0.4352843710623923,4,3,False
ID1394,Merge Q1183,medbullets,3,0.5130071751773357,0.30699838701866644,7,3,False
ID1394,Merge Q1183,medbullets,4,0.7311240767771339,0.35833155046339393,6,3,False
ID1394,Merge Q1183,medbullets,5,-0.0,0.1862636755930733,10,3,False
ID1394,Merge Q1183,medbullets,6,3.45760194557184,1.0,1,3,True
ID1394,Merge Q1183,medbullets,7,2.5243048185146444,0.7803512996272731,3,3,True
ID1394,Merge Q1183,medbullets,8,-0.0,0.1862636755930733,11,3,False
ID1394,Merge Q1183,medbullets,9,0.7318957658975731,0.3585131652005256,5,3,False
ID1394,Merge Q1183,medbullets,10,0.4782464899121302,0.2988175632260953,8,3,False
ID1394,Merge Q1183,medbullets,11,-0.0,0.1862636755930733,12,3,False
ID1394,Merge Q1183,medbullets,12,-0.7914426673644632,0.0,13,3,False
ID1394,Merge Q1183,medbullets,13,0.0856672870914952,0.20642521657352791,9,3,False
ID1395,Merge Q2083,medxpert,1,37.2249202449836,1.0,1,7,True
ID1395,Merge Q2083,medxpert,2,25.9843504920087,0.6980364315356815,2,7,True
ID1395,Merge Q2083,medxpert,3,8.58597654104233,0.2306513079017105,3,7,True
ID1395,Merge Q2083,medxpert,4,4.20432080820555,0.1129437156758481,6,7,True
ID1395,Merge Q2083,medxpert,5,0.0,0.0,7,7,True
ID1395,Merge Q2083,medxpert,6,5.43344801221194,0.14596265019383478,5,7,True
ID1395,Merge Q2083,medxpert,7,6.75052816321483,0.1813443284441832,4,7,True
ID1396,Merge Q2072,medxpert,1,0.0,0.06634643089558143,3,2,False
ID1396,Merge Q2072,medxpert,2,4.81010874693198,0.12632674229046886,2,2,True
ID1396,Merge Q2072,medxpert,3,74.8741561174393,1.0,1,2,True
ID1396,Merge Q2072,medxpert,4,-5.32063839211339,0.0,4,2,False
ID1398,Merge Q880,jama,1,-2.83936478244077,0.0,11,6,False
ID1398,Merge Q880,jama,2,-0.041480388303711,0.5517661323957416,9,6,False
ID1398,Merge Q880,jama,3,1.3287415355444,0.8219853212334948,3,6,True
ID1398,Merge Q880,jama,4,1.58521584842625,0.8725641943185352,2,6,True
ID1398,Merge Q880,jama,5,0.385007165666264,0.6358730342613251,6,6,True
ID1398,Merge Q880,jama,6,0.591807040325049,0.6766556939235714,5,6,True
ID1398,Merge Q880,jama,7,0.911985652009903,0.7397975859243228,4,6,True
ID1398,Merge Q880,jama,8,0.0243756046023798,0.5647534833302617,7,6,False
ID1398,Merge Q880,jama,9,2.23141471971675,1.0,1,6,True
ID1398,Merge Q880,jama,10,0.0,0.5599464108491947,8,6,False
ID1398,Merge Q880,jama,11,-0.396522499220851,0.4817488676406726,10,6,False
ID1399,Merge Q3466,medxpert,1,2.88885571280322,0.8307511230193044,2,6,True
ID1399,Merge Q3466,medxpert,2,4.25027156911846,1.0,1,6,True
ID1399,Merge Q3466,medxpert,3,-2.25636556744576,0.1911060656624324,10,6,False
ID1399,Merge Q3466,medxpert,4,-0.701978698414053,0.38434476694302,8,6,False
ID1399,Merge Q3466,medxpert,5,-0.547218002312646,0.40358435042106694,5,6,True
ID1399,Merge Q3466,medxpert,6,0.141125155314833,0.4891579875029172,4,6,True
ID1399,Merge Q3466,medxpert,7,-0.649201869419927,0.39090589152256927,7,6,False
ID1399,Merge Q3466,medxpert,8,0.516695679805954,0.5358482689494809,3,6,True
ID1399,Merge Q3466,medxpert,9,-0.605524654817174,0.3963357676966051,6,6,True
ID1399,Merge Q3466,medxpert,10,-3.79359779416554,0.0,11,6,False
ID1399,Merge Q3466,medxpert,11,-2.08378500842976,0.21256098383946526,9,6,False
ID1401,Merge Q761,jama,1,-4.34082300710451,0.0,11,6,False
ID1401,Merge Q761,jama,2,2.83621472243029,0.2850371700531024,2,6,True
ID1401,Merge Q761,jama,3,-1.27954606711864,0.1215790899540042,8,6,False
ID1401,Merge Q761,jama,4,0.0,0.17239646108515952,3,6,True
ID1401,Merge Q761,jama,5,-1.33220243182485,0.11948783423726506,9,6,False
ID1401,Merge Q761,jama,6,-1.95389829239374,0.09479708640950205,10,6,False
ID1401,Merge Q761,jama,7,-0.99939651033674,0.13270527318808895,6,6,True
ID1401,Merge Q761,jama,8,0.0,0.17239646108515952,4,6,True
ID1401,Merge Q761,jama,9,-0.174737709022914,0.16545672578510806,5,6,True
ID1401,Merge Q761,jama,10,-1.1097729637374,0.12832165516858865,7,6,False
ID1401,Merge Q761,jama,11,20.8384816014759,1.0,1,6,True
ID1402,Merge Q132,jama,1,-0.198316563285193,0.10385121204222691,16,4,False
ID1402,Merge Q132,jama,2,1.57434343178271,0.5066654222129966,2,4,True
ID1402,Merge Q132,jama,3,-0.0583188515156508,0.13566389346396962,15,4,False
ID1402,Merge Q132,jama,4,-0.291576766374676,0.08265902902214546,18,4,False
ID1402,Merge Q132,jama,5,-0.014673119327865,0.14558182537841688,14,4,False
ID1402,Merge Q132,jama,6,0.0,0.1489161032372507,8,4,False
ID1402,Merge Q132,jama,7,0.0,0.1489161032372507,9,4,False
ID1402,Merge Q132,jama,8,0.194743790213227,0.19316912765178212,6,4,False
ID1402,Merge Q132,jama,9,0.644658996200088,0.29540657806396586,5,4,False
ID1402,Merge Q132,jama,10,0.0,0.1489161032372507,10,4,False
ID1402,Merge Q132,jama,11,-0.212768589095812,0.10056717484475573,17,4,False
ID1402,Merge Q132,jama,12,-0.655333432050883,0.0,19,4,False
ID1402,Merge Q132,jama,13,0.146748137735367,0.1822627322356892,7,4,False
ID1402,Merge Q132,jama,14,1.05422280895819,0.38847469276712654,3,4,True
ID1402,Merge Q132,jama,15,0.0,0.1489161032372507,11,4,False
ID1402,Merge Q132,jama,16,0.0,0.1489161032372507,12,4,False
ID1402,Merge Q132,jama,17,0.845572963356972,0.3410616959194777,4,4,True
ID1402,Merge Q132,jama,18,0.0,0.1489161032372507,13,4,False
ID1402,Merge Q132,jama,19,3.74535539746285,1.0,1,4,True
ID1403,Merge Q548,jama,1,0.169191116969453,0.8268887946783895,4,10,True
ID1403,Merge Q548,jama,2,0.0488664943173672,0.8029852901529463,7,10,True
ID1403,Merge Q548,jama,3,0.0,0.7932775475287688,8,10,True
ID1403,Merge Q548,jama,4,1.0405922303501,1.0,1,10,True
ID1403,Merge Q548,jama,5,0.0,0.7932775475287688,9,10,True
ID1403,Merge Q548,jama,6,0.0,0.7932775475287688,10,10,True
ID1403,Merge Q548,jama,7,0.0,0.7932775475287688,11,10,False
ID1403,Merge Q548,jama,8,0.435805909228468,0.8798540793628122,2,10,True
ID1403,Merge Q548,jama,9,0.152753032945525,0.8236232301813229,5,10,True
ID1403,Merge Q548,jama,10,-0.157532004903242,0.7619824816552212,12,10,False
ID1403,Merge Q548,jama,11,-0.841630864467238,0.62608045408169,13,10,False
ID1403,Merge Q548,jama,12,0.173368484916378,0.8277186641716227,3,10,True
ID1403,Merge Q548,jama,13,0.136489450376879,0.8203923318750501,6,10,True
ID1403,Merge Q548,jama,14,-3.9931726941199,0.0,14,10,False
ID1405,Merge Q3871,mmlu,1,5.96396784534171,1.0,1,3,True
ID1405,Merge Q3871,mmlu,2,3.14334848685916,0.7036492722892338,2,3,True
ID1405,Merge Q3871,mmlu,3,0.847932904958725,0.4624795178347407,4,3,False
ID1405,Merge Q3871,mmlu,4,-3.55387400465513,0.0,5,3,False
ID1405,Merge Q3871,mmlu,5,3.11509894780818,0.7006812108845373,3,3,True
ID1409,Merge Q2261,medxpert,1,10.506473186705,0.07974769936563424,4,3,False
ID1409,Merge Q2261,medxpert,2,14.665032863422,0.11131257951138396,2,3,True
ID1409,Merge Q2261,medxpert,3,2.5629784911871,0.019453877106393323,5,3,False
ID1409,Merge Q2261,medxpert,4,0.329856543105651,0.0025037231776942836,6,3,False
ID1409,Merge Q2261,medxpert,5,0.0,0.0,7,3,False
ID1409,Merge Q2261,medxpert,6,14.4563340467971,0.10972848462146155,3,3,True
ID1409,Merge Q2261,medxpert,7,131.746411122583,1.0,1,3,True
ID1413,Merge Q1194,medbullets,1,-3.656512884506502,0.0,10,4,False
ID1413,Merge Q1194,medbullets,2,-2.8687115262624507,0.0390383620851685,8,4,False
ID1413,Merge Q1194,medbullets,3,10.62349498271942,0.7076252304798939,2,4,True
ID1413,Merge Q1194,medbullets,4,3.130356579134945,0.3363135449994113,3,4,True
ID1413,Merge Q1194,medbullets,5,0.9942955828985872,0.23046411768572042,5,4,False
ID1413,Merge Q1194,medbullets,6,-3.010274879081094,0.03202339394949204,9,4,False
ID1413,Merge Q1194,medbullets,7,2.897199729799764,0.3247597930139214,4,4,True
ID1413,Merge Q1194,medbullets,8,0.6403853792305533,0.21292660707870215,6,4,False
ID1413,Merge Q1194,medbullets,9,16.52367184059378,1.0,1,4,True
ID1413,Merge Q1194,medbullets,10,-0.7598561576465149,0.1435396536909348,7,4,False
ID1414,Merge Q2724,medxpert,1,15.3430042619655,1.0,1,5,True
ID1414,Merge Q2724,medxpert,2,3.3144619500412,0.26587502291826537,2,5,True
ID1414,Merge Q2724,medxpert,3,-1.04186573624611,0.0,7,5,False
ID1414,Merge Q2724,medxpert,4,0.0,0.06358706150001973,5,5,True
ID1414,Merge Q2724,medxpert,5,0.0,0.06358706150001973,6,5,False
ID1414,Merge Q2724,medxpert,6,1.5747971767609,0.15969994960549677,4,5,True
ID1414,Merge Q2724,medxpert,7,2.29902308951841,0.20390084426236976,3,5,True
ID1416,Merge Q156,jama,1,-5.74690384481669,0.0,10,9,False
ID1416,Merge Q156,jama,2,-1.87233028116998,0.19651630594450578,9,9,True
ID1416,Merge Q156,jama,3,1.89398516714573,0.38754181798256193,4,9,True
ID1416,Merge Q156,jama,4,3.1211852519635,0.44978475216915415,3,9,True
ID1416,Merge Q156,jama,5,0.737026285339145,0.32886148017312156,5,9,True
ID1416,Merge Q156,jama,6,0.0,0.2914798998263723,6,9,True
ID1416,Merge Q156,jama,7,5.41574892789964,0.5661637987770641,2,9,True
ID1416,Merge Q156,jama,8,-0.314627109695167,0.27552218052342586,7,9,True
ID1416,Merge Q156,jama,9,-1.29181353512285,0.2259598058802084,8,9,True
ID1416,Merge Q156,jama,10,13.9693916810154,1.0,1,9,True
ID1418,Merge Q3803,mmlu,1,0.0300980544678998,0.5949277407914049,8,2,False
ID1418,Merge Q3803,mmlu,2,-4.44259338625736,0.0,14,2,False
ID1418,Merge Q3803,mmlu,3,0.46322550997138,0.6525394812819654,6,2,False
ID1418,Merge Q3803,mmlu,4,0.279382753599574,0.6280859375580978,7,2,False
ID1418,Merge Q3803,mmlu,5,0.926854173220473,0.7142082900626122,4,2,False
ID1418,Merge Q3803,mmlu,6,1.00635651668412,0.7247831643214947,2,2,True
ID1418,Merge Q3803,mmlu,7,0.96735467190665,0.7195953976920143,3,2,False
ID1418,Merge Q3803,mmlu,8,0.880624567750415,0.7080591346593234,5,2,False
ID1418,Merge Q3803,mmlu,9,0.0,0.590924297275547,9,2,False
ID1418,Merge Q3803,mmlu,10,0.0,0.590924297275547,10,2,False
ID1418,Merge Q3803,mmlu,11,3.07544810694221,1.0,1,2,True
ID1418,Merge Q3803,mmlu,12,-0.285680021338105,0.5529250362184597,12,2,False
ID1418,Merge Q3803,mmlu,13,-1.18616388730689,0.43314864674477616,13,2,False
ID1418,Merge Q3803,mmlu,14,-0.125492130950548,0.5742321666103916,11,2,False
ID1421,Merge Q4028,mmlu,1,0.262061459234538,0.430212463498374,4,5,True
ID1421,Merge Q4028,mmlu,2,0.0,0.3108423277723279,5,5,True
ID1421,Merge Q4028,mmlu,3,0.0,0.3108423277723279,6,5,False
ID1421,Merge Q4028,mmlu,4,-0.437875689027402,0.11138804486093899,10,5,False
ID1421,Merge Q4028,mmlu,5,-0.121540139109478,0.2554802652086893,9,5,False
ID1421,Merge Q4028,mmlu,6,0.343724383608075,0.4674102811199673,3,5,True
ID1421,Merge Q4028,mmlu,7,-0.605513682332269,0.035028208996121094,11,5,False
ID1421,Merge Q4028,mmlu,8,1.51295518035718,1.0,1,5,True
ID1421,Merge Q4028,mmlu,9,0.49488552381715,0.5362648386576027,2,5,True
ID1421,Merge Q4028,mmlu,10,0.0,0.3108423277723279,7,5,False
ID1421,Merge Q4028,mmlu,11,-0.682413515846431,0.0,12,5,False
ID1421,Merge Q4028,mmlu,12,-0.085725571836197,0.27179395654227445,8,5,False
ID1422,Merge Q1265,medbullets,1,-2.584918011469356,0.07399141167526506,9,5,False
ID1422,Merge Q1265,medbullets,2,0.6951658119073384,0.2144966242121586,4,5,True
ID1422,Merge Q1265,medbullets,3,0.0,0.1847185985854015,5,5,True
ID1422,Merge Q1265,medbullets,4,19.03268418299942,1.0,1,5,True
ID1422,Merge Q1265,medbullets,5,-1.3367550728729367,0.127457544985122,8,5,False
ID1422,Merge Q1265,medbullets,6,-0.0,0.1847185985854015,6,5,False
ID1422,Merge Q1265,medbullets,7,-0.5419484464024245,0.16150377062791882,7,5,False
ID1422,Merge Q1265,medbullets,8,1.5798868788961804,0.252394412270869,2,5,True
ID1422,Merge Q1265,medbullets,9,-4.312242059615365,0.0,10,5,False
ID1422,Merge Q1265,medbullets,10,1.1508187222740172,0.23401490864070013,3,5,True
ID1423,Merge Q3020,medxpert,1,0.164495095489811,0.07188886733497649,4,4,True
ID1423,Merge Q3020,medxpert,2,-0.408255281974506,0.0,5,4,False
ID1423,Merge Q3020,medxpert,3,7.55890846252441,1.0,1,4,True
ID1423,Merge Q3020,medxpert,4,1.64838749641063,0.2581398907239964,2,4,True
ID1423,Merge Q3020,medxpert,5,1.16944656286477,0.19802553272846077,3,4,True
ID1425,Merge Q4005,mmlu,1,2.67491655163991,0.5585765501870572,3,5,True
ID1425,Merge Q4005,mmlu,2,0.662694673347808,0.1937798097776862,4,5,True
ID1425,Merge Q4005,mmlu,3,-0.406196381896734,0.0,6,5,False
ID1425,Merge Q4005,mmlu,4,0.0,0.0736395512247275,5,5,True
ID1425,Merge Q4005,mmlu,5,2.84251917135751,0.5889613154143124,2,5,True
ID1425,Merge Q4005,mmlu,6,5.10981200138544,1.0,1,5,True
ID1426,Merge Q4024,mmlu,1,1.09912818714616,0.6745559634867438,8,7,False
ID1426,Merge Q4024,mmlu,2,2.23403392450169,0.7593167437545961,5,7,True
ID1426,Merge Q4024,mmlu,3,3.99244639277458,0.8906443139110585,3,7,True
ID1426,Merge Q4024,mmlu,4,-7.9328489927389,0.0,11,7,False
ID1426,Merge Q4024,mmlu,5,0.0,0.5924672404409167,10,7,False
ID1426,Merge Q4024,mmlu,6,2.71233916367266,0.7950391160573389,4,7,True
ID1426,Merge Q4024,mmlu,7,5.45666599012368,1.0,1,7,True
ID1426,Merge Q4024,mmlu,8,1.48207939610021,0.7031567910330885,6,7,True
ID1426,Merge Q4024,mmlu,9,1.35016845958631,0.6933049826081579,7,7,True
ID1426,Merge Q4024,mmlu,10,0.920041048396423,0.6611807860453688,9,7,False
ID1426,Merge Q4024,mmlu,11,4.49712489670172,0.9283363815156794,2,7,True
ID1428,Merge Q2653,medxpert,1,22.279511084294,0.8552362724928051,2,3,True
ID1428,Merge Q2653,medxpert,2,26.0507087934363,1.0,1,3,True
ID1428,Merge Q2653,medxpert,3,0.0,0.0,4,3,False
ID1428,Merge Q2653,medxpert,4,3.33276326412118,0.12793368850527775,3,3,True
ID1428,Merge Q2653,medxpert,5,0.0,0.0,5,3,False
ID1430,Merge Q618,jama,1,-0.419252815573244,0.2588729835597111,9,6,False
ID1430,Merge Q618,jama,2,-2.25296817704214,0.06802080002621419,13,6,False
ID1430,Merge Q618,jama,3,1.38030391931534,0.4461699542142933,4,6,True
ID1430,Merge Q618,jama,4,2.14353056157799,0.5256062038457968,3,6,True
ID1430,Merge Q618,jama,5,0.0,0.30250860825155196,5,6,True
ID1430,Merge Q618,jama,6,-1.12341512428097,0.18558412041183184,11,6,False
ID1430,Merge Q618,jama,7,-0.399635990076408,0.2609146930085907,7,6,False
ID1430,Merge Q618,jama,8,-0.552197510976118,0.24503616573073828,10,6,False
ID1430,Merge Q618,jama,9,-2.04987177900163,0.08915897220293077,12,6,False
ID1430,Merge Q618,jama,10,-0.418809405278639,0.25891913348281514,8,6,False
ID1430,Merge Q618,jama,11,-0.031284536639175,0.29925252922539525,6,6,True
ID1430,Merge Q618,jama,12,6.0251842955354,0.9296067954388607,2,6,True
ID1430,Merge Q618,jama,13,6.70152500150447,1.0,1,6,True
ID1430,Merge Q618,jama,14,-2.90651472598996,0.0,14,6,False
ID1432,Merge Q2880,medxpert,1,29.947377493408,0.4190191323817939,2,3,True
ID1432,Merge Q2880,medxpert,2,71.4701911656891,1.0,1,3,True
ID1432,Merge Q2880,medxpert,3,0.0,0.0,5,3,False
ID1432,Merge Q2880,medxpert,4,0.0,0.0,6,3,False
ID1432,Merge Q2880,medxpert,5,26.4818877775212,0.37053052952003906,3,3,True
ID1432,Merge Q2880,medxpert,6,7.20732919655397,0.10084384942871139,4,3,False
ID1434,Merge Q2609,medxpert,1,2.53246030105242,0.4972198576420469,2,5,True
ID1434,Merge Q2609,medxpert,2,-5.33196710676943,0.0,7,5,False
ID1434,Merge Q2609,medxpert,3,-0.341849952936173,0.3154947222703532,4,5,True
ID1434,Merge Q2609,medxpert,4,-3.29601710612394,0.1287207214196474,6,5,False
ID1434,Merge Q2609,medxpert,5,10.4848336242334,1.0,1,5,True
ID1434,Merge Q2609,medxpert,6,1.14784633741116,0.40967914778614983,3,5,True
ID1434,Merge Q2609,medxpert,7,-0.420538639342975,0.31051971577282794,5,5,True
ID1438,Merge Q452,jama,1,8.51015837466942,0.613661415210302,2,10,True
ID1438,Merge Q452,jama,2,0.0,0.1462046563457639,12,10,False
ID1438,Merge Q452,jama,3,0.715733370148164,0.18551936550752499,9,10,True
ID1438,Merge Q452,jama,4,-1.8389937132597,0.04519008024440732,17,10,False
ID1438,Merge Q452,jama,5,1.55399927304484,0.2315646968377962,6,10,True
ID1438,Merge Q452,jama,6,-2.6616895723977,0.0,19,10,False
ID1438,Merge Q452,jama,7,-0.80221236023669,0.10213971967507811,16,10,False
ID1438,Merge Q452,jama,8,2.00019245758813,0.25607376126306963,4,10,True
ID1438,Merge Q452,jama,9,1.28242575821461,0.2166473628180376,7,10,True
ID1438,Merge Q452,jama,10,0.0851675072871192,0.15088284506614189,11,10,False
ID1438,Merge Q452,jama,11,0.0,0.1462046563457639,13,10,False
ID1438,Merge Q452,jama,12,2.18949379770138,0.2664719450573273,3,10,True
ID1438,Merge Q452,jama,13,1.20022191697439,0.2121319661003048,8,10,True
ID1438,Merge Q452,jama,14,-2.31005824324503,0.019314851052618834,18,10,False
ID1438,Merge Q452,jama,15,15.5435416351706,1.0,1,10,True
ID1438,Merge Q452,jama,16,0.0,0.1462046563457639,14,10,False
ID1438,Merge Q452,jama,17,0.456946361469344,0.1713043848940826,10,10,True
ID1438,Merge Q452,jama,18,-0.380731288343668,0.1252913658743202,15,10,False
ID1438,Merge Q452,jama,19,1.78908450901508,0.24447775645730324,5,10,True
ID1439,Merge Q1131,medbullets,1,-0.3879114529087654,0.0,8,6,False
ID1439,Merge Q1131,medbullets,2,-0.0,0.8246810110555822,2,6,True
ID1439,Merge Q1131,medbullets,3,-0.0,0.8246810110555822,3,6,True
ID1439,Merge Q1131,medbullets,4,-0.0,0.8246810110555822,4,6,True
ID1439,Merge Q1131,medbullets,5,-0.0,0.8246810110555822,5,6,True
ID1439,Merge Q1131,medbullets,6,-0.0,0.8246810110555822,6,6,True
ID1439,Merge Q1131,medbullets,7,0.0824661206117443,1.0,1,6,True
ID1439,Merge Q1131,medbullets,8,0.0,0.8246810110555822,7,6,False
ID1442,Merge Q3841,mmlu,1,0.731704165616515,0.6072067630613608,5,3,False
ID1442,Merge Q3841,mmlu,2,0.0,0.04319340102394887,6,3,False
ID1442,Merge Q3841,mmlu,3,1.24128153920174,1.0,1,3,True
ID1442,Merge Q3841,mmlu,4,0.891698200585611,0.7305336181064161,4,3,False
ID1442,Merge Q3841,mmlu,5,0.0,0.04319340102394887,7,3,False
ID1442,Merge Q3841,mmlu,6,0.921246397841559,0.7533100062419543,3,3,True
ID1442,Merge Q3841,mmlu,7,1.19013589580647,0.960575834277741,2,3,True
ID1442,Merge Q3841,mmlu,8,-0.0560355367153015,0.0,8,3,False
ID1445,Merge Q3911,mmlu,1,19.2153467279592,1.0,1,3,True
ID1445,Merge Q3911,mmlu,2,-2.23456039852342,0.18836599126210132,6,3,False
ID1445,Merge Q3911,mmlu,3,2.01569737493992,0.3491897064653449,3,3,True
ID1445,Merge Q3911,mmlu,4,-7.21270692129276,0.0,7,3,False
ID1445,Merge Q3911,mmlu,5,10.8175400346037,0.6822389266795967,2,3,True
ID1445,Merge Q3911,mmlu,6,-0.145901030695509,0.2673978940858278,5,3,False
ID1445,Merge Q3911,mmlu,7,1.86293166005247,0.3434092688699424,4,3,False
ID1446,Merge Q3903,mmlu,1,4.25635224905538,1.0,1,7,True
ID1446,Merge Q3903,mmlu,2,2.16641439664019,0.6236070325424802,3,7,True
ID1446,Merge Q3903,mmlu,3,-0.679968550801277,0.11098005520442968,7,7,True
ID1446,Merge Q3903,mmlu,4,0.491964283770491,0.3220424448135823,5,7,True
ID1446,Merge Q3903,mmlu,5,-1.29618999564281,0.0,8,7,False
ID1446,Merge Q3903,mmlu,6,3.31290509875336,0.830087353013322,2,7,True
ID1446,Merge Q3903,mmlu,7,1.90655438113373,0.5768068455192142,4,7,True
ID1446,Merge Q3903,mmlu,8,0.398110502995998,0.30513959623748926,6,7,True
ID1448,Merge Q2361,medxpert,1,9.27298219950222,0.09569706052391509,2,5,True
ID1448,Merge Q2361,medxpert,2,4.37198311134995,0.04833865111240264,4,5,True
ID1448,Merge Q2361,medxpert,3,4.26069221645594,0.047263245941056,5,5,True
ID1448,Merge Q2361,medxpert,4,102.856950429405,1.0,1,5,True
ID1448,Merge Q2361,medxpert,5,-0.630458650699722,0.0,6,5,False
ID1448,Merge Q2361,medxpert,6,5.04802053651591,0.054871208369128156,3,5,True
ID1450,Merge Q740,jama,1,1.04511484038969,0.20703702723089673,8,13,True
ID1450,Merge Q740,jama,2,1.35343907095936,0.22500185618312005,7,13,True
ID1450,Merge Q740,jama,3,1.38857518136501,0.2270490978556856,6,13,True
ID1450,Merge Q740,jama,4,-1.723171127461,0.04573999322422297,14,13,False
ID1450,Merge Q740,jama,5,0.307676219352947,0.16406940621320654,10,13,True
ID1450,Merge Q740,jama,6,-2.33899668690944,0.009858282534609925,15,13,False
ID1450,Merge Q740,jama,7,1.58476430888386,0.2384802594989015,4,13,True
ID1450,Merge Q740,jama,8,-2.50819102687814,0.0,16,13,False
ID1450,Merge Q740,jama,9,-1.09429443985045,0.08238214134242429,13,13,True
ID1450,Merge Q740,jama,10,1.4557491342379,0.23096305742732393,5,13,True
ID1450,Merge Q740,jama,11,7.53736135985297,0.5853144594727014,2,13,True
ID1450,Merge Q740,jama,12,0.0,0.14614233430215398,11,13,True
ID1450,Merge Q740,jama,13,0.703082143837737,0.18710813977929866,9,13,True
ID1450,Merge Q740,jama,14,-0.379852719933554,0.1240098242232839,12,13,True
ID1450,Merge Q740,jama,15,2.24425993859768,0.2769064518246143,3,13,True
ID1450,Merge Q740,jama,16,14.6544678211212,1.0,1,13,True
ID1452,Merge Q1200,medbullets,1,3.776432937096163,1.0,1,5,True
ID1452,Merge Q1200,medbullets,2,0.3688170894170032,0.43317819188654283,6,5,False
ID1452,Merge Q1200,medbullets,3,-1.8308639377355576,0.06728390308850736,8,5,False
ID1452,Merge Q1200,medbullets,4,-2.235360891057109,0.0,9,5,False
ID1452,Merge Q1200,medbullets,5,0.7266669563381091,0.4927028324763935,3,5,True
ID1452,Merge Q1200,medbullets,6,-0.849032543445482,0.23060144563165852,7,5,False
ID1452,Merge Q1200,medbullets,7,0.7113106550869557,0.49014846988677174,4,5,True
ID1452,Merge Q1200,medbullets,8,0.4323234714831266,0.4437418246193759,5,5,True
ID1452,Merge Q1200,medbullets,9,1.463629056699198,0.6152888893883739,2,5,True
ID1454,Merge Q3813,mmlu,1,-0.200924038694465,0.5646129456965117,6,4,False
ID1454,Merge Q3813,mmlu,2,0.0,0.9525205811120687,2,4,True
ID1454,Merge Q3813,mmlu,3,0.0245928559452295,1.0,1,4,True
ID1454,Merge Q3813,mmlu,4,0.0,0.9525205811120687,3,4,True
ID1454,Merge Q3813,mmlu,5,-0.493375908653125,0.0,7,4,False
ID1454,Merge Q3813,mmlu,6,0.0,0.9525205811120687,4,4,True
ID1454,Merge Q3813,mmlu,7,0.0,0.9525205811120687,5,4,False
ID1459,Merge Q885,jama,1,4.11632538880457,0.9608444332681332,2,4,True
ID1459,Merge Q885,jama,2,0.228434934775398,0.2415338315184213,7,4,False
ID1459,Merge Q885,jama,3,1.00041460990906,0.3843601717213634,6,4,False
ID1459,Merge Q885,jama,4,-0.942908742297978,0.024819925822289198,9,4,False
ID1459,Merge Q885,jama,5,-0.330533586733751,0.13811734169700418,8,4,False
ID1459,Merge Q885,jama,6,-1.07706101593257,0.0,10,4,False
ID1459,Merge Q885,jama,7,1.97712067436867,0.5650635725157325,4,4,True
ID1459,Merge Q885,jama,8,1.17862146897405,0.4173307722425586,5,4,False
ID1459,Merge Q885,jama,9,4.32796213341618,1.0,1,4,True
ID1459,Merge Q885,jama,10,3.32029067538993,0.8135675962557785,3,4,True
ID1460,Merge Q3967,mmlu,1,3.56422369196503,0.880733391431907,2,2,True
ID1460,Merge Q3967,mmlu,2,4.24182941141473,1.0,1,2,True
ID1460,Merge Q3967,mmlu,3,-1.43960756063461,0.0,4,2,False
ID1460,Merge Q3967,mmlu,4,0.483617497435386,0.3385103218660319,3,2,False
ID1462,Merge Q3377,medxpert,1,60.9316631321457,0.9994973068379124,2,4,True
ID1462,Merge Q3377,medxpert,2,60.9605383262911,1.0,1,4,True
ID1462,Merge Q3377,medxpert,3,3.5195458419621,0.0,4,4,True
ID1462,Merge Q3377,medxpert,4,4.91004635384867,0.024207459720789554,3,4,True
ID1463,Merge Q2542,medxpert,1,0.0,0.0,2,3,True
ID1463,Merge Q2542,medxpert,2,0.0,0.0,3,3,True
ID1463,Merge Q2542,medxpert,3,77.1232086420059,1.0,1,3,True
ID1463,Merge Q2542,medxpert,4,0.0,0.0,4,3,False
ID1464,Merge Q532,jama,1,0.0282112214879059,0.6405926411501456,6,9,True
ID1464,Merge Q532,jama,2,-0.23284798434228,0.5406112839456646,10,9,False
ID1464,Merge Q532,jama,3,0.966652169823647,1.0,1,9,True
ID1464,Merge Q532,jama,4,0.310672929388424,0.7487708025920358,3,9,True
ID1464,Merge Q532,jama,5,-0.172393465484129,0.5637643645863586,9,9,True
ID1464,Merge Q532,jama,6,0.0,0.629788210010522,7,9,True
ID1464,Merge Q532,jama,7,-0.462700902725838,0.45258141859647,11,9,False
ID1464,Merge Q532,jama,8,0.0,0.629788210010522,8,9,True
ID1464,Merge Q532,jama,9,0.099903826147063,0.6680497227441554,5,9,True
ID1464,Merge Q532,jama,10,0.589109443393863,0.8554073813597528,2,9,True
ID1464,Merge Q532,jama,11,-1.64442666656652,0.0,13,9,False
ID1464,Merge Q532,jama,12,0.2699976666954,0.7331928498599544,4,9,True
ID1464,Merge Q532,jama,13,-1.08056870072008,0.21594827317660664,12,9,False
ID1466,Merge Q3787,mmlu,1,-1.20055154386303,0.11416417995457849,8,5,False
ID1466,Merge Q3787,mmlu,2,5.33773332760157,0.9287778184853679,3,5,True
ID1466,Merge Q3787,mmlu,3,0.557712625712156,0.33322865952888575,5,5,True
ID1466,Merge Q3787,mmlu,4,0.0106281634731884,0.2650666762061378,6,5,False
ID1466,Merge Q3787,mmlu,5,1.19345441614545,0.41243657769885933,4,5,True
ID1466,Merge Q3787,mmlu,6,-2.11686069381347,0.0,9,5,False
ID1466,Merge Q3787,mmlu,7,0.0,0.263742499134016,7,5,False
ID1466,Merge Q3787,mmlu,8,5.9093796761082,1.0,1,5,True
ID1466,Merge Q3787,mmlu,9,5.35901476421636,0.9314293010767117,2,5,True
ID1467,Merge Q4046,mmlu,1,-0.982071718372105,0.29753345827102834,8,2,False
ID1467,Merge Q4046,mmlu,2,1.68877252009307,0.38055755231749544,3,2,False
ID1467,Merge Q4046,mmlu,3,0.0,0.32806148889604014,5,2,False
ID1467,Merge Q4046,mmlu,4,0.336303612322842,0.3385156001225726,4,2,False
ID1467,Merge Q4046,mmlu,5,-5.21771388036233,0.16586709295489044,10,2,False
ID1467,Merge Q4046,mmlu,6,-1.85520599777836,0.27039178468160296,9,2,False
ID1467,Merge Q4046,mmlu,7,-0.682825803004751,0.30683561848788826,7,2,False
ID1467,Merge Q4046,mmlu,8,0.0,0.32806148889604014,6,2,False
ID1467,Merge Q4046,mmlu,9,-10.5535766158424,0.0,11,2,False
ID1467,Merge Q4046,mmlu,10,10.4890731608897,0.6541178661374251,2,2,True
ID1467,Merge Q4046,mmlu,11,21.6159311534366,1.0,1,2,True
ID1468,Merge Q1176,medbullets,1,0.798564862684319,0.28428921171589167,6,5,False
ID1468,Merge Q1176,medbullets,2,-0.4956552362623033,0.15499170308618646,7,5,False
ID1468,Merge Q1176,medbullets,3,3.736979931592941,0.5778480492266803,4,5,True
ID1468,Merge Q1176,medbullets,4,-2.0470646905510828,0.0,10,5,False
ID1468,Merge Q1176,medbullets,5,-1.1549879258535731,0.0891218605519376,9,5,False
ID1468,Merge Q1176,medbullets,6,-0.569265720342659,0.14763773585266637,8,5,False
ID1468,Merge Q1176,medbullets,7,1.9004656384271208,0.3943732887416185,5,5,True
ID1468,Merge Q1176,medbullets,8,4.993278045383406,0.7033570073563782,3,5,True
ID1468,Merge Q1176,medbullets,9,7.962564363115648,1.0,1,5,True
ID1468,Merge Q1176,medbullets,10,5.93546754489481,0.7974853206494928,2,5,True
ID1469,Merge Q376,jama,1,-0.123338018020402,0.0,11,4,False
ID1469,Merge Q376,jama,2,0.0,0.29150908433446604,3,4,True
ID1469,Merge Q376,jama,3,0.0,0.29150908433446604,4,4,True
ID1469,Merge Q376,jama,4,-0.02755014388166,0.22639439102962444,8,4,False
ID1469,Merge Q376,jama,5,0.0,0.29150908433446604,5,4,False
ID1469,Merge Q376,jama,6,0.0,0.29150908433446604,6,4,False
ID1469,Merge Q376,jama,7,0.0,0.29150908433446604,7,4,False
ID1469,Merge Q376,jama,8,0.084395720570809,0.4909781500792587,2,4,True
ID1469,Merge Q376,jama,9,-0.0434554014440767,0.18880235620904723,9,4,False
ID1469,Merge Q376,jama,10,-0.0661583911125383,0.13514389926178752,10,4,False
ID1469,Merge Q376,jama,11,0.299763781026412,1.0,1,4,True
ID1474,Merge Q4030,mmlu,1,0.551052340025463,0.4781797452798979,2,5,True
ID1474,Merge Q4030,mmlu,2,0.0466534524359034,0.04048387853901007,5,5,True
ID1474,Merge Q4030,mmlu,3,0.0,0.0,7,5,False
ID1474,Merge Q4030,mmlu,4,0.14317109119611,0.12423777370483073,4,5,True
ID1474,Merge Q4030,mmlu,5,0.344666393924106,0.29908681350587185,3,5,True
ID1474,Merge Q4030,mmlu,6,0.0375400737178345,0.03257567672673927,6,5,False
ID1474,Merge Q4030,mmlu,7,1.152395820745,1.0,1,5,True
ID1475,Merge Q1241,medbullets,1,0.329750256921496,0.3166471281032797,4,4,True
ID1475,Merge Q1241,medbullets,2,-2.2040754295695923,0.18895174937131598,7,4,False
ID1475,Merge Q1241,medbullets,3,13.88934087753296,1.0,1,4,True
ID1475,Merge Q1241,medbullets,4,1.6457022717915304,0.3829662090991897,2,4,True
ID1475,Merge Q1241,medbullets,5,-0.1807816692762378,0.29091822022372504,5,4,False
ID1475,Merge Q1241,medbullets,6,1.3779448019155187,0.36947222973572413,3,4,True
ID1475,Merge Q1241,medbullets,7,-5.953395105964621,0.0,9,4,False
ID1475,Merge Q1241,medbullets,8,-0.5659147012786652,0.2715089496310645,6,4,False
ID1475,Merge Q1241,medbullets,9,-2.633337691074388,0.16731852994725085,8,4,False
ID1479,Merge Q4023,mmlu,1,-0.584746713348661,0.0,7,4,False
ID1479,Merge Q4023,mmlu,2,4.58311572569303,1.0,1,4,True
ID1479,Merge Q4023,mmlu,3,1.61462880671024,0.4255870867311136,4,4,True
ID1479,Merge Q4023,mmlu,4,2.03415927475603,0.5067677437231343,3,4,True
ID1479,Merge Q4023,mmlu,5,0.0,0.11315059567589694,5,4,False
ID1479,Merge Q4023,mmlu,6,-0.546780942245428,0.007346513486197457,6,4,False
ID1479,Merge Q4023,mmlu,7,3.39556468757847,0.7702045957835566,2,4,True
ID1480,Merge Q1104,medbullets,1,0.2652786638516676,0.7619348914190343,4,3,False
ID1480,Merge Q1104,medbullets,2,0.0,0.6201104681300103,5,3,False
ID1480,Merge Q1104,medbullets,3,0.0,0.6201104681300103,6,3,False
ID1480,Merge Q1104,medbullets,4,0.7105728695284999,1.0,1,3,True
ID1480,Merge Q1104,medbullets,5,0.3097302031720614,0.7856997650688402,3,3,True
ID1480,Merge Q1104,medbullets,6,-1.1598994912936995,0.0,7,3,False
ID1480,Merge Q1104,medbullets,7,0.5976457729331329,0.9396264286173531,2,3,True
ID1483,Merge Q2511,medxpert,1,3.43217466727361,0.31630294660205743,3,5,True
ID1483,Merge Q2511,medxpert,2,2.83672453418079,0.24961094158116995,4,5,True
ID1483,Merge Q2511,medxpert,3,0.608108550310135,0.0,6,5,False
ID1483,Merge Q2511,medxpert,4,1.27458576812719,0.07464722818364602,5,5,True
ID1483,Merge Q2511,medxpert,5,4.96162979019056,0.48760600468853355,2,5,True
ID1483,Merge Q2511,medxpert,6,9.53646709803005,1.0,1,5,True
ID1485,Merge Q478,jama,1,0.049237184944245,0.2492836548564201,7,9,True
ID1485,Merge Q478,jama,2,0.0,0.22923743283572823,8,9,True
ID1485,Merge Q478,jama,3,0.0,0.22923743283572823,9,9,True
ID1485,Merge Q478,jama,4,-0.563049030636604,0.0,17,9,False
ID1485,Merge Q478,jama,5,0.130710424990372,0.2824543298362999,6,9,True
ID1485,Merge Q478,jama,6,0.0,0.22923743283572823,10,9,False
ID1485,Merge Q478,jama,7,-0.291809032308367,0.11043152108588326,15,9,False
ID1485,Merge Q478,jama,8,1.56384903650675,0.8659364039113185,2,9,True
ID1485,Merge Q478,jama,9,1.89313373005626,1.0,1,9,True
ID1485,Merge Q478,jama,10,0.13121789579017,0.2826609393801495,5,9,True
ID1485,Merge Q478,jama,11,0.0,0.22923743283572823,11,9,False
ID1485,Merge Q478,jama,12,0.568065418517257,0.46051721690074277,4,9,True
ID1485,Merge Q478,jama,13,-0.368294914057447,0.07929137835175541,16,9,False
ID1485,Merge Q478,jama,14,0.0,0.22923743283572823,12,9,False
ID1485,Merge Q478,jama,15,0.0,0.22923743283572823,13,9,False
ID1485,Merge Q478,jama,16,-0.0861477423459292,0.19416360049532544,14,9,False
ID1485,Merge Q478,jama,17,1.51689505346826,0.8468197551871639,3,9,True
ID1488,Merge Q1047,medbullets,1,-0.5888812120692208,0.37769518192382295,9,5,False
ID1488,Merge Q1047,medbullets,2,-0.382045790604839,0.4806086578504414,8,5,False
ID1488,Merge Q1047,medbullets,3,-0.2181414104998111,0.5621612727593479,7,5,False
ID1488,Merge Q1047,medbullets,4,-0.0928079763971917,0.624522445047923,6,5,False
ID1488,Merge Q1047,medbullets,5,0.661826512717768,1.0,1,5,True
ID1488,Merge Q1047,medbullets,6,-1.3479726860952617,0.0,10,5,False
ID1488,Merge Q1047,medbullets,7,0.0,0.6707001808396396,4,5,True
ID1488,Merge Q1047,medbullets,8,0.4990969205994733,0.9190319151214701,2,5,True
ID1488,Merge Q1047,medbullets,9,0.0,0.6707001808396396,5,5,True
ID1488,Merge Q1047,medbullets,10,0.0304955157529977,0.685873595064806,3,5,True
ID1489,Merge Q1055,medbullets,1,2.1642649018001663,0.8982110173327683,2,6,True
ID1489,Merge Q1055,medbullets,2,2.104759155641468,0.8811718972398799,4,6,True
ID1489,Merge Q1055,medbullets,3,-0.6246101707220078,0.09963305886073015,8,6,False
ID1489,Merge Q1055,medbullets,4,0.0,0.2784865040689993,7,6,False
ID1489,Merge Q1055,medbullets,5,0.7924236308499646,0.5053923456407656,6,6,True
ID1489,Merge Q1055,medbullets,6,1.0426580907530447,0.5770455100645248,5,6,True
ID1489,Merge Q1055,medbullets,7,2.15130093192257,0.8944988608792414,3,6,True
ID1489,Merge Q1055,medbullets,8,-0.9725588603996907,0.0,9,6,False
ID1489,Merge Q1055,medbullets,9,2.5197427276109243,1.0,1,6,True
ID1491,Merge Q688,jama,1,0.124052169686534,0.2678096521927702,5,13,True
ID1491,Merge Q688,jama,2,3.11854400866451,1.0,1,13,True
ID1491,Merge Q688,jama,3,0.134641796350479,0.2703989470872485,4,13,True
ID1491,Merge Q688,jama,4,0.0601691187620778,0.25218945491371236,6,13,True
ID1491,Merge Q688,jama,5,0.0,0.23747736005333822,7,13,True
ID1491,Merge Q688,jama,6,2.23154781801928,0.7831184440449578,2,13,True
ID1491,Merge Q688,jama,7,-0.664573179960327,0.07498098539479721,13,13,True
ID1491,Merge Q688,jama,8,0.0,0.23747736005333822,8,13,True
ID1491,Merge Q688,jama,9,-0.301297396260827,0.16380641445579697,11,13,True
ID1491,Merge Q688,jama,10,-0.510878709873671,0.11256118716526002,12,13,True
ID1491,Merge Q688,jama,11,0.0,0.23747736005333822,9,13,True
ID1491,Merge Q688,jama,12,0.177599063609466,0.2809025310495747,3,13,True
ID1491,Merge Q688,jama,13,-0.971228340760618,0.0,14,13,False
ID1491,Merge Q688,jama,14,0.0,0.23747736005333822,10,13,True
ID1492,Merge Q2177,medxpert,1,1.24442916236952,0.3485784913152641,2,2,True
ID1492,Merge Q2177,medxpert,2,6.05216392015023,1.0,1,2,True
ID1492,Merge Q2177,medxpert,3,-1.32821068167686,0.0,4,2,False
ID1492,Merge Q2177,medxpert,4,0.0,0.1799652122465501,3,2,False
ID1494,Merge Q1169,medbullets,1,4.239314046110887,0.387476375428677,3,3,True
ID1494,Merge Q1169,medbullets,2,0.686074258605652,0.2544658083873113,5,3,False
ID1494,Merge Q1169,medbullets,3,4.5352935791015625,0.3985559557188013,2,3,True
ID1494,Merge Q1169,medbullets,4,-6.111716736754007,0.0,8,3,False
ID1494,Merge Q1169,medbullets,5,-3.718110307664628,0.08960131244915813,7,3,False
ID1494,Merge Q1169,medbullets,6,2.183178027706918,0.310507796307225,4,3,False
ID1494,Merge Q1169,medbullets,7,0.5147963528950117,0.24805425928771477,6,3,False
ID1494,Merge Q1169,medbullets,8,20.60224942805599,1.0,1,3,True
ID1496,Merge Q1129,medbullets,1,7.10110822246753,0.4483382530104759,2,3,True
ID1496,Merge Q1129,medbullets,2,2.519721061508989,0.16693457115995214,5,3,False
ID1496,Merge Q1129,medbullets,3,4.561138272285461,0.2923250476953022,4,3,False
ID1496,Merge Q1129,medbullets,4,6.6396315754642,0.4199928582659721,3,3,True
ID1496,Merge Q1129,medbullets,5,-0.1980539725737827,0.0,6,3,False
ID1496,Merge Q1129,medbullets,6,16.08242654861601,1.0,1,3,True
ID1500,Merge Q3815,mmlu,1,1.26688949130355,0.4789193919165814,3,3,True
ID1500,Merge Q3815,mmlu,2,0.0,0.0,4,3,False
ID1500,Merge Q3815,mmlu,3,2.01608870923519,0.7621374913160882,2,3,True
ID1500,Merge Q3815,mmlu,4,2.64530840197053,1.0,1,3,True
ID1501,Merge Q3033,medxpert,1,1.51982383060176,0.7132207227093854,2,2,True
ID1501,Merge Q3033,medxpert,2,-1.27508904042328,0.0,5,2,False
ID1501,Merge Q3033,medxpert,3,1.41133908927441,0.6855370097698632,3,2,False
ID1501,Merge Q3033,medxpert,4,2.64363174548955,1.0,1,2,True
ID1501,Merge Q3033,medxpert,5,0.860576517983849,0.5449904892648904,4,2,False
ID1504,Merge Q2119,medxpert,1,2.06962615363152,0.8088171468232263,3,3,True
ID1504,Merge Q2119,medxpert,2,-1.91621453803206,0.0,4,3,False
ID1504,Merge Q2119,medxpert,3,3.01177284121513,1.0,1,3,True
ID1504,Merge Q2119,medxpert,4,2.29616564125347,0.854787128113348,2,3,True
ID1505,Merge Q492,jama,1,-0.190966537147283,0.11461318655259732,17,9,False
ID1505,Merge Q492,jama,2,0.0,0.5011452124386567,3,9,True
ID1505,Merge Q492,jama,3,0.0,0.5011452124386567,4,9,True
ID1505,Merge Q492,jama,4,-0.247591297533417,0.0,18,9,False
ID1505,Merge Q492,jama,5,-0.0385220744681135,0.4231733556519903,16,9,False
ID1505,Merge Q492,jama,6,0.0,0.5011452124386567,5,9,True
ID1505,Merge Q492,jama,7,0.0,0.5011452124386567,6,9,True
ID1505,Merge Q492,jama,8,0.0,0.5011452124386567,7,9,True
ID1505,Merge Q492,jama,9,0.0,0.5011452124386567,8,9,True
ID1505,Merge Q492,jama,10,0.0,0.5011452124386567,9,9,True
ID1505,Merge Q492,jama,11,0.0,0.5011452124386567,10,9,False
ID1505,Merge Q492,jama,12,0.246459710813238,1.0,1,9,True
ID1505,Merge Q492,jama,13,0.0,0.5011452124386567,11,9,False
ID1505,Merge Q492,jama,14,0.0,0.5011452124386567,12,9,False
ID1505,Merge Q492,jama,15,0.0,0.5011452124386567,13,9,False
ID1505,Merge Q492,jama,16,0.0,0.5011452124386567,14,9,False
ID1505,Merge Q492,jama,17,0.0,0.5011452124386567,15,9,False
ID1505,Merge Q492,jama,18,0.181876554417733,0.8692783633584051,2,9,True
ID1506,Merge Q3870,mmlu,1,9.50126644292579,1.0,1,1,True
ID1506,Merge Q3870,mmlu,2,4.79979082583241,0.5739070557763296,2,1,False
ID1506,Merge Q3870,mmlu,3,-1.53265392780304,0.0,4,1,False
ID1506,Merge Q3870,mmlu,4,-0.790068270851878,0.06730025521310805,3,1,False
ID1507,Merge Q4045,mmlu,1,3.09975689119073,0.6181358164291826,2,1,False
ID1507,Merge Q4045,mmlu,2,-0.14210629659484,0.0,4,1,False
ID1507,Merge Q4045,mmlu,3,2.42519572377205,0.4895152072915744,3,1,False
ID1507,Merge Q4045,mmlu,4,5.10247442761074,1.0,1,1,True
ID1508,Merge Q1103,medbullets,1,-1.1351811394313425,0.06387180901105104,11,1,False
ID1508,Merge Q1103,medbullets,2,-0.0118787548782973,0.12181419224417558,7,1,False
ID1508,Merge Q1103,medbullets,3,-0.0,0.12242692428939822,5,1,False
ID1508,Merge Q1103,medbullets,4,-0.0345647898762143,0.12064399715515474,8,1,False
ID1508,Merge Q1103,medbullets,5,-0.4995327684302026,0.09665993625135258,9,1,False
ID1508,Merge Q1103,medbullets,6,-0.7629924301415972,0.08307011315894901,10,1,False
ID1508,Merge Q1103,medbullets,7,1.2282468102005062,0.18578256953697564,3,1,False
ID1508,Merge Q1103,medbullets,8,17.013106357726024,1.0,1,1,True
ID1508,Merge Q1103,medbullets,9,-2.373434579562775,0.0,12,1,False
ID1508,Merge Q1103,medbullets,10,2.620368482481753,0.2575912370442145,2,1,False
ID1508,Merge Q1103,medbullets,11,0.046344538466369,0.124817476508914,4,1,False
ID1508,Merge Q1103,medbullets,12,-0.0,0.12242692428939822,6,1,False
ID1513,Merge Q82,jama,1,0.0,0.23696607168361092,5,11,True
ID1513,Merge Q82,jama,2,0.0,0.23696607168361092,6,11,True
ID1513,Merge Q82,jama,3,0.0883846711367369,0.4563267592955404,4,11,True
ID1513,Merge Q82,jama,4,0.0,0.23696607168361092,7,11,True
ID1513,Merge Q82,jama,5,0.0,0.23696607168361092,8,11,True
ID1513,Merge Q82,jama,6,-0.0688485177613811,0.06609189177255043,23,11,False
ID1513,Merge Q82,jama,7,0.0,0.23696607168361092,9,11,True
ID1513,Merge Q82,jama,8,0.0,0.23696607168361092,10,11,True
ID1513,Merge Q82,jama,9,-0.0118108312665976,0.20765293361806178,20,11,False
ID1513,Merge Q82,jama,10,-0.0954782214822952,0.0,24,11,False
ID1513,Merge Q82,jama,11,0.307441153447355,1.0,1,11,True
ID1513,Merge Q82,jama,12,0.0,0.23696607168361092,11,11,True
ID1513,Merge Q82,jama,13,0.17473456413682,0.6706373593136205,2,11,True
ID1513,Merge Q82,jama,14,0.158105557879891,0.6293660596650682,3,11,True
ID1513,Merge Q82,jama,15,0.0,0.23696607168361092,12,11,False
ID1513,Merge Q82,jama,16,0.0,0.23696607168361092,13,11,False
ID1513,Merge Q82,jama,17,-0.0274403252086677,0.16886230970031393,21,11,False
ID1513,Merge Q82,jama,18,0.0,0.23696607168361092,14,11,False
ID1513,Merge Q82,jama,19,-0.0405466854572296,0.1363338162496074,22,11,False
ID1513,Merge Q82,jama,20,0.0,0.23696607168361092,15,11,False
ID1513,Merge Q82,jama,21,0.0,0.23696607168361092,16,11,False
ID1513,Merge Q82,jama,22,0.0,0.23696607168361092,17,11,False
ID1513,Merge Q82,jama,23,0.0,0.23696607168361092,18,11,False
ID1513,Merge Q82,jama,24,0.0,0.23696607168361092,19,11,False
ID1515,Merge Q3927,mmlu,1,2.1940347953592,0.7711740624725694,5,4,False
ID1515,Merge Q3927,mmlu,2,2.77189754922881,0.8468787520763689,3,4,True
ID1515,Merge Q3927,mmlu,3,3.94068995118141,1.0,1,4,True
ID1515,Merge Q3927,mmlu,4,0.8514835191937,0.5952889981407924,6,4,False
ID1515,Merge Q3927,mmlu,5,-3.69242705773646,0.0,11,4,False
ID1515,Merge Q3927,mmlu,6,2.3009224119264,0.7851772038422511,4,4,True
ID1515,Merge Q3927,mmlu,7,0.331777308902576,0.5272032856220474,7,4,False
ID1515,Merge Q3927,mmlu,8,3.53404240005595,0.9467258852903253,2,4,True
ID1515,Merge Q3927,mmlu,9,-1.84742051023629,0.24171076446812292,9,4,False
ID1515,Merge Q3927,mmlu,10,-0.655258245175235,0.3978936532759633,8,4,False
ID1515,Merge Q3927,mmlu,11,-2.17766655220257,0.1984458647449234,10,4,False
ID1520,Merge Q304,jama,1,-0.206737716290313,0.16489837885610506,13,7,False
ID1520,Merge Q304,jama,2,-0.987355669009943,0.0,16,7,False
ID1520,Merge Q304,jama,3,0.0,0.20856982421028353,8,7,False
ID1520,Merge Q304,jama,4,1.31332742759057,0.48599819100922936,4,7,True
ID1520,Merge Q304,jama,5,0.0,0.20856982421028353,9,7,False
ID1520,Merge Q304,jama,6,1.75321346209946,0.578920079007377,3,7,True
ID1520,Merge Q304,jama,7,3.74657778827904,1.0,1,7,True
ID1520,Merge Q304,jama,8,0.502056273058869,0.3146246045718109,6,7,True
ID1520,Merge Q304,jama,9,0.31486480713948,0.2750821252344293,7,7,True
ID1520,Merge Q304,jama,10,0.0,0.20856982421028353,10,7,False
ID1520,Merge Q304,jama,11,-0.123273618628145,0.1825294035452366,12,7,False
ID1520,Merge Q304,jama,12,0.812019372718804,0.3801014648734012,5,7,True
ID1520,Merge Q304,jama,13,-0.902768077403807,0.01786835247459886,15,7,False
ID1520,Merge Q304,jama,14,0.0,0.20856982421028353,11,7,False
ID1520,Merge Q304,jama,15,-0.27145779270684,0.15122685664303392,14,7,False
ID1520,Merge Q304,jama,16,3.0299644185761,0.8486220019422647,2,7,True
ID1524,Merge Q4010,mmlu,1,5.57177842604324,1.0,1,2,True
ID1524,Merge Q4010,mmlu,2,2.39730899842662,0.4871196856099769,3,2,False
ID1524,Merge Q4010,mmlu,3,0.818997502326965,0.2321212001047198,6,2,False
ID1524,Merge Q4010,mmlu,4,0.991370927198061,0.25997055835377636,5,2,False
ID1524,Merge Q4010,mmlu,5,-0.61771518201631,0.0,7,2,False
ID1524,Merge Q4010,mmlu,6,1.14230247123932,0.28435567830037844,4,2,False
ID1524,Merge Q4010,mmlu,7,5.51243440654097,0.9904121365558894,2,2,True
ID1525,Merge Q754,jama,1,1.93934315321997,0.5094445820572605,2,8,True
ID1525,Merge Q754,jama,2,-2.28569032465542,0.0,15,8,False
ID1525,Merge Q754,jama,3,-0.67219577729702,0.19455137092641797,12,8,False
ID1525,Merge Q754,jama,4,0.930001772040697,0.3877405764486359,5,8,True
ID1525,Merge Q754,jama,5,0.0,0.2756031539759428,6,8,True
ID1525,Merge Q754,jama,6,-0.754831823338631,0.18458731119553443,13,8,False
ID1525,Merge Q754,jama,7,-0.0840743146116234,0.265465671209627,10,8,False
ID1525,Merge Q754,jama,8,-0.432375054945059,0.22346838858013424,11,8,False
ID1525,Merge Q754,jama,9,-1.4511577964198,0.1006259659921027,14,8,False
ID1525,Merge Q754,jama,10,1.45464048021803,0.45100027576653684,3,8,True
ID1525,Merge Q754,jama,11,1.34317914403035,0.43756053046581306,4,8,True
ID1525,Merge Q754,jama,12,0.0,0.2756031539759428,7,8,True
ID1525,Merge Q754,jama,13,0.0,0.2756031539759428,8,8,True
ID1525,Merge Q754,jama,14,6.00772102307878,1.0,1,8,True
ID1525,Merge Q754,jama,15,0.0,0.2756031539759428,9,8,False
ID1526,Merge Q1324,medbullets,1,3.529425955994858,0.4166791207758436,2,6,True
ID1526,Merge Q1324,medbullets,2,2.8947820683245564,0.3280021821364076,3,6,True
ID1526,Merge Q1324,medbullets,3,0.8648675680160522,0.04436815195935756,7,6,False
ID1526,Merge Q1324,medbullets,4,7.7041419106731,1.0,1,6,True
ID1526,Merge Q1324,medbullets,5,0.5473331912067123,0.0,8,6,False
ID1526,Merge Q1324,medbullets,6,1.1248066136763195,0.08068867635080006,5,6,True
ID1526,Merge Q1324,medbullets,7,1.4054119674167094,0.11989684366944704,4,6,True
ID1526,Merge Q1324,medbullets,8,0.902912549499392,0.049684066213130776,6,6,True
ID1530,Merge Q756,jama,1,-0.214920237310799,0.2318350303603527,13,11,False
ID1530,Merge Q756,jama,2,0.0,0.3104853919796594,7,11,True
ID1530,Merge Q756,jama,3,-0.848433405160904,0.0,15,11,False
ID1530,Merge Q756,jama,4,0.0,0.3104853919796594,8,11,True
ID1530,Merge Q756,jama,5,1.88416988980019,1.0,1,11,True
ID1530,Merge Q756,jama,6,0.315773688201894,0.4260432150944083,4,11,True
ID1530,Merge Q756,jama,7,-0.817499480954041,0.011320312854743688,14,11,False
ID1530,Merge Q756,jama,8,0.0,0.3104853919796594,9,11,True
ID1530,Merge Q756,jama,9,0.0974659280342827,0.3461531847448988,6,11,True
ID1530,Merge Q756,jama,10,0.434113011815788,0.469349656183794,3,11,True
ID1530,Merge Q756,jama,11,0.198076375966951,0.3829717189676282,5,11,True
ID1530,Merge Q756,jama,12,0.0,0.3104853919796594,10,11,True
ID1530,Merge Q756,jama,13,-0.0048827184670896,0.30869855432338733,12,11,False
ID1530,Merge Q756,jama,14,1.63504477193707,0.9088323144737088,2,11,True
ID1530,Merge Q756,jama,15,0.0,0.3104853919796594,11,11,True
ID1531,Merge Q827,jama,1,1.22151734616328,0.8603985006606976,3,4,True
ID1531,Merge Q827,jama,2,1.82928370655687,1.0,1,4,True
ID1531,Merge Q827,jama,3,1.82577940821648,0.9991950767032682,2,4,True
ID1531,Merge Q827,jama,4,0.912693105423637,0.7894628091695525,4,4,True
ID1531,Merge Q827,jama,5,-2.52429675833778,0.0,6,4,False
ID1531,Merge Q827,jama,6,0.89336582663327,0.7850234106224914,5,4,False
ID1534,Merge Q1240,medbullets,1,-0.0241135540745049,0.6258387639424454,11,5,False
ID1534,Merge Q1240,medbullets,2,0.0,0.6718235071016506,4,5,True
ID1534,Merge Q1240,medbullets,3,0.0,0.6718235071016506,5,5,True
ID1534,Merge Q1240,medbullets,4,-0.0,0.6718235071016506,6,5,False
ID1534,Merge Q1240,medbullets,5,-0.0,0.6718235071016506,7,5,False
ID1534,Merge Q1240,medbullets,6,-0.011075676361014,0.6507021024674743,10,5,False
ID1534,Merge Q1240,medbullets,7,-0.0069116982269119,0.6586428425353053,9,5,False
ID1534,Merge Q1240,medbullets,8,0.0334987754685501,0.7357059435649611,2,5,True
ID1534,Merge Q1240,medbullets,9,-0.3522918984440661,0.0,13,5,False
ID1534,Merge Q1240,medbullets,10,0.0145048732396243,0.6994844179910233,3,5,True
ID1534,Merge Q1240,medbullets,11,-0.0,0.6718235071016506,8,5,False
ID1534,Merge Q1240,medbullets,12,0.1720897207164591,1.0,1,5,True
ID1534,Merge Q1240,medbullets,13,-0.1067045727230825,0.46833702164111085,12,5,False
ID1536,Merge Q1051,medbullets,1,2.2391071913548664,0.21556852025991127,3,4,True
ID1536,Merge Q1051,medbullets,2,3.1407953969120377,0.2658713227406154,2,4,True
ID1536,Merge Q1051,medbullets,3,16.300204753875732,1.0,1,4,True
ID1536,Merge Q1051,medbullets,4,1.9126930552299648,0.19735873808109855,4,4,True
ID1536,Merge Q1051,medbullets,5,0.8659052668825411,0.1389612132693859,5,4,False
ID1536,Merge Q1051,medbullets,6,-1.6250034073008557,0.0,6,4,False
ID1538,Merge Q29,jama,1,8.23732010179539,1.0,1,13,True
ID1538,Merge Q29,jama,2,-0.985964234988764,0.07963411479041138,14,13,False
ID1538,Merge Q29,jama,3,-1.78400346636772,0.0,15,13,False
ID1538,Merge Q29,jama,4,0.0,0.17802074289222103,7,13,True
ID1538,Merge Q29,jama,5,-0.144084844647532,0.16364291708233725,12,13,True
ID1538,Merge Q29,jama,6,-0.471234159961373,0.1309975970217051,13,13,True
ID1538,Merge Q29,jama,7,-0.0996092228161719,0.16808101565572883,11,13,True
ID1538,Merge Q29,jama,8,2.36395324453546,0.4139130607538593,4,13,True
ID1538,Merge Q29,jama,9,0.385660597967006,0.21650474107308176,5,13,True
ID1538,Merge Q29,jama,10,2.41389655562027,0.4188967648269895,3,13,True
ID1538,Merge Q29,jama,11,3.70269623005226,0.547502498956401,2,13,True
ID1538,Merge Q29,jama,12,0.0,0.17802074289222103,8,13,True
ID1538,Merge Q29,jama,13,0.257258227815758,0.20369182576525047,6,13,True
ID1538,Merge Q29,jama,14,0.0,0.17802074289222103,9,13,True
ID1538,Merge Q29,jama,15,0.0,0.17802074289222103,10,13,True
ID1539,Merge Q1177,medbullets,1,3.1559124916816157,0.037930016207002336,5,6,True
ID1539,Merge Q1177,medbullets,2,2.6206814357809534,0.026674694644598713,7,6,False
ID1539,Merge Q1177,medbullets,3,2.6461669206619263,0.02721062641527378,6,6,True
ID1539,Merge Q1177,medbullets,4,12.35721382744141,0.231423282684745,3,6,True
ID1539,Merge Q1177,medbullets,5,2.527786709140222,0.024721220517366704,8,6,False
ID1539,Merge Q1177,medbullets,6,1.3522036849411654,0.0,9,6,False
ID1539,Merge Q1177,medbullets,7,38.5741787960844,0.7827372766304065,2,6,True
ID1539,Merge Q1177,medbullets,8,8.976361657035193,0.16032767282922378,4,6,True
ID1539,Merge Q1177,medbullets,9,48.905803369601045,1.0,1,6,True
ID1540,Merge Q258,jama,1,-1.24448008960905,0.0,15,9,False
ID1540,Merge Q258,jama,2,0.454222886361545,0.2456374501815264,8,9,True
ID1540,Merge Q258,jama,3,5.67100846767426,1.0,1,9,True
ID1540,Merge Q258,jama,4,0.0,0.1799554838823901,10,9,False
ID1540,Merge Q258,jama,5,-1.14652241088661,0.014164968665774455,14,9,False
ID1540,Merge Q258,jama,6,0.722393339368575,0.2844156870024949,7,9,True
ID1540,Merge Q258,jama,7,0.256015493307645,0.2169760777546788,9,9,True
ID1540,Merge Q258,jama,8,1.00239245570383,0.32490438335647315,5,9,True
ID1540,Merge Q258,jama,9,0.0,0.1799554838823901,11,9,False
ID1540,Merge Q258,jama,10,0.0,0.1799554838823901,12,9,False
ID1540,Merge Q258,jama,11,4.51947071993851,0.8334842523131697,2,9,True
ID1540,Merge Q258,jama,12,1.44375045850001,0.3887260496263634,4,9,True
ID1540,Merge Q258,jama,13,0.0,0.1799554838823901,13,9,False
ID1540,Merge Q258,jama,14,4.45649247351395,0.8243774125139436,3,9,True
ID1540,Merge Q258,jama,15,0.961315467518977,0.3189645299615035,6,9,True
ID1541,Merge Q1319,medbullets,1,6.724819611219498,0.33359581792401066,2,7,True
ID1541,Merge Q1319,medbullets,2,5.612600663507543,0.2784223543929542,3,7,True
ID1541,Merge Q1319,medbullets,3,0.7920107841491699,0.03928900708385939,6,7,True
ID1541,Merge Q1319,medbullets,4,0.0,0.0,7,7,True
ID1541,Merge Q1319,medbullets,5,20.158584879955946,1.0,1,7,True
ID1541,Merge Q1319,medbullets,6,5.026226010198124,0.24933426825986155,5,7,True
ID1541,Merge Q1319,medbullets,7,5.257540430187662,0.26080900328551,4,7,True
ID1541,Merge Q1319,medbullets,8,-0.0,-0.0,8,7,False
ID1541,Merge Q1319,medbullets,9,0.0,0.0,9,7,False
ID1543,Merge Q3853,mmlu,1,4.51635766262417,0.8270377820171251,5,7,True
ID1543,Merge Q3853,mmlu,2,4.6715891609889,0.8417521592490501,4,7,True
ID1543,Merge Q3853,mmlu,3,4.69144749641419,0.8436345287534613,3,7,True
ID1543,Merge Q3853,mmlu,4,-4.20859970955844,0.0,10,7,False
ID1543,Merge Q3853,mmlu,5,2.63498201217824,0.6487023840647347,6,7,True
ID1543,Merge Q3853,mmlu,6,-0.166526762796105,0.38314766503042347,9,7,False
ID1543,Merge Q3853,mmlu,7,6.34104815647091,1.0,1,7,True
ID1543,Merge Q3853,mmlu,8,2.11581107424285,0.5994902260355403,7,7,True
ID1543,Merge Q3853,mmlu,9,1.16396388264657,0.5092647319068406,8,7,False
ID1543,Merge Q3853,mmlu,10,6.03971094064147,0.9714362773377708,2,7,True
ID1544,Merge Q3922,mmlu,1,5.41331659087153,0.6752909902561409,2,6,True
ID1544,Merge Q3922,mmlu,2,-3.25878389572814,0.0,7,6,False
ID1544,Merge Q3922,mmlu,3,1.71364416182041,0.3871998337828286,4,6,True
ID1544,Merge Q3922,mmlu,4,4.59095092004452,0.6112538946224423,3,6,True
ID1544,Merge Q3922,mmlu,5,1.45921541438454,0.36738762783905654,5,6,True
ID1544,Merge Q3922,mmlu,6,9.58323622853015,1.0,1,6,True
ID1544,Merge Q3922,mmlu,7,0.327460223156278,0.2792585655671168,6,6,True
ID1550,Merge Q224,jama,1,0.0391776090184796,0.2054521321690993,4,12,True
ID1550,Merge Q224,jama,2,0.520743577747122,0.2709828891608356,3,12,True
ID1550,Merge Q224,jama,3,0.0,0.20012090333894514,7,12,True
ID1550,Merge Q224,jama,4,-0.824281051754952,0.08795400450668156,15,12,False
ID1550,Merge Q224,jama,5,0.0,0.20012090333894514,8,12,True
ID1550,Merge Q224,jama,6,0.027826541819145,0.2039074963880447,5,12,True
ID1550,Merge Q224,jama,7,-1.47062877194327,0.0,16,12,False
ID1550,Merge Q224,jama,8,-0.67739468384394,0.10794207572854822,14,12,False
ID1550,Merge Q224,jama,9,0.0,0.20012090333894514,9,12,True
ID1550,Merge Q224,jama,10,0.0,0.20012090333894514,10,12,True
ID1550,Merge Q224,jama,11,-0.413891928367261,0.14379912576342155,13,12,False
ID1550,Merge Q224,jama,12,0.0,0.20012090333894514,11,12,True
ID1550,Merge Q224,jama,13,0.0054779592278172,0.20086633561256786,6,12,True
ID1550,Merge Q224,jama,14,-0.157718360400961,0.17865883122480378,12,12,True
ID1550,Merge Q224,jama,15,3.01864400184966,0.6108933402950102,2,12,True
ID1550,Merge Q224,jama,16,5.87807267506381,1.0,1,12,True
ID1551,Merge Q293,jama,1,-2.85517447009074,0.03748107777104089,20,12,False
ID1551,Merge Q293,jama,2,1.89939384084836,0.3306554245220234,4,12,True
ID1551,Merge Q293,jama,3,0.236715976148844,0.22813202703100716,8,12,True
ID1551,Merge Q293,jama,4,-3.46302555462441,0.0,21,12,False
ID1551,Merge Q293,jama,5,0.0,0.21353573833886905,9,12,True
ID1551,Merge Q293,jama,6,-1.23885553612696,0.13714590885903513,17,12,False
ID1551,Merge Q293,jama,7,-0.103882159419264,0.20713019692373083,15,12,False
ID1551,Merge Q293,jama,8,0.0,0.21353573833886905,10,12,True
ID1551,Merge Q293,jama,9,-1.73415365713421,0.10660502826232571,19,12,False
ID1551,Merge Q293,jama,10,1.22803611245554,0.28925842471345137,5,12,True
ID1551,Merge Q293,jama,11,0.607119327494673,0.25097169479124154,6,12,True
ID1551,Merge Q293,jama,12,12.7545199558549,1.0,1,12,True
ID1551,Merge Q293,jama,13,2.2047704840601,0.34948544063108344,3,12,True
ID1551,Merge Q293,jama,14,0.0,0.21353573833886905,11,12,True
ID1551,Merge Q293,jama,15,0.0,0.21353573833886905,12,12,True
ID1551,Merge Q293,jama,16,0.463985639425563,0.24214584084332935,7,12,True
ID1551,Merge Q293,jama,17,-0.457798824765371,0.1853071247999365,16,12,False
ID1551,Merge Q293,jama,18,0.0,0.21353573833886905,13,12,False
ID1551,Merge Q293,jama,19,0.0,0.21353573833886905,14,12,False
ID1551,Merge Q293,jama,20,2.83772642235346,0.38851452415573656,2,12,True
ID1551,Merge Q293,jama,21,-1.63225437367669,0.11288830234912729,18,12,False
ID1552,Merge Q1291,medbullets,1,-0.0,1.0,1,4,True
ID1552,Merge Q1291,medbullets,2,0.0,1.0,2,4,True
ID1552,Merge Q1291,medbullets,3,0.0,1.0,3,4,True
ID1552,Merge Q1291,medbullets,4,-0.0,1.0,4,4,True
ID1552,Merge Q1291,medbullets,5,-0.7390856323948056,0.0,8,4,False
ID1552,Merge Q1291,medbullets,6,0.0,1.0,5,4,False
ID1552,Merge Q1291,medbullets,7,-0.2198679866148973,0.7025135153791653,7,4,False
ID1552,Merge Q1291,medbullets,8,0.0,1.0,6,4,False
ID1553,Merge Q1145,medbullets,1,0.2174957117482777,0.9648201183966384,2,5,True
ID1553,Merge Q1145,medbullets,2,0.0,0.7162996016450971,4,5,True
ID1553,Merge Q1145,medbullets,3,0.0,0.7162996016450971,5,5,True
ID1553,Merge Q1145,medbullets,4,-0.0115758109598093,0.7030725522544429,9,5,False
ID1553,Merge Q1145,medbullets,5,0.1125665957540442,0.8449233263194226,3,5,True
ID1553,Merge Q1145,medbullets,6,0.0,0.7162996016450971,6,5,False
ID1553,Merge Q1145,medbullets,7,-0.1827793724041798,0.5074475570862512,10,5,False
ID1553,Merge Q1145,medbullets,8,-0.2260162585888067,0.45804311958742244,11,5,False
ID1553,Merge Q1145,medbullets,9,-0.626878189862133,0.0,15,5,False
ID1553,Merge Q1145,medbullets,10,-0.3045322765116579,0.368327137646391,13,5,False
ID1553,Merge Q1145,medbullets,11,-0.5073834001660384,0.13654019495685682,14,5,False
ID1553,Merge Q1145,medbullets,12,0.0,0.7162996016450971,7,5,False
ID1553,Merge Q1145,medbullets,13,-0.2361267589180197,0.4464904009327175,12,5,False
ID1553,Merge Q1145,medbullets,14,-0.0,0.7162996016450971,8,5,False
ID1553,Merge Q1145,medbullets,15,0.2482838071882724,1.0,1,5,True
ID1557,Merge Q2962,medxpert,1,4.50669108815074,1.0,1,2,True
ID1557,Merge Q2962,medxpert,2,2.54495741502416,0.6045118129994733,3,2,False
ID1557,Merge Q2962,medxpert,3,-0.38542240485549,0.013743240250223589,7,2,False
ID1557,Merge Q2962,medxpert,4,0.985544397238956,0.2901320194335318,5,2,False
ID1557,Merge Q2962,medxpert,5,-0.453592777733647,0.0,8,2,False
ID1557,Merge Q2962,medxpert,6,1.49541977870124,0.39292359250641207,4,2,False
ID1557,Merge Q2962,medxpert,7,4.09448569889813,0.9168988307125612,2,2,True
ID1557,Merge Q2962,medxpert,8,0.0649223687558135,0.10453336149886103,6,2,False
ID1558,Merge Q189,jama,1,3.36489292597314,1.0,1,4,True
ID1558,Merge Q189,jama,2,0.0,0.6729643536474341,4,4,True
ID1558,Merge Q189,jama,3,0.0,0.6729643536474341,5,4,False
ID1558,Merge Q189,jama,4,0.770703794139747,0.7478694454312905,3,4,True
ID1558,Merge Q189,jama,5,-6.92417789398746,0.0,8,4,False
ID1558,Merge Q189,jama,6,-2.18569052143413,0.4605359857530338,7,4,False
ID1558,Merge Q189,jama,7,1.2077141920442,0.7903427071622392,2,4,True
ID1558,Merge Q189,jama,8,0.0,0.6729643536474341,6,4,False
ID1559,Merge Q1937,medxpert,1,3.62948205945144,1.0,1,3,True
ID1559,Merge Q1937,medxpert,2,3.25323562815359,0.8963360542537808,2,3,True
ID1559,Merge Q1937,medxpert,3,0.161491680890322,0.04449441497300854,6,3,False
ID1559,Merge Q1937,medxpert,4,1.03192360274756,0.2843170418931689,5,3,False
ID1559,Merge Q1937,medxpert,5,0.0,0.0,7,3,False
ID1559,Merge Q1937,medxpert,6,2.06497497733147,0.5689448090683138,4,3,False
ID1559,Merge Q1937,medxpert,7,2.96813416829293,0.817784499185962,3,3,True
ID1565,Merge Q1316,medbullets,1,7.803913430826536,1.0,1,2,True
ID1565,Merge Q1316,medbullets,2,6.824480377671829,0.8953895897072106,2,2,True
ID1565,Merge Q1316,medbullets,3,-1.5587594658136368,0.0,11,2,False
ID1565,Merge Q1316,medbullets,4,-0.4263853745463981,0.12094560001915637,8,2,False
ID1565,Merge Q1316,medbullets,5,2.6770868135206625,0.45241848413334473,3,2,False
ID1565,Merge Q1316,medbullets,6,0.4613501612048418,0.21576206381656265,5,2,False
ID1565,Merge Q1316,medbullets,7,0.7205542935465685,0.24344690715171138,4,2,False
ID1565,Merge Q1316,medbullets,8,-0.9887858417387226,0.06087723349594442,9,2,False
ID1565,Merge Q1316,medbullets,9,0.3276505631352868,0.20148199662362104,6,2,False
ID1565,Merge Q1316,medbullets,10,0.2811626860961415,0.19651676099568108,7,2,False
ID1565,Merge Q1316,medbullets,11,-1.2039881762076678,0.03789209486676393,10,2,False
ID1567,Merge Q2517,medxpert,1,2.50377562283874,0.8011422023690972,3,3,True
ID1567,Merge Q2517,medxpert,2,1.5611080791237,0.49951343612306726,4,3,False
ID1567,Merge Q2517,medxpert,3,0.89995488524437,0.28796184139697545,6,3,False
ID1567,Merge Q2517,medxpert,4,0.0,0.0,7,3,False
ID1567,Merge Q2517,medxpert,5,1.26390996476262,0.404417873362844,5,3,False
ID1567,Merge Q2517,medxpert,6,2.86156574735168,0.9156256112351128,2,3,True
ID1567,Merge Q2517,medxpert,7,3.12525743299342,1.0,1,3,True
ID1569,Merge Q3812,mmlu,1,11.0379807487155,1.0,1,2,True
ID1569,Merge Q3812,mmlu,2,-2.37033949995682,0.0,3,2,False
ID1569,Merge Q3812,mmlu,3,1.79686640202999,0.3107925396098324,2,2,True
ID1570,Merge Q1037,medbullets,1,2.7830103331440226,0.7406557746916237,3,3,True
ID1570,Merge Q1037,medbullets,2,3.2180349676942788,0.8216754079629521,2,3,True
ID1570,Merge Q1037,medbullets,3,2.4672232568264008,0.6818431211472346,4,3,False
ID1570,Merge Q1037,medbullets,4,0.0924942960564807,0.239570076726908,6,3,False
ID1570,Merge Q1037,medbullets,5,-1.1938468149712511,0.0,8,3,False
ID1570,Merge Q1037,medbullets,6,-0.3740905078002006,0.15267263070635193,7,3,False
ID1570,Merge Q1037,medbullets,7,0.2234421476866837,0.2639579988677212,5,3,False
ID1570,Merge Q1037,medbullets,8,4.175526224442451,1.0,1,3,True
ID1571,Merge Q3196,medxpert,1,1.4216131836066,0.4428556807401908,3,3,True
ID1571,Merge Q3196,medxpert,2,3.57603461500534,1.0,1,3,True
ID1571,Merge Q3196,medxpert,3,2.12081556022167,0.6236729648920327,2,3,True
ID1571,Merge Q3196,medxpert,4,0.0,0.07521929452162195,6,3,False
ID1571,Merge Q3196,medxpert,5,0.0,0.07521929452162195,7,3,False
ID1571,Merge Q3196,medxpert,6,1.28291995069586,0.40698890662170834,4,3,False
ID1571,Merge Q3196,medxpert,7,0.312644868531363,0.15607084469158494,5,3,False
ID1571,Merge Q3196,medxpert,8,0.0,0.07521929452162195,8,3,False
ID1571,Merge Q3196,medxpert,9,-0.290865498525359,0.0,9,3,False
ID1572,Merge Q1702,medxpert,1,0.0,0.5286001147685239,3,4,True
ID1572,Merge Q1702,medxpert,2,0.0,0.5286001147685239,4,4,True
ID1572,Merge Q1702,medxpert,3,0.0892004370689392,0.7161149054853665,2,4,True
ID1572,Merge Q1702,medxpert,4,-0.251454091124176,0.0,5,4,False
ID1572,Merge Q1702,medxpert,5,0.224244048355587,1.0,1,4,True
ID1573,Merge Q51,jama,1,-0.140173481055542,0.5085234417116016,9,6,False
ID1573,Merge Q51,jama,2,0.0,0.5922995565893261,2,6,True
ID1573,Merge Q51,jama,3,0.0,0.5922995565893261,3,6,True
ID1573,Merge Q51,jama,4,0.0,0.5922995565893261,4,6,True
ID1573,Merge Q51,jama,5,-0.541966017094283,0.2683880223532403,12,6,False
ID1573,Merge Q51,jama,6,0.68216090545824,1.0,1,6,True
ID1573,Merge Q51,jama,7,0.0,0.5922995565893261,5,6,True
ID1573,Merge Q51,jama,8,-0.198429620666305,0.4737060639336307,10,6,False
ID1573,Merge Q51,jama,9,0.0,0.5922995565893261,6,6,True
ID1573,Merge Q51,jama,10,-0.991030567554469,0.0,14,6,False
ID1573,Merge Q51,jama,11,-0.212538546981415,0.4652737197921047,11,6,False
ID1573,Merge Q51,jama,12,-0.0247276776600357,0.577520807080454,8,6,False
ID1573,Merge Q51,jama,13,0.0,0.5922995565893261,7,6,False
ID1573,Merge Q51,jama,14,-0.719390164835073,0.16234866546999951,13,6,False
ID1574,Merge Q985,jama,1,-0.0749557688917841,0.258386754108898,10,6,False
ID1574,Merge Q985,jama,2,0.0292681864410046,0.2862301866522442,5,6,True
ID1574,Merge Q985,jama,3,-0.34297477081418,0.18678547034900717,11,6,False
ID1574,Merge Q985,jama,4,0.0,0.2784111898368372,6,6,True
ID1574,Merge Q985,jama,5,0.0,0.2784111898368372,7,6,False
ID1574,Merge Q985,jama,6,0.746715102401475,0.4778961500499375,3,6,True
ID1574,Merge Q985,jama,7,0.0,0.2784111898368372,8,6,False
ID1574,Merge Q985,jama,8,-1.04215295181475,0.0,14,6,False
ID1574,Merge Q985,jama,9,-0.545411930519853,0.13270437754712752,13,6,False
ID1574,Merge Q985,jama,10,1.11624317623137,0.5766155851711878,2,6,True
ID1574,Merge Q985,jama,11,-0.513702846720101,0.14117546015928348,12,6,False
ID1574,Merge Q985,jama,12,0.130882796907344,0.31337653264251025,4,6,True
ID1574,Merge Q985,jama,13,0.0,0.2784111898368372,9,6,False
ID1574,Merge Q985,jama,14,2.70106208356333,1.0,1,6,True
ID1575,Merge Q426,jama,1,1.30897311729206,0.5289752191446055,3,10,True
ID1575,Merge Q426,jama,2,0.499076645537751,0.3819729658375352,5,10,True
ID1575,Merge Q426,jama,3,-0.604566425085068,0.181653512813044,14,10,False
ID1575,Merge Q426,jama,4,-0.636878721256621,0.17578858993412982,15,10,False
ID1575,Merge Q426,jama,5,-1.60537107807051,0.0,16,10,False
ID1575,Merge Q426,jama,6,0.0,0.2913868304169582,6,10,True
ID1575,Merge Q426,jama,7,0.0,0.2913868304169582,7,10,True
ID1575,Merge Q426,jama,8,-0.0171847930048013,0.28826766224864975,9,10,True
ID1575,Merge Q426,jama,9,0.724259319279302,0.42284530150040844,4,10,True
ID1575,Merge Q426,jama,10,0.0,0.2913868304169582,8,10,True
ID1575,Merge Q426,jama,11,2.88117059147663,0.8143407929051589,2,10,True
ID1575,Merge Q426,jama,12,-0.332722773399767,0.23099516417053303,13,10,False
ID1575,Merge Q426,jama,13,-0.0666841749890244,0.2792831550396893,11,10,False
ID1575,Merge Q426,jama,14,-0.0598661675900365,0.28052067426056515,10,10,True
ID1575,Merge Q426,jama,15,-0.264060379475799,0.2434579010465408,12,10,False
ID1575,Merge Q426,jama,16,3.9040442780501294,1.0,1,10,True
ID1578,Merge Q1782,medxpert,1,36.1028622620495,0.7519424979665009,3,5,True
ID1578,Merge Q1782,medxpert,2,48.0127966695372,1.0,1,5,True
ID1578,Merge Q1782,medxpert,3,3.70652790740132,0.07719875042715456,5,5,True
ID1578,Merge Q1782,medxpert,4,30.2579710987794,0.6302063865814601,4,5,True
ID1578,Merge Q1782,medxpert,5,0.0,0.0,7,5,False
ID1578,Merge Q1782,medxpert,6,2.83069202587843,0.05895703275444536,6,5,False
ID1578,Merge Q1782,medxpert,7,43.3235294433637,0.902332970552646,2,5,True
ID1581,Merge Q591,jama,1,1.29199515936365,0.6077418170221754,4,10,True
ID1581,Merge Q591,jama,2,1.64311924064395,0.6793526276729136,3,10,True
ID1581,Merge Q591,jama,3,-1.43318125605583,0.051949427155663315,12,10,False
ID1581,Merge Q591,jama,4,0.0,0.3442428841620231,6,10,True
ID1581,Merge Q591,jama,5,0.0,0.3442428841620231,7,10,True
ID1581,Merge Q591,jama,6,2.35891463841289,0.8253371711066685,2,10,True
ID1581,Merge Q591,jama,7,0.0,0.3442428841620231,8,10,True
ID1581,Merge Q591,jama,8,1.17846664751703,0.5845879828115895,5,10,True
ID1581,Merge Q591,jama,9,-1.68790110515842,0.0,13,10,False
ID1581,Merge Q591,jama,10,0.0,0.3442428841620231,9,10,True
ID1581,Merge Q591,jama,11,3.21532618817318,1.0,1,10,True
ID1581,Merge Q591,jama,12,0.0,0.3442428841620231,10,10,True
ID1581,Merge Q591,jama,13,0.0,0.3442428841620231,11,10,False
ID1582,Merge Q1517,medxpert,1,0.729552117035382,0.20851552421493508,3,5,True
ID1582,Merge Q1517,medxpert,2,-1.00843277025495,0.017587499550998538,6,5,False
ID1582,Merge Q1517,medxpert,3,0.450419303029776,0.1778511167239892,4,5,True
ID1582,Merge Q1517,medxpert,4,1.81177709675813,0.32740440474057786,2,5,True
ID1582,Merge Q1517,medxpert,5,7.93429882648574,1.0,1,5,True
ID1582,Merge Q1517,medxpert,6,-1.16852874610063,0.0,7,5,False
ID1582,Merge Q1517,medxpert,7,0.0916988143943607,0.13844352762324424,5,5,True
ID1583,Merge Q3924,mmlu,1,-0.963267759499705,0.13144853567063686,6,6,True
ID1583,Merge Q3924,mmlu,2,0.0,0.24705436439467557,3,6,True
ID1583,Merge Q3924,mmlu,3,0.0,0.24705436439467557,4,6,True
ID1583,Merge Q3924,mmlu,4,-2.0585424341636,0.0,7,6,False
ID1583,Merge Q3924,mmlu,5,0.0,0.24705436439467557,5,6,True
ID1583,Merge Q3924,mmlu,6,0.457755121056939,0.3019914881596657,2,6,True
ID1583,Merge Q3924,mmlu,7,6.27380352219047,1.0,1,6,True
ID1585,Merge Q324,jama,1,1.41528396834252,0.592157241607586,8,4,False
ID1585,Merge Q324,jama,2,2.80038949554603,0.7092039527932337,4,4,True
ID1585,Merge Q324,jama,3,0.563714236021042,0.5201963443648255,9,4,False
ID1585,Merge Q324,jama,4,1.82579320961092,0.6268468415392178,5,4,False
ID1585,Merge Q324,jama,5,3.45806611224954,0.7647801406698844,3,4,True
ID1585,Merge Q324,jama,6,6.24160717859712,1.0,1,4,True
ID1585,Merge Q324,jama,7,-0.201369293555666,0.45554386182072587,10,4,False
ID1585,Merge Q324,jama,8,1.58055898069123,0.6061236118636059,6,4,False
ID1585,Merge Q324,jama,9,-5.59217707021099,0.0,11,4,False
ID1585,Merge Q324,jama,10,3.7765769180395106,0.7916955211680585,2,4,True
ID1585,Merge Q324,jama,11,1.54248246512057,0.6029060007621955,7,4,False
ID1586,Merge Q3996,mmlu,1,-0.172049535009741,0.34111601782993256,12,4,False
ID1586,Merge Q3996,mmlu,2,-0.0376519795380746,0.5251600800903329,10,4,False
ID1586,Merge Q3996,mmlu,3,-0.421148356050253,0.0,15,4,False
ID1586,Merge Q3996,mmlu,4,-0.019384686833194,0.5501753174888641,9,4,False
ID1586,Merge Q3996,mmlu,5,0.0,0.5767207148207287,2,4,True
ID1586,Merge Q3996,mmlu,6,-0.218470469228216,0.2775471733110894,14,4,False
ID1586,Merge Q3996,mmlu,7,-0.210390468826855,0.28861192885454606,13,4,False
ID1586,Merge Q3996,mmlu,8,0.0,0.5767207148207287,3,4,True
ID1586,Merge Q3996,mmlu,9,0.0,0.5767207148207287,4,4,True
ID1586,Merge Q3996,mmlu,10,0.0,0.5767207148207287,5,4,False
ID1586,Merge Q3996,mmlu,11,-0.00436591874614192,0.5707420240720851,8,4,False
ID1586,Merge Q3996,mmlu,12,0.0,0.5767207148207287,6,4,False
ID1586,Merge Q3996,mmlu,13,0.0,0.5767207148207287,7,4,False
ID1586,Merge Q3996,mmlu,14,-0.0526462644338608,0.504626900798303,11,4,False
ID1586,Merge Q3996,mmlu,15,0.309098269790411,1.0,1,4,True
ID1587,Merge Q3792,mmlu,1,23.4396909982529,0.49293170246644685,2,3,True
ID1587,Merge Q3792,mmlu,2,16.7739653058631,0.3287436317115287,3,3,True
ID1587,Merge Q3792,mmlu,3,3.42759451270103,0.0,4,3,False
ID1587,Merge Q3792,mmlu,4,44.0257065542248,1.0,1,3,True
ID1588,Merge Q238,jama,1,-1.05388941293236,0.0,15,12,False
ID1588,Merge Q238,jama,2,-0.413834884622312,0.4604564506081984,14,12,False
ID1588,Merge Q238,jama,3,0.0,0.7581700573131847,5,12,True
ID1588,Merge Q238,jama,4,-0.0228341399049696,0.7417431334367236,11,12,True
ID1588,Merge Q238,jama,5,-0.175835169787346,0.6316739002027214,12,12,True
ID1588,Merge Q238,jama,6,0.0,0.7581700573131847,6,12,True
ID1588,Merge Q238,jama,7,0.0,0.7581700573131847,7,12,True
ID1588,Merge Q238,jama,8,-0.402951183252496,0.46828620616895816,13,12,False
ID1588,Merge Q238,jama,9,0.336154156800729,1.0,1,12,True
ID1588,Merge Q238,jama,10,0.211014513966309,0.9099743018426041,3,12,True
ID1588,Merge Q238,jama,11,0.137294307019053,0.8569398441087279,4,12,True
ID1588,Merge Q238,jama,12,0.0,0.7581700573131847,8,12,True
ID1588,Merge Q238,jama,13,0.219415065631997,0.9160176747616998,2,12,True
ID1588,Merge Q238,jama,14,0.0,0.7581700573131847,9,12,True
ID1588,Merge Q238,jama,15,0.0,0.7581700573131847,10,12,True
ID1590,Merge Q3917,mmlu,1,0.086699172155778,0.8941031390681393,2,1,False
ID1590,Merge Q3917,mmlu,2,0.0,0.8318747860884387,3,1,False
ID1590,Merge Q3917,mmlu,3,-1.15900312056563,0.0,6,1,False
ID1590,Merge Q3917,mmlu,4,-0.116934816142912,0.7479447919071439,5,1,False
ID1590,Merge Q3917,mmlu,5,0.234239155733406,1.0,1,1,True
ID1590,Merge Q3917,mmlu,6,0.0,0.8318747860884387,4,1,False
ID1591,Merge Q3015,medxpert,1,3.20255394161504,0.5826726062822337,3,4,True
ID1591,Merge Q3015,medxpert,2,7.26238045298265,0.9926365303647395,2,4,True
ID1591,Merge Q3015,medxpert,3,0.0,0.2592766243814903,5,4,False
ID1591,Merge Q3015,medxpert,4,0.0,0.2592766243814903,6,4,False
ID1591,Merge Q3015,medxpert,5,-2.56758717440229,0.0,7,4,False
ID1591,Merge Q3015,medxpert,6,7.33530006245264,1.0,1,4,True
ID1591,Merge Q3015,medxpert,7,2.07821931618236,0.4691365638593415,4,4,True
ID1593,Merge Q1949,medxpert,1,9.17969038438676,1.0,1,6,True
ID1593,Merge Q1949,medxpert,2,2.17894909780775,0.32175582960785376,4,6,True
ID1593,Merge Q1949,medxpert,3,0.0,0.11065539571487305,6,6,True
ID1593,Merge Q1949,medxpert,4,0.0,0.11065539571487305,7,6,False
ID1593,Merge Q1949,medxpert,5,2.73783042331029,0.3759012387075756,3,6,True
ID1593,Merge Q1949,medxpert,6,4.39960629095388,0.5368970173815195,2,6,True
ID1593,Merge Q1949,medxpert,7,0.246453695894076,0.1345322647019055,5,6,True
ID1593,Merge Q1949,medxpert,8,-1.14216948877858,0.0,8,6,False
ID1594,Merge Q17,jama,1,4.16135189661426,0.9818583070973876,2,7,True
ID1594,Merge Q17,jama,2,4.26088648101895,1.0,1,7,True
ID1594,Merge Q17,jama,3,0.304839592427015,0.27895024437568106,4,7,True
ID1594,Merge Q17,jama,4,0.0,0.22338858906316003,7,7,True
ID1594,Merge Q17,jama,5,0.115891191411154,0.24451152253672315,6,7,True
ID1594,Merge Q17,jama,6,-0.666957301045353,0.10182547000170324,8,7,False
ID1594,Merge Q17,jama,7,0.262739263011548,0.27127681858179953,5,7,True
ID1594,Merge Q17,jama,8,-1.22562378784121,0.0,9,7,False
ID1594,Merge Q17,jama,9,0.578230415688558,0.3287798828643265,3,7,True
ID1596,Merge Q4022,mmlu,1,11.0104456903187,1.0,1,7,True
ID1596,Merge Q4022,mmlu,2,-1.13077751238661,0.017328925348908168,10,7,False
ID1596,Merge Q4022,mmlu,3,0.0,0.10885037543151964,6,7,True
ID1596,Merge Q4022,mmlu,4,0.425900855427075,0.1433214039522776,5,7,True
ID1596,Merge Q4022,mmlu,5,-0.860761447811093,0.03918314645328251,9,7,False
ID1596,Merge Q4022,mmlu,6,5.16269937470615,0.5267024532610906,2,7,True
ID1596,Merge Q4022,mmlu,7,0.0,0.10885037543151964,7,7,True
ID1596,Merge Q4022,mmlu,8,0.940120104873354,0.18494063572350966,4,7,True
ID1596,Merge Q4022,mmlu,9,-1.34488206471488,0.0,12,7,False
ID1596,Merge Q4022,mmlu,10,-1.19861289925607,0.011838550005216953,11,7,False
ID1596,Merge Q4022,mmlu,11,-0.658826916955026,0.05552706988937254,8,7,False
ID1596,Merge Q4022,mmlu,12,2.32032029072818,0.296649544885594,3,7,True
ID1599,Merge Q1076,medbullets,1,-1.3861818686477076,0.0,9,5,False
ID1599,Merge Q1076,medbullets,2,-1.1324251960145906,0.008531155655455638,8,5,False
ID1599,Merge Q1076,medbullets,3,0.0,0.04660264955988634,4,5,True
ID1599,Merge Q1076,medbullets,4,-0.6019996976849337,0.02636376057936795,7,5,False
ID1599,Merge Q1076,medbullets,5,-0.0,0.04660264955988634,5,5,True
ID1599,Merge Q1076,medbullets,6,0.3674739285790042,0.058956914972886305,3,5,True
ID1599,Merge Q1076,medbullets,7,-0.0178469628010451,0.04600264477556694,6,5,False
ID1599,Merge Q1076,medbullets,8,1.2676560836566473,0.08922052933834608,2,5,True
ID1599,Merge Q1076,medbullets,9,28.358518952845422,1.0,1,5,True
ID1602,Merge Q1113,medbullets,1,2.810039279735327,0.3628784761731165,4,6,True
ID1602,Merge Q1113,medbullets,2,-1.8514488272388143,0.0,8,6,False
ID1602,Merge Q1113,medbullets,3,2.940747946500778,0.37305363070102426,3,6,True
ID1602,Merge Q1113,medbullets,4,10.994416698139744,1.0,1,6,True
ID1602,Merge Q1113,medbullets,5,-0.0,0.14412799383436278,7,6,False
ID1602,Merge Q1113,medbullets,6,1.8751954905482124,0.29010457181141985,6,6,True
ID1602,Merge Q1113,medbullets,7,3.7682758629937703,0.43747341735207645,2,6,True
ID1602,Merge Q1113,medbullets,8,2.658494712753757,0.35108132893674104,5,6,True
ID1612,Merge Q660,jama,1,-1.65262504585031,0.014499663047140222,13,6,False
ID1612,Merge Q660,jama,2,0.373915307701799,0.18388677531078712,4,6,True
ID1612,Merge Q660,jama,3,0.007904939353466,0.15329402681485457,5,6,True
ID1612,Merge Q660,jama,4,0.0,0.15263329738632092,6,6,True
ID1612,Merge Q660,jama,5,1.62237050125035,0.2882381244734495,3,6,True
ID1612,Merge Q660,jama,6,-1.82609841041303,0.0,14,6,False
ID1612,Merge Q660,jama,7,0.0,0.15263329738632092,7,6,False
ID1612,Merge Q660,jama,8,-0.96776507737423,0.07174325662365101,11,6,False
ID1612,Merge Q660,jama,9,0.0,0.15263329738632092,8,6,False
ID1612,Merge Q660,jama,10,9.01494944246584,0.9061422273148645,2,6,True
ID1612,Merge Q660,jama,11,-1.44883476653578,0.03153334651659829,12,6,False
ID1612,Merge Q660,jama,12,0.0,0.15263329738632092,9,6,False
ID1612,Merge Q660,jama,13,10.1378599242556,1.0,1,6,True
ID1612,Merge Q660,jama,14,0.0,0.15263329738632092,10,6,False
ID1613,Merge Q3872,mmlu,1,-0.248460207622292,0.0,5,2,False
ID1613,Merge Q3872,mmlu,2,-0.0863291420798898,0.6525433875064334,3,2,False
ID1613,Merge Q3872,mmlu,3,0.0,1.0,1,2,True
ID1613,Merge Q3872,mmlu,4,-0.194090711922409,0.21882576779673002,4,2,False
ID1613,Merge Q3872,mmlu,5,0.0,1.0,2,2,True
ID1614,Merge Q2813,medxpert,1,0.105098220701404,0.0,5,2,False
ID1614,Merge Q2813,medxpert,2,0.382366725955472,0.03019220194188231,3,2,False
ID1614,Merge Q2813,medxpert,3,9.28854584693909,1.0,1,2,True
ID1614,Merge Q2813,medxpert,4,0.330707348808946,0.024566931428123193,4,2,False
ID1614,Merge Q2813,medxpert,5,1.62040833424239,0.16500449234464515,2,2,True
ID1617,Merge Q2710,medxpert,1,3.27744346111554,1.0,1,4,True
ID1617,Merge Q2710,medxpert,2,-1.19498893391502,0.0663363636513506,7,4,False
ID1617,Merge Q2710,medxpert,3,-0.111884895712137,0.292444835626476,6,4,False
ID1617,Merge Q2710,medxpert,4,0.291890700160317,0.3767369071019448,4,4,True
ID1617,Merge Q2710,medxpert,5,0.439718288455431,0.40759734979832324,3,4,True
ID1617,Merge Q2710,medxpert,6,-1.51275315885913,0.0,8,4,False
ID1617,Merge Q2710,medxpert,7,1.43341053908098,0.6150402439964331,2,4,True
ID1617,Merge Q2710,medxpert,8,0.0,0.3158018926720234,5,4,False
ID1622,Merge Q3962,mmlu,1,1.31479058535941,0.8865228340703964,2,4,True
ID1622,Merge Q3962,mmlu,2,-0.0518170432606604,0.4276187597141231,9,4,False
ID1622,Merge Q3962,mmlu,3,0.0468819625675678,0.4607616860090849,6,4,False
ID1622,Merge Q3962,mmlu,4,0.177436811831782,0.5046017400228424,4,4,True
ID1622,Merge Q3962,mmlu,5,-0.292800026843825,0.3466971618093087,10,4,False
ID1622,Merge Q3962,mmlu,6,0.56184883266356,0.6336865181967792,3,4,True
ID1622,Merge Q3962,mmlu,7,-1.3252575983181,0.0,11,4,False
ID1622,Merge Q3962,mmlu,8,1.65272343298365,1.0,1,4,True
ID1622,Merge Q3962,mmlu,9,0.0,0.4450188179132883,7,4,False
ID1622,Merge Q3962,mmlu,10,0.0,0.4450188179132883,8,4,False
ID1622,Merge Q3962,mmlu,11,0.132428743390171,0.48948812177996975,5,4,False
ID1632,Merge Q1080,medbullets,1,9.268333754589662,0.1843482434930367,4,4,True
ID1632,Merge Q1080,medbullets,2,18.360807964300445,0.3651986200492195,3,4,True
ID1632,Merge Q1080,medbullets,3,1.0094231143593788,0.02007754392544108,6,4,False
ID1632,Merge Q1080,medbullets,4,1.819861079475348,0.036197249935727545,5,4,False
ID1632,Merge Q1080,medbullets,5,19.24578015369084,0.3828008205066122,2,4,True
ID1632,Merge Q1080,medbullets,6,50.27622492611247,1.0,1,4,True
ID1632,Merge Q1080,medbullets,7,0.0,0.0,7,4,False
ID1633,Merge Q3791,mmlu,1,5.3316919737603,0.9790457841148731,2,4,True
ID1633,Merge Q3791,mmlu,2,-8.03914167586833,0.0,5,4,False
ID1633,Merge Q3791,mmlu,3,2.77048051357269,0.7915074938308545,3,4,True
ID1633,Merge Q3791,mmlu,4,5.61786381516375,1.0,1,4,True
ID1633,Merge Q3791,mmlu,5,-0.223015425907514,0.5723162559386318,4,4,True
ID1636,Merge Q1276,medbullets,1,2.014979630414281,0.6674553916514547,5,6,True
ID1636,Merge Q1276,medbullets,2,2.525320390882484,0.7868367628859643,3,6,True
ID1636,Merge Q1276,medbullets,3,3.4365671575069427,1.0,1,6,True
ID1636,Merge Q1276,medbullets,4,0.2485598626748612,0.2542459630041921,8,6,False
ID1636,Merge Q1276,medbullets,5,2.0607727261352857,0.6781675333883429,4,6,True
ID1636,Merge Q1276,medbullets,6,2.7412365335090314,0.8373449079825367,2,6,True
ID1636,Merge Q1276,medbullets,7,0.631135406912229,0.3437398788535638,7,6,False
ID1636,Merge Q1276,medbullets,8,-0.8383105322936182,0.0,9,6,False
ID1636,Merge Q1276,medbullets,9,0.926198746396354,0.41276251783762574,6,6,True
ID1637,Merge Q1247,medbullets,1,4.904213734396209,1.0,1,2,True
ID1637,Merge Q1247,medbullets,2,4.167150992968912,0.9077213052096209,2,2,True
ID1637,Merge Q1247,medbullets,3,-1.89847169816494,0.14831818581595174,5,2,False
ID1637,Merge Q1247,medbullets,4,1.1976992275270666,0.5359522308058116,3,2,False
ID1637,Merge Q1247,medbullets,5,-0.8403530428598677,0.2807924013160096,4,2,False
ID1637,Merge Q1247,medbullets,6,-3.0831417770965963,0.0,6,2,False
ID1638,Merge Q787,jama,1,5.91780627580921,0.20015140748752228,5,10,True
ID1638,Merge Q787,jama,2,0.0,0.0,11,10,False
ID1638,Merge Q787,jama,3,0.0,0.0,12,10,False
ID1638,Merge Q787,jama,4,2.2998721466206,0.07778602842562923,8,10,True
ID1638,Merge Q787,jama,5,0.0,0.0,13,10,False
ID1638,Merge Q787,jama,6,0.0,0.0,14,10,False
ID1638,Merge Q787,jama,7,0.0,0.0,15,10,False
ID1638,Merge Q787,jama,8,0.0,0.0,16,10,False
ID1638,Merge Q787,jama,9,0.0,0.0,17,10,False
ID1638,Merge Q787,jama,10,0.0,0.0,18,10,False
ID1638,Merge Q787,jama,11,0.824130639948603,0.02787365788123061,10,10,True
ID1638,Merge Q787,jama,12,0.0,0.0,19,10,False
ID1638,Merge Q787,jama,13,10.2579476480098,0.3469432022598155,4,10,True
ID1638,Merge Q787,jama,14,2.17691540676249,0.07362739879233449,9,10,True
ID1638,Merge Q787,jama,15,0.0,0.0,20,10,False
ID1638,Merge Q787,jama,16,29.5666483193636,1.0,1,10,True
ID1638,Merge Q787,jama,17,4.550239324777831,0.15389770513142056,6,10,True
ID1638,Merge Q787,jama,18,26.9180615596718,0.9104197834301967,2,10,True
ID1638,Merge Q787,jama,19,4.34686387910672,0.14701916267796575,7,10,True
ID1638,Merge Q787,jama,20,23.3360599233407,0.78926970927772,3,10,True
ID1638,Merge Q787,jama,21,0.0,0.0,21,10,False
ID1638,Merge Q787,jama,22,0.0,0.0,22,10,False
ID1646,Merge Q3228,medxpert,1,-0.360840102979923,0.0,4,3,False
ID1646,Merge Q3228,medxpert,2,0.0,0.550544957801878,2,3,True
ID1646,Merge Q3228,medxpert,3,0.0,0.550544957801878,3,3,True
ID1646,Merge Q3228,medxpert,4,0.294583396711408,1.0,1,3,True
ID1650,Merge Q3817,mmlu,1,1.41216799950408,0.9764604640629034,2,7,True
ID1650,Merge Q3817,mmlu,2,0.0,0.6286332110524357,7,7,True
ID1650,Merge Q3817,mmlu,3,1.20333753526211,0.9250240012994834,3,7,True
ID1650,Merge Q3817,mmlu,4,0.0,0.6286332110524357,8,7,False
ID1650,Merge Q3817,mmlu,5,-0.319525781334098,0.549931686285912,13,7,False
ID1650,Merge Q3817,mmlu,6,0.147882219287424,0.6650576776328284,6,7,True
ID1650,Merge Q3817,mmlu,7,-2.55223159309782,0.0,15,7,False
ID1650,Merge Q3817,mmlu,8,0.0,0.6286332110524357,9,7,False
ID1650,Merge Q3817,mmlu,9,-1.59141869341624,0.2366552079289632,14,7,False
ID1650,Merge Q3817,mmlu,10,0.0,0.6286332110524357,10,7,False
ID1650,Merge Q3817,mmlu,11,0.0,0.6286332110524357,11,7,False
ID1650,Merge Q3817,mmlu,12,1.50773779481435,1.0,1,7,True
ID1650,Merge Q3817,mmlu,13,0.445978177145857,0.7384808809569618,4,7,True
ID1650,Merge Q3817,mmlu,14,-0.0981465556128788,0.604459000304667,12,7,False
ID1650,Merge Q3817,mmlu,15,0.223839662969112,0.6837665486671366,5,7,True
ID1651,Merge Q995,jama,1,-1.46897408515747,0.05259926588777858,7,9,True
ID1651,Merge Q995,jama,2,-1.04866301791008,0.07997723305155942,6,9,True
ID1651,Merge Q995,jama,3,-2.18366454541683,0.006046192514311067,8,9,True
ID1651,Merge Q995,jama,4,-2.27648669007318,0.0,9,9,True
ID1651,Merge Q995,jama,5,13.0756782363072,1.0,1,9,True
ID1651,Merge Q995,jama,6,1.82390166219818,0.267088607498312,3,9,True
ID1651,Merge Q995,jama,7,0.0,0.14828440815935878,5,9,True
ID1651,Merge Q995,jama,8,0.148343848925165,0.1579471397438963,4,9,True
ID1651,Merge Q995,jama,9,1.87670183140752,0.2705278728698434,2,9,True
ID1652,Merge Q290,jama,1,0.277421892151557,0.6232510354074123,5,4,False
ID1652,Merge Q290,jama,2,-0.472894573756903,0.0,10,4,False
ID1652,Merge Q290,jama,3,0.336618136614561,0.6724224481780589,4,4,True
ID1652,Merge Q290,jama,4,0.0,0.3928102955540024,6,4,False
ID1652,Merge Q290,jama,5,0.0,0.3928102955540024,7,4,False
ID1652,Merge Q290,jama,6,-0.0196055871767478,0.3765248972415933,9,4,False
ID1652,Merge Q290,jama,7,0.630331225722466,0.9163954851786151,2,4,True
ID1652,Merge Q290,jama,8,0.0,0.3928102955540024,8,4,False
ID1652,Merge Q290,jama,9,0.42737164704023,0.747806931805473,3,4,True
ID1652,Merge Q290,jama,10,0.730980627859066,1.0,1,4,True
ID1654,Merge Q3350,medxpert,1,28.4625597144432,1.0,1,5,True
ID1654,Merge Q3350,medxpert,2,16.2939920401445,0.5724710708951516,3,5,True
ID1654,Merge Q3350,medxpert,3,22.292463183403,0.7832206030327902,2,5,True
ID1654,Merge Q3350,medxpert,4,0.0,0.0,6,5,False
ID1654,Merge Q3350,medxpert,5,0.632740391034536,0.022230621468435772,5,5,True
ID1654,Merge Q3350,medxpert,6,1.32290289241402,0.046478704153327395,4,5,True
ID1656,Merge Q2143,medxpert,1,4.15181773892699,0.057602322038604756,3,3,True
ID1656,Merge Q2143,medxpert,2,0.0,0.0,6,3,False
ID1656,Merge Q2143,medxpert,3,2.86167696863413,0.03970290814363229,4,3,False
ID1656,Merge Q2143,medxpert,4,15.5380579581421,0.21557502632346304,2,3,True
ID1656,Merge Q2143,medxpert,5,72.0772634156044,1.0,1,3,True
ID1656,Merge Q2143,medxpert,6,0.38721034674077,0.005372156605170732,5,3,False
ID1659,Merge Q232,jama,1,1.0999069445478,0.7122672969378697,6,8,True
ID1659,Merge Q232,jama,2,-0.379711023441489,0.5872592665638395,13,8,False
ID1659,Merge Q232,jama,3,4.50556397438049,1.0,1,8,True
ID1659,Merge Q232,jama,4,0.0,0.6193397955778475,8,8,True
ID1659,Merge Q232,jama,5,-0.0249774412097653,0.6172295341475547,12,8,False
ID1659,Merge Q232,jama,6,0.0,0.6193397955778475,9,8,False
ID1659,Merge Q232,jama,7,1.60728340275297,0.7551338564624017,3,8,True
ID1659,Merge Q232,jama,8,1.53901784900231,0.7493663255176678,4,8,True
ID1659,Merge Q232,jama,9,-1.27564812077956,0.5115645032531058,18,8,False
ID1659,Merge Q232,jama,10,0.0,0.6193397955778475,10,8,False
ID1659,Merge Q232,jama,11,0.263264683183033,0.6415821582848082,7,8,True
ID1659,Merge Q232,jama,12,-0.808108075400705,0.551065415960472,15,8,False
ID1659,Merge Q232,jama,13,1.2195390554793,0.7223746184766567,5,8,True
ID1659,Merge Q232,jama,14,-1.26937252848199,0.5120947072986918,17,8,False
ID1659,Merge Q232,jama,15,-0.675117740284173,0.5623013296972401,14,8,False
ID1659,Merge Q232,jama,16,-0.960004314780235,0.5382322048770318,16,8,False
ID1659,Merge Q232,jama,17,0.0,0.6193397955778475,11,8,False
ID1659,Merge Q232,jama,18,2.61511972546577,0.8402826153768005,2,8,True
ID1659,Merge Q232,jama,19,-7.33061937769856,0.0,19,8,False
ID1660,Merge Q3885,mmlu,1,9.54077751280443,0.9212533970721792,2,2,True
ID1660,Merge Q3885,mmlu,2,-0.569401944843866,0.0,3,2,False
ID1660,Merge Q3885,mmlu,3,10.4049721956253,1.0,1,2,True
ID1662,Merge Q4004,mmlu,1,17.449338549204,1.0,1,5,True
ID1662,Merge Q4004,mmlu,2,2.59789441374163,0.0,6,5,False
ID1662,Merge Q4004,mmlu,3,6.41052880883217,0.2567180915414622,4,5,True
ID1662,Merge Q4004,mmlu,4,3.56501143368093,0.0651193925060804,5,5,True
ID1662,Merge Q4004,mmlu,5,10.5037029839631,0.5323259137704953,3,5,True
ID1662,Merge Q4004,mmlu,6,12.2037818238155,0.6467982051076685,2,5,True
ID1663,Merge Q732,jama,1,1.71468452374119,0.5596730185389418,4,5,True
ID1663,Merge Q732,jama,2,-2.46328863630314,0.0,14,5,False
ID1663,Merge Q732,jama,3,2.04665274918079,0.6041428252307651,3,5,True
ID1663,Merge Q732,jama,4,1.64808965543931,0.5507521017369486,5,5,True
ID1663,Merge Q732,jama,5,0.0,0.32997727218473183,9,5,False
ID1663,Merge Q732,jama,6,-0.694120528746424,0.23699425944818384,11,5,False
ID1663,Merge Q732,jama,7,5.00173651525976,1.0,1,5,True
ID1663,Merge Q732,jama,8,0.158712667531861,0.3512381071195789,8,5,False
ID1663,Merge Q732,jama,9,3.98576188073084,0.863902048030446,2,5,True
ID1663,Merge Q732,jama,10,-1.37588182640752,0.1456668648554998,12,5,False
ID1663,Merge Q732,jama,11,-2.23652055663381,0.0303774032994186,13,5,False
ID1663,Merge Q732,jama,12,0.0,0.32997727218473183,10,5,False
ID1663,Merge Q732,jama,13,0.814692439490786,0.43911185953708914,7,5,False
ID1663,Merge Q732,jama,14,0.818480469570604,0.4396192965520904,6,5,False
ID1664,Merge Q142,jama,1,-0.429359420180828,0.06930085476453621,14,13,False
ID1664,Merge Q142,jama,2,9.46968473509642,0.7185315426154733,2,13,True
ID1664,Merge Q142,jama,3,-0.267723351716995,0.07990178696205061,13,13,True
ID1664,Merge Q142,jama,4,0.001986501619103,0.09759075883194789,6,13,True
ID1664,Merge Q142,jama,5,0.734106104873258,0.1456069618263003,4,13,True
ID1664,Merge Q142,jama,6,0.0,0.0974604737466046,7,13,True
ID1664,Merge Q142,jama,7,0.139324559506013,0.10659810139870435,5,13,True
ID1664,Merge Q142,jama,8,0.0,0.0974604737466046,8,13,True
ID1664,Merge Q142,jama,9,0.0,0.0974604737466046,9,13,True
ID1664,Merge Q142,jama,10,0.0,0.0974604737466046,10,13,True
ID1664,Merge Q142,jama,11,-1.48601344801709,0.0,15,13,False
ID1664,Merge Q142,jama,12,0.0,0.0974604737466046,11,13,True
ID1664,Merge Q142,jama,13,2.43272553643597,0.25701123931530606,3,13,True
ID1664,Merge Q142,jama,14,13.7613313564079,1.0,1,13,True
ID1664,Merge Q142,jama,15,0.0,0.0974604737466046,12,13,True
ID1667,Merge Q3394,medxpert,1,0.902022058941864,0.27285536676421673,4,3,False
ID1667,Merge Q3394,medxpert,2,13.6664787148292,1.0,1,3,True
ID1667,Merge Q3394,medxpert,3,-3.88774099946022,0.0,9,3,False
ID1667,Merge Q3394,medxpert,4,-0.688507751236089,0.18224867298544195,6,3,False
ID1667,Merge Q3394,medxpert,5,-2.79779222256741,0.06209041442073177,8,3,False
ID1667,Merge Q3394,medxpert,6,8.39529169278985,0.6997196624041047,2,3,True
ID1667,Merge Q3394,medxpert,7,-0.367006506681437,0.20056342862752527,5,3,False
ID1667,Merge Q3394,medxpert,8,-0.705455016351913,0.18128324897960998,7,3,False
ID1667,Merge Q3394,medxpert,9,1.59811788495558,0.3125094121927972,3,3,True
ID1668,Merge Q1309,medbullets,1,2.042274513802631,0.5463798859326803,6,9,True
ID1668,Merge Q1309,medbullets,2,0.1463887018616649,0.3885332784264019,7,9,True
ID1668,Merge Q1309,medbullets,3,2.391447633504868,0.5754511475193449,4,9,True
ID1668,Merge Q1309,medbullets,4,-0.8684099908575208,0.3040437327276879,9,9,True
ID1668,Merge Q1309,medbullets,5,2.2469257786463057,0.5634186272292204,5,9,True
ID1668,Merge Q1309,medbullets,6,7.490677566982386,1.0,1,9,True
ID1668,Merge Q1309,medbullets,7,3.409014045486456,0.6601711264505608,3,9,True
ID1668,Merge Q1309,medbullets,8,-4.520260405603158,0.0,10,9,False
ID1668,Merge Q1309,medbullets,9,-0.0,0.37634532922578234,8,9,True
ID1668,Merge Q1309,medbullets,10,4.7188041638739495,0.7692209043594164,2,9,True
ID1672,Merge Q983,jama,1,-1.28396016483577,0.10898995119520832,3,4,True
ID1672,Merge Q983,jama,2,-4.44316850336123,0.0,5,4,False
ID1672,Merge Q983,jama,3,24.5430665016174,1.0,1,4,True
ID1672,Merge Q983,jama,4,-1.99568984893928,0.08443589358885605,4,4,True
ID1672,Merge Q983,jama,5,6.18587502257214,0.36669279484237055,2,4,True
ID1673,Merge Q3262,medxpert,1,5.08560107545147,1.0,1,3,True
ID1673,Merge Q3262,medxpert,2,4.10105130014347,0.8064044425229328,2,3,True
ID1673,Merge Q3262,medxpert,3,0.616315986961126,0.12118842548152738,4,3,False
ID1673,Merge Q3262,medxpert,4,2.44552518176758,0.4808723974777122,3,3,True
ID1673,Merge Q3262,medxpert,5,0.0,0.0,5,3,False
ID1674,Merge Q343,jama,1,0.0295465240923932,0.583224604889385,7,7,True
ID1674,Merge Q343,jama,2,-0.538424867802731,0.16259079859673845,15,7,False
ID1674,Merge Q343,jama,3,-0.757967188954353,0.0,17,7,False
ID1674,Merge Q343,jama,4,-0.531141936097416,0.1679844633620612,14,7,False
ID1674,Merge Q343,jama,5,0.120662095819955,0.6507038658085192,5,7,True
ID1674,Merge Q343,jama,6,0.0,0.5613427512096918,8,7,False
ID1674,Merge Q343,jama,7,0.118004092985619,0.6487353760829841,6,7,True
ID1674,Merge Q343,jama,8,-0.122251073452687,0.4708048560206664,13,7,False
ID1674,Merge Q343,jama,9,0.0,0.5613427512096918,9,7,False
ID1674,Merge Q343,jama,10,0.0,0.5613427512096918,10,7,False
ID1674,Merge Q343,jama,11,0.149504308257679,0.6720641134771573,4,7,True
ID1674,Merge Q343,jama,12,-0.572086672708702,0.1376612100182814,16,7,False
ID1674,Merge Q343,jama,13,-0.0081421998426292,0.5553127212464346,12,7,False
ID1674,Merge Q343,jama,14,0.592307999103097,1.0,1,7,True
ID1674,Merge Q343,jama,15,0.185623113065958,0.6988133310646039,3,7,True
ID1674,Merge Q343,jama,16,0.0,0.5613427512096918,11,7,False
ID1674,Merge Q343,jama,17,0.323908624957068,0.8012261674361676,2,7,True
ID1676,Merge Q3223,medxpert,1,-0.24390097482956,0.4327732722055457,2,3,True
ID1676,Merge Q3223,medxpert,2,-0.516100514931978,0.33841485822440803,3,3,True
ID1676,Merge Q3223,medxpert,3,1.39240095019341,1.0,1,3,True
ID1676,Merge Q3223,medxpert,4,-1.49233956862064,0.0,4,3,False
ID1678,Merge Q972,jama,1,3.01352815942067,0.33310730106198255,3,3,True
ID1678,Merge Q972,jama,2,15.6025056339704,1.0,1,3,True
ID1678,Merge Q972,jama,3,-0.910508304834366,0.12523408231417987,6,3,False
ID1678,Merge Q972,jama,4,0.0,0.17346765347149004,4,3,False
ID1678,Merge Q972,jama,5,-2.01334083517405,0.06681226337600749,9,3,False
ID1678,Merge Q972,jama,6,-1.88189208660299,0.07377567330217501,8,3,False
ID1678,Merge Q972,jama,7,-3.27456033870683,0.0,10,3,False
ID1678,Merge Q972,jama,8,-1.43416595752524,0.09749366685720054,7,3,False
ID1678,Merge Q972,jama,9,0.0,0.17346765347149004,5,3,False
ID1678,Merge Q972,jama,10,8.22833725180374,0.6093583402823262,2,3,True
ID1679,Merge Q600,jama,1,0.299962417324821,0.710235709290932,4,9,True
ID1679,Merge Q600,jama,2,-0.499269336642181,0.024631282648981075,12,9,False
ID1679,Merge Q600,jama,3,-0.157317459583282,0.317967626514749,10,9,False
ID1679,Merge Q600,jama,4,0.0,0.45291915483305145,6,9,True
ID1679,Merge Q600,jama,5,-0.527982837414665,0.0,13,9,False
ID1679,Merge Q600,jama,6,0.0,0.45291915483305145,7,9,True
ID1679,Merge Q600,jama,7,0.0,0.45291915483305145,8,9,True
ID1679,Merge Q600,jama,8,0.249727908084561,0.6671430747273531,5,9,True
ID1679,Merge Q600,jama,9,0.384965883546368,0.783154174344572,2,9,True
ID1679,Merge Q600,jama,10,-0.362621559434328,0.14185175152984483,11,9,False
ID1679,Merge Q600,jama,11,0.637750233886509,1.0,1,9,True
ID1679,Merge Q600,jama,12,0.0,0.45291915483305145,9,9,True
ID1679,Merge Q600,jama,13,0.312206003821774,0.7207386166874657,3,9,True
ID1684,Merge Q1450,medxpert,1,88.6235032720811,1.0,1,3,True
ID1684,Merge Q1450,medxpert,2,12.0830900436923,0.14186728814638142,3,3,True
ID1684,Merge Q1450,medxpert,3,-0.570641376078129,0.0,7,3,False
ID1684,Merge Q1450,medxpert,4,33.8986984053004,0.38645294393873536,2,3,True
ID1684,Merge Q1450,medxpert,5,0.0732354476343156,0.007218823906572805,6,3,False
ID1684,Merge Q1450,medxpert,6,6.84960935494438,0.08319212836552098,4,3,False
ID1684,Merge Q1450,medxpert,7,3.49494846127383,0.045581353500157865,5,3,False
ID1685,Merge Q1134,medbullets,1,0.5607124069637398,0.7606192192935107,3,4,True
ID1685,Merge Q1134,medbullets,2,-0.0279922461466436,0.5051488888654756,7,4,False
ID1685,Merge Q1134,medbullets,3,1.1123403757810593,1.0,1,4,True
ID1685,Merge Q1134,medbullets,4,0.839853303111775,0.8817533339945629,2,4,True
ID1685,Merge Q1134,medbullets,5,0.3496086842906443,0.6690100609473953,4,4,True
ID1685,Merge Q1134,medbullets,6,-1.1920550196608344,0.0,8,4,False
ID1685,Merge Q1134,medbullets,7,0.2131467426056864,0.6097919502208766,5,4,False
ID1685,Merge Q1134,medbullets,8,0.0,0.517296216620952,6,4,False
ID1688,Merge Q3828,mmlu,1,3.79107663545939,1.0,1,1,True
ID1688,Merge Q3828,mmlu,2,0.0,0.5773002327841873,3,1,False
ID1688,Merge Q3828,mmlu,3,2.5012084543705,0.8561814934613453,2,1,False
ID1688,Merge Q3828,mmlu,4,-2.32143443862164,0.31846352459582045,6,1,False
ID1688,Merge Q3828,mmlu,5,-5.17764520801356,0.0,7,1,False
ID1688,Merge Q3828,mmlu,6,-0.929294944925029,0.47368514011618024,5,1,False
ID1688,Merge Q3828,mmlu,7,-0.667558618437498,0.502868376150868,4,1,False
ID1691,Merge Q3003,medxpert,1,-0.833491139245596,0.09956081985645883,14,3,False
ID1691,Merge Q3003,medxpert,2,1.81581037904015,0.5220937480089036,2,3,True
ID1691,Merge Q3003,medxpert,3,-0.179777842015028,0.20382052444068788,12,3,False
ID1691,Merge Q3003,medxpert,4,0.0,0.23249300942559414,6,3,False
ID1691,Merge Q3003,medxpert,5,0.0248708553695403,0.23645962299238346,5,3,False
ID1691,Merge Q3003,medxpert,6,-1.4577422061644,0.0,15,3,False
ID1691,Merge Q3003,medxpert,7,0.0864533169554085,0.2462813128367124,4,3,False
ID1691,Merge Q3003,medxpert,8,-0.0114373056023184,0.23066889156170942,10,3,False
ID1691,Merge Q3003,medxpert,9,0.261771203395787,0.27424248652866856,3,3,True
ID1691,Merge Q3003,medxpert,10,-0.0809254858858374,0.21958633108887254,11,3,False
ID1691,Merge Q3003,medxpert,11,-0.225327410831196,0.19655589542238341,13,3,False
ID1691,Merge Q3003,medxpert,12,0.0,0.23249300942559414,7,3,False
ID1691,Merge Q3003,medxpert,13,0.0,0.23249300942559414,8,3,False
ID1691,Merge Q3003,medxpert,14,0.0,0.23249300942559414,9,3,False
ID1691,Merge Q3003,medxpert,15,4.81230526651425,1.0,1,3,True
ID1693,Merge Q1297,medbullets,1,-0.0,0.25221813604043986,5,7,True
ID1693,Merge Q1297,medbullets,2,-0.1281918220098929,0.24126178177383228,7,7,True
ID1693,Merge Q1297,medbullets,3,0.0,0.25221813604043986,6,7,True
ID1693,Merge Q1297,medbullets,4,-2.9510092149451834,0.0,10,7,False
ID1693,Merge Q1297,medbullets,5,-0.1661406784508483,0.23801835244534006,8,7,False
ID1693,Merge Q1297,medbullets,6,-0.4756470748994216,0.211565325457316,9,7,False
ID1693,Merge Q1297,medbullets,7,8.72589987445771,0.9980071327217375,2,7,True
ID1693,Merge Q1297,medbullets,8,7.10819529212791,0.8597444555491488,3,7,True
ID1693,Merge Q1297,medbullets,9,8.749216872175007,1.0,1,7,True
ID1693,Merge Q1297,medbullets,10,0.9371909630502,0.332318379922212,4,7,True
ID1694,Merge Q2536,medxpert,1,0.447568509835418,0.34901427901345594,5,4,False
ID1694,Merge Q2536,medxpert,2,1.52409270920461,0.8521792509870179,2,4,True
ID1694,Merge Q2536,medxpert,3,1.84035600721836,1.0,1,4,True
ID1694,Merge Q2536,medxpert,4,0.859198923521173,0.5414094018421142,4,4,True
ID1694,Merge Q2536,medxpert,5,0.0,0.13982177146040017,8,4,False
ID1694,Merge Q2536,medxpert,6,-0.299149441952208,0.0,11,4,False
ID1694,Merge Q2536,medxpert,7,0.0614428441667124,0.16854001762823875,7,4,False
ID1694,Merge Q2536,medxpert,8,-0.036140746524728,0.12292966840979153,10,4,False
ID1694,Merge Q2536,medxpert,9,0.386684645678255,0.3205572988357395,6,4,False
ID1694,Merge Q2536,medxpert,10,0.903276434915702,0.5620111308125249,3,4,True
ID1694,Merge Q2536,medxpert,11,0.0,0.13982177146040017,9,4,False
ID1696,Merge Q2582,medxpert,1,-0.420131399905763,0.043375824130776744,5,3,False
ID1696,Merge Q2582,medxpert,2,-0.185709713562735,0.056531056675283985,4,3,False
ID1696,Merge Q2582,medxpert,3,-0.048197116702795,0.06424796298080587,3,3,True
ID1696,Merge Q2582,medxpert,4,-0.00637033882354321,0.06659519031362117,2,3,True
ID1696,Merge Q2582,medxpert,5,-1.19307355846159,0.0,6,3,False
ID1696,Merge Q2582,medxpert,6,16.6265799938359,1.0,1,3,True
ID1698,Merge Q1581,medxpert,1,-1.11280997789182,0.13942832634550698,5,5,True
ID1698,Merge Q1581,medxpert,2,1.89441356860046,0.2793445177290623,2,5,True
ID1698,Merge Q1581,medxpert,3,17.3834868042562,1.0,1,5,True
ID1698,Merge Q1581,medxpert,4,-4.1095478242273,0.0,7,5,False
ID1698,Merge Q1581,medxpert,5,-2.97454444877173,0.05280796290866318,6,5,False
ID1698,Merge Q1581,medxpert,6,1.67042482711358,0.2689230604821624,3,5,True
ID1698,Merge Q1581,medxpert,7,0.399826263467341,0.20980630076865103,4,5,True
ID1699,Merge Q313,jama,1,-1.10160588083649,0.0,13,6,False
ID1699,Merge Q313,jama,2,-0.502045486026784,0.16363331050163887,10,6,False
ID1699,Merge Q313,jama,3,0.913624361157417,0.5500009653325146,2,6,True
ID1699,Merge Q313,jama,4,0.729791699887982,0.4998289606399907,4,6,True
ID1699,Merge Q313,jama,5,-0.402482762784544,0.19080618273890038,9,6,False
ID1699,Merge Q313,jama,6,0.0,0.3006526426859152,5,6,True
ID1699,Merge Q313,jama,7,-0.991466771931557,0.030059402125010008,12,6,False
ID1699,Merge Q313,jama,8,0.0,0.3006526426859152,6,6,True
ID1699,Merge Q313,jama,9,-0.69151171570764,0.11192378022023601,11,6,False
ID1699,Merge Q313,jama,10,-0.196523345596894,0.24701706917361876,8,6,False
ID1699,Merge Q313,jama,11,0.788220285598754,0.5157754157269997,3,6,True
ID1699,Merge Q313,jama,12,0.0,0.3006526426859152,7,6,False
ID1699,Merge Q313,jama,13,2.56244267365206,1.0,1,6,True
ID1700,Merge Q3849,mmlu,1,0.0,0.5073119511011298,6,9,True
ID1700,Merge Q3849,mmlu,2,0.891292703540223,0.9031120006580499,4,9,True
ID1700,Merge Q3849,mmlu,3,0.0,0.5073119511011298,7,9,True
ID1700,Merge Q3849,mmlu,4,-0.408537005400763,0.32589122776166135,11,9,False
ID1700,Merge Q3849,mmlu,5,0.137324381877155,0.5682941592314789,5,9,True
ID1700,Merge Q3849,mmlu,6,1.10947248136178,1.0,1,9,True
ID1700,Merge Q3849,mmlu,7,0.897101025998584,0.9056913265155717,3,9,True
ID1700,Merge Q3849,mmlu,8,0.0,0.5073119511011298,8,9,True
ID1700,Merge Q3849,mmlu,9,0.981251107723561,0.9430602025140742,2,9,True
ID1700,Merge Q3849,mmlu,10,0.0,0.5073119511011298,9,9,True
ID1700,Merge Q3849,mmlu,11,-0.042951417754191,0.48823833677878214,10,9,False
ID1700,Merge Q3849,mmlu,12,-1.14240369838601,0.0,12,9,False
ID1701,Merge Q3843,mmlu,1,0.0729673218313686,0.0009333722786820343,7,5,False
ID1701,Merge Q3843,mmlu,2,13.3120901818279,0.17028356852329868,3,5,True
ID1701,Merge Q3843,mmlu,3,0.0,0.0,8,5,False
ID1701,Merge Q3843,mmlu,4,78.1760113278722,1.0,1,5,True
ID1701,Merge Q3843,mmlu,5,4.4077880247921,0.056382871803291726,4,5,True
ID1701,Merge Q3843,mmlu,6,24.5787032232167,0.31440211396988504,2,5,True
ID1701,Merge Q3843,mmlu,7,0.0,0.0,9,5,False
ID1701,Merge Q3843,mmlu,8,2.7096360924533,0.034660710445932275,6,5,False
ID1701,Merge Q3843,mmlu,9,3.08268409108686,0.039432609041129045,5,5,True
ID1704,Merge Q1192,medbullets,1,3.547615388868032,0.6605268719138839,3,4,True
ID1704,Merge Q1192,medbullets,2,0.7881643027067184,0.38287591432106405,5,4,False
ID1704,Merge Q1192,medbullets,3,0.0,0.3035722533558612,6,4,False
ID1704,Merge Q1192,medbullets,4,2.0146805281433258,0.506285749778353,4,4,True
ID1704,Merge Q1192,medbullets,5,-1.709560297978195,0.13155940044582257,7,4,False
ID1704,Merge Q1192,medbullets,6,5.178784076131131,0.8246521032996837,2,4,True
ID1704,Merge Q1192,medbullets,7,-3.017071475329684,0.0,8,4,False
ID1704,Merge Q1192,medbullets,8,6.921489911546922,1.0,1,4,True
ID1712,Merge Q2383,medxpert,1,0.562270726822914,0.03360752696516339,2,4,True
ID1712,Merge Q2383,medxpert,2,0.2255162826598,0.013479351118628738,4,4,True
ID1712,Merge Q2383,medxpert,3,0.0,0.0,5,4,False
ID1712,Merge Q2383,medxpert,4,0.387660780374918,0.023170902393233758,3,4,True
ID1712,Merge Q2383,medxpert,5,16.7304999087183,1.0,1,4,True
ID1713,Merge Q145,jama,1,2.20136804949931,0.45812496941565134,5,5,True
ID1713,Merge Q145,jama,2,2.90360527843549,0.56219498017434,3,5,True
ID1713,Merge Q145,jama,3,2.32873034477234,0.4769997810792183,4,5,True
ID1713,Merge Q145,jama,4,-0.763546171412464,0.018731211644772244,6,5,False
ID1713,Merge Q145,jama,5,-0.889939491295385,0.0,7,5,False
ID1713,Merge Q145,jama,6,5.8577991109854,1.0,1,5,True
ID1713,Merge Q145,jama,7,5.25030582282989,0.909970832606027,2,5,True
ID1715,Merge Q3850,mmlu,1,-1.66514728775638,0.0,6,1,False
ID1715,Merge Q3850,mmlu,2,2.71784084140533,1.0,1,1,True
ID1715,Merge Q3850,mmlu,3,-0.828668341040611,0.19084672877627754,5,1,False
ID1715,Merge Q3850,mmlu,4,-0.309162194854427,0.30937457573294835,3,1,False
ID1715,Merge Q3850,mmlu,5,-0.634917186181656,0.23505199448755196,4,1,False
ID1715,Merge Q3850,mmlu,6,2.1049949128011,0.860176228968833,2,1,False
ID1717,Merge Q1431,medxpert,1,3.50979842494271,0.7167546127756128,2,6,True
ID1717,Merge Q1431,medxpert,2,-1.14901544323727,0.26568893398806687,13,6,False
ID1717,Merge Q1431,medxpert,3,0.0,0.37693644150947486,10,6,False
ID1717,Merge Q1431,medxpert,4,6.43528710687037,1.0,1,6,True
ID1717,Merge Q1431,medxpert,5,3.35328204794775,0.7016007199977116,3,6,True
ID1717,Merge Q1431,medxpert,6,0.469262926941698,0.42237040960948785,8,6,False
ID1717,Merge Q1431,medxpert,7,1.8469786988626,0.5557606495764223,5,6,True
ID1717,Merge Q1431,medxpert,8,-0.132688984052487,0.36408951343877977,12,6,False
ID1717,Merge Q1431,medxpert,9,0.378245030913746,0.4135580701996499,9,6,False
ID1717,Merge Q1431,medxpert,10,-0.117046018439911,0.36560406308637994,11,6,False
ID1717,Merge Q1431,medxpert,11,0.749279992896193,0.4494816210681685,6,6,True
ID1717,Merge Q1431,medxpert,12,1.84881609385488,0.5559385458914167,4,6,True
ID1717,Merge Q1431,medxpert,13,0.737117866685057,0.44830408578340536,7,6,False
ID1717,Merge Q1431,medxpert,14,-3.89317299832487,0.0,14,6,False
ID1718,Merge Q1175,medbullets,1,0.0,0.6692097340066507,5,3,False
ID1718,Merge Q1175,medbullets,2,0.760141951061487,1.0,1,3,True
ID1718,Merge Q1175,medbullets,3,0.1281955428421497,0.7249964691772325,4,3,False
ID1718,Merge Q1175,medbullets,4,0.7107623787502297,0.9785115374349899,2,3,True
ID1718,Merge Q1175,medbullets,5,-0.176613823478086,0.5923528606755105,8,3,False
ID1718,Merge Q1175,medbullets,6,-1.537815483625452,0.0,9,3,False
ID1718,Merge Q1175,medbullets,7,0.0,0.6692097340066507,6,3,False
ID1718,Merge Q1175,medbullets,8,0.1563897712970083,0.7372657253563399,3,3,True
ID1718,Merge Q1175,medbullets,9,0.0,0.6692097340066507,7,3,False
ID1722,Merge Q1854,medxpert,1,8.14981279218094,1.0,1,7,True
ID1722,Merge Q1854,medxpert,2,4.25164187669359,0.5993244153914306,2,7,True
ID1722,Merge Q1854,medxpert,3,3.43124657869339,0.5149996454511531,3,7,True
ID1722,Merge Q1854,medxpert,4,0.0830539502342718,0.17085387353026227,6,7,True
ID1722,Merge Q1854,medxpert,5,-1.57918259768185,0.0,7,7,True
ID1722,Merge Q1854,medxpert,6,0.699100616275491,0.23417455992745334,5,7,True
ID1722,Merge Q1854,medxpert,7,1.02866538295241,0.26804905091758285,4,7,True
ID1724,Merge Q2132,medxpert,1,0.0,0.39674177297972607,5,5,True
ID1724,Merge Q2132,medxpert,2,2.74081909883991,1.0,1,5,True
ID1724,Merge Q2132,medxpert,3,-1.80254057049751,0.0,11,5,False
ID1724,Merge Q2132,medxpert,4,-0.69501876273155,0.24376714334119076,9,5,False
ID1724,Merge Q2132,medxpert,5,-0.28718046002644,0.33353294054574867,7,5,False
ID1724,Merge Q2132,medxpert,6,0.857154324449694,0.5854026730256819,3,5,True
ID1724,Merge Q2132,medxpert,7,-0.711539905846003,0.2401308159718319,10,5,False
ID1724,Merge Q2132,medxpert,8,-0.00428406434311625,0.3957988442540896,6,5,False
ID1724,Merge Q2132,medxpert,9,0.403903018315204,0.4856414084281578,4,5,True
ID1724,Merge Q2132,medxpert,10,-0.335014495435933,0.3230046005306891,8,5,False
ID1724,Merge Q2132,medxpert,11,1.49617966105522,0.7260530690130897,2,5,True
ID1725,Merge Q3992,mmlu,1,-0.171710539390299,0.0,10,3,False
ID1725,Merge Q3992,mmlu,2,0.622690306966419,0.489285096570691,2,3,True
ID1725,Merge Q3992,mmlu,3,0.0,0.10575946417114161,4,3,False
ID1725,Merge Q3992,mmlu,4,0.0,0.10575946417114161,5,3,False
ID1725,Merge Q3992,mmlu,5,0.0,0.10575946417114161,6,3,False
ID1725,Merge Q3992,mmlu,6,0.0,0.10575946417114161,7,3,False
ID1725,Merge Q3992,mmlu,7,0.0,0.10575946417114161,8,3,False
ID1725,Merge Q3992,mmlu,8,1.4518844810273,1.0,1,3,True
ID1725,Merge Q3992,mmlu,9,0.320290421013242,0.3030318239563184,3,3,True
ID1725,Merge Q3992,mmlu,10,-0.171407207016696,0.00018682760773987845,9,3,False
ID1727,Merge Q2376,medxpert,1,0.637283453419211,1.0,1,6,True
ID1727,Merge Q2376,medxpert,2,0.204423963654975,0.3207740018325927,3,6,True
ID1727,Merge Q2376,medxpert,3,0.140658527612686,0.22071580057196227,5,6,True
ID1727,Merge Q2376,medxpert,4,0.0,0.0,6,6,True
ID1727,Merge Q2376,medxpert,5,0.0,0.0,7,6,False
ID1727,Merge Q2376,medxpert,6,0.16124772413165,0.25302355375227314,4,6,True
ID1727,Merge Q2376,medxpert,7,0.0,0.0,8,6,False
ID1727,Merge Q2376,medxpert,8,0.314703281231939,0.49381994706353105,2,6,True
ID1734,Merge Q454,jama,1,4.94487925442712,0.7339370182127444,2,6,True
ID1734,Merge Q454,jama,2,-2.63161681272603,0.0,7,6,False
ID1734,Merge Q454,jama,3,1.49924875795841,0.4001579533222162,4,6,True
ID1734,Merge Q454,jama,4,0.0,0.2549253612080872,6,6,True
ID1734,Merge Q454,jama,5,0.114361820382065,0.26600361858519855,5,6,True
ID1734,Merge Q454,jama,6,7.69147069906503,1.0,1,6,True
ID1734,Merge Q454,jama,7,3.555725790502,0.5993693840298099,3,6,True
ID1738,Merge Q1323,medbullets,1,-2.029875982152299,0.16285527392853932,10,4,False
ID1738,Merge Q1323,medbullets,2,-3.719370190816433,0.0,11,4,False
ID1738,Merge Q1323,medbullets,3,6.213311970233917,0.9574402006751965,2,4,True
ID1738,Merge Q1323,medbullets,4,6.654836108486355,1.0,1,4,True
ID1738,Merge Q1323,medbullets,5,3.157004426840474,0.6628338033068653,3,4,True
ID1738,Merge Q1323,medbullets,6,0.4508339767318812,0.4019781414823588,6,4,False
ID1738,Merge Q1323,medbullets,7,0.6945556679667835,0.42547118607809636,5,4,False
ID1738,Merge Q1323,medbullets,8,-0.6751179706610465,0.2934443496038805,9,4,False
ID1738,Merge Q1323,medbullets,9,0.0,0.35852093967578014,8,4,False
ID1738,Merge Q1323,medbullets,10,0.1919142887314669,0.3770201176557249,7,4,False
ID1738,Merge Q1323,medbullets,11,1.5207933915177878,0.5051146498490581,4,4,True
ID1741,Merge Q3417,medxpert,1,-0.269638745942577,0.0,8,4,False
ID1741,Merge Q3417,medxpert,2,0.0,0.01692693953515055,4,4,True
ID1741,Merge Q3417,medxpert,3,0.0,0.01692693953515055,5,4,False
ID1741,Merge Q3417,medxpert,4,0.875309910780789,0.07187571139103124,2,4,True
ID1741,Merge Q3417,medxpert,5,0.0,0.01692693953515055,6,4,False
ID1741,Merge Q3417,medxpert,6,0.260179892390863,0.03326008665526071,3,4,True
ID1741,Merge Q3417,medxpert,7,-0.0639807968964137,0.0129104578656097,7,4,False
ID1741,Merge Q3417,medxpert,8,15.6599240307569,1.0,1,4,True
ID1742,Merge Q3295,medxpert,1,0.0,0.0,3,3,True
ID1742,Merge Q3295,medxpert,2,0.0,0.0,4,3,False
ID1742,Merge Q3295,medxpert,3,0.0,0.0,5,3,False
ID1742,Merge Q3295,medxpert,4,32.4490855816056,1.0,1,3,True
ID1742,Merge Q3295,medxpert,5,0.0,0.0,6,3,False
ID1742,Merge Q3295,medxpert,6,5.13571675718342,0.15826999945091524,2,3,True
ID1742,Merge Q3295,medxpert,7,0.0,0.0,7,3,False
ID1743,Merge Q2450,medxpert,1,0.48892899809409,0.014147303289017532,3,2,False
ID1743,Merge Q2450,medxpert,2,-1.4169396659624,0.0,5,2,False
ID1743,Merge Q2450,medxpert,3,0.0739114619791508,0.011066619365508307,4,2,False
ID1743,Merge Q2450,medxpert,4,4.3088661468752,0.042502777308810455,2,2,True
ID1743,Merge Q2450,medxpert,5,133.299099505687,1.0,1,2,True
ID1744,Merge Q3118,medxpert,1,-0.34512608280538,0.0,6,3,False
ID1744,Merge Q3118,medxpert,2,0.000216116824470938,0.7286502088727705,2,3,True
ID1744,Merge Q3118,medxpert,3,0.0,0.728194216035925,3,3,True
ID1744,Merge Q3118,medxpert,4,-0.252419810172934,0.1956043744142782,5,3,False
ID1744,Merge Q3118,medxpert,5,0.0,0.728194216035925,4,3,False
ID1744,Merge Q3118,medxpert,6,0.128821766827572,1.0,1,3,True
ID1746,Merge Q2053,medxpert,1,3.71630572752731,0.46268506822293926,2,1,False
ID1746,Merge Q2053,medxpert,2,0.360066306436679,0.0322581522300237,3,1,False
ID1746,Merge Q2053,medxpert,3,0.108534447848797,0.0,4,1,False
ID1746,Merge Q2053,medxpert,4,7.90600086174256,1.0,1,1,True
ID1747,Merge Q57,jama,1,4.547842325237809,1.0,1,8,True
ID1747,Merge Q57,jama,2,1.22119290852015,0.5431402390673373,6,8,True
ID1747,Merge Q57,jama,3,1.12336076796055,0.529704627811466,7,8,True
ID1747,Merge Q57,jama,4,2.65503338803799,0.7400542918064547,3,8,True
ID1747,Merge Q57,jama,5,3.49374562043128,0.8552374151187297,2,8,True
ID1747,Merge Q57,jama,6,-1.83375496968038,0.12359414855277609,10,8,False
ID1747,Merge Q57,jama,7,-1.39663117092829,0.18362580478690418,9,8,False
ID1747,Merge Q57,jama,8,-2.73371254386781,0.0,11,8,False
ID1747,Merge Q57,jama,9,0.0,0.37542978017874734,8,8,True
ID1747,Merge Q57,jama,10,1.62626570454255,0.5987702251491636,5,8,True
ID1747,Merge Q57,jama,11,2.23133091392683,0.6818658304506449,4,8,True
ID1749,Merge Q3795,mmlu,1,0.0,0.0,2,4,True
ID1749,Merge Q3795,mmlu,2,0.0,0.0,3,4,True
ID1749,Merge Q3795,mmlu,3,0.0,0.0,4,4,True
ID1749,Merge Q3795,mmlu,4,0.0,0.0,5,4,False
ID1749,Merge Q3795,mmlu,5,0.0,0.0,6,4,False
ID1749,Merge Q3795,mmlu,6,0.0,0.0,7,4,False
ID1749,Merge Q3795,mmlu,7,0.270460311683357,1.0,1,4,True
ID1750,Merge Q2678,medxpert,1,2.1620735396562,1.0,1,2,True
ID1750,Merge Q2678,medxpert,2,1.23415736489846,0.8365382091406635,2,2,True
ID1750,Merge Q2678,medxpert,3,-3.51458135247231,0.0,3,2,False
ID1751,Merge Q3297,medxpert,1,0.173828775623877,1.0,1,2,True
ID1751,Merge Q3297,medxpert,2,-0.229416866606375,0.0,7,2,False
ID1751,Merge Q3297,medxpert,3,0.0577373150736094,0.7121073400615208,2,2,True
ID1751,Merge Q3297,medxpert,4,0.00127131368954514,0.5720785450278912,3,2,False
ID1751,Merge Q3297,medxpert,5,-0.210648684989526,0.04654280084230256,6,2,False
ID1751,Merge Q3297,medxpert,6,-0.050428710566347,0.443868791861181,5,2,False
ID1751,Merge Q3297,medxpert,7,0.0,0.5689258421678831,4,2,False
ID1755,Merge Q2936,medxpert,1,37.5089352281041,0.5745598690516148,2,5,True
ID1755,Merge Q2936,medxpert,2,60.46143907247,1.0,1,5,True
ID1755,Merge Q2936,medxpert,3,6.51141843572259,0.0,6,5,False
ID1755,Merge Q2936,medxpert,4,7.04919684636751,0.009968085355626684,5,5,True
ID1755,Merge Q2936,medxpert,5,34.8357250662389,0.5250101167009295,3,5,True
ID1755,Merge Q2936,medxpert,6,12.3735111113538,0.10865783935656764,4,5,True
ID1757,Merge Q2202,medxpert,1,69.8261582022035,1.0,1,3,True
ID1757,Merge Q2202,medxpert,2,15.9925040758052,0.2290331372591615,2,3,True
ID1757,Merge Q2202,medxpert,3,10.1409624740481,0.14523156844290028,3,3,True
ID1757,Merge Q2202,medxpert,4,0.0,0.0,5,3,False
ID1757,Merge Q2202,medxpert,5,2.3357414548491,0.033450808622253414,4,3,False
ID1758,Merge Q1648,medxpert,1,15.6513001930163,0.22672249535885153,3,3,True
ID1758,Merge Q1648,medxpert,2,-0.317013825003623,0.0,5,3,False
ID1758,Merge Q1648,medxpert,3,0.0,0.004501049101800423,4,3,False
ID1758,Merge Q1648,medxpert,4,62.5785948100925,0.8930090753958599,2,3,True
ID1758,Merge Q1648,medxpert,5,70.1140829779211,1.0,1,3,True
ID1761,Merge Q240,jama,1,-0.344531821106601,0.6543022002897025,13,9,False
ID1761,Merge Q240,jama,2,0.0619907371737483,1.0,1,9,True
ID1761,Merge Q240,jama,3,-0.233922522515059,0.7483619034273223,12,9,False
ID1761,Merge Q240,jama,4,0.0,0.9472844470574119,2,9,True
ID1761,Merge Q240,jama,5,0.0,0.9472844470574119,3,9,True
ID1761,Merge Q240,jama,6,0.0,0.9472844470574119,4,9,True
ID1761,Merge Q240,jama,7,-1.11395703750409,0.0,14,9,False
ID1761,Merge Q240,jama,8,-0.0751456807939303,0.8833822207748567,10,9,False
ID1761,Merge Q240,jama,9,0.0,0.9472844470574119,5,9,True
ID1761,Merge Q240,jama,10,0.0,0.9472844470574119,6,9,True
ID1761,Merge Q240,jama,11,0.0,0.9472844470574119,7,9,True
ID1761,Merge Q240,jama,12,0.0,0.9472844470574119,8,9,True
ID1761,Merge Q240,jama,13,-0.123533231887011,0.8422345166548019,11,9,False
ID1761,Merge Q240,jama,14,0.0,0.9472844470574119,9,9,True
ID1762,Merge Q763,jama,1,0.0,0.0,5,4,False
ID1762,Merge Q763,jama,2,8.18037341598089,0.07689500719799133,3,4,True
ID1762,Merge Q763,jama,3,0.971018612384796,0.009127515260225972,4,4,True
ID1762,Merge Q763,jama,4,0.0,0.0,6,4,False
ID1762,Merge Q763,jama,5,0.0,0.0,7,4,False
ID1762,Merge Q763,jama,6,0.0,0.0,8,4,False
ID1762,Merge Q763,jama,7,25.6453364053475,0.2410645855886821,2,4,True
ID1762,Merge Q763,jama,8,106.383674494208,1.0,1,4,True
ID1762,Merge Q763,jama,9,0.0,0.0,9,4,False
ID1762,Merge Q763,jama,10,0.0,0.0,10,4,False
ID1766,Merge Q2231,medxpert,1,8.93785040109875,0.9764234558077155,2,6,True
ID1766,Merge Q2231,medxpert,2,0.224345276601818,0.27465056064681187,6,6,True
ID1766,Merge Q2231,medxpert,3,2.89181262254715,0.48948445990607276,4,6,True
ID1766,Merge Q2231,medxpert,4,-0.980820161230163,0.1775883076990883,7,6,False
ID1766,Merge Q2231,medxpert,5,-3.18583069933587,0.0,8,6,False
ID1766,Merge Q2231,medxpert,6,2.27777743968744,0.44003096881961495,5,6,True
ID1766,Merge Q2231,medxpert,7,4.09148800238272,0.5861045516523402,3,6,True
ID1766,Merge Q2231,medxpert,8,9.23058661256257,1.0,1,6,True
ID1768,Merge Q1285,medbullets,1,7.1445909014241495,0.6926014695583113,3,2,False
ID1768,Merge Q1285,medbullets,2,11.40085917086019,1.0,1,2,True
ID1768,Merge Q1285,medbullets,3,8.291054606437683,0.7754019971135422,2,2,True
ID1768,Merge Q1285,medbullets,4,-2.4452326218376386,0.0,8,2,False
ID1768,Merge Q1285,medbullets,5,-1.9292409112844784,0.037266234998188055,7,2,False
ID1768,Merge Q1285,medbullets,6,2.889073862782806,0.38525719491717214,4,2,False
ID1768,Merge Q1285,medbullets,7,0.0,0.17660092526088905,5,2,False
ID1768,Merge Q1285,medbullets,8,-1.3077314091342955,0.08215323354300165,6,2,False
ID1769,Merge Q903,jama,1,0.0,0.6232734925261012,2,9,True
ID1769,Merge Q903,jama,2,0.132042822262232,1.0,1,9,True
ID1769,Merge Q903,jama,3,-0.187944296747446,0.08705654941434186,12,9,False
ID1769,Merge Q903,jama,4,-0.217093458178572,0.0038921517318036094,14,9,False
ID1769,Merge Q903,jama,5,-0.218457659234628,0.0,15,9,False
ID1769,Merge Q903,jama,6,0.0,0.6232734925261012,3,9,True
ID1769,Merge Q903,jama,7,0.0,0.6232734925261012,4,9,True
ID1769,Merge Q903,jama,8,0.0,0.6232734925261012,5,9,True
ID1769,Merge Q903,jama,9,-0.18269882267435,0.10202221807960159,11,9,False
ID1769,Merge Q903,jama,10,0.0,0.6232734925261012,6,9,True
ID1769,Merge Q903,jama,11,0.0,0.6232734925261012,7,9,True
ID1769,Merge Q903,jama,12,0.0,0.6232734925261012,8,9,True
ID1769,Merge Q903,jama,13,0.0,0.6232734925261012,9,9,True
ID1769,Merge Q903,jama,14,-0.199718811398276,0.05346311581748824,13,9,False
ID1769,Merge Q903,jama,15,0.0,0.6232734925261012,10,9,False
ID1772,Merge Q2122,medxpert,1,6.80743780893435,0.0955702658903244,2,3,True
ID1772,Merge Q2122,medxpert,2,0.0,0.0,4,3,False
ID1772,Merge Q2122,medxpert,3,2.26649764180183,0.03181957563865025,3,3,True
ID1772,Merge Q2122,medxpert,4,71.2296627566832,1.0,1,3,True
ID1773,Merge Q1647,medxpert,1,22.0953866612848,1.0,1,5,True
ID1773,Merge Q1647,medxpert,2,0.0128847059107505,0.3076719937948189,6,5,False
ID1773,Merge Q1647,medxpert,3,0.0,0.30726803400929475,7,5,False
ID1773,Merge Q1647,medxpert,4,0.0,0.30726803400929475,8,5,False
ID1773,Merge Q1647,medxpert,5,0.0,0.30726803400929475,9,5,False
ID1773,Merge Q1647,medxpert,6,11.2974046658273,0.6614629374396944,3,5,True
ID1773,Merge Q1647,medxpert,7,3.8789877253649503,0.42888160132260955,4,5,True
ID1773,Merge Q1647,medxpert,8,2.84510873205148,0.396467548624023,5,5,True
ID1773,Merge Q1647,medxpert,9,20.4768343537281,0.9492553382631166,2,5,True
ID1773,Merge Q1647,medxpert,10,-9.8006247053702,0.0,10,5,False
ID1774,Merge Q4054,mmlu,1,6.1601465491559,1.0,1,3,True
ID1774,Merge Q4054,mmlu,2,0.813672991102172,0.13208662888282524,3,3,True
ID1774,Merge Q4054,mmlu,3,0.0,0.0,5,3,False
ID1774,Merge Q4054,mmlu,4,0.42519894814381,0.06902416115442468,4,3,False
ID1774,Merge Q4054,mmlu,5,4.0924528132366,0.6643434179008894,2,3,True
ID1776,Merge Q1765,medxpert,1,2.08369463955835,1.0,1,3,True
ID1776,Merge Q1765,medxpert,2,0.544683297502048,0.6105619545487811,6,3,False
ID1776,Merge Q1765,medxpert,3,-1.86818258464336,0.0,8,3,False
ID1776,Merge Q1765,medxpert,4,1.55867969124143,0.8671479606953187,2,3,True
ID1776,Merge Q1765,medxpert,5,1.05626092439566,0.7400137562800336,4,3,False
ID1776,Merge Q1765,medxpert,6,0.801894324761141,0.6756477385108702,5,3,False
ID1776,Merge Q1765,medxpert,7,1.17439590119298,0.769907138613333,3,3,True
ID1776,Merge Q1765,medxpert,8,-0.660173006523805,0.3056799362899176,7,3,False
ID1777,Merge Q3326,medxpert,1,3.04807230278417,1.0,1,3,True
ID1777,Merge Q3326,medxpert,2,0.517114965066492,0.4786501275738122,3,3,True
ID1777,Merge Q3326,medxpert,3,-1.80655118823051,0.0,4,3,False
ID1777,Merge Q3326,medxpert,4,1.39205756039839,0.6588788511712881,2,3,True
ID1778,Merge Q2473,medxpert,1,10.256938061744,1.0,1,4,True
ID1778,Merge Q2473,medxpert,2,3.18049836430651,0.2439729815156664,3,4,True
ID1778,Merge Q2473,medxpert,3,3.00006902217865,0.22469641541627436,4,4,True
ID1778,Merge Q2473,medxpert,4,5.81811207301913,0.5257682505170415,2,4,True
ID1778,Merge Q2473,medxpert,5,1.05969855535466,0.01739266359892848,5,4,False
ID1778,Merge Q2473,medxpert,6,0.896902607423622,0.0,6,4,False
ID1779,Merge Q1974,medxpert,1,7.28404127456674,0.02722185909920305,4,2,False
ID1779,Merge Q1974,medxpert,2,14.519907616349,0.12528496549640847,3,2,False
ID1779,Merge Q1974,medxpert,3,5.27539866417646,0.0,5,2,False
ID1779,Merge Q1974,medxpert,4,62.1837750102271,0.7712431243085146,2,2,True
ID1779,Merge Q1974,medxpert,5,79.0632543381883,1.0,1,2,True
ID1783,Merge Q3202,medxpert,1,1.27401826124654,1.0,1,4,True
ID1783,Merge Q3202,medxpert,2,0.542652247262538,0.425937573870872,3,4,True
ID1783,Merge Q3202,medxpert,3,0.0,0.0,8,4,False
ID1783,Merge Q3202,medxpert,4,0.0510219998054507,0.04004809142651468,7,4,False
ID1783,Merge Q3202,medxpert,5,0.442838605900287,0.347592039588977,4,4,True
ID1783,Merge Q3202,medxpert,6,0.373554925821893,0.2932100246792341,5,4,False
ID1783,Merge Q3202,medxpert,7,0.563181658590211,0.4420514805173798,2,4,True
ID1783,Merge Q3202,medxpert,8,0.272962976307463,0.2142535822370296,6,4,False
ID1788,Merge Q3818,mmlu,1,-0.193396262923919,0.17483266780962536,12,4,False
ID1788,Merge Q3818,mmlu,2,-0.0306802803347822,0.8690958931059368,9,4,False
ID1788,Merge Q3818,mmlu,3,0.0,1.0,1,4,True
ID1788,Merge Q3818,mmlu,4,-0.0811242834352052,0.6538655529015143,10,4,False
ID1788,Merge Q3818,mmlu,5,0.0,1.0,2,4,True
ID1788,Merge Q3818,mmlu,6,0.0,1.0,3,4,True
ID1788,Merge Q3818,mmlu,7,-0.030093315489518,0.8716003066252753,8,4,False
ID1788,Merge Q3818,mmlu,8,0.0,1.0,4,4,True
ID1788,Merge Q3818,mmlu,9,0.0,1.0,5,4,False
ID1788,Merge Q3818,mmlu,10,-0.161848765376893,0.30943694606500544,11,4,False
ID1788,Merge Q3818,mmlu,11,0.0,1.0,6,4,False
ID1788,Merge Q3818,mmlu,12,0.0,1.0,7,4,False
ID1788,Merge Q3818,mmlu,13,-0.234372175653823,0.0,13,4,False
ID1789,Merge Q3415,medxpert,1,6.44746080041521,1.0,1,5,True
ID1789,Merge Q3415,medxpert,2,4.57324574870378,0.7379751271762554,2,5,True
ID1789,Merge Q3415,medxpert,3,-0.229141183197498,0.06657681355541767,8,5,False
ID1789,Merge Q3415,medxpert,4,1.39803020980734,0.29406371636585027,4,5,True
ID1789,Merge Q3415,medxpert,5,0.506487053225933,0.16942141237474403,7,5,False
ID1789,Merge Q3415,medxpert,6,1.75911658308422,0.3445454425422918,3,5,True
ID1789,Merge Q3415,medxpert,7,1.39365341056298,0.2934518173928209,5,5,True
ID1789,Merge Q3415,medxpert,8,-0.418860050525014,0.040053143265626825,9,5,False
ID1789,Merge Q3415,medxpert,9,-0.705352715010679,0.0,10,5,False
ID1789,Merge Q3415,medxpert,10,0.514129190081001,0.17048982228625462,6,5,False
ID1791,Merge Q470,jama,1,0.0,0.8444674663872515,3,3,True
ID1791,Merge Q470,jama,2,-0.0440704644617732,0.7390522083311956,8,3,False
ID1791,Merge Q470,jama,3,-0.349579442292452,0.008283696363326013,10,3,False
ID1791,Merge Q470,jama,4,0.0632682264600511,0.995803207920458,2,3,True
ID1791,Merge Q470,jama,5,0.0,0.8444674663872515,4,3,False
ID1791,Merge Q470,jama,6,-0.0809027829495857,0.6509503830925838,9,3,False
ID1791,Merge Q470,jama,7,0.0,0.8444674663872515,5,3,False
ID1791,Merge Q470,jama,8,0.0,0.8444674663872515,6,3,False
ID1791,Merge Q470,jama,9,0.0,0.8444674663872515,7,3,False
ID1791,Merge Q470,jama,10,0.0650227597183822,1.0,1,3,True
ID1791,Merge Q470,jama,11,-0.35304256853171,0.0,11,3,False
ID1792,Merge Q584,jama,1,1.10300104270111,0.3670395761609663,2,13,True
ID1792,Merge Q584,jama,2,-0.0820326276317783,0.10575608487332099,17,13,False
ID1792,Merge Q584,jama,3,-0.175414256751537,0.08516673058798271,19,13,False
ID1792,Merge Q584,jama,4,-0.0406839135579207,0.11487290293844586,16,13,False
ID1792,Merge Q584,jama,5,0.0,0.1238431417086845,9,13,True
ID1792,Merge Q584,jama,6,-0.248056759927404,0.06915006598103308,20,13,False
ID1792,Merge Q584,jama,7,0.0,0.1238431417086845,10,13,True
ID1792,Merge Q584,jama,8,-0.561682225085676,0.0,23,13,False
ID1792,Merge Q584,jama,9,0.20617614888984,0.16930212346660028,6,13,True
ID1792,Merge Q584,jama,10,0.0,0.1238431417086845,11,13,True
ID1792,Merge Q584,jama,11,0.0262459817492515,0.12963001672784735,8,13,True
ID1792,Merge Q584,jama,12,0.0,0.1238431417086845,12,13,True
ID1792,Merge Q584,jama,13,0.43429512172544,0.2195991936204751,5,13,True
ID1792,Merge Q584,jama,14,3.97375039828008,1.0,1,13,True
ID1792,Merge Q584,jama,15,0.0,0.1238431417086845,13,13,True
ID1792,Merge Q584,jama,16,0.182902414351702,0.16417058774093746,7,13,True
ID1792,Merge Q584,jama,17,0.496191816390244,0.23324655646430242,4,13,True
ID1792,Merge Q584,jama,18,0.0,0.1238431417086845,14,13,False
ID1792,Merge Q584,jama,19,0.537029807532477,0.24225076720526742,3,13,True
ID1792,Merge Q584,jama,20,0.0,0.1238431417086845,15,13,False
ID1792,Merge Q584,jama,21,-0.530893783821243,0.006788424351365373,22,13,False
ID1792,Merge Q584,jama,22,-0.251138321331656,0.0684706244238206,21,13,False
ID1792,Merge Q584,jama,23,-0.151578707908435,0.09042213857713582,18,13,False
ID1793,Merge Q3883,mmlu,1,-1.23448089287534,0.25687010797008347,6,6,True
ID1793,Merge Q3883,mmlu,2,-0.225331519571521,0.34081932029383283,5,6,True
ID1793,Merge Q3883,mmlu,3,0.69469253718853,0.41735436746038734,4,6,True
ID1793,Merge Q3883,mmlu,4,-4.32230389089006,0.0,8,6,False
ID1793,Merge Q3883,mmlu,5,1.68892297144318,0.5000625016890442,3,6,True
ID1793,Merge Q3883,mmlu,6,7.69864717428544,1.0,1,6,True
ID1793,Merge Q3883,mmlu,7,7.18432790827968,0.9572147608606665,2,6,True
ID1793,Merge Q3883,mmlu,8,-1.33897884725664,0.248177122380613,7,6,False
ID1795,Merge Q3486,medxpert,1,0.193984456886606,0.5585445021981337,2,4,True
ID1795,Merge Q3486,medxpert,2,0.0,0.22637412627574405,3,4,True
ID1795,Merge Q3486,medxpert,3,-0.132200416177511,0.0,4,4,True
ID1795,Merge Q3486,medxpert,4,0.451790423908511,1.0,1,4,True
ID1797,Merge Q848,jama,1,-0.897937205334779,0.0,13,11,False
ID1797,Merge Q848,jama,2,-0.42862950337324,0.1874603526784638,12,11,False
ID1797,Merge Q848,jama,3,0.0,0.35867219841400927,6,11,True
ID1797,Merge Q848,jama,4,0.165857757832899,0.4249224509623097,4,11,True
ID1797,Merge Q848,jama,5,-0.237247554807582,0.2639059925528123,10,11,True
ID1797,Merge Q848,jama,6,-0.243393923415809,0.2614508859731114,11,11,True
ID1797,Merge Q848,jama,7,-0.169927156073118,0.29079646470247167,9,11,True
ID1797,Merge Q848,jama,8,1.41765752739171,0.9249415755228217,2,11,True
ID1797,Merge Q848,jama,9,0.0,0.35867219841400927,7,11,True
ID1797,Merge Q848,jama,10,0.0266261272797438,0.3693077434721031,5,11,True
ID1797,Merge Q848,jama,11,0.0,0.35867219841400927,8,11,True
ID1797,Merge Q848,jama,12,1.60556657696369,1.0,1,11,True
ID1797,Merge Q848,jama,13,0.66100811138943,0.6227053970307727,3,11,True
ID1798,Merge Q4018,mmlu,1,1.91367153086626,0.8532551993545741,2,7,True
ID1798,Merge Q4018,mmlu,2,-0.0517914787679004,0.2066407860325957,9,7,False
ID1798,Merge Q4018,mmlu,3,0.984026715159416,0.5474128944322397,5,7,True
ID1798,Merge Q4018,mmlu,4,-0.679901234537536,0.0,10,7,False
ID1798,Merge Q4018,mmlu,5,0.0,0.22367957867047752,8,7,False
ID1798,Merge Q4018,mmlu,6,0.22699475616377,0.2983582067415914,7,7,True
ID1798,Merge Q4018,mmlu,7,1.56135899926142,0.737348484339852,3,7,True
ID1798,Merge Q4018,mmlu,8,1.26746192091585,0.6406597723366498,4,7,True
ID1798,Merge Q4018,mmlu,9,2.35972016755371,1.0,1,7,True
ID1798,Merge Q4018,mmlu,10,0.760301917281495,0.473810044510207,6,7,True
ID1800,Merge Q3877,mmlu,1,2.52238153796117,0.5456372329070615,3,3,True
ID1800,Merge Q3877,mmlu,2,6.10076591397582,0.8700099448424813,2,3,True
ID1800,Merge Q3877,mmlu,3,0.0,0.3169888670443802,7,3,False
ID1800,Merge Q3877,mmlu,4,7.53477797879327,1.0,1,3,True
ID1800,Merge Q3877,mmlu,5,-0.764547563954104,0.24768430368173364,9,3,False
ID1800,Merge Q3877,mmlu,6,-1.77667831076477,0.15593686666049247,10,3,False
ID1800,Merge Q3877,mmlu,7,1.18000213518573,0.4239534780138906,6,3,False
ID1800,Merge Q3877,mmlu,8,0.0,0.3169888670443802,8,3,False
ID1800,Merge Q3877,mmlu,9,-3.49692797040223,0.0,11,3,False
ID1800,Merge Q3877,mmlu,10,2.09999835201022,0.5073491215400473,4,3,False
ID1800,Merge Q3877,mmlu,11,1.49850605271145,0.45282516105117704,5,3,False
ID1802,Merge Q779,jama,1,16.8900769535936,1.0,1,5,True
ID1802,Merge Q779,jama,2,-0.221418875634275,0.09357747211122237,8,5,False
ID1802,Merge Q779,jama,3,-1.98797969520092,0.0,13,5,False
ID1802,Merge Q779,jama,4,-0.703179171297829,0.06805788052262962,11,5,False
ID1802,Merge Q779,jama,5,0.214402746904766,0.11666362078886555,5,5,True
ID1802,Merge Q779,jama,6,0.566260211011674,0.13530205750154364,3,5,True
ID1802,Merge Q779,jama,7,0.0,0.10530637407149983,7,5,False
ID1802,Merge Q779,jama,8,0.201813940838131,0.11599677216663522,6,5,False
ID1802,Merge Q779,jama,9,1.05270365387093,0.16106972267540137,2,5,True
ID1802,Merge Q779,jama,10,-0.293157971966492,0.08977734068525814,9,5,False
ID1802,Merge Q779,jama,11,0.363506160708182,0.12456186034695785,4,5,True
ID1802,Merge Q779,jama,12,-0.985071893337761,0.05312558493287501,12,5,False
ID1802,Merge Q779,jama,13,-0.524815682708267,0.07750607171666078,10,5,False
ID1807,Merge Q550,jama,1,0.105247506390226,0.2436156306716089,9,11,True
ID1807,Merge Q550,jama,2,0.574208606975358,0.35530565675726483,7,11,True
ID1807,Merge Q550,jama,3,0.984291851520538,0.4529730501154628,3,11,True
ID1807,Merge Q550,jama,4,3.28113400885733,1.0,1,11,True
ID1807,Merge Q550,jama,5,1.57220047836734,0.5929921898406378,2,11,True
ID1807,Merge Q550,jama,6,-0.917639301710996,0.0,12,11,False
ID1807,Merge Q550,jama,7,0.276755757243516,0.2844628586992815,8,11,True
ID1807,Merge Q550,jama,8,-0.850923506869247,0.01588935384385365,11,11,True
ID1807,Merge Q550,jama,9,-0.131971596323202,0.18711839084293164,10,11,True
ID1807,Merge Q550,jama,10,0.884564849385232,0.42922158873404154,5,11,True
ID1807,Merge Q550,jama,11,0.623887134185644,0.367137333186484,6,11,True
ID1807,Merge Q550,jama,12,0.94135239377227,0.4427463828076114,4,11,True
ID1808,Merge Q3800,mmlu,1,-0.692332638759524,0.0,3,2,False
ID1808,Merge Q3800,mmlu,2,0.481671290756163,0.8487832477761089,2,2,True
ID1808,Merge Q3800,mmlu,3,0.690828412771225,1.0,1,2,True
ID1817,Merge Q3134,medxpert,1,2.72978755127565,0.6964120877100108,5,3,False
ID1817,Merge Q3134,medxpert,2,5.0988732195533,1.0,1,3,True
ID1817,Merge Q3134,medxpert,3,2.56907665729523,0.6758176932399941,6,3,False
ID1817,Merge Q3134,medxpert,4,-2.70474995637435,0.0,7,3,False
ID1817,Merge Q3134,medxpert,5,4.32084305077694,0.9002988546171218,2,3,True
ID1817,Merge Q3134,medxpert,6,3.79917258512668,0.833449078059549,4,3,False
ID1817,Merge Q3134,medxpert,7,4.05382457373616,0.8660816107778152,3,3,True
ID1818,Merge Q3918,mmlu,1,0.521042875249919,0.27164380642787866,7,6,False
ID1818,Merge Q3918,mmlu,2,-1.17716621611366,0.0,9,6,False
ID1818,Merge Q3918,mmlu,3,0.576568990945816,0.2805257076616526,6,6,True
ID1818,Merge Q3918,mmlu,4,0.820813033153081,0.31959473729995186,5,6,True
ID1818,Merge Q3918,mmlu,5,3.21341209749412,0.7023124605760149,3,6,True
ID1818,Merge Q3918,mmlu,6,3.51782312805426,0.7510057407383492,2,6,True
ID1818,Merge Q3918,mmlu,7,0.249932677564579,0.22827729376745784,8,6,False
ID1818,Merge Q3918,mmlu,8,2.1628829115179,0.534270875889277,4,6,True
ID1818,Merge Q3918,mmlu,9,5.07443625439749,1.0,1,6,True
ID1819,Merge Q111,jama,1,0.828165157801645,1.0,1,7,True
ID1819,Merge Q111,jama,2,-0.217691801024237,0.2723753895435473,10,7,False
ID1819,Merge Q111,jama,3,0.0,0.42382813896890603,6,7,True
ID1819,Merge Q111,jama,4,-0.271440532956792,0.23498127000844496,11,7,False
ID1819,Merge Q111,jama,5,0.242177421474273,0.5923160478311187,3,7,True
ID1819,Merge Q111,jama,6,0.0758986745712792,0.4766324379249378,5,7,True
ID1819,Merge Q111,jama,7,-0.609192710247645,0.0,12,7,False
ID1819,Merge Q111,jama,8,-0.0310350132216657,0.40223642968652334,9,7,False
ID1819,Merge Q111,jama,9,0.560800669980653,0.8139889210862666,2,7,True
ID1819,Merge Q111,jama,10,0.0,0.42382813896890603,7,7,True
ID1819,Merge Q111,jama,11,0.0,0.42382813896890603,8,7,False
ID1819,Merge Q111,jama,12,0.19787706985496,0.5614953645454487,4,7,True
ID1820,Merge Q275,jama,1,-0.397534688539884,0.3899637047827941,9,4,False
ID1820,Merge Q275,jama,2,-4.76123863013831,0.0,11,4,False
ID1820,Merge Q275,jama,3,6.428787231445311,1.0,1,4,True
ID1820,Merge Q275,jama,4,0.164945525051052,0.44022991690317725,5,4,False
ID1820,Merge Q275,jama,5,0.779706921775059,0.49516825255390523,4,4,True
ID1820,Merge Q275,jama,6,0.0,0.4254895108405492,6,4,False
ID1820,Merge Q275,jama,7,4.94182784540051,0.8671174307872094,2,4,True
ID1820,Merge Q275,jama,8,-0.0537848705103309,0.4206830098390655,8,4,False
ID1820,Merge Q275,jama,9,2.53876147519237,0.6523666875866879,3,4,True
ID1820,Merge Q275,jama,10,0.0,0.4254895108405492,7,4,False
ID1820,Merge Q275,jama,11,-0.879858643260338,0.34686068065339365,10,4,False
ID1821,Merge Q1095,medbullets,1,1.5133632570509357,0.33914710823621097,4,11,True
ID1821,Merge Q1095,medbullets,2,-4.551897616804914,0.0,15,11,False
ID1821,Merge Q1095,medbullets,3,3.328879415988922,0.44066410281661006,3,11,True
ID1821,Merge Q1095,medbullets,4,0.0150848753349542,0.2553688848324798,7,11,True
ID1821,Merge Q1095,medbullets,5,-0.5855402434167976,0.22178413449853585,10,11,True
ID1821,Merge Q1095,medbullets,6,0.7620457324193776,0.2971361921115112,5,11,True
ID1821,Merge Q1095,medbullets,7,8.751559854893264,0.7438804735535736,2,11,True
ID1821,Merge Q1095,medbullets,8,0.6591136654722939,0.2913806090334025,6,11,True
ID1821,Merge Q1095,medbullets,9,0.0,0.2545253940157854,8,11,True
ID1821,Merge Q1095,medbullets,10,-0.5989517292362021,0.22103421347660454,11,11,True
ID1821,Merge Q1095,medbullets,11,13.33196671982238,1.0,1,11,True
ID1821,Merge Q1095,medbullets,12,0.0,0.2545253940157854,9,11,True
ID1821,Merge Q1095,medbullets,13,-1.565416275213786,0.1669930662286799,12,11,False
ID1821,Merge Q1095,medbullets,14,-2.351139726061869,0.12305829709498257,14,11,False
ID1821,Merge Q1095,medbullets,15,-2.072580322623253,0.1386343156889119,13,11,False
ID1822,Merge Q1196,medbullets,1,0.4449004875141041,0.6462451609275048,7,5,False
ID1822,Merge Q1196,medbullets,2,0.0950537558882557,0.5864032104550011,9,5,False
ID1822,Merge Q1196,medbullets,3,2.51301446557045,1.0,1,5,True
ID1822,Merge Q1196,medbullets,4,0.9846209115022528,0.7385653684972564,3,5,True
ID1822,Merge Q1196,medbullets,5,1.7710695610625609,0.8730889094703004,2,5,True
ID1822,Merge Q1196,medbullets,6,0.8483702052695921,0.7152594254166206,5,5,True
ID1822,Merge Q1196,medbullets,7,0.8683543098907676,0.7186777446143446,4,5,True
ID1822,Merge Q1196,medbullets,8,-1.3203219803167563,0.34430049218079734,11,5,False
ID1822,Merge Q1196,medbullets,9,-3.333164157678082,0.0,13,5,False
ID1822,Merge Q1196,medbullets,10,-0.142846546736867,0.5457099101033727,10,5,False
ID1822,Merge Q1196,medbullets,11,0.8467850557181512,0.7149882825635545,6,5,False
ID1822,Merge Q1196,medbullets,12,0.2195350189602303,0.6076959678430408,8,5,False
ID1822,Merge Q1196,medbullets,13,-2.430680347135652,0.15437157649503175,12,5,False
ID1824,Merge Q1081,medbullets,1,0.1841098425525295,0.37228462205307045,3,2,False
ID1824,Merge Q1081,medbullets,2,-0.0,0.27393653693886344,6,2,False
ID1824,Merge Q1081,medbullets,3,0.141102634370327,0.3493109639792449,4,2,False
ID1824,Merge Q1081,medbullets,4,-0.058417104655479,0.24273119614268415,7,2,False
ID1824,Merge Q1081,medbullets,5,-0.5128154007943542,0.0,8,2,False
ID1824,Merge Q1081,medbullets,6,0.0719494815137392,0.3123706240779981,5,2,False
ID1824,Merge Q1081,medbullets,7,1.3592072454903334,1.0,1,2,True
ID1824,Merge Q1081,medbullets,8,0.2202917842998773,0.39161234857345006,2,2,True
ID1825,Merge Q1728,medxpert,1,-0.0311084033422103,0.5252931264770703,7,3,False
ID1825,Merge Q1728,medxpert,2,0.378183764288605,0.6153376059649268,3,3,True
ID1825,Merge Q1728,medxpert,3,0.299675725400448,0.5980657985462395,4,3,False
ID1825,Merge Q1728,medxpert,4,-0.0140030587962376,0.529056310744725,6,3,False
ID1825,Merge Q1728,medxpert,5,0.0,0.5321369906117348,5,3,False
ID1825,Merge Q1728,medxpert,6,-2.41879906022877,0.0,8,3,False
ID1825,Merge Q1728,medxpert,7,2.12664525749882,1.0,1,3,True
ID1825,Merge Q1728,medxpert,8,1.38241321832291,0.8362685829692498,2,3,True
ID1826,Merge Q3907,mmlu,1,4.51038253777754,0.7063214430135611,2,3,True
ID1826,Merge Q3907,mmlu,2,0.536929764892383,0.25426671197367856,5,3,False
ID1826,Merge Q3907,mmlu,3,7.0917466878891,1.0,1,3,True
ID1826,Merge Q3907,mmlu,4,-1.42883940036737,0.030623623183989333,7,3,False
ID1826,Merge Q3907,mmlu,5,0.872810847659964,0.29247948087029585,3,3,True
ID1826,Merge Q3907,mmlu,6,0.772763433652788,0.281097212245165,4,3,False
ID1826,Merge Q3907,mmlu,7,0.0,0.19318088704276054,6,3,False
ID1826,Merge Q3907,mmlu,8,-1.69801371069104,0.0,8,3,False
ID1827,Merge Q4053,mmlu,1,0.834930981712342,0.4165641548829678,2,5,True
ID1827,Merge Q4053,mmlu,2,-2.12507288299229,0.0,10,5,False
ID1827,Merge Q4053,mmlu,3,0.422934774309397,0.3585835373580237,4,5,True
ID1827,Merge Q4053,mmlu,4,-0.246262604043902,0.26440675479106696,6,5,False
ID1827,Merge Q4053,mmlu,5,-0.382127922309712,0.24528629952539446,8,5,False
ID1827,Merge Q4053,mmlu,6,-0.305294692868048,0.25609911287031545,7,5,False
ID1827,Merge Q4053,mmlu,7,-0.934690906415734,0.16752358602410503,9,5,False
ID1827,Merge Q4053,mmlu,8,0.562766074091532,0.3782621289688304,3,5,True
ID1827,Merge Q4053,mmlu,9,4.98068460959906,1.0,1,5,True
ID1827,Merge Q4053,mmlu,10,0.0,0.29906352492439364,5,5,True
ID1831,Merge Q750,jama,1,14.6689857055667,1.0,1,4,True
ID1831,Merge Q750,jama,2,3.06976037219391,0.32334345179764346,4,4,True
ID1831,Merge Q750,jama,3,5.3833190202713,0.4583080346795375,3,4,True
ID1831,Merge Q750,jama,4,6.44225758586193,0.5200826527214268,2,4,True
ID1831,Merge Q750,jama,5,-2.47298294039991,0.0,15,4,False
ID1831,Merge Q750,jama,6,1.75526877141159,0.24666080070134644,6,4,False
ID1831,Merge Q750,jama,7,1.01665111354281,0.20357253743803852,8,4,False
ID1831,Merge Q750,jama,8,0.0,0.14426481528898294,9,4,False
ID1831,Merge Q750,jama,9,-1.61425036434519,0.05009532999331287,14,4,False
ID1831,Merge Q750,jama,10,1.54934480821329,0.23464794690075613,7,4,False
ID1831,Merge Q750,jama,11,-1.16350322114325,0.07639027618713862,13,4,False
ID1831,Merge Q750,jama,12,2.25638650853967,0.2758941838370687,5,4,False
ID1831,Merge Q750,jama,13,0.0,0.14426481528898294,10,4,False
ID1831,Merge Q750,jama,14,-1.01071175725822,0.08530357354758973,12,4,False
ID1831,Merge Q750,jama,15,0.0,0.14426481528898294,11,4,False
ID1833,Merge Q1159,medbullets,1,4.793385983075453,0.5219264371361334,2,3,True
ID1833,Merge Q1159,medbullets,2,2.053140917463795,0.2870911403985814,4,3,False
ID1833,Merge Q1159,medbullets,3,3.034246534109116,0.3711705650847655,3,3,True
ID1833,Merge Q1159,medbullets,4,0.1154060302385671,0.12102988078687195,5,3,False
ID1833,Merge Q1159,medbullets,5,-1.126968477241435,0.01456006544642786,6,3,False
ID1833,Merge Q1159,medbullets,6,10.37192864611121,1.0,1,3,True
ID1833,Merge Q1159,medbullets,7,-1.2968669041339913,0.0,7,3,False
ID1834,Merge Q2027,medxpert,1,0.936359466933431,1.0,1,1,True
ID1834,Merge Q2027,medxpert,2,0.0,0.0,2,1,False
ID1834,Merge Q2027,medxpert,3,0.0,0.0,3,1,False
ID1837,Merge Q64,jama,1,0.0,0.20212593533130577,5,5,True
ID1837,Merge Q64,jama,2,0.818617788837118,0.29417489903157357,3,5,True
ID1837,Merge Q64,jama,3,0.0,0.20212593533130577,6,5,False
ID1837,Merge Q64,jama,4,1.25052590668201,0.34274053638210267,2,5,True
ID1837,Merge Q64,jama,5,0.0596245162982051,0.20883037666060547,4,5,True
ID1837,Merge Q64,jama,6,-1.79756381382343,0.0,9,5,False
ID1837,Merge Q64,jama,7,0.0,0.20212593533130577,7,5,False
ID1837,Merge Q64,jama,8,7.09572249739157,1.0,1,5,True
ID1837,Merge Q64,jama,9,0.0,0.20212593533130577,8,5,False
ID1838,Merge Q1282,medbullets,1,0.0,0.08405186718460898,5,5,True
ID1838,Merge Q1282,medbullets,2,16.80819137275876,0.6349105147500932,2,5,True
ID1838,Merge Q1282,medbullets,3,-0.4016986526548862,0.07088690662323784,7,5,False
ID1838,Merge Q1282,medbullets,4,-0.0,0.08405186718460898,6,5,False
ID1838,Merge Q1282,medbullets,5,27.94806176125608,1.0,1,5,True
ID1838,Merge Q1282,medbullets,6,2.26529689336186,0.1582929532918285,3,5,True
ID1838,Merge Q1282,medbullets,7,0.0678316974001015,0.08627493070543789,4,5,True
ID1838,Merge Q1282,medbullets,8,-2.56465043277489,0.0,9,5,False
ID1838,Merge Q1282,medbullets,9,-2.275403881344498,0.009479542480231421,8,5,False
ID1840,Merge Q2838,medxpert,1,4.76293823245352,1.0,1,2,True
ID1840,Merge Q2838,medxpert,2,0.272859035788136,0.0,5,2,False
ID1840,Merge Q2838,medxpert,3,0.478413786739111,0.04577976065625589,4,2,False
ID1840,Merge Q2838,medxpert,4,1.93344701842196,0.3698348982055999,3,2,False
ID1840,Merge Q2838,medxpert,5,2.54173380303304,0.5053084072392116,2,2,True
ID1841,Merge Q165,jama,1,-0.0271323627297115,0.7329673059829086,6,8,True
ID1841,Merge Q165,jama,2,-0.597376688887056,0.4629442811671126,8,8,True
ID1841,Merge Q165,jama,3,-1.09270231425762,0.22839688192752647,9,8,False
ID1841,Merge Q165,jama,4,0.0,0.74581506670338,4,8,True
ID1841,Merge Q165,jama,5,0.294375901886006,0.8852084246273036,2,8,True
ID1841,Merge Q165,jama,6,0.0,0.74581506670338,5,8,True
ID1841,Merge Q165,jama,7,-0.528288007770094,0.4956592663059363,7,8,True
ID1841,Merge Q165,jama,8,0.536796875399647,1.0,1,8,True
ID1841,Merge Q165,jama,9,0.17855632877306,0.8303653511756571,3,8,True
ID1841,Merge Q165,jama,10,-1.57503905617083,0.0,10,8,False
ID1842,Merge Q619,jama,1,5.2626310589337,0.9267277375658746,2,9,True
ID1842,Merge Q619,jama,2,-0.0502148113524,0.16014335847135477,11,9,False
ID1842,Merge Q619,jama,3,5.77044761180878,1.0,1,9,True
ID1842,Merge Q619,jama,4,2.2746805401297,0.49559981683453835,4,9,True
ID1842,Merge Q619,jama,5,0.347424930513829,0.21751833641428037,5,9,True
ID1842,Merge Q619,jama,6,3.8775335089387695,0.7268736158254623,3,9,True
ID1842,Merge Q619,jama,7,0.0,0.1673887954596962,7,9,True
ID1842,Merge Q619,jama,8,-1.16009521579432,0.0,17,9,False
ID1842,Merge Q619,jama,9,0.0,0.1673887954596962,8,9,True
ID1842,Merge Q619,jama,10,0.0,0.1673887954596962,9,9,True
ID1842,Merge Q619,jama,11,0.0684675478046916,0.17726789865663453,6,9,True
ID1842,Merge Q619,jama,12,0.0,0.1673887954596962,10,9,False
ID1842,Merge Q619,jama,13,-0.334104859287701,0.11918119215955908,13,9,False
ID1842,Merge Q619,jama,14,-1.03179747161213,0.018511932957286294,16,9,False
ID1842,Merge Q619,jama,15,-0.885903644829371,0.03956278429921731,15,9,False
ID1842,Merge Q619,jama,16,-0.560555656143546,0.08650686887943558,14,9,False
ID1842,Merge Q619,jama,17,-0.329287189990282,0.11987632808429949,12,9,False
ID1843,Merge Q3908,mmlu,1,1.58901449360331,0.0,3,2,False
ID1843,Merge Q3908,mmlu,2,2.13835513188244,0.8315453094457601,2,2,True
ID1843,Merge Q3908,mmlu,3,2.24964071810246,1.0,1,2,True
ID1845,Merge Q1072,medbullets,1,7.017093662758437,0.6632955342978236,2,6,True
ID1845,Merge Q1072,medbullets,2,13.159528575047588,1.0,1,6,True
ID1845,Merge Q1072,medbullets,3,-2.087104484438896,0.16423869176362968,8,6,False
ID1845,Merge Q1072,medbullets,4,6.578241401274042,0.6392393548941697,3,6,True
ID1845,Merge Q1072,medbullets,5,-5.083279400425746,0.0,9,6,False
ID1845,Merge Q1072,medbullets,6,1.747743009453326,0.3744501624455559,5,6,True
ID1845,Merge Q1072,medbullets,7,2.670874316405161,0.4250526414166082,4,6,True
ID1845,Merge Q1072,medbullets,8,0.9029246337538888,0.3281404947214172,6,6,True
ID1845,Merge Q1072,medbullets,9,-1.6922705810099752,0.18588195545196967,7,6,False
ID1846,Merge Q1223,medbullets,1,3.81520201379234,0.7176768246437687,2,8,True
ID1846,Merge Q1223,medbullets,2,-4.448067211103975,0.1398432566148783,11,8,False
ID1846,Merge Q1223,medbullets,3,2.940905660390854,0.6565390633472442,5,8,True
ID1846,Merge Q1223,medbullets,4,2.944892473645812,0.6568178530690212,4,8,True
ID1846,Merge Q1223,medbullets,5,-1.5711025763239486,0.3410235273725137,9,8,False
ID1846,Merge Q1223,medbullets,6,0.3653021679036361,0.47643236279250883,8,8,True
ID1846,Merge Q1223,medbullets,7,2.59228628212641,0.6321608210627463,6,8,True
ID1846,Merge Q1223,medbullets,8,7.852545178804711,1.0,1,8,True
ID1846,Merge Q1223,medbullets,9,2.9981075281995797,0.6605390733280696,3,8,True
ID1846,Merge Q1223,medbullets,10,-2.19568718179823,0.29734759944440603,10,8,False
ID1846,Merge Q1223,medbullets,11,-6.447886090849685,0.0,12,8,False
ID1846,Merge Q1223,medbullets,12,0.9307970375916698,0.5159762659814998,7,8,True
ID1849,Merge Q3983,mmlu,1,0.190146788983031,0.24702733987972283,3,4,True
ID1849,Merge Q3983,mmlu,2,0.0776730921739195,0.10090823748629363,4,4,True
ID1849,Merge Q3983,mmlu,3,0.0,0.0,5,4,False
ID1849,Merge Q3983,mmlu,4,0.271159073914747,0.35227365695555773,2,4,True
ID1849,Merge Q3983,mmlu,5,0.76973985582168,1.0,1,4,True
ID1850,Merge Q846,jama,1,1.13659387834965,0.21307874916271122,4,5,True
ID1850,Merge Q846,jama,2,-0.675950719472709,0.12587952973894598,13,5,False
ID1850,Merge Q846,jama,3,0.0,0.15839866067661654,6,5,False
ID1850,Merge Q846,jama,4,-0.232184583043072,0.14722855516422653,12,5,False
ID1850,Merge Q846,jama,5,-0.152382551038967,0.1510677296085677,10,5,False
ID1850,Merge Q846,jama,6,1.32028016127573,0.2219156630291345,3,5,True
ID1850,Merge Q846,jama,7,0.0,0.15839866067661654,7,5,False
ID1850,Merge Q846,jama,8,0.0,0.15839866067661654,8,5,False
ID1850,Merge Q846,jama,9,-0.209947390894287,0.1482983582465231,11,5,False
ID1850,Merge Q846,jama,10,0.12351228043953,0.16434067967935767,5,5,True
ID1850,Merge Q846,jama,11,2.03724033772941,0.2564077068772126,2,5,True
ID1850,Merge Q846,jama,12,17.4937341319241,1.0,1,5,True
ID1850,Merge Q846,jama,13,-3.29251383910268,0.0,14,5,False
ID1850,Merge Q846,jama,14,0.0,0.15839866067661654,9,5,False
ID1851,Merge Q3861,mmlu,1,-0.774127793544337,0.0,3,2,False
ID1851,Merge Q3861,mmlu,2,1.84202335664668,0.6937019595028003,2,2,True
ID1851,Merge Q3861,mmlu,3,2.99716204404831,1.0,1,2,True
ID1855,Merge Q690,jama,1,0.322123694083934,0.4790984665682077,5,8,True
ID1855,Merge Q690,jama,2,1.29348620346274,0.5716925770716955,3,8,True
ID1855,Merge Q690,jama,3,-0.202495615929365,0.42908968210863446,8,8,True
ID1855,Merge Q690,jama,4,0.305180845357896,0.477483407316862,6,8,True
ID1855,Merge Q690,jama,5,0.876219924875381,0.5319171075267516,4,8,True
ID1855,Merge Q690,jama,6,5.786663694546649,1.0,1,8,True
ID1855,Merge Q690,jama,7,3.14954397433168,0.7486193337432101,2,8,True
ID1855,Merge Q690,jama,8,-4.70387943067963,0.0,9,8,False
ID1855,Merge Q690,jama,9,0.0,0.44839236391568316,7,8,True
ID1858,Merge Q2820,medxpert,1,0.0,0.0,3,7,True
ID1858,Merge Q2820,medxpert,2,0.0,0.0,4,7,True
ID1858,Merge Q2820,medxpert,3,0.168405443429947,0.5585712469270552,2,7,True
ID1858,Merge Q2820,medxpert,4,0.0,0.0,5,7,True
ID1858,Merge Q2820,medxpert,5,0.0,0.0,6,7,True
ID1858,Merge Q2820,medxpert,6,0.30149321927403,1.0,1,7,True
ID1858,Merge Q2820,medxpert,7,0.0,0.0,7,7,True
ID1858,Merge Q2820,medxpert,8,0.0,0.0,8,7,False
ID1858,Merge Q2820,medxpert,9,0.0,0.0,9,7,False
ID1859,Merge Q364,jama,1,0.865420461064793,0.1525157913242289,5,9,True
ID1859,Merge Q364,jama,2,0.563990872260682,0.1253553138149036,6,9,True
ID1859,Merge Q364,jama,3,0.0,0.07453660864971218,7,9,True
ID1859,Merge Q364,jama,4,0.0,0.07453660864971218,8,9,True
ID1859,Merge Q364,jama,5,-0.745750822946019,0.007340323989850229,13,9,False
ID1859,Merge Q364,jama,6,0.0,0.07453660864971218,9,9,True
ID1859,Merge Q364,jama,7,2.73826550832957,0.3212695158225337,4,9,True
ID1859,Merge Q364,jama,8,3.0758408356418,0.3516869248152699,3,9,True
ID1859,Merge Q364,jama,9,-0.632958722284322,0.017503517740688118,12,9,False
ID1859,Merge Q364,jama,10,-0.827214443796935,0.0,14,9,False
ID1859,Merge Q364,jama,11,0.0,0.07453660864971218,10,9,False
ID1859,Merge Q364,jama,12,6.28514768251644,0.6408632687199448,2,9,True
ID1859,Merge Q364,jama,13,0.0,0.07453660864971218,11,9,False
ID1859,Merge Q364,jama,14,10.2708816298313,1.0,1,9,True
ID1862,Merge Q3986,mmlu,1,4.39566931835949,0.6201023802501073,2,3,True
ID1862,Merge Q3986,mmlu,2,-2.61588359748665,0.0,6,3,False
ID1862,Merge Q3986,mmlu,3,3.30891224741936,0.5239894856414692,4,3,False
ID1862,Merge Q3986,mmlu,4,-0.673854444038624,0.17175323569855633,5,3,False
ID1862,Merge Q3986,mmlu,5,4.32101548901527,0.6134999887646899,3,3,True
ID1862,Merge Q3986,mmlu,6,8.69120558513857,1.0,1,3,True
ID1863,Merge Q3789,mmlu,1,0.577461360034251,0.6495356351327056,5,3,False
ID1863,Merge Q3789,mmlu,2,-1.32615083936563,0.0,10,3,False
ID1863,Merge Q3789,mmlu,3,1.16114330291748,0.8486950130804144,2,3,True
ID1863,Merge Q3789,mmlu,4,-0.160623309021071,0.397692169090779,8,3,False
ID1863,Merge Q3789,mmlu,5,0.757862119876393,0.7110905685164216,4,3,False
ID1863,Merge Q3789,mmlu,6,-0.513374487811504,0.27732917654866,9,3,False
ID1863,Merge Q3789,mmlu,7,0.0,0.4524987957109533,7,3,False
ID1863,Merge Q3789,mmlu,8,0.541156236264853,0.6371478853412506,6,3,False
ID1863,Merge Q3789,mmlu,9,1.13279522525311,0.8390223041976268,3,3,True
ID1863,Merge Q3789,mmlu,10,1.60457704750536,1.0,1,3,True
ID1865,Merge Q751,jama,1,0.460751836806597,0.12440831189906988,3,5,True
ID1865,Merge Q751,jama,2,-0.579197882224647,0.06697181982144305,10,5,False
ID1865,Merge Q751,jama,3,0.0,0.09896095733932597,4,5,True
ID1865,Merge Q751,jama,4,-1.2282052109123,0.0311271019371833,12,5,False
ID1865,Merge Q751,jama,5,0.0,0.09896095733932597,5,5,True
ID1865,Merge Q751,jama,6,-1.79179500797165,0.0,13,5,False
ID1865,Merge Q751,jama,7,1.27852699308103,0.16957408811408833,2,5,True
ID1865,Merge Q751,jama,8,0.0,0.09896095733932597,6,5,False
ID1865,Merge Q751,jama,9,-1.0982945779925,0.03830207482476519,11,5,False
ID1865,Merge Q751,jama,10,-0.398425701675885,0.07695587936387595,8,5,False
ID1865,Merge Q751,jama,11,-0.496025754841446,0.07156542194287512,9,5,False
ID1865,Merge Q751,jama,12,0.0,0.09896095733932597,7,5,False
ID1865,Merge Q751,jama,13,16.3142849668591,1.0,1,5,True
ID1866,Merge Q3858,mmlu,1,8.98320009412463,1.0,1,3,True
ID1866,Merge Q3858,mmlu,2,-3.50999585294057,0.0,4,3,False
ID1866,Merge Q3858,mmlu,3,-1.71027436852455,0.14405613199709688,3,3,True
ID1866,Merge Q3858,mmlu,4,6.6402609299124,0.8124627858124155,2,3,True
ID1873,Merge Q4037,mmlu,1,7.23354957773139,0.8316037247740763,2,2,True
ID1873,Merge Q4037,mmlu,2,-2.70586147462714,0.0,4,2,False
ID1873,Merge Q4037,mmlu,3,2.03676170110703,0.39680249436957576,3,2,False
ID1873,Merge Q4037,mmlu,4,9.2462387339894,1.0,1,2,True
ID1874,Merge Q3884,mmlu,1,6.40775866393767,0.8191586962382976,2,2,True
ID1874,Merge Q3884,mmlu,2,-6.15299622187503,0.0,4,2,False
ID1874,Merge Q3884,mmlu,3,-5.2276006937027,0.060350337320777186,3,2,False
ID1874,Merge Q3884,mmlu,4,9.18072964039514,1.0,1,2,True
ID1875,Merge Q714,jama,1,0.0,0.2541854486807489,6,7,True
ID1875,Merge Q714,jama,2,-1.19245761241903,0.0,9,7,False
ID1875,Merge Q714,jama,3,3.49883222579956,1.0,1,7,True
ID1875,Merge Q714,jama,4,2.62451969992691,0.8136306738607627,4,7,True
ID1875,Merge Q714,jama,5,0.0,0.2541854486807489,7,7,True
ID1875,Merge Q714,jama,6,2.68163013879045,0.8258043917151314,3,7,True
ID1875,Merge Q714,jama,7,0.0407001892398668,0.26286114143123596,5,7,True
ID1875,Merge Q714,jama,8,3.48166706861632,0.9963410580511567,2,7,True
ID1875,Merge Q714,jama,9,0.0,0.2541854486807489,8,7,False
ID1880,Merge Q1216,medbullets,1,-1.02508129281491,0.4511811673605835,11,6,False
ID1880,Merge Q1216,medbullets,2,1.1812759637832642,0.8042978618310183,4,6,True
ID1880,Merge Q1216,medbullets,3,-0.6418200187670038,0.5125202609301304,10,6,False
ID1880,Merge Q1216,medbullets,4,1.823774154492688,0.9071265567887659,3,6,True
ID1880,Merge Q1216,medbullets,5,-0.0,0.6152404177833286,7,6,False
ID1880,Merge Q1216,medbullets,6,0.256401217400926,0.656276179365479,6,6,True
ID1880,Merge Q1216,medbullets,7,0.2887264789641907,0.6614496794761147,5,6,True
ID1880,Merge Q1216,medbullets,8,0.0,0.6152404177833286,8,6,False
ID1880,Merge Q1216,medbullets,9,2.404069559901569,1.0,1,6,True
ID1880,Merge Q1216,medbullets,10,1.9874325455605089,0.9333192823337313,2,6,True
ID1880,Merge Q1216,medbullets,11,-0.0,0.6152404177833286,9,6,False
ID1880,Merge Q1216,medbullets,12,-3.844168745305225,0.0,12,6,False
ID1881,Merge Q3867,mmlu,1,0.0,0.9387515968467265,2,3,True
ID1881,Merge Q3867,mmlu,2,-1.46199027434567,0.0,3,3,True
ID1881,Merge Q3867,mmlu,3,0.0953868627548218,1.0,1,3,True
ID1882,Merge Q1304,medbullets,1,0.7860552333205896,0.4095611630951509,5,7,True
ID1882,Merge Q1304,medbullets,2,1.3598959698087751,0.5181565113342257,3,7,True
ID1882,Merge Q1304,medbullets,3,2.999415904283524,0.8284241987047546,2,7,True
ID1882,Merge Q1304,medbullets,4,0.3824430251357603,0.33318037394168537,6,7,True
ID1882,Merge Q1304,medbullets,5,-0.1392046036210742,0.23446220651143995,8,7,False
ID1882,Merge Q1304,medbullets,6,0.7895353934412869,0.41021975907170655,4,7,True
ID1882,Merge Q1304,medbullets,7,-1.3781523803432278,0.0,9,7,False
ID1882,Merge Q1304,medbullets,8,0.2765342469011699,0.3131378779621461,7,7,True
ID1882,Merge Q1304,medbullets,9,3.906058645205159,1.0,1,7,True
ID1886,Merge Q1731,medxpert,1,26.4016298938482,0.7801499159091381,3,5,True
ID1886,Merge Q1731,medxpert,2,12.8076573887341,0.39080029894034846,4,5,True
ID1886,Merge Q1731,medxpert,3,34.0775999426842,1.0,1,5,True
ID1886,Merge Q1731,medxpert,4,5.69511238025549,0.1870874641760721,5,5,True
ID1886,Merge Q1731,medxpert,5,-0.836965046354414,0.0,6,5,False
ID1886,Merge Q1731,medxpert,6,32.7645277625817,0.962391850492345,2,5,True
ID1887,Merge Q913,jama,1,13.045452070058,0.22502554686218573,3,6,True
ID1887,Merge Q913,jama,2,0.0,0.026409501486796834,8,6,False
ID1887,Merge Q913,jama,3,2.65470626950264,0.06682720859654528,6,6,True
ID1887,Merge Q913,jama,4,0.478761998543018,0.03369861759530507,7,6,False
ID1887,Merge Q913,jama,5,0.0,0.026409501486796834,9,6,False
ID1887,Merge Q913,jama,6,3.3105536657703,0.076812436821438,5,6,True
ID1887,Merge Q913,jama,7,-1.73462262421435,0.0,11,6,False
ID1887,Merge Q913,jama,8,-1.58145011148484,0.00233204020643889,10,6,False
ID1887,Merge Q913,jama,9,10.9133350469577,0.19256422247637275,4,6,True
ID1887,Merge Q913,jama,10,33.8960530443153,0.5424744085012754,2,6,True
ID1887,Merge Q913,jama,11,63.94714062609,1.0,1,6,True
ID1888,Merge Q1640,medxpert,1,19.9709901101874,0.3795245814418496,3,4,True
ID1888,Merge Q1640,medxpert,2,5.86793931362814,0.03597845952476322,4,4,True
ID1888,Merge Q1640,medxpert,3,4.39097302034497,0.0,7,4,False
ID1888,Merge Q1640,medxpert,4,4.77952316150321,0.00946496584964555,6,4,False
ID1888,Merge Q1640,medxpert,5,4.89118400251304,0.012184990718894865,5,4,False
ID1888,Merge Q1640,medxpert,6,42.0168858931295,0.9165560443268722,2,4,True
ID1888,Merge Q1640,medxpert,7,45.442377466013504,1.0,1,4,True
ID1889,Merge Q3831,mmlu,1,-0.473794547348258,0.0,7,4,False
ID1889,Merge Q3831,mmlu,2,0.0,1.0,1,4,True
ID1889,Merge Q3831,mmlu,3,0.0,1.0,2,4,True
ID1889,Merge Q3831,mmlu,4,-0.0825429667709154,0.8257832065968396,3,4,True
ID1889,Merge Q3831,mmlu,5,-0.0908923990888087,0.8081607321200361,5,4,False
ID1889,Merge Q3831,mmlu,6,-0.0930054404480788,0.8037009058702483,6,4,False
ID1889,Merge Q3831,mmlu,7,-0.0882239973137718,0.8137927128804131,4,4,True
ID1890,Merge Q3440,medxpert,1,4.84677245964231,0.6755145322624163,3,3,True
ID1890,Merge Q3440,medxpert,2,6.5396952876548,0.8125552071915163,2,3,True
ID1890,Merge Q3440,medxpert,3,-3.49815121293068,0.0,5,3,False
ID1890,Merge Q3440,medxpert,4,8.85528202058449,1.0,1,3,True
ID1890,Merge Q3440,medxpert,5,2.4724547634337,0.48331551751669966,4,3,False
ID1892,Merge Q1500,medxpert,1,-0.381770754899901,0.0,8,5,False
ID1892,Merge Q1500,medxpert,2,2.80305653392868,1.0,1,5,True
ID1892,Merge Q1500,medxpert,3,-0.0634821206331253,0.09993905647042046,6,5,False
ID1892,Merge Q1500,medxpert,4,-0.340801178451175,0.012863986876913213,7,5,False
ID1892,Merge Q1500,medxpert,5,2.02249265923019,0.7549117098322808,2,5,True
ID1892,Merge Q1500,medxpert,6,-0.0446247651931472,0.10586005429222516,5,5,True
ID1892,Merge Q1500,medxpert,7,0.799436386039265,0.3708857761557389,3,5,True
ID1892,Merge Q1500,medxpert,8,0.0,0.11987172938358018,4,5,True
ID1893,Merge Q52,jama,1,-0.306873419648437,0.2313841990208864,14,10,False
ID1893,Merge Q52,jama,2,-1.5996931962408,0.10479185202566453,16,10,False
ID1893,Merge Q52,jama,3,3.14073210954666,0.5689722243254564,4,10,True
ID1893,Merge Q52,jama,4,3.8451372427560497,0.6379472668356355,3,10,True
ID1893,Merge Q52,jama,5,-0.387954501760233,0.22344477492845854,15,10,False
ID1893,Merge Q52,jama,6,0.0,0.26143311003471775,8,10,True
ID1893,Merge Q52,jama,7,0.0,0.26143311003471775,9,10,True
ID1893,Merge Q52,jama,8,-1.87042334197037,0.07828207458352146,18,10,False
ID1893,Merge Q52,jama,9,1.38405990543694,0.3969596505344866,6,10,True
ID1893,Merge Q52,jama,10,-1.60031265045717,0.1047311953397705,17,10,False
ID1893,Merge Q52,jama,11,5.17095786304188,0.7677710420094933,2,10,True
ID1893,Merge Q52,jama,12,-2.66987620445719,0.0,19,10,False
ID1893,Merge Q52,jama,13,1.97069109050758,0.4544023195617383,5,10,True
ID1893,Merge Q52,jama,14,-0.0974521616839082,0.2518906369919236,13,10,False
ID1893,Merge Q52,jama,15,0.0,0.26143311003471775,10,10,True
ID1893,Merge Q52,jama,16,7.54258771835135,1.0,1,10,True
ID1893,Merge Q52,jama,17,0.435133930295706,0.30404123414508805,7,10,True
ID1893,Merge Q52,jama,18,0.0,0.26143311003471775,11,10,False
ID1893,Merge Q52,jama,19,0.0,0.26143311003471775,12,10,False
ID1895,Merge Q1150,medbullets,1,0.6882518104319101,0.08095976357973009,5,5,True
ID1895,Merge Q1150,medbullets,2,1.426975048840418,0.1476536302980857,4,5,True
ID1895,Merge Q1150,medbullets,3,10.867844223976135,1.0,1,5,True
ID1895,Merge Q1150,medbullets,4,-0.208485201158171,0.0,7,5,False
ID1895,Merge Q1150,medbullets,5,0.2581009386694789,0.04212461745394435,6,5,False
ID1895,Merge Q1150,medbullets,6,4.34364931926712,0.41097861445829054,3,5,True
ID1895,Merge Q1150,medbullets,7,8.38015638316142,0.7754050330816564,2,5,True
ID1896,Merge Q2437,medxpert,1,0.38529669845245,0.09259201647703715,4,3,False
ID1896,Merge Q2437,medxpert,2,8.44733829649545,0.8244936480009608,2,3,True
ID1896,Merge Q2437,medxpert,3,-0.634622722864151,0.0,5,3,False
ID1896,Merge Q2437,medxpert,4,0.488155175447847,0.10192988532991819,3,3,True
ID1896,Merge Q2437,medxpert,5,10.3805755644476,1.0,1,3,True
ID1898,Merge Q1085,medbullets,1,0.0514650261834166,0.5348491814795239,4,6,True
ID1898,Merge Q1085,medbullets,2,-0.0,0.47399445137042,5,6,True
ID1898,Merge Q1085,medbullets,3,-0.0,0.47399445137042,6,6,True
ID1898,Merge Q1085,medbullets,4,0.1897096628761947,0.6983163101075665,2,6,True
ID1898,Merge Q1085,medbullets,5,-0.4008585167798396,0.0,8,6,False
ID1898,Merge Q1085,medbullets,6,0.1606230019686981,0.6639228388404501,3,6,True
ID1898,Merge Q1085,medbullets,7,-0.0,0.47399445137042,7,6,False
ID1898,Merge Q1085,medbullets,8,0.4448444563686252,1.0,1,6,True
ID1900,Merge Q107,jama,1,-0.443960786021619,0.06184355110237294,13,3,False
ID1900,Merge Q107,jama,2,0.0,0.19914708983742055,4,3,False
ID1900,Merge Q107,jama,3,0.0,0.19914708983742055,5,3,False
ID1900,Merge Q107,jama,4,0.0762890610758586,0.22274097105912713,3,3,True
ID1900,Merge Q107,jama,5,0.0,0.19914708983742055,6,3,False
ID1900,Merge Q107,jama,6,0.216095171236645,0.2659787394978088,2,3,True
ID1900,Merge Q107,jama,7,0.0,0.19914708983742055,7,3,False
ID1900,Merge Q107,jama,8,0.0,0.19914708983742055,8,3,False
ID1900,Merge Q107,jama,9,0.0,0.19914708983742055,9,3,False
ID1900,Merge Q107,jama,10,0.0,0.19914708983742055,10,3,False
ID1900,Merge Q107,jama,11,0.0,0.19914708983742055,11,3,False
ID1900,Merge Q107,jama,12,-0.0322335696247422,0.1891782292648471,12,3,False
ID1900,Merge Q107,jama,13,-0.64392731136194,0.0,15,3,False
ID1900,Merge Q107,jama,14,-0.509610663906354,0.04154004494843321,14,3,False
ID1900,Merge Q107,jama,15,2.58949835349527,1.0,1,3,True
ID1902,Merge Q624,jama,1,0.757379276545769,0.4491550223239523,2,7,True
ID1902,Merge Q624,jama,2,-0.0673158781242381,0.2631149021135377,9,7,False
ID1902,Merge Q624,jama,3,0.187857393175364,0.3206785555414014,4,7,True
ID1902,Merge Q624,jama,4,0.0,0.27830045763352135,5,7,True
ID1902,Merge Q624,jama,5,-0.195709954678762,0.23415092760580983,10,7,False
ID1902,Merge Q624,jama,6,0.0,0.27830045763352135,6,7,True
ID1902,Merge Q624,jama,7,-1.23367496587955,0.0,12,7,False
ID1902,Merge Q624,jama,8,0.0,0.27830045763352135,7,7,True
ID1902,Merge Q624,jama,9,-0.415918417112942,0.18447486416513376,11,7,False
ID1902,Merge Q624,jama,10,0.0,0.27830045763352135,8,7,False
ID1902,Merge Q624,jama,11,0.589761348943549,0.4113426752718887,3,7,True
ID1902,Merge Q624,jama,12,3.19921377735101,1.0,1,7,True
ID1904,Merge Q227,jama,1,4.18897416939958,1.0,1,2,True
ID1904,Merge Q227,jama,2,2.14914502749158,0.661136723437741,3,2,False
ID1904,Merge Q227,jama,3,2.89960983395576,0.785806460739976,2,2,True
ID1904,Merge Q227,jama,4,-0.948292723618036,0.14657994820368106,6,2,False
ID1904,Merge Q227,jama,5,-1.53511838199512,0.04909449646508036,7,2,False
ID1904,Merge Q227,jama,6,0.134164598927279,0.32640139869703777,5,2,False
ID1904,Merge Q227,jama,7,0.31329265870583,0.356158754356749,4,2,False
ID1904,Merge Q227,jama,8,-1.83064873752,0.0,8,2,False
ID1905,Merge Q3462,medxpert,1,3.21242661039738,0.678610892368029,4,7,True
ID1905,Merge Q3462,medxpert,2,5.93003837049526,1.0,1,7,True
ID1905,Merge Q3462,medxpert,3,1.47842060029507,0.4735445718590302,5,7,True
ID1905,Merge Q3462,medxpert,4,0.0,0.29870419016431676,7,7,True
ID1905,Merge Q3462,medxpert,5,-2.52579194722002,0.0,8,7,False
ID1905,Merge Q3462,medxpert,6,3.7409261591337,0.741112093181992,3,7,True
ID1905,Merge Q3462,medxpert,7,0.132213280884582,0.3143399439480215,6,7,True
ID1905,Merge Q3462,medxpert,8,5.72780628449521,0.9760837104812325,2,7,True
ID1908,Merge Q3977,mmlu,1,3.02394048400407,0.6669479636837651,2,5,True
ID1908,Merge Q3977,mmlu,2,-0.342213589828437,0.4003647068857894,4,5,True
ID1908,Merge Q3977,mmlu,3,7.22939765453339,1.0,1,5,True
ID1908,Merge Q3977,mmlu,4,-0.493944533484002,0.3883483439298663,5,5,True
ID1908,Merge Q3977,mmlu,5,2.46038571608857,0.6223171291706279,3,5,True
ID1908,Merge Q3977,mmlu,6,-0.684749506785488,0.373237505245632,6,5,False
ID1908,Merge Q3977,mmlu,7,-1.49585392878074,0.30900192550802646,7,5,False
ID1908,Merge Q3977,mmlu,8,-5.39762969243714,0.0,9,5,False
ID1908,Merge Q3977,mmlu,9,-3.07983331248526,0.1835583559188192,8,5,False
ID1909,Merge Q154,jama,1,5.93599537324242,1.0,1,1,True
ID1909,Merge Q154,jama,2,0.0556278659396215,0.32054080359356457,5,1,False
ID1909,Merge Q154,jama,3,0.130050793290138,0.32914015428873744,4,1,False
ID1909,Merge Q154,jama,4,-2.71848680670781,0.0,8,1,False
ID1909,Merge Q154,jama,5,-0.223317668048076,0.28830946632951326,6,1,False
ID1909,Merge Q154,jama,6,1.39193647698765,0.4749473392201378,3,1,False
ID1909,Merge Q154,jama,7,-1.05719827936031,0.19195701057611436,7,1,False
ID1909,Merge Q154,jama,8,1.68171070818066,0.5084299006452833,2,1,False
ID1910,Merge Q3105,medxpert,1,-3.63550521929976,0.0,8,6,False
ID1910,Merge Q3105,medxpert,2,15.7187416380975,1.0,1,6,True
ID1910,Merge Q3105,medxpert,3,-0.841438740491867,0.14436451593258412,6,6,True
ID1910,Merge Q3105,medxpert,4,1.11198516625012,0.24529450412250853,2,6,True
ID1910,Merge Q3105,medxpert,5,-0.649014351610151,0.15430674671529063,5,6,True
ID1910,Merge Q3105,medxpert,6,-0.216561044041468,0.17665085086747045,4,6,True
ID1910,Merge Q3105,medxpert,7,0.245290585425382,0.20051391476604466,3,6,True
ID1910,Merge Q3105,medxpert,8,-0.994483771401201,0.13645694752979506,7,6,False
ID1911,Merge Q3878,mmlu,1,0.408315527458846,0.4088154693163858,3,3,True
ID1911,Merge Q3878,mmlu,2,0.0,0.051769537915890285,5,3,False
ID1911,Merge Q3878,mmlu,3,0.0,0.051769537915890285,6,3,False
ID1911,Merge Q3878,mmlu,4,-0.0592033246185259,0.0,7,3,False
ID1911,Merge Q3878,mmlu,5,0.0249842810335887,0.07361670093593613,4,3,False
ID1911,Merge Q3878,mmlu,6,0.981412082392621,0.909951917670946,2,3,True
ID1911,Merge Q3878,mmlu,7,1.08439051457535,1.0,1,3,True
ID1912,Merge Q3804,mmlu,1,4.22220446154378,1.0,1,2,True
ID1912,Merge Q3804,mmlu,2,3.21065223780615,0.8516375709756566,2,2,True
ID1912,Merge Q3804,mmlu,3,-2.59591135382652,0.0,12,2,False
ID1912,Merge Q3804,mmlu,4,0.0,0.38073735092244587,6,2,False
ID1912,Merge Q3804,mmlu,5,0.710343436741243,0.48492206352880746,4,2,False
ID1912,Merge Q3804,mmlu,6,1.84879895018877,0.6518971552221855,3,2,False
ID1912,Merge Q3804,mmlu,7,0.0,0.38073735092244587,7,2,False
ID1912,Merge Q3804,mmlu,8,0.10628332652824,0.39632572304845787,5,2,False
ID1912,Merge Q3804,mmlu,9,0.0,0.38073735092244587,8,2,False
ID1912,Merge Q3804,mmlu,10,-1.56944852701742,0.1505493386450127,10,2,False
ID1912,Merge Q3804,mmlu,11,-1.80320322376646,0.11626498456846869,11,2,False
ID1912,Merge Q3804,mmlu,12,0.0,0.38073735092244587,9,2,False
ID1913,Merge Q2115,medxpert,1,1.15528845397954,0.3235001048122064,3,6,True
ID1913,Merge Q2115,medxpert,2,0.99033328854511,0.3136509980314902,4,6,True
ID1913,Merge Q2115,medxpert,3,-0.62835156917572,0.21700291813636194,6,6,True
ID1913,Merge Q2115,medxpert,4,1.62610867335392,0.3516117350417053,2,6,True
ID1913,Merge Q2115,medxpert,5,0.0905299996888134,0.2599257409275648,5,6,True
ID1913,Merge Q2115,medxpert,6,-4.262767669834,0.0,8,6,False
ID1913,Merge Q2115,medxpert,7,12.48546839939,1.0,1,6,True
ID1913,Merge Q2115,medxpert,8,-1.83712093448496,0.14482998241267495,7,6,False
ID1915,Merge Q1473,medxpert,1,34.5241606835351,0.7312583081530367,2,5,True
ID1915,Merge Q1473,medxpert,2,47.2119910278133,1.0,1,5,True
ID1915,Merge Q1473,medxpert,3,0.0,0.0,5,5,True
ID1915,Merge Q1473,medxpert,4,1.00042250257915,0.021190008741418805,4,5,True
ID1915,Merge Q1473,medxpert,5,3.68503083772337,0.07805285812988617,3,5,True
ID1917,Merge Q597,jama,1,0.137590694027025,0.8644279311325355,2,5,True
ID1917,Merge Q597,jama,2,0.0,0.7130602902306225,4,5,True
ID1917,Merge Q597,jama,3,0.0,0.7130602902306225,5,5,True
ID1917,Merge Q597,jama,4,0.0081025678573457,0.7219741676587949,3,5,True
ID1917,Merge Q597,jama,5,0.0,0.7130602902306225,6,5,False
ID1917,Merge Q597,jama,6,0.0,0.7130602902306225,7,5,False
ID1917,Merge Q597,jama,7,-0.386994989173411,0.28731551899969304,15,5,False
ID1917,Merge Q597,jama,8,0.0,0.7130602902306225,8,5,False
ID1917,Merge Q597,jama,9,0.0,0.7130602902306225,9,5,False
ID1917,Merge Q597,jama,10,0.0,0.7130602902306225,10,5,False
ID1917,Merge Q597,jama,11,0.0,0.7130602902306225,11,5,False
ID1917,Merge Q597,jama,12,0.0,0.7130602902306225,12,5,False
ID1917,Merge Q597,jama,13,0.0,0.7130602902306225,13,5,False
ID1917,Merge Q597,jama,14,0.260823473074177,1.0,1,5,True
ID1917,Merge Q597,jama,15,0.0,0.7130602902306225,14,5,False
ID1917,Merge Q597,jama,16,-0.648160066652022,0.0,16,5,False
ID1918,Merge Q890,jama,1,-0.378437353882045,0.5803126971769413,10,4,False
ID1918,Merge Q890,jama,2,1.96351469487022,0.822886802242865,4,4,True
ID1918,Merge Q890,jama,3,-2.31902155280113,0.3793113677053727,11,4,False
ID1918,Merge Q890,jama,4,3.67346892199459,1.0,1,4,True
ID1918,Merge Q890,jama,5,2.16657526226832,0.8439193573018021,2,4,True
ID1918,Merge Q890,jama,6,-5.98111497563867,0.0,12,4,False
ID1918,Merge Q890,jama,7,0.620110581204337,0.6837400375650825,6,4,False
ID1918,Merge Q890,jama,8,2.10858441849745,0.8379127966477397,3,4,True
ID1918,Merge Q890,jama,9,0.190238011071941,0.6392148074059893,9,4,False
ID1918,Merge Q890,jama,10,0.320492793250127,0.6527063036278117,8,4,False
ID1918,Merge Q890,jama,11,0.706752271702398,0.6927141882293386,5,4,False
ID1918,Merge Q890,jama,12,0.594271866336671,0.6810637218230856,7,4,False
ID1919,Merge Q1041,medbullets,1,0.0,0.6676518911872271,4,2,False
ID1919,Merge Q1041,medbullets,2,2.577686684414662,1.0,1,2,True
ID1919,Merge Q1041,medbullets,3,-0.1210824586451053,0.6520404026442588,6,2,False
ID1919,Merge Q1041,medbullets,4,-0.0,0.6676518911872271,5,2,False
ID1919,Merge Q1041,medbullets,5,2.5692436677153445,0.9989114190449683,2,2,True
ID1919,Merge Q1041,medbullets,6,-5.178297526305768,0.0,7,2,False
ID1919,Merge Q1041,medbullets,7,2.258881516592441,0.958895588340476,3,2,False
ID1923,Merge Q1743,medxpert,1,2.45617976423432,0.39424753889897496,3,4,True
ID1923,Merge Q1743,medxpert,2,0.0131892477364601,0.16005971600768512,4,4,True
ID1923,Merge Q1743,medxpert,3,-1.65651485323906,0.0,5,4,False
ID1923,Merge Q1743,medxpert,4,8.77524238476173,1.0,1,4,True
ID1923,Merge Q1743,medxpert,5,3.7156704951730704,0.5149837391578037,2,4,True
ID1924,Merge Q1871,medxpert,1,7.07459290153671,1.0,1,3,True
ID1924,Merge Q1871,medxpert,2,1.20783473879737,0.39217620102522516,4,3,False
ID1924,Merge Q1871,medxpert,3,-2.57747760415077,0.0,9,3,False
ID1924,Merge Q1871,medxpert,4,-1.54772776137537,0.10668693749891489,7,3,False
ID1924,Merge Q1871,medxpert,5,-1.13766562225582,0.14917130796408307,6,3,False
ID1924,Merge Q1871,medxpert,6,-1.61738214040732,0.09947041551112933,8,3,False
ID1924,Merge Q1871,medxpert,7,0.0232603684230859,0.2694487126924085,5,3,False
ID1924,Merge Q1871,medxpert,8,1.66142491089023,0.43917028087841126,3,3,True
ID1924,Merge Q1871,medxpert,9,6.26919214148007,0.9165566849535487,2,3,True
ID1925,Merge Q214,jama,1,0.391722721687811,0.6925676584043896,4,10,True
ID1925,Merge Q214,jama,2,1.14786104346171,1.0,1,10,True
ID1925,Merge Q214,jama,3,-0.162965755909681,0.46704122678029175,11,10,False
ID1925,Merge Q214,jama,4,0.280602026464987,0.647387967667461,6,10,True
ID1925,Merge Q214,jama,5,0.0375098823758614,0.5485510420299788,8,10,True
ID1925,Merge Q214,jama,6,-1.31166653209996,0.0,14,10,False
ID1925,Merge Q214,jama,7,0.657554442792391,0.8006500900656298,2,10,True
ID1925,Merge Q214,jama,8,-0.501457491459643,0.32941653051208164,13,10,False
ID1925,Merge Q214,jama,9,-0.173996888289344,0.4625561653037423,12,10,False
ID1925,Merge Q214,jama,10,0.307831787157326,0.6584591022068331,5,10,True
ID1925,Merge Q214,jama,11,0.2656252897452,0.641298693910745,7,10,True
ID1925,Merge Q214,jama,12,0.0,0.5333001935546184,9,10,True
ID1925,Merge Q214,jama,13,0.547570070755174,0.755932408048139,3,10,True
ID1925,Merge Q214,jama,14,0.0,0.5333001935546184,10,10,True
ID1927,Merge Q1217,medbullets,1,-0.0,1.0,1,2,True
ID1927,Merge Q1217,medbullets,2,-0.2154326523539252,0.660236064892018,6,2,False
ID1927,Merge Q1217,medbullets,3,-0.0,1.0,2,2,True
ID1927,Merge Q1217,medbullets,4,-0.6340656852984042,0.0,9,2,False
ID1927,Merge Q1217,medbullets,5,-0.0,1.0,3,2,False
ID1927,Merge Q1217,medbullets,6,-0.3360783649065667,0.469962856058988,8,2,False
ID1927,Merge Q1217,medbullets,7,-0.0,1.0,4,2,False
ID1927,Merge Q1217,medbullets,8,0.0,1.0,5,2,False
ID1927,Merge Q1217,medbullets,9,-0.2429078379976772,0.6169042993024297,7,2,False
ID1928,Merge Q435,jama,1,-2.53514247893987,0.21174351039393927,10,5,False
ID1928,Merge Q435,jama,2,-0.0567374186746656,0.3351847100508904,5,5,True
ID1928,Merge Q435,jama,3,-6.78644746541977,0.0,12,5,False
ID1928,Merge Q435,jama,4,-3.40620441803262,0.16835878185985,11,5,False
ID1928,Merge Q435,jama,5,-1.03758056783748,0.28633214073157026,7,5,False
ID1928,Merge Q435,jama,6,-0.812881568132024,0.2975236584257725,6,5,False
ID1928,Merge Q435,jama,7,0.0,0.3380106141530592,4,5,True
ID1928,Merge Q435,jama,8,-1.45667845091222,0.2654582544206302,9,5,False
ID1928,Merge Q435,jama,9,2.82853483756369,0.47889062574526403,2,5,True
ID1928,Merge Q435,jama,10,-1.0995544697038,0.28324542463481484,8,5,False
ID1928,Merge Q435,jama,11,2.06521389333009,0.44087212159106837,3,5,True
ID1928,Merge Q435,jama,12,13.2911689799227,1.0,1,5,True
ID1929,Merge Q1848,medxpert,1,0.817761912459718,0.5343022385212556,4,3,False
ID1929,Merge Q1848,medxpert,2,1.42022257384081,0.8038349759399714,2,3,True
ID1929,Merge Q1848,medxpert,3,0.587542466819286,0.4313051776870485,5,3,False
ID1929,Merge Q1848,medxpert,4,-0.37651260528412,0.0,8,3,False
ID1929,Merge Q1848,medxpert,5,-0.328749541172625,0.021368547762047982,7,3,False
ID1929,Merge Q1848,medxpert,6,1.85869142651843,1.0,1,3,True
ID1929,Merge Q1848,medxpert,7,0.391465652124031,0.343583067353733,6,3,False
ID1929,Merge Q1848,medxpert,8,1.04908059916906,0.6377910849165432,3,3,True
ID1931,Merge Q30,jama,1,-1.57118371313099,0.0595692379111465,5,2,False
ID1931,Merge Q30,jama,2,1.22527785243554,0.20973675818395562,2,2,True
ID1931,Merge Q30,jama,3,0.0,0.14394041790485637,3,2,False
ID1931,Merge Q30,jama,4,-2.6804987235006,0.0,6,2,False
ID1931,Merge Q30,jama,5,15.9417809844296,1.0,1,2,True
ID1931,Merge Q30,jama,6,0.0,0.14394041790485637,4,2,False
ID1934,Merge Q821,jama,1,0.899676260242197,0.7753234483186384,2,4,True
ID1934,Merge Q821,jama,2,1.60983326327182,1.0,1,4,True
ID1934,Merge Q821,jama,3,0.875451430678368,0.7676592963800526,3,4,True
ID1934,Merge Q821,jama,4,-1.55096388140207,0.0,9,4,False
ID1934,Merge Q821,jama,5,0.0,0.49068757354945286,4,4,True
ID1934,Merge Q821,jama,6,0.0,0.49068757354945286,5,4,False
ID1934,Merge Q821,jama,7,0.0,0.49068757354945286,6,4,False
ID1934,Merge Q821,jama,8,0.0,0.49068757354945286,7,4,False
ID1934,Merge Q821,jama,9,0.0,0.49068757354945286,8,4,False
ID1937,Merge Q26,jama,1,-2.30731005077426,0.16886647270494717,11,7,False
ID1937,Merge Q26,jama,2,1.27002532244606,0.3459294120896877,3,7,True
ID1937,Merge Q26,jama,3,-2.46545433998108,0.1610390006419454,12,7,False
ID1937,Merge Q26,jama,4,14.484704005885,1.0,1,7,True
ID1937,Merge Q26,jama,5,0.0,0.28306854129497655,5,7,True
ID1937,Merge Q26,jama,6,5.23911903264233,0.5423827287906584,2,7,True
ID1937,Merge Q26,jama,7,-1.78406519319094,0.19476487552040686,9,7,False
ID1937,Merge Q26,jama,8,0.0,0.28306854129497655,6,7,True
ID1937,Merge Q26,jama,9,-2.05564809197483,0.18132267306287883,10,7,False
ID1937,Merge Q26,jama,10,0.0,0.28306854129497655,7,7,True
ID1937,Merge Q26,jama,11,0.427798448301009,0.3042427513753191,4,7,True
ID1937,Merge Q26,jama,12,-1.37512556801955,0.2150056537839663,8,7,False
ID1937,Merge Q26,jama,13,-5.71904605977453,0.0,13,7,False
ID1938,Merge Q1325,medbullets,1,0.1268900588015205,0.5384545450305255,4,6,True
ID1938,Merge Q1325,medbullets,2,0.7746048024924441,0.803887073547263,3,6,True
ID1938,Merge Q1325,medbullets,3,-1.1870594769716265,0.0,10,6,False
ID1938,Merge Q1325,medbullets,4,0.0,0.48645518963620576,6,6,True
ID1938,Merge Q1325,medbullets,5,0.0972479022853127,0.5263072338392577,5,6,True
ID1938,Merge Q1325,medbullets,6,1.2319934593817552,0.9913242577329864,2,6,True
ID1938,Merge Q1325,medbullets,7,0.0,0.48645518963620576,7,6,False
ID1938,Merge Q1325,medbullets,8,-0.9132656327059686,0.11220030589643312,9,6,False
ID1938,Merge Q1325,medbullets,9,0.0,0.48645518963620576,8,6,False
ID1938,Merge Q1325,medbullets,10,1.2531642111739676,1.0,1,6,True
ID1940,Merge Q799,jama,1,-2.25168337200585,0.0,8,3,False
ID1940,Merge Q799,jama,2,0.549271334510173,0.3579056043129048,5,3,False
ID1940,Merge Q799,jama,3,0.925742581486702,0.40601104808966826,3,3,True
ID1940,Merge Q799,jama,4,0.845545135539173,0.3957634295582339,4,3,False
ID1940,Merge Q799,jama,5,0.198465074838422,0.3130796290579388,6,3,False
ID1940,Merge Q799,jama,6,-0.312288913959513,0.24781555513675424,7,3,False
ID1940,Merge Q799,jama,7,1.09154516779362,0.4271972795952224,2,3,True
ID1940,Merge Q799,jama,8,5.57427596689079,1.0,1,3,True
ID1941,Merge Q1877,medxpert,1,6.30189166703687,0.5786225760871444,2,6,True
ID1941,Merge Q1877,medxpert,2,3.98440135204684,0.36803544982845937,3,6,True
ID1941,Merge Q1877,medxpert,3,-0.0657920558005571,0.0,8,6,False
ID1941,Merge Q1877,medxpert,4,0.86118836483745,0.08423342337940463,6,6,True
ID1941,Merge Q1877,medxpert,5,2.91891419894895,0.27121611203657847,4,6,True
ID1941,Merge Q1877,medxpert,6,0.0579670504841761,0.011245818104295834,7,6,False
ID1941,Merge Q1877,medxpert,7,1.88630369785685,0.17738422995146969,5,6,True
ID1941,Merge Q1877,medxpert,8,10.9391081779546,1.0,1,6,True
ID1944,Merge Q3506,medxpert,1,0.0,0.11208146504101356,5,5,True
ID1944,Merge Q3506,medxpert,2,2.7962155518109,0.1402163035819748,2,5,True
ID1944,Merge Q3506,medxpert,3,-11.1393543332815,0.0,7,5,False
ID1944,Merge Q3506,medxpert,4,1.44948048977167,0.126665784022284,3,5,True
ID1944,Merge Q3506,medxpert,5,0.556157371064461,0.11767738479338402,4,5,True
ID1944,Merge Q3506,medxpert,6,-4.33177292285351,0.0684962229441864,6,5,False
ID1944,Merge Q3506,medxpert,7,88.2468762910712,1.0,1,5,True
ID1945,Merge Q1161,medbullets,1,1.2363776045620392,0.639210500862429,2,6,True
ID1945,Merge Q1161,medbullets,2,-0.7953983763801675,0.34235350510972706,8,6,False
ID1945,Merge Q1161,medbullets,3,0.0697326064109802,0.4687553264192132,3,6,True
ID1945,Merge Q1161,medbullets,4,3.705726311218596,1.0,1,6,True
ID1945,Merge Q1161,medbullets,5,-0.4940649827157261,0.38638046812250465,6,6,True
ID1945,Merge Q1161,medbullets,6,-0.5702454204755139,0.3752499615604529,7,6,False
ID1945,Merge Q1161,medbullets,7,-0.1505262511941668,0.4365739327174013,4,6,True
ID1945,Merge Q1161,medbullets,8,-3.138565755372237,0.0,9,6,False
ID1945,Merge Q1161,medbullets,9,-0.1622433965938547,0.43486197400995763,5,6,True
ID1946,Merge Q2255,medxpert,1,13.4568641220191,0.3233702432003663,4,5,True
ID1946,Merge Q2255,medxpert,2,41.6144169260527,1.0,1,5,True
ID1946,Merge Q2255,medxpert,3,34.672126069665,0.8331758229672208,2,5,True
ID1946,Merge Q2255,medxpert,4,0.0,0.0,6,5,False
ID1946,Merge Q2255,medxpert,5,20.9850662547056,0.5042739465026098,3,5,True
ID1946,Merge Q2255,medxpert,6,6.60124503275541,0.1586288003142176,5,5,True
ID1946,Merge Q2255,medxpert,7,0.0,0.0,7,5,False
ID1946,Merge Q2255,medxpert,8,0.0,0.0,8,5,False
ID1947,Merge Q1480,medxpert,1,1.99105632111077,0.44725665619646576,2,6,True
ID1947,Merge Q1480,medxpert,2,1.35842780871603,0.30514751037864923,4,6,True
ID1947,Merge Q1480,medxpert,3,0.0,0.0,6,6,True
ID1947,Merge Q1480,medxpert,4,1.97310810850318,0.44322489804353943,3,6,True
ID1947,Merge Q1480,medxpert,5,0.0,0.0,7,6,False
ID1947,Merge Q1480,medxpert,6,0.0295469572138602,0.0066372172118560335,5,6,True
ID1947,Merge Q1480,medxpert,7,4.45170864094678,1.0,1,6,True
ID1948,Merge Q3427,medxpert,1,0.970518629586648,0.6568696550758337,2,4,True
ID1948,Merge Q3427,medxpert,2,-0.396282928728498,0.0,6,4,False
ID1948,Merge Q3427,medxpert,3,-0.321096394211054,0.03613381378910696,5,4,False
ID1948,Merge Q3427,medxpert,4,0.746082734425304,0.5490082554861239,3,4,True
ID1948,Merge Q3427,medxpert,5,1.68449755451266,1.0,1,4,True
ID1948,Merge Q3427,medxpert,6,0.0324348870379755,0.2060370227515182,4,4,True
ID1955,Merge Q1083,medbullets,1,0.6282913816091326,0.3593175666803879,3,6,True
ID1955,Merge Q1083,medbullets,2,0.962130602839799,0.5149983674706371,2,6,True
ID1955,Merge Q1083,medbullets,3,2.0021597295999527,1.0,1,6,True
ID1955,Merge Q1083,medbullets,4,-0.1422230044049447,0.0,9,6,False
ID1955,Merge Q1083,medbullets,5,0.0494388745691543,0.08937857777662057,6,6,True
ID1955,Merge Q1083,medbullets,6,-0.0,0.06632351685621242,7,6,False
ID1955,Merge Q1083,medbullets,7,0.4861900654120409,0.2930507972535981,4,6,True
ID1955,Merge Q1083,medbullets,8,0.0941535863543451,0.11023059783634219,5,6,True
ID1955,Merge Q1083,medbullets,9,0.0,0.06632351685621242,8,6,False
ID1956,Merge Q738,jama,1,0.673928792666533,0.8878662240448748,2,1,False
ID1956,Merge Q738,jama,2,0.974191534123139,1.0,1,1,True
ID1956,Merge Q738,jama,3,0.564696326851845,0.8470731213466491,3,1,False
ID1956,Merge Q738,jama,4,0.47484769461711,0.8135189535934042,4,1,False
ID1956,Merge Q738,jama,5,-0.624905041885659,0.40281389454144895,5,1,False
ID1956,Merge Q738,jama,6,-1.70352745731409,0.0,6,1,False
ID1957,Merge Q1645,medxpert,1,6.72294952601108,0.12986039072995165,3,3,True
ID1957,Merge Q1645,medxpert,2,32.8746496031689,0.6350062314257403,2,3,True
ID1957,Merge Q1645,medxpert,3,0.0,0.0,4,3,False
ID1957,Merge Q1645,medxpert,4,51.77059369851769,1.0,1,3,True
ID1957,Merge Q1645,medxpert,5,0.0,0.0,5,3,False
ID1959,Merge Q930,jama,1,1.48441613061576,0.6496875289789146,3,13,True
ID1959,Merge Q930,jama,2,2.68631582423094,1.0,1,13,True
ID1959,Merge Q930,jama,3,-0.744620248675346,0.0,18,13,False
ID1959,Merge Q930,jama,4,0.82256383072402,0.45678032061723367,4,13,True
ID1959,Merge Q930,jama,5,1.90511734485524,0.7723074802982381,2,13,True
ID1959,Merge Q930,jama,6,0.0,0.2170312220491451,11,13,True
ID1959,Merge Q930,jama,7,-0.379708595720038,0.10635921078127164,17,13,False
ID1959,Merge Q930,jama,8,0.439569580463521,0.34515065392511396,7,13,True
ID1959,Merge Q930,jama,9,-0.207587906259241,0.15652647878139983,16,13,False
ID1959,Merge Q930,jama,10,0.122626304552349,0.2527725771623211,10,13,True
ID1959,Merge Q930,jama,11,0.0,0.2170312220491451,12,13,True
ID1959,Merge Q930,jama,12,0.0,0.2170312220491451,13,13,True
ID1959,Merge Q930,jama,13,0.2223049955688,0.28182549126456924,8,13,True
ID1959,Merge Q930,jama,14,-0.143529188830467,0.17519739425972614,15,13,False
ID1959,Merge Q930,jama,15,0.0,0.2170312220491451,14,13,False
ID1959,Merge Q930,jama,16,0.191874466340005,0.2729560373947926,9,13,True
ID1959,Merge Q930,jama,17,0.470506225297952,0.35416762310700406,6,13,True
ID1959,Merge Q930,jama,18,0.630120232701302,0.40068962293783844,5,13,True
ID1963,Merge Q1091,medbullets,1,3.306259631791928,1.0,1,4,True
ID1963,Merge Q1091,medbullets,2,-0.5214229012327879,0.21901956475038636,10,4,False
ID1963,Merge Q1091,medbullets,3,1.9230041205883024,0.7177677401716067,3,4,True
ID1963,Merge Q1091,medbullets,4,-0.259488070095549,0.2724633853033262,9,4,False
ID1963,Merge Q1091,medbullets,5,-1.5948651086778234,0.0,11,4,False
ID1963,Merge Q1091,medbullets,6,-0.0500137389285392,0.31520343830326936,8,4,False
ID1963,Merge Q1091,medbullets,7,0.0,0.32540798145957056,6,4,False
ID1963,Merge Q1091,medbullets,8,2.470104715379414,0.8293952999179587,2,4,True
ID1963,Merge Q1091,medbullets,9,1.917696531229646,0.7166848072450417,4,4,True
ID1963,Merge Q1091,medbullets,10,1.5886753905907651,0.6495530450350178,5,4,False
ID1963,Merge Q1091,medbullets,11,0.0,0.32540798145957056,7,4,False
ID1966,Merge Q785,jama,1,4.74422121961769,0.4116320126048895,3,8,True
ID1966,Merge Q785,jama,2,0.0,0.18007232226850567,5,8,True
ID1966,Merge Q785,jama,3,0.736652612686157,0.21602744387492195,4,8,True
ID1966,Merge Q785,jama,4,-2.07150759537662,0.0789645460688259,8,8,True
ID1966,Merge Q785,jama,5,-1.78233819626995,0.09307855412456631,7,8,True
ID1966,Merge Q785,jama,6,-2.21410707873188,0.07200443803859091,9,8,False
ID1966,Merge Q785,jama,7,-1.77762393085726,0.09330865170825656,6,8,True
ID1966,Merge Q785,jama,8,16.7987713301688,1.0,1,8,True
ID1966,Merge Q785,jama,9,7.28972390154978,0.5358749147573587,2,8,True
ID1966,Merge Q785,jama,10,-3.6893421783862497,0.0,10,8,False
ID1969,Merge Q3819,mmlu,1,18.0877489466991,1.0,1,4,True
ID1969,Merge Q3819,mmlu,2,2.18295089460083,0.2834458769614414,3,4,True
ID1969,Merge Q3819,mmlu,3,-2.82110050320625,0.05799984179330057,6,4,False
ID1969,Merge Q3819,mmlu,4,-2.83390387024896,0.05742301551652685,7,4,False
ID1969,Merge Q3819,mmlu,5,-4.10847816403712,0.0,8,4,False
ID1969,Merge Q3819,mmlu,6,-0.069353319940382,0.18197348693296755,4,4,True
ID1969,Merge Q3819,mmlu,7,-0.713924984824127,0.15293379195832169,5,4,False
ID1969,Merge Q3819,mmlu,8,12.7082647607969,0.7576397034025586,2,4,True
ID1970,Merge Q917,jama,1,2.24313783786508,0.3578081568989813,3,5,True
ID1970,Merge Q917,jama,2,0.0,0.002636834551720024,6,5,False
ID1970,Merge Q917,jama,3,2.21627376973629,0.3535545856561146,4,5,True
ID1970,Merge Q917,jama,4,0.0,0.002636834551720024,7,5,False
ID1970,Merge Q917,jama,5,-0.0166533246999321,0.0,8,5,False
ID1970,Merge Q917,jama,6,4.60022352991645,0.7310216206460313,2,5,True
ID1970,Merge Q917,jama,7,6.29899688895076,1.0,1,5,True
ID1970,Merge Q917,jama,8,1.97018100773842,0.31458903916876113,5,5,True
ID1972,Merge Q4051,mmlu,1,-3.21318550975363,0.0,8,1,False
ID1972,Merge Q4051,mmlu,2,-0.280968758038712,0.18353711514883275,3,1,False
ID1972,Merge Q4051,mmlu,3,-2.02739006280899,0.07422284705302018,6,1,False
ID1972,Merge Q4051,mmlu,4,-2.70550015336479,0.03177770049244095,7,1,False
ID1972,Merge Q4051,mmlu,5,2.61068315616973,0.36453514336008985,2,1,False
ID1972,Merge Q4051,mmlu,6,12.7629659587771,1.0,1,1,True
ID1972,Merge Q4051,mmlu,7,-0.356056239480837,0.17883714209274162,4,1,False
ID1972,Merge Q4051,mmlu,8,-0.635484467252306,0.16134680793298625,5,1,False
ID1974,Merge Q1060,medbullets,1,0.0,0.9702761188079677,2,6,True
ID1974,Merge Q1060,medbullets,2,0.0,0.9702761188079677,3,6,True
ID1974,Merge Q1060,medbullets,3,0.0073668882250785,1.0,1,6,True
ID1974,Merge Q1060,medbullets,4,-0.0,0.9702761188079677,4,6,True
ID1974,Merge Q1060,medbullets,5,-0.1280576935165665,0.4535896222144142,8,6,False
ID1974,Merge Q1060,medbullets,6,-0.1828406962712886,0.23255145583083403,9,6,False
ID1974,Merge Q1060,medbullets,7,-0.0,0.9702761188079677,5,6,True
ID1974,Merge Q1060,medbullets,8,-0.0,0.9702761188079677,6,6,True
ID1974,Merge Q1060,medbullets,9,-0.2404771997486428,0.0,10,6,False
ID1974,Merge Q1060,medbullets,10,0.0,0.9702761188079677,7,6,False
ID1975,Merge Q2435,medxpert,1,1.10496564743488,0.46178650723838616,3,5,True
ID1975,Merge Q2435,medxpert,2,0.0250848981727189,0.15009981667371472,5,5,True
ID1975,Merge Q2435,medxpert,3,-0.494956243783236,0.0,7,5,False
ID1975,Merge Q2435,medxpert,4,0.150807589668958,0.18638723976938545,4,5,True
ID1975,Merge Q2435,medxpert,5,0.0,0.1428595460235076,6,5,False
ID1975,Merge Q2435,medxpert,6,2.9696791800322,1.0,1,5,True
ID1975,Merge Q2435,medxpert,7,2.47628186581785,0.857590408842788,2,5,True
ID1976,Merge Q2242,medxpert,1,0.700878381618491,0.44263671804817506,2,2,True
ID1976,Merge Q2242,medxpert,2,1.16257727787216,1.0,1,2,True
ID1976,Merge Q2242,medxpert,3,0.334214679896832,0.0,3,2,False
ID1979,Merge Q2622,medxpert,1,-2.15913562234636,0.0,5,4,False
ID1979,Merge Q2622,medxpert,2,3.05215587639645,0.3084199266214053,2,4,True
ID1979,Merge Q2622,medxpert,3,2.15764684975147,0.2554801882808068,3,4,True
ID1979,Merge Q2622,medxpert,4,-1.83121683325949,0.019407221586501357,4,4,True
ID1979,Merge Q2622,medxpert,5,14.7376049865697,1.0,1,4,True
ID1980,Merge Q1692,medxpert,1,17.8121235703194,1.0,1,3,True
ID1980,Merge Q1692,medxpert,2,-1.51166372984942,0.0,8,3,False
ID1980,Merge Q1692,medxpert,3,-0.073172640055418,0.07444146778522213,6,3,False
ID1980,Merge Q1692,medxpert,4,3.08405225815476,0.23782687713417494,2,3,True
ID1980,Merge Q1692,medxpert,5,2.12575709458447,0.1882353996104124,3,3,True
ID1980,Merge Q1692,medxpert,6,-0.965971668845462,0.028239394924368194,7,3,False
ID1980,Merge Q1692,medxpert,7,0.265814178432655,0.09198393051379458,5,3,False
ID1980,Merge Q1692,medxpert,8,1.49161900337251,0.15541895005207865,4,3,False
ID1981,Merge Q406,jama,1,0.605186411622059,0.537428228980612,7,6,False
ID1981,Merge Q406,jama,2,-0.965775743418508,0.03411524274760074,15,6,False
ID1981,Merge Q406,jama,3,0.618961170315743,0.5418414574664238,6,6,True
ID1981,Merge Q406,jama,4,-1.07225770739011,0.0,18,6,False
ID1981,Merge Q406,jama,5,-0.976803828181598,0.030582007871934193,16,6,False
ID1981,Merge Q406,jama,6,1.55264312996453,0.8409793162588183,2,6,True
ID1981,Merge Q406,jama,7,0.0,0.34353547409545493,9,6,False
ID1981,Merge Q406,jama,8,1.48487082979392,0.8192660759536317,3,6,True
ID1981,Merge Q406,jama,9,0.0,0.34353547409545493,10,6,False
ID1981,Merge Q406,jama,10,-0.231768088542748,0.2692804143006152,13,6,False
ID1981,Merge Q406,jama,11,-1.00724094236195,0.020830407694123133,17,6,False
ID1981,Merge Q406,jama,12,0.193271713081851,0.40545686587022,8,6,False
ID1981,Merge Q406,jama,13,0.0,0.34353547409545493,11,6,False
ID1981,Merge Q406,jama,14,0.801011207193287,0.6001675905375927,5,6,True
ID1981,Merge Q406,jama,15,-0.383842796401434,0.22055793228710585,14,6,False
ID1981,Merge Q406,jama,16,0.0,0.34353547409545493,12,6,False
ID1981,Merge Q406,jama,17,2.0489853322506,1.0,1,6,True
ID1981,Merge Q406,jama,18,0.830596849322319,0.6096463916925446,4,6,True
ID1983,Merge Q1067,medbullets,1,-0.3997914614752524,0.3737881302606289,7,8,True
ID1983,Merge Q1067,medbullets,2,-1.352273518211922,0.0,9,8,False
ID1983,Merge Q1067,medbullets,3,-0.0,0.5306806426413776,3,8,True
ID1983,Merge Q1067,medbullets,4,1.195913488348555,1.0,1,8,True
ID1983,Merge Q1067,medbullets,5,-0.0190143028945229,0.5232187480294165,6,8,True
ID1983,Merge Q1067,medbullets,6,0.0,0.5306806426413776,4,8,True
ID1983,Merge Q1067,medbullets,7,-0.0,0.5306806426413776,5,8,True
ID1983,Merge Q1067,medbullets,8,-1.046735816289328,0.11990395568926725,8,8,True
ID1983,Merge Q1067,medbullets,9,0.4136336139637617,0.6930053122589662,2,8,True
ID1984,Merge Q3933,mmlu,1,6.72695688553413,1.0,1,5,True
ID1984,Merge Q3933,mmlu,2,-8.65901041532371,0.0,6,5,False
ID1984,Merge Q3933,mmlu,3,4.99129271507263,0.8871917418955695,3,5,True
ID1984,Merge Q3933,mmlu,4,2.50104268212519,0.725339712429174,4,5,True
ID1984,Merge Q3933,mmlu,5,2.49817738902259,0.7251534847421803,5,5,True
ID1984,Merge Q3933,mmlu,6,5.53422030807911,0.9224789345946083,2,5,True
ID1986,Merge Q89,jama,1,10.4611174110346,1.0,1,3,True
ID1986,Merge Q89,jama,2,-4.02424084256691,0.0,6,3,False
ID1986,Merge Q89,jama,3,1.13797813653946,0.3563749607520326,4,3,False
ID1986,Merge Q89,jama,4,-2.11777893472336,0.13161303120477152,5,3,False
ID1986,Merge Q89,jama,5,3.14225457589101,0.4947406403756777,3,3,True
ID1986,Merge Q89,jama,6,7.5723187957079,0.8005711308791099,2,3,True
ID1989,Merge Q3944,mmlu,1,2.09007014553635,0.0,3,3,True
ID1989,Merge Q3944,mmlu,2,5.1361795073532,0.8863043340737966,2,3,True
ID1989,Merge Q3944,mmlu,3,5.52693629264832,1.0,1,3,True
ID1993,Merge Q3898,mmlu,1,19.2364134305982,1.0,1,1,True
ID1993,Merge Q3898,mmlu,2,-6.43287454176001,0.0,5,1,False
ID1993,Merge Q3898,mmlu,3,1.47454722225666,0.308049906664015,2,1,False
ID1993,Merge Q3898,mmlu,4,-3.34630923099819,0.12024351100371641,4,1,False
ID1993,Merge Q3898,mmlu,5,-0.573433449748632,0.22826660008337885,3,1,False
ID1995,Merge Q3945,mmlu,1,3.76877068344729,0.4760581923945397,2,2,True
ID1995,Merge Q3945,mmlu,2,-0.410572438789361,0.0,5,2,False
ID1995,Merge Q3945,mmlu,3,0.0828195232897997,0.0562010054545841,4,2,False
ID1995,Merge Q3945,mmlu,4,1.86461881003485,0.25916116518508686,3,2,False
ID1995,Merge Q3945,mmlu,5,8.36848690522664,1.0,1,2,True
ID1996,Merge Q3973,mmlu,1,3.83092556046163,0.8441764427151275,2,2,True
ID1996,Merge Q3973,mmlu,2,-2.56211901690238,0.0,3,2,False
ID1996,Merge Q3973,mmlu,3,5.01099514961243,1.0,1,2,True
ID1997,Merge Q2831,medxpert,1,3.6255209161001,0.8904790372268026,2,3,True
ID1997,Merge Q2831,medxpert,2,0.503224274529999,0.36272342269906693,5,3,False
ID1997,Merge Q2831,medxpert,3,2.35497763752937,0.6757216244176889,3,3,True
ID1997,Merge Q2831,medxpert,4,-0.01984357422201,0.27431030067777185,8,3,False
ID1997,Merge Q2831,medxpert,5,0.0,0.2776644207086916,7,3,False
ID1997,Merge Q2831,medxpert,6,-0.262509424794624,0.23329297279522823,9,3,False
ID1997,Merge Q2831,medxpert,7,0.237148756017974,0.31774920503072723,6,3,False
ID1997,Merge Q2831,medxpert,8,-0.708754153607696,0.1578651105130345,11,3,False
ID1997,Merge Q2831,medxpert,9,1.4720838443668,0.5264878360038745,4,3,False
ID1997,Merge Q2831,medxpert,10,4.27346652735481,1.0,1,3,True
ID1997,Merge Q2831,medxpert,11,-0.551293105869795,0.18448043940481731,10,3,False
ID1997,Merge Q2831,medxpert,12,-1.64271239262523,0.0,12,3,False
ID1999,Merge Q1555,medxpert,1,0.0,0.008161883342042186,4,3,False
ID1999,Merge Q1555,medxpert,2,25.7659578323364,1.0,1,3,True
ID1999,Merge Q1555,medxpert,3,0.357979435449256,0.02194199007700975,2,3,True
ID1999,Merge Q1555,medxpert,4,0.0060658129907005,0.008395381532633233,3,3,True
ID1999,Merge Q1555,medxpert,5,-0.212029300438784,0.0,5,3,False
