ID_corr,label_1,label_2,label_3,label_4,label_5,label_6,label_7,label_8,label_9,label_10,label_11,label_12,label_13,label_14,label_15,label_16,label_17,label_18,label_19,label_20,label_21,label_22,label_23,label_24,label_25,label_26,label_27,label_28,label_29,label_30
ID0002,Irrelevant,Irrelevant,Irrelevant,Irrelevant,Irrelevant,Irrelevant,Irrelevant,Irrelevant,Irrelevant,Irrelevant,Irrelevant,Irrelevant,Irrelevant,Irrelevant,Irrelevant,Irrelevant,Irrelevant,Irrelevant,Irrelevant,Irrelevant,Irrelevant,Irrelevant,Irrelevant,Irrelevant,Irrelevant,Irrelevant,Irrelevant,Irrelevant,Irrelevant,Irrelevant
ID0003,Low Relevance,Low Relevance,Low Relevance,Low Relevance,Low Relevance,Low Relevance,Low Relevance,Irrelevant,Irrelevant,Irrelevant,Irrelevant,Irrelevant,Irrelevant,Irrelevant,Irrelevant,Irrelevant,Irrelevant,Irrelevant,Irrelevant,Irrelevant,Irrelevant,Irrelevant,Irrelevant,Irrelevant,Irrelevant,Irrelevant,Irrelevant,Irrelevant,Irrelevant,Irrelevant
ID0007,Low Relevance,Irrelevant,Irrelevant,Irrelevant,High Relevance,Irrelevant,Irrelevant,Irrelevant,Irrelevant,Irrelevant,Irrelevant,Irrelevant,Irrelevant,Irrelevant,Irrelevant,Irrelevant,Irrelevant,Irrelevant,Irrelevant,Irrelevant,Irrelevant,Irrelevant,Irrelevant,Irrelevant,Irrelevant,Irrelevant,Irrelevant,Irrelevant,Irrelevant,Irrelevant
ID0009,Low Relevance,Irrelevant,Irrelevant,Low Relevance,Low Relevance,Irrelevant,Irrelevant,Low Relevance,Irrelevant,Irrelevant,Irrelevant,Irrelevant,Irrelevant,Irrelevant,Irrelevant,Irrelevant,Irrelevant,Irrelevant,Irrelevant,Irrelevant,Irrelevant,Irrelevant,Irrelevant,Irrelevant,Irrelevant,Irrelevant,Irrelevant,Irrelevant,Irrelevant,Irrelevant
ID0010,Low Relevance,Low Relevance,Irrelevant,Irrelevant,Low Relevance,Low Relevance,Low Relevance,Irrelevant,Irrelevant,Irrelevant,Irrelevant,Irrelevant,Irrelevant,Irrelevant,Irrelevant,Irrelevant,Irrelevant,Irrelevant,Irrelevant,Irrelevant,Irrelevant,Irrelevant,Irrelevant,Irrelevant,Irrelevant,Irrelevant,Irrelevant,Irrelevant,Irrelevant,Irrelevant
ID0013,Low Relevance,High Relevance,Irrelevant,Irrelevant,Low Relevance,Low Relevance,High Relevance,Irrelevant,Irrelevant,Irrelevant,Irrelevant,Irrelevant,Irrelevant,Irrelevant,Irrelevant,Irrelevant,Irrelevant,Irrelevant,Irrelevant,Irrelevant,Irrelevant,Irrelevant,Irrelevant,Irrelevant,Irrelevant,Irrelevant,Irrelevant,Irrelevant,Irrelevant,Irrelevant
ID0015,Low Relevance,Irrelevant,Irrelevant,Low Relevance,Irrelevant,Irrelevant,Irrelevant,Irrelevant,Irrelevant,Irrelevant,Irrelevant,Irrelevant,Irrelevant,Irrelevant,Irrelevant,Irrelevant,Irrelevant,Irrelevant,Irrelevant,Irrelevant,Irrelevant,Irrelevant,Irrelevant,Irrelevant,Irrelevant,Irrelevant,Irrelevant,Irrelevant,Irrelevant,Irrelevant
ID0016,Irrelevant,Irrelevant,Irrelevant,Irrelevant,Irrelevant,Irrelevant,Irrelevant,Irrelevant,Irrelevant,Irrelevant,Irrelevant,Irrelevant,Irrelevant,Irrelevant,Irrelevant,Irrelevant,Irrelevant,Irrelevant,Irrelevant,Irrelevant,Irrelevant,Irrelevant,Irrelevant,Irrelevant,Irrelevant,Irrelevant,Irrelevant,Irrelevant,Irrelevant,Irrelevant
ID0017,Low Relevance,Irrelevant,Irrelevant,Irrelevant,Irrelevant,Irrelevant,Irrelevant,Irrelevant,Irrelevant,Irrelevant,Irrelevant,Irrelevant,Irrelevant,Irrelevant,Irrelevant,Irrelevant,Irrelevant,Irrelevant,Irrelevant,Irrelevant,Irrelevant,Irrelevant,Irrelevant,Irrelevant,Irrelevant,Irrelevant,Irrelevant,Irrelevant,Irrelevant,Irrelevant
ID0018,Low Relevance,Low Relevance,Irrelevant,Low Relevance,Low Relevance,Low Relevance,Low Relevance,Low Relevance,Low Relevance,Low Relevance,Irrelevant,Low Relevance,Irrelevant,Irrelevant,Irrelevant,Irrelevant,Irrelevant,Irrelevant,Irrelevant,Irrelevant,Irrelevant,Irrelevant,Irrelevant,Irrelevant,Irrelevant,Irrelevant,Irrelevant,Irrelevant,Irrelevant,Irrelevant
ID0021,Low Relevance,Low Relevance,Low Relevance,Irrelevant,Low Relevance,Low Relevance,Low Relevance,Low Relevance,Low Relevance,Low Relevance,Low Relevance,Irrelevant,Irrelevant,Irrelevant,Irrelevant,Irrelevant,Irrelevant,Irrelevant,Irrelevant,Irrelevant,Irrelevant,Irrelevant,Irrelevant,Irrelevant,Irrelevant,Irrelevant,Irrelevant,Irrelevant,Irrelevant,Irrelevant
ID0024,Low Relevance,Irrelevant,Irrelevant,Irrelevant,Irrelevant,Irrelevant,Irrelevant,Irrelevant,Irrelevant,Irrelevant,Irrelevant,Irrelevant,Irrelevant,Irrelevant,Irrelevant,Irrelevant,Irrelevant,Irrelevant,Irrelevant,Irrelevant,Irrelevant,Irrelevant,Irrelevant,Irrelevant,Irrelevant,Irrelevant,Irrelevant,Irrelevant,Irrelevant,Irrelevant
ID0025,Low Relevance,Irrelevant,Irrelevant,Irrelevant,Irrelevant,Irrelevant,Irrelevant,Irrelevant,Irrelevant,Irrelevant,Irrelevant,Irrelevant,Irrelevant,Irrelevant,Irrelevant,Irrelevant,Irrelevant,Irrelevant,Irrelevant,Irrelevant,Irrelevant,Irrelevant,Irrelevant,Irrelevant,Irrelevant,Irrelevant,Irrelevant,Irrelevant,Irrelevant,Irrelevant
ID0027,Low Relevance,Low Relevance,Low Relevance,Low Relevance,Low Relevance,Low Relevance,Low Relevance,Low Relevance,Irrelevant,Irrelevant,Irrelevant,Irrelevant,Irrelevant,Irrelevant,Irrelevant,Irrelevant,Irrelevant,Irrelevant,Irrelevant,Irrelevant,Irrelevant,Irrelevant,Irrelevant,Irrelevant,Irrelevant,Irrelevant,Irrelevant,Irrelevant,Irrelevant,Irrelevant
ID0028,Low Relevance,Irrelevant,Irrelevant,Irrelevant,Irrelevant,Irrelevant,Irrelevant,Irrelevant,Irrelevant,Irrelevant,Irrelevant,Irrelevant,Irrelevant,Irrelevant,Irrelevant,Irrelevant,Irrelevant,Irrelevant,Irrelevant,Irrelevant,Irrelevant,Irrelevant,Irrelevant,Irrelevant,Irrelevant,Irrelevant,Irrelevant,Irrelevant,Irrelevant,Irrelevant
ID0029,Low Relevance,Low Relevance,Low Relevance,High Relevance,Low Relevance,Low Relevance,Low Relevance,High Relevance,High Relevance,Low Relevance,Low Relevance,Low Relevance,Irrelevant,Irrelevant,Irrelevant,Irrelevant,Irrelevant,Irrelevant,Irrelevant,Irrelevant,Irrelevant,Irrelevant,Irrelevant,Irrelevant,Irrelevant,Irrelevant,Irrelevant,Irrelevant,Irrelevant,Irrelevant
ID0030,Irrelevant,Irrelevant,Irrelevant,Irrelevant,Irrelevant,Irrelevant,Irrelevant,Irrelevant,Irrelevant,Irrelevant,Irrelevant,Irrelevant,Irrelevant,Irrelevant,Irrelevant,Irrelevant,Irrelevant,Irrelevant,Irrelevant,Irrelevant,Irrelevant,Irrelevant,Irrelevant,Irrelevant,Irrelevant,Irrelevant,Irrelevant,Irrelevant,Irrelevant,Irrelevant
ID0032,Irrelevant,Irrelevant,Irrelevant,Irrelevant,Irrelevant,Irrelevant,Irrelevant,Irrelevant,Irrelevant,Irrelevant,Irrelevant,Irrelevant,Irrelevant,Irrelevant,Irrelevant,Irrelevant,Irrelevant,Irrelevant,Irrelevant,Irrelevant,Irrelevant,Irrelevant,Irrelevant,Irrelevant,Irrelevant,Irrelevant,Irrelevant,Irrelevant,Irrelevant,Irrelevant
ID0034,Low Relevance,Irrelevant,Irrelevant,Irrelevant,Irrelevant,Irrelevant,Irrelevant,Low Relevance,Low Relevance,Low Relevance,Low Relevance,Irrelevant,Irrelevant,Irrelevant,Irrelevant,Irrelevant,Irrelevant,Irrelevant,Irrelevant,Irrelevant,Irrelevant,Irrelevant,Irrelevant,Irrelevant,Irrelevant,Irrelevant,Irrelevant,Irrelevant,Irrelevant,Irrelevant
ID0039,Irrelevant,Low Relevance,Irrelevant,Irrelevant,Irrelevant,Irrelevant,Irrelevant,Irrelevant,Irrelevant,Irrelevant,Irrelevant,Irrelevant,Irrelevant,Irrelevant,Irrelevant,Irrelevant,Irrelevant,Irrelevant,Irrelevant,Irrelevant,Irrelevant,Irrelevant,Irrelevant,Irrelevant,Irrelevant,Irrelevant,Irrelevant,Irrelevant,Irrelevant,Irrelevant
ID0041,Irrelevant,Irrelevant,Irrelevant,Irrelevant,Irrelevant,Irrelevant,Irrelevant,Irrelevant,Irrelevant,Irrelevant,Irrelevant,Irrelevant,Irrelevant,Irrelevant,Irrelevant,Irrelevant,Irrelevant,Irrelevant,Irrelevant,Irrelevant,Irrelevant,Irrelevant,Irrelevant,Irrelevant,Irrelevant,Irrelevant,Irrelevant,Irrelevant,Irrelevant,Irrelevant
ID0042,Low Relevance,Low Relevance,Low Relevance,Low Relevance,Low Relevance,Low Relevance,Low Relevance,Low Relevance,Irrelevant,Irrelevant,Irrelevant,Irrelevant,Irrelevant,Irrelevant,Irrelevant,Irrelevant,Irrelevant,Irrelevant,Irrelevant,Irrelevant,Irrelevant,Irrelevant,Irrelevant,Irrelevant,Irrelevant,Irrelevant,Irrelevant,Irrelevant,Irrelevant,Irrelevant
ID0043,Irrelevant,Irrelevant,Irrelevant,Irrelevant,Irrelevant,Irrelevant,Irrelevant,Irrelevant,Irrelevant,Irrelevant,Irrelevant,Irrelevant,Irrelevant,Irrelevant,Irrelevant,Irrelevant,Irrelevant,Irrelevant,Irrelevant,Irrelevant,Irrelevant,Irrelevant,Irrelevant,Irrelevant,Irrelevant,Irrelevant,Irrelevant,Irrelevant,Irrelevant,Irrelevant
ID0044,Low Relevance,Low Relevance,Low Relevance,Low Relevance,Low Relevance,Low Relevance,Low Relevance,Low Relevance,Low Relevance,Low Relevance,Low Relevance,Low Relevance,Irrelevant,Irrelevant,Irrelevant,Irrelevant,Irrelevant,Irrelevant,Irrelevant,Irrelevant,Irrelevant,Irrelevant,Irrelevant,Irrelevant,Irrelevant,Irrelevant,Irrelevant,Irrelevant,Irrelevant,Irrelevant
ID0045,Low Relevance,Irrelevant,Irrelevant,Irrelevant,Irrelevant,Irrelevant,Irrelevant,Irrelevant,Irrelevant,Irrelevant,Irrelevant,Irrelevant,Irrelevant,Irrelevant,Irrelevant,Irrelevant,Irrelevant,Irrelevant,Irrelevant,Irrelevant,Irrelevant,Irrelevant,Irrelevant,Irrelevant,Irrelevant,Irrelevant,Irrelevant,Irrelevant,Irrelevant,Irrelevant
ID0046,Low Relevance,Low Relevance,Low Relevance,Low Relevance,Low Relevance,Low Relevance,Low Relevance,Low Relevance,Low Relevance,Low Relevance,Low Relevance,Low Relevance,Irrelevant,Irrelevant,Irrelevant,Irrelevant,Irrelevant,Irrelevant,Irrelevant,Irrelevant,Irrelevant,Irrelevant,Irrelevant,Irrelevant,Irrelevant,Irrelevant,Irrelevant,Irrelevant,Irrelevant,Irrelevant
ID0047,Low Relevance,Irrelevant,Irrelevant,Irrelevant,Irrelevant,Irrelevant,Low Relevance,Irrelevant,Irrelevant,Irrelevant,Irrelevant,Irrelevant,Irrelevant,Irrelevant,Irrelevant,Irrelevant,Irrelevant,Irrelevant,Irrelevant,Irrelevant,Irrelevant,Irrelevant,Irrelevant,Irrelevant,Irrelevant,Irrelevant,Irrelevant,Irrelevant,Irrelevant,Irrelevant
ID0048,Low Relevance,Low Relevance,Low Relevance,Low Relevance,Low Relevance,Irrelevant,Low Relevance,Low Relevance,Low Relevance,Low Relevance,Irrelevant,Irrelevant,Irrelevant,Irrelevant,Irrelevant,Irrelevant,Irrelevant,Irrelevant,Irrelevant,Irrelevant,Irrelevant,Irrelevant,Irrelevant,Irrelevant,Irrelevant,Irrelevant,Irrelevant,Irrelevant,Irrelevant,Irrelevant
ID0049,Low Relevance,Low Relevance,Low Relevance,Low Relevance,Low Relevance,Low Relevance,Low Relevance,Low Relevance,Low Relevance,Low Relevance,Low Relevance,Low Relevance,Irrelevant,Irrelevant,Irrelevant,Irrelevant,Irrelevant,Irrelevant,Irrelevant,Irrelevant,Irrelevant,Irrelevant,Irrelevant,Irrelevant,Irrelevant,Irrelevant,Irrelevant,Irrelevant,Irrelevant,Irrelevant
ID0052,Low Relevance,Irrelevant,Low Relevance,Irrelevant,Irrelevant,Irrelevant,Irrelevant,Irrelevant,Irrelevant,Irrelevant,Irrelevant,Irrelevant,Irrelevant,Irrelevant,Irrelevant,Irrelevant,Irrelevant,Irrelevant,Irrelevant,Irrelevant,Irrelevant,Irrelevant,Irrelevant,Irrelevant,Irrelevant,Irrelevant,Irrelevant,Irrelevant,Irrelevant,Irrelevant
ID0053,Low Relevance,Irrelevant,Irrelevant,Low Relevance,Irrelevant,Irrelevant,Irrelevant,Irrelevant,Irrelevant,Irrelevant,Irrelevant,Irrelevant,Irrelevant,Irrelevant,Irrelevant,Irrelevant,Irrelevant,Irrelevant,Irrelevant,Irrelevant,Irrelevant,Irrelevant,Irrelevant,Irrelevant,Irrelevant,Irrelevant,Irrelevant,Irrelevant,Irrelevant,Irrelevant
ID0054,Irrelevant,Irrelevant,Irrelevant,Irrelevant,Irrelevant,Irrelevant,Irrelevant,Irrelevant,Irrelevant,Irrelevant,Irrelevant,Irrelevant,Irrelevant,Irrelevant,Irrelevant,Irrelevant,Irrelevant,Irrelevant,Irrelevant,Irrelevant,Irrelevant,Irrelevant,Irrelevant,Irrelevant,Irrelevant,Irrelevant,Irrelevant,Irrelevant,Irrelevant,Irrelevant
ID0055,Low Relevance,Irrelevant,Irrelevant,Irrelevant,Low Relevance,Irrelevant,Irrelevant,Low Relevance,Low Relevance,Low Relevance,Irrelevant,Irrelevant,Irrelevant,Irrelevant,Irrelevant,Irrelevant,Irrelevant,Irrelevant,Irrelevant,Irrelevant,Irrelevant,Irrelevant,Irrelevant,Irrelevant,Irrelevant,Irrelevant,Irrelevant,Irrelevant,Irrelevant,Irrelevant
ID0056,Irrelevant,High Relevance,Irrelevant,Irrelevant,Irrelevant,Irrelevant,Irrelevant,Irrelevant,Irrelevant,Irrelevant,Irrelevant,Irrelevant,Irrelevant,Irrelevant,Irrelevant,Irrelevant,Irrelevant,Irrelevant,Irrelevant,Irrelevant,Irrelevant,Irrelevant,Irrelevant,Irrelevant,Irrelevant,Irrelevant,Irrelevant,Irrelevant,Irrelevant,Irrelevant
ID0057,High Relevance,Irrelevant,High Relevance,Irrelevant,Irrelevant,Irrelevant,Irrelevant,Irrelevant,Irrelevant,Irrelevant,Irrelevant,Irrelevant,Irrelevant,Irrelevant,Irrelevant,Irrelevant,Irrelevant,Irrelevant,Irrelevant,Irrelevant,Irrelevant,Irrelevant,Irrelevant,Irrelevant,Irrelevant,Irrelevant,Irrelevant,Irrelevant,Irrelevant,Irrelevant
ID0059,Low Relevance,Irrelevant,Irrelevant,Irrelevant,Irrelevant,Irrelevant,Irrelevant,Irrelevant,Irrelevant,Irrelevant,Irrelevant,Irrelevant,Irrelevant,Irrelevant,Irrelevant,Irrelevant,Irrelevant,Irrelevant,Irrelevant,Irrelevant,Irrelevant,Irrelevant,Irrelevant,Irrelevant,Irrelevant,Irrelevant,Irrelevant,Irrelevant,Irrelevant,Irrelevant
ID0060,Low Relevance,Low Relevance,Low Relevance,Irrelevant,Irrelevant,Irrelevant,Irrelevant,Irrelevant,Irrelevant,Irrelevant,Irrelevant,Irrelevant,Irrelevant,Irrelevant,Irrelevant,Irrelevant,Irrelevant,Irrelevant,Irrelevant,Irrelevant,Irrelevant,Irrelevant,Irrelevant,Irrelevant,Irrelevant,Irrelevant,Irrelevant,Irrelevant,Irrelevant,Irrelevant
ID0062,Low Relevance,Low Relevance,Low Relevance,Low Relevance,Low Relevance,Low Relevance,Low Relevance,Low Relevance,Irrelevant,Irrelevant,Irrelevant,Irrelevant,Irrelevant,Irrelevant,Irrelevant,Irrelevant,Irrelevant,Irrelevant,Irrelevant,Irrelevant,Irrelevant,Irrelevant,Irrelevant,Irrelevant,Irrelevant,Irrelevant,Irrelevant,Irrelevant,Irrelevant,Irrelevant
ID0063,Low Relevance,Low Relevance,Low Relevance,Low Relevance,Low Relevance,Irrelevant,Irrelevant,Irrelevant,Irrelevant,Irrelevant,Irrelevant,Irrelevant,Irrelevant,Irrelevant,Irrelevant,Irrelevant,Irrelevant,Irrelevant,Irrelevant,Irrelevant,Irrelevant,Irrelevant,Irrelevant,Irrelevant,Irrelevant,Irrelevant,Irrelevant,Irrelevant,Irrelevant,Irrelevant
ID0064,Low Relevance,Low Relevance,Low Relevance,Low Relevance,High Relevance,Irrelevant,Irrelevant,Irrelevant,Irrelevant,Irrelevant,Irrelevant,Irrelevant,Irrelevant,Irrelevant,Irrelevant,Irrelevant,Irrelevant,Irrelevant,Irrelevant,Irrelevant,Irrelevant,Irrelevant,Irrelevant,Irrelevant,Irrelevant,Irrelevant,Irrelevant,Irrelevant,Irrelevant,Irrelevant
ID0067,Low Relevance,Irrelevant,Irrelevant,Irrelevant,Irrelevant,Irrelevant,Irrelevant,Irrelevant,Irrelevant,Irrelevant,Irrelevant,Irrelevant,Irrelevant,Irrelevant,Irrelevant,Irrelevant,Irrelevant,Irrelevant,Irrelevant,Irrelevant,Irrelevant,Irrelevant,Irrelevant,Irrelevant,Irrelevant,Irrelevant,Irrelevant,Irrelevant,Irrelevant,Irrelevant
ID0069,Low Relevance,Low Relevance,Low Relevance,Low Relevance,Low Relevance,Low Relevance,Low Relevance,Low Relevance,Low Relevance,Low Relevance,Low Relevance,Low Relevance,Irrelevant,Irrelevant,Irrelevant,Irrelevant,Irrelevant,Irrelevant,Irrelevant,Irrelevant,Irrelevant,Irrelevant,Irrelevant,Irrelevant,Irrelevant,Irrelevant,Irrelevant,Irrelevant,Irrelevant,Irrelevant
ID0071,Low Relevance,Low Relevance,Low Relevance,Low Relevance,Irrelevant,Irrelevant,Irrelevant,Irrelevant,Irrelevant,Irrelevant,Irrelevant,Irrelevant,Irrelevant,Irrelevant,Irrelevant,Irrelevant,Irrelevant,Irrelevant,Irrelevant,Irrelevant,Irrelevant,Irrelevant,Irrelevant,Irrelevant,Irrelevant,Irrelevant,Irrelevant,Irrelevant,Irrelevant,Irrelevant
ID0072,Irrelevant,Irrelevant,Irrelevant,Irrelevant,Irrelevant,Irrelevant,Irrelevant,Irrelevant,Irrelevant,Irrelevant,Irrelevant,Irrelevant,Irrelevant,Irrelevant,Irrelevant,Irrelevant,Irrelevant,Irrelevant,Irrelevant,Irrelevant,Irrelevant,Irrelevant,Irrelevant,Irrelevant,Irrelevant,Irrelevant,Irrelevant,Irrelevant,Irrelevant,Irrelevant
ID0073,Low Relevance,Low Relevance,Low Relevance,Low Relevance,Low Relevance,Low Relevance,Low Relevance,Low Relevance,Irrelevant,Irrelevant,Irrelevant,Irrelevant,Irrelevant,Irrelevant,Irrelevant,Irrelevant,Irrelevant,Irrelevant,Irrelevant,Irrelevant,Irrelevant,Irrelevant,Irrelevant,Irrelevant,Irrelevant,Irrelevant,Irrelevant,Irrelevant,Irrelevant,Irrelevant
ID0074,Low Relevance,Low Relevance,Low Relevance,Low Relevance,Low Relevance,Low Relevance,Low Relevance,Low Relevance,Low Relevance,Irrelevant,Irrelevant,Irrelevant,Irrelevant,Irrelevant,Irrelevant,Irrelevant,Irrelevant,Irrelevant,Irrelevant,Irrelevant,Irrelevant,Irrelevant,Irrelevant,Irrelevant,Irrelevant,Irrelevant,Irrelevant,Irrelevant,Irrelevant,Irrelevant
ID0076,Low Relevance,Irrelevant,Irrelevant,Irrelevant,Irrelevant,Irrelevant,Irrelevant,Irrelevant,Irrelevant,Irrelevant,Irrelevant,Irrelevant,Irrelevant,Irrelevant,Irrelevant,Irrelevant,Irrelevant,Irrelevant,Irrelevant,Irrelevant,Irrelevant,Irrelevant,Irrelevant,Irrelevant,Irrelevant,Irrelevant,Irrelevant,Irrelevant,Irrelevant,Irrelevant
ID0078,Irrelevant,Low Relevance,Low Relevance,Low Relevance,High Relevance,Low Relevance,Low Relevance,Low Relevance,Low Relevance,Low Relevance,Low Relevance,Low Relevance,Low Relevance,Irrelevant,Irrelevant,Irrelevant,Irrelevant,Irrelevant,Irrelevant,Irrelevant,Irrelevant,Irrelevant,Irrelevant,Irrelevant,Irrelevant,Irrelevant,Irrelevant,Irrelevant,Irrelevant,Irrelevant
ID0079,Low Relevance,Low Relevance,Low Relevance,Low Relevance,Low Relevance,Low Relevance,Low Relevance,Low Relevance,Low Relevance,Low Relevance,Low Relevance,Low Relevance,Irrelevant,Irrelevant,Irrelevant,Irrelevant,Irrelevant,Irrelevant,Irrelevant,Irrelevant,Irrelevant,Irrelevant,Irrelevant,Irrelevant,Irrelevant,Irrelevant,Irrelevant,Irrelevant,Irrelevant,Irrelevant
ID0081,Irrelevant,Irrelevant,Irrelevant,Irrelevant,Irrelevant,Irrelevant,Irrelevant,Irrelevant,Irrelevant,Irrelevant,Irrelevant,Irrelevant,Irrelevant,Irrelevant,Irrelevant,Irrelevant,Irrelevant,Irrelevant,Irrelevant,Irrelevant,Irrelevant,Irrelevant,Irrelevant,Irrelevant,Irrelevant,Irrelevant,Irrelevant,Irrelevant,Irrelevant,Irrelevant
ID0082,Low Relevance,Irrelevant,Low Relevance,Low Relevance,Low Relevance,Low Relevance,Low Relevance,Irrelevant,Irrelevant,Irrelevant,Irrelevant,Irrelevant,Irrelevant,Irrelevant,Irrelevant,Irrelevant,Irrelevant,Irrelevant,Irrelevant,Irrelevant,Irrelevant,Irrelevant,Irrelevant,Irrelevant,Irrelevant,Irrelevant,Irrelevant,Irrelevant,Irrelevant,Irrelevant
ID0085,Low Relevance,Irrelevant,Irrelevant,Irrelevant,Irrelevant,Irrelevant,Irrelevant,Irrelevant,Irrelevant,Irrelevant,Irrelevant,Irrelevant,Irrelevant,Irrelevant,Irrelevant,Irrelevant,Irrelevant,Irrelevant,Irrelevant,Irrelevant,Irrelevant,Irrelevant,Irrelevant,Irrelevant,Irrelevant,Irrelevant,Irrelevant,Irrelevant,Irrelevant,Irrelevant
ID0086,Low Relevance,Low Relevance,Low Relevance,Low Relevance,Low Relevance,Low Relevance,Low Relevance,Low Relevance,Low Relevance,Irrelevant,Irrelevant,Irrelevant,Irrelevant,Irrelevant,Irrelevant,Irrelevant,Irrelevant,Irrelevant,Irrelevant,Irrelevant,Irrelevant,Irrelevant,Irrelevant,Irrelevant,Irrelevant,Irrelevant,Irrelevant,Irrelevant,Irrelevant,Irrelevant
ID0088,High Relevance,Low Relevance,Low Relevance,Low Relevance,Low Relevance,Low Relevance,Low Relevance,Low Relevance,Low Relevance,Low Relevance,Low Relevance,Low Relevance,Irrelevant,Irrelevant,Irrelevant,Irrelevant,Irrelevant,Irrelevant,Irrelevant,Irrelevant,Irrelevant,Irrelevant,Irrelevant,Irrelevant,Irrelevant,Irrelevant,Irrelevant,Irrelevant,Irrelevant,Irrelevant
ID0089,Low Relevance,Low Relevance,Low Relevance,Low Relevance,Low Relevance,Low Relevance,Low Relevance,Low Relevance,Low Relevance,Low Relevance,Low Relevance,Low Relevance,Irrelevant,Irrelevant,Irrelevant,Irrelevant,Irrelevant,Irrelevant,Irrelevant,Irrelevant,Irrelevant,Irrelevant,Irrelevant,Irrelevant,Irrelevant,Irrelevant,Irrelevant,Irrelevant,Irrelevant,Irrelevant
ID0092,Low Relevance,Low Relevance,Low Relevance,Irrelevant,Irrelevant,Irrelevant,Irrelevant,Irrelevant,Irrelevant,Irrelevant,Irrelevant,Irrelevant,Irrelevant,Irrelevant,Irrelevant,Irrelevant,Irrelevant,Irrelevant,Irrelevant,Irrelevant,Irrelevant,Irrelevant,Irrelevant,Irrelevant,Irrelevant,Irrelevant,Irrelevant,Irrelevant,Irrelevant,Irrelevant
ID0093,Irrelevant,Irrelevant,Irrelevant,Irrelevant,Irrelevant,Irrelevant,Irrelevant,Irrelevant,Irrelevant,Irrelevant,Irrelevant,Irrelevant,Irrelevant,Irrelevant,Irrelevant,Irrelevant,Irrelevant,Irrelevant,Irrelevant,Irrelevant,Irrelevant,Irrelevant,Irrelevant,Irrelevant,Irrelevant,Irrelevant,Irrelevant,Irrelevant,Irrelevant,Irrelevant
ID0094,Irrelevant,Irrelevant,Irrelevant,Irrelevant,Irrelevant,Irrelevant,Irrelevant,Irrelevant,Irrelevant,Irrelevant,Irrelevant,Irrelevant,Irrelevant,Irrelevant,Irrelevant,Irrelevant,Irrelevant,Irrelevant,Irrelevant,Irrelevant,Irrelevant,Irrelevant,Irrelevant,Irrelevant,Irrelevant,Irrelevant,Irrelevant,Irrelevant,Irrelevant,Irrelevant
ID0096,Low Relevance,Low Relevance,Irrelevant,Irrelevant,Irrelevant,Irrelevant,Irrelevant,Irrelevant,Irrelevant,Irrelevant,Irrelevant,Irrelevant,Irrelevant,Irrelevant,Irrelevant,Irrelevant,Irrelevant,Irrelevant,Irrelevant,Irrelevant,Irrelevant,Irrelevant,Irrelevant,Irrelevant,Irrelevant,Irrelevant,Irrelevant,Irrelevant,Irrelevant,Irrelevant
ID0097,High Relevance,Low Relevance,Low Relevance,Low Relevance,Low Relevance,Irrelevant,Irrelevant,Irrelevant,Irrelevant,Irrelevant,Irrelevant,Irrelevant,Irrelevant,Irrelevant,Irrelevant,Irrelevant,Irrelevant,Irrelevant,Irrelevant,Irrelevant,Irrelevant,Irrelevant,Irrelevant,Irrelevant,Irrelevant,Irrelevant,Irrelevant,Irrelevant,Irrelevant,Irrelevant
ID0098,Low Relevance,Low Relevance,Low Relevance,Low Relevance,Low Relevance,Low Relevance,Low Relevance,Low Relevance,Low Relevance,Low Relevance,Low Relevance,Low Relevance,Irrelevant,Irrelevant,Irrelevant,Irrelevant,Irrelevant,Irrelevant,Irrelevant,Irrelevant,Irrelevant,Irrelevant,Irrelevant,Irrelevant,Irrelevant,Irrelevant,Irrelevant,Irrelevant,Irrelevant,Irrelevant
ID0099,Low Relevance,Low Relevance,Low Relevance,Low Relevance,Low Relevance,Low Relevance,Low Relevance,Low Relevance,Low Relevance,Low Relevance,Low Relevance,Low Relevance,Irrelevant,Irrelevant,Irrelevant,Irrelevant,Irrelevant,Irrelevant,Irrelevant,Irrelevant,Irrelevant,Irrelevant,Irrelevant,Irrelevant,Irrelevant,Irrelevant,Irrelevant,Irrelevant,Irrelevant,Irrelevant
ID0101,Low Relevance,Low Relevance,Low Relevance,Low Relevance,Low Relevance,Low Relevance,Irrelevant,Irrelevant,Irrelevant,Irrelevant,Irrelevant,Irrelevant,Irrelevant,Irrelevant,Irrelevant,Irrelevant,Irrelevant,Irrelevant,Irrelevant,Irrelevant,Irrelevant,Irrelevant,Irrelevant,Irrelevant,Irrelevant,Irrelevant,Irrelevant,Irrelevant,Irrelevant,Irrelevant
ID0102,Low Relevance,High Relevance,Low Relevance,Low Relevance,Low Relevance,Low Relevance,Low Relevance,Low Relevance,Low Relevance,Low Relevance,Low Relevance,Low Relevance,Irrelevant,Irrelevant,Irrelevant,Irrelevant,Irrelevant,Irrelevant,Irrelevant,Irrelevant,Irrelevant,Irrelevant,Irrelevant,Irrelevant,Irrelevant,Irrelevant,Irrelevant,Irrelevant,Irrelevant,Irrelevant
ID0106,Low Relevance,Irrelevant,Irrelevant,Irrelevant,Low Relevance,Irrelevant,High Relevance,Low Relevance,Irrelevant,Irrelevant,Irrelevant,Irrelevant,Irrelevant,Irrelevant,Irrelevant,Irrelevant,Irrelevant,Irrelevant,Irrelevant,Irrelevant,Irrelevant,Irrelevant,Irrelevant,Irrelevant,Irrelevant,Irrelevant,Irrelevant,Irrelevant,Irrelevant,Irrelevant
ID0108,Irrelevant,Irrelevant,Irrelevant,Irrelevant,Irrelevant,Irrelevant,Irrelevant,Irrelevant,Irrelevant,Irrelevant,Irrelevant,Irrelevant,Irrelevant,Irrelevant,Irrelevant,Irrelevant,Irrelevant,Irrelevant,Irrelevant,Irrelevant,Irrelevant,Irrelevant,Irrelevant,Irrelevant,Irrelevant,Irrelevant,Irrelevant,Irrelevant,Irrelevant,Irrelevant
ID0109,Low Relevance,Low Relevance,Low Relevance,Low Relevance,Low Relevance,Low Relevance,Low Relevance,Low Relevance,Low Relevance,Low Relevance,Low Relevance,Low Relevance,Irrelevant,Irrelevant,Irrelevant,Irrelevant,Irrelevant,Irrelevant,Irrelevant,Irrelevant,Irrelevant,Irrelevant,Irrelevant,Irrelevant,Irrelevant,Irrelevant,Irrelevant,Irrelevant,Irrelevant,Irrelevant
ID0110,Low Relevance,Low Relevance,Low Relevance,Low Relevance,Low Relevance,Low Relevance,Low Relevance,Low Relevance,Low Relevance,Low Relevance,Irrelevant,Irrelevant,Irrelevant,Irrelevant,Irrelevant,Irrelevant,Irrelevant,Irrelevant,Irrelevant,Irrelevant,Irrelevant,Irrelevant,Irrelevant,Irrelevant,Irrelevant,Irrelevant,Irrelevant,Irrelevant,Irrelevant,Irrelevant
ID0111,Low Relevance,Low Relevance,Low Relevance,Low Relevance,Low Relevance,Low Relevance,Low Relevance,Low Relevance,Low Relevance,Low Relevance,Low Relevance,Irrelevant,Irrelevant,Irrelevant,Irrelevant,Irrelevant,Irrelevant,Irrelevant,Irrelevant,Irrelevant,Irrelevant,Irrelevant,Irrelevant,Irrelevant,Irrelevant,Irrelevant,Irrelevant,Irrelevant,Irrelevant,Irrelevant
ID0112,Irrelevant,Irrelevant,Irrelevant,Irrelevant,Irrelevant,Irrelevant,Irrelevant,Irrelevant,Irrelevant,Irrelevant,Irrelevant,Irrelevant,Irrelevant,Irrelevant,Irrelevant,Irrelevant,Irrelevant,Irrelevant,Irrelevant,Irrelevant,Irrelevant,Irrelevant,Irrelevant,Irrelevant,Irrelevant,Irrelevant,Irrelevant,Irrelevant,Irrelevant,Irrelevant
ID0113,Low Relevance,Low Relevance,Low Relevance,Irrelevant,Low Relevance,Low Relevance,Low Relevance,Low Relevance,Low Relevance,Low Relevance,Low Relevance,Low Relevance,Irrelevant,Irrelevant,Irrelevant,Irrelevant,Irrelevant,Irrelevant,Irrelevant,Irrelevant,Irrelevant,Irrelevant,Irrelevant,Irrelevant,Irrelevant,Irrelevant,Irrelevant,Irrelevant,Irrelevant,Irrelevant
ID0115,Low Relevance,Low Relevance,Low Relevance,Low Relevance,Low Relevance,Low Relevance,Low Relevance,Low Relevance,Low Relevance,Low Relevance,Low Relevance,Low Relevance,Irrelevant,Irrelevant,Irrelevant,Irrelevant,Irrelevant,Irrelevant,Irrelevant,Irrelevant,Irrelevant,Irrelevant,Irrelevant,Irrelevant,Irrelevant,Irrelevant,Irrelevant,Irrelevant,Irrelevant,Irrelevant
ID0116,Low Relevance,Low Relevance,Low Relevance,Low Relevance,Low Relevance,Low Relevance,Low Relevance,Low Relevance,Low Relevance,Low Relevance,Low Relevance,Low Relevance,Irrelevant,Irrelevant,Irrelevant,Irrelevant,Irrelevant,Irrelevant,Irrelevant,Irrelevant,Irrelevant,Irrelevant,Irrelevant,Irrelevant,Irrelevant,Irrelevant,Irrelevant,Irrelevant,Irrelevant,Irrelevant
ID0117,Irrelevant,Irrelevant,Low Relevance,Irrelevant,Irrelevant,Low Relevance,Irrelevant,Irrelevant,Irrelevant,Irrelevant,Irrelevant,Irrelevant,Irrelevant,Irrelevant,Irrelevant,Irrelevant,Irrelevant,Irrelevant,Irrelevant,Irrelevant,Irrelevant,Irrelevant,Irrelevant,Irrelevant,Irrelevant,Irrelevant,Irrelevant,Irrelevant,Irrelevant,Irrelevant
ID0119,Low Relevance,Irrelevant,Irrelevant,Irrelevant,Irrelevant,Irrelevant,Irrelevant,Irrelevant,Irrelevant,Irrelevant,Irrelevant,Irrelevant,Irrelevant,Irrelevant,Irrelevant,Irrelevant,Irrelevant,Irrelevant,Irrelevant,Irrelevant,Irrelevant,Irrelevant,Irrelevant,Irrelevant,Irrelevant,Irrelevant,Irrelevant,Irrelevant,Irrelevant,Irrelevant
ID0122,Low Relevance,Irrelevant,Irrelevant,Irrelevant,Irrelevant,Irrelevant,Irrelevant,Irrelevant,Irrelevant,Irrelevant,Irrelevant,Irrelevant,Irrelevant,Irrelevant,Irrelevant,Irrelevant,Irrelevant,Irrelevant,Irrelevant,Irrelevant,Irrelevant,Irrelevant,Irrelevant,Irrelevant,Irrelevant,Irrelevant,Irrelevant,Irrelevant,Irrelevant,Irrelevant
ID0124,Irrelevant,Low Relevance,Low Relevance,Low Relevance,Irrelevant,Irrelevant,Irrelevant,Irrelevant,Irrelevant,Low Relevance,Low Relevance,Irrelevant,Irrelevant,Irrelevant,Irrelevant,Irrelevant,Irrelevant,Irrelevant,Irrelevant,Irrelevant,Irrelevant,Irrelevant,Irrelevant,Irrelevant,Irrelevant,Irrelevant,Irrelevant,Irrelevant,Irrelevant,Irrelevant
ID0125,Low Relevance,Irrelevant,Irrelevant,Irrelevant,Irrelevant,Irrelevant,Irrelevant,Irrelevant,Irrelevant,Low Relevance,Irrelevant,Irrelevant,Irrelevant,Irrelevant,Irrelevant,Irrelevant,Irrelevant,Irrelevant,Irrelevant,Irrelevant,Irrelevant,Irrelevant,Irrelevant,Irrelevant,Irrelevant,Irrelevant,Irrelevant,Irrelevant,Irrelevant,Irrelevant
ID0127,High Relevance,Low Relevance,Low Relevance,Low Relevance,Low Relevance,Low Relevance,Low Relevance,Low Relevance,Low Relevance,Low Relevance,Irrelevant,Irrelevant,Irrelevant,Irrelevant,Irrelevant,Irrelevant,Irrelevant,Irrelevant,Irrelevant,Irrelevant,Irrelevant,Irrelevant,Irrelevant,Irrelevant,Irrelevant,Irrelevant,Irrelevant,Irrelevant,Irrelevant,Irrelevant
ID0129,Irrelevant,Irrelevant,Irrelevant,Irrelevant,Irrelevant,Irrelevant,Irrelevant,Irrelevant,Irrelevant,Irrelevant,Irrelevant,Irrelevant,Irrelevant,Irrelevant,Irrelevant,Irrelevant,Irrelevant,Irrelevant,Irrelevant,Irrelevant,Irrelevant,Irrelevant,Irrelevant,Irrelevant,Irrelevant,Irrelevant,Irrelevant,Irrelevant,Irrelevant,Irrelevant
ID0130,Low Relevance,Low Relevance,Low Relevance,Irrelevant,Low Relevance,Low Relevance,Low Relevance,Low Relevance,Low Relevance,Irrelevant,Irrelevant,Irrelevant,Irrelevant,Irrelevant,Irrelevant,Irrelevant,Irrelevant,Irrelevant,Irrelevant,Irrelevant,Irrelevant,Irrelevant,Irrelevant,Irrelevant,Irrelevant,Irrelevant,Irrelevant,Irrelevant,Irrelevant,Irrelevant
ID0133,Low Relevance,Irrelevant,Irrelevant,Irrelevant,Irrelevant,Irrelevant,Irrelevant,Irrelevant,Irrelevant,Irrelevant,Irrelevant,Irrelevant,Irrelevant,Irrelevant,Irrelevant,Irrelevant,Irrelevant,Irrelevant,Irrelevant,Irrelevant,Irrelevant,Irrelevant,Irrelevant,Irrelevant,Irrelevant,Irrelevant,Irrelevant,Irrelevant,Irrelevant,Irrelevant
ID0135,Low Relevance,Low Relevance,Low Relevance,Low Relevance,High Relevance,Low Relevance,Low Relevance,Low Relevance,Irrelevant,Irrelevant,Irrelevant,Irrelevant,Irrelevant,Irrelevant,Irrelevant,Irrelevant,Irrelevant,Irrelevant,Irrelevant,Irrelevant,Irrelevant,Irrelevant,Irrelevant,Irrelevant,Irrelevant,Irrelevant,Irrelevant,Irrelevant,Irrelevant,Irrelevant
ID0136,Low Relevance,Irrelevant,Low Relevance,Irrelevant,Irrelevant,Irrelevant,Irrelevant,Irrelevant,Irrelevant,Irrelevant,Irrelevant,Irrelevant,Irrelevant,Irrelevant,Irrelevant,Irrelevant,Irrelevant,Irrelevant,Irrelevant,Irrelevant,Irrelevant,Irrelevant,Irrelevant,Irrelevant,Irrelevant,Irrelevant,Irrelevant,Irrelevant,Irrelevant,Irrelevant
ID0137,Low Relevance,Low Relevance,Low Relevance,Low Relevance,Low Relevance,Low Relevance,Low Relevance,Low Relevance,Irrelevant,Irrelevant,Irrelevant,Irrelevant,Irrelevant,Irrelevant,Irrelevant,Irrelevant,Irrelevant,Irrelevant,Irrelevant,Irrelevant,Irrelevant,Irrelevant,Irrelevant,Irrelevant,Irrelevant,Irrelevant,Irrelevant,Irrelevant,Irrelevant,Irrelevant
ID0140,Low Relevance,Low Relevance,Low Relevance,Low Relevance,High Relevance,Low Relevance,Irrelevant,Irrelevant,Irrelevant,Irrelevant,Irrelevant,Irrelevant,Irrelevant,Irrelevant,Irrelevant,Irrelevant,Irrelevant,Irrelevant,Irrelevant,Irrelevant,Irrelevant,Irrelevant,Irrelevant,Irrelevant,Irrelevant,Irrelevant,Irrelevant,Irrelevant,Irrelevant,Irrelevant
ID0141,Low Relevance,Irrelevant,Low Relevance,Irrelevant,Irrelevant,Irrelevant,Irrelevant,Irrelevant,Irrelevant,Irrelevant,Irrelevant,Irrelevant,Irrelevant,Irrelevant,Irrelevant,Irrelevant,Irrelevant,Irrelevant,Irrelevant,Irrelevant,Irrelevant,Irrelevant,Irrelevant,Irrelevant,Irrelevant,Irrelevant,Irrelevant,Irrelevant,Irrelevant,Irrelevant
ID0142,Low Relevance,Low Relevance,Low Relevance,Low Relevance,Low Relevance,Low Relevance,Low Relevance,Low Relevance,Low Relevance,Low Relevance,Low Relevance,Irrelevant,Irrelevant,Irrelevant,Irrelevant,Irrelevant,Irrelevant,Irrelevant,Irrelevant,Irrelevant,Irrelevant,Irrelevant,Irrelevant,Irrelevant,Irrelevant,Irrelevant,Irrelevant,Irrelevant,Irrelevant,Irrelevant
ID0144,Low Relevance,Low Relevance,Low Relevance,Low Relevance,Low Relevance,Low Relevance,Low Relevance,Low Relevance,Low Relevance,Low Relevance,Low Relevance,Low Relevance,Irrelevant,Irrelevant,Irrelevant,Irrelevant,Irrelevant,Irrelevant,Irrelevant,Irrelevant,Irrelevant,Irrelevant,Irrelevant,Irrelevant,Irrelevant,Irrelevant,Irrelevant,Irrelevant,Irrelevant,Irrelevant
ID0146,Irrelevant,Irrelevant,Irrelevant,Irrelevant,Irrelevant,Irrelevant,Irrelevant,Irrelevant,Irrelevant,Irrelevant,Irrelevant,Irrelevant,Irrelevant,Irrelevant,Irrelevant,Irrelevant,Irrelevant,Irrelevant,Irrelevant,Irrelevant,Irrelevant,Irrelevant,Irrelevant,Irrelevant,Irrelevant,Irrelevant,Irrelevant,Irrelevant,Irrelevant,Irrelevant
ID0147,Low Relevance,Irrelevant,Irrelevant,Irrelevant,Irrelevant,Irrelevant,Low Relevance,Irrelevant,Irrelevant,Irrelevant,Irrelevant,Irrelevant,Irrelevant,Irrelevant,Irrelevant,Irrelevant,Irrelevant,Irrelevant,Irrelevant,Irrelevant,Irrelevant,Irrelevant,Irrelevant,Irrelevant,Irrelevant,Irrelevant,Irrelevant,Irrelevant,Irrelevant,Irrelevant
ID0148,Low Relevance,Irrelevant,Irrelevant,Irrelevant,Irrelevant,Irrelevant,Irrelevant,Irrelevant,Irrelevant,Irrelevant,Irrelevant,Irrelevant,Irrelevant,Irrelevant,Irrelevant,Irrelevant,Irrelevant,Irrelevant,Irrelevant,Irrelevant,Irrelevant,Irrelevant,Irrelevant,Irrelevant,Irrelevant,Irrelevant,Irrelevant,Irrelevant,Irrelevant,Irrelevant
ID0149,Low Relevance,Low Relevance,Low Relevance,Low Relevance,Low Relevance,Low Relevance,Low Relevance,Low Relevance,Low Relevance,Low Relevance,Irrelevant,Irrelevant,Irrelevant,Irrelevant,Irrelevant,Irrelevant,Irrelevant,Irrelevant,Irrelevant,Irrelevant,Irrelevant,Irrelevant,Irrelevant,Irrelevant,Irrelevant,Irrelevant,Irrelevant,Irrelevant,Irrelevant,Irrelevant
ID0150,Low Relevance,Low Relevance,Low Relevance,Low Relevance,Low Relevance,Low Relevance,Low Relevance,Low Relevance,Low Relevance,Low Relevance,Low Relevance,Low Relevance,Irrelevant,Irrelevant,Irrelevant,Irrelevant,Irrelevant,Irrelevant,Irrelevant,Irrelevant,Irrelevant,Irrelevant,Irrelevant,Irrelevant,Irrelevant,Irrelevant,Irrelevant,Irrelevant,Irrelevant,Irrelevant
ID0151,Low Relevance,Low Relevance,Low Relevance,Low Relevance,Irrelevant,Irrelevant,Irrelevant,Irrelevant,Irrelevant,Irrelevant,Irrelevant,Irrelevant,Irrelevant,Irrelevant,Irrelevant,Irrelevant,Irrelevant,Irrelevant,Irrelevant,Irrelevant,Irrelevant,Irrelevant,Irrelevant,Irrelevant,Irrelevant,Irrelevant,Irrelevant,Irrelevant,Irrelevant,Irrelevant
ID0152,Low Relevance,Low Relevance,Low Relevance,High Relevance,Low Relevance,Irrelevant,Irrelevant,Irrelevant,Irrelevant,Irrelevant,Irrelevant,Irrelevant,Irrelevant,Irrelevant,Irrelevant,Irrelevant,Irrelevant,Irrelevant,Irrelevant,Irrelevant,Irrelevant,Irrelevant,Irrelevant,Irrelevant,Irrelevant,Irrelevant,Irrelevant,Irrelevant,Irrelevant,Irrelevant
ID0153,Irrelevant,Irrelevant,Irrelevant,Irrelevant,Irrelevant,Irrelevant,Irrelevant,Irrelevant,Irrelevant,Irrelevant,Irrelevant,Irrelevant,Irrelevant,Irrelevant,Irrelevant,Irrelevant,Irrelevant,Irrelevant,Irrelevant,Irrelevant,Irrelevant,Irrelevant,Irrelevant,Irrelevant,Irrelevant,Irrelevant,Irrelevant,Irrelevant,Irrelevant,Irrelevant
ID0154,Low Relevance,Low Relevance,Low Relevance,Irrelevant,Irrelevant,Irrelevant,Irrelevant,Irrelevant,Irrelevant,High Relevance,Low Relevance,Irrelevant,Irrelevant,Irrelevant,Irrelevant,Irrelevant,Irrelevant,Irrelevant,Irrelevant,Irrelevant,Irrelevant,Irrelevant,Irrelevant,Irrelevant,Irrelevant,Irrelevant,Irrelevant,Irrelevant,Irrelevant,Irrelevant
ID0155,Irrelevant,Low Relevance,Low Relevance,Low Relevance,Low Relevance,Low Relevance,Low Relevance,Low Relevance,Low Relevance,Low Relevance,Low Relevance,Low Relevance,Irrelevant,Irrelevant,Irrelevant,Irrelevant,Irrelevant,Irrelevant,Irrelevant,Irrelevant,Irrelevant,Irrelevant,Irrelevant,Irrelevant,Irrelevant,Irrelevant,Irrelevant,Irrelevant,Irrelevant,Irrelevant
ID0157,Irrelevant,Irrelevant,Irrelevant,Irrelevant,Irrelevant,Irrelevant,Low Relevance,Irrelevant,Irrelevant,Irrelevant,Irrelevant,Irrelevant,Irrelevant,Irrelevant,Irrelevant,Irrelevant,Irrelevant,Irrelevant,Irrelevant,Irrelevant,Irrelevant,Irrelevant,Irrelevant,Irrelevant,Irrelevant,Irrelevant,Irrelevant,Irrelevant,Irrelevant,Irrelevant
ID0161,Low Relevance,Low Relevance,Low Relevance,Low Relevance,Low Relevance,Low Relevance,Low Relevance,Low Relevance,Low Relevance,Low Relevance,Low Relevance,Low Relevance,Irrelevant,Irrelevant,Irrelevant,Irrelevant,Irrelevant,Irrelevant,Irrelevant,Irrelevant,Irrelevant,Irrelevant,Irrelevant,Irrelevant,Irrelevant,Irrelevant,Irrelevant,Irrelevant,Irrelevant,Irrelevant
ID0162,Low Relevance,Low Relevance,Low Relevance,Low Relevance,Low Relevance,Low Relevance,Low Relevance,Low Relevance,Low Relevance,Low Relevance,Irrelevant,Irrelevant,Irrelevant,Irrelevant,Irrelevant,Irrelevant,Irrelevant,Irrelevant,Irrelevant,Irrelevant,Irrelevant,Irrelevant,Irrelevant,Irrelevant,Irrelevant,Irrelevant,Irrelevant,Irrelevant,Irrelevant,Irrelevant
ID0163,Irrelevant,Irrelevant,Irrelevant,Irrelevant,Irrelevant,Irrelevant,Irrelevant,Irrelevant,Irrelevant,Irrelevant,Irrelevant,Irrelevant,Irrelevant,Irrelevant,Irrelevant,Irrelevant,Irrelevant,Irrelevant,Irrelevant,Irrelevant,Irrelevant,Irrelevant,Irrelevant,Irrelevant,Irrelevant,Irrelevant,Irrelevant,Irrelevant,Irrelevant,Irrelevant
ID0164,High Relevance,Irrelevant,Irrelevant,Irrelevant,Irrelevant,Irrelevant,Irrelevant,Irrelevant,Irrelevant,Irrelevant,Irrelevant,Irrelevant,Irrelevant,Irrelevant,Irrelevant,Irrelevant,Irrelevant,Irrelevant,Irrelevant,Irrelevant,Irrelevant,Irrelevant,Irrelevant,Irrelevant,Irrelevant,Irrelevant,Irrelevant,Irrelevant,Irrelevant,Irrelevant
ID0165,Irrelevant,Irrelevant,High Relevance,Irrelevant,Irrelevant,Irrelevant,Irrelevant,Irrelevant,Irrelevant,Irrelevant,Irrelevant,Irrelevant,Irrelevant,Irrelevant,Irrelevant,Irrelevant,Irrelevant,Irrelevant,Irrelevant,Irrelevant,Irrelevant,Irrelevant,Irrelevant,Irrelevant,Irrelevant,Irrelevant,Irrelevant,Irrelevant,Irrelevant,Irrelevant
ID0166,Low Relevance,Low Relevance,Low Relevance,Low Relevance,Low Relevance,Irrelevant,Irrelevant,Irrelevant,Irrelevant,Irrelevant,Irrelevant,Irrelevant,Irrelevant,Irrelevant,Irrelevant,Irrelevant,Irrelevant,Irrelevant,Irrelevant,Irrelevant,Irrelevant,Irrelevant,Irrelevant,Irrelevant,Irrelevant,Irrelevant,Irrelevant,Irrelevant,Irrelevant,Irrelevant
ID0168,Low Relevance,Low Relevance,Low Relevance,Low Relevance,Low Relevance,Low Relevance,Low Relevance,Low Relevance,Low Relevance,Irrelevant,Irrelevant,Irrelevant,Irrelevant,Irrelevant,Irrelevant,Irrelevant,Irrelevant,Irrelevant,Irrelevant,Irrelevant,Irrelevant,Irrelevant,Irrelevant,Irrelevant,Irrelevant,Irrelevant,Irrelevant,Irrelevant,Irrelevant,Irrelevant
ID0169,Irrelevant,Irrelevant,Irrelevant,Irrelevant,Irrelevant,Irrelevant,Irrelevant,Irrelevant,Irrelevant,Irrelevant,Irrelevant,Irrelevant,Irrelevant,Irrelevant,Irrelevant,Irrelevant,Irrelevant,Irrelevant,Irrelevant,Irrelevant,Irrelevant,Irrelevant,Irrelevant,Irrelevant,Irrelevant,Irrelevant,Irrelevant,Irrelevant,Irrelevant,Irrelevant
ID0170,Low Relevance,High Relevance,Low Relevance,Low Relevance,Low Relevance,Low Relevance,Irrelevant,Irrelevant,Irrelevant,Irrelevant,Irrelevant,Irrelevant,Irrelevant,Irrelevant,Irrelevant,Irrelevant,Irrelevant,Irrelevant,Irrelevant,Irrelevant,Irrelevant,Irrelevant,Irrelevant,Irrelevant,Irrelevant,Irrelevant,Irrelevant,Irrelevant,Irrelevant,Irrelevant
ID0172,Low Relevance,Low Relevance,Low Relevance,Low Relevance,Low Relevance,Low Relevance,Low Relevance,Low Relevance,Low Relevance,Low Relevance,Low Relevance,Low Relevance,Irrelevant,Irrelevant,Irrelevant,Irrelevant,Irrelevant,Irrelevant,Irrelevant,Irrelevant,Irrelevant,Irrelevant,Irrelevant,Irrelevant,Irrelevant,Irrelevant,Irrelevant,Irrelevant,Irrelevant,Irrelevant
ID0177,Low Relevance,Irrelevant,Irrelevant,Irrelevant,Irrelevant,Irrelevant,Irrelevant,Irrelevant,Irrelevant,Irrelevant,Irrelevant,Irrelevant,Irrelevant,Irrelevant,Irrelevant,Irrelevant,Irrelevant,Irrelevant,Irrelevant,Irrelevant,Irrelevant,Irrelevant,Irrelevant,Irrelevant,Irrelevant,Irrelevant,Irrelevant,Irrelevant,Irrelevant,Irrelevant
ID0182,Low Relevance,Low Relevance,Low Relevance,Low Relevance,Low Relevance,Low Relevance,Low Relevance,Low Relevance,Irrelevant,Irrelevant,Irrelevant,Irrelevant,Irrelevant,Irrelevant,Irrelevant,Irrelevant,Irrelevant,Irrelevant,Irrelevant,Irrelevant,Irrelevant,Irrelevant,Irrelevant,Irrelevant,Irrelevant,Irrelevant,Irrelevant,Irrelevant,Irrelevant,Irrelevant
ID0184,Low Relevance,High Relevance,Low Relevance,Low Relevance,Low Relevance,Low Relevance,Low Relevance,Low Relevance,Irrelevant,Irrelevant,Low Relevance,Low Relevance,Irrelevant,Irrelevant,Irrelevant,Irrelevant,Irrelevant,Irrelevant,Irrelevant,Irrelevant,Irrelevant,Irrelevant,Irrelevant,Irrelevant,Irrelevant,Irrelevant,Irrelevant,Irrelevant,Irrelevant,Irrelevant
ID0185,Irrelevant,Irrelevant,Irrelevant,Irrelevant,Irrelevant,Irrelevant,Irrelevant,Irrelevant,Irrelevant,Irrelevant,Irrelevant,Irrelevant,Irrelevant,Irrelevant,Irrelevant,Irrelevant,Irrelevant,Irrelevant,Irrelevant,Irrelevant,Irrelevant,Irrelevant,Irrelevant,Irrelevant,Irrelevant,Irrelevant,Irrelevant,Irrelevant,Irrelevant,Irrelevant
ID0186,Low Relevance,Low Relevance,Low Relevance,Low Relevance,Low Relevance,Low Relevance,Low Relevance,Low Relevance,Low Relevance,Low Relevance,Low Relevance,Low Relevance,Irrelevant,Irrelevant,Irrelevant,Irrelevant,Irrelevant,Irrelevant,Irrelevant,Irrelevant,Irrelevant,Irrelevant,Irrelevant,Irrelevant,Irrelevant,Irrelevant,Irrelevant,Irrelevant,Irrelevant,Irrelevant
ID0189,Irrelevant,Irrelevant,Irrelevant,Irrelevant,Irrelevant,Low Relevance,Irrelevant,Irrelevant,Irrelevant,Irrelevant,Irrelevant,Irrelevant,Irrelevant,Irrelevant,Irrelevant,Irrelevant,Irrelevant,Irrelevant,Irrelevant,Irrelevant,Irrelevant,Irrelevant,Irrelevant,Irrelevant,Irrelevant,Irrelevant,Irrelevant,Irrelevant,Irrelevant,Irrelevant
ID0190,Low Relevance,Low Relevance,High Relevance,Low Relevance,Low Relevance,Irrelevant,Irrelevant,Irrelevant,Irrelevant,Irrelevant,Irrelevant,Irrelevant,Irrelevant,Irrelevant,Irrelevant,Irrelevant,Irrelevant,Irrelevant,Irrelevant,Irrelevant,Irrelevant,Irrelevant,Irrelevant,Irrelevant,Irrelevant,Irrelevant,Irrelevant,Irrelevant,Irrelevant,Irrelevant
ID0191,Irrelevant,Irrelevant,Irrelevant,Irrelevant,Irrelevant,Irrelevant,Irrelevant,Irrelevant,Irrelevant,Irrelevant,Irrelevant,Irrelevant,Irrelevant,Irrelevant,Irrelevant,Irrelevant,Irrelevant,Irrelevant,Irrelevant,Irrelevant,Irrelevant,Irrelevant,Irrelevant,Irrelevant,Irrelevant,Irrelevant,Irrelevant,Irrelevant,Irrelevant,Irrelevant
ID0192,Low Relevance,Low Relevance,Low Relevance,Low Relevance,Low Relevance,Low Relevance,Low Relevance,Low Relevance,Low Relevance,Low Relevance,Low Relevance,Low Relevance,Irrelevant,Irrelevant,Irrelevant,Irrelevant,Irrelevant,Irrelevant,Irrelevant,Irrelevant,Irrelevant,Irrelevant,Irrelevant,Irrelevant,Irrelevant,Irrelevant,Irrelevant,Irrelevant,Irrelevant,Irrelevant
ID0193,Low Relevance,Irrelevant,Irrelevant,Irrelevant,Irrelevant,Irrelevant,Irrelevant,Irrelevant,Irrelevant,Irrelevant,Irrelevant,Irrelevant,Irrelevant,Irrelevant,Irrelevant,Irrelevant,Irrelevant,Irrelevant,Irrelevant,Irrelevant,Irrelevant,Irrelevant,Irrelevant,Irrelevant,Irrelevant,Irrelevant,Irrelevant,Irrelevant,Irrelevant,Irrelevant
ID0195,Low Relevance,Irrelevant,Irrelevant,Irrelevant,Irrelevant,Irrelevant,Irrelevant,Irrelevant,Irrelevant,Irrelevant,Irrelevant,Irrelevant,Irrelevant,Irrelevant,Irrelevant,Irrelevant,Irrelevant,Irrelevant,Irrelevant,Irrelevant,Irrelevant,Irrelevant,Irrelevant,Irrelevant,Irrelevant,Irrelevant,Irrelevant,Irrelevant,Irrelevant,Irrelevant
ID0198,Low Relevance,High Relevance,Irrelevant,Irrelevant,Low Relevance,Irrelevant,Irrelevant,Irrelevant,Irrelevant,Irrelevant,Irrelevant,Irrelevant,Irrelevant,Irrelevant,Irrelevant,Irrelevant,Irrelevant,Irrelevant,Irrelevant,Irrelevant,Irrelevant,Irrelevant,Irrelevant,Irrelevant,Irrelevant,Irrelevant,Irrelevant,Irrelevant,Irrelevant,Irrelevant
ID0199,Irrelevant,Irrelevant,Irrelevant,Irrelevant,Irrelevant,Irrelevant,Irrelevant,Irrelevant,Irrelevant,Irrelevant,Irrelevant,Irrelevant,Irrelevant,Irrelevant,Irrelevant,Irrelevant,Irrelevant,Irrelevant,Irrelevant,Irrelevant,Irrelevant,Irrelevant,Irrelevant,Irrelevant,Irrelevant,Irrelevant,Irrelevant,Irrelevant,Irrelevant,Irrelevant
ID0200,Irrelevant,Low Relevance,Low Relevance,Low Relevance,Low Relevance,Low Relevance,Low Relevance,Low Relevance,Low Relevance,Irrelevant,Irrelevant,Irrelevant,Irrelevant,Irrelevant,Irrelevant,Irrelevant,Irrelevant,Irrelevant,Irrelevant,Irrelevant,Irrelevant,Irrelevant,Irrelevant,Irrelevant,Irrelevant,Irrelevant,Irrelevant,Irrelevant,Irrelevant,Irrelevant
ID0202,Irrelevant,Irrelevant,Irrelevant,Irrelevant,Irrelevant,Irrelevant,Irrelevant,Irrelevant,Low Relevance,Irrelevant,Irrelevant,Irrelevant,Irrelevant,Irrelevant,Irrelevant,Irrelevant,Irrelevant,Irrelevant,Irrelevant,Irrelevant,Irrelevant,Irrelevant,Irrelevant,Irrelevant,Irrelevant,Irrelevant,Irrelevant,Irrelevant,Irrelevant,Irrelevant
ID0206,Low Relevance,Irrelevant,Low Relevance,Low Relevance,Low Relevance,Low Relevance,Low Relevance,Irrelevant,Irrelevant,Irrelevant,Irrelevant,Irrelevant,Irrelevant,Irrelevant,Irrelevant,Irrelevant,Irrelevant,Irrelevant,Irrelevant,Irrelevant,Irrelevant,Irrelevant,Irrelevant,Irrelevant,Irrelevant,Irrelevant,Irrelevant,Irrelevant,Irrelevant,Irrelevant
ID0207,Low Relevance,Low Relevance,Low Relevance,Low Relevance,Low Relevance,Low Relevance,Low Relevance,Irrelevant,Irrelevant,Irrelevant,Irrelevant,Irrelevant,Irrelevant,Irrelevant,Irrelevant,Irrelevant,Irrelevant,Irrelevant,Irrelevant,Irrelevant,Irrelevant,Irrelevant,Irrelevant,Irrelevant,Irrelevant,Irrelevant,Irrelevant,Irrelevant,Irrelevant,Irrelevant
ID0209,Low Relevance,Low Relevance,Low Relevance,Low Relevance,Low Relevance,Low Relevance,Low Relevance,Low Relevance,Irrelevant,Irrelevant,Irrelevant,Irrelevant,Irrelevant,Irrelevant,Irrelevant,Irrelevant,Irrelevant,Irrelevant,Irrelevant,Irrelevant,Irrelevant,Irrelevant,Irrelevant,Irrelevant,Irrelevant,Irrelevant,Irrelevant,Irrelevant,Irrelevant,Irrelevant
ID0211,Low Relevance,Irrelevant,Irrelevant,Irrelevant,Irrelevant,Irrelevant,Irrelevant,Irrelevant,Irrelevant,Irrelevant,Irrelevant,Irrelevant,Irrelevant,Irrelevant,Irrelevant,Irrelevant,Irrelevant,Irrelevant,Irrelevant,Irrelevant,Irrelevant,Irrelevant,Irrelevant,Irrelevant,Irrelevant,Irrelevant,Irrelevant,Irrelevant,Irrelevant,Irrelevant
ID0213,Low Relevance,Low Relevance,Low Relevance,High Relevance,Low Relevance,Low Relevance,Low Relevance,Low Relevance,Low Relevance,Low Relevance,Low Relevance,Low Relevance,Irrelevant,Irrelevant,Irrelevant,Irrelevant,Irrelevant,Irrelevant,Irrelevant,Irrelevant,Irrelevant,Irrelevant,Irrelevant,Irrelevant,Irrelevant,Irrelevant,Irrelevant,Irrelevant,Irrelevant,Irrelevant
ID0215,Irrelevant,Irrelevant,Irrelevant,Irrelevant,Irrelevant,Irrelevant,Irrelevant,Irrelevant,Irrelevant,Irrelevant,Irrelevant,Irrelevant,Irrelevant,Irrelevant,Irrelevant,Irrelevant,Irrelevant,Irrelevant,Irrelevant,Irrelevant,Irrelevant,Irrelevant,Irrelevant,Irrelevant,Irrelevant,Irrelevant,Irrelevant,Irrelevant,Irrelevant,Irrelevant
ID0216,Irrelevant,Irrelevant,Irrelevant,Irrelevant,Irrelevant,Irrelevant,Irrelevant,Irrelevant,Irrelevant,Irrelevant,Irrelevant,Irrelevant,Irrelevant,Irrelevant,Irrelevant,Irrelevant,Irrelevant,Irrelevant,Irrelevant,Irrelevant,Irrelevant,Irrelevant,Irrelevant,Irrelevant,Irrelevant,Irrelevant,Irrelevant,Irrelevant,Irrelevant,Irrelevant
ID0217,Low Relevance,Irrelevant,Low Relevance,Low Relevance,Irrelevant,Irrelevant,Irrelevant,Irrelevant,Irrelevant,Irrelevant,Irrelevant,Irrelevant,Irrelevant,Irrelevant,Irrelevant,Irrelevant,Irrelevant,Irrelevant,Irrelevant,Irrelevant,Irrelevant,Irrelevant,Irrelevant,Irrelevant,Irrelevant,Irrelevant,Irrelevant,Irrelevant,Irrelevant,Irrelevant
ID0219,Irrelevant,Irrelevant,Irrelevant,Irrelevant,Irrelevant,Irrelevant,Irrelevant,Irrelevant,Irrelevant,Irrelevant,Irrelevant,Irrelevant,Irrelevant,Irrelevant,Irrelevant,Irrelevant,Irrelevant,Irrelevant,Irrelevant,Irrelevant,Irrelevant,Irrelevant,Irrelevant,Irrelevant,Irrelevant,Irrelevant,Irrelevant,Irrelevant,Irrelevant,Irrelevant
ID0220,Low Relevance,Low Relevance,Low Relevance,Low Relevance,Low Relevance,Low Relevance,Low Relevance,Low Relevance,Low Relevance,Low Relevance,Irrelevant,Irrelevant,Irrelevant,Irrelevant,Irrelevant,Irrelevant,Irrelevant,Irrelevant,Irrelevant,Irrelevant,Irrelevant,Irrelevant,Irrelevant,Irrelevant,Irrelevant,Irrelevant,Irrelevant,Irrelevant,Irrelevant,Irrelevant
ID0221,Low Relevance,Low Relevance,Low Relevance,Irrelevant,Low Relevance,Irrelevant,Low Relevance,Irrelevant,Irrelevant,Irrelevant,Irrelevant,Irrelevant,Irrelevant,Irrelevant,Irrelevant,Irrelevant,Irrelevant,Irrelevant,Irrelevant,Irrelevant,Irrelevant,Irrelevant,Irrelevant,Irrelevant,Irrelevant,Irrelevant,Irrelevant,Irrelevant,Irrelevant,Irrelevant
ID0222,Low Relevance,Irrelevant,Irrelevant,Irrelevant,Low Relevance,Low Relevance,Low Relevance,Irrelevant,Low Relevance,Low Relevance,Low Relevance,Low Relevance,Irrelevant,Irrelevant,Irrelevant,Irrelevant,Irrelevant,Irrelevant,Irrelevant,Irrelevant,Irrelevant,Irrelevant,Irrelevant,Irrelevant,Irrelevant,Irrelevant,Irrelevant,Irrelevant,Irrelevant,Irrelevant
ID0229,Irrelevant,Irrelevant,Irrelevant,Irrelevant,Irrelevant,Irrelevant,Irrelevant,Irrelevant,Irrelevant,Irrelevant,Irrelevant,Irrelevant,Irrelevant,Irrelevant,Irrelevant,Irrelevant,Irrelevant,Irrelevant,Irrelevant,Irrelevant,Irrelevant,Irrelevant,Irrelevant,Irrelevant,Irrelevant,Irrelevant,Irrelevant,Irrelevant,Irrelevant,Irrelevant
ID0230,Low Relevance,Irrelevant,Irrelevant,Irrelevant,Irrelevant,Low Relevance,Irrelevant,Irrelevant,Irrelevant,Irrelevant,Irrelevant,Irrelevant,Irrelevant,Irrelevant,Irrelevant,Irrelevant,Irrelevant,Irrelevant,Irrelevant,Irrelevant,Irrelevant,Irrelevant,Irrelevant,Irrelevant,Irrelevant,Irrelevant,Irrelevant,Irrelevant,Irrelevant,Irrelevant
ID0232,Irrelevant,Irrelevant,Irrelevant,Irrelevant,Irrelevant,High Relevance,Low Relevance,Irrelevant,Irrelevant,Irrelevant,Irrelevant,Irrelevant,Irrelevant,Irrelevant,Irrelevant,Irrelevant,Irrelevant,Irrelevant,Irrelevant,Irrelevant,Irrelevant,Irrelevant,Irrelevant,Irrelevant,Irrelevant,Irrelevant,Irrelevant,Irrelevant,Irrelevant,Irrelevant
ID0233,Low Relevance,Low Relevance,Low Relevance,Low Relevance,Low Relevance,Low Relevance,Low Relevance,Irrelevant,Irrelevant,Irrelevant,Irrelevant,Irrelevant,Irrelevant,Irrelevant,Irrelevant,Irrelevant,Irrelevant,Irrelevant,Irrelevant,Irrelevant,Irrelevant,Irrelevant,Irrelevant,Irrelevant,Irrelevant,Irrelevant,Irrelevant,Irrelevant,Irrelevant,Irrelevant
ID0235,Irrelevant,Irrelevant,Irrelevant,Irrelevant,Irrelevant,Irrelevant,Irrelevant,Irrelevant,Irrelevant,Irrelevant,Irrelevant,Irrelevant,Irrelevant,Irrelevant,Irrelevant,Irrelevant,Irrelevant,Irrelevant,Irrelevant,Irrelevant,Irrelevant,Irrelevant,Irrelevant,Irrelevant,Irrelevant,Irrelevant,Irrelevant,Irrelevant,Irrelevant,Irrelevant
ID0236,Low Relevance,Low Relevance,Low Relevance,Low Relevance,Low Relevance,Low Relevance,Low Relevance,Low Relevance,Low Relevance,Irrelevant,Irrelevant,Irrelevant,Irrelevant,Irrelevant,Irrelevant,Irrelevant,Irrelevant,Irrelevant,Irrelevant,Irrelevant,Irrelevant,Irrelevant,Irrelevant,Irrelevant,Irrelevant,Irrelevant,Irrelevant,Irrelevant,Irrelevant,Irrelevant
ID0237,Low Relevance,Low Relevance,Low Relevance,Low Relevance,Low Relevance,Low Relevance,Low Relevance,Low Relevance,Low Relevance,Low Relevance,Low Relevance,Irrelevant,Irrelevant,Irrelevant,Irrelevant,Irrelevant,Irrelevant,Irrelevant,Irrelevant,Irrelevant,Irrelevant,Irrelevant,Irrelevant,Irrelevant,Irrelevant,Irrelevant,Irrelevant,Irrelevant,Irrelevant,Irrelevant
ID0238,Low Relevance,Low Relevance,Low Relevance,Low Relevance,Low Relevance,Low Relevance,Low Relevance,Low Relevance,Low Relevance,Low Relevance,Low Relevance,Irrelevant,Irrelevant,Irrelevant,Irrelevant,Irrelevant,Irrelevant,Irrelevant,Irrelevant,Irrelevant,Irrelevant,Irrelevant,Irrelevant,Irrelevant,Irrelevant,Irrelevant,Irrelevant,Irrelevant,Irrelevant,Irrelevant
ID0240,Low Relevance,Low Relevance,Low Relevance,Low Relevance,Low Relevance,Low Relevance,Low Relevance,Low Relevance,Low Relevance,Irrelevant,Irrelevant,Irrelevant,Irrelevant,Irrelevant,Irrelevant,Irrelevant,Irrelevant,Irrelevant,Irrelevant,Irrelevant,Irrelevant,Irrelevant,Irrelevant,Irrelevant,Irrelevant,Irrelevant,Irrelevant,Irrelevant,Irrelevant,Irrelevant
ID0241,Low Relevance,Low Relevance,Low Relevance,Low Relevance,Low Relevance,Low Relevance,Low Relevance,Low Relevance,Low Relevance,Low Relevance,Irrelevant,Irrelevant,Irrelevant,Irrelevant,Irrelevant,Irrelevant,Irrelevant,Irrelevant,Irrelevant,Irrelevant,Irrelevant,Irrelevant,Irrelevant,Irrelevant,Irrelevant,Irrelevant,Irrelevant,Irrelevant,Irrelevant,Irrelevant
ID0242,Low Relevance,Irrelevant,Irrelevant,Irrelevant,Irrelevant,Irrelevant,Irrelevant,Irrelevant,Irrelevant,Irrelevant,Irrelevant,Irrelevant,Low Relevance,Irrelevant,Irrelevant,Irrelevant,Irrelevant,Irrelevant,Irrelevant,Irrelevant,Irrelevant,Irrelevant,Irrelevant,Irrelevant,Irrelevant,Irrelevant,Irrelevant,Irrelevant,Irrelevant,Irrelevant
ID0243,Low Relevance,Low Relevance,Low Relevance,Low Relevance,Low Relevance,Low Relevance,Low Relevance,Low Relevance,Low Relevance,Low Relevance,Low Relevance,Low Relevance,Irrelevant,Irrelevant,Irrelevant,Irrelevant,Irrelevant,Irrelevant,Irrelevant,Irrelevant,Irrelevant,Irrelevant,Irrelevant,Irrelevant,Irrelevant,Irrelevant,Irrelevant,Irrelevant,Irrelevant,Irrelevant
ID0244,Low Relevance,Low Relevance,Low Relevance,Low Relevance,Low Relevance,Low Relevance,Irrelevant,Irrelevant,Irrelevant,Irrelevant,Irrelevant,Irrelevant,Irrelevant,Irrelevant,Irrelevant,Irrelevant,Irrelevant,Irrelevant,Irrelevant,Irrelevant,Irrelevant,Irrelevant,Irrelevant,Irrelevant,Irrelevant,Irrelevant,Irrelevant,Irrelevant,Irrelevant,Irrelevant
ID0246,Irrelevant,Irrelevant,Low Relevance,Low Relevance,Low Relevance,Irrelevant,Irrelevant,Irrelevant,Irrelevant,Irrelevant,Irrelevant,Irrelevant,Irrelevant,Irrelevant,Irrelevant,Irrelevant,Irrelevant,Irrelevant,Irrelevant,Irrelevant,Irrelevant,Irrelevant,Irrelevant,Irrelevant,Irrelevant,Irrelevant,Irrelevant,Irrelevant,Irrelevant,Irrelevant
ID0247,High Relevance,Low Relevance,Low Relevance,Low Relevance,Low Relevance,Low Relevance,Low Relevance,Low Relevance,Low Relevance,Low Relevance,Low Relevance,Irrelevant,Irrelevant,Irrelevant,Irrelevant,Irrelevant,Irrelevant,Irrelevant,Irrelevant,Irrelevant,Irrelevant,Irrelevant,Irrelevant,Irrelevant,Irrelevant,Irrelevant,Irrelevant,Irrelevant,Irrelevant,Irrelevant
ID0248,High Relevance,Low Relevance,Low Relevance,Low Relevance,Low Relevance,Low Relevance,Irrelevant,Irrelevant,Irrelevant,Irrelevant,Irrelevant,Irrelevant,Irrelevant,Irrelevant,Irrelevant,Irrelevant,Irrelevant,Irrelevant,Irrelevant,Irrelevant,Irrelevant,Irrelevant,Irrelevant,Irrelevant,Irrelevant,Irrelevant,Irrelevant,Irrelevant,Irrelevant,Irrelevant
ID0249,Irrelevant,Irrelevant,Irrelevant,Irrelevant,Irrelevant,Irrelevant,Irrelevant,Irrelevant,Irrelevant,Irrelevant,Irrelevant,Irrelevant,Irrelevant,Irrelevant,Irrelevant,Irrelevant,Irrelevant,Irrelevant,Irrelevant,Irrelevant,Irrelevant,Irrelevant,Irrelevant,Irrelevant,Irrelevant,Irrelevant,Irrelevant,Irrelevant,Irrelevant,Irrelevant
ID0251,Low Relevance,High Relevance,Irrelevant,Irrelevant,Irrelevant,Irrelevant,Irrelevant,Irrelevant,Irrelevant,Irrelevant,Irrelevant,Irrelevant,Irrelevant,Irrelevant,Irrelevant,Irrelevant,Irrelevant,Irrelevant,Irrelevant,Irrelevant,Irrelevant,Irrelevant,Irrelevant,Irrelevant,Irrelevant,Irrelevant,Irrelevant,Irrelevant,Irrelevant,Irrelevant
ID0253,Low Relevance,Irrelevant,Irrelevant,Irrelevant,Irrelevant,Irrelevant,Irrelevant,Irrelevant,Irrelevant,Irrelevant,Irrelevant,Irrelevant,Irrelevant,Irrelevant,Irrelevant,Irrelevant,Irrelevant,Irrelevant,Irrelevant,Irrelevant,Irrelevant,Irrelevant,Irrelevant,Irrelevant,Irrelevant,Irrelevant,Irrelevant,Irrelevant,Irrelevant,Irrelevant
ID0254,Low Relevance,Low Relevance,Irrelevant,Irrelevant,Irrelevant,Low Relevance,Irrelevant,Low Relevance,Low Relevance,Irrelevant,Irrelevant,Irrelevant,Irrelevant,Irrelevant,Irrelevant,Irrelevant,Irrelevant,Irrelevant,Irrelevant,Irrelevant,Irrelevant,Irrelevant,Irrelevant,Irrelevant,Irrelevant,Irrelevant,Irrelevant,Irrelevant,Irrelevant,Irrelevant
ID0256,Low Relevance,Irrelevant,Irrelevant,Irrelevant,Irrelevant,Irrelevant,Irrelevant,Irrelevant,Irrelevant,Irrelevant,Irrelevant,Irrelevant,Irrelevant,Irrelevant,Irrelevant,Irrelevant,Irrelevant,Irrelevant,Irrelevant,Irrelevant,Irrelevant,Irrelevant,Irrelevant,Irrelevant,Irrelevant,Irrelevant,Irrelevant,Irrelevant,Irrelevant,Irrelevant
ID0257,Low Relevance,Low Relevance,Low Relevance,Low Relevance,Low Relevance,Low Relevance,Low Relevance,Low Relevance,Low Relevance,Low Relevance,Low Relevance,Low Relevance,Irrelevant,Irrelevant,Irrelevant,Irrelevant,Irrelevant,Irrelevant,Irrelevant,Irrelevant,Irrelevant,Irrelevant,Irrelevant,Irrelevant,Irrelevant,Irrelevant,Irrelevant,Irrelevant,Irrelevant,Irrelevant
ID0258,Irrelevant,Irrelevant,Irrelevant,Irrelevant,Irrelevant,Irrelevant,Irrelevant,Irrelevant,Irrelevant,Irrelevant,Irrelevant,Irrelevant,Irrelevant,Irrelevant,Irrelevant,Irrelevant,Irrelevant,Irrelevant,Irrelevant,Irrelevant,Irrelevant,Irrelevant,Irrelevant,Irrelevant,Irrelevant,Irrelevant,Irrelevant,Irrelevant,Irrelevant,Irrelevant
ID0262,Low Relevance,Low Relevance,Low Relevance,Low Relevance,Low Relevance,Low Relevance,Low Relevance,Low Relevance,Irrelevant,Irrelevant,Irrelevant,Irrelevant,Irrelevant,Irrelevant,Irrelevant,Irrelevant,Irrelevant,Irrelevant,Irrelevant,Irrelevant,Irrelevant,Irrelevant,Irrelevant,Irrelevant,Irrelevant,Irrelevant,Irrelevant,Irrelevant,Irrelevant,Irrelevant
ID0265,Irrelevant,Irrelevant,High Relevance,Low Relevance,Irrelevant,Irrelevant,Irrelevant,Irrelevant,Irrelevant,Irrelevant,Irrelevant,Irrelevant,Irrelevant,Irrelevant,Irrelevant,Irrelevant,Irrelevant,Irrelevant,Irrelevant,Irrelevant,Irrelevant,Irrelevant,Irrelevant,Irrelevant,Irrelevant,Irrelevant,Irrelevant,Irrelevant,Irrelevant,Irrelevant
ID0268,Irrelevant,Irrelevant,Irrelevant,Irrelevant,Irrelevant,Irrelevant,Irrelevant,Irrelevant,Irrelevant,Irrelevant,Irrelevant,Irrelevant,Irrelevant,Irrelevant,Irrelevant,Irrelevant,Irrelevant,Irrelevant,Irrelevant,Irrelevant,Irrelevant,Irrelevant,Irrelevant,Irrelevant,Irrelevant,Irrelevant,Irrelevant,Irrelevant,Irrelevant,Irrelevant
ID0270,Low Relevance,High Relevance,Low Relevance,Low Relevance,Low Relevance,Low Relevance,Low Relevance,Low Relevance,Low Relevance,Low Relevance,Low Relevance,Low Relevance,Irrelevant,Irrelevant,Irrelevant,Irrelevant,Irrelevant,Irrelevant,Irrelevant,Irrelevant,Irrelevant,Irrelevant,Irrelevant,Irrelevant,Irrelevant,Irrelevant,Irrelevant,Irrelevant,Irrelevant,Irrelevant
ID0275,Low Relevance,Low Relevance,Low Relevance,Irrelevant,Irrelevant,Irrelevant,Low Relevance,Low Relevance,Low Relevance,Irrelevant,Irrelevant,Irrelevant,Irrelevant,Irrelevant,Irrelevant,Irrelevant,Irrelevant,Irrelevant,Irrelevant,Irrelevant,Irrelevant,Irrelevant,Irrelevant,Irrelevant,Irrelevant,Irrelevant,Irrelevant,Irrelevant,Irrelevant,Irrelevant
ID0277,Irrelevant,Irrelevant,High Relevance,Irrelevant,Irrelevant,Low Relevance,Irrelevant,Irrelevant,Irrelevant,Irrelevant,Irrelevant,Irrelevant,Irrelevant,Irrelevant,Irrelevant,Irrelevant,Irrelevant,Irrelevant,Irrelevant,Irrelevant,Irrelevant,Irrelevant,Irrelevant,Irrelevant,Irrelevant,Irrelevant,Irrelevant,Irrelevant,Irrelevant,Irrelevant
ID0278,Low Relevance,Low Relevance,Low Relevance,Low Relevance,Low Relevance,Low Relevance,Low Relevance,Low Relevance,Irrelevant,Irrelevant,Irrelevant,Irrelevant,Irrelevant,Irrelevant,Irrelevant,Irrelevant,Irrelevant,Irrelevant,Irrelevant,Irrelevant,Irrelevant,Irrelevant,Irrelevant,Irrelevant,Irrelevant,Irrelevant,Irrelevant,Irrelevant,Irrelevant,Irrelevant
ID0280,Low Relevance,Irrelevant,Low Relevance,Low Relevance,Irrelevant,Irrelevant,Irrelevant,Irrelevant,Irrelevant,Irrelevant,Irrelevant,Irrelevant,Irrelevant,Irrelevant,Irrelevant,Irrelevant,Irrelevant,Irrelevant,Irrelevant,Irrelevant,Irrelevant,Irrelevant,Irrelevant,Irrelevant,Irrelevant,Irrelevant,Irrelevant,Irrelevant,Irrelevant,Irrelevant
ID0281,Irrelevant,Irrelevant,Irrelevant,Low Relevance,Low Relevance,Low Relevance,Irrelevant,Irrelevant,Irrelevant,Irrelevant,Irrelevant,Irrelevant,Irrelevant,Irrelevant,Irrelevant,Irrelevant,Irrelevant,Irrelevant,Irrelevant,Irrelevant,Irrelevant,Irrelevant,Irrelevant,Irrelevant,Irrelevant,Irrelevant,Irrelevant,Irrelevant,Irrelevant,Irrelevant
ID0283,Low Relevance,Low Relevance,Low Relevance,High Relevance,Low Relevance,Low Relevance,Low Relevance,Low Relevance,Low Relevance,Low Relevance,Low Relevance,Low Relevance,Irrelevant,Irrelevant,Irrelevant,Irrelevant,Irrelevant,Irrelevant,Irrelevant,Irrelevant,Irrelevant,Irrelevant,Irrelevant,Irrelevant,Irrelevant,Irrelevant,Irrelevant,Irrelevant,Irrelevant,Irrelevant
ID0284,Low Relevance,Low Relevance,Low Relevance,Low Relevance,Low Relevance,Low Relevance,Low Relevance,Low Relevance,Irrelevant,Irrelevant,Irrelevant,Irrelevant,Irrelevant,Irrelevant,Irrelevant,Irrelevant,Irrelevant,Irrelevant,Irrelevant,Irrelevant,Irrelevant,Irrelevant,Irrelevant,Irrelevant,Irrelevant,Irrelevant,Irrelevant,Irrelevant,Irrelevant,Irrelevant
ID0286,Irrelevant,Irrelevant,Irrelevant,Irrelevant,Irrelevant,Irrelevant,Irrelevant,Irrelevant,Irrelevant,Irrelevant,Irrelevant,Irrelevant,Irrelevant,Irrelevant,Irrelevant,Irrelevant,Irrelevant,Irrelevant,Irrelevant,Irrelevant,Irrelevant,Irrelevant,Irrelevant,Irrelevant,Irrelevant,Irrelevant,Irrelevant,Irrelevant,Irrelevant,Irrelevant
ID0287,Irrelevant,Irrelevant,Irrelevant,Irrelevant,Irrelevant,Irrelevant,Irrelevant,Irrelevant,Irrelevant,Irrelevant,Irrelevant,Irrelevant,Low Relevance,Irrelevant,Irrelevant,Irrelevant,Irrelevant,Irrelevant,Irrelevant,Irrelevant,Irrelevant,Irrelevant,Irrelevant,Irrelevant,Irrelevant,Irrelevant,Irrelevant,Irrelevant,Irrelevant,Irrelevant
ID0289,Irrelevant,Irrelevant,Irrelevant,Irrelevant,Irrelevant,Irrelevant,Irrelevant,Irrelevant,Irrelevant,Irrelevant,Irrelevant,Irrelevant,Irrelevant,Irrelevant,Irrelevant,Irrelevant,Irrelevant,Irrelevant,Irrelevant,Irrelevant,Irrelevant,Irrelevant,Irrelevant,Irrelevant,Irrelevant,Irrelevant,Irrelevant,Irrelevant,Irrelevant,Irrelevant
ID0291,Low Relevance,Low Relevance,Low Relevance,Low Relevance,Low Relevance,Low Relevance,Low Relevance,Low Relevance,Irrelevant,Irrelevant,Irrelevant,Irrelevant,Irrelevant,Irrelevant,Irrelevant,Irrelevant,Irrelevant,Irrelevant,Irrelevant,Irrelevant,Irrelevant,Irrelevant,Irrelevant,Irrelevant,Irrelevant,Irrelevant,Irrelevant,Irrelevant,Irrelevant,Irrelevant
ID0292,Low Relevance,Low Relevance,Low Relevance,Low Relevance,Low Relevance,Low Relevance,Low Relevance,Low Relevance,Irrelevant,Irrelevant,Irrelevant,Irrelevant,Irrelevant,Irrelevant,Irrelevant,Irrelevant,Irrelevant,Irrelevant,Irrelevant,Irrelevant,Irrelevant,Irrelevant,Irrelevant,Irrelevant,Irrelevant,Irrelevant,Irrelevant,Irrelevant,Irrelevant,Irrelevant
ID0293,Low Relevance,Low Relevance,Low Relevance,Low Relevance,Irrelevant,Irrelevant,Irrelevant,Irrelevant,Irrelevant,Irrelevant,Irrelevant,Irrelevant,Irrelevant,Irrelevant,Irrelevant,Irrelevant,Irrelevant,Irrelevant,Irrelevant,Irrelevant,Irrelevant,Irrelevant,Irrelevant,Irrelevant,Irrelevant,Irrelevant,Irrelevant,Irrelevant,Irrelevant,Irrelevant
ID0295,Irrelevant,Irrelevant,Irrelevant,Irrelevant,Irrelevant,Irrelevant,Irrelevant,Irrelevant,Low Relevance,Irrelevant,Irrelevant,Irrelevant,Irrelevant,Irrelevant,Irrelevant,Irrelevant,Irrelevant,Irrelevant,Irrelevant,Irrelevant,Irrelevant,Irrelevant,Irrelevant,Irrelevant,Irrelevant,Irrelevant,Irrelevant,Irrelevant,Irrelevant,Irrelevant
ID0296,Low Relevance,Low Relevance,Low Relevance,Low Relevance,Low Relevance,Low Relevance,Low Relevance,Low Relevance,Low Relevance,Low Relevance,Low Relevance,Low Relevance,Irrelevant,Irrelevant,Irrelevant,Irrelevant,Irrelevant,Irrelevant,Irrelevant,Irrelevant,Irrelevant,Irrelevant,Irrelevant,Irrelevant,Irrelevant,Irrelevant,Irrelevant,Irrelevant,Irrelevant,Irrelevant
ID0297,Irrelevant,Irrelevant,Irrelevant,Irrelevant,Irrelevant,Irrelevant,Irrelevant,Irrelevant,Irrelevant,Irrelevant,Irrelevant,Irrelevant,Irrelevant,Irrelevant,Irrelevant,Irrelevant,Irrelevant,Irrelevant,Irrelevant,Irrelevant,Irrelevant,Irrelevant,Irrelevant,Irrelevant,Irrelevant,Irrelevant,Irrelevant,Irrelevant,Irrelevant,Irrelevant
ID0298,Low Relevance,Irrelevant,Irrelevant,Irrelevant,Irrelevant,Irrelevant,Irrelevant,Irrelevant,Irrelevant,Irrelevant,Irrelevant,Irrelevant,Irrelevant,Irrelevant,Irrelevant,Irrelevant,Irrelevant,Irrelevant,Irrelevant,Irrelevant,Irrelevant,Irrelevant,Irrelevant,Irrelevant,Irrelevant,Irrelevant,Irrelevant,Irrelevant,Irrelevant,Irrelevant
ID0300,Irrelevant,Irrelevant,Irrelevant,Irrelevant,Irrelevant,Irrelevant,Irrelevant,Irrelevant,Irrelevant,Irrelevant,Irrelevant,Irrelevant,Irrelevant,Irrelevant,Irrelevant,Irrelevant,Irrelevant,Irrelevant,Irrelevant,Irrelevant,Irrelevant,Irrelevant,Irrelevant,Irrelevant,Irrelevant,Irrelevant,Irrelevant,Irrelevant,Irrelevant,Irrelevant
ID0301,Low Relevance,Irrelevant,Low Relevance,Irrelevant,Irrelevant,Irrelevant,Irrelevant,Irrelevant,Low Relevance,Irrelevant,Irrelevant,Irrelevant,Irrelevant,Irrelevant,Irrelevant,Irrelevant,Irrelevant,Irrelevant,Irrelevant,Irrelevant,Irrelevant,Irrelevant,Irrelevant,Irrelevant,Irrelevant,Irrelevant,Irrelevant,Irrelevant,Irrelevant,Irrelevant
ID0302,Low Relevance,Low Relevance,Low Relevance,Low Relevance,Low Relevance,Low Relevance,Low Relevance,Low Relevance,Low Relevance,Low Relevance,Low Relevance,Low Relevance,Irrelevant,Irrelevant,Irrelevant,Irrelevant,Irrelevant,Irrelevant,Irrelevant,Irrelevant,Irrelevant,Irrelevant,Irrelevant,Irrelevant,Irrelevant,Irrelevant,Irrelevant,Irrelevant,Irrelevant,Irrelevant
ID0303,Irrelevant,Irrelevant,Irrelevant,Irrelevant,Irrelevant,Irrelevant,Irrelevant,Irrelevant,Irrelevant,Irrelevant,Irrelevant,Irrelevant,Irrelevant,Irrelevant,Irrelevant,Irrelevant,Irrelevant,Irrelevant,Irrelevant,Irrelevant,Irrelevant,Irrelevant,Irrelevant,Irrelevant,Irrelevant,Irrelevant,Irrelevant,Irrelevant,Irrelevant,Irrelevant
ID0304,Low Relevance,High Relevance,Irrelevant,Irrelevant,Irrelevant,Irrelevant,Irrelevant,Irrelevant,Irrelevant,Irrelevant,Irrelevant,Irrelevant,Irrelevant,Irrelevant,Irrelevant,Irrelevant,Irrelevant,Irrelevant,Irrelevant,Irrelevant,Irrelevant,Irrelevant,Irrelevant,Irrelevant,Irrelevant,Irrelevant,Irrelevant,Irrelevant,Irrelevant,Irrelevant
ID0305,Irrelevant,Irrelevant,Irrelevant,Irrelevant,Irrelevant,Low Relevance,Irrelevant,Irrelevant,Irrelevant,Irrelevant,Irrelevant,Irrelevant,Irrelevant,Irrelevant,Irrelevant,Irrelevant,Irrelevant,Irrelevant,Irrelevant,Irrelevant,Irrelevant,Irrelevant,Irrelevant,Irrelevant,Irrelevant,Irrelevant,Irrelevant,Irrelevant,Irrelevant,Irrelevant
ID0307,Low Relevance,Low Relevance,Low Relevance,Low Relevance,Low Relevance,Low Relevance,Low Relevance,Low Relevance,Low Relevance,Low Relevance,Low Relevance,Low Relevance,Irrelevant,Irrelevant,Irrelevant,Irrelevant,Irrelevant,Irrelevant,Irrelevant,Irrelevant,Irrelevant,Irrelevant,Irrelevant,Irrelevant,Irrelevant,Irrelevant,Irrelevant,Irrelevant,Irrelevant,Irrelevant
ID0309,Low Relevance,Irrelevant,Irrelevant,Low Relevance,Low Relevance,Low Relevance,Low Relevance,Low Relevance,Low Relevance,Irrelevant,Irrelevant,Irrelevant,Irrelevant,Irrelevant,Irrelevant,Irrelevant,Irrelevant,Irrelevant,Irrelevant,Irrelevant,Irrelevant,Irrelevant,Irrelevant,Irrelevant,Irrelevant,Irrelevant,Irrelevant,Irrelevant,Irrelevant,Irrelevant
ID0310,Irrelevant,Irrelevant,Irrelevant,Irrelevant,Irrelevant,Irrelevant,Irrelevant,Irrelevant,Irrelevant,Irrelevant,Irrelevant,Irrelevant,Irrelevant,Irrelevant,Irrelevant,Irrelevant,Irrelevant,Irrelevant,Irrelevant,Irrelevant,Irrelevant,Irrelevant,Irrelevant,Irrelevant,Irrelevant,Irrelevant,Irrelevant,Irrelevant,Irrelevant,Irrelevant
ID0313,Irrelevant,Irrelevant,High Relevance,Low Relevance,Low Relevance,Low Relevance,Low Relevance,High Relevance,Low Relevance,Low Relevance,Low Relevance,Low Relevance,Irrelevant,Irrelevant,Irrelevant,Irrelevant,Irrelevant,Irrelevant,Irrelevant,Irrelevant,Irrelevant,Irrelevant,Irrelevant,Irrelevant,Irrelevant,Irrelevant,Irrelevant,Irrelevant,Irrelevant,Irrelevant
ID0314,Low Relevance,Low Relevance,Low Relevance,Low Relevance,Irrelevant,Irrelevant,Irrelevant,Low Relevance,Low Relevance,Low Relevance,Irrelevant,Irrelevant,Irrelevant,Irrelevant,Irrelevant,Irrelevant,Irrelevant,Irrelevant,Irrelevant,Irrelevant,Irrelevant,Irrelevant,Irrelevant,Irrelevant,Irrelevant,Irrelevant,Irrelevant,Irrelevant,Irrelevant,Irrelevant
ID0315,Low Relevance,Low Relevance,Low Relevance,High Relevance,Low Relevance,Low Relevance,Low Relevance,Low Relevance,Low Relevance,Low Relevance,Low Relevance,Low Relevance,Irrelevant,Irrelevant,Irrelevant,Irrelevant,Irrelevant,Irrelevant,Irrelevant,Irrelevant,Irrelevant,Irrelevant,Irrelevant,Irrelevant,Irrelevant,Irrelevant,Irrelevant,Irrelevant,Irrelevant,Irrelevant
ID0317,Low Relevance,Low Relevance,Low Relevance,Low Relevance,Low Relevance,Low Relevance,Irrelevant,Irrelevant,Irrelevant,Irrelevant,Irrelevant,Irrelevant,Irrelevant,Irrelevant,Irrelevant,Irrelevant,Irrelevant,Irrelevant,Irrelevant,Irrelevant,Irrelevant,Irrelevant,Irrelevant,Irrelevant,Irrelevant,Irrelevant,Irrelevant,Irrelevant,Irrelevant,Irrelevant
ID0320,Low Relevance,Low Relevance,Low Relevance,Low Relevance,Low Relevance,Low Relevance,Low Relevance,Low Relevance,Low Relevance,Low Relevance,Irrelevant,Irrelevant,Irrelevant,Irrelevant,Irrelevant,Irrelevant,Irrelevant,Irrelevant,Irrelevant,Irrelevant,Irrelevant,Irrelevant,Irrelevant,Irrelevant,Irrelevant,Irrelevant,Irrelevant,Irrelevant,Irrelevant,Irrelevant
ID0321,Irrelevant,Irrelevant,Irrelevant,Irrelevant,Irrelevant,Irrelevant,Irrelevant,Irrelevant,Irrelevant,Irrelevant,Irrelevant,Irrelevant,Irrelevant,Irrelevant,Irrelevant,Irrelevant,Irrelevant,Irrelevant,Irrelevant,Irrelevant,Irrelevant,Irrelevant,Irrelevant,Irrelevant,Irrelevant,Irrelevant,Irrelevant,Irrelevant,Irrelevant,Irrelevant
ID0323,Irrelevant,Irrelevant,Irrelevant,Irrelevant,Irrelevant,Irrelevant,Irrelevant,Irrelevant,Irrelevant,Irrelevant,Irrelevant,Irrelevant,Irrelevant,Irrelevant,Irrelevant,Irrelevant,Irrelevant,Irrelevant,Irrelevant,Irrelevant,Irrelevant,Irrelevant,Irrelevant,Irrelevant,Irrelevant,Irrelevant,Irrelevant,Irrelevant,Irrelevant,Irrelevant
ID0324,Low Relevance,Irrelevant,Irrelevant,Irrelevant,Irrelevant,Irrelevant,Irrelevant,Irrelevant,Irrelevant,Irrelevant,Irrelevant,Irrelevant,Irrelevant,Irrelevant,Irrelevant,Irrelevant,Irrelevant,Irrelevant,Irrelevant,Irrelevant,Irrelevant,Irrelevant,Irrelevant,Irrelevant,Irrelevant,Irrelevant,Irrelevant,Irrelevant,Irrelevant,Irrelevant
ID0325,High Relevance,Low Relevance,Low Relevance,Low Relevance,Low Relevance,Low Relevance,Low Relevance,Low Relevance,Low Relevance,Low Relevance,Irrelevant,Irrelevant,Irrelevant,Irrelevant,Irrelevant,Irrelevant,Irrelevant,Irrelevant,Irrelevant,Irrelevant,Irrelevant,Irrelevant,Irrelevant,Irrelevant,Irrelevant,Irrelevant,Irrelevant,Irrelevant,Irrelevant,Irrelevant
ID0326,Low Relevance,Low Relevance,Low Relevance,Low Relevance,Low Relevance,Irrelevant,Low Relevance,Low Relevance,Low Relevance,Irrelevant,Irrelevant,Irrelevant,Irrelevant,Irrelevant,Irrelevant,Irrelevant,Irrelevant,Irrelevant,Irrelevant,Irrelevant,Irrelevant,Irrelevant,Irrelevant,Irrelevant,Irrelevant,Irrelevant,Irrelevant,Irrelevant,Irrelevant,Irrelevant
ID0327,Low Relevance,Low Relevance,Low Relevance,High Relevance,Low Relevance,Irrelevant,Irrelevant,Irrelevant,Irrelevant,Irrelevant,Irrelevant,Irrelevant,Irrelevant,Irrelevant,Irrelevant,Irrelevant,Irrelevant,Irrelevant,Irrelevant,Irrelevant,Irrelevant,Irrelevant,Irrelevant,Irrelevant,Irrelevant,Irrelevant,Irrelevant,Irrelevant,Irrelevant,Irrelevant
ID0328,Irrelevant,Irrelevant,Irrelevant,Irrelevant,Irrelevant,Irrelevant,Irrelevant,Irrelevant,Irrelevant,Irrelevant,Irrelevant,Irrelevant,Irrelevant,Irrelevant,Irrelevant,Irrelevant,Irrelevant,Irrelevant,Irrelevant,Irrelevant,Irrelevant,Irrelevant,Irrelevant,Irrelevant,Irrelevant,Irrelevant,Irrelevant,Irrelevant,Irrelevant,Irrelevant
ID0330,Low Relevance,Low Relevance,Low Relevance,Low Relevance,Low Relevance,Low Relevance,Low Relevance,Low Relevance,Low Relevance,Irrelevant,Irrelevant,Irrelevant,Irrelevant,Irrelevant,Irrelevant,Irrelevant,Irrelevant,Irrelevant,Irrelevant,Irrelevant,Irrelevant,Irrelevant,Irrelevant,Irrelevant,Irrelevant,Irrelevant,Irrelevant,Irrelevant,Irrelevant,Irrelevant
ID0331,Low Relevance,Low Relevance,Low Relevance,Low Relevance,Low Relevance,Low Relevance,Low Relevance,Low Relevance,Low Relevance,Low Relevance,Low Relevance,Irrelevant,Irrelevant,Irrelevant,Irrelevant,Irrelevant,Irrelevant,Irrelevant,Irrelevant,Irrelevant,Irrelevant,Irrelevant,Irrelevant,Irrelevant,Irrelevant,Irrelevant,Irrelevant,Irrelevant,Irrelevant,Irrelevant
ID0332,Irrelevant,Irrelevant,Irrelevant,Irrelevant,Irrelevant,Irrelevant,Irrelevant,Irrelevant,Irrelevant,Irrelevant,Irrelevant,Irrelevant,Irrelevant,Irrelevant,Irrelevant,Irrelevant,Irrelevant,Irrelevant,Irrelevant,Irrelevant,Irrelevant,Irrelevant,Irrelevant,Irrelevant,Irrelevant,Irrelevant,Irrelevant,Irrelevant,Irrelevant,Irrelevant
ID0334,Low Relevance,Low Relevance,Low Relevance,Low Relevance,Low Relevance,Low Relevance,Low Relevance,Low Relevance,Low Relevance,High Relevance,High Relevance,Irrelevant,Irrelevant,Irrelevant,Irrelevant,Irrelevant,Irrelevant,Irrelevant,Irrelevant,Irrelevant,Irrelevant,Irrelevant,Irrelevant,Irrelevant,Irrelevant,Irrelevant,Irrelevant,Irrelevant,Irrelevant,Irrelevant
ID0336,Low Relevance,Irrelevant,Irrelevant,Irrelevant,Irrelevant,Irrelevant,Irrelevant,Irrelevant,Irrelevant,Irrelevant,Irrelevant,Irrelevant,Irrelevant,Irrelevant,Irrelevant,Irrelevant,Irrelevant,Irrelevant,Irrelevant,Irrelevant,Irrelevant,Irrelevant,Irrelevant,Irrelevant,Irrelevant,Irrelevant,Irrelevant,Irrelevant,Irrelevant,Irrelevant
ID0337,Irrelevant,Irrelevant,Irrelevant,Irrelevant,Irrelevant,Irrelevant,Irrelevant,Irrelevant,Irrelevant,Irrelevant,Irrelevant,Irrelevant,Irrelevant,Irrelevant,Irrelevant,Irrelevant,Irrelevant,Irrelevant,Irrelevant,Irrelevant,Irrelevant,Irrelevant,Irrelevant,Irrelevant,Irrelevant,Irrelevant,Irrelevant,Irrelevant,Irrelevant,Irrelevant
ID0339,Low Relevance,Irrelevant,Low Relevance,Low Relevance,Irrelevant,Irrelevant,Irrelevant,Irrelevant,Irrelevant,Irrelevant,Irrelevant,Irrelevant,Irrelevant,Irrelevant,Irrelevant,Irrelevant,Irrelevant,Irrelevant,Irrelevant,Irrelevant,Irrelevant,Irrelevant,Irrelevant,Irrelevant,Irrelevant,Irrelevant,Irrelevant,Irrelevant,Irrelevant,Irrelevant
ID0342,Irrelevant,Irrelevant,Irrelevant,Irrelevant,Irrelevant,Irrelevant,Irrelevant,Irrelevant,Irrelevant,Irrelevant,Irrelevant,Irrelevant,Irrelevant,Irrelevant,Irrelevant,Irrelevant,Irrelevant,Irrelevant,Irrelevant,Irrelevant,Irrelevant,Irrelevant,Irrelevant,Irrelevant,Irrelevant,Irrelevant,Irrelevant,Irrelevant,Irrelevant,Irrelevant
ID0345,Irrelevant,Irrelevant,Irrelevant,Irrelevant,Irrelevant,Irrelevant,Irrelevant,Irrelevant,Irrelevant,Irrelevant,Irrelevant,Irrelevant,Irrelevant,Irrelevant,Irrelevant,Irrelevant,Irrelevant,Irrelevant,Irrelevant,Irrelevant,Irrelevant,Irrelevant,Irrelevant,Irrelevant,Irrelevant,Irrelevant,Irrelevant,Irrelevant,Irrelevant,Irrelevant
ID0349,Irrelevant,Irrelevant,Irrelevant,Irrelevant,Irrelevant,Irrelevant,Irrelevant,Irrelevant,Irrelevant,Irrelevant,Irrelevant,Irrelevant,Irrelevant,Irrelevant,Irrelevant,Irrelevant,Irrelevant,Irrelevant,Irrelevant,Irrelevant,Irrelevant,Irrelevant,Irrelevant,Irrelevant,Irrelevant,Irrelevant,Irrelevant,Irrelevant,Irrelevant,Irrelevant
ID0351,Irrelevant,Irrelevant,Irrelevant,Irrelevant,Irrelevant,Irrelevant,Irrelevant,Irrelevant,Irrelevant,Irrelevant,Irrelevant,Irrelevant,Irrelevant,Irrelevant,Irrelevant,Irrelevant,Irrelevant,Irrelevant,Irrelevant,Irrelevant,Irrelevant,Irrelevant,Irrelevant,Irrelevant,Irrelevant,Irrelevant,Irrelevant,Irrelevant,Irrelevant,Irrelevant
ID0352,High Relevance,Irrelevant,Irrelevant,Irrelevant,Irrelevant,Low Relevance,Low Relevance,Low Relevance,Low Relevance,Low Relevance,Irrelevant,Irrelevant,Irrelevant,Irrelevant,Irrelevant,Irrelevant,Irrelevant,Irrelevant,Irrelevant,Irrelevant,Irrelevant,Irrelevant,Irrelevant,Irrelevant,Irrelevant,Irrelevant,Irrelevant,Irrelevant,Irrelevant,Irrelevant
ID0353,Low Relevance,Low Relevance,Low Relevance,High Relevance,Low Relevance,Low Relevance,Low Relevance,High Relevance,Irrelevant,Irrelevant,Irrelevant,Irrelevant,Irrelevant,Irrelevant,Irrelevant,Irrelevant,Irrelevant,Irrelevant,Irrelevant,Irrelevant,Irrelevant,Irrelevant,Irrelevant,Irrelevant,Irrelevant,Irrelevant,Irrelevant,Irrelevant,Irrelevant,Irrelevant
ID0356,Low Relevance,Irrelevant,Irrelevant,Low Relevance,Low Relevance,Low Relevance,Low Relevance,Low Relevance,Low Relevance,Irrelevant,Irrelevant,Irrelevant,Irrelevant,Irrelevant,Irrelevant,Irrelevant,Irrelevant,Irrelevant,Irrelevant,Irrelevant,Irrelevant,Irrelevant,Irrelevant,Irrelevant,Irrelevant,Irrelevant,Irrelevant,Irrelevant,Irrelevant,Irrelevant
ID0357,Low Relevance,Irrelevant,Irrelevant,Irrelevant,Irrelevant,Irrelevant,Irrelevant,Irrelevant,Irrelevant,Irrelevant,Irrelevant,Irrelevant,Irrelevant,Irrelevant,Irrelevant,Irrelevant,Irrelevant,Irrelevant,Irrelevant,Irrelevant,Irrelevant,Irrelevant,Irrelevant,Irrelevant,Irrelevant,Irrelevant,Irrelevant,Irrelevant,Irrelevant,Irrelevant
ID0359,Low Relevance,Low Relevance,Low Relevance,Irrelevant,Irrelevant,Irrelevant,Irrelevant,Irrelevant,Irrelevant,Irrelevant,Irrelevant,Irrelevant,Irrelevant,Irrelevant,Irrelevant,Irrelevant,Irrelevant,Irrelevant,Irrelevant,Irrelevant,Irrelevant,Irrelevant,Irrelevant,Irrelevant,Irrelevant,Irrelevant,Irrelevant,Irrelevant,Irrelevant,Irrelevant
ID0360,Irrelevant,Irrelevant,Irrelevant,Low Relevance,Irrelevant,Irrelevant,Irrelevant,Irrelevant,Irrelevant,Irrelevant,Irrelevant,Irrelevant,Irrelevant,Irrelevant,Irrelevant,Irrelevant,Irrelevant,Irrelevant,Irrelevant,Irrelevant,Irrelevant,Irrelevant,Irrelevant,Irrelevant,Irrelevant,Irrelevant,Irrelevant,Irrelevant,Irrelevant,Irrelevant
ID0362,Irrelevant,Irrelevant,Irrelevant,Irrelevant,Irrelevant,Irrelevant,Irrelevant,Irrelevant,Irrelevant,Irrelevant,Irrelevant,Irrelevant,Irrelevant,Irrelevant,Irrelevant,Irrelevant,Irrelevant,Irrelevant,Irrelevant,Irrelevant,Irrelevant,Irrelevant,Irrelevant,Irrelevant,Irrelevant,Irrelevant,Irrelevant,Irrelevant,Irrelevant,Irrelevant
ID0363,Low Relevance,High Relevance,Low Relevance,Low Relevance,Low Relevance,Low Relevance,Low Relevance,Low Relevance,Low Relevance,Irrelevant,Irrelevant,Irrelevant,Irrelevant,Irrelevant,Irrelevant,Irrelevant,Irrelevant,Irrelevant,Irrelevant,Irrelevant,Irrelevant,Irrelevant,Irrelevant,Irrelevant,Irrelevant,Irrelevant,Irrelevant,Irrelevant,Irrelevant,Irrelevant
ID0364,Irrelevant,Irrelevant,Irrelevant,Irrelevant,Irrelevant,Irrelevant,Irrelevant,Irrelevant,Irrelevant,Irrelevant,Irrelevant,Irrelevant,Irrelevant,Irrelevant,Irrelevant,Irrelevant,Irrelevant,Irrelevant,Irrelevant,Irrelevant,Irrelevant,Irrelevant,Irrelevant,Irrelevant,Irrelevant,Irrelevant,Irrelevant,Irrelevant,Irrelevant,Irrelevant
ID0365,Irrelevant,Irrelevant,Irrelevant,Irrelevant,Irrelevant,Irrelevant,Irrelevant,Irrelevant,Irrelevant,Irrelevant,Irrelevant,Irrelevant,Irrelevant,Irrelevant,Irrelevant,Irrelevant,Irrelevant,Irrelevant,Irrelevant,Irrelevant,Irrelevant,Irrelevant,Irrelevant,Irrelevant,Irrelevant,Irrelevant,Irrelevant,Irrelevant,Irrelevant,Irrelevant
ID0366,Irrelevant,Irrelevant,Irrelevant,Irrelevant,Irrelevant,Irrelevant,Irrelevant,Irrelevant,Irrelevant,Irrelevant,Irrelevant,Irrelevant,Irrelevant,Irrelevant,Irrelevant,Irrelevant,Irrelevant,Irrelevant,Irrelevant,Irrelevant,Irrelevant,Irrelevant,Irrelevant,Irrelevant,Irrelevant,Irrelevant,Irrelevant,Irrelevant,Irrelevant,Irrelevant
ID0367,Low Relevance,Irrelevant,Irrelevant,Irrelevant,Irrelevant,Irrelevant,Irrelevant,Irrelevant,Irrelevant,Irrelevant,Irrelevant,Irrelevant,Irrelevant,Irrelevant,Irrelevant,Irrelevant,Irrelevant,Irrelevant,Irrelevant,Irrelevant,Irrelevant,Irrelevant,Irrelevant,Irrelevant,Irrelevant,Irrelevant,Irrelevant,Irrelevant,Irrelevant,Irrelevant
ID0368,Low Relevance,Irrelevant,Irrelevant,Irrelevant,Irrelevant,Irrelevant,Irrelevant,Low Relevance,Irrelevant,Irrelevant,Irrelevant,Irrelevant,Low Relevance,Irrelevant,Irrelevant,Irrelevant,Irrelevant,Irrelevant,Irrelevant,Irrelevant,Irrelevant,Irrelevant,Irrelevant,Irrelevant,Irrelevant,Irrelevant,Irrelevant,Irrelevant,Irrelevant,Irrelevant
ID0371,Low Relevance,Irrelevant,Irrelevant,Irrelevant,Low Relevance,Low Relevance,Irrelevant,Irrelevant,Irrelevant,Irrelevant,Irrelevant,Irrelevant,Irrelevant,Irrelevant,Irrelevant,Irrelevant,Irrelevant,Irrelevant,Irrelevant,Irrelevant,Irrelevant,Irrelevant,Irrelevant,Irrelevant,Irrelevant,Irrelevant,Irrelevant,Irrelevant,Irrelevant,Irrelevant
ID0373,Low Relevance,Low Relevance,Low Relevance,Low Relevance,Low Relevance,Low Relevance,Low Relevance,Low Relevance,Low Relevance,Low Relevance,Low Relevance,Low Relevance,Irrelevant,Irrelevant,Irrelevant,Irrelevant,Irrelevant,Irrelevant,Irrelevant,Irrelevant,Irrelevant,Irrelevant,Irrelevant,Irrelevant,Irrelevant,Irrelevant,Irrelevant,Irrelevant,Irrelevant,Irrelevant
ID0376,Low Relevance,Irrelevant,Irrelevant,Irrelevant,Irrelevant,Irrelevant,Irrelevant,Irrelevant,Irrelevant,Irrelevant,Irrelevant,Irrelevant,Irrelevant,Irrelevant,Irrelevant,Irrelevant,Irrelevant,Irrelevant,Irrelevant,Irrelevant,Irrelevant,Irrelevant,Irrelevant,Irrelevant,Irrelevant,Irrelevant,Irrelevant,Irrelevant,Irrelevant,Irrelevant
ID0377,Low Relevance,Low Relevance,Low Relevance,Low Relevance,Low Relevance,Low Relevance,Low Relevance,Low Relevance,Low Relevance,Irrelevant,Irrelevant,Irrelevant,Irrelevant,Irrelevant,Irrelevant,Irrelevant,Irrelevant,Irrelevant,Irrelevant,Irrelevant,Irrelevant,Irrelevant,Irrelevant,Irrelevant,Irrelevant,Irrelevant,Irrelevant,Irrelevant,Irrelevant,Irrelevant
ID0379,Irrelevant,Irrelevant,Irrelevant,Irrelevant,Irrelevant,Irrelevant,Irrelevant,Irrelevant,Irrelevant,Irrelevant,Irrelevant,Irrelevant,Irrelevant,Irrelevant,Irrelevant,Irrelevant,Irrelevant,Irrelevant,Irrelevant,Irrelevant,Irrelevant,Irrelevant,Irrelevant,Irrelevant,Irrelevant,Irrelevant,Irrelevant,Irrelevant,Irrelevant,Irrelevant
ID0382,Low Relevance,Low Relevance,Low Relevance,Low Relevance,Low Relevance,Low Relevance,High Relevance,Low Relevance,Irrelevant,Irrelevant,Irrelevant,Irrelevant,Irrelevant,Irrelevant,Irrelevant,Irrelevant,Irrelevant,Irrelevant,Irrelevant,Irrelevant,Irrelevant,Irrelevant,Irrelevant,Irrelevant,Irrelevant,Irrelevant,Irrelevant,Irrelevant,Irrelevant,Irrelevant
ID0385,Irrelevant,Irrelevant,Irrelevant,Irrelevant,Irrelevant,Irrelevant,Irrelevant,Irrelevant,Low Relevance,Irrelevant,Irrelevant,Irrelevant,Irrelevant,Irrelevant,Irrelevant,Irrelevant,Irrelevant,Irrelevant,Irrelevant,Irrelevant,Irrelevant,Irrelevant,Irrelevant,Irrelevant,Irrelevant,Irrelevant,Irrelevant,Irrelevant,Irrelevant,Irrelevant
ID0387,Irrelevant,Irrelevant,Irrelevant,Irrelevant,Irrelevant,Irrelevant,Irrelevant,Irrelevant,Irrelevant,Irrelevant,Irrelevant,Irrelevant,Irrelevant,Irrelevant,Irrelevant,Irrelevant,Irrelevant,Irrelevant,Irrelevant,Irrelevant,Irrelevant,Irrelevant,Irrelevant,Irrelevant,Irrelevant,Irrelevant,Irrelevant,Irrelevant,Irrelevant,Irrelevant
ID0388,Low Relevance,Irrelevant,Irrelevant,High Relevance,Irrelevant,Irrelevant,Irrelevant,Irrelevant,Irrelevant,Irrelevant,Irrelevant,Irrelevant,Irrelevant,Irrelevant,Irrelevant,Irrelevant,Irrelevant,Irrelevant,Irrelevant,Irrelevant,Irrelevant,Irrelevant,Irrelevant,Irrelevant,Irrelevant,Irrelevant,Irrelevant,Irrelevant,Irrelevant,Irrelevant
ID0389,High Relevance,Low Relevance,Low Relevance,Low Relevance,Low Relevance,Low Relevance,Low Relevance,Low Relevance,Low Relevance,Low Relevance,Low Relevance,Irrelevant,Irrelevant,Irrelevant,Irrelevant,Irrelevant,Irrelevant,Irrelevant,Irrelevant,Irrelevant,Irrelevant,Irrelevant,Irrelevant,Irrelevant,Irrelevant,Irrelevant,Irrelevant,Irrelevant,Irrelevant,Irrelevant
ID0391,Low Relevance,Low Relevance,Low Relevance,Low Relevance,Irrelevant,Irrelevant,Irrelevant,Irrelevant,Irrelevant,Irrelevant,Irrelevant,Irrelevant,Irrelevant,Irrelevant,Irrelevant,Irrelevant,Irrelevant,Irrelevant,Irrelevant,Irrelevant,Irrelevant,Irrelevant,Irrelevant,Irrelevant,Irrelevant,Irrelevant,Irrelevant,Irrelevant,Irrelevant,Irrelevant
ID0393,Irrelevant,Irrelevant,Irrelevant,Irrelevant,Irrelevant,Irrelevant,Irrelevant,Irrelevant,Irrelevant,Irrelevant,Irrelevant,Irrelevant,Irrelevant,Irrelevant,Irrelevant,Irrelevant,Irrelevant,Irrelevant,Irrelevant,Irrelevant,Irrelevant,Irrelevant,Irrelevant,Irrelevant,Irrelevant,Irrelevant,Irrelevant,Irrelevant,Irrelevant,Irrelevant
ID0395,Low Relevance,Low Relevance,Low Relevance,Low Relevance,Low Relevance,Low Relevance,Irrelevant,Irrelevant,Irrelevant,Irrelevant,Irrelevant,Irrelevant,Irrelevant,Irrelevant,Irrelevant,Irrelevant,Irrelevant,Irrelevant,Irrelevant,Irrelevant,Irrelevant,Irrelevant,Irrelevant,Irrelevant,Irrelevant,Irrelevant,Irrelevant,Irrelevant,Irrelevant,Irrelevant
ID0396,Low Relevance,Low Relevance,Irrelevant,Low Relevance,Low Relevance,Irrelevant,Irrelevant,Irrelevant,Irrelevant,Irrelevant,Irrelevant,Irrelevant,Irrelevant,Irrelevant,Irrelevant,Irrelevant,Irrelevant,Irrelevant,Irrelevant,Irrelevant,Irrelevant,Irrelevant,Irrelevant,Irrelevant,Irrelevant,Irrelevant,Irrelevant,Irrelevant,Irrelevant,Irrelevant
ID0397,Low Relevance,Low Relevance,Low Relevance,Low Relevance,Irrelevant,Low Relevance,Low Relevance,Low Relevance,Low Relevance,Irrelevant,Irrelevant,Irrelevant,Irrelevant,Irrelevant,Irrelevant,Irrelevant,Irrelevant,Irrelevant,Irrelevant,Irrelevant,Irrelevant,Irrelevant,Irrelevant,Irrelevant,Irrelevant,Irrelevant,Irrelevant,Irrelevant,Irrelevant,Irrelevant
ID0399,Irrelevant,Irrelevant,Irrelevant,Irrelevant,Irrelevant,Irrelevant,Irrelevant,Irrelevant,Irrelevant,Irrelevant,Irrelevant,Irrelevant,Irrelevant,Irrelevant,Irrelevant,Irrelevant,Irrelevant,Irrelevant,Irrelevant,Irrelevant,Irrelevant,Irrelevant,Irrelevant,Irrelevant,Irrelevant,Irrelevant,Irrelevant,Irrelevant,Irrelevant,Irrelevant
ID0400,Irrelevant,Irrelevant,Low Relevance,Irrelevant,Irrelevant,Irrelevant,Irrelevant,Irrelevant,Irrelevant,Irrelevant,Irrelevant,Irrelevant,Irrelevant,Irrelevant,Irrelevant,Irrelevant,Irrelevant,Irrelevant,Irrelevant,Irrelevant,Irrelevant,Irrelevant,Irrelevant,Irrelevant,Irrelevant,Irrelevant,Irrelevant,Irrelevant,Irrelevant,Irrelevant
ID0402,Irrelevant,Irrelevant,Irrelevant,Irrelevant,Irrelevant,Irrelevant,Irrelevant,Irrelevant,Irrelevant,Irrelevant,Irrelevant,Irrelevant,Irrelevant,Irrelevant,Irrelevant,Irrelevant,Irrelevant,Irrelevant,Irrelevant,Irrelevant,Irrelevant,Irrelevant,Irrelevant,Irrelevant,Irrelevant,Irrelevant,Irrelevant,Irrelevant,Irrelevant,Irrelevant
ID0403,Low Relevance,Low Relevance,Low Relevance,Low Relevance,Low Relevance,Low Relevance,Low Relevance,Low Relevance,Irrelevant,Irrelevant,Irrelevant,Irrelevant,Irrelevant,Irrelevant,Irrelevant,Irrelevant,Irrelevant,Irrelevant,Irrelevant,Irrelevant,Irrelevant,Irrelevant,Irrelevant,Irrelevant,Irrelevant,Irrelevant,Irrelevant,Irrelevant,Irrelevant,Irrelevant
ID0404,Low Relevance,Low Relevance,Low Relevance,Low Relevance,Low Relevance,Low Relevance,Low Relevance,Low Relevance,Low Relevance,Low Relevance,Irrelevant,Irrelevant,Irrelevant,Irrelevant,Irrelevant,Irrelevant,Irrelevant,Irrelevant,Irrelevant,Irrelevant,Irrelevant,Irrelevant,Irrelevant,Irrelevant,Irrelevant,Irrelevant,Irrelevant,Irrelevant,Irrelevant,Irrelevant
ID0405,Low Relevance,Low Relevance,Low Relevance,Low Relevance,Low Relevance,Low Relevance,Low Relevance,Low Relevance,Low Relevance,Low Relevance,Low Relevance,Low Relevance,Irrelevant,Irrelevant,Irrelevant,Irrelevant,Irrelevant,Irrelevant,Irrelevant,Irrelevant,Irrelevant,Irrelevant,Irrelevant,Irrelevant,Irrelevant,Irrelevant,Irrelevant,Irrelevant,Irrelevant,Irrelevant
ID0406,Low Relevance,Low Relevance,Low Relevance,Low Relevance,Low Relevance,Low Relevance,Low Relevance,Low Relevance,Low Relevance,Irrelevant,Irrelevant,Irrelevant,Irrelevant,Irrelevant,Irrelevant,Irrelevant,Irrelevant,Irrelevant,Irrelevant,Irrelevant,Irrelevant,Irrelevant,Irrelevant,Irrelevant,Irrelevant,Irrelevant,Irrelevant,Irrelevant,Irrelevant,Irrelevant
ID0407,Low Relevance,Irrelevant,Irrelevant,Irrelevant,Low Relevance,Irrelevant,Low Relevance,Irrelevant,Irrelevant,Irrelevant,Irrelevant,Irrelevant,Irrelevant,Irrelevant,Irrelevant,Irrelevant,Irrelevant,Irrelevant,Irrelevant,Irrelevant,Irrelevant,Irrelevant,Irrelevant,Irrelevant,Irrelevant,Irrelevant,Irrelevant,Irrelevant,Irrelevant,Irrelevant
ID0409,Low Relevance,Low Relevance,Low Relevance,Low Relevance,Low Relevance,Low Relevance,Low Relevance,Low Relevance,Low Relevance,Low Relevance,Irrelevant,Irrelevant,Irrelevant,Irrelevant,Irrelevant,Irrelevant,Irrelevant,Irrelevant,Irrelevant,Irrelevant,Irrelevant,Irrelevant,Irrelevant,Irrelevant,Irrelevant,Irrelevant,Irrelevant,Irrelevant,Irrelevant,Irrelevant
ID0412,Low Relevance,Irrelevant,Irrelevant,Irrelevant,Irrelevant,Irrelevant,Irrelevant,Irrelevant,Irrelevant,Irrelevant,Irrelevant,Irrelevant,Irrelevant,Irrelevant,Irrelevant,Irrelevant,Irrelevant,Irrelevant,Irrelevant,Irrelevant,Irrelevant,Irrelevant,Irrelevant,Irrelevant,Irrelevant,Irrelevant,Irrelevant,Irrelevant,Irrelevant,Irrelevant
ID0415,Low Relevance,Irrelevant,Irrelevant,Irrelevant,Irrelevant,Irrelevant,Low Relevance,Irrelevant,Low Relevance,Irrelevant,Low Relevance,Irrelevant,Irrelevant,Irrelevant,Irrelevant,Irrelevant,Irrelevant,Irrelevant,Irrelevant,Irrelevant,Irrelevant,Irrelevant,Irrelevant,Irrelevant,Irrelevant,Irrelevant,Irrelevant,Irrelevant,Irrelevant,Irrelevant
ID0416,Low Relevance,Low Relevance,Low Relevance,Low Relevance,Low Relevance,Irrelevant,Irrelevant,Irrelevant,Irrelevant,Irrelevant,Irrelevant,Irrelevant,Irrelevant,Irrelevant,Irrelevant,Irrelevant,Irrelevant,Irrelevant,Irrelevant,Irrelevant,Irrelevant,Irrelevant,Irrelevant,Irrelevant,Irrelevant,Irrelevant,Irrelevant,Irrelevant,Irrelevant,Irrelevant
ID0417,High Relevance,Low Relevance,Low Relevance,Low Relevance,Low Relevance,Low Relevance,Low Relevance,Low Relevance,Low Relevance,Low Relevance,Irrelevant,Low Relevance,Irrelevant,Irrelevant,Irrelevant,Irrelevant,Irrelevant,Irrelevant,Irrelevant,Irrelevant,Irrelevant,Irrelevant,Irrelevant,Irrelevant,Irrelevant,Irrelevant,Irrelevant,Irrelevant,Irrelevant,Irrelevant
ID0418,Low Relevance,Low Relevance,Low Relevance,Low Relevance,Low Relevance,Low Relevance,Low Relevance,Low Relevance,Low Relevance,Low Relevance,Low Relevance,Low Relevance,Irrelevant,Irrelevant,Irrelevant,Irrelevant,Irrelevant,Irrelevant,Irrelevant,Irrelevant,Irrelevant,Irrelevant,Irrelevant,Irrelevant,Irrelevant,Irrelevant,Irrelevant,Irrelevant,Irrelevant,Irrelevant
ID0421,Low Relevance,Irrelevant,Irrelevant,Irrelevant,Irrelevant,Irrelevant,Irrelevant,Irrelevant,Irrelevant,Irrelevant,Irrelevant,Irrelevant,Irrelevant,Irrelevant,Irrelevant,Irrelevant,Irrelevant,Irrelevant,Irrelevant,Irrelevant,Irrelevant,Irrelevant,Irrelevant,Irrelevant,Irrelevant,Irrelevant,Irrelevant,Irrelevant,Irrelevant,Irrelevant
ID0422,Low Relevance,Irrelevant,Irrelevant,Irrelevant,Irrelevant,Irrelevant,Irrelevant,Irrelevant,Irrelevant,Irrelevant,Irrelevant,Irrelevant,Irrelevant,Irrelevant,Irrelevant,Irrelevant,Irrelevant,Irrelevant,Irrelevant,Irrelevant,Irrelevant,Irrelevant,Irrelevant,Irrelevant,Irrelevant,Irrelevant,Irrelevant,Irrelevant,Irrelevant,Irrelevant
ID0425,Low Relevance,Low Relevance,Low Relevance,Low Relevance,Low Relevance,Low Relevance,Low Relevance,Low Relevance,Low Relevance,Irrelevant,Irrelevant,Irrelevant,Irrelevant,Irrelevant,Irrelevant,Irrelevant,Irrelevant,Irrelevant,Irrelevant,Irrelevant,Irrelevant,Irrelevant,Irrelevant,Irrelevant,Irrelevant,Irrelevant,Irrelevant,Irrelevant,Irrelevant,Irrelevant
ID0426,Low Relevance,Low Relevance,Low Relevance,Low Relevance,Low Relevance,Irrelevant,Irrelevant,Irrelevant,Irrelevant,Irrelevant,Irrelevant,Irrelevant,Irrelevant,Irrelevant,Irrelevant,Irrelevant,Irrelevant,Irrelevant,Irrelevant,Irrelevant,Irrelevant,Irrelevant,Irrelevant,Irrelevant,Irrelevant,Irrelevant,Irrelevant,Irrelevant,Irrelevant,Irrelevant
ID0428,Low Relevance,Low Relevance,High Relevance,Low Relevance,Low Relevance,Irrelevant,Irrelevant,Irrelevant,Irrelevant,Irrelevant,Irrelevant,Irrelevant,Irrelevant,Irrelevant,Irrelevant,Irrelevant,Irrelevant,Irrelevant,Irrelevant,Irrelevant,Irrelevant,Irrelevant,Irrelevant,Irrelevant,Irrelevant,Irrelevant,Irrelevant,Irrelevant,Irrelevant,Irrelevant
ID0429,Low Relevance,Low Relevance,Low Relevance,Low Relevance,Low Relevance,Low Relevance,Low Relevance,Irrelevant,Irrelevant,Irrelevant,Irrelevant,Irrelevant,Irrelevant,Irrelevant,Irrelevant,Irrelevant,Irrelevant,Irrelevant,Irrelevant,Irrelevant,Irrelevant,Irrelevant,Irrelevant,Irrelevant,Irrelevant,Irrelevant,Irrelevant,Irrelevant,Irrelevant,Irrelevant
ID0431,Irrelevant,Irrelevant,Irrelevant,Irrelevant,Irrelevant,Irrelevant,Irrelevant,Irrelevant,Irrelevant,Irrelevant,Irrelevant,Irrelevant,Irrelevant,Irrelevant,Irrelevant,Irrelevant,Irrelevant,Irrelevant,Irrelevant,Irrelevant,Irrelevant,Irrelevant,Irrelevant,Irrelevant,Irrelevant,Irrelevant,Irrelevant,Irrelevant,Irrelevant,Irrelevant
ID0433,Irrelevant,Irrelevant,Irrelevant,Irrelevant,Irrelevant,Irrelevant,Irrelevant,Irrelevant,Irrelevant,Irrelevant,Irrelevant,Irrelevant,Irrelevant,Irrelevant,Irrelevant,Irrelevant,Irrelevant,Irrelevant,Irrelevant,Irrelevant,Irrelevant,Irrelevant,Irrelevant,Irrelevant,Irrelevant,Irrelevant,Irrelevant,Irrelevant,Irrelevant,Irrelevant
ID0435,Low Relevance,Low Relevance,Low Relevance,Low Relevance,Low Relevance,Irrelevant,Irrelevant,Irrelevant,Irrelevant,Irrelevant,Irrelevant,Irrelevant,Irrelevant,Irrelevant,Irrelevant,Irrelevant,Irrelevant,Irrelevant,Irrelevant,Irrelevant,Irrelevant,Irrelevant,Irrelevant,Irrelevant,Irrelevant,Irrelevant,Irrelevant,Irrelevant,Irrelevant,Irrelevant
ID0437,Low Relevance,Irrelevant,Irrelevant,Irrelevant,Irrelevant,Irrelevant,Irrelevant,Irrelevant,Irrelevant,Irrelevant,Irrelevant,Irrelevant,Irrelevant,Irrelevant,Irrelevant,Irrelevant,Irrelevant,Irrelevant,Irrelevant,Irrelevant,Irrelevant,Irrelevant,Irrelevant,Irrelevant,Irrelevant,Irrelevant,Irrelevant,Irrelevant,Irrelevant,Irrelevant
ID0438,Low Relevance,Low Relevance,Low Relevance,Low Relevance,Low Relevance,Low Relevance,Low Relevance,High Relevance,Irrelevant,Irrelevant,Irrelevant,Irrelevant,Irrelevant,Irrelevant,Irrelevant,Irrelevant,Irrelevant,Irrelevant,Irrelevant,Irrelevant,Irrelevant,Irrelevant,Irrelevant,Irrelevant,Irrelevant,Irrelevant,Irrelevant,Irrelevant,Irrelevant,Irrelevant
ID0440,Low Relevance,Low Relevance,Low Relevance,Low Relevance,Low Relevance,Low Relevance,Low Relevance,Irrelevant,Irrelevant,Irrelevant,Irrelevant,Irrelevant,Irrelevant,Irrelevant,Irrelevant,Irrelevant,Irrelevant,Irrelevant,Irrelevant,Irrelevant,Irrelevant,Irrelevant,Irrelevant,Irrelevant,Irrelevant,Irrelevant,Irrelevant,Irrelevant,Irrelevant,Irrelevant
ID0442,Low Relevance,Low Relevance,Low Relevance,Low Relevance,Low Relevance,Low Relevance,Low Relevance,Low Relevance,Low Relevance,Low Relevance,Low Relevance,Low Relevance,Irrelevant,Irrelevant,Irrelevant,Irrelevant,Irrelevant,Irrelevant,Irrelevant,Irrelevant,Irrelevant,Irrelevant,Irrelevant,Irrelevant,Irrelevant,Irrelevant,Irrelevant,Irrelevant,Irrelevant,Irrelevant
ID0444,Irrelevant,Low Relevance,Low Relevance,Low Relevance,Low Relevance,Low Relevance,Low Relevance,Irrelevant,Irrelevant,Low Relevance,Low Relevance,Low Relevance,Low Relevance,Low Relevance,Irrelevant,Irrelevant,Irrelevant,Irrelevant,Irrelevant,Irrelevant,Irrelevant,Irrelevant,Irrelevant,Irrelevant,Irrelevant,Irrelevant,Irrelevant,Irrelevant,Irrelevant,Irrelevant
ID0446,Irrelevant,Irrelevant,Irrelevant,Irrelevant,Irrelevant,Irrelevant,Irrelevant,Irrelevant,Irrelevant,Irrelevant,Irrelevant,Irrelevant,Irrelevant,Irrelevant,Irrelevant,Irrelevant,Irrelevant,Irrelevant,Irrelevant,Irrelevant,Irrelevant,Irrelevant,Irrelevant,Irrelevant,Irrelevant,Irrelevant,Irrelevant,Irrelevant,Irrelevant,Irrelevant
ID0447,Low Relevance,Low Relevance,Low Relevance,Irrelevant,Irrelevant,High Relevance,Low Relevance,Low Relevance,Low Relevance,Irrelevant,Irrelevant,Irrelevant,Irrelevant,Irrelevant,Irrelevant,Irrelevant,Irrelevant,Irrelevant,Irrelevant,Irrelevant,Irrelevant,Irrelevant,Irrelevant,Irrelevant,Irrelevant,Irrelevant,Irrelevant,Irrelevant,Irrelevant,Irrelevant
ID0449,Low Relevance,Low Relevance,Low Relevance,Low Relevance,Low Relevance,Low Relevance,Low Relevance,Low Relevance,Low Relevance,Low Relevance,Low Relevance,Low Relevance,Irrelevant,Irrelevant,Irrelevant,Irrelevant,Irrelevant,Irrelevant,Irrelevant,Irrelevant,Irrelevant,Irrelevant,Irrelevant,Irrelevant,Irrelevant,Irrelevant,Irrelevant,Irrelevant,Irrelevant,Irrelevant
ID0451,Irrelevant,Irrelevant,Irrelevant,Irrelevant,Irrelevant,Irrelevant,Irrelevant,Irrelevant,Irrelevant,Irrelevant,Irrelevant,Irrelevant,Irrelevant,Irrelevant,Irrelevant,Irrelevant,Irrelevant,Irrelevant,Irrelevant,Irrelevant,Irrelevant,Irrelevant,Irrelevant,Irrelevant,Irrelevant,Irrelevant,Irrelevant,Irrelevant,Irrelevant,Irrelevant
ID0453,Irrelevant,Irrelevant,Irrelevant,Irrelevant,Irrelevant,Irrelevant,Irrelevant,Irrelevant,Irrelevant,Irrelevant,Irrelevant,Irrelevant,Irrelevant,Irrelevant,Irrelevant,Irrelevant,Irrelevant,Irrelevant,Irrelevant,Irrelevant,Irrelevant,Irrelevant,Irrelevant,Irrelevant,Irrelevant,Irrelevant,Irrelevant,Irrelevant,Irrelevant,Irrelevant
ID0455,Low Relevance,Irrelevant,Irrelevant,Irrelevant,Irrelevant,Irrelevant,Irrelevant,Irrelevant,Irrelevant,Irrelevant,Irrelevant,Irrelevant,Irrelevant,Irrelevant,Irrelevant,Irrelevant,Irrelevant,Irrelevant,Irrelevant,Irrelevant,Irrelevant,Irrelevant,Irrelevant,Irrelevant,Irrelevant,Irrelevant,Irrelevant,Irrelevant,Irrelevant,Irrelevant
ID0458,Low Relevance,Low Relevance,Low Relevance,Low Relevance,Low Relevance,Low Relevance,Low Relevance,Low Relevance,Low Relevance,Irrelevant,Irrelevant,Irrelevant,Irrelevant,Irrelevant,Irrelevant,Irrelevant,Irrelevant,Irrelevant,Irrelevant,Irrelevant,Irrelevant,Irrelevant,Irrelevant,Irrelevant,Irrelevant,Irrelevant,Irrelevant,Irrelevant,Irrelevant,Irrelevant
ID0459,Low Relevance,High Relevance,Low Relevance,Low Relevance,Irrelevant,Irrelevant,Irrelevant,Irrelevant,Irrelevant,Irrelevant,Irrelevant,Irrelevant,Irrelevant,Irrelevant,Irrelevant,Irrelevant,Irrelevant,Irrelevant,Irrelevant,Irrelevant,Irrelevant,Irrelevant,Irrelevant,Irrelevant,Irrelevant,Irrelevant,Irrelevant,Irrelevant,Irrelevant,Irrelevant
ID0460,Low Relevance,Low Relevance,Low Relevance,Low Relevance,Low Relevance,Low Relevance,Low Relevance,Low Relevance,Irrelevant,Irrelevant,Irrelevant,Irrelevant,Irrelevant,Irrelevant,Irrelevant,Irrelevant,Irrelevant,Irrelevant,Irrelevant,Irrelevant,Irrelevant,Irrelevant,Irrelevant,Irrelevant,Irrelevant,Irrelevant,Irrelevant,Irrelevant,Irrelevant,Irrelevant
ID0461,Low Relevance,Irrelevant,Irrelevant,Irrelevant,Irrelevant,Irrelevant,Irrelevant,Irrelevant,Irrelevant,Irrelevant,Irrelevant,Irrelevant,Irrelevant,Irrelevant,Irrelevant,Irrelevant,Irrelevant,Irrelevant,Irrelevant,Irrelevant,Irrelevant,Irrelevant,Irrelevant,Irrelevant,Irrelevant,Irrelevant,Irrelevant,Irrelevant,Irrelevant,Irrelevant
ID0462,Irrelevant,Irrelevant,Irrelevant,Irrelevant,Irrelevant,Irrelevant,Irrelevant,Irrelevant,Irrelevant,Irrelevant,Irrelevant,Irrelevant,Irrelevant,Irrelevant,Irrelevant,Irrelevant,Irrelevant,Irrelevant,Irrelevant,Irrelevant,Irrelevant,Irrelevant,Irrelevant,Irrelevant,Irrelevant,Irrelevant,Irrelevant,Irrelevant,Irrelevant,Irrelevant
ID0463,High Relevance,Low Relevance,Low Relevance,Low Relevance,Low Relevance,Low Relevance,Low Relevance,Low Relevance,Low Relevance,Low Relevance,Low Relevance,Irrelevant,Irrelevant,Irrelevant,Irrelevant,Irrelevant,Irrelevant,Irrelevant,Irrelevant,Irrelevant,Irrelevant,Irrelevant,Irrelevant,Irrelevant,Irrelevant,Irrelevant,Irrelevant,Irrelevant,Irrelevant,Irrelevant
ID0465,Low Relevance,Irrelevant,Irrelevant,Irrelevant,Irrelevant,Irrelevant,Irrelevant,Irrelevant,Irrelevant,Irrelevant,Irrelevant,Irrelevant,Irrelevant,Irrelevant,Irrelevant,Irrelevant,Irrelevant,Irrelevant,Irrelevant,Irrelevant,Irrelevant,Irrelevant,Irrelevant,Irrelevant,Irrelevant,Irrelevant,Irrelevant,Irrelevant,Irrelevant,Irrelevant
ID0466,Low Relevance,Low Relevance,Low Relevance,Low Relevance,Low Relevance,Low Relevance,Low Relevance,Low Relevance,Low Relevance,Low Relevance,Low Relevance,Low Relevance,Irrelevant,Irrelevant,Irrelevant,Irrelevant,Irrelevant,Irrelevant,Irrelevant,Irrelevant,Irrelevant,Irrelevant,Irrelevant,Irrelevant,Irrelevant,Irrelevant,Irrelevant,Irrelevant,Irrelevant,Irrelevant
ID0467,Irrelevant,Irrelevant,Irrelevant,Irrelevant,Irrelevant,Irrelevant,Irrelevant,Irrelevant,Irrelevant,Irrelevant,Irrelevant,Irrelevant,Irrelevant,Irrelevant,Irrelevant,Irrelevant,Irrelevant,Irrelevant,Irrelevant,Irrelevant,Irrelevant,Irrelevant,Irrelevant,Irrelevant,Irrelevant,Irrelevant,Irrelevant,Irrelevant,Irrelevant,Irrelevant
ID0468,Low Relevance,Low Relevance,High Relevance,Low Relevance,Low Relevance,Low Relevance,Low Relevance,Low Relevance,Low Relevance,Low Relevance,Low Relevance,Low Relevance,Irrelevant,Irrelevant,Irrelevant,Irrelevant,Irrelevant,Irrelevant,Irrelevant,Irrelevant,Irrelevant,Irrelevant,Irrelevant,Irrelevant,Irrelevant,Irrelevant,Irrelevant,Irrelevant,Irrelevant,Irrelevant
ID0469,Irrelevant,Irrelevant,Irrelevant,Irrelevant,Irrelevant,Irrelevant,Irrelevant,Irrelevant,Irrelevant,Irrelevant,Irrelevant,Irrelevant,Irrelevant,Irrelevant,Irrelevant,Irrelevant,Irrelevant,Irrelevant,Irrelevant,Irrelevant,Irrelevant,Irrelevant,Irrelevant,Irrelevant,Irrelevant,Irrelevant,Irrelevant,Irrelevant,Irrelevant,Irrelevant
ID0470,Low Relevance,Low Relevance,Low Relevance,Low Relevance,Low Relevance,Irrelevant,Low Relevance,High Relevance,Low Relevance,Low Relevance,Low Relevance,Low Relevance,Irrelevant,Irrelevant,Irrelevant,Irrelevant,Irrelevant,Irrelevant,Irrelevant,Irrelevant,Irrelevant,Irrelevant,Irrelevant,Irrelevant,Irrelevant,Irrelevant,Irrelevant,Irrelevant,Irrelevant,Irrelevant
ID0471,Low Relevance,Irrelevant,Irrelevant,Low Relevance,Irrelevant,Irrelevant,Irrelevant,Irrelevant,Irrelevant,Irrelevant,Irrelevant,Irrelevant,Irrelevant,Irrelevant,Irrelevant,Irrelevant,Irrelevant,Irrelevant,Irrelevant,Irrelevant,Irrelevant,Irrelevant,Irrelevant,Irrelevant,Irrelevant,Irrelevant,Irrelevant,Irrelevant,Irrelevant,Irrelevant
ID0472,Low Relevance,Irrelevant,Irrelevant,Irrelevant,Irrelevant,Irrelevant,Irrelevant,Irrelevant,Irrelevant,Irrelevant,Irrelevant,Irrelevant,Irrelevant,Irrelevant,Irrelevant,Irrelevant,Irrelevant,Irrelevant,Irrelevant,Irrelevant,Irrelevant,Irrelevant,Irrelevant,Irrelevant,Irrelevant,Irrelevant,Irrelevant,Irrelevant,Irrelevant,Irrelevant
ID0473,Low Relevance,Low Relevance,Low Relevance,Low Relevance,Low Relevance,Low Relevance,Low Relevance,Irrelevant,Irrelevant,Irrelevant,Irrelevant,Irrelevant,Irrelevant,Irrelevant,Irrelevant,Irrelevant,Irrelevant,Irrelevant,Irrelevant,Irrelevant,Irrelevant,Irrelevant,Irrelevant,Irrelevant,Irrelevant,Irrelevant,Irrelevant,Irrelevant,Irrelevant,Irrelevant
ID0476,Irrelevant,Irrelevant,Irrelevant,Irrelevant,Irrelevant,Irrelevant,Irrelevant,Irrelevant,Irrelevant,Irrelevant,Irrelevant,Irrelevant,Irrelevant,Irrelevant,Irrelevant,Irrelevant,Irrelevant,Irrelevant,Irrelevant,Irrelevant,Irrelevant,Irrelevant,Irrelevant,Irrelevant,Irrelevant,Irrelevant,Irrelevant,Irrelevant,Irrelevant,Irrelevant
ID0477,Irrelevant,Irrelevant,Irrelevant,Irrelevant,Irrelevant,Irrelevant,Irrelevant,Irrelevant,Irrelevant,Irrelevant,Irrelevant,Irrelevant,Irrelevant,Irrelevant,Irrelevant,Irrelevant,Irrelevant,Irrelevant,Irrelevant,Irrelevant,Irrelevant,Irrelevant,Irrelevant,Irrelevant,Irrelevant,Irrelevant,Irrelevant,Irrelevant,Irrelevant,Irrelevant
ID0478,Irrelevant,Irrelevant,Irrelevant,Irrelevant,Irrelevant,Irrelevant,Irrelevant,Irrelevant,Irrelevant,Irrelevant,Irrelevant,Irrelevant,Irrelevant,Irrelevant,Irrelevant,Irrelevant,Irrelevant,Irrelevant,Irrelevant,Irrelevant,Irrelevant,Irrelevant,Irrelevant,Irrelevant,Irrelevant,Irrelevant,Irrelevant,Irrelevant,Irrelevant,Irrelevant
ID0479,Low Relevance,Low Relevance,Low Relevance,Low Relevance,Low Relevance,Low Relevance,Low Relevance,Low Relevance,Low Relevance,Low Relevance,Low Relevance,Low Relevance,Irrelevant,Irrelevant,Irrelevant,Irrelevant,Irrelevant,Irrelevant,Irrelevant,Irrelevant,Irrelevant,Irrelevant,Irrelevant,Irrelevant,Irrelevant,Irrelevant,Irrelevant,Irrelevant,Irrelevant,Irrelevant
ID0483,Irrelevant,Irrelevant,Irrelevant,Irrelevant,Irrelevant,Irrelevant,Irrelevant,Irrelevant,Irrelevant,Irrelevant,Irrelevant,Irrelevant,Irrelevant,Irrelevant,Irrelevant,Irrelevant,Irrelevant,Irrelevant,Irrelevant,Irrelevant,Irrelevant,Irrelevant,Irrelevant,Irrelevant,Irrelevant,Irrelevant,Irrelevant,Irrelevant,Irrelevant,Irrelevant
ID0484,Irrelevant,Low Relevance,Irrelevant,Irrelevant,Irrelevant,Irrelevant,Irrelevant,Irrelevant,Irrelevant,Irrelevant,Irrelevant,Irrelevant,Irrelevant,Irrelevant,Irrelevant,Irrelevant,Irrelevant,Irrelevant,Irrelevant,Irrelevant,Irrelevant,Irrelevant,Irrelevant,Irrelevant,Irrelevant,Irrelevant,Irrelevant,Irrelevant,Irrelevant,Irrelevant
ID0487,Low Relevance,Low Relevance,Low Relevance,Low Relevance,Low Relevance,Low Relevance,Low Relevance,Irrelevant,Irrelevant,Irrelevant,Irrelevant,Irrelevant,Irrelevant,Irrelevant,Irrelevant,Irrelevant,Irrelevant,Irrelevant,Irrelevant,Irrelevant,Irrelevant,Irrelevant,Irrelevant,Irrelevant,Irrelevant,Irrelevant,Irrelevant,Irrelevant,Irrelevant,Irrelevant
ID0488,Irrelevant,Irrelevant,Irrelevant,Irrelevant,Irrelevant,Irrelevant,Irrelevant,Irrelevant,Irrelevant,Irrelevant,Irrelevant,Irrelevant,Irrelevant,Irrelevant,Irrelevant,Irrelevant,Irrelevant,Irrelevant,Irrelevant,Irrelevant,Irrelevant,Irrelevant,Irrelevant,Irrelevant,Irrelevant,Irrelevant,Irrelevant,Irrelevant,Irrelevant,Irrelevant
ID0490,Irrelevant,Irrelevant,Irrelevant,Irrelevant,Irrelevant,Irrelevant,Irrelevant,Irrelevant,Irrelevant,Irrelevant,Irrelevant,Irrelevant,Irrelevant,Irrelevant,Irrelevant,Irrelevant,Irrelevant,Irrelevant,Irrelevant,Irrelevant,Irrelevant,Irrelevant,Irrelevant,Irrelevant,Irrelevant,Irrelevant,Irrelevant,Irrelevant,Irrelevant,Irrelevant
ID0491,Low Relevance,Low Relevance,Low Relevance,Low Relevance,Low Relevance,Low Relevance,Low Relevance,Low Relevance,Irrelevant,Irrelevant,Irrelevant,Irrelevant,Irrelevant,Irrelevant,Irrelevant,Irrelevant,Irrelevant,Irrelevant,Irrelevant,Irrelevant,Irrelevant,Irrelevant,Irrelevant,Irrelevant,Irrelevant,Irrelevant,Irrelevant,Irrelevant,Irrelevant,Irrelevant
ID0492,Irrelevant,Irrelevant,Irrelevant,Irrelevant,Irrelevant,Irrelevant,Irrelevant,Irrelevant,Irrelevant,Irrelevant,Irrelevant,Irrelevant,Irrelevant,Irrelevant,Irrelevant,Irrelevant,Irrelevant,Irrelevant,Irrelevant,Irrelevant,Irrelevant,Irrelevant,Irrelevant,Irrelevant,Irrelevant,Irrelevant,Irrelevant,Irrelevant,Irrelevant,Irrelevant
ID0494,Irrelevant,Irrelevant,High Relevance,Irrelevant,Irrelevant,Irrelevant,Irrelevant,Irrelevant,Irrelevant,Irrelevant,Irrelevant,Irrelevant,Irrelevant,Irrelevant,Irrelevant,Irrelevant,Irrelevant,Irrelevant,Irrelevant,Irrelevant,Irrelevant,Irrelevant,Irrelevant,Irrelevant,Irrelevant,Irrelevant,Irrelevant,Irrelevant,Irrelevant,Irrelevant
ID0495,Low Relevance,Low Relevance,Low Relevance,Low Relevance,Low Relevance,Low Relevance,Low Relevance,Irrelevant,Low Relevance,Low Relevance,Low Relevance,Irrelevant,Irrelevant,Irrelevant,Irrelevant,Irrelevant,Irrelevant,Irrelevant,Irrelevant,Irrelevant,Irrelevant,Irrelevant,Irrelevant,Irrelevant,Irrelevant,Irrelevant,Irrelevant,Irrelevant,Irrelevant,Irrelevant
ID0496,Low Relevance,Irrelevant,Irrelevant,Low Relevance,Irrelevant,Irrelevant,Irrelevant,Irrelevant,Irrelevant,Irrelevant,Irrelevant,Irrelevant,Irrelevant,Irrelevant,Irrelevant,Irrelevant,Irrelevant,Irrelevant,Irrelevant,Irrelevant,Irrelevant,Irrelevant,Irrelevant,Irrelevant,Irrelevant,Irrelevant,Irrelevant,Irrelevant,Irrelevant,Irrelevant
ID0498,Low Relevance,Low Relevance,Low Relevance,Low Relevance,Low Relevance,Low Relevance,Low Relevance,Low Relevance,Low Relevance,Low Relevance,Irrelevant,Irrelevant,Irrelevant,Irrelevant,Irrelevant,Irrelevant,Irrelevant,Irrelevant,Irrelevant,Irrelevant,Irrelevant,Irrelevant,Irrelevant,Irrelevant,Irrelevant,Irrelevant,Irrelevant,Irrelevant,Irrelevant,Irrelevant
ID0500,Low Relevance,Low Relevance,Low Relevance,Low Relevance,Low Relevance,Low Relevance,Low Relevance,Low Relevance,Low Relevance,Low Relevance,Low Relevance,Low Relevance,Irrelevant,Irrelevant,Irrelevant,Irrelevant,Irrelevant,Irrelevant,Irrelevant,Irrelevant,Irrelevant,Irrelevant,Irrelevant,Irrelevant,Irrelevant,Irrelevant,Irrelevant,Irrelevant,Irrelevant,Irrelevant
ID0502,Irrelevant,Irrelevant,Irrelevant,Irrelevant,Irrelevant,Irrelevant,Irrelevant,Irrelevant,Irrelevant,Irrelevant,Irrelevant,Irrelevant,Irrelevant,Irrelevant,Irrelevant,Irrelevant,Irrelevant,Irrelevant,Irrelevant,Irrelevant,Irrelevant,Irrelevant,Irrelevant,Irrelevant,Irrelevant,Irrelevant,Irrelevant,Irrelevant,Irrelevant,Irrelevant
ID0503,Low Relevance,High Relevance,High Relevance,Low Relevance,Low Relevance,Low Relevance,Low Relevance,Low Relevance,Low Relevance,Low Relevance,Low Relevance,Irrelevant,Irrelevant,Irrelevant,Irrelevant,Irrelevant,Irrelevant,Irrelevant,Irrelevant,Irrelevant,Irrelevant,Irrelevant,Irrelevant,Irrelevant,Irrelevant,Irrelevant,Irrelevant,Irrelevant,Irrelevant,Irrelevant
ID0504,Irrelevant,Irrelevant,Irrelevant,Irrelevant,Irrelevant,Irrelevant,Irrelevant,Irrelevant,Irrelevant,Irrelevant,Irrelevant,Irrelevant,Irrelevant,Irrelevant,Irrelevant,Irrelevant,Irrelevant,Irrelevant,Irrelevant,Irrelevant,Irrelevant,Irrelevant,Irrelevant,Irrelevant,Irrelevant,Irrelevant,Irrelevant,Irrelevant,Irrelevant,Irrelevant
ID0506,Low Relevance,Low Relevance,Irrelevant,Irrelevant,Irrelevant,Irrelevant,Irrelevant,Irrelevant,Irrelevant,Irrelevant,Irrelevant,Irrelevant,Irrelevant,Irrelevant,Irrelevant,Irrelevant,Irrelevant,Irrelevant,Irrelevant,Irrelevant,Irrelevant,Irrelevant,Irrelevant,Irrelevant,Irrelevant,Irrelevant,Irrelevant,Irrelevant,Irrelevant,Irrelevant
ID0508,Low Relevance,Low Relevance,Low Relevance,Low Relevance,Low Relevance,Low Relevance,Low Relevance,Low Relevance,Low Relevance,Low Relevance,Low Relevance,Low Relevance,Irrelevant,Irrelevant,Irrelevant,Irrelevant,Irrelevant,Irrelevant,Irrelevant,Irrelevant,Irrelevant,Irrelevant,Irrelevant,Irrelevant,Irrelevant,Irrelevant,Irrelevant,Irrelevant,Irrelevant,Irrelevant
ID0509,Low Relevance,Low Relevance,Low Relevance,Low Relevance,Low Relevance,Low Relevance,Low Relevance,Low Relevance,Irrelevant,Irrelevant,Irrelevant,Irrelevant,Irrelevant,Irrelevant,Irrelevant,Irrelevant,Irrelevant,Irrelevant,Irrelevant,Irrelevant,Irrelevant,Irrelevant,Irrelevant,Irrelevant,Irrelevant,Irrelevant,Irrelevant,Irrelevant,Irrelevant,Irrelevant
ID0510,Low Relevance,Low Relevance,Irrelevant,Irrelevant,Irrelevant,Irrelevant,Irrelevant,Irrelevant,Irrelevant,Irrelevant,Irrelevant,Irrelevant,Irrelevant,Irrelevant,Irrelevant,Irrelevant,Irrelevant,Irrelevant,Irrelevant,Irrelevant,Irrelevant,Irrelevant,Irrelevant,Irrelevant,Irrelevant,Irrelevant,Irrelevant,Irrelevant,Irrelevant,Irrelevant
ID0511,Irrelevant,Irrelevant,Irrelevant,Irrelevant,Irrelevant,Irrelevant,Irrelevant,Irrelevant,Irrelevant,Irrelevant,Irrelevant,Irrelevant,Irrelevant,Irrelevant,Irrelevant,Irrelevant,Irrelevant,Irrelevant,Irrelevant,Irrelevant,Irrelevant,Irrelevant,Irrelevant,Irrelevant,Irrelevant,Irrelevant,Irrelevant,Irrelevant,Irrelevant,Irrelevant
ID0513,Low Relevance,High Relevance,Irrelevant,Irrelevant,Irrelevant,Irrelevant,Irrelevant,Irrelevant,Irrelevant,Irrelevant,Irrelevant,Irrelevant,Irrelevant,Irrelevant,Irrelevant,Irrelevant,Irrelevant,Irrelevant,Irrelevant,Irrelevant,Irrelevant,Irrelevant,Irrelevant,Irrelevant,Irrelevant,Irrelevant,Irrelevant,Irrelevant,Irrelevant,Irrelevant
ID0514,Low Relevance,Low Relevance,Low Relevance,Low Relevance,Low Relevance,Low Relevance,Low Relevance,Irrelevant,Irrelevant,Irrelevant,Irrelevant,Irrelevant,Irrelevant,Irrelevant,Irrelevant,Irrelevant,Irrelevant,Irrelevant,Irrelevant,Irrelevant,Irrelevant,Irrelevant,Irrelevant,Irrelevant,Irrelevant,Irrelevant,Irrelevant,Irrelevant,Irrelevant,Irrelevant
ID0517,Low Relevance,Irrelevant,Irrelevant,Irrelevant,High Relevance,Low Relevance,Low Relevance,Irrelevant,Irrelevant,Irrelevant,Irrelevant,Irrelevant,Irrelevant,Irrelevant,Irrelevant,Irrelevant,Irrelevant,Irrelevant,Irrelevant,Irrelevant,Irrelevant,Irrelevant,Irrelevant,Irrelevant,Irrelevant,Irrelevant,Irrelevant,Irrelevant,Irrelevant,Irrelevant
ID0519,Low Relevance,Irrelevant,Low Relevance,Low Relevance,Low Relevance,Low Relevance,Low Relevance,Irrelevant,Irrelevant,Irrelevant,Irrelevant,Irrelevant,Irrelevant,Irrelevant,Irrelevant,Irrelevant,Irrelevant,Irrelevant,Irrelevant,Irrelevant,Irrelevant,Irrelevant,Irrelevant,Irrelevant,Irrelevant,Irrelevant,Irrelevant,Irrelevant,Irrelevant,Irrelevant
ID0520,Low Relevance,Irrelevant,Irrelevant,Low Relevance,Irrelevant,Irrelevant,Irrelevant,Irrelevant,Irrelevant,Irrelevant,Irrelevant,Irrelevant,Irrelevant,Irrelevant,Irrelevant,Irrelevant,Irrelevant,Irrelevant,Irrelevant,Irrelevant,Irrelevant,Irrelevant,Irrelevant,Irrelevant,Irrelevant,Irrelevant,Irrelevant,Irrelevant,Irrelevant,Irrelevant
ID0521,Low Relevance,Low Relevance,Low Relevance,Irrelevant,Irrelevant,Irrelevant,Irrelevant,Irrelevant,Irrelevant,Irrelevant,Irrelevant,Irrelevant,Irrelevant,Irrelevant,Irrelevant,Irrelevant,Irrelevant,Irrelevant,Irrelevant,Irrelevant,Irrelevant,Irrelevant,Irrelevant,Irrelevant,Irrelevant,Irrelevant,Irrelevant,Irrelevant,Irrelevant,Irrelevant
ID0522,Irrelevant,Low Relevance,Low Relevance,Low Relevance,Low Relevance,Low Relevance,Low Relevance,Low Relevance,Irrelevant,Irrelevant,Low Relevance,Irrelevant,Irrelevant,Irrelevant,Irrelevant,Irrelevant,Irrelevant,Irrelevant,Irrelevant,Irrelevant,Irrelevant,Irrelevant,Irrelevant,Irrelevant,Irrelevant,Irrelevant,Irrelevant,Irrelevant,Irrelevant,Irrelevant
ID0523,Low Relevance,Low Relevance,Low Relevance,Low Relevance,Low Relevance,Low Relevance,Irrelevant,Irrelevant,Irrelevant,Irrelevant,Irrelevant,Irrelevant,Irrelevant,Irrelevant,Irrelevant,Irrelevant,Irrelevant,Irrelevant,Irrelevant,Irrelevant,Irrelevant,Irrelevant,Irrelevant,Irrelevant,Irrelevant,Irrelevant,Irrelevant,Irrelevant,Irrelevant,Irrelevant
ID0524,Low Relevance,Irrelevant,Irrelevant,Irrelevant,Irrelevant,Irrelevant,Irrelevant,Irrelevant,Irrelevant,Irrelevant,Irrelevant,Irrelevant,Irrelevant,Irrelevant,Irrelevant,Irrelevant,Irrelevant,Irrelevant,Irrelevant,Irrelevant,Irrelevant,Irrelevant,Irrelevant,Irrelevant,Irrelevant,Irrelevant,Irrelevant,Irrelevant,Irrelevant,Irrelevant
ID0525,Low Relevance,Low Relevance,Low Relevance,Low Relevance,Low Relevance,Low Relevance,Low Relevance,Low Relevance,Low Relevance,Low Relevance,Irrelevant,Irrelevant,Irrelevant,Irrelevant,Irrelevant,Irrelevant,Irrelevant,Irrelevant,Irrelevant,Irrelevant,Irrelevant,Irrelevant,Irrelevant,Irrelevant,Irrelevant,Irrelevant,Irrelevant,Irrelevant,Irrelevant,Irrelevant
ID0526,Low Relevance,Low Relevance,Low Relevance,Low Relevance,Low Relevance,Low Relevance,Low Relevance,Low Relevance,Low Relevance,Irrelevant,Irrelevant,Irrelevant,Irrelevant,Irrelevant,Irrelevant,Irrelevant,Irrelevant,Irrelevant,Irrelevant,Irrelevant,Irrelevant,Irrelevant,Irrelevant,Irrelevant,Irrelevant,Irrelevant,Irrelevant,Irrelevant,Irrelevant,Irrelevant
ID0528,Irrelevant,Irrelevant,Irrelevant,Irrelevant,Irrelevant,Irrelevant,Irrelevant,Irrelevant,Irrelevant,Irrelevant,Irrelevant,Irrelevant,Irrelevant,Irrelevant,Irrelevant,Irrelevant,Irrelevant,Irrelevant,Irrelevant,Irrelevant,Irrelevant,Irrelevant,Irrelevant,Irrelevant,Irrelevant,Irrelevant,Irrelevant,Irrelevant,Irrelevant,Irrelevant
ID0529,Low Relevance,Low Relevance,Low Relevance,Low Relevance,Low Relevance,Low Relevance,Low Relevance,Low Relevance,Low Relevance,Low Relevance,Irrelevant,Irrelevant,Irrelevant,Irrelevant,Irrelevant,Irrelevant,Irrelevant,Irrelevant,Irrelevant,Irrelevant,Irrelevant,Irrelevant,Irrelevant,Irrelevant,Irrelevant,Irrelevant,Irrelevant,Irrelevant,Irrelevant,Irrelevant
ID0532,Low Relevance,Low Relevance,Low Relevance,Low Relevance,Low Relevance,Low Relevance,Low Relevance,Low Relevance,Low Relevance,Low Relevance,Low Relevance,Low Relevance,Irrelevant,Irrelevant,Irrelevant,Irrelevant,Irrelevant,Irrelevant,Irrelevant,Irrelevant,Irrelevant,Irrelevant,Irrelevant,Irrelevant,Irrelevant,Irrelevant,Irrelevant,Irrelevant,Irrelevant,Irrelevant
ID0533,Low Relevance,Irrelevant,Irrelevant,Irrelevant,Low Relevance,Low Relevance,Low Relevance,Low Relevance,Low Relevance,Low Relevance,Low Relevance,Irrelevant,Irrelevant,Irrelevant,Irrelevant,Irrelevant,Irrelevant,Irrelevant,Irrelevant,Irrelevant,Irrelevant,Irrelevant,Irrelevant,Irrelevant,Irrelevant,Irrelevant,Irrelevant,Irrelevant,Irrelevant,Irrelevant
ID0534,Irrelevant,Irrelevant,Irrelevant,Irrelevant,Irrelevant,Irrelevant,Irrelevant,Irrelevant,Irrelevant,Irrelevant,Irrelevant,Irrelevant,Irrelevant,Irrelevant,Irrelevant,Irrelevant,Irrelevant,Irrelevant,Irrelevant,Irrelevant,Irrelevant,Irrelevant,Irrelevant,Irrelevant,Irrelevant,Irrelevant,Irrelevant,Irrelevant,Irrelevant,Irrelevant
ID0535,Low Relevance,Low Relevance,Low Relevance,Low Relevance,Low Relevance,Low Relevance,Low Relevance,Low Relevance,Low Relevance,Low Relevance,Low Relevance,Low Relevance,Irrelevant,Irrelevant,Irrelevant,Irrelevant,Irrelevant,Irrelevant,Irrelevant,Irrelevant,Irrelevant,Irrelevant,Irrelevant,Irrelevant,Irrelevant,Irrelevant,Irrelevant,Irrelevant,Irrelevant,Irrelevant
ID0536,Low Relevance,Low Relevance,Irrelevant,Irrelevant,Irrelevant,Irrelevant,Irrelevant,Irrelevant,Irrelevant,Irrelevant,Irrelevant,Irrelevant,Irrelevant,Irrelevant,Irrelevant,Irrelevant,Irrelevant,Irrelevant,Irrelevant,Irrelevant,Irrelevant,Irrelevant,Irrelevant,Irrelevant,Irrelevant,Irrelevant,Irrelevant,Irrelevant,Irrelevant,Irrelevant
ID0539,Low Relevance,Low Relevance,Irrelevant,Irrelevant,Irrelevant,Irrelevant,Irrelevant,Irrelevant,Low Relevance,Low Relevance,Irrelevant,Irrelevant,Irrelevant,Irrelevant,Irrelevant,Irrelevant,Irrelevant,Irrelevant,Irrelevant,Irrelevant,Irrelevant,Irrelevant,Irrelevant,Irrelevant,Irrelevant,Irrelevant,Irrelevant,Irrelevant,Irrelevant,Irrelevant
ID0541,Irrelevant,Irrelevant,Irrelevant,Irrelevant,Irrelevant,Irrelevant,Irrelevant,Irrelevant,Irrelevant,Irrelevant,Irrelevant,Irrelevant,Irrelevant,Irrelevant,Irrelevant,Irrelevant,Irrelevant,Irrelevant,Irrelevant,Irrelevant,Irrelevant,Irrelevant,Irrelevant,Irrelevant,Irrelevant,Irrelevant,Irrelevant,Irrelevant,Irrelevant,Irrelevant
ID0542,Low Relevance,Low Relevance,Low Relevance,Low Relevance,Low Relevance,Low Relevance,High Relevance,High Relevance,Irrelevant,Irrelevant,Irrelevant,Irrelevant,Irrelevant,Irrelevant,Irrelevant,Irrelevant,Irrelevant,Irrelevant,Irrelevant,Irrelevant,Irrelevant,Irrelevant,Irrelevant,Irrelevant,Irrelevant,Irrelevant,Irrelevant,Irrelevant,Irrelevant,Irrelevant
ID0543,High Relevance,High Relevance,Low Relevance,Low Relevance,Low Relevance,Low Relevance,Low Relevance,Low Relevance,Low Relevance,Low Relevance,Irrelevant,Irrelevant,Irrelevant,Irrelevant,Irrelevant,Irrelevant,Irrelevant,Irrelevant,Irrelevant,Irrelevant,Irrelevant,Irrelevant,Irrelevant,Irrelevant,Irrelevant,Irrelevant,Irrelevant,Irrelevant,Irrelevant,Irrelevant
ID0546,Low Relevance,Low Relevance,Low Relevance,Low Relevance,Low Relevance,High Relevance,Low Relevance,Low Relevance,Low Relevance,Low Relevance,Low Relevance,Low Relevance,Irrelevant,Irrelevant,Irrelevant,Irrelevant,Irrelevant,Irrelevant,Irrelevant,Irrelevant,Irrelevant,Irrelevant,Irrelevant,Irrelevant,Irrelevant,Irrelevant,Irrelevant,Irrelevant,Irrelevant,Irrelevant
ID0551,Low Relevance,Irrelevant,Irrelevant,Irrelevant,Irrelevant,Irrelevant,Irrelevant,Irrelevant,Low Relevance,Irrelevant,Irrelevant,Irrelevant,Irrelevant,Irrelevant,Irrelevant,Irrelevant,Irrelevant,Irrelevant,Irrelevant,Irrelevant,Irrelevant,Irrelevant,Irrelevant,Irrelevant,Irrelevant,Irrelevant,Irrelevant,Irrelevant,Irrelevant,Irrelevant
ID0552,Irrelevant,Irrelevant,Irrelevant,Irrelevant,Irrelevant,Irrelevant,Irrelevant,Irrelevant,Irrelevant,Irrelevant,Irrelevant,Irrelevant,Irrelevant,Irrelevant,Irrelevant,Irrelevant,Irrelevant,Irrelevant,Irrelevant,Irrelevant,Irrelevant,Irrelevant,Irrelevant,Irrelevant,Irrelevant,Irrelevant,Irrelevant,Irrelevant,Irrelevant,Irrelevant
ID0553,Irrelevant,Irrelevant,Irrelevant,Irrelevant,Irrelevant,Irrelevant,Irrelevant,Irrelevant,Irrelevant,Irrelevant,Irrelevant,Irrelevant,Irrelevant,Irrelevant,Irrelevant,Irrelevant,Irrelevant,Irrelevant,Irrelevant,Irrelevant,Irrelevant,Irrelevant,Irrelevant,Irrelevant,Irrelevant,Irrelevant,Irrelevant,Irrelevant,Irrelevant,Irrelevant
ID0554,Low Relevance,Low Relevance,Low Relevance,Low Relevance,Low Relevance,Low Relevance,Low Relevance,Low Relevance,Low Relevance,Irrelevant,Irrelevant,Irrelevant,Irrelevant,Irrelevant,Irrelevant,Irrelevant,Irrelevant,Irrelevant,Irrelevant,Irrelevant,Irrelevant,Irrelevant,Irrelevant,Irrelevant,Irrelevant,Irrelevant,Irrelevant,Irrelevant,Irrelevant,Irrelevant
ID0555,Irrelevant,Irrelevant,Irrelevant,Irrelevant,Irrelevant,Low Relevance,Irrelevant,Irrelevant,Irrelevant,Irrelevant,Irrelevant,Irrelevant,Irrelevant,Irrelevant,Irrelevant,Irrelevant,Irrelevant,Irrelevant,Irrelevant,Irrelevant,Irrelevant,Irrelevant,Irrelevant,Irrelevant,Irrelevant,Irrelevant,Irrelevant,Irrelevant,Irrelevant,Irrelevant
ID0559,Low Relevance,Low Relevance,Low Relevance,Low Relevance,Low Relevance,Low Relevance,Low Relevance,Low Relevance,Low Relevance,Low Relevance,Low Relevance,Low Relevance,Irrelevant,Irrelevant,Irrelevant,Irrelevant,Irrelevant,Irrelevant,Irrelevant,Irrelevant,Irrelevant,Irrelevant,Irrelevant,Irrelevant,Irrelevant,Irrelevant,Irrelevant,Irrelevant,Irrelevant,Irrelevant
ID0561,Irrelevant,Irrelevant,Irrelevant,Irrelevant,Irrelevant,Irrelevant,Irrelevant,Irrelevant,Irrelevant,Irrelevant,Irrelevant,Irrelevant,Irrelevant,Irrelevant,Irrelevant,Irrelevant,Irrelevant,Irrelevant,Irrelevant,Irrelevant,Irrelevant,Irrelevant,Irrelevant,Irrelevant,Irrelevant,Irrelevant,Irrelevant,Irrelevant,Irrelevant,Irrelevant
ID0564,Low Relevance,Low Relevance,Low Relevance,Low Relevance,Low Relevance,Low Relevance,Low Relevance,Low Relevance,Low Relevance,Irrelevant,Irrelevant,Irrelevant,Irrelevant,Irrelevant,Irrelevant,Irrelevant,Irrelevant,Irrelevant,Irrelevant,Irrelevant,Irrelevant,Irrelevant,Irrelevant,Irrelevant,Irrelevant,Irrelevant,Irrelevant,Irrelevant,Irrelevant,Irrelevant
ID0566,Low Relevance,Irrelevant,Irrelevant,Irrelevant,Irrelevant,Irrelevant,Irrelevant,Irrelevant,Irrelevant,Irrelevant,Irrelevant,Irrelevant,Irrelevant,Irrelevant,Irrelevant,Irrelevant,Irrelevant,Irrelevant,Irrelevant,Irrelevant,Irrelevant,Irrelevant,Irrelevant,Irrelevant,Irrelevant,Irrelevant,Irrelevant,Irrelevant,Irrelevant,Irrelevant
ID0567,Low Relevance,Low Relevance,Low Relevance,Low Relevance,Low Relevance,Low Relevance,Low Relevance,Low Relevance,Irrelevant,Irrelevant,Irrelevant,Irrelevant,Irrelevant,Irrelevant,Irrelevant,Irrelevant,Irrelevant,Irrelevant,Irrelevant,Irrelevant,Irrelevant,Irrelevant,Irrelevant,Irrelevant,Irrelevant,Irrelevant,Irrelevant,Irrelevant,Irrelevant,Irrelevant
ID0568,Low Relevance,Irrelevant,Irrelevant,Low Relevance,Irrelevant,Low Relevance,Irrelevant,Low Relevance,Low Relevance,Irrelevant,Irrelevant,Irrelevant,Irrelevant,Irrelevant,Irrelevant,Irrelevant,Irrelevant,Irrelevant,Irrelevant,Irrelevant,Irrelevant,Irrelevant,Irrelevant,Irrelevant,Irrelevant,Irrelevant,Irrelevant,Irrelevant,Irrelevant,Irrelevant
ID0569,Low Relevance,Low Relevance,Low Relevance,Low Relevance,Low Relevance,Irrelevant,Irrelevant,Irrelevant,Irrelevant,Irrelevant,Irrelevant,Irrelevant,Irrelevant,Irrelevant,Irrelevant,Irrelevant,Irrelevant,Irrelevant,Irrelevant,Irrelevant,Irrelevant,Irrelevant,Irrelevant,Irrelevant,Irrelevant,Irrelevant,Irrelevant,Irrelevant,Irrelevant,Irrelevant
ID0572,Irrelevant,Irrelevant,Irrelevant,Irrelevant,Irrelevant,Irrelevant,Irrelevant,Irrelevant,Irrelevant,Irrelevant,Irrelevant,Irrelevant,Irrelevant,Irrelevant,Irrelevant,Irrelevant,Irrelevant,Irrelevant,Irrelevant,Irrelevant,Irrelevant,Irrelevant,Irrelevant,Irrelevant,Irrelevant,Irrelevant,Irrelevant,Irrelevant,Irrelevant,Irrelevant
ID0574,Low Relevance,Irrelevant,Irrelevant,Irrelevant,Irrelevant,Irrelevant,Irrelevant,Irrelevant,Irrelevant,Irrelevant,Irrelevant,Irrelevant,Irrelevant,Irrelevant,Irrelevant,Irrelevant,Irrelevant,Irrelevant,Irrelevant,Irrelevant,Irrelevant,Irrelevant,Irrelevant,Irrelevant,Irrelevant,Irrelevant,Irrelevant,Irrelevant,Irrelevant,Irrelevant
ID0575,Low Relevance,Irrelevant,Irrelevant,Irrelevant,Irrelevant,Irrelevant,Irrelevant,Irrelevant,Irrelevant,Irrelevant,Irrelevant,Irrelevant,Irrelevant,Irrelevant,Irrelevant,Irrelevant,Irrelevant,Irrelevant,Irrelevant,Irrelevant,Irrelevant,Irrelevant,Irrelevant,Irrelevant,Irrelevant,Irrelevant,Irrelevant,Irrelevant,Irrelevant,Irrelevant
ID0576,Low Relevance,Low Relevance,Low Relevance,Low Relevance,Low Relevance,Low Relevance,Low Relevance,Low Relevance,Low Relevance,Low Relevance,Irrelevant,Irrelevant,Irrelevant,Irrelevant,Irrelevant,Irrelevant,Irrelevant,Irrelevant,Irrelevant,Irrelevant,Irrelevant,Irrelevant,Irrelevant,Irrelevant,Irrelevant,Irrelevant,Irrelevant,Irrelevant,Irrelevant,Irrelevant
ID0577,Low Relevance,Low Relevance,Low Relevance,Low Relevance,Low Relevance,Low Relevance,Low Relevance,Low Relevance,Low Relevance,Low Relevance,Low Relevance,Irrelevant,Irrelevant,Irrelevant,Irrelevant,Irrelevant,Irrelevant,Irrelevant,Irrelevant,Irrelevant,Irrelevant,Irrelevant,Irrelevant,Irrelevant,Irrelevant,Irrelevant,Irrelevant,Irrelevant,Irrelevant,Irrelevant
ID0578,Low Relevance,Low Relevance,Low Relevance,Low Relevance,Irrelevant,Irrelevant,Irrelevant,Low Relevance,Low Relevance,Low Relevance,Irrelevant,Irrelevant,Irrelevant,Irrelevant,Irrelevant,Irrelevant,Irrelevant,Irrelevant,Irrelevant,Irrelevant,Irrelevant,Irrelevant,Irrelevant,Irrelevant,Irrelevant,Irrelevant,Irrelevant,Irrelevant,Irrelevant,Irrelevant
ID0581,Irrelevant,Irrelevant,Irrelevant,Irrelevant,Irrelevant,Irrelevant,Irrelevant,Irrelevant,Irrelevant,Irrelevant,Irrelevant,Irrelevant,Irrelevant,Irrelevant,Irrelevant,Irrelevant,Irrelevant,Irrelevant,Irrelevant,Irrelevant,Irrelevant,Irrelevant,Irrelevant,Irrelevant,Irrelevant,Irrelevant,Irrelevant,Irrelevant,Irrelevant,Irrelevant
ID0584,Irrelevant,Irrelevant,Irrelevant,Irrelevant,Irrelevant,Irrelevant,Irrelevant,Irrelevant,Irrelevant,Irrelevant,Irrelevant,Irrelevant,Irrelevant,Irrelevant,Irrelevant,Irrelevant,Irrelevant,Irrelevant,Irrelevant,Irrelevant,Irrelevant,Irrelevant,Irrelevant,Irrelevant,Irrelevant,Irrelevant,Irrelevant,Irrelevant,Irrelevant,Irrelevant
ID0585,Low Relevance,Low Relevance,Low Relevance,Low Relevance,Low Relevance,Low Relevance,Low Relevance,Low Relevance,Low Relevance,Irrelevant,Irrelevant,Irrelevant,Irrelevant,Irrelevant,Irrelevant,Irrelevant,Irrelevant,Irrelevant,Irrelevant,Irrelevant,Irrelevant,Irrelevant,Irrelevant,Irrelevant,Irrelevant,Irrelevant,Irrelevant,Irrelevant,Irrelevant,Irrelevant
ID0586,Irrelevant,Irrelevant,Irrelevant,Irrelevant,Irrelevant,Irrelevant,Irrelevant,Irrelevant,Irrelevant,Irrelevant,Irrelevant,Irrelevant,Irrelevant,Irrelevant,Irrelevant,Irrelevant,Irrelevant,Irrelevant,Irrelevant,Irrelevant,Irrelevant,Irrelevant,Irrelevant,Irrelevant,Irrelevant,Irrelevant,Irrelevant,Irrelevant,Irrelevant,Irrelevant
ID0587,Low Relevance,Low Relevance,Low Relevance,Low Relevance,Low Relevance,Low Relevance,Low Relevance,Low Relevance,Irrelevant,Irrelevant,Irrelevant,Irrelevant,Irrelevant,Irrelevant,Irrelevant,Irrelevant,Irrelevant,Irrelevant,Irrelevant,Irrelevant,Irrelevant,Irrelevant,Irrelevant,Irrelevant,Irrelevant,Irrelevant,Irrelevant,Irrelevant,Irrelevant,Irrelevant
ID0589,Irrelevant,Irrelevant,Irrelevant,Irrelevant,Irrelevant,Irrelevant,Irrelevant,Irrelevant,Irrelevant,Irrelevant,Irrelevant,Irrelevant,Irrelevant,Irrelevant,Irrelevant,Irrelevant,Irrelevant,Irrelevant,Irrelevant,Irrelevant,Irrelevant,Irrelevant,Irrelevant,Irrelevant,Irrelevant,Irrelevant,Irrelevant,Irrelevant,Irrelevant,Irrelevant
ID0590,Irrelevant,Irrelevant,Irrelevant,Irrelevant,Irrelevant,Irrelevant,Irrelevant,Irrelevant,Irrelevant,Irrelevant,Irrelevant,Irrelevant,Irrelevant,Irrelevant,Irrelevant,Irrelevant,Irrelevant,Irrelevant,Irrelevant,Irrelevant,Irrelevant,Irrelevant,Irrelevant,Irrelevant,Irrelevant,Irrelevant,Irrelevant,Irrelevant,Irrelevant,Irrelevant
ID0591,Low Relevance,Low Relevance,Low Relevance,Low Relevance,Low Relevance,Low Relevance,Low Relevance,Low Relevance,Low Relevance,Low Relevance,Irrelevant,Irrelevant,Irrelevant,Irrelevant,Irrelevant,Irrelevant,Irrelevant,Irrelevant,Irrelevant,Irrelevant,Irrelevant,Irrelevant,Irrelevant,Irrelevant,Irrelevant,Irrelevant,Irrelevant,Irrelevant,Irrelevant,Irrelevant
ID0592,Irrelevant,Irrelevant,Irrelevant,Irrelevant,Irrelevant,Irrelevant,Irrelevant,Irrelevant,Irrelevant,Irrelevant,Irrelevant,Irrelevant,Irrelevant,Irrelevant,Irrelevant,Irrelevant,Irrelevant,Irrelevant,Irrelevant,Irrelevant,Irrelevant,Irrelevant,Irrelevant,Irrelevant,Irrelevant,Irrelevant,Irrelevant,Irrelevant,Irrelevant,Irrelevant
ID0594,Low Relevance,Low Relevance,Low Relevance,Low Relevance,Low Relevance,Low Relevance,Low Relevance,Low Relevance,Low Relevance,Low Relevance,Irrelevant,Irrelevant,Irrelevant,Irrelevant,Irrelevant,Irrelevant,Irrelevant,Irrelevant,Irrelevant,Irrelevant,Irrelevant,Irrelevant,Irrelevant,Irrelevant,Irrelevant,Irrelevant,Irrelevant,Irrelevant,Irrelevant,Irrelevant
ID0595,Irrelevant,Irrelevant,Irrelevant,Irrelevant,Irrelevant,Irrelevant,Irrelevant,Irrelevant,Irrelevant,Irrelevant,Irrelevant,Irrelevant,Irrelevant,Irrelevant,Irrelevant,Irrelevant,Irrelevant,Irrelevant,Irrelevant,Irrelevant,Irrelevant,Irrelevant,Irrelevant,Irrelevant,Irrelevant,Irrelevant,Irrelevant,Irrelevant,Irrelevant,Irrelevant
ID0596,Irrelevant,Irrelevant,Irrelevant,Irrelevant,Irrelevant,Irrelevant,Irrelevant,Irrelevant,Irrelevant,Irrelevant,Irrelevant,Irrelevant,Irrelevant,Irrelevant,Irrelevant,Irrelevant,Irrelevant,Irrelevant,Irrelevant,Irrelevant,Irrelevant,Irrelevant,Irrelevant,Irrelevant,Irrelevant,Irrelevant,Irrelevant,Irrelevant,Irrelevant,Irrelevant
ID0598,Low Relevance,Low Relevance,Low Relevance,Low Relevance,Low Relevance,Irrelevant,Irrelevant,Irrelevant,Irrelevant,Irrelevant,Irrelevant,Irrelevant,Irrelevant,Irrelevant,Irrelevant,Irrelevant,Irrelevant,Irrelevant,Irrelevant,Irrelevant,Irrelevant,Irrelevant,Irrelevant,Irrelevant,Irrelevant,Irrelevant,Irrelevant,Irrelevant,Irrelevant,Irrelevant
ID0599,Low Relevance,Low Relevance,Low Relevance,Low Relevance,Low Relevance,Low Relevance,Low Relevance,Low Relevance,Low Relevance,Irrelevant,Irrelevant,Irrelevant,Irrelevant,Irrelevant,Irrelevant,Irrelevant,Irrelevant,Irrelevant,Irrelevant,Irrelevant,Irrelevant,Irrelevant,Irrelevant,Irrelevant,Irrelevant,Irrelevant,Irrelevant,Irrelevant,Irrelevant,Irrelevant
ID0600,Low Relevance,Irrelevant,Irrelevant,Irrelevant,Irrelevant,High Relevance,Low Relevance,Low Relevance,Low Relevance,Low Relevance,Low Relevance,Irrelevant,Irrelevant,Irrelevant,Irrelevant,Irrelevant,Irrelevant,Irrelevant,Irrelevant,Irrelevant,Irrelevant,Irrelevant,Irrelevant,Irrelevant,Irrelevant,Irrelevant,Irrelevant,Irrelevant,Irrelevant,Irrelevant
ID0601,Low Relevance,Low Relevance,Low Relevance,Low Relevance,Low Relevance,High Relevance,Low Relevance,Low Relevance,Irrelevant,Irrelevant,Irrelevant,Irrelevant,Irrelevant,Irrelevant,Irrelevant,Irrelevant,Irrelevant,Irrelevant,Irrelevant,Irrelevant,Irrelevant,Irrelevant,Irrelevant,Irrelevant,Irrelevant,Irrelevant,Irrelevant,Irrelevant,Irrelevant,Irrelevant
ID0602,Low Relevance,Low Relevance,Irrelevant,Low Relevance,Low Relevance,Irrelevant,Low Relevance,Irrelevant,Irrelevant,Low Relevance,Low Relevance,Low Relevance,Irrelevant,Irrelevant,Irrelevant,Irrelevant,Irrelevant,Irrelevant,Irrelevant,Irrelevant,Irrelevant,Irrelevant,Irrelevant,Irrelevant,Irrelevant,Irrelevant,Irrelevant,Irrelevant,Irrelevant,Irrelevant
ID0603,Irrelevant,Irrelevant,Irrelevant,Irrelevant,Irrelevant,Irrelevant,Irrelevant,Irrelevant,Irrelevant,Irrelevant,Irrelevant,Irrelevant,Irrelevant,Irrelevant,Irrelevant,Irrelevant,Irrelevant,Irrelevant,Irrelevant,Irrelevant,Irrelevant,Irrelevant,Irrelevant,Irrelevant,Irrelevant,Irrelevant,Irrelevant,Irrelevant,Irrelevant,Irrelevant
ID0604,Low Relevance,Low Relevance,Low Relevance,Low Relevance,Low Relevance,High Relevance,Low Relevance,Irrelevant,Irrelevant,Irrelevant,Irrelevant,Irrelevant,Irrelevant,Irrelevant,Irrelevant,Irrelevant,Irrelevant,Irrelevant,Irrelevant,Irrelevant,Irrelevant,Irrelevant,Irrelevant,Irrelevant,Irrelevant,Irrelevant,Irrelevant,Irrelevant,Irrelevant,Irrelevant
ID0605,Low Relevance,Low Relevance,High Relevance,Irrelevant,Irrelevant,Irrelevant,Irrelevant,Irrelevant,Irrelevant,Irrelevant,Irrelevant,Irrelevant,Irrelevant,Irrelevant,Irrelevant,Irrelevant,Irrelevant,Irrelevant,Irrelevant,Irrelevant,Irrelevant,Irrelevant,Irrelevant,Irrelevant,Irrelevant,Irrelevant,Irrelevant,Irrelevant,Irrelevant,Irrelevant
ID0607,Low Relevance,Low Relevance,Low Relevance,Low Relevance,Low Relevance,Low Relevance,Low Relevance,Low Relevance,Low Relevance,Low Relevance,Low Relevance,Low Relevance,Irrelevant,Irrelevant,Irrelevant,Irrelevant,Irrelevant,Irrelevant,Irrelevant,Irrelevant,Irrelevant,Irrelevant,Irrelevant,Irrelevant,Irrelevant,Irrelevant,Irrelevant,Irrelevant,Irrelevant,Irrelevant
ID0609,Low Relevance,Low Relevance,Low Relevance,Low Relevance,Low Relevance,Low Relevance,Low Relevance,Low Relevance,Low Relevance,Irrelevant,Irrelevant,Irrelevant,Irrelevant,Irrelevant,Irrelevant,Irrelevant,Irrelevant,Irrelevant,Irrelevant,Irrelevant,Irrelevant,Irrelevant,Irrelevant,Irrelevant,Irrelevant,Irrelevant,Irrelevant,Irrelevant,Irrelevant,Irrelevant
ID0613,Low Relevance,Low Relevance,Low Relevance,Low Relevance,Low Relevance,Low Relevance,Low Relevance,High Relevance,Low Relevance,Low Relevance,Irrelevant,Irrelevant,Irrelevant,Irrelevant,Irrelevant,Irrelevant,Irrelevant,Irrelevant,Irrelevant,Irrelevant,Irrelevant,Irrelevant,Irrelevant,Irrelevant,Irrelevant,Irrelevant,Irrelevant,Irrelevant,Irrelevant,Irrelevant
ID0614,Low Relevance,High Relevance,Low Relevance,Low Relevance,Low Relevance,Low Relevance,Irrelevant,Irrelevant,Irrelevant,Irrelevant,Irrelevant,Irrelevant,Irrelevant,Irrelevant,Irrelevant,Irrelevant,Irrelevant,Irrelevant,Irrelevant,Irrelevant,Irrelevant,Irrelevant,Irrelevant,Irrelevant,Irrelevant,Irrelevant,Irrelevant,Irrelevant,Irrelevant,Irrelevant
ID0616,Low Relevance,Low Relevance,Low Relevance,Low Relevance,Low Relevance,Low Relevance,Low Relevance,Low Relevance,Irrelevant,Irrelevant,Irrelevant,Irrelevant,Irrelevant,Irrelevant,Irrelevant,Irrelevant,Irrelevant,Irrelevant,Irrelevant,Irrelevant,Irrelevant,Irrelevant,Irrelevant,Irrelevant,Irrelevant,Irrelevant,Irrelevant,Irrelevant,Irrelevant,Irrelevant
ID0617,Low Relevance,Low Relevance,Low Relevance,Irrelevant,Irrelevant,Irrelevant,Irrelevant,Irrelevant,Irrelevant,Irrelevant,Irrelevant,Irrelevant,Irrelevant,Irrelevant,Irrelevant,Irrelevant,Irrelevant,Irrelevant,Irrelevant,Irrelevant,Irrelevant,Irrelevant,Irrelevant,Irrelevant,Irrelevant,Irrelevant,Irrelevant,Irrelevant,Irrelevant,Irrelevant
ID0618,Low Relevance,Irrelevant,Irrelevant,Low Relevance,Low Relevance,Low Relevance,Low Relevance,Irrelevant,Irrelevant,Irrelevant,Irrelevant,Irrelevant,Irrelevant,Irrelevant,Irrelevant,Irrelevant,Irrelevant,Irrelevant,Irrelevant,Irrelevant,Irrelevant,Irrelevant,Irrelevant,Irrelevant,Irrelevant,Irrelevant,Irrelevant,Irrelevant,Irrelevant,Irrelevant
ID0619,Low Relevance,Low Relevance,Low Relevance,Low Relevance,Low Relevance,Low Relevance,High Relevance,Irrelevant,Irrelevant,Irrelevant,Irrelevant,Irrelevant,Irrelevant,Irrelevant,Irrelevant,Irrelevant,Irrelevant,Irrelevant,Irrelevant,Irrelevant,Irrelevant,Irrelevant,Irrelevant,Irrelevant,Irrelevant,Irrelevant,Irrelevant,Irrelevant,Irrelevant,Irrelevant
ID0621,Irrelevant,Irrelevant,Irrelevant,Irrelevant,Irrelevant,Irrelevant,Irrelevant,Irrelevant,Irrelevant,Irrelevant,Irrelevant,Irrelevant,Irrelevant,Irrelevant,Irrelevant,Irrelevant,Irrelevant,Irrelevant,Irrelevant,Irrelevant,Irrelevant,Irrelevant,Irrelevant,Irrelevant,Irrelevant,Irrelevant,Irrelevant,Irrelevant,Irrelevant,Irrelevant
ID0622,Irrelevant,Irrelevant,Irrelevant,Irrelevant,Irrelevant,Irrelevant,Irrelevant,Irrelevant,Irrelevant,Irrelevant,Irrelevant,Irrelevant,Irrelevant,Irrelevant,Irrelevant,Irrelevant,Irrelevant,Irrelevant,Irrelevant,Irrelevant,Irrelevant,Irrelevant,Irrelevant,Irrelevant,Irrelevant,Irrelevant,Irrelevant,Irrelevant,Irrelevant,Irrelevant
ID0623,Low Relevance,Low Relevance,Low Relevance,Low Relevance,Low Relevance,Low Relevance,Low Relevance,Low Relevance,Low Relevance,Low Relevance,Low Relevance,Irrelevant,Irrelevant,Irrelevant,Irrelevant,Irrelevant,Irrelevant,Irrelevant,Irrelevant,Irrelevant,Irrelevant,Irrelevant,Irrelevant,Irrelevant,Irrelevant,Irrelevant,Irrelevant,Irrelevant,Irrelevant,Irrelevant
ID0625,Low Relevance,Low Relevance,Low Relevance,Low Relevance,Irrelevant,Irrelevant,Irrelevant,Irrelevant,Irrelevant,Irrelevant,Irrelevant,Irrelevant,Irrelevant,Irrelevant,Irrelevant,Irrelevant,Irrelevant,Irrelevant,Irrelevant,Irrelevant,Irrelevant,Irrelevant,Irrelevant,Irrelevant,Irrelevant,Irrelevant,Irrelevant,Irrelevant,Irrelevant,Irrelevant
ID0626,Low Relevance,Low Relevance,Low Relevance,Low Relevance,Low Relevance,Irrelevant,Irrelevant,Irrelevant,Irrelevant,Irrelevant,Irrelevant,Irrelevant,Irrelevant,Irrelevant,Irrelevant,Irrelevant,Irrelevant,Irrelevant,Irrelevant,Irrelevant,Irrelevant,Irrelevant,Irrelevant,Irrelevant,Irrelevant,Irrelevant,Irrelevant,Irrelevant,Irrelevant,Irrelevant
ID0627,Irrelevant,Irrelevant,Irrelevant,Irrelevant,Irrelevant,Irrelevant,Irrelevant,Irrelevant,Irrelevant,Irrelevant,Irrelevant,Irrelevant,Irrelevant,Irrelevant,Irrelevant,Irrelevant,Irrelevant,Irrelevant,Irrelevant,Irrelevant,Irrelevant,Irrelevant,Irrelevant,Irrelevant,Irrelevant,Irrelevant,Irrelevant,Irrelevant,Irrelevant,Irrelevant
ID0628,Low Relevance,Low Relevance,High Relevance,Low Relevance,Low Relevance,Irrelevant,Irrelevant,Irrelevant,Irrelevant,Irrelevant,Irrelevant,Irrelevant,Irrelevant,Irrelevant,Irrelevant,Irrelevant,Irrelevant,Irrelevant,Irrelevant,Irrelevant,Irrelevant,Irrelevant,Irrelevant,Irrelevant,Irrelevant,Irrelevant,Irrelevant,Irrelevant,Irrelevant,Irrelevant
ID0629,Irrelevant,Irrelevant,Irrelevant,Irrelevant,Irrelevant,Irrelevant,Irrelevant,Irrelevant,Irrelevant,Irrelevant,Irrelevant,Irrelevant,Irrelevant,Irrelevant,Irrelevant,Irrelevant,Irrelevant,Irrelevant,Irrelevant,Irrelevant,Irrelevant,Irrelevant,Irrelevant,Irrelevant,Irrelevant,Irrelevant,Irrelevant,Irrelevant,Irrelevant,Irrelevant
ID0631,Low Relevance,Low Relevance,Low Relevance,Low Relevance,Low Relevance,Low Relevance,Low Relevance,Low Relevance,Low Relevance,Low Relevance,Low Relevance,Low Relevance,Irrelevant,Irrelevant,Irrelevant,Irrelevant,Irrelevant,Irrelevant,Irrelevant,Irrelevant,Irrelevant,Irrelevant,Irrelevant,Irrelevant,Irrelevant,Irrelevant,Irrelevant,Irrelevant,Irrelevant,Irrelevant
ID0633,Irrelevant,Irrelevant,Irrelevant,Irrelevant,Irrelevant,Irrelevant,Irrelevant,Irrelevant,Irrelevant,Irrelevant,Irrelevant,Irrelevant,Irrelevant,Irrelevant,Irrelevant,Irrelevant,Irrelevant,Irrelevant,Irrelevant,Irrelevant,Irrelevant,Irrelevant,Irrelevant,Irrelevant,Irrelevant,Irrelevant,Irrelevant,Irrelevant,Irrelevant,Irrelevant
ID0634,Irrelevant,Irrelevant,Irrelevant,Irrelevant,Irrelevant,Irrelevant,Irrelevant,Irrelevant,Irrelevant,Irrelevant,Irrelevant,Irrelevant,Irrelevant,Irrelevant,Irrelevant,Irrelevant,Irrelevant,Irrelevant,Irrelevant,Irrelevant,Irrelevant,Irrelevant,Irrelevant,Irrelevant,Irrelevant,Irrelevant,Irrelevant,Irrelevant,Irrelevant,Irrelevant
ID0635,Low Relevance,Low Relevance,Low Relevance,Low Relevance,Low Relevance,Low Relevance,High Relevance,Low Relevance,Low Relevance,Low Relevance,Low Relevance,Low Relevance,Irrelevant,Irrelevant,Irrelevant,Irrelevant,Irrelevant,Irrelevant,Irrelevant,Irrelevant,Irrelevant,Irrelevant,Irrelevant,Irrelevant,Irrelevant,Irrelevant,Irrelevant,Irrelevant,Irrelevant,Irrelevant
ID0636,Irrelevant,Irrelevant,Irrelevant,Irrelevant,Irrelevant,Irrelevant,Irrelevant,Irrelevant,Irrelevant,Irrelevant,Irrelevant,Irrelevant,Irrelevant,Irrelevant,Irrelevant,Irrelevant,Irrelevant,Irrelevant,Irrelevant,Irrelevant,Irrelevant,Irrelevant,Irrelevant,Irrelevant,Irrelevant,Irrelevant,Irrelevant,Irrelevant,Irrelevant,Irrelevant
ID0639,Low Relevance,Irrelevant,Irrelevant,Irrelevant,Irrelevant,Irrelevant,Irrelevant,Irrelevant,Irrelevant,Irrelevant,Irrelevant,Irrelevant,Irrelevant,Irrelevant,Irrelevant,Irrelevant,Irrelevant,Irrelevant,Irrelevant,Irrelevant,Irrelevant,Irrelevant,Irrelevant,Irrelevant,Irrelevant,Irrelevant,Irrelevant,Irrelevant,Irrelevant,Irrelevant
ID0641,Low Relevance,Irrelevant,Irrelevant,Irrelevant,Irrelevant,Irrelevant,Irrelevant,Irrelevant,Irrelevant,Irrelevant,Irrelevant,Irrelevant,Irrelevant,Irrelevant,Irrelevant,Irrelevant,Irrelevant,Irrelevant,Irrelevant,Irrelevant,Irrelevant,Irrelevant,Irrelevant,Irrelevant,Irrelevant,Irrelevant,Irrelevant,Irrelevant,Irrelevant,Irrelevant
ID0642,Irrelevant,Irrelevant,Irrelevant,Irrelevant,Irrelevant,Irrelevant,Irrelevant,Irrelevant,Irrelevant,Irrelevant,Irrelevant,Irrelevant,Irrelevant,Irrelevant,Irrelevant,Irrelevant,Irrelevant,Irrelevant,Irrelevant,Irrelevant,Irrelevant,Irrelevant,Irrelevant,Irrelevant,Irrelevant,Irrelevant,Irrelevant,Irrelevant,Irrelevant,Irrelevant
ID0643,Irrelevant,Irrelevant,Irrelevant,Irrelevant,Irrelevant,Irrelevant,Irrelevant,Irrelevant,Irrelevant,Irrelevant,Irrelevant,Irrelevant,Irrelevant,Irrelevant,Irrelevant,Irrelevant,Irrelevant,Irrelevant,Irrelevant,Irrelevant,Irrelevant,Irrelevant,Irrelevant,Irrelevant,Irrelevant,Irrelevant,Irrelevant,Irrelevant,Irrelevant,Irrelevant
ID0647,Irrelevant,Irrelevant,Irrelevant,Irrelevant,Irrelevant,Irrelevant,Irrelevant,Irrelevant,Irrelevant,Irrelevant,Irrelevant,Irrelevant,Irrelevant,Irrelevant,Irrelevant,Irrelevant,Irrelevant,Irrelevant,Irrelevant,Irrelevant,Irrelevant,Irrelevant,Irrelevant,Irrelevant,Irrelevant,Irrelevant,Irrelevant,Irrelevant,Irrelevant,Irrelevant
ID0648,Irrelevant,Irrelevant,Irrelevant,Irrelevant,Irrelevant,Irrelevant,Irrelevant,Irrelevant,Irrelevant,Irrelevant,Irrelevant,Irrelevant,Irrelevant,Irrelevant,Irrelevant,Irrelevant,Irrelevant,Irrelevant,Irrelevant,Irrelevant,Irrelevant,Irrelevant,Irrelevant,Irrelevant,Irrelevant,Irrelevant,Irrelevant,Irrelevant,Irrelevant,Irrelevant
ID0651,Low Relevance,Low Relevance,Low Relevance,Low Relevance,Low Relevance,Low Relevance,Irrelevant,Irrelevant,Irrelevant,Irrelevant,Irrelevant,Irrelevant,Irrelevant,Irrelevant,Irrelevant,Irrelevant,Irrelevant,Irrelevant,Irrelevant,Irrelevant,Irrelevant,Irrelevant,Irrelevant,Irrelevant,Irrelevant,Irrelevant,Irrelevant,Irrelevant,Irrelevant,Irrelevant
ID0652,Low Relevance,Low Relevance,Irrelevant,Irrelevant,Irrelevant,Irrelevant,Irrelevant,Irrelevant,Irrelevant,Irrelevant,Irrelevant,Irrelevant,Irrelevant,Irrelevant,Irrelevant,Irrelevant,Irrelevant,Irrelevant,Irrelevant,Irrelevant,Irrelevant,Irrelevant,Irrelevant,Irrelevant,Irrelevant,Irrelevant,Irrelevant,Irrelevant,Irrelevant,Irrelevant
ID0653,Low Relevance,Low Relevance,Low Relevance,Low Relevance,Low Relevance,Low Relevance,Low Relevance,Irrelevant,Irrelevant,Irrelevant,Irrelevant,Irrelevant,Irrelevant,Irrelevant,Irrelevant,Irrelevant,Irrelevant,Irrelevant,Irrelevant,Irrelevant,Irrelevant,Irrelevant,Irrelevant,Irrelevant,Irrelevant,Irrelevant,Irrelevant,Irrelevant,Irrelevant,Irrelevant
ID0654,Low Relevance,Low Relevance,Low Relevance,Low Relevance,Low Relevance,Low Relevance,Low Relevance,Low Relevance,Low Relevance,Low Relevance,Irrelevant,Irrelevant,Irrelevant,Irrelevant,Irrelevant,Irrelevant,Irrelevant,Irrelevant,Irrelevant,Irrelevant,Irrelevant,Irrelevant,Irrelevant,Irrelevant,Irrelevant,Irrelevant,Irrelevant,Irrelevant,Irrelevant,Irrelevant
ID0655,Low Relevance,Low Relevance,High Relevance,Low Relevance,Irrelevant,Low Relevance,Low Relevance,Low Relevance,Irrelevant,Irrelevant,Irrelevant,Irrelevant,Irrelevant,Irrelevant,Irrelevant,Irrelevant,Irrelevant,Irrelevant,Irrelevant,Irrelevant,Irrelevant,Irrelevant,Irrelevant,Irrelevant,Irrelevant,Irrelevant,Irrelevant,Irrelevant,Irrelevant,Irrelevant
ID0656,Irrelevant,Irrelevant,Irrelevant,Irrelevant,Irrelevant,Irrelevant,Irrelevant,Irrelevant,Irrelevant,Irrelevant,Irrelevant,Irrelevant,Irrelevant,Irrelevant,Irrelevant,Irrelevant,Irrelevant,Irrelevant,Irrelevant,Irrelevant,Irrelevant,Irrelevant,Irrelevant,Irrelevant,Irrelevant,Irrelevant,Irrelevant,Irrelevant,Irrelevant,Irrelevant
ID0658,Low Relevance,Irrelevant,Irrelevant,Irrelevant,Irrelevant,Irrelevant,Irrelevant,Irrelevant,Irrelevant,Irrelevant,Irrelevant,Irrelevant,Irrelevant,Irrelevant,Irrelevant,Irrelevant,Irrelevant,Irrelevant,Irrelevant,Irrelevant,Irrelevant,Irrelevant,Irrelevant,Irrelevant,Irrelevant,Irrelevant,Irrelevant,Irrelevant,Irrelevant,Irrelevant
ID0659,Irrelevant,Irrelevant,Irrelevant,Irrelevant,Irrelevant,Irrelevant,Irrelevant,Irrelevant,Irrelevant,Irrelevant,Irrelevant,Irrelevant,Irrelevant,Irrelevant,Irrelevant,Irrelevant,Irrelevant,Irrelevant,Irrelevant,Irrelevant,Irrelevant,Irrelevant,Irrelevant,Irrelevant,Irrelevant,Irrelevant,Irrelevant,Irrelevant,Irrelevant,Irrelevant
ID0660,Irrelevant,Irrelevant,Irrelevant,Irrelevant,Irrelevant,Irrelevant,Irrelevant,Irrelevant,Irrelevant,Irrelevant,Irrelevant,Irrelevant,Irrelevant,Irrelevant,Irrelevant,Irrelevant,Irrelevant,Irrelevant,Irrelevant,Irrelevant,Irrelevant,Irrelevant,Irrelevant,Irrelevant,Irrelevant,Irrelevant,Irrelevant,Irrelevant,Irrelevant,Irrelevant
ID0661,Low Relevance,Low Relevance,Low Relevance,Low Relevance,Low Relevance,Low Relevance,Low Relevance,Low Relevance,Low Relevance,Low Relevance,Low Relevance,Low Relevance,Irrelevant,Irrelevant,Irrelevant,Irrelevant,Irrelevant,Irrelevant,Irrelevant,Irrelevant,Irrelevant,Irrelevant,Irrelevant,Irrelevant,Irrelevant,Irrelevant,Irrelevant,Irrelevant,Irrelevant,Irrelevant
ID0662,Low Relevance,Low Relevance,Low Relevance,Low Relevance,Low Relevance,Low Relevance,Low Relevance,Low Relevance,Low Relevance,Low Relevance,Low Relevance,Low Relevance,Irrelevant,Irrelevant,Irrelevant,Irrelevant,Irrelevant,Irrelevant,Irrelevant,Irrelevant,Irrelevant,Irrelevant,Irrelevant,Irrelevant,Irrelevant,Irrelevant,Irrelevant,Irrelevant,Irrelevant,Irrelevant
ID0664,Low Relevance,Irrelevant,Irrelevant,Irrelevant,Irrelevant,Irrelevant,Irrelevant,Irrelevant,Irrelevant,Irrelevant,Irrelevant,Irrelevant,Irrelevant,Irrelevant,Irrelevant,Irrelevant,Irrelevant,Irrelevant,Irrelevant,Irrelevant,Irrelevant,Irrelevant,Irrelevant,Irrelevant,Irrelevant,Irrelevant,Irrelevant,Irrelevant,Irrelevant,Irrelevant
ID0665,Low Relevance,Low Relevance,Low Relevance,Low Relevance,Low Relevance,Irrelevant,Irrelevant,Irrelevant,Irrelevant,Irrelevant,Irrelevant,Irrelevant,Irrelevant,Irrelevant,Irrelevant,Irrelevant,Irrelevant,Irrelevant,Irrelevant,Irrelevant,Irrelevant,Irrelevant,Irrelevant,Irrelevant,Irrelevant,Irrelevant,Irrelevant,Irrelevant,Irrelevant,Irrelevant
ID0668,Low Relevance,Low Relevance,Low Relevance,Low Relevance,Low Relevance,Low Relevance,Irrelevant,Irrelevant,Irrelevant,Irrelevant,Irrelevant,Irrelevant,Irrelevant,Irrelevant,Irrelevant,Irrelevant,Irrelevant,Irrelevant,Irrelevant,Irrelevant,Irrelevant,Irrelevant,Irrelevant,Irrelevant,Irrelevant,Irrelevant,Irrelevant,Irrelevant,Irrelevant,Irrelevant
ID0669,Irrelevant,Irrelevant,Irrelevant,Irrelevant,Irrelevant,Irrelevant,Irrelevant,Irrelevant,Irrelevant,Irrelevant,Irrelevant,Irrelevant,Irrelevant,Irrelevant,Irrelevant,Irrelevant,Irrelevant,Irrelevant,Irrelevant,Irrelevant,Irrelevant,Irrelevant,Irrelevant,Irrelevant,Irrelevant,Irrelevant,Irrelevant,Irrelevant,Irrelevant,Irrelevant
ID0670,Irrelevant,Irrelevant,Irrelevant,Irrelevant,Irrelevant,Irrelevant,Irrelevant,Irrelevant,Irrelevant,Irrelevant,Irrelevant,Irrelevant,Irrelevant,Irrelevant,Irrelevant,Irrelevant,Irrelevant,Irrelevant,Irrelevant,Irrelevant,Irrelevant,Irrelevant,Irrelevant,Irrelevant,Irrelevant,Irrelevant,Irrelevant,Irrelevant,Irrelevant,Irrelevant
ID0671,Irrelevant,Irrelevant,Irrelevant,Irrelevant,Irrelevant,Irrelevant,Irrelevant,Irrelevant,Irrelevant,Irrelevant,Irrelevant,Irrelevant,Irrelevant,Irrelevant,Irrelevant,Irrelevant,Irrelevant,Irrelevant,Irrelevant,Irrelevant,Irrelevant,Irrelevant,Irrelevant,Irrelevant,Irrelevant,Irrelevant,Irrelevant,Irrelevant,Irrelevant,Irrelevant
ID0672,Irrelevant,Irrelevant,Irrelevant,Irrelevant,Irrelevant,Irrelevant,Irrelevant,Irrelevant,Irrelevant,Irrelevant,Irrelevant,Irrelevant,Irrelevant,Irrelevant,Irrelevant,Irrelevant,Irrelevant,Irrelevant,Irrelevant,Irrelevant,Irrelevant,Irrelevant,Irrelevant,Irrelevant,Irrelevant,Irrelevant,Irrelevant,Irrelevant,Irrelevant,Irrelevant
ID0673,Low Relevance,Irrelevant,Low Relevance,Low Relevance,Low Relevance,Low Relevance,Low Relevance,Low Relevance,Low Relevance,Irrelevant,Irrelevant,Irrelevant,Irrelevant,Irrelevant,Irrelevant,Irrelevant,Irrelevant,Irrelevant,Irrelevant,Irrelevant,Irrelevant,Irrelevant,Irrelevant,Irrelevant,Irrelevant,Irrelevant,Irrelevant,Irrelevant,Irrelevant,Irrelevant
ID0675,Irrelevant,Irrelevant,Irrelevant,Irrelevant,Irrelevant,Irrelevant,Irrelevant,Irrelevant,Irrelevant,Irrelevant,Irrelevant,Irrelevant,Irrelevant,Irrelevant,Irrelevant,Irrelevant,Irrelevant,Irrelevant,Irrelevant,Irrelevant,Irrelevant,Irrelevant,Irrelevant,Irrelevant,Irrelevant,Irrelevant,Irrelevant,Irrelevant,Irrelevant,Irrelevant
ID0676,Irrelevant,Irrelevant,Irrelevant,Irrelevant,Irrelevant,Irrelevant,Irrelevant,Irrelevant,Irrelevant,Irrelevant,Irrelevant,Irrelevant,Irrelevant,Irrelevant,Irrelevant,Irrelevant,Irrelevant,Irrelevant,Irrelevant,Irrelevant,Irrelevant,Irrelevant,Irrelevant,Irrelevant,Irrelevant,Irrelevant,Irrelevant,Irrelevant,Irrelevant,Irrelevant
ID0679,Low Relevance,Low Relevance,Low Relevance,Low Relevance,Low Relevance,Low Relevance,Low Relevance,High Relevance,Low Relevance,Low Relevance,Low Relevance,Irrelevant,Irrelevant,Irrelevant,Irrelevant,Irrelevant,Irrelevant,Irrelevant,Irrelevant,Irrelevant,Irrelevant,Irrelevant,Irrelevant,Irrelevant,Irrelevant,Irrelevant,Irrelevant,Irrelevant,Irrelevant,Irrelevant
ID0680,Low Relevance,Irrelevant,Low Relevance,Irrelevant,Irrelevant,Irrelevant,Irrelevant,Irrelevant,Irrelevant,Irrelevant,Irrelevant,Irrelevant,Irrelevant,Irrelevant,Irrelevant,Irrelevant,Irrelevant,Irrelevant,Irrelevant,Irrelevant,Irrelevant,Irrelevant,Irrelevant,Irrelevant,Irrelevant,Irrelevant,Irrelevant,Irrelevant,Irrelevant,Irrelevant
ID0682,Low Relevance,Irrelevant,Irrelevant,Irrelevant,Irrelevant,Irrelevant,Irrelevant,Irrelevant,Irrelevant,Irrelevant,Irrelevant,Irrelevant,Irrelevant,Irrelevant,Irrelevant,Irrelevant,Irrelevant,Irrelevant,Irrelevant,Irrelevant,Irrelevant,Irrelevant,Irrelevant,Irrelevant,Irrelevant,Irrelevant,Irrelevant,Irrelevant,Irrelevant,Irrelevant
ID0683,Low Relevance,Low Relevance,Low Relevance,Low Relevance,Low Relevance,Low Relevance,Low Relevance,Low Relevance,Low Relevance,Irrelevant,Irrelevant,Irrelevant,Irrelevant,Irrelevant,Irrelevant,Irrelevant,Irrelevant,Irrelevant,Irrelevant,Irrelevant,Irrelevant,Irrelevant,Irrelevant,Irrelevant,Irrelevant,Irrelevant,Irrelevant,Irrelevant,Irrelevant,Irrelevant
ID0684,Low Relevance,Irrelevant,Irrelevant,Irrelevant,Irrelevant,Irrelevant,Low Relevance,Irrelevant,Irrelevant,Irrelevant,Irrelevant,Irrelevant,Irrelevant,Irrelevant,Irrelevant,Irrelevant,Irrelevant,Irrelevant,Irrelevant,Irrelevant,Irrelevant,Irrelevant,Irrelevant,Irrelevant,Irrelevant,Irrelevant,Irrelevant,Irrelevant,Irrelevant,Irrelevant
ID0691,Low Relevance,Irrelevant,Low Relevance,Low Relevance,Low Relevance,Low Relevance,Low Relevance,Low Relevance,Low Relevance,Low Relevance,Low Relevance,Low Relevance,Irrelevant,Irrelevant,Irrelevant,Irrelevant,Irrelevant,Irrelevant,Irrelevant,Irrelevant,Irrelevant,Irrelevant,Irrelevant,Irrelevant,Irrelevant,Irrelevant,Irrelevant,Irrelevant,Irrelevant,Irrelevant
ID0692,Irrelevant,Irrelevant,Irrelevant,Irrelevant,Irrelevant,Irrelevant,Irrelevant,Irrelevant,Irrelevant,Irrelevant,Irrelevant,Irrelevant,Irrelevant,Irrelevant,Irrelevant,Irrelevant,Irrelevant,Irrelevant,Irrelevant,Irrelevant,Irrelevant,Irrelevant,Irrelevant,Irrelevant,Irrelevant,Irrelevant,Irrelevant,Irrelevant,Irrelevant,Irrelevant
ID0693,Low Relevance,Irrelevant,Irrelevant,Irrelevant,High Relevance,Irrelevant,Low Relevance,Irrelevant,Irrelevant,Irrelevant,Irrelevant,Irrelevant,Irrelevant,Irrelevant,Irrelevant,Irrelevant,Irrelevant,Irrelevant,Irrelevant,Irrelevant,Irrelevant,Irrelevant,Irrelevant,Irrelevant,Irrelevant,Irrelevant,Irrelevant,Irrelevant,Irrelevant,Irrelevant
ID0695,Low Relevance,Low Relevance,Low Relevance,Irrelevant,Irrelevant,Irrelevant,Irrelevant,Irrelevant,Irrelevant,Irrelevant,Irrelevant,Irrelevant,Irrelevant,Irrelevant,Irrelevant,Irrelevant,Irrelevant,Irrelevant,Irrelevant,Irrelevant,Irrelevant,Irrelevant,Irrelevant,Irrelevant,Irrelevant,Irrelevant,Irrelevant,Irrelevant,Irrelevant,Irrelevant
ID0696,Low Relevance,Low Relevance,Low Relevance,Irrelevant,Irrelevant,Irrelevant,Irrelevant,Irrelevant,Irrelevant,Irrelevant,Irrelevant,Irrelevant,Irrelevant,Irrelevant,Irrelevant,Irrelevant,Irrelevant,Irrelevant,Irrelevant,Irrelevant,Irrelevant,Irrelevant,Irrelevant,Irrelevant,Irrelevant,Irrelevant,Irrelevant,Irrelevant,Irrelevant,Irrelevant
ID0697,Irrelevant,Irrelevant,Low Relevance,Irrelevant,Irrelevant,Irrelevant,Irrelevant,Irrelevant,Irrelevant,Irrelevant,Irrelevant,Irrelevant,Irrelevant,Irrelevant,Irrelevant,Irrelevant,Irrelevant,Irrelevant,Irrelevant,Irrelevant,Irrelevant,Irrelevant,Irrelevant,Irrelevant,Irrelevant,Irrelevant,Irrelevant,Irrelevant,Irrelevant,Irrelevant
ID0698,Low Relevance,Low Relevance,Low Relevance,Low Relevance,Low Relevance,Low Relevance,Low Relevance,Low Relevance,Low Relevance,Low Relevance,Low Relevance,Low Relevance,Irrelevant,Irrelevant,Irrelevant,Irrelevant,Irrelevant,Irrelevant,Irrelevant,Irrelevant,Irrelevant,Irrelevant,Irrelevant,Irrelevant,Irrelevant,Irrelevant,Irrelevant,Irrelevant,Irrelevant,Irrelevant
ID0699,Low Relevance,Irrelevant,Low Relevance,Low Relevance,Low Relevance,Low Relevance,Low Relevance,Low Relevance,Low Relevance,Low Relevance,Irrelevant,Low Relevance,Irrelevant,Irrelevant,Irrelevant,Irrelevant,Irrelevant,Irrelevant,Irrelevant,Irrelevant,Irrelevant,Irrelevant,Irrelevant,Irrelevant,Irrelevant,Irrelevant,Irrelevant,Irrelevant,Irrelevant,Irrelevant
ID0700,Irrelevant,Irrelevant,Irrelevant,Irrelevant,Irrelevant,Irrelevant,Irrelevant,Irrelevant,Irrelevant,Irrelevant,Irrelevant,Irrelevant,Irrelevant,Irrelevant,Irrelevant,Irrelevant,Irrelevant,Irrelevant,Irrelevant,Irrelevant,Irrelevant,Irrelevant,Irrelevant,Irrelevant,Irrelevant,Irrelevant,Irrelevant,Irrelevant,Irrelevant,Irrelevant
ID0701,Low Relevance,Irrelevant,Irrelevant,Irrelevant,Irrelevant,Irrelevant,Irrelevant,Irrelevant,Irrelevant,Irrelevant,Irrelevant,Irrelevant,Irrelevant,Irrelevant,Irrelevant,Irrelevant,Irrelevant,Irrelevant,Irrelevant,Irrelevant,Irrelevant,Irrelevant,Irrelevant,Irrelevant,Irrelevant,Irrelevant,Irrelevant,Irrelevant,Irrelevant,Irrelevant
ID0702,Low Relevance,Low Relevance,Low Relevance,Irrelevant,Low Relevance,Low Relevance,Low Relevance,Irrelevant,Irrelevant,Irrelevant,Irrelevant,Irrelevant,Irrelevant,Irrelevant,Irrelevant,Irrelevant,Irrelevant,Irrelevant,Irrelevant,Irrelevant,Irrelevant,Irrelevant,Irrelevant,Irrelevant,Irrelevant,Irrelevant,Irrelevant,Irrelevant,Irrelevant,Irrelevant
ID0703,Low Relevance,Irrelevant,Irrelevant,Irrelevant,Irrelevant,Irrelevant,High Relevance,Low Relevance,Irrelevant,Irrelevant,Irrelevant,Irrelevant,Irrelevant,Irrelevant,Irrelevant,Irrelevant,Irrelevant,Irrelevant,Irrelevant,Irrelevant,Irrelevant,Irrelevant,Irrelevant,Irrelevant,Irrelevant,Irrelevant,Irrelevant,Irrelevant,Irrelevant,Irrelevant
ID0708,High Relevance,Irrelevant,Irrelevant,Irrelevant,Irrelevant,Irrelevant,Irrelevant,Irrelevant,Irrelevant,Irrelevant,High Relevance,Low Relevance,Irrelevant,Irrelevant,Irrelevant,Irrelevant,Irrelevant,Irrelevant,Irrelevant,Irrelevant,Irrelevant,Irrelevant,Irrelevant,Irrelevant,Irrelevant,Irrelevant,Irrelevant,Irrelevant,Irrelevant,Irrelevant
ID0709,Low Relevance,Low Relevance,Low Relevance,Low Relevance,Low Relevance,Low Relevance,Low Relevance,Low Relevance,Low Relevance,Low Relevance,Low Relevance,Low Relevance,Irrelevant,Irrelevant,Irrelevant,Irrelevant,Irrelevant,Irrelevant,Irrelevant,Irrelevant,Irrelevant,Irrelevant,Irrelevant,Irrelevant,Irrelevant,Irrelevant,Irrelevant,Irrelevant,Irrelevant,Irrelevant
ID0710,Low Relevance,Low Relevance,Low Relevance,Low Relevance,Low Relevance,Low Relevance,Low Relevance,Low Relevance,Low Relevance,Irrelevant,Irrelevant,Irrelevant,Irrelevant,Irrelevant,Irrelevant,Irrelevant,Irrelevant,Irrelevant,Irrelevant,Irrelevant,Irrelevant,Irrelevant,Irrelevant,Irrelevant,Irrelevant,Irrelevant,Irrelevant,Irrelevant,Irrelevant,Irrelevant
ID0711,Low Relevance,Low Relevance,Low Relevance,Low Relevance,Low Relevance,Low Relevance,Low Relevance,Low Relevance,Low Relevance,High Relevance,Irrelevant,Irrelevant,Irrelevant,Irrelevant,Irrelevant,Irrelevant,Irrelevant,Irrelevant,Irrelevant,Irrelevant,Irrelevant,Irrelevant,Irrelevant,Irrelevant,Irrelevant,Irrelevant,Irrelevant,Irrelevant,Irrelevant,Irrelevant
ID0712,Low Relevance,Low Relevance,Low Relevance,Low Relevance,Low Relevance,Irrelevant,Irrelevant,Irrelevant,Irrelevant,Irrelevant,Irrelevant,Irrelevant,Irrelevant,Irrelevant,Irrelevant,Irrelevant,Irrelevant,Irrelevant,Irrelevant,Irrelevant,Irrelevant,Irrelevant,Irrelevant,Irrelevant,Irrelevant,Irrelevant,Irrelevant,Irrelevant,Irrelevant,Irrelevant
ID0713,Low Relevance,Low Relevance,Low Relevance,Low Relevance,Low Relevance,Low Relevance,Low Relevance,Low Relevance,Irrelevant,Irrelevant,Irrelevant,Irrelevant,Irrelevant,Irrelevant,Irrelevant,Irrelevant,Irrelevant,Irrelevant,Irrelevant,Irrelevant,Irrelevant,Irrelevant,Irrelevant,Irrelevant,Irrelevant,Irrelevant,Irrelevant,Irrelevant,Irrelevant,Irrelevant
ID0715,Irrelevant,Irrelevant,Irrelevant,Irrelevant,Irrelevant,Irrelevant,Irrelevant,Irrelevant,Irrelevant,Irrelevant,Irrelevant,Irrelevant,Irrelevant,Irrelevant,Irrelevant,Irrelevant,Irrelevant,Irrelevant,Irrelevant,Irrelevant,Irrelevant,Irrelevant,Irrelevant,Irrelevant,Irrelevant,Irrelevant,Irrelevant,Irrelevant,Irrelevant,Irrelevant
ID0716,Low Relevance,Irrelevant,Irrelevant,Irrelevant,Irrelevant,Low Relevance,Low Relevance,Irrelevant,Irrelevant,Irrelevant,Irrelevant,Irrelevant,Irrelevant,Irrelevant,Irrelevant,Irrelevant,Irrelevant,Irrelevant,Irrelevant,Irrelevant,Irrelevant,Irrelevant,Irrelevant,Irrelevant,Irrelevant,Irrelevant,Irrelevant,Irrelevant,Irrelevant,Irrelevant
ID0717,Irrelevant,Irrelevant,Irrelevant,Irrelevant,Irrelevant,Irrelevant,Irrelevant,Irrelevant,Irrelevant,Irrelevant,Irrelevant,Irrelevant,Irrelevant,Irrelevant,Irrelevant,Irrelevant,Irrelevant,Irrelevant,Irrelevant,Irrelevant,Irrelevant,Irrelevant,Irrelevant,Irrelevant,Irrelevant,Irrelevant,Irrelevant,Irrelevant,Irrelevant,Irrelevant
ID0718,Irrelevant,Irrelevant,Irrelevant,Irrelevant,Irrelevant,Irrelevant,Irrelevant,Irrelevant,Irrelevant,Irrelevant,Irrelevant,Irrelevant,Irrelevant,Irrelevant,Irrelevant,Irrelevant,Irrelevant,Irrelevant,Irrelevant,Irrelevant,Irrelevant,Irrelevant,Irrelevant,Irrelevant,Irrelevant,Irrelevant,Irrelevant,Irrelevant,Irrelevant,Irrelevant
ID0719,Low Relevance,Low Relevance,Low Relevance,Low Relevance,Low Relevance,Low Relevance,Low Relevance,Low Relevance,Low Relevance,Low Relevance,Low Relevance,Irrelevant,Irrelevant,Irrelevant,Irrelevant,Irrelevant,Irrelevant,Irrelevant,Irrelevant,Irrelevant,Irrelevant,Irrelevant,Irrelevant,Irrelevant,Irrelevant,Irrelevant,Irrelevant,Irrelevant,Irrelevant,Irrelevant
ID0721,Irrelevant,Irrelevant,Irrelevant,Irrelevant,Irrelevant,Irrelevant,Irrelevant,Irrelevant,Irrelevant,Irrelevant,Irrelevant,Irrelevant,Irrelevant,Irrelevant,Irrelevant,Irrelevant,Irrelevant,Irrelevant,Irrelevant,Irrelevant,Irrelevant,Irrelevant,Irrelevant,Irrelevant,Irrelevant,Irrelevant,Irrelevant,Irrelevant,Irrelevant,Irrelevant
ID0723,Low Relevance,Low Relevance,Low Relevance,Low Relevance,Low Relevance,Low Relevance,Low Relevance,Low Relevance,Low Relevance,Low Relevance,Low Relevance,Low Relevance,Irrelevant,Irrelevant,Irrelevant,Irrelevant,Irrelevant,Irrelevant,Irrelevant,Irrelevant,Irrelevant,Irrelevant,Irrelevant,Irrelevant,Irrelevant,Irrelevant,Irrelevant,Irrelevant,Irrelevant,Irrelevant
ID0726,Low Relevance,Irrelevant,Irrelevant,Irrelevant,Irrelevant,Irrelevant,Low Relevance,Irrelevant,Irrelevant,Irrelevant,Irrelevant,Irrelevant,Irrelevant,Irrelevant,Irrelevant,Irrelevant,Irrelevant,Irrelevant,Irrelevant,Irrelevant,Irrelevant,Irrelevant,Irrelevant,Irrelevant,Irrelevant,Irrelevant,Irrelevant,Irrelevant,Irrelevant,Irrelevant
ID0728,Low Relevance,High Relevance,Irrelevant,Irrelevant,Irrelevant,Irrelevant,Irrelevant,Irrelevant,Irrelevant,Irrelevant,Irrelevant,Irrelevant,Irrelevant,Irrelevant,Irrelevant,Irrelevant,Irrelevant,Irrelevant,Irrelevant,Irrelevant,Irrelevant,Irrelevant,Irrelevant,Irrelevant,Irrelevant,Irrelevant,Irrelevant,Irrelevant,Irrelevant,Irrelevant
ID0731,Irrelevant,Irrelevant,Irrelevant,Irrelevant,Irrelevant,Irrelevant,Low Relevance,Irrelevant,Irrelevant,Irrelevant,Irrelevant,Irrelevant,Irrelevant,Irrelevant,Irrelevant,Irrelevant,Irrelevant,Irrelevant,Irrelevant,Irrelevant,Irrelevant,Irrelevant,Irrelevant,Irrelevant,Irrelevant,Irrelevant,Irrelevant,Irrelevant,Irrelevant,Irrelevant
ID0732,Low Relevance,Low Relevance,Low Relevance,Low Relevance,Low Relevance,Low Relevance,Low Relevance,Irrelevant,Irrelevant,Irrelevant,Irrelevant,Irrelevant,Irrelevant,Irrelevant,Irrelevant,Irrelevant,Irrelevant,Irrelevant,Irrelevant,Irrelevant,Irrelevant,Irrelevant,Irrelevant,Irrelevant,Irrelevant,Irrelevant,Irrelevant,Irrelevant,Irrelevant,Irrelevant
ID0733,Low Relevance,Low Relevance,Irrelevant,Irrelevant,Low Relevance,Irrelevant,Irrelevant,Irrelevant,Irrelevant,Irrelevant,Irrelevant,Irrelevant,Irrelevant,Irrelevant,Irrelevant,Irrelevant,Irrelevant,Irrelevant,Irrelevant,Irrelevant,Irrelevant,Irrelevant,Irrelevant,Irrelevant,Irrelevant,Irrelevant,Irrelevant,Irrelevant,Irrelevant,Irrelevant
ID0734,Low Relevance,Low Relevance,Low Relevance,Low Relevance,Low Relevance,Low Relevance,Low Relevance,Low Relevance,Low Relevance,Low Relevance,Low Relevance,Low Relevance,Irrelevant,Irrelevant,Irrelevant,Irrelevant,Irrelevant,Irrelevant,Irrelevant,Irrelevant,Irrelevant,Irrelevant,Irrelevant,Irrelevant,Irrelevant,Irrelevant,Irrelevant,Irrelevant,Irrelevant,Irrelevant
ID0735,Irrelevant,Irrelevant,Irrelevant,Irrelevant,Irrelevant,Irrelevant,Irrelevant,Irrelevant,Irrelevant,Irrelevant,Irrelevant,Irrelevant,Irrelevant,Irrelevant,Irrelevant,Irrelevant,Irrelevant,Irrelevant,Irrelevant,Irrelevant,Irrelevant,Irrelevant,Irrelevant,Irrelevant,Irrelevant,Irrelevant,Irrelevant,Irrelevant,Irrelevant,Irrelevant
ID0737,Low Relevance,Irrelevant,Low Relevance,Irrelevant,Low Relevance,Low Relevance,Low Relevance,Irrelevant,Irrelevant,Irrelevant,Irrelevant,Irrelevant,Irrelevant,Irrelevant,Irrelevant,Irrelevant,Irrelevant,Irrelevant,Irrelevant,Irrelevant,Irrelevant,Irrelevant,Irrelevant,Irrelevant,Irrelevant,Irrelevant,Irrelevant,Irrelevant,Irrelevant,Irrelevant
ID0739,Irrelevant,Irrelevant,Irrelevant,Irrelevant,Irrelevant,Irrelevant,Irrelevant,Irrelevant,Irrelevant,Irrelevant,Irrelevant,Irrelevant,Irrelevant,Irrelevant,Irrelevant,Irrelevant,Irrelevant,Irrelevant,Irrelevant,Irrelevant,Irrelevant,Irrelevant,Irrelevant,Irrelevant,Irrelevant,Irrelevant,Irrelevant,Irrelevant,Irrelevant,Irrelevant
ID0740,Low Relevance,Irrelevant,Irrelevant,Irrelevant,Irrelevant,Irrelevant,Irrelevant,Irrelevant,Irrelevant,Irrelevant,Irrelevant,Irrelevant,Irrelevant,Irrelevant,Irrelevant,Irrelevant,Irrelevant,Irrelevant,Irrelevant,Irrelevant,Irrelevant,Irrelevant,Irrelevant,Irrelevant,Irrelevant,Irrelevant,Irrelevant,Irrelevant,Irrelevant,Irrelevant
ID0743,Low Relevance,Low Relevance,Low Relevance,Low Relevance,Low Relevance,Low Relevance,Low Relevance,Low Relevance,Low Relevance,Low Relevance,Low Relevance,Low Relevance,Irrelevant,Irrelevant,Irrelevant,Irrelevant,Irrelevant,Irrelevant,Irrelevant,Irrelevant,Irrelevant,Irrelevant,Irrelevant,Irrelevant,Irrelevant,Irrelevant,Irrelevant,Irrelevant,Irrelevant,Irrelevant
ID0744,Low Relevance,Irrelevant,Irrelevant,Low Relevance,Irrelevant,Low Relevance,Irrelevant,Irrelevant,Irrelevant,Irrelevant,Irrelevant,Irrelevant,Irrelevant,Irrelevant,Irrelevant,Irrelevant,Irrelevant,Irrelevant,Irrelevant,Irrelevant,Irrelevant,Irrelevant,Irrelevant,Irrelevant,Irrelevant,Irrelevant,Irrelevant,Irrelevant,Irrelevant,Irrelevant
ID0745,Irrelevant,Irrelevant,Irrelevant,Irrelevant,Irrelevant,Irrelevant,Irrelevant,Irrelevant,Irrelevant,Irrelevant,Irrelevant,Irrelevant,Low Relevance,Irrelevant,Irrelevant,Irrelevant,Irrelevant,Irrelevant,Irrelevant,Irrelevant,Irrelevant,Irrelevant,Irrelevant,Irrelevant,Irrelevant,Irrelevant,Irrelevant,Irrelevant,Irrelevant,Irrelevant
ID0746,Irrelevant,Irrelevant,Irrelevant,Irrelevant,Irrelevant,Irrelevant,Irrelevant,Irrelevant,Irrelevant,Irrelevant,Irrelevant,Irrelevant,Irrelevant,Irrelevant,Low Relevance,Irrelevant,Irrelevant,Irrelevant,Irrelevant,Irrelevant,Irrelevant,Irrelevant,Irrelevant,Irrelevant,Irrelevant,Irrelevant,Irrelevant,Irrelevant,Irrelevant,Irrelevant
ID0747,Irrelevant,Irrelevant,Irrelevant,Irrelevant,Irrelevant,Irrelevant,Irrelevant,Low Relevance,Irrelevant,Irrelevant,Irrelevant,Irrelevant,Irrelevant,Irrelevant,Irrelevant,Irrelevant,Irrelevant,Irrelevant,Irrelevant,Irrelevant,Irrelevant,Irrelevant,Irrelevant,Irrelevant,Irrelevant,Irrelevant,Irrelevant,Irrelevant,Irrelevant,Irrelevant
ID0752,Irrelevant,Low Relevance,Irrelevant,Irrelevant,Irrelevant,Irrelevant,Irrelevant,Irrelevant,Irrelevant,Irrelevant,Irrelevant,Irrelevant,Irrelevant,Irrelevant,Irrelevant,Irrelevant,Irrelevant,Irrelevant,Irrelevant,Irrelevant,Irrelevant,Irrelevant,Irrelevant,Irrelevant,Irrelevant,Irrelevant,Irrelevant,Irrelevant,Irrelevant,Irrelevant
ID0753,Irrelevant,Irrelevant,Irrelevant,Irrelevant,Irrelevant,Irrelevant,Irrelevant,Irrelevant,Irrelevant,Irrelevant,Irrelevant,Irrelevant,Irrelevant,Irrelevant,Irrelevant,Irrelevant,Irrelevant,Irrelevant,Irrelevant,Irrelevant,Irrelevant,Irrelevant,Irrelevant,Irrelevant,Irrelevant,Irrelevant,Irrelevant,Irrelevant,Irrelevant,Irrelevant
ID0754,Irrelevant,Irrelevant,Irrelevant,Irrelevant,Irrelevant,Irrelevant,Irrelevant,Irrelevant,Irrelevant,Irrelevant,Irrelevant,Irrelevant,Irrelevant,Irrelevant,Irrelevant,Irrelevant,Irrelevant,Irrelevant,Irrelevant,Irrelevant,Irrelevant,Irrelevant,Irrelevant,Irrelevant,Irrelevant,Irrelevant,Irrelevant,Irrelevant,Irrelevant,Irrelevant
ID0756,Irrelevant,Irrelevant,Irrelevant,Irrelevant,Irrelevant,Irrelevant,Irrelevant,Irrelevant,Irrelevant,Irrelevant,Irrelevant,Irrelevant,Irrelevant,Irrelevant,Irrelevant,Irrelevant,Irrelevant,Irrelevant,Irrelevant,Irrelevant,Irrelevant,Irrelevant,Irrelevant,Irrelevant,Irrelevant,Irrelevant,Irrelevant,Irrelevant,Irrelevant,Irrelevant
ID0757,Low Relevance,Low Relevance,Low Relevance,Low Relevance,Low Relevance,Low Relevance,Low Relevance,Low Relevance,Irrelevant,Irrelevant,Irrelevant,Irrelevant,Irrelevant,Irrelevant,Irrelevant,Irrelevant,Irrelevant,Irrelevant,Irrelevant,Irrelevant,Irrelevant,Irrelevant,Irrelevant,Irrelevant,Irrelevant,Irrelevant,Irrelevant,Irrelevant,Irrelevant,Irrelevant
ID0758,Low Relevance,Irrelevant,Irrelevant,Irrelevant,Irrelevant,Irrelevant,Irrelevant,Irrelevant,Irrelevant,Irrelevant,Irrelevant,Irrelevant,Irrelevant,Irrelevant,Irrelevant,Irrelevant,Irrelevant,Irrelevant,Irrelevant,Irrelevant,Irrelevant,Irrelevant,Irrelevant,Irrelevant,Irrelevant,Irrelevant,Irrelevant,Irrelevant,Irrelevant,Irrelevant
ID0759,Low Relevance,Irrelevant,Irrelevant,Irrelevant,Irrelevant,Irrelevant,Low Relevance,Irrelevant,Irrelevant,Low Relevance,Low Relevance,Irrelevant,Irrelevant,Irrelevant,Irrelevant,Irrelevant,Irrelevant,Irrelevant,Irrelevant,Irrelevant,Irrelevant,Irrelevant,Irrelevant,Irrelevant,Irrelevant,Irrelevant,Irrelevant,Irrelevant,Irrelevant,Irrelevant
ID0761,Low Relevance,Low Relevance,Low Relevance,Low Relevance,High Relevance,Low Relevance,Low Relevance,Low Relevance,Low Relevance,Irrelevant,Irrelevant,Irrelevant,Irrelevant,Irrelevant,Irrelevant,Irrelevant,Irrelevant,Irrelevant,Irrelevant,Irrelevant,Irrelevant,Irrelevant,Irrelevant,Irrelevant,Irrelevant,Irrelevant,Irrelevant,Irrelevant,Irrelevant,Irrelevant
ID0762,Low Relevance,Low Relevance,Low Relevance,Low Relevance,Low Relevance,Low Relevance,Low Relevance,Low Relevance,Low Relevance,Irrelevant,Irrelevant,Irrelevant,Irrelevant,Irrelevant,Irrelevant,Irrelevant,Irrelevant,Irrelevant,Irrelevant,Irrelevant,Irrelevant,Irrelevant,Irrelevant,Irrelevant,Irrelevant,Irrelevant,Irrelevant,Irrelevant,Irrelevant,Irrelevant
ID0764,Low Relevance,Low Relevance,Low Relevance,Low Relevance,Low Relevance,Low Relevance,Irrelevant,Irrelevant,Irrelevant,Irrelevant,Irrelevant,Irrelevant,Irrelevant,Irrelevant,Irrelevant,Irrelevant,Irrelevant,Irrelevant,Irrelevant,Irrelevant,Irrelevant,Irrelevant,Irrelevant,Irrelevant,Irrelevant,Irrelevant,Irrelevant,Irrelevant,Irrelevant,Irrelevant
ID0765,Low Relevance,Irrelevant,Low Relevance,Irrelevant,Low Relevance,Low Relevance,Low Relevance,Irrelevant,Irrelevant,Irrelevant,Irrelevant,Irrelevant,Irrelevant,Irrelevant,Irrelevant,Irrelevant,Irrelevant,Irrelevant,Irrelevant,Irrelevant,Irrelevant,Irrelevant,Irrelevant,Irrelevant,Irrelevant,Irrelevant,Irrelevant,Irrelevant,Irrelevant,Irrelevant
ID0766,High Relevance,Irrelevant,Irrelevant,Irrelevant,Irrelevant,Irrelevant,Irrelevant,Irrelevant,Irrelevant,Irrelevant,Irrelevant,Irrelevant,Irrelevant,Irrelevant,Irrelevant,Irrelevant,Irrelevant,Irrelevant,Irrelevant,Irrelevant,Irrelevant,Irrelevant,Irrelevant,Irrelevant,Irrelevant,Irrelevant,Irrelevant,Irrelevant,Irrelevant,Irrelevant
ID0769,Irrelevant,Irrelevant,Irrelevant,Irrelevant,Irrelevant,Irrelevant,Irrelevant,Irrelevant,Irrelevant,Irrelevant,Irrelevant,Irrelevant,Irrelevant,Irrelevant,Irrelevant,Irrelevant,Irrelevant,Irrelevant,Irrelevant,Irrelevant,Irrelevant,Irrelevant,Irrelevant,Irrelevant,Irrelevant,Irrelevant,Irrelevant,Irrelevant,Irrelevant,Irrelevant
ID0770,Low Relevance,Low Relevance,Low Relevance,Low Relevance,Irrelevant,Irrelevant,Irrelevant,Irrelevant,Irrelevant,Irrelevant,Irrelevant,Irrelevant,Irrelevant,Irrelevant,Irrelevant,Irrelevant,Irrelevant,Irrelevant,Irrelevant,Irrelevant,Irrelevant,Irrelevant,Irrelevant,Irrelevant,Irrelevant,Irrelevant,Irrelevant,Irrelevant,Irrelevant,Irrelevant
ID0773,Low Relevance,Irrelevant,Irrelevant,Irrelevant,Irrelevant,Irrelevant,Low Relevance,Irrelevant,Irrelevant,Irrelevant,Irrelevant,Irrelevant,Irrelevant,Irrelevant,Irrelevant,Irrelevant,Irrelevant,Irrelevant,Irrelevant,Irrelevant,Irrelevant,Irrelevant,Irrelevant,Irrelevant,Irrelevant,Irrelevant,Irrelevant,Irrelevant,Irrelevant,Irrelevant
ID0775,Low Relevance,Irrelevant,Irrelevant,Low Relevance,Irrelevant,Irrelevant,Irrelevant,Irrelevant,Irrelevant,Irrelevant,Irrelevant,Irrelevant,Irrelevant,Irrelevant,Irrelevant,Irrelevant,Irrelevant,Irrelevant,Irrelevant,Irrelevant,Irrelevant,Irrelevant,Irrelevant,Irrelevant,Irrelevant,Irrelevant,Irrelevant,Irrelevant,Irrelevant,Irrelevant
ID0776,Low Relevance,Irrelevant,Irrelevant,Low Relevance,Irrelevant,Irrelevant,Irrelevant,Irrelevant,Irrelevant,Irrelevant,Irrelevant,Irrelevant,Irrelevant,Irrelevant,Irrelevant,Irrelevant,Irrelevant,Irrelevant,Irrelevant,Irrelevant,Irrelevant,Irrelevant,Irrelevant,Irrelevant,Irrelevant,Irrelevant,Irrelevant,Irrelevant,Irrelevant,Irrelevant
ID0777,Low Relevance,Low Relevance,Low Relevance,Low Relevance,Low Relevance,Low Relevance,Low Relevance,Low Relevance,Irrelevant,Irrelevant,Irrelevant,Irrelevant,Irrelevant,Irrelevant,Irrelevant,Irrelevant,Irrelevant,Irrelevant,Irrelevant,Irrelevant,Irrelevant,Irrelevant,Irrelevant,Irrelevant,Irrelevant,Irrelevant,Irrelevant,Irrelevant,Irrelevant,Irrelevant
ID0778,Low Relevance,High Relevance,High Relevance,Irrelevant,Low Relevance,Irrelevant,Low Relevance,Irrelevant,Irrelevant,Irrelevant,Irrelevant,Irrelevant,Irrelevant,Irrelevant,Irrelevant,Irrelevant,Irrelevant,Irrelevant,Irrelevant,Irrelevant,Irrelevant,Irrelevant,Irrelevant,Irrelevant,Irrelevant,Irrelevant,Irrelevant,Irrelevant,Irrelevant,Irrelevant
ID0779,High Relevance,Low Relevance,Low Relevance,Low Relevance,Low Relevance,Low Relevance,Irrelevant,Low Relevance,Low Relevance,Low Relevance,Low Relevance,Low Relevance,Irrelevant,Irrelevant,Irrelevant,Irrelevant,Irrelevant,Irrelevant,Irrelevant,Irrelevant,Irrelevant,Irrelevant,Irrelevant,Irrelevant,Irrelevant,Irrelevant,Irrelevant,Irrelevant,Irrelevant,Irrelevant
ID0780,Low Relevance,Irrelevant,Irrelevant,Irrelevant,Irrelevant,Irrelevant,Low Relevance,Irrelevant,Irrelevant,Irrelevant,Low Relevance,Irrelevant,Low Relevance,Irrelevant,Irrelevant,Irrelevant,Irrelevant,Irrelevant,Irrelevant,Irrelevant,Irrelevant,Irrelevant,Irrelevant,Irrelevant,Irrelevant,Irrelevant,Irrelevant,Irrelevant,Irrelevant,Irrelevant
ID0781,Low Relevance,Low Relevance,Low Relevance,Low Relevance,Low Relevance,Low Relevance,Low Relevance,Low Relevance,Low Relevance,Low Relevance,Low Relevance,Low Relevance,Irrelevant,Irrelevant,Irrelevant,Irrelevant,Irrelevant,Irrelevant,Irrelevant,Irrelevant,Irrelevant,Irrelevant,Irrelevant,Irrelevant,Irrelevant,Irrelevant,Irrelevant,Irrelevant,Irrelevant,Irrelevant
ID0782,Irrelevant,Irrelevant,Irrelevant,Irrelevant,Irrelevant,Irrelevant,Irrelevant,Irrelevant,Irrelevant,Irrelevant,Irrelevant,Irrelevant,Irrelevant,Irrelevant,Irrelevant,Irrelevant,Irrelevant,Irrelevant,Irrelevant,Irrelevant,Irrelevant,Irrelevant,Irrelevant,Irrelevant,Irrelevant,Irrelevant,Irrelevant,Irrelevant,Irrelevant,Irrelevant
ID0783,High Relevance,Irrelevant,Irrelevant,Irrelevant,Irrelevant,Irrelevant,Irrelevant,Irrelevant,Irrelevant,Irrelevant,Irrelevant,Irrelevant,Irrelevant,Irrelevant,Irrelevant,Irrelevant,Irrelevant,Irrelevant,Irrelevant,Irrelevant,Irrelevant,Irrelevant,Irrelevant,Irrelevant,Irrelevant,Irrelevant,Irrelevant,Irrelevant,Irrelevant,Irrelevant
ID0784,Low Relevance,Low Relevance,Low Relevance,Low Relevance,High Relevance,Low Relevance,Low Relevance,Low Relevance,Low Relevance,Irrelevant,Irrelevant,Irrelevant,Irrelevant,Irrelevant,Irrelevant,Irrelevant,Irrelevant,Irrelevant,Irrelevant,Irrelevant,Irrelevant,Irrelevant,Irrelevant,Irrelevant,Irrelevant,Irrelevant,Irrelevant,Irrelevant,Irrelevant,Irrelevant
ID0785,Low Relevance,Low Relevance,Low Relevance,Low Relevance,Low Relevance,Low Relevance,Low Relevance,Low Relevance,Low Relevance,Irrelevant,Irrelevant,Irrelevant,Irrelevant,Irrelevant,Irrelevant,Irrelevant,Irrelevant,Irrelevant,Irrelevant,Irrelevant,Irrelevant,Irrelevant,Irrelevant,Irrelevant,Irrelevant,Irrelevant,Irrelevant,Irrelevant,Irrelevant,Irrelevant
ID0786,Low Relevance,Low Relevance,Low Relevance,Low Relevance,Irrelevant,Low Relevance,Low Relevance,Low Relevance,Low Relevance,Irrelevant,Irrelevant,Irrelevant,Irrelevant,Irrelevant,Irrelevant,Irrelevant,Irrelevant,Irrelevant,Irrelevant,Irrelevant,Irrelevant,Irrelevant,Irrelevant,Irrelevant,Irrelevant,Irrelevant,Irrelevant,Irrelevant,Irrelevant,Irrelevant
ID0788,Low Relevance,Low Relevance,Low Relevance,Low Relevance,Low Relevance,Low Relevance,Low Relevance,Irrelevant,Irrelevant,Irrelevant,Irrelevant,Irrelevant,Irrelevant,Irrelevant,Irrelevant,Irrelevant,Irrelevant,Irrelevant,Irrelevant,Irrelevant,Irrelevant,Irrelevant,Irrelevant,Irrelevant,Irrelevant,Irrelevant,Irrelevant,Irrelevant,Irrelevant,Irrelevant
ID0789,Low Relevance,Low Relevance,Low Relevance,Low Relevance,Low Relevance,Low Relevance,Irrelevant,Irrelevant,Irrelevant,Irrelevant,Irrelevant,Irrelevant,Irrelevant,Irrelevant,Irrelevant,Irrelevant,Irrelevant,Irrelevant,Irrelevant,Irrelevant,Irrelevant,Irrelevant,Irrelevant,Irrelevant,Irrelevant,Irrelevant,Irrelevant,Irrelevant,Irrelevant,Irrelevant
ID0790,Low Relevance,Low Relevance,Low Relevance,Low Relevance,Low Relevance,Low Relevance,Low Relevance,Low Relevance,Low Relevance,Low Relevance,Low Relevance,Irrelevant,Irrelevant,Irrelevant,Irrelevant,Irrelevant,Irrelevant,Irrelevant,Irrelevant,Irrelevant,Irrelevant,Irrelevant,Irrelevant,Irrelevant,Irrelevant,Irrelevant,Irrelevant,Irrelevant,Irrelevant,Irrelevant
ID0792,High Relevance,Low Relevance,Low Relevance,Irrelevant,Irrelevant,Irrelevant,Irrelevant,Irrelevant,Irrelevant,Irrelevant,Irrelevant,Irrelevant,Irrelevant,Irrelevant,Irrelevant,Irrelevant,Irrelevant,Irrelevant,Irrelevant,Irrelevant,Irrelevant,Irrelevant,Irrelevant,Irrelevant,Irrelevant,Irrelevant,Irrelevant,Irrelevant,Irrelevant,Irrelevant
ID0796,Low Relevance,Low Relevance,Low Relevance,Low Relevance,Low Relevance,Low Relevance,Low Relevance,Low Relevance,Irrelevant,Irrelevant,Irrelevant,Irrelevant,Irrelevant,Irrelevant,Irrelevant,Irrelevant,Irrelevant,Irrelevant,Irrelevant,Irrelevant,Irrelevant,Irrelevant,Irrelevant,Irrelevant,Irrelevant,Irrelevant,Irrelevant,Irrelevant,Irrelevant,Irrelevant
ID0797,Irrelevant,Irrelevant,Irrelevant,Irrelevant,Irrelevant,Irrelevant,Irrelevant,Irrelevant,Irrelevant,Irrelevant,Irrelevant,Irrelevant,Irrelevant,Irrelevant,Irrelevant,Irrelevant,Irrelevant,Irrelevant,Irrelevant,Irrelevant,Irrelevant,Irrelevant,Irrelevant,Irrelevant,Irrelevant,Irrelevant,Irrelevant,Irrelevant,Irrelevant,Irrelevant
ID0798,Low Relevance,High Relevance,Low Relevance,Low Relevance,Low Relevance,Low Relevance,Irrelevant,Irrelevant,Irrelevant,Irrelevant,Irrelevant,Irrelevant,Irrelevant,Irrelevant,Irrelevant,Irrelevant,Irrelevant,Irrelevant,Irrelevant,Irrelevant,Irrelevant,Irrelevant,Irrelevant,Irrelevant,Irrelevant,Irrelevant,Irrelevant,Irrelevant,Irrelevant,Irrelevant
ID0799,Low Relevance,Irrelevant,Irrelevant,Irrelevant,Irrelevant,Irrelevant,Irrelevant,Irrelevant,Irrelevant,Irrelevant,Irrelevant,Irrelevant,Irrelevant,Irrelevant,Irrelevant,Irrelevant,Irrelevant,Irrelevant,Irrelevant,Irrelevant,Irrelevant,Irrelevant,Irrelevant,Irrelevant,Irrelevant,Irrelevant,Irrelevant,Irrelevant,Irrelevant,Irrelevant
ID0800,Irrelevant,Irrelevant,Irrelevant,Irrelevant,Irrelevant,Irrelevant,Irrelevant,Irrelevant,Irrelevant,Irrelevant,Irrelevant,Irrelevant,Irrelevant,Irrelevant,Irrelevant,Irrelevant,Irrelevant,Irrelevant,Irrelevant,Irrelevant,Irrelevant,Irrelevant,Irrelevant,Irrelevant,Irrelevant,Irrelevant,Irrelevant,Irrelevant,Irrelevant,Irrelevant
ID0801,Low Relevance,Low Relevance,Low Relevance,Low Relevance,Low Relevance,Low Relevance,Low Relevance,Low Relevance,Low Relevance,Low Relevance,Low Relevance,Irrelevant,Irrelevant,Irrelevant,Irrelevant,Irrelevant,Irrelevant,Irrelevant,Irrelevant,Irrelevant,Irrelevant,Irrelevant,Irrelevant,Irrelevant,Irrelevant,Irrelevant,Irrelevant,Irrelevant,Irrelevant,Irrelevant
ID0802,Low Relevance,Low Relevance,Low Relevance,Low Relevance,Low Relevance,Low Relevance,Irrelevant,Irrelevant,Irrelevant,Irrelevant,Irrelevant,Irrelevant,Irrelevant,Irrelevant,Irrelevant,Irrelevant,Irrelevant,Irrelevant,Irrelevant,Irrelevant,Irrelevant,Irrelevant,Irrelevant,Irrelevant,Irrelevant,Irrelevant,Irrelevant,Irrelevant,Irrelevant,Irrelevant
ID0803,Low Relevance,Low Relevance,Low Relevance,Low Relevance,Low Relevance,Low Relevance,Low Relevance,Low Relevance,Low Relevance,Low Relevance,Low Relevance,Low Relevance,Irrelevant,Irrelevant,Irrelevant,Irrelevant,Irrelevant,Irrelevant,Irrelevant,Irrelevant,Irrelevant,Irrelevant,Irrelevant,Irrelevant,Irrelevant,Irrelevant,Irrelevant,Irrelevant,Irrelevant,Irrelevant
ID0805,Low Relevance,Low Relevance,Low Relevance,Low Relevance,Low Relevance,Irrelevant,Irrelevant,Irrelevant,Irrelevant,Irrelevant,Irrelevant,Irrelevant,Irrelevant,Irrelevant,Irrelevant,Irrelevant,Irrelevant,Irrelevant,Irrelevant,Irrelevant,Irrelevant,Irrelevant,Irrelevant,Irrelevant,Irrelevant,Irrelevant,Irrelevant,Irrelevant,Irrelevant,Irrelevant
ID0809,Low Relevance,Low Relevance,Low Relevance,Low Relevance,Low Relevance,Low Relevance,Low Relevance,Low Relevance,Low Relevance,Low Relevance,Low Relevance,Low Relevance,Irrelevant,Irrelevant,Irrelevant,Irrelevant,Irrelevant,Irrelevant,Irrelevant,Irrelevant,Irrelevant,Irrelevant,Irrelevant,Irrelevant,Irrelevant,Irrelevant,Irrelevant,Irrelevant,Irrelevant,Irrelevant
ID0810,Low Relevance,Low Relevance,Low Relevance,Low Relevance,Low Relevance,Irrelevant,Irrelevant,Irrelevant,Irrelevant,Irrelevant,Irrelevant,Irrelevant,Irrelevant,Irrelevant,Irrelevant,Irrelevant,Irrelevant,Irrelevant,Irrelevant,Irrelevant,Irrelevant,Irrelevant,Irrelevant,Irrelevant,Irrelevant,Irrelevant,Irrelevant,Irrelevant,Irrelevant,Irrelevant
ID0811,Low Relevance,Low Relevance,Low Relevance,Low Relevance,Low Relevance,Low Relevance,Irrelevant,Irrelevant,Irrelevant,Irrelevant,Irrelevant,Irrelevant,Irrelevant,Irrelevant,Irrelevant,Irrelevant,Irrelevant,Irrelevant,Irrelevant,Irrelevant,Irrelevant,Irrelevant,Irrelevant,Irrelevant,Irrelevant,Irrelevant,Irrelevant,Irrelevant,Irrelevant,Irrelevant
ID0813,Low Relevance,Low Relevance,Low Relevance,Low Relevance,Low Relevance,Irrelevant,Irrelevant,Irrelevant,Irrelevant,Irrelevant,Irrelevant,Irrelevant,Irrelevant,Irrelevant,Irrelevant,Irrelevant,Irrelevant,Irrelevant,Irrelevant,Irrelevant,Irrelevant,Irrelevant,Irrelevant,Irrelevant,Irrelevant,Irrelevant,Irrelevant,Irrelevant,Irrelevant,Irrelevant
ID0814,Irrelevant,Irrelevant,Irrelevant,Irrelevant,Irrelevant,Irrelevant,Irrelevant,Irrelevant,Irrelevant,Irrelevant,Irrelevant,Irrelevant,Irrelevant,Irrelevant,Irrelevant,Irrelevant,Irrelevant,Irrelevant,Irrelevant,Irrelevant,Irrelevant,Irrelevant,Irrelevant,Irrelevant,Irrelevant,Irrelevant,Irrelevant,Irrelevant,Irrelevant,Irrelevant
ID0815,Low Relevance,Low Relevance,Low Relevance,Low Relevance,Low Relevance,High Relevance,Low Relevance,Low Relevance,Low Relevance,Irrelevant,Irrelevant,Irrelevant,Irrelevant,Irrelevant,Irrelevant,Irrelevant,Irrelevant,Irrelevant,Irrelevant,Irrelevant,Irrelevant,Irrelevant,Irrelevant,Irrelevant,Irrelevant,Irrelevant,Irrelevant,Irrelevant,Irrelevant,Irrelevant
ID0816,Low Relevance,Irrelevant,Irrelevant,Low Relevance,Low Relevance,Low Relevance,Low Relevance,Irrelevant,Irrelevant,Irrelevant,Irrelevant,Irrelevant,Irrelevant,Irrelevant,Irrelevant,Irrelevant,Irrelevant,Irrelevant,Irrelevant,Irrelevant,Irrelevant,Irrelevant,Irrelevant,Irrelevant,Irrelevant,Irrelevant,Irrelevant,Irrelevant,Irrelevant,Irrelevant
ID0819,Irrelevant,Irrelevant,Irrelevant,Irrelevant,Irrelevant,Irrelevant,Irrelevant,Irrelevant,Irrelevant,Irrelevant,Irrelevant,Irrelevant,Irrelevant,Irrelevant,Irrelevant,Irrelevant,Irrelevant,Irrelevant,Irrelevant,Irrelevant,Irrelevant,Irrelevant,Irrelevant,Irrelevant,Irrelevant,Irrelevant,Irrelevant,Irrelevant,Irrelevant,Irrelevant
ID0821,Low Relevance,Irrelevant,Irrelevant,Irrelevant,Irrelevant,Irrelevant,Irrelevant,Irrelevant,Irrelevant,Irrelevant,Irrelevant,Irrelevant,Irrelevant,Irrelevant,Irrelevant,Irrelevant,Irrelevant,Irrelevant,Irrelevant,Irrelevant,Irrelevant,Irrelevant,Irrelevant,Irrelevant,Irrelevant,Irrelevant,Irrelevant,Irrelevant,Irrelevant,Irrelevant
ID0824,Irrelevant,Irrelevant,Low Relevance,Low Relevance,Low Relevance,Irrelevant,Irrelevant,Irrelevant,Irrelevant,Irrelevant,Irrelevant,Irrelevant,Irrelevant,Irrelevant,Irrelevant,Irrelevant,Irrelevant,Irrelevant,Irrelevant,Irrelevant,Irrelevant,Irrelevant,Irrelevant,Irrelevant,Irrelevant,Irrelevant,Irrelevant,Irrelevant,Irrelevant,Irrelevant
ID0825,Low Relevance,High Relevance,Low Relevance,Low Relevance,Low Relevance,Low Relevance,Low Relevance,Low Relevance,Low Relevance,Irrelevant,Irrelevant,Irrelevant,Irrelevant,Irrelevant,Irrelevant,Irrelevant,Irrelevant,Irrelevant,Irrelevant,Irrelevant,Irrelevant,Irrelevant,Irrelevant,Irrelevant,Irrelevant,Irrelevant,Irrelevant,Irrelevant,Irrelevant,Irrelevant
ID0826,Low Relevance,Low Relevance,Low Relevance,Low Relevance,Low Relevance,Low Relevance,Low Relevance,Low Relevance,Low Relevance,Low Relevance,Low Relevance,Low Relevance,Irrelevant,Irrelevant,Irrelevant,Irrelevant,Irrelevant,Irrelevant,Irrelevant,Irrelevant,Irrelevant,Irrelevant,Irrelevant,Irrelevant,Irrelevant,Irrelevant,Irrelevant,Irrelevant,Irrelevant,Irrelevant
ID0827,Irrelevant,Irrelevant,Irrelevant,Irrelevant,Irrelevant,Irrelevant,Irrelevant,Irrelevant,Irrelevant,Irrelevant,Irrelevant,Irrelevant,Irrelevant,Irrelevant,Irrelevant,Irrelevant,Irrelevant,Irrelevant,Irrelevant,Irrelevant,Irrelevant,Irrelevant,Irrelevant,Irrelevant,Irrelevant,Irrelevant,Irrelevant,Irrelevant,Irrelevant,Irrelevant
ID0828,Low Relevance,Low Relevance,Low Relevance,Low Relevance,Low Relevance,Irrelevant,Irrelevant,Irrelevant,Irrelevant,Irrelevant,Irrelevant,Irrelevant,Irrelevant,Irrelevant,Irrelevant,Irrelevant,Irrelevant,Irrelevant,Irrelevant,Irrelevant,Irrelevant,Irrelevant,Irrelevant,Irrelevant,Irrelevant,Irrelevant,Irrelevant,Irrelevant,Irrelevant,Irrelevant
ID0830,Low Relevance,Low Relevance,Low Relevance,Low Relevance,Low Relevance,Low Relevance,Low Relevance,Irrelevant,Irrelevant,Irrelevant,Irrelevant,Irrelevant,Irrelevant,Irrelevant,Irrelevant,Irrelevant,Irrelevant,Irrelevant,Irrelevant,Irrelevant,Irrelevant,Irrelevant,Irrelevant,Irrelevant,Irrelevant,Irrelevant,Irrelevant,Irrelevant,Irrelevant,Irrelevant
ID0831,Low Relevance,Low Relevance,Low Relevance,Low Relevance,Low Relevance,Low Relevance,Low Relevance,Low Relevance,Low Relevance,Low Relevance,Low Relevance,Low Relevance,Irrelevant,Irrelevant,Irrelevant,Irrelevant,Irrelevant,Irrelevant,Irrelevant,Irrelevant,Irrelevant,Irrelevant,Irrelevant,Irrelevant,Irrelevant,Irrelevant,Irrelevant,Irrelevant,Irrelevant,Irrelevant
ID0832,Irrelevant,Irrelevant,Irrelevant,Irrelevant,Irrelevant,Irrelevant,Irrelevant,Irrelevant,Irrelevant,Irrelevant,Irrelevant,Irrelevant,Irrelevant,Irrelevant,Irrelevant,Irrelevant,Irrelevant,Irrelevant,Irrelevant,Irrelevant,Irrelevant,Irrelevant,Irrelevant,Irrelevant,Irrelevant,Irrelevant,Irrelevant,Irrelevant,Irrelevant,Irrelevant
ID0833,Low Relevance,Low Relevance,Low Relevance,Low Relevance,High Relevance,Low Relevance,Low Relevance,Low Relevance,Low Relevance,Low Relevance,Low Relevance,Low Relevance,Irrelevant,Irrelevant,Irrelevant,Irrelevant,Irrelevant,Irrelevant,Irrelevant,Irrelevant,Irrelevant,Irrelevant,Irrelevant,Irrelevant,Irrelevant,Irrelevant,Irrelevant,Irrelevant,Irrelevant,Irrelevant
ID0834,Irrelevant,Irrelevant,Irrelevant,Irrelevant,Irrelevant,Irrelevant,Irrelevant,Irrelevant,Irrelevant,Irrelevant,Irrelevant,Irrelevant,Irrelevant,Irrelevant,Irrelevant,Irrelevant,Irrelevant,Irrelevant,Irrelevant,Irrelevant,Irrelevant,Irrelevant,Irrelevant,Irrelevant,Irrelevant,Irrelevant,Irrelevant,Irrelevant,Irrelevant,Irrelevant
ID0835,Low Relevance,Low Relevance,Low Relevance,Low Relevance,High Relevance,Low Relevance,Low Relevance,Low Relevance,Low Relevance,Low Relevance,Low Relevance,Irrelevant,Irrelevant,Irrelevant,Irrelevant,Irrelevant,Irrelevant,Irrelevant,Irrelevant,Irrelevant,Irrelevant,Irrelevant,Irrelevant,Irrelevant,Irrelevant,Irrelevant,Irrelevant,Irrelevant,Irrelevant,Irrelevant
ID0836,Low Relevance,Low Relevance,Low Relevance,Low Relevance,Low Relevance,Low Relevance,High Relevance,Low Relevance,Low Relevance,Low Relevance,Low Relevance,Low Relevance,Irrelevant,Irrelevant,Irrelevant,Irrelevant,Irrelevant,Irrelevant,Irrelevant,Irrelevant,Irrelevant,Irrelevant,Irrelevant,Irrelevant,Irrelevant,Irrelevant,Irrelevant,Irrelevant,Irrelevant,Irrelevant
ID0837,Irrelevant,Irrelevant,Irrelevant,Irrelevant,Irrelevant,Irrelevant,Irrelevant,Irrelevant,Irrelevant,Irrelevant,Irrelevant,Irrelevant,Irrelevant,Irrelevant,Irrelevant,Irrelevant,Irrelevant,Irrelevant,Irrelevant,Irrelevant,Irrelevant,Irrelevant,Irrelevant,Irrelevant,Irrelevant,Irrelevant,Irrelevant,Irrelevant,Irrelevant,Irrelevant
ID0840,Low Relevance,Low Relevance,Low Relevance,Low Relevance,Low Relevance,Low Relevance,Low Relevance,Irrelevant,Irrelevant,Irrelevant,Irrelevant,Irrelevant,Irrelevant,Irrelevant,Irrelevant,Irrelevant,Irrelevant,Irrelevant,Irrelevant,Irrelevant,Irrelevant,Irrelevant,Irrelevant,Irrelevant,Irrelevant,Irrelevant,Irrelevant,Irrelevant,Irrelevant,Irrelevant
ID0841,Low Relevance,High Relevance,Low Relevance,Low Relevance,Low Relevance,Low Relevance,Low Relevance,Low Relevance,Low Relevance,Irrelevant,Irrelevant,Irrelevant,Irrelevant,Irrelevant,Irrelevant,Irrelevant,Irrelevant,Irrelevant,Irrelevant,Irrelevant,Irrelevant,Irrelevant,Irrelevant,Irrelevant,Irrelevant,Irrelevant,Irrelevant,Irrelevant,Irrelevant,Irrelevant
ID0842,Low Relevance,Low Relevance,Low Relevance,Low Relevance,Low Relevance,Irrelevant,Irrelevant,Irrelevant,Irrelevant,Irrelevant,Irrelevant,Irrelevant,Irrelevant,Irrelevant,Irrelevant,Irrelevant,Irrelevant,Irrelevant,Irrelevant,Irrelevant,Irrelevant,Irrelevant,Irrelevant,Irrelevant,Irrelevant,Irrelevant,Irrelevant,Irrelevant,Irrelevant,Irrelevant
ID0843,Low Relevance,Low Relevance,Low Relevance,Low Relevance,Low Relevance,Low Relevance,Low Relevance,Low Relevance,Low Relevance,Low Relevance,Irrelevant,Irrelevant,Irrelevant,Irrelevant,Irrelevant,Irrelevant,Irrelevant,Irrelevant,Irrelevant,Irrelevant,Irrelevant,Irrelevant,Irrelevant,Irrelevant,Irrelevant,Irrelevant,Irrelevant,Irrelevant,Irrelevant,Irrelevant
ID0844,Low Relevance,Irrelevant,Low Relevance,Low Relevance,Irrelevant,Low Relevance,Low Relevance,Irrelevant,Low Relevance,Irrelevant,Irrelevant,Irrelevant,Irrelevant,Irrelevant,Irrelevant,Irrelevant,Irrelevant,Irrelevant,Irrelevant,Irrelevant,Irrelevant,Irrelevant,Irrelevant,Irrelevant,Irrelevant,Irrelevant,Irrelevant,Irrelevant,Irrelevant,Irrelevant
ID0845,Low Relevance,Low Relevance,Low Relevance,Low Relevance,High Relevance,Low Relevance,Low Relevance,High Relevance,Low Relevance,Low Relevance,Low Relevance,Irrelevant,Irrelevant,Irrelevant,Irrelevant,Irrelevant,Irrelevant,Irrelevant,Irrelevant,Irrelevant,Irrelevant,Irrelevant,Irrelevant,Irrelevant,Irrelevant,Irrelevant,Irrelevant,Irrelevant,Irrelevant,Irrelevant
ID0846,Low Relevance,Low Relevance,Low Relevance,Low Relevance,Low Relevance,Low Relevance,Low Relevance,Low Relevance,Low Relevance,Low Relevance,Low Relevance,Low Relevance,Irrelevant,Irrelevant,Irrelevant,Irrelevant,Irrelevant,Irrelevant,Irrelevant,Irrelevant,Irrelevant,Irrelevant,Irrelevant,Irrelevant,Irrelevant,Irrelevant,Irrelevant,Irrelevant,Irrelevant,Irrelevant
ID0847,Irrelevant,Irrelevant,Irrelevant,Irrelevant,Irrelevant,Irrelevant,Irrelevant,Irrelevant,Irrelevant,Irrelevant,Irrelevant,Irrelevant,Irrelevant,Irrelevant,Irrelevant,Irrelevant,Irrelevant,Irrelevant,Irrelevant,Irrelevant,Irrelevant,Irrelevant,Irrelevant,Irrelevant,Irrelevant,Irrelevant,Irrelevant,Irrelevant,Irrelevant,Irrelevant
ID0850,Irrelevant,Irrelevant,Irrelevant,Irrelevant,Irrelevant,Irrelevant,Irrelevant,Irrelevant,Irrelevant,Irrelevant,Irrelevant,Irrelevant,Irrelevant,Irrelevant,Irrelevant,Irrelevant,Irrelevant,Irrelevant,Irrelevant,Irrelevant,Irrelevant,Irrelevant,Irrelevant,Irrelevant,Irrelevant,Irrelevant,Irrelevant,Irrelevant,Irrelevant,Irrelevant
ID0851,Low Relevance,Low Relevance,Low Relevance,Low Relevance,Low Relevance,Low Relevance,Irrelevant,Irrelevant,Irrelevant,Irrelevant,Irrelevant,Irrelevant,Irrelevant,Irrelevant,Irrelevant,Irrelevant,Irrelevant,Irrelevant,Irrelevant,Irrelevant,Irrelevant,Irrelevant,Irrelevant,Irrelevant,Irrelevant,Irrelevant,Irrelevant,Irrelevant,Irrelevant,Irrelevant
ID0852,Low Relevance,Low Relevance,Low Relevance,Low Relevance,Low Relevance,Low Relevance,Low Relevance,Low Relevance,Low Relevance,Low Relevance,Low Relevance,Irrelevant,Irrelevant,Irrelevant,Irrelevant,Irrelevant,Irrelevant,Irrelevant,Irrelevant,Irrelevant,Irrelevant,Irrelevant,Irrelevant,Irrelevant,Irrelevant,Irrelevant,Irrelevant,Irrelevant,Irrelevant,Irrelevant
ID0853,Low Relevance,Low Relevance,Low Relevance,Low Relevance,High Relevance,Low Relevance,Low Relevance,Low Relevance,Low Relevance,Low Relevance,Low Relevance,Low Relevance,Irrelevant,Irrelevant,Irrelevant,Irrelevant,Irrelevant,Irrelevant,Irrelevant,Irrelevant,Irrelevant,Irrelevant,Irrelevant,Irrelevant,Irrelevant,Irrelevant,Irrelevant,Irrelevant,Irrelevant,Irrelevant
ID0854,Low Relevance,Irrelevant,Irrelevant,Irrelevant,Irrelevant,Irrelevant,Irrelevant,Irrelevant,Irrelevant,Irrelevant,Irrelevant,Irrelevant,Irrelevant,Irrelevant,Irrelevant,Irrelevant,Irrelevant,Irrelevant,Irrelevant,Irrelevant,Irrelevant,Irrelevant,Irrelevant,Irrelevant,Irrelevant,Irrelevant,Irrelevant,Irrelevant,Irrelevant,Irrelevant
ID0855,Low Relevance,Irrelevant,Low Relevance,Irrelevant,Irrelevant,Irrelevant,Irrelevant,Irrelevant,Irrelevant,Irrelevant,Irrelevant,Irrelevant,Irrelevant,Irrelevant,Irrelevant,Irrelevant,Irrelevant,Irrelevant,Irrelevant,Irrelevant,Irrelevant,Irrelevant,Irrelevant,Irrelevant,Irrelevant,Irrelevant,Irrelevant,Irrelevant,Irrelevant,Irrelevant
ID0856,Low Relevance,Low Relevance,Low Relevance,Low Relevance,Low Relevance,Low Relevance,Low Relevance,Irrelevant,Irrelevant,Irrelevant,Irrelevant,Irrelevant,Irrelevant,Irrelevant,Irrelevant,Irrelevant,Irrelevant,Irrelevant,Irrelevant,Irrelevant,Irrelevant,Irrelevant,Irrelevant,Irrelevant,Irrelevant,Irrelevant,Irrelevant,Irrelevant,Irrelevant,Irrelevant
ID0858,Low Relevance,Low Relevance,Irrelevant,Irrelevant,Low Relevance,High Relevance,Irrelevant,Irrelevant,Irrelevant,Irrelevant,Irrelevant,Irrelevant,Irrelevant,Irrelevant,Irrelevant,Irrelevant,Irrelevant,Irrelevant,Irrelevant,Irrelevant,Irrelevant,Irrelevant,Irrelevant,Irrelevant,Irrelevant,Irrelevant,Irrelevant,Irrelevant,Irrelevant,Irrelevant
ID0859,Low Relevance,Low Relevance,Low Relevance,Low Relevance,Low Relevance,Low Relevance,Low Relevance,Low Relevance,Low Relevance,Irrelevant,Irrelevant,Irrelevant,Irrelevant,Irrelevant,Irrelevant,Irrelevant,Irrelevant,Irrelevant,Irrelevant,Irrelevant,Irrelevant,Irrelevant,Irrelevant,Irrelevant,Irrelevant,Irrelevant,Irrelevant,Irrelevant,Irrelevant,Irrelevant
ID0860,Low Relevance,Low Relevance,Low Relevance,Low Relevance,Low Relevance,Low Relevance,Irrelevant,Irrelevant,Irrelevant,Irrelevant,Irrelevant,Irrelevant,Irrelevant,Irrelevant,Irrelevant,Irrelevant,Irrelevant,Irrelevant,Irrelevant,Irrelevant,Irrelevant,Irrelevant,Irrelevant,Irrelevant,Irrelevant,Irrelevant,Irrelevant,Irrelevant,Irrelevant,Irrelevant
ID0861,High Relevance,Low Relevance,Low Relevance,Irrelevant,Low Relevance,Low Relevance,Low Relevance,Irrelevant,Irrelevant,Irrelevant,Irrelevant,Irrelevant,Irrelevant,Irrelevant,Irrelevant,Irrelevant,Irrelevant,Irrelevant,Irrelevant,Irrelevant,Irrelevant,Irrelevant,Irrelevant,Irrelevant,Irrelevant,Irrelevant,Irrelevant,Irrelevant,Irrelevant,Irrelevant
ID0862,Low Relevance,Irrelevant,Irrelevant,Irrelevant,Irrelevant,Irrelevant,Irrelevant,Irrelevant,Low Relevance,Low Relevance,Irrelevant,Irrelevant,Irrelevant,Irrelevant,Irrelevant,Irrelevant,Irrelevant,Irrelevant,Irrelevant,Irrelevant,Irrelevant,Irrelevant,Irrelevant,Irrelevant,Irrelevant,Irrelevant,Irrelevant,Irrelevant,Irrelevant,Irrelevant
ID0864,Irrelevant,Irrelevant,Irrelevant,Irrelevant,Irrelevant,Irrelevant,Irrelevant,Irrelevant,Irrelevant,Irrelevant,Irrelevant,Irrelevant,Irrelevant,Irrelevant,Irrelevant,Irrelevant,Irrelevant,Irrelevant,Irrelevant,Irrelevant,Irrelevant,Irrelevant,Irrelevant,Irrelevant,Irrelevant,Irrelevant,Irrelevant,Irrelevant,Irrelevant,Irrelevant
ID0866,Low Relevance,Low Relevance,Low Relevance,Low Relevance,Low Relevance,Low Relevance,Low Relevance,Low Relevance,Low Relevance,Low Relevance,Irrelevant,Irrelevant,Irrelevant,Irrelevant,Irrelevant,Irrelevant,Irrelevant,Irrelevant,Irrelevant,Irrelevant,Irrelevant,Irrelevant,Irrelevant,Irrelevant,Irrelevant,Irrelevant,Irrelevant,Irrelevant,Irrelevant,Irrelevant
ID0867,Low Relevance,Irrelevant,Irrelevant,Irrelevant,Irrelevant,Irrelevant,Irrelevant,Irrelevant,Irrelevant,Irrelevant,Irrelevant,Low Relevance,Low Relevance,Irrelevant,Irrelevant,Irrelevant,Irrelevant,Irrelevant,Irrelevant,Irrelevant,Irrelevant,Irrelevant,Irrelevant,Irrelevant,Irrelevant,Irrelevant,Irrelevant,Irrelevant,Irrelevant,Irrelevant
ID0869,Irrelevant,Irrelevant,Irrelevant,Irrelevant,Irrelevant,Irrelevant,Irrelevant,Irrelevant,Irrelevant,Irrelevant,Irrelevant,Irrelevant,Irrelevant,Irrelevant,Irrelevant,Irrelevant,Irrelevant,Irrelevant,Irrelevant,Irrelevant,Irrelevant,Irrelevant,Irrelevant,Irrelevant,Irrelevant,Irrelevant,Irrelevant,Irrelevant,Irrelevant,Irrelevant
ID0870,Low Relevance,Low Relevance,Low Relevance,Low Relevance,Low Relevance,High Relevance,Low Relevance,Low Relevance,Irrelevant,Irrelevant,Irrelevant,Irrelevant,Irrelevant,Irrelevant,Irrelevant,Irrelevant,Irrelevant,Irrelevant,Irrelevant,Irrelevant,Irrelevant,Irrelevant,Irrelevant,Irrelevant,Irrelevant,Irrelevant,Irrelevant,Irrelevant,Irrelevant,Irrelevant
ID0871,Irrelevant,Irrelevant,Irrelevant,Irrelevant,Irrelevant,Irrelevant,Irrelevant,Irrelevant,Irrelevant,Irrelevant,Irrelevant,Irrelevant,Irrelevant,Irrelevant,Irrelevant,Irrelevant,Irrelevant,Irrelevant,Irrelevant,Irrelevant,Irrelevant,Irrelevant,Irrelevant,Irrelevant,Irrelevant,Irrelevant,Irrelevant,Irrelevant,Irrelevant,Irrelevant
ID0872,Low Relevance,Low Relevance,Low Relevance,Low Relevance,Low Relevance,Low Relevance,Low Relevance,Irrelevant,Irrelevant,Irrelevant,Irrelevant,Irrelevant,Irrelevant,Irrelevant,Irrelevant,Irrelevant,Irrelevant,Irrelevant,Irrelevant,Irrelevant,Irrelevant,Irrelevant,Irrelevant,Irrelevant,Irrelevant,Irrelevant,Irrelevant,Irrelevant,Irrelevant,Irrelevant
ID0876,Low Relevance,Low Relevance,Low Relevance,Low Relevance,Low Relevance,Low Relevance,Low Relevance,Irrelevant,Low Relevance,Low Relevance,Low Relevance,Low Relevance,Irrelevant,Irrelevant,Irrelevant,Irrelevant,Irrelevant,Irrelevant,Irrelevant,Irrelevant,Irrelevant,Irrelevant,Irrelevant,Irrelevant,Irrelevant,Irrelevant,Irrelevant,Irrelevant,Irrelevant,Irrelevant
ID0878,Irrelevant,Irrelevant,Irrelevant,Irrelevant,Irrelevant,Irrelevant,Irrelevant,Irrelevant,Irrelevant,Irrelevant,Irrelevant,Irrelevant,Irrelevant,Irrelevant,Irrelevant,Irrelevant,Irrelevant,Irrelevant,Irrelevant,Irrelevant,Irrelevant,Irrelevant,Irrelevant,Irrelevant,Irrelevant,Irrelevant,Irrelevant,Irrelevant,Irrelevant,Irrelevant
ID0879,Low Relevance,Low Relevance,Low Relevance,Low Relevance,Low Relevance,Low Relevance,Low Relevance,Low Relevance,Low Relevance,Low Relevance,Low Relevance,Irrelevant,Irrelevant,Irrelevant,Irrelevant,Irrelevant,Irrelevant,Irrelevant,Irrelevant,Irrelevant,Irrelevant,Irrelevant,Irrelevant,Irrelevant,Irrelevant,Irrelevant,Irrelevant,Irrelevant,Irrelevant,Irrelevant
ID0880,Low Relevance,Low Relevance,Low Relevance,Low Relevance,Low Relevance,Low Relevance,Low Relevance,Low Relevance,Low Relevance,Irrelevant,Irrelevant,Irrelevant,Irrelevant,Irrelevant,Irrelevant,Irrelevant,Irrelevant,Irrelevant,Irrelevant,Irrelevant,Irrelevant,Irrelevant,Irrelevant,Irrelevant,Irrelevant,Irrelevant,Irrelevant,Irrelevant,Irrelevant,Irrelevant
ID0883,Low Relevance,Low Relevance,Low Relevance,Low Relevance,Low Relevance,Low Relevance,Low Relevance,Low Relevance,Irrelevant,Irrelevant,Irrelevant,Irrelevant,Irrelevant,Irrelevant,Irrelevant,Irrelevant,Irrelevant,Irrelevant,Irrelevant,Irrelevant,Irrelevant,Irrelevant,Irrelevant,Irrelevant,Irrelevant,Irrelevant,Irrelevant,Irrelevant,Irrelevant,Irrelevant
ID0884,Low Relevance,Low Relevance,Low Relevance,Low Relevance,Low Relevance,Low Relevance,Low Relevance,Low Relevance,Low Relevance,Low Relevance,Low Relevance,Irrelevant,Irrelevant,Irrelevant,Irrelevant,Irrelevant,Irrelevant,Irrelevant,Irrelevant,Irrelevant,Irrelevant,Irrelevant,Irrelevant,Irrelevant,Irrelevant,Irrelevant,Irrelevant,Irrelevant,Irrelevant,Irrelevant
ID0885,High Relevance,Low Relevance,Low Relevance,Low Relevance,Low Relevance,Low Relevance,Low Relevance,Low Relevance,Low Relevance,Low Relevance,Low Relevance,Low Relevance,Irrelevant,Irrelevant,Irrelevant,Irrelevant,Irrelevant,Irrelevant,Irrelevant,Irrelevant,Irrelevant,Irrelevant,Irrelevant,Irrelevant,Irrelevant,Irrelevant,Irrelevant,Irrelevant,Irrelevant,Irrelevant
ID0887,Low Relevance,Low Relevance,Low Relevance,Low Relevance,Low Relevance,Low Relevance,Low Relevance,Low Relevance,Low Relevance,Low Relevance,Irrelevant,Irrelevant,Irrelevant,Irrelevant,Irrelevant,Irrelevant,Irrelevant,Irrelevant,Irrelevant,Irrelevant,Irrelevant,Irrelevant,Irrelevant,Irrelevant,Irrelevant,Irrelevant,Irrelevant,Irrelevant,Irrelevant,Irrelevant
ID0889,Irrelevant,Irrelevant,Irrelevant,Irrelevant,Irrelevant,Irrelevant,Irrelevant,Irrelevant,Irrelevant,Irrelevant,Irrelevant,Low Relevance,Irrelevant,Irrelevant,Irrelevant,Irrelevant,Irrelevant,Irrelevant,Irrelevant,Irrelevant,Irrelevant,Irrelevant,Irrelevant,Irrelevant,Irrelevant,Irrelevant,Irrelevant,Irrelevant,Irrelevant,Irrelevant
ID0893,Low Relevance,Irrelevant,Irrelevant,Irrelevant,Irrelevant,Irrelevant,Irrelevant,Irrelevant,Irrelevant,Irrelevant,Irrelevant,Irrelevant,Irrelevant,Irrelevant,Irrelevant,Irrelevant,Irrelevant,Irrelevant,Irrelevant,Irrelevant,Irrelevant,Irrelevant,Irrelevant,Irrelevant,Irrelevant,Irrelevant,Irrelevant,Irrelevant,Irrelevant,Irrelevant
ID0894,Irrelevant,Irrelevant,Low Relevance,Low Relevance,Irrelevant,Irrelevant,Irrelevant,Irrelevant,Irrelevant,Irrelevant,Irrelevant,Irrelevant,Irrelevant,Irrelevant,Irrelevant,Irrelevant,Irrelevant,Irrelevant,Irrelevant,Irrelevant,Irrelevant,Irrelevant,Irrelevant,Irrelevant,Irrelevant,Irrelevant,Irrelevant,Irrelevant,Irrelevant,Irrelevant
ID0895,Irrelevant,Irrelevant,Irrelevant,Irrelevant,Irrelevant,Irrelevant,Irrelevant,Irrelevant,Irrelevant,Irrelevant,Irrelevant,Irrelevant,Irrelevant,Irrelevant,Irrelevant,Irrelevant,Irrelevant,Irrelevant,Irrelevant,Irrelevant,Irrelevant,Irrelevant,Irrelevant,Irrelevant,Irrelevant,Irrelevant,Irrelevant,Irrelevant,Irrelevant,Irrelevant
ID0899,Low Relevance,Low Relevance,Low Relevance,Low Relevance,Low Relevance,Low Relevance,Low Relevance,Low Relevance,Low Relevance,Low Relevance,Irrelevant,Irrelevant,Irrelevant,Irrelevant,Irrelevant,Irrelevant,Irrelevant,Irrelevant,Irrelevant,Irrelevant,Irrelevant,Irrelevant,Irrelevant,Irrelevant,Irrelevant,Irrelevant,Irrelevant,Irrelevant,Irrelevant,Irrelevant
ID0900,Low Relevance,Low Relevance,Irrelevant,Low Relevance,Low Relevance,Low Relevance,Low Relevance,Low Relevance,Low Relevance,Low Relevance,Low Relevance,Low Relevance,Irrelevant,Irrelevant,Irrelevant,Irrelevant,Irrelevant,Irrelevant,Irrelevant,Irrelevant,Irrelevant,Irrelevant,Irrelevant,Irrelevant,Irrelevant,Irrelevant,Irrelevant,Irrelevant,Irrelevant,Irrelevant
ID0901,Low Relevance,Low Relevance,High Relevance,Low Relevance,Low Relevance,Low Relevance,Low Relevance,Low Relevance,Low Relevance,Low Relevance,Low Relevance,Low Relevance,Irrelevant,Irrelevant,Irrelevant,Irrelevant,Irrelevant,Irrelevant,Irrelevant,Irrelevant,Irrelevant,Irrelevant,Irrelevant,Irrelevant,Irrelevant,Irrelevant,Irrelevant,Irrelevant,Irrelevant,Irrelevant
ID0902,Low Relevance,Low Relevance,Low Relevance,Low Relevance,Low Relevance,Low Relevance,Low Relevance,Irrelevant,Irrelevant,Irrelevant,Irrelevant,Irrelevant,Irrelevant,Irrelevant,Irrelevant,Irrelevant,Irrelevant,Irrelevant,Irrelevant,Irrelevant,Irrelevant,Irrelevant,Irrelevant,Irrelevant,Irrelevant,Irrelevant,Irrelevant,Irrelevant,Irrelevant,Irrelevant
ID0904,Irrelevant,Irrelevant,Irrelevant,Irrelevant,High Relevance,Irrelevant,Irrelevant,Irrelevant,Irrelevant,Irrelevant,Low Relevance,Irrelevant,Irrelevant,Irrelevant,Irrelevant,Irrelevant,Irrelevant,Irrelevant,Irrelevant,Irrelevant,Irrelevant,Irrelevant,Irrelevant,Irrelevant,Irrelevant,Irrelevant,Irrelevant,Irrelevant,Irrelevant,Irrelevant
ID0905,High Relevance,Low Relevance,Low Relevance,Low Relevance,Low Relevance,Low Relevance,Low Relevance,Low Relevance,Low Relevance,Low Relevance,Irrelevant,Irrelevant,Irrelevant,Irrelevant,Irrelevant,Irrelevant,Irrelevant,Irrelevant,Irrelevant,Irrelevant,Irrelevant,Irrelevant,Irrelevant,Irrelevant,Irrelevant,Irrelevant,Irrelevant,Irrelevant,Irrelevant,Irrelevant
ID0907,Low Relevance,Irrelevant,Irrelevant,Irrelevant,Irrelevant,Irrelevant,Irrelevant,Irrelevant,Irrelevant,Irrelevant,Irrelevant,Irrelevant,Irrelevant,Irrelevant,Irrelevant,Irrelevant,Irrelevant,Irrelevant,Irrelevant,Irrelevant,Irrelevant,Irrelevant,Irrelevant,Irrelevant,Irrelevant,Irrelevant,Irrelevant,Irrelevant,Irrelevant,Irrelevant
ID0908,Low Relevance,Irrelevant,Irrelevant,Irrelevant,Irrelevant,Irrelevant,Irrelevant,Irrelevant,Irrelevant,Irrelevant,Irrelevant,Irrelevant,Irrelevant,Irrelevant,Irrelevant,Irrelevant,Irrelevant,Irrelevant,Irrelevant,Irrelevant,Irrelevant,Irrelevant,Irrelevant,Irrelevant,Irrelevant,Irrelevant,Irrelevant,Irrelevant,Irrelevant,Irrelevant
ID0909,Low Relevance,Irrelevant,Irrelevant,Irrelevant,Irrelevant,Irrelevant,Irrelevant,Irrelevant,Low Relevance,Low Relevance,Low Relevance,Low Relevance,Low Relevance,Irrelevant,Irrelevant,Irrelevant,Irrelevant,Irrelevant,Irrelevant,Irrelevant,Irrelevant,Irrelevant,Irrelevant,Irrelevant,Irrelevant,Irrelevant,Irrelevant,Irrelevant,Irrelevant,Irrelevant
ID0910,Low Relevance,Irrelevant,Irrelevant,Irrelevant,Irrelevant,Irrelevant,Irrelevant,Irrelevant,Irrelevant,Irrelevant,Irrelevant,Irrelevant,Irrelevant,Irrelevant,Irrelevant,Irrelevant,Irrelevant,Irrelevant,Irrelevant,Irrelevant,Irrelevant,Irrelevant,Irrelevant,Irrelevant,Irrelevant,Irrelevant,Irrelevant,Irrelevant,Irrelevant,Irrelevant
ID0911,High Relevance,Low Relevance,Low Relevance,Low Relevance,Low Relevance,Low Relevance,Low Relevance,Low Relevance,Low Relevance,Low Relevance,Low Relevance,Irrelevant,Irrelevant,Irrelevant,Irrelevant,Irrelevant,Irrelevant,Irrelevant,Irrelevant,Irrelevant,Irrelevant,Irrelevant,Irrelevant,Irrelevant,Irrelevant,Irrelevant,Irrelevant,Irrelevant,Irrelevant,Irrelevant
ID0912,Low Relevance,Low Relevance,Low Relevance,Low Relevance,Irrelevant,Irrelevant,Irrelevant,Irrelevant,Irrelevant,Irrelevant,Irrelevant,Irrelevant,Irrelevant,Irrelevant,Irrelevant,Irrelevant,Irrelevant,Irrelevant,Irrelevant,Irrelevant,Irrelevant,Irrelevant,Irrelevant,Irrelevant,Irrelevant,Irrelevant,Irrelevant,Irrelevant,Irrelevant,Irrelevant
ID0915,Irrelevant,Irrelevant,Irrelevant,Irrelevant,Irrelevant,Irrelevant,Irrelevant,Irrelevant,Irrelevant,Irrelevant,Irrelevant,Low Relevance,Irrelevant,Irrelevant,Irrelevant,Irrelevant,Irrelevant,Irrelevant,Irrelevant,Irrelevant,Irrelevant,Irrelevant,Irrelevant,Irrelevant,Irrelevant,Irrelevant,Irrelevant,Irrelevant,Irrelevant,Irrelevant
ID0916,Low Relevance,Low Relevance,Low Relevance,Low Relevance,Low Relevance,Low Relevance,Low Relevance,Low Relevance,Low Relevance,Low Relevance,Low Relevance,Irrelevant,Irrelevant,Irrelevant,Irrelevant,Irrelevant,Irrelevant,Irrelevant,Irrelevant,Irrelevant,Irrelevant,Irrelevant,Irrelevant,Irrelevant,Irrelevant,Irrelevant,Irrelevant,Irrelevant,Irrelevant,Irrelevant
ID0918,Low Relevance,Irrelevant,Irrelevant,Irrelevant,Irrelevant,Irrelevant,Irrelevant,Irrelevant,Irrelevant,Irrelevant,Irrelevant,Irrelevant,Irrelevant,Irrelevant,Irrelevant,Irrelevant,Irrelevant,Irrelevant,Irrelevant,Irrelevant,Irrelevant,Irrelevant,Irrelevant,Irrelevant,Irrelevant,Irrelevant,Irrelevant,Irrelevant,Irrelevant,Irrelevant
ID0919,Low Relevance,High Relevance,Irrelevant,Irrelevant,Low Relevance,Irrelevant,Irrelevant,Low Relevance,Low Relevance,Irrelevant,Irrelevant,Irrelevant,Irrelevant,Irrelevant,Irrelevant,Irrelevant,Irrelevant,Irrelevant,Irrelevant,Irrelevant,Irrelevant,Irrelevant,Irrelevant,Irrelevant,Irrelevant,Irrelevant,Irrelevant,Irrelevant,Irrelevant,Irrelevant
ID0922,Low Relevance,Low Relevance,Low Relevance,Low Relevance,Low Relevance,Low Relevance,Low Relevance,Low Relevance,Low Relevance,Low Relevance,Low Relevance,Low Relevance,Irrelevant,Irrelevant,Irrelevant,Irrelevant,Irrelevant,Irrelevant,Irrelevant,Irrelevant,Irrelevant,Irrelevant,Irrelevant,Irrelevant,Irrelevant,Irrelevant,Irrelevant,Irrelevant,Irrelevant,Irrelevant
ID0923,Low Relevance,Low Relevance,Low Relevance,Low Relevance,Low Relevance,High Relevance,Low Relevance,Low Relevance,High Relevance,Low Relevance,Irrelevant,Irrelevant,Irrelevant,Irrelevant,Irrelevant,Irrelevant,Irrelevant,Irrelevant,Irrelevant,Irrelevant,Irrelevant,Irrelevant,Irrelevant,Irrelevant,Irrelevant,Irrelevant,Irrelevant,Irrelevant,Irrelevant,Irrelevant
ID0924,Low Relevance,Low Relevance,Low Relevance,Low Relevance,Low Relevance,Low Relevance,Low Relevance,Low Relevance,Low Relevance,Low Relevance,Irrelevant,Irrelevant,Irrelevant,Irrelevant,Irrelevant,Irrelevant,Irrelevant,Irrelevant,Irrelevant,Irrelevant,Irrelevant,Irrelevant,Irrelevant,Irrelevant,Irrelevant,Irrelevant,Irrelevant,Irrelevant,Irrelevant,Irrelevant
ID0925,Low Relevance,Low Relevance,Low Relevance,Low Relevance,Low Relevance,Low Relevance,Low Relevance,Low Relevance,Low Relevance,Low Relevance,Low Relevance,Low Relevance,Irrelevant,Irrelevant,Irrelevant,Irrelevant,Irrelevant,Irrelevant,Irrelevant,Irrelevant,Irrelevant,Irrelevant,Irrelevant,Irrelevant,Irrelevant,Irrelevant,Irrelevant,Irrelevant,Irrelevant,Irrelevant
ID0926,Low Relevance,Low Relevance,Low Relevance,Low Relevance,Low Relevance,Low Relevance,Irrelevant,Irrelevant,Irrelevant,Irrelevant,Irrelevant,Irrelevant,Irrelevant,Irrelevant,Irrelevant,Irrelevant,Irrelevant,Irrelevant,Irrelevant,Irrelevant,Irrelevant,Irrelevant,Irrelevant,Irrelevant,Irrelevant,Irrelevant,Irrelevant,Irrelevant,Irrelevant,Irrelevant
ID0927,Irrelevant,Irrelevant,Irrelevant,Irrelevant,Irrelevant,Irrelevant,Irrelevant,Irrelevant,Irrelevant,Irrelevant,Irrelevant,Irrelevant,Irrelevant,Irrelevant,Irrelevant,Irrelevant,Irrelevant,Irrelevant,Irrelevant,Irrelevant,Irrelevant,Irrelevant,Irrelevant,Irrelevant,Irrelevant,Irrelevant,Irrelevant,Irrelevant,Irrelevant,Irrelevant
ID0928,Low Relevance,Low Relevance,Low Relevance,Low Relevance,Low Relevance,Low Relevance,Low Relevance,Low Relevance,Low Relevance,High Relevance,Irrelevant,Irrelevant,Irrelevant,Irrelevant,Irrelevant,Irrelevant,Irrelevant,Irrelevant,Irrelevant,Irrelevant,Irrelevant,Irrelevant,Irrelevant,Irrelevant,Irrelevant,Irrelevant,Irrelevant,Irrelevant,Irrelevant,Irrelevant
ID0934,Irrelevant,Irrelevant,High Relevance,Irrelevant,Irrelevant,Irrelevant,Irrelevant,Irrelevant,Irrelevant,Irrelevant,Irrelevant,Irrelevant,Irrelevant,Irrelevant,Irrelevant,Irrelevant,Irrelevant,Irrelevant,Irrelevant,Irrelevant,Irrelevant,Irrelevant,Irrelevant,Irrelevant,Irrelevant,Irrelevant,Irrelevant,Irrelevant,Irrelevant,Irrelevant
ID0935,Irrelevant,Irrelevant,Irrelevant,Irrelevant,Irrelevant,Irrelevant,Irrelevant,Irrelevant,Irrelevant,Irrelevant,Irrelevant,Irrelevant,Irrelevant,Irrelevant,Irrelevant,Irrelevant,Irrelevant,Irrelevant,Irrelevant,Irrelevant,Irrelevant,Irrelevant,Irrelevant,Irrelevant,Irrelevant,Irrelevant,Irrelevant,Irrelevant,Irrelevant,Irrelevant
ID0937,Low Relevance,Low Relevance,Low Relevance,Low Relevance,Low Relevance,Low Relevance,Low Relevance,Low Relevance,Low Relevance,Low Relevance,Low Relevance,Low Relevance,Irrelevant,Irrelevant,Irrelevant,Irrelevant,Irrelevant,Irrelevant,Irrelevant,Irrelevant,Irrelevant,Irrelevant,Irrelevant,Irrelevant,Irrelevant,Irrelevant,Irrelevant,Irrelevant,Irrelevant,Irrelevant
ID0939,Low Relevance,Irrelevant,Irrelevant,Irrelevant,Irrelevant,Irrelevant,Low Relevance,Irrelevant,Irrelevant,Irrelevant,Irrelevant,Irrelevant,Irrelevant,Irrelevant,Irrelevant,Irrelevant,Irrelevant,Irrelevant,Irrelevant,Irrelevant,Irrelevant,Irrelevant,Irrelevant,Irrelevant,Irrelevant,Irrelevant,Irrelevant,Irrelevant,Irrelevant,Irrelevant
ID0941,Low Relevance,Irrelevant,Irrelevant,Irrelevant,Irrelevant,Irrelevant,Irrelevant,Irrelevant,Irrelevant,Irrelevant,Irrelevant,Irrelevant,Irrelevant,Irrelevant,Irrelevant,Irrelevant,Irrelevant,Irrelevant,Irrelevant,Irrelevant,Irrelevant,Irrelevant,Irrelevant,Irrelevant,Irrelevant,Irrelevant,Irrelevant,Irrelevant,Irrelevant,Irrelevant
ID0942,Low Relevance,Irrelevant,Irrelevant,Irrelevant,Irrelevant,Irrelevant,Irrelevant,Irrelevant,Irrelevant,Irrelevant,Irrelevant,Irrelevant,Irrelevant,Irrelevant,Irrelevant,Irrelevant,Irrelevant,Irrelevant,Irrelevant,Irrelevant,Irrelevant,Irrelevant,Irrelevant,Irrelevant,Irrelevant,Irrelevant,Irrelevant,Irrelevant,Irrelevant,Irrelevant
ID0944,Low Relevance,Low Relevance,Low Relevance,Low Relevance,Low Relevance,Low Relevance,Low Relevance,Low Relevance,Irrelevant,Irrelevant,Irrelevant,Irrelevant,Irrelevant,Irrelevant,Irrelevant,Irrelevant,Irrelevant,Irrelevant,Irrelevant,Irrelevant,Irrelevant,Irrelevant,Irrelevant,Irrelevant,Irrelevant,Irrelevant,Irrelevant,Irrelevant,Irrelevant,Irrelevant
ID0948,Low Relevance,Low Relevance,Low Relevance,Low Relevance,Low Relevance,Low Relevance,Irrelevant,Irrelevant,Irrelevant,Irrelevant,Irrelevant,Irrelevant,Irrelevant,Irrelevant,Irrelevant,Irrelevant,Irrelevant,Irrelevant,Irrelevant,Irrelevant,Irrelevant,Irrelevant,Irrelevant,Irrelevant,Irrelevant,Irrelevant,Irrelevant,Irrelevant,Irrelevant,Irrelevant
ID0949,Low Relevance,Low Relevance,Low Relevance,Low Relevance,Low Relevance,Low Relevance,Low Relevance,Low Relevance,Irrelevant,Irrelevant,Irrelevant,Irrelevant,Irrelevant,Irrelevant,Irrelevant,Irrelevant,Irrelevant,Irrelevant,Irrelevant,Irrelevant,Irrelevant,Irrelevant,Irrelevant,Irrelevant,Irrelevant,Irrelevant,Irrelevant,Irrelevant,Irrelevant,Irrelevant
ID0951,Low Relevance,Irrelevant,Irrelevant,Irrelevant,Irrelevant,Irrelevant,Irrelevant,Irrelevant,Irrelevant,Irrelevant,Irrelevant,Irrelevant,Irrelevant,Irrelevant,Irrelevant,Irrelevant,Irrelevant,Irrelevant,Irrelevant,Irrelevant,Irrelevant,Irrelevant,Irrelevant,Irrelevant,Irrelevant,Irrelevant,Irrelevant,Irrelevant,Irrelevant,Irrelevant
ID0953,Low Relevance,Irrelevant,Irrelevant,Low Relevance,Low Relevance,High Relevance,Low Relevance,Low Relevance,Irrelevant,Irrelevant,Irrelevant,Irrelevant,Irrelevant,Irrelevant,Irrelevant,Irrelevant,Irrelevant,Irrelevant,Irrelevant,Irrelevant,Irrelevant,Irrelevant,Irrelevant,Irrelevant,Irrelevant,Irrelevant,Irrelevant,Irrelevant,Irrelevant,Irrelevant
ID0954,Irrelevant,Irrelevant,Irrelevant,Irrelevant,Irrelevant,Irrelevant,Irrelevant,Irrelevant,Irrelevant,Irrelevant,Irrelevant,Irrelevant,Irrelevant,Irrelevant,Irrelevant,Irrelevant,Irrelevant,Irrelevant,Irrelevant,Irrelevant,Irrelevant,Irrelevant,Irrelevant,Irrelevant,Irrelevant,Irrelevant,Irrelevant,Irrelevant,Irrelevant,Irrelevant
ID0957,Low Relevance,High Relevance,Low Relevance,Low Relevance,Low Relevance,Low Relevance,Low Relevance,Low Relevance,Low Relevance,Irrelevant,Irrelevant,Irrelevant,Irrelevant,Irrelevant,Irrelevant,Irrelevant,Irrelevant,Irrelevant,Irrelevant,Irrelevant,Irrelevant,Irrelevant,Irrelevant,Irrelevant,Irrelevant,Irrelevant,Irrelevant,Irrelevant,Irrelevant,Irrelevant
ID0961,Low Relevance,Low Relevance,Low Relevance,Low Relevance,Low Relevance,Low Relevance,Low Relevance,Irrelevant,Irrelevant,Irrelevant,Irrelevant,Irrelevant,Irrelevant,Irrelevant,Irrelevant,Irrelevant,Irrelevant,Irrelevant,Irrelevant,Irrelevant,Irrelevant,Irrelevant,Irrelevant,Irrelevant,Irrelevant,Irrelevant,Irrelevant,Irrelevant,Irrelevant,Irrelevant
ID0962,Irrelevant,Irrelevant,Irrelevant,Irrelevant,Irrelevant,Irrelevant,Irrelevant,Irrelevant,Irrelevant,Irrelevant,Irrelevant,Irrelevant,Irrelevant,Irrelevant,Irrelevant,Irrelevant,Irrelevant,Irrelevant,Irrelevant,Irrelevant,Irrelevant,Irrelevant,Irrelevant,Irrelevant,Irrelevant,Irrelevant,Irrelevant,Irrelevant,Irrelevant,Irrelevant
ID0963,High Relevance,Low Relevance,Low Relevance,Irrelevant,Low Relevance,High Relevance,Low Relevance,Low Relevance,Irrelevant,Irrelevant,Irrelevant,Irrelevant,Irrelevant,Irrelevant,Irrelevant,Irrelevant,Irrelevant,Irrelevant,Irrelevant,Irrelevant,Irrelevant,Irrelevant,Irrelevant,Irrelevant,Irrelevant,Irrelevant,Irrelevant,Irrelevant,Irrelevant,Irrelevant
ID0965,Low Relevance,Low Relevance,Low Relevance,Low Relevance,Low Relevance,Low Relevance,Low Relevance,Irrelevant,Irrelevant,Irrelevant,Irrelevant,Irrelevant,Irrelevant,Irrelevant,Irrelevant,Irrelevant,Irrelevant,Irrelevant,Irrelevant,Irrelevant,Irrelevant,Irrelevant,Irrelevant,Irrelevant,Irrelevant,Irrelevant,Irrelevant,Irrelevant,Irrelevant,Irrelevant
ID0967,Low Relevance,Irrelevant,Irrelevant,Irrelevant,Low Relevance,Irrelevant,Irrelevant,Irrelevant,Irrelevant,Irrelevant,Irrelevant,Irrelevant,Irrelevant,Irrelevant,Irrelevant,Irrelevant,Irrelevant,Irrelevant,Irrelevant,Irrelevant,Irrelevant,Irrelevant,Irrelevant,Irrelevant,Irrelevant,Irrelevant,Irrelevant,Irrelevant,Irrelevant,Irrelevant
ID0968,Irrelevant,Irrelevant,Irrelevant,Irrelevant,Irrelevant,Irrelevant,Irrelevant,Irrelevant,Irrelevant,Irrelevant,Irrelevant,Irrelevant,Irrelevant,Irrelevant,Irrelevant,Irrelevant,Irrelevant,Irrelevant,Irrelevant,Irrelevant,Irrelevant,Irrelevant,Irrelevant,Irrelevant,Irrelevant,Irrelevant,Irrelevant,Irrelevant,Irrelevant,Irrelevant
ID0969,Low Relevance,Irrelevant,Irrelevant,Irrelevant,Low Relevance,Irrelevant,Irrelevant,Irrelevant,Irrelevant,Irrelevant,Irrelevant,Irrelevant,Irrelevant,Irrelevant,Irrelevant,Irrelevant,Irrelevant,Irrelevant,Irrelevant,Irrelevant,Irrelevant,Irrelevant,Irrelevant,Irrelevant,Irrelevant,Irrelevant,Irrelevant,Irrelevant,Irrelevant,Irrelevant
ID0970,Low Relevance,Low Relevance,Low Relevance,Low Relevance,Low Relevance,Low Relevance,Low Relevance,Low Relevance,Irrelevant,Irrelevant,Irrelevant,Irrelevant,Irrelevant,Irrelevant,Irrelevant,Irrelevant,Irrelevant,Irrelevant,Irrelevant,Irrelevant,Irrelevant,Irrelevant,Irrelevant,Irrelevant,Irrelevant,Irrelevant,Irrelevant,Irrelevant,Irrelevant,Irrelevant
ID0972,Low Relevance,Irrelevant,Irrelevant,Low Relevance,Irrelevant,Irrelevant,Irrelevant,Irrelevant,Irrelevant,Irrelevant,Irrelevant,Irrelevant,Irrelevant,Irrelevant,Irrelevant,Irrelevant,Irrelevant,Irrelevant,Irrelevant,Irrelevant,Irrelevant,Irrelevant,Irrelevant,Irrelevant,Irrelevant,Irrelevant,Irrelevant,Irrelevant,Irrelevant,Irrelevant
ID0973,Irrelevant,Irrelevant,Irrelevant,Irrelevant,Irrelevant,Irrelevant,Irrelevant,Irrelevant,Irrelevant,Irrelevant,Irrelevant,Irrelevant,Irrelevant,Irrelevant,Irrelevant,Irrelevant,Irrelevant,Irrelevant,Irrelevant,Irrelevant,Irrelevant,Irrelevant,Irrelevant,Irrelevant,Irrelevant,Irrelevant,Irrelevant,Irrelevant,Irrelevant,Irrelevant
ID0974,Low Relevance,Low Relevance,Low Relevance,Low Relevance,Low Relevance,Low Relevance,Irrelevant,Irrelevant,Irrelevant,Irrelevant,Irrelevant,Irrelevant,Irrelevant,Irrelevant,Irrelevant,Irrelevant,Irrelevant,Irrelevant,Irrelevant,Irrelevant,Irrelevant,Irrelevant,Irrelevant,Irrelevant,Irrelevant,Irrelevant,Irrelevant,Irrelevant,Irrelevant,Irrelevant
ID0976,High Relevance,Irrelevant,Irrelevant,Irrelevant,Irrelevant,Irrelevant,Irrelevant,Irrelevant,Irrelevant,Irrelevant,Irrelevant,Irrelevant,Irrelevant,Irrelevant,Irrelevant,Irrelevant,Irrelevant,Irrelevant,Irrelevant,Irrelevant,Irrelevant,Irrelevant,Irrelevant,Irrelevant,Irrelevant,Irrelevant,Irrelevant,Irrelevant,Irrelevant,Irrelevant
ID0977,Low Relevance,Low Relevance,Irrelevant,High Relevance,Low Relevance,Low Relevance,Low Relevance,Irrelevant,Irrelevant,Low Relevance,Low Relevance,Irrelevant,Irrelevant,Irrelevant,Irrelevant,Irrelevant,Irrelevant,Irrelevant,Irrelevant,Irrelevant,Irrelevant,Irrelevant,Irrelevant,Irrelevant,Irrelevant,Irrelevant,Irrelevant,Irrelevant,Irrelevant,Irrelevant
ID0979,Low Relevance,Irrelevant,Irrelevant,Irrelevant,Irrelevant,Irrelevant,Irrelevant,Irrelevant,Irrelevant,Irrelevant,Irrelevant,Irrelevant,Irrelevant,Irrelevant,Irrelevant,Irrelevant,Irrelevant,Irrelevant,Irrelevant,Irrelevant,Irrelevant,Irrelevant,Irrelevant,Irrelevant,Irrelevant,Irrelevant,Irrelevant,Irrelevant,Irrelevant,Irrelevant
ID0981,Irrelevant,Irrelevant,Irrelevant,Irrelevant,Low Relevance,High Relevance,Irrelevant,Irrelevant,Irrelevant,Irrelevant,Irrelevant,Irrelevant,Irrelevant,Irrelevant,Irrelevant,Irrelevant,Irrelevant,Irrelevant,Irrelevant,Irrelevant,Irrelevant,Irrelevant,Irrelevant,Irrelevant,Irrelevant,Irrelevant,Irrelevant,Irrelevant,Irrelevant,Irrelevant
ID0982,Low Relevance,Low Relevance,Low Relevance,Low Relevance,Low Relevance,Low Relevance,Low Relevance,Low Relevance,Low Relevance,Low Relevance,Low Relevance,Low Relevance,Irrelevant,Irrelevant,Irrelevant,Irrelevant,Irrelevant,Irrelevant,Irrelevant,Irrelevant,Irrelevant,Irrelevant,Irrelevant,Irrelevant,Irrelevant,Irrelevant,Irrelevant,Irrelevant,Irrelevant,Irrelevant
ID0987,Low Relevance,Low Relevance,Low Relevance,Low Relevance,Low Relevance,Low Relevance,Low Relevance,Low Relevance,Low Relevance,Low Relevance,Low Relevance,Irrelevant,Irrelevant,Irrelevant,Irrelevant,Irrelevant,Irrelevant,Irrelevant,Irrelevant,Irrelevant,Irrelevant,Irrelevant,Irrelevant,Irrelevant,Irrelevant,Irrelevant,Irrelevant,Irrelevant,Irrelevant,Irrelevant
ID0990,Irrelevant,Irrelevant,Irrelevant,Irrelevant,Irrelevant,Irrelevant,Irrelevant,Irrelevant,Irrelevant,Irrelevant,Irrelevant,Irrelevant,Irrelevant,Irrelevant,Irrelevant,Irrelevant,Irrelevant,Irrelevant,Irrelevant,Irrelevant,Irrelevant,Irrelevant,Irrelevant,Irrelevant,Irrelevant,Irrelevant,Irrelevant,Irrelevant,Irrelevant,Irrelevant
ID0991,Low Relevance,Low Relevance,Low Relevance,Low Relevance,Low Relevance,Low Relevance,Low Relevance,Low Relevance,Low Relevance,Low Relevance,Irrelevant,Irrelevant,Irrelevant,Irrelevant,Irrelevant,Irrelevant,Irrelevant,Irrelevant,Irrelevant,Irrelevant,Irrelevant,Irrelevant,Irrelevant,Irrelevant,Irrelevant,Irrelevant,Irrelevant,Irrelevant,Irrelevant,Irrelevant
ID0992,Low Relevance,Low Relevance,Low Relevance,Low Relevance,Irrelevant,Irrelevant,Irrelevant,Irrelevant,Irrelevant,Irrelevant,Irrelevant,Irrelevant,Irrelevant,Irrelevant,Irrelevant,Irrelevant,Irrelevant,Irrelevant,Irrelevant,Irrelevant,Irrelevant,Irrelevant,Irrelevant,Irrelevant,Irrelevant,Irrelevant,Irrelevant,Irrelevant,Irrelevant,Irrelevant
ID0993,Low Relevance,Low Relevance,Low Relevance,Low Relevance,Low Relevance,Low Relevance,Low Relevance,Low Relevance,Low Relevance,Low Relevance,Low Relevance,Low Relevance,Irrelevant,Irrelevant,Irrelevant,Irrelevant,Irrelevant,Irrelevant,Irrelevant,Irrelevant,Irrelevant,Irrelevant,Irrelevant,Irrelevant,Irrelevant,Irrelevant,Irrelevant,Irrelevant,Irrelevant,Irrelevant
ID0994,Low Relevance,Low Relevance,Low Relevance,Low Relevance,Low Relevance,Low Relevance,Low Relevance,Low Relevance,Irrelevant,Irrelevant,Irrelevant,Irrelevant,Irrelevant,Irrelevant,Irrelevant,Irrelevant,Irrelevant,Irrelevant,Irrelevant,Irrelevant,Irrelevant,Irrelevant,Irrelevant,Irrelevant,Irrelevant,Irrelevant,Irrelevant,Irrelevant,Irrelevant,Irrelevant
ID0996,Irrelevant,Irrelevant,Irrelevant,Irrelevant,Irrelevant,Irrelevant,Irrelevant,Irrelevant,Irrelevant,Irrelevant,Irrelevant,Irrelevant,Irrelevant,Irrelevant,Irrelevant,Irrelevant,Irrelevant,Irrelevant,Irrelevant,Irrelevant,Irrelevant,Irrelevant,Irrelevant,Irrelevant,Irrelevant,Irrelevant,Irrelevant,Irrelevant,Irrelevant,Irrelevant
ID0998,Low Relevance,Low Relevance,Low Relevance,Low Relevance,Low Relevance,Low Relevance,Low Relevance,Low Relevance,Low Relevance,Low Relevance,Low Relevance,Low Relevance,Irrelevant,Irrelevant,Irrelevant,Irrelevant,Irrelevant,Irrelevant,Irrelevant,Irrelevant,Irrelevant,Irrelevant,Irrelevant,Irrelevant,Irrelevant,Irrelevant,Irrelevant,Irrelevant,Irrelevant,Irrelevant
ID0999,Irrelevant,Irrelevant,Irrelevant,Irrelevant,Low Relevance,Low Relevance,Irrelevant,Irrelevant,Irrelevant,Irrelevant,Irrelevant,Irrelevant,Irrelevant,Irrelevant,Irrelevant,Irrelevant,Irrelevant,Irrelevant,Irrelevant,Irrelevant,Irrelevant,Irrelevant,Irrelevant,Irrelevant,Irrelevant,Irrelevant,Irrelevant,Irrelevant,Irrelevant,Irrelevant
ID1001,Low Relevance,Low Relevance,Irrelevant,Irrelevant,Low Relevance,Low Relevance,Low Relevance,Low Relevance,Low Relevance,Low Relevance,Low Relevance,Low Relevance,Irrelevant,Irrelevant,Irrelevant,Irrelevant,Irrelevant,Irrelevant,Irrelevant,Irrelevant,Irrelevant,Irrelevant,Irrelevant,Irrelevant,Irrelevant,Irrelevant,Irrelevant,Irrelevant,Irrelevant,Irrelevant
ID1002,Irrelevant,Irrelevant,Irrelevant,Irrelevant,Irrelevant,Irrelevant,Irrelevant,Irrelevant,Irrelevant,Irrelevant,Irrelevant,Irrelevant,Irrelevant,Irrelevant,Irrelevant,Irrelevant,Irrelevant,Irrelevant,Irrelevant,Irrelevant,Irrelevant,Irrelevant,Irrelevant,Irrelevant,Irrelevant,Irrelevant,Irrelevant,Irrelevant,Irrelevant,Irrelevant
ID1005,Low Relevance,Low Relevance,Low Relevance,High Relevance,Low Relevance,Low Relevance,Low Relevance,Low Relevance,Low Relevance,Low Relevance,Irrelevant,Irrelevant,Irrelevant,Irrelevant,Irrelevant,Irrelevant,Irrelevant,Irrelevant,Irrelevant,Irrelevant,Irrelevant,Irrelevant,Irrelevant,Irrelevant,Irrelevant,Irrelevant,Irrelevant,Irrelevant,Irrelevant,Irrelevant
ID1006,Low Relevance,Low Relevance,Low Relevance,Low Relevance,Low Relevance,Low Relevance,Low Relevance,Low Relevance,Irrelevant,Irrelevant,Irrelevant,Irrelevant,Irrelevant,Irrelevant,Irrelevant,Irrelevant,Irrelevant,Irrelevant,Irrelevant,Irrelevant,Irrelevant,Irrelevant,Irrelevant,Irrelevant,Irrelevant,Irrelevant,Irrelevant,Irrelevant,Irrelevant,Irrelevant
ID1009,Low Relevance,Low Relevance,Low Relevance,Low Relevance,Low Relevance,Low Relevance,Low Relevance,Low Relevance,Low Relevance,Low Relevance,Irrelevant,Irrelevant,Irrelevant,Irrelevant,Irrelevant,Irrelevant,Irrelevant,Irrelevant,Irrelevant,Irrelevant,Irrelevant,Irrelevant,Irrelevant,Irrelevant,Irrelevant,Irrelevant,Irrelevant,Irrelevant,Irrelevant,Irrelevant
ID1011,Irrelevant,Irrelevant,Irrelevant,Irrelevant,Irrelevant,Irrelevant,Irrelevant,Irrelevant,Low Relevance,Irrelevant,Irrelevant,Irrelevant,Irrelevant,Irrelevant,Irrelevant,Irrelevant,Irrelevant,Irrelevant,Irrelevant,Irrelevant,Irrelevant,Irrelevant,Irrelevant,Irrelevant,Irrelevant,Irrelevant,Irrelevant,Irrelevant,Irrelevant,Irrelevant
ID1013,Low Relevance,Low Relevance,Low Relevance,Low Relevance,Low Relevance,Low Relevance,Low Relevance,Low Relevance,Irrelevant,Irrelevant,Irrelevant,Irrelevant,Irrelevant,Irrelevant,Irrelevant,Irrelevant,Irrelevant,Irrelevant,Irrelevant,Irrelevant,Irrelevant,Irrelevant,Irrelevant,Irrelevant,Irrelevant,Irrelevant,Irrelevant,Irrelevant,Irrelevant,Irrelevant
ID1014,Low Relevance,Low Relevance,Low Relevance,Low Relevance,Low Relevance,Low Relevance,Low Relevance,Low Relevance,Low Relevance,Low Relevance,Low Relevance,Low Relevance,Irrelevant,Irrelevant,Irrelevant,Irrelevant,Irrelevant,Irrelevant,Irrelevant,Irrelevant,Irrelevant,Irrelevant,Irrelevant,Irrelevant,Irrelevant,Irrelevant,Irrelevant,Irrelevant,Irrelevant,Irrelevant
ID1015,Low Relevance,Low Relevance,Low Relevance,Low Relevance,Low Relevance,Low Relevance,Low Relevance,Low Relevance,Low Relevance,Low Relevance,Low Relevance,Low Relevance,Irrelevant,Irrelevant,Irrelevant,Irrelevant,Irrelevant,Irrelevant,Irrelevant,Irrelevant,Irrelevant,Irrelevant,Irrelevant,Irrelevant,Irrelevant,Irrelevant,Irrelevant,Irrelevant,Irrelevant,Irrelevant
ID1016,Irrelevant,Irrelevant,Irrelevant,Irrelevant,Irrelevant,Irrelevant,Irrelevant,Irrelevant,Irrelevant,Irrelevant,Irrelevant,Irrelevant,Irrelevant,Irrelevant,Irrelevant,Irrelevant,Irrelevant,Irrelevant,Irrelevant,Irrelevant,Irrelevant,Irrelevant,Irrelevant,Irrelevant,Irrelevant,Irrelevant,Irrelevant,Irrelevant,Irrelevant,Irrelevant
ID1017,Irrelevant,Low Relevance,Low Relevance,Irrelevant,Irrelevant,Irrelevant,Irrelevant,Irrelevant,Irrelevant,Irrelevant,Irrelevant,Irrelevant,Irrelevant,Irrelevant,Irrelevant,Irrelevant,Irrelevant,Irrelevant,Irrelevant,Irrelevant,Irrelevant,Irrelevant,Irrelevant,Irrelevant,Irrelevant,Irrelevant,Irrelevant,Irrelevant,Irrelevant,Irrelevant
ID1019,Irrelevant,Irrelevant,Irrelevant,Irrelevant,Irrelevant,Irrelevant,Irrelevant,Irrelevant,Irrelevant,Irrelevant,Irrelevant,Irrelevant,Irrelevant,Irrelevant,Irrelevant,Irrelevant,Irrelevant,Irrelevant,Irrelevant,Irrelevant,Irrelevant,Irrelevant,Irrelevant,Irrelevant,Irrelevant,Irrelevant,Irrelevant,Irrelevant,Irrelevant,Irrelevant
ID1020,Low Relevance,Low Relevance,Low Relevance,Low Relevance,Low Relevance,Low Relevance,Low Relevance,Low Relevance,Low Relevance,Irrelevant,Irrelevant,Irrelevant,Irrelevant,Irrelevant,Irrelevant,Irrelevant,Irrelevant,Irrelevant,Irrelevant,Irrelevant,Irrelevant,Irrelevant,Irrelevant,Irrelevant,Irrelevant,Irrelevant,Irrelevant,Irrelevant,Irrelevant,Irrelevant
ID1021,Irrelevant,Irrelevant,Irrelevant,Irrelevant,Irrelevant,Irrelevant,Irrelevant,Irrelevant,Irrelevant,Irrelevant,Irrelevant,Irrelevant,Irrelevant,Irrelevant,Irrelevant,Irrelevant,Irrelevant,Irrelevant,Irrelevant,Irrelevant,Irrelevant,Irrelevant,Irrelevant,Irrelevant,Irrelevant,Irrelevant,Irrelevant,Irrelevant,Irrelevant,Irrelevant
ID1022,Low Relevance,Irrelevant,Low Relevance,Low Relevance,Low Relevance,Low Relevance,Low Relevance,Irrelevant,Low Relevance,Irrelevant,Irrelevant,Irrelevant,Irrelevant,Irrelevant,Irrelevant,Irrelevant,Irrelevant,Irrelevant,Irrelevant,Irrelevant,Irrelevant,Irrelevant,Irrelevant,Irrelevant,Irrelevant,Irrelevant,Irrelevant,Irrelevant,Irrelevant,Irrelevant
ID1024,Low Relevance,Low Relevance,Low Relevance,Low Relevance,Low Relevance,Low Relevance,Low Relevance,High Relevance,Low Relevance,Low Relevance,Low Relevance,Irrelevant,Irrelevant,Irrelevant,Irrelevant,Irrelevant,Irrelevant,Irrelevant,Irrelevant,Irrelevant,Irrelevant,Irrelevant,Irrelevant,Irrelevant,Irrelevant,Irrelevant,Irrelevant,Irrelevant,Irrelevant,Irrelevant
ID1025,Low Relevance,Low Relevance,Irrelevant,Irrelevant,Irrelevant,Irrelevant,Irrelevant,Irrelevant,Irrelevant,Irrelevant,Irrelevant,Irrelevant,Irrelevant,Irrelevant,Irrelevant,Irrelevant,Irrelevant,Irrelevant,Irrelevant,Irrelevant,Irrelevant,Irrelevant,Irrelevant,Irrelevant,Irrelevant,Irrelevant,Irrelevant,Irrelevant,Irrelevant,Irrelevant
ID1026,Low Relevance,Irrelevant,Low Relevance,Low Relevance,Irrelevant,High Relevance,Irrelevant,Irrelevant,Low Relevance,Low Relevance,Low Relevance,Irrelevant,Irrelevant,Irrelevant,Irrelevant,Irrelevant,Irrelevant,Irrelevant,Irrelevant,Irrelevant,Irrelevant,Irrelevant,Irrelevant,Irrelevant,Irrelevant,Irrelevant,Irrelevant,Irrelevant,Irrelevant,Irrelevant
ID1028,Low Relevance,Low Relevance,Low Relevance,Low Relevance,Low Relevance,Low Relevance,Low Relevance,Low Relevance,High Relevance,Low Relevance,Low Relevance,Irrelevant,Irrelevant,Irrelevant,Irrelevant,Irrelevant,Irrelevant,Irrelevant,Irrelevant,Irrelevant,Irrelevant,Irrelevant,Irrelevant,Irrelevant,Irrelevant,Irrelevant,Irrelevant,Irrelevant,Irrelevant,Irrelevant
ID1029,Irrelevant,Irrelevant,Irrelevant,Irrelevant,Low Relevance,Irrelevant,Irrelevant,Irrelevant,Irrelevant,Irrelevant,Irrelevant,Irrelevant,Irrelevant,Irrelevant,Irrelevant,Irrelevant,Irrelevant,Irrelevant,Irrelevant,Irrelevant,Irrelevant,Irrelevant,Irrelevant,Irrelevant,Irrelevant,Irrelevant,Irrelevant,Irrelevant,Irrelevant,Irrelevant
ID1031,Low Relevance,Low Relevance,Low Relevance,Irrelevant,Low Relevance,Low Relevance,Irrelevant,Irrelevant,Irrelevant,Irrelevant,Irrelevant,Irrelevant,Irrelevant,Irrelevant,Irrelevant,Irrelevant,Irrelevant,Irrelevant,Irrelevant,Irrelevant,Irrelevant,Irrelevant,Irrelevant,Irrelevant,Irrelevant,Irrelevant,Irrelevant,Irrelevant,Irrelevant,Irrelevant
ID1032,Low Relevance,Low Relevance,Low Relevance,Low Relevance,Low Relevance,Low Relevance,Low Relevance,Low Relevance,Low Relevance,Low Relevance,Low Relevance,Low Relevance,Irrelevant,Irrelevant,Irrelevant,Irrelevant,Irrelevant,Irrelevant,Irrelevant,Irrelevant,Irrelevant,Irrelevant,Irrelevant,Irrelevant,Irrelevant,Irrelevant,Irrelevant,Irrelevant,Irrelevant,Irrelevant
ID1035,Low Relevance,Low Relevance,Low Relevance,Low Relevance,Low Relevance,Low Relevance,Low Relevance,Low Relevance,Low Relevance,Low Relevance,Irrelevant,Irrelevant,Irrelevant,Irrelevant,Irrelevant,Irrelevant,Irrelevant,Irrelevant,Irrelevant,Irrelevant,Irrelevant,Irrelevant,Irrelevant,Irrelevant,Irrelevant,Irrelevant,Irrelevant,Irrelevant,Irrelevant,Irrelevant
ID1037,Irrelevant,Irrelevant,Low Relevance,Irrelevant,Irrelevant,Irrelevant,Irrelevant,Irrelevant,Irrelevant,Irrelevant,Irrelevant,Irrelevant,Irrelevant,Irrelevant,Irrelevant,Irrelevant,Irrelevant,Irrelevant,Irrelevant,Irrelevant,Irrelevant,Irrelevant,Irrelevant,Irrelevant,Irrelevant,Irrelevant,Irrelevant,Irrelevant,Irrelevant,Irrelevant
ID1038,Irrelevant,Irrelevant,Irrelevant,Irrelevant,Irrelevant,Irrelevant,Irrelevant,Irrelevant,Irrelevant,Irrelevant,Irrelevant,Irrelevant,Irrelevant,Irrelevant,Irrelevant,Irrelevant,Irrelevant,Irrelevant,Irrelevant,Irrelevant,Irrelevant,Irrelevant,Irrelevant,Irrelevant,Irrelevant,Irrelevant,Irrelevant,Irrelevant,Irrelevant,Irrelevant
ID1040,Irrelevant,Irrelevant,Irrelevant,Irrelevant,Irrelevant,Irrelevant,Irrelevant,Irrelevant,Irrelevant,Irrelevant,Irrelevant,Irrelevant,Irrelevant,Irrelevant,Irrelevant,Irrelevant,Irrelevant,Irrelevant,Irrelevant,Irrelevant,Irrelevant,Irrelevant,Irrelevant,Irrelevant,Irrelevant,Irrelevant,Irrelevant,Irrelevant,Irrelevant,Irrelevant
ID1044,Low Relevance,Low Relevance,Irrelevant,Irrelevant,Irrelevant,Irrelevant,Irrelevant,Irrelevant,Irrelevant,Irrelevant,Irrelevant,Irrelevant,Irrelevant,Irrelevant,Irrelevant,Irrelevant,Irrelevant,Irrelevant,Irrelevant,Irrelevant,Irrelevant,Irrelevant,Irrelevant,Irrelevant,Irrelevant,Irrelevant,Irrelevant,Irrelevant,Irrelevant,Irrelevant
ID1047,Irrelevant,Low Relevance,Irrelevant,Irrelevant,Irrelevant,Irrelevant,Irrelevant,Irrelevant,Irrelevant,Low Relevance,Low Relevance,Irrelevant,Irrelevant,Irrelevant,Irrelevant,Irrelevant,Irrelevant,Irrelevant,Irrelevant,Irrelevant,Irrelevant,Irrelevant,Irrelevant,Irrelevant,Irrelevant,Irrelevant,Irrelevant,Irrelevant,Irrelevant,Irrelevant
ID1048,Low Relevance,Irrelevant,Irrelevant,Irrelevant,Irrelevant,Irrelevant,Irrelevant,Irrelevant,Irrelevant,Irrelevant,Irrelevant,Irrelevant,Irrelevant,Irrelevant,Irrelevant,Irrelevant,Irrelevant,Irrelevant,Irrelevant,Irrelevant,Irrelevant,Irrelevant,Irrelevant,Irrelevant,Irrelevant,Irrelevant,Irrelevant,Irrelevant,Irrelevant,Irrelevant
ID1049,Low Relevance,Low Relevance,Low Relevance,Irrelevant,Low Relevance,Low Relevance,Low Relevance,Low Relevance,Irrelevant,Irrelevant,Irrelevant,Irrelevant,Irrelevant,Irrelevant,Irrelevant,Irrelevant,Irrelevant,Irrelevant,Irrelevant,Irrelevant,Irrelevant,Irrelevant,Irrelevant,Irrelevant,Irrelevant,Irrelevant,Irrelevant,Irrelevant,Irrelevant,Irrelevant
ID1051,Low Relevance,High Relevance,Low Relevance,Low Relevance,Low Relevance,Low Relevance,Low Relevance,Low Relevance,Low Relevance,Irrelevant,Irrelevant,Irrelevant,Irrelevant,Irrelevant,Irrelevant,Irrelevant,Irrelevant,Irrelevant,Irrelevant,Irrelevant,Irrelevant,Irrelevant,Irrelevant,Irrelevant,Irrelevant,Irrelevant,Irrelevant,Irrelevant,Irrelevant,Irrelevant
ID1055,Low Relevance,Irrelevant,Irrelevant,Irrelevant,Irrelevant,Irrelevant,Irrelevant,Irrelevant,Irrelevant,Irrelevant,Irrelevant,Irrelevant,Irrelevant,Irrelevant,Irrelevant,Irrelevant,Irrelevant,Irrelevant,Irrelevant,Irrelevant,Irrelevant,Irrelevant,Irrelevant,Irrelevant,Irrelevant,Irrelevant,Irrelevant,Irrelevant,Irrelevant,Irrelevant
ID1058,Low Relevance,Low Relevance,Low Relevance,Low Relevance,Irrelevant,Irrelevant,Irrelevant,Irrelevant,Irrelevant,Irrelevant,Irrelevant,Irrelevant,Irrelevant,Irrelevant,Irrelevant,Irrelevant,Irrelevant,Irrelevant,Irrelevant,Irrelevant,Irrelevant,Irrelevant,Irrelevant,Irrelevant,Irrelevant,Irrelevant,Irrelevant,Irrelevant,Irrelevant,Irrelevant
ID1059,Low Relevance,Low Relevance,Low Relevance,Low Relevance,Low Relevance,Low Relevance,Low Relevance,Irrelevant,Irrelevant,Irrelevant,Irrelevant,Irrelevant,Irrelevant,Irrelevant,Irrelevant,Irrelevant,Irrelevant,Irrelevant,Irrelevant,Irrelevant,Irrelevant,Irrelevant,Irrelevant,Irrelevant,Irrelevant,Irrelevant,Irrelevant,Irrelevant,Irrelevant,Irrelevant
ID1060,Irrelevant,Irrelevant,Irrelevant,Irrelevant,Irrelevant,Irrelevant,Irrelevant,Irrelevant,Irrelevant,Irrelevant,Irrelevant,Irrelevant,Irrelevant,Irrelevant,Irrelevant,Irrelevant,Irrelevant,Irrelevant,Irrelevant,Irrelevant,Irrelevant,Irrelevant,Irrelevant,Irrelevant,Irrelevant,Irrelevant,Irrelevant,Irrelevant,Irrelevant,Irrelevant
ID1062,Low Relevance,Low Relevance,Irrelevant,Irrelevant,Irrelevant,Irrelevant,Irrelevant,Irrelevant,Irrelevant,Irrelevant,Irrelevant,Irrelevant,Irrelevant,Irrelevant,Irrelevant,Irrelevant,Irrelevant,Irrelevant,Irrelevant,Irrelevant,Irrelevant,Irrelevant,Irrelevant,Irrelevant,Irrelevant,Irrelevant,Irrelevant,Irrelevant,Irrelevant,Irrelevant
ID1063,Low Relevance,Irrelevant,Irrelevant,Irrelevant,Irrelevant,Irrelevant,Irrelevant,Irrelevant,Irrelevant,Irrelevant,Irrelevant,Irrelevant,Irrelevant,Irrelevant,Irrelevant,Irrelevant,Irrelevant,Irrelevant,Irrelevant,Irrelevant,Irrelevant,Irrelevant,Irrelevant,Irrelevant,Irrelevant,Irrelevant,Irrelevant,Irrelevant,Irrelevant,Irrelevant
ID1064,Low Relevance,Low Relevance,Irrelevant,Irrelevant,Irrelevant,Irrelevant,Irrelevant,Irrelevant,Irrelevant,Irrelevant,Irrelevant,Irrelevant,Irrelevant,Irrelevant,Irrelevant,Irrelevant,Irrelevant,Irrelevant,Irrelevant,Irrelevant,Irrelevant,Irrelevant,Irrelevant,Irrelevant,Irrelevant,Irrelevant,Irrelevant,Irrelevant,Irrelevant,Irrelevant
ID1065,Irrelevant,Irrelevant,Low Relevance,Low Relevance,Irrelevant,Irrelevant,Irrelevant,Irrelevant,Irrelevant,Irrelevant,Irrelevant,Irrelevant,Irrelevant,Irrelevant,Irrelevant,Irrelevant,Irrelevant,Irrelevant,Irrelevant,Irrelevant,Irrelevant,Irrelevant,Irrelevant,Irrelevant,Irrelevant,Irrelevant,Irrelevant,Irrelevant,Irrelevant,Irrelevant
ID1066,Low Relevance,Irrelevant,Irrelevant,Irrelevant,Irrelevant,Irrelevant,Irrelevant,Irrelevant,Irrelevant,Irrelevant,Irrelevant,Irrelevant,Irrelevant,Irrelevant,Irrelevant,Irrelevant,Irrelevant,Irrelevant,Irrelevant,Irrelevant,Irrelevant,Irrelevant,Irrelevant,Irrelevant,Irrelevant,Irrelevant,Irrelevant,Irrelevant,Irrelevant,Irrelevant
ID1067,Low Relevance,Irrelevant,Low Relevance,Irrelevant,Low Relevance,Irrelevant,Irrelevant,Irrelevant,Irrelevant,Irrelevant,Irrelevant,Irrelevant,Irrelevant,Irrelevant,Irrelevant,Irrelevant,Irrelevant,Irrelevant,Irrelevant,Irrelevant,Irrelevant,Irrelevant,Irrelevant,Irrelevant,Irrelevant,Irrelevant,Irrelevant,Irrelevant,Irrelevant,Irrelevant
ID1068,Low Relevance,Low Relevance,Low Relevance,Low Relevance,Low Relevance,Low Relevance,Low Relevance,Low Relevance,Low Relevance,Low Relevance,Low Relevance,Low Relevance,Irrelevant,Irrelevant,Irrelevant,Irrelevant,Irrelevant,Irrelevant,Irrelevant,Irrelevant,Irrelevant,Irrelevant,Irrelevant,Irrelevant,Irrelevant,Irrelevant,Irrelevant,Irrelevant,Irrelevant,Irrelevant
ID1070,Irrelevant,Irrelevant,Irrelevant,Irrelevant,Irrelevant,Irrelevant,Irrelevant,Irrelevant,Irrelevant,Irrelevant,Irrelevant,Irrelevant,Irrelevant,Irrelevant,Irrelevant,Irrelevant,Irrelevant,Irrelevant,Irrelevant,Irrelevant,Irrelevant,Irrelevant,Irrelevant,Irrelevant,Irrelevant,Irrelevant,Irrelevant,Irrelevant,Irrelevant,Irrelevant
ID1071,High Relevance,Low Relevance,Low Relevance,Low Relevance,Low Relevance,Low Relevance,Low Relevance,Low Relevance,Low Relevance,Low Relevance,Low Relevance,Irrelevant,Irrelevant,Irrelevant,Irrelevant,Irrelevant,Irrelevant,Irrelevant,Irrelevant,Irrelevant,Irrelevant,Irrelevant,Irrelevant,Irrelevant,Irrelevant,Irrelevant,Irrelevant,Irrelevant,Irrelevant,Irrelevant
ID1072,High Relevance,High Relevance,Low Relevance,Low Relevance,Low Relevance,Low Relevance,Irrelevant,Irrelevant,Irrelevant,Irrelevant,Irrelevant,Irrelevant,Irrelevant,Irrelevant,Irrelevant,Irrelevant,Irrelevant,Irrelevant,Irrelevant,Irrelevant,Irrelevant,Irrelevant,Irrelevant,Irrelevant,Irrelevant,Irrelevant,Irrelevant,Irrelevant,Irrelevant,Irrelevant
ID1073,Low Relevance,Irrelevant,Irrelevant,Low Relevance,Low Relevance,Low Relevance,Low Relevance,Low Relevance,Irrelevant,Low Relevance,Low Relevance,Irrelevant,Irrelevant,Irrelevant,Irrelevant,Irrelevant,Irrelevant,Irrelevant,Irrelevant,Irrelevant,Irrelevant,Irrelevant,Irrelevant,Irrelevant,Irrelevant,Irrelevant,Irrelevant,Irrelevant,Irrelevant,Irrelevant
ID1074,Irrelevant,Irrelevant,Irrelevant,Irrelevant,Irrelevant,Irrelevant,Irrelevant,Irrelevant,Irrelevant,Irrelevant,Irrelevant,Irrelevant,Irrelevant,Irrelevant,Irrelevant,Irrelevant,Irrelevant,Irrelevant,Irrelevant,Irrelevant,Irrelevant,Irrelevant,Irrelevant,Irrelevant,Irrelevant,Irrelevant,Irrelevant,Irrelevant,Irrelevant,Irrelevant
ID1075,Irrelevant,Irrelevant,Irrelevant,Irrelevant,Irrelevant,Irrelevant,Low Relevance,Irrelevant,Irrelevant,Irrelevant,Irrelevant,Irrelevant,Irrelevant,Irrelevant,Irrelevant,Irrelevant,Irrelevant,Irrelevant,Irrelevant,Irrelevant,Irrelevant,Irrelevant,Irrelevant,Irrelevant,Irrelevant,Irrelevant,Irrelevant,Irrelevant,Irrelevant,Irrelevant
ID1076,Irrelevant,Irrelevant,Irrelevant,Irrelevant,Irrelevant,Irrelevant,Irrelevant,Irrelevant,Irrelevant,Irrelevant,Irrelevant,Irrelevant,Irrelevant,Irrelevant,Irrelevant,Irrelevant,Irrelevant,Irrelevant,Irrelevant,Irrelevant,Irrelevant,Irrelevant,Irrelevant,Irrelevant,Irrelevant,Irrelevant,Irrelevant,Irrelevant,Irrelevant,Irrelevant
ID1077,Irrelevant,Irrelevant,Irrelevant,Irrelevant,Irrelevant,Irrelevant,Irrelevant,Irrelevant,Irrelevant,Irrelevant,Irrelevant,Irrelevant,Irrelevant,Irrelevant,Irrelevant,Irrelevant,Irrelevant,Irrelevant,Irrelevant,Irrelevant,Irrelevant,Irrelevant,Irrelevant,Irrelevant,Irrelevant,Irrelevant,Irrelevant,Irrelevant,Irrelevant,Irrelevant
ID1079,Low Relevance,Low Relevance,Low Relevance,Low Relevance,Low Relevance,Low Relevance,Low Relevance,Low Relevance,Low Relevance,Low Relevance,Irrelevant,Irrelevant,Irrelevant,Irrelevant,Irrelevant,Irrelevant,Irrelevant,Irrelevant,Irrelevant,Irrelevant,Irrelevant,Irrelevant,Irrelevant,Irrelevant,Irrelevant,Irrelevant,Irrelevant,Irrelevant,Irrelevant,Irrelevant
ID1080,Irrelevant,Irrelevant,Irrelevant,Irrelevant,Irrelevant,Irrelevant,Irrelevant,Irrelevant,Irrelevant,Irrelevant,Irrelevant,Irrelevant,Irrelevant,Irrelevant,Irrelevant,Irrelevant,Irrelevant,Irrelevant,Irrelevant,Irrelevant,Irrelevant,Irrelevant,Irrelevant,Irrelevant,Irrelevant,Irrelevant,Irrelevant,Irrelevant,Irrelevant,Irrelevant
ID1081,Low Relevance,Irrelevant,Irrelevant,Irrelevant,Irrelevant,High Relevance,Low Relevance,Low Relevance,Low Relevance,Irrelevant,Irrelevant,Irrelevant,Irrelevant,Irrelevant,Irrelevant,Irrelevant,Irrelevant,Irrelevant,Irrelevant,Irrelevant,Irrelevant,Irrelevant,Irrelevant,Irrelevant,Irrelevant,Irrelevant,Irrelevant,Irrelevant,Irrelevant,Irrelevant
ID1082,Low Relevance,Low Relevance,Low Relevance,Low Relevance,Low Relevance,Low Relevance,Low Relevance,Low Relevance,Low Relevance,Low Relevance,Irrelevant,Irrelevant,Irrelevant,Irrelevant,Irrelevant,Irrelevant,Irrelevant,Irrelevant,Irrelevant,Irrelevant,Irrelevant,Irrelevant,Irrelevant,Irrelevant,Irrelevant,Irrelevant,Irrelevant,Irrelevant,Irrelevant,Irrelevant
ID1084,Irrelevant,Irrelevant,Irrelevant,Irrelevant,Irrelevant,Irrelevant,Irrelevant,Irrelevant,Irrelevant,Irrelevant,Irrelevant,Irrelevant,Irrelevant,Irrelevant,Irrelevant,Irrelevant,Irrelevant,Irrelevant,Irrelevant,Irrelevant,Irrelevant,Irrelevant,Irrelevant,Irrelevant,Irrelevant,Irrelevant,Irrelevant,Irrelevant,Irrelevant,Irrelevant
ID1085,Low Relevance,Low Relevance,Low Relevance,Low Relevance,Low Relevance,Low Relevance,Irrelevant,Irrelevant,Irrelevant,Irrelevant,Irrelevant,Irrelevant,Irrelevant,Irrelevant,Irrelevant,Irrelevant,Irrelevant,Irrelevant,Irrelevant,Irrelevant,Irrelevant,Irrelevant,Irrelevant,Irrelevant,Irrelevant,Irrelevant,Irrelevant,Irrelevant,Irrelevant,Irrelevant
ID1087,Irrelevant,Irrelevant,Irrelevant,Irrelevant,Irrelevant,Low Relevance,Low Relevance,Low Relevance,Irrelevant,Irrelevant,Irrelevant,Irrelevant,Irrelevant,Irrelevant,Irrelevant,Irrelevant,Irrelevant,Irrelevant,Irrelevant,Irrelevant,Irrelevant,Irrelevant,Irrelevant,Irrelevant,Irrelevant,Irrelevant,Irrelevant,Irrelevant,Irrelevant,Irrelevant
ID1088,Low Relevance,Low Relevance,Low Relevance,Low Relevance,Irrelevant,Low Relevance,Low Relevance,Low Relevance,Low Relevance,Low Relevance,Low Relevance,Irrelevant,Irrelevant,Irrelevant,Irrelevant,Irrelevant,Irrelevant,Irrelevant,Irrelevant,Irrelevant,Irrelevant,Irrelevant,Irrelevant,Irrelevant,Irrelevant,Irrelevant,Irrelevant,Irrelevant,Irrelevant,Irrelevant
ID1089,Low Relevance,Low Relevance,Low Relevance,Low Relevance,Low Relevance,Irrelevant,Low Relevance,Low Relevance,Low Relevance,Irrelevant,Irrelevant,Irrelevant,Irrelevant,Irrelevant,Irrelevant,Irrelevant,Irrelevant,Irrelevant,Irrelevant,Irrelevant,Irrelevant,Irrelevant,Irrelevant,Irrelevant,Irrelevant,Irrelevant,Irrelevant,Irrelevant,Irrelevant,Irrelevant
ID1090,Low Relevance,Irrelevant,Irrelevant,Irrelevant,Irrelevant,Irrelevant,Irrelevant,Irrelevant,Irrelevant,Low Relevance,Irrelevant,Irrelevant,Irrelevant,Irrelevant,Irrelevant,Irrelevant,Irrelevant,Irrelevant,Irrelevant,Irrelevant,Irrelevant,Irrelevant,Irrelevant,Irrelevant,Irrelevant,Irrelevant,Irrelevant,Irrelevant,Irrelevant,Irrelevant
ID1093,Low Relevance,High Relevance,Low Relevance,Low Relevance,Low Relevance,Low Relevance,Irrelevant,Low Relevance,Low Relevance,Irrelevant,Irrelevant,Irrelevant,Irrelevant,Irrelevant,Irrelevant,Irrelevant,Irrelevant,Irrelevant,Irrelevant,Irrelevant,Irrelevant,Irrelevant,Irrelevant,Irrelevant,Irrelevant,Irrelevant,Irrelevant,Irrelevant,Irrelevant,Irrelevant
ID1098,Irrelevant,Irrelevant,Irrelevant,Irrelevant,Irrelevant,Irrelevant,Irrelevant,Irrelevant,Irrelevant,Irrelevant,Irrelevant,Irrelevant,Irrelevant,Irrelevant,Irrelevant,Irrelevant,Irrelevant,Irrelevant,Irrelevant,Irrelevant,Irrelevant,Irrelevant,Irrelevant,Irrelevant,Irrelevant,Irrelevant,Irrelevant,Irrelevant,Irrelevant,Irrelevant
ID1099,Low Relevance,Irrelevant,Irrelevant,Low Relevance,Irrelevant,Irrelevant,Irrelevant,Irrelevant,Low Relevance,Low Relevance,Irrelevant,Irrelevant,Irrelevant,Irrelevant,Irrelevant,Irrelevant,Irrelevant,Irrelevant,Irrelevant,Irrelevant,Irrelevant,Irrelevant,Irrelevant,Irrelevant,Irrelevant,Irrelevant,Irrelevant,Irrelevant,Irrelevant,Irrelevant
ID1101,Low Relevance,Low Relevance,Low Relevance,Low Relevance,Low Relevance,Low Relevance,Low Relevance,Low Relevance,Low Relevance,Low Relevance,Low Relevance,Low Relevance,Irrelevant,Irrelevant,Irrelevant,Irrelevant,Irrelevant,Irrelevant,Irrelevant,Irrelevant,Irrelevant,Irrelevant,Irrelevant,Irrelevant,Irrelevant,Irrelevant,Irrelevant,Irrelevant,Irrelevant,Irrelevant
ID1102,Low Relevance,Low Relevance,Low Relevance,Low Relevance,High Relevance,Low Relevance,Low Relevance,Low Relevance,Low Relevance,Low Relevance,Low Relevance,Low Relevance,Irrelevant,Irrelevant,Irrelevant,Irrelevant,Irrelevant,Irrelevant,Irrelevant,Irrelevant,Irrelevant,Irrelevant,Irrelevant,Irrelevant,Irrelevant,Irrelevant,Irrelevant,Irrelevant,Irrelevant,Irrelevant
ID1108,Low Relevance,Low Relevance,Low Relevance,Low Relevance,Low Relevance,Irrelevant,Irrelevant,Irrelevant,Irrelevant,Irrelevant,Irrelevant,Irrelevant,Irrelevant,Irrelevant,Irrelevant,Irrelevant,Irrelevant,Irrelevant,Irrelevant,Irrelevant,Irrelevant,Irrelevant,Irrelevant,Irrelevant,Irrelevant,Irrelevant,Irrelevant,Irrelevant,Irrelevant,Irrelevant
ID1110,Low Relevance,Low Relevance,Low Relevance,Low Relevance,Low Relevance,Low Relevance,Irrelevant,Irrelevant,Irrelevant,Irrelevant,Irrelevant,Irrelevant,Irrelevant,Irrelevant,Irrelevant,Irrelevant,Irrelevant,Irrelevant,Irrelevant,Irrelevant,Irrelevant,Irrelevant,Irrelevant,Irrelevant,Irrelevant,Irrelevant,Irrelevant,Irrelevant,Irrelevant,Irrelevant
ID1112,Low Relevance,Low Relevance,Low Relevance,Low Relevance,Low Relevance,Low Relevance,Low Relevance,Low Relevance,Low Relevance,Low Relevance,Low Relevance,Irrelevant,Irrelevant,Irrelevant,Irrelevant,Irrelevant,Irrelevant,Irrelevant,Irrelevant,Irrelevant,Irrelevant,Irrelevant,Irrelevant,Irrelevant,Irrelevant,Irrelevant,Irrelevant,Irrelevant,Irrelevant,Irrelevant
ID1113,Low Relevance,Low Relevance,Low Relevance,Low Relevance,Low Relevance,Low Relevance,Low Relevance,Low Relevance,Low Relevance,Low Relevance,Low Relevance,Irrelevant,Irrelevant,Irrelevant,Irrelevant,Irrelevant,Irrelevant,Irrelevant,Irrelevant,Irrelevant,Irrelevant,Irrelevant,Irrelevant,Irrelevant,Irrelevant,Irrelevant,Irrelevant,Irrelevant,Irrelevant,Irrelevant
ID1114,Low Relevance,Low Relevance,Low Relevance,Irrelevant,Low Relevance,Low Relevance,Low Relevance,Low Relevance,Low Relevance,Low Relevance,Low Relevance,Irrelevant,Irrelevant,Irrelevant,Irrelevant,Irrelevant,Irrelevant,Irrelevant,Irrelevant,Irrelevant,Irrelevant,Irrelevant,Irrelevant,Irrelevant,Irrelevant,Irrelevant,Irrelevant,Irrelevant,Irrelevant,Irrelevant
ID1116,Irrelevant,Irrelevant,High Relevance,Irrelevant,Irrelevant,Irrelevant,Irrelevant,Irrelevant,Irrelevant,Irrelevant,Irrelevant,Irrelevant,Irrelevant,Irrelevant,Irrelevant,Irrelevant,Irrelevant,Irrelevant,Irrelevant,Irrelevant,Irrelevant,Irrelevant,Irrelevant,Irrelevant,Irrelevant,Irrelevant,Irrelevant,Irrelevant,Irrelevant,Irrelevant
ID1117,Low Relevance,Irrelevant,Irrelevant,Low Relevance,Irrelevant,Irrelevant,Irrelevant,Irrelevant,Irrelevant,Irrelevant,Irrelevant,Irrelevant,Irrelevant,Irrelevant,Irrelevant,Irrelevant,Irrelevant,Irrelevant,Irrelevant,Irrelevant,Irrelevant,Irrelevant,Irrelevant,Irrelevant,Irrelevant,Irrelevant,Irrelevant,Irrelevant,Irrelevant,Irrelevant
ID1118,Low Relevance,Low Relevance,Low Relevance,Low Relevance,Low Relevance,Low Relevance,Low Relevance,Low Relevance,Low Relevance,Low Relevance,Low Relevance,Low Relevance,Irrelevant,Irrelevant,Irrelevant,Irrelevant,Irrelevant,Irrelevant,Irrelevant,Irrelevant,Irrelevant,Irrelevant,Irrelevant,Irrelevant,Irrelevant,Irrelevant,Irrelevant,Irrelevant,Irrelevant,Irrelevant
ID1119,Low Relevance,Low Relevance,Low Relevance,Low Relevance,Low Relevance,Low Relevance,Low Relevance,Low Relevance,Low Relevance,Low Relevance,Irrelevant,Irrelevant,Irrelevant,Irrelevant,Irrelevant,Irrelevant,Irrelevant,Irrelevant,Irrelevant,Irrelevant,Irrelevant,Irrelevant,Irrelevant,Irrelevant,Irrelevant,Irrelevant,Irrelevant,Irrelevant,Irrelevant,Irrelevant
ID1121,Low Relevance,Low Relevance,Low Relevance,Low Relevance,Low Relevance,Low Relevance,Low Relevance,Low Relevance,Low Relevance,Low Relevance,Irrelevant,Irrelevant,Irrelevant,Irrelevant,Irrelevant,Irrelevant,Irrelevant,Irrelevant,Irrelevant,Irrelevant,Irrelevant,Irrelevant,Irrelevant,Irrelevant,Irrelevant,Irrelevant,Irrelevant,Irrelevant,Irrelevant,Irrelevant
ID1123,Irrelevant,Irrelevant,Irrelevant,Irrelevant,Irrelevant,Irrelevant,Irrelevant,Irrelevant,Irrelevant,Irrelevant,Irrelevant,Irrelevant,Irrelevant,Irrelevant,Irrelevant,Irrelevant,Irrelevant,Irrelevant,Irrelevant,Irrelevant,Irrelevant,Irrelevant,Irrelevant,Irrelevant,Irrelevant,Irrelevant,Irrelevant,Irrelevant,Irrelevant,Irrelevant
ID1125,Low Relevance,High Relevance,Low Relevance,Irrelevant,Low Relevance,Irrelevant,Irrelevant,Irrelevant,Irrelevant,Irrelevant,Irrelevant,Irrelevant,Irrelevant,Irrelevant,Irrelevant,Irrelevant,Irrelevant,Irrelevant,Irrelevant,Irrelevant,Irrelevant,Irrelevant,Irrelevant,Irrelevant,Irrelevant,Irrelevant,Irrelevant,Irrelevant,Irrelevant,Irrelevant
ID1127,Low Relevance,Irrelevant,Irrelevant,Irrelevant,Irrelevant,Irrelevant,Irrelevant,Irrelevant,Irrelevant,Irrelevant,Irrelevant,Irrelevant,Irrelevant,Irrelevant,Irrelevant,Irrelevant,Irrelevant,Irrelevant,Irrelevant,Irrelevant,Irrelevant,Irrelevant,Irrelevant,Irrelevant,Irrelevant,Irrelevant,Irrelevant,Irrelevant,Irrelevant,Irrelevant
ID1129,Low Relevance,Low Relevance,Low Relevance,Low Relevance,Low Relevance,Low Relevance,Low Relevance,High Relevance,Low Relevance,Low Relevance,Irrelevant,Irrelevant,Irrelevant,Irrelevant,Irrelevant,Irrelevant,Irrelevant,Irrelevant,Irrelevant,Irrelevant,Irrelevant,Irrelevant,Irrelevant,Irrelevant,Irrelevant,Irrelevant,Irrelevant,Irrelevant,Irrelevant,Irrelevant
ID1130,Low Relevance,Irrelevant,Irrelevant,Irrelevant,Irrelevant,Irrelevant,Irrelevant,Irrelevant,Irrelevant,Irrelevant,Irrelevant,Irrelevant,Irrelevant,Irrelevant,Irrelevant,Irrelevant,Irrelevant,Irrelevant,Irrelevant,Irrelevant,Irrelevant,Irrelevant,Irrelevant,Irrelevant,Irrelevant,Irrelevant,Irrelevant,Irrelevant,Irrelevant,Irrelevant
ID1131,Low Relevance,Low Relevance,Low Relevance,Low Relevance,Low Relevance,Low Relevance,Low Relevance,Low Relevance,Low Relevance,Low Relevance,Low Relevance,Low Relevance,Irrelevant,Irrelevant,Irrelevant,Irrelevant,Irrelevant,Irrelevant,Irrelevant,Irrelevant,Irrelevant,Irrelevant,Irrelevant,Irrelevant,Irrelevant,Irrelevant,Irrelevant,Irrelevant,Irrelevant,Irrelevant
ID1132,Low Relevance,Low Relevance,Low Relevance,Low Relevance,Low Relevance,Low Relevance,Low Relevance,Low Relevance,Low Relevance,Low Relevance,Low Relevance,Low Relevance,Irrelevant,Irrelevant,Irrelevant,Irrelevant,Irrelevant,Irrelevant,Irrelevant,Irrelevant,Irrelevant,Irrelevant,Irrelevant,Irrelevant,Irrelevant,Irrelevant,Irrelevant,Irrelevant,Irrelevant,Irrelevant
ID1135,Low Relevance,Low Relevance,Low Relevance,Low Relevance,Low Relevance,Irrelevant,Low Relevance,Low Relevance,Low Relevance,Low Relevance,Irrelevant,Irrelevant,Irrelevant,Irrelevant,Irrelevant,Irrelevant,Irrelevant,Irrelevant,Irrelevant,Irrelevant,Irrelevant,Irrelevant,Irrelevant,Irrelevant,Irrelevant,Irrelevant,Irrelevant,Irrelevant,Irrelevant,Irrelevant
ID1137,Low Relevance,Low Relevance,Low Relevance,Low Relevance,Low Relevance,Low Relevance,Low Relevance,Low Relevance,Low Relevance,Irrelevant,Irrelevant,Irrelevant,Irrelevant,Irrelevant,Irrelevant,Irrelevant,Irrelevant,Irrelevant,Irrelevant,Irrelevant,Irrelevant,Irrelevant,Irrelevant,Irrelevant,Irrelevant,Irrelevant,Irrelevant,Irrelevant,Irrelevant,Irrelevant
ID1138,Low Relevance,Low Relevance,Low Relevance,Low Relevance,Low Relevance,Low Relevance,Low Relevance,Low Relevance,Low Relevance,Low Relevance,Low Relevance,Low Relevance,Irrelevant,Irrelevant,Irrelevant,Irrelevant,Irrelevant,Irrelevant,Irrelevant,Irrelevant,Irrelevant,Irrelevant,Irrelevant,Irrelevant,Irrelevant,Irrelevant,Irrelevant,Irrelevant,Irrelevant,Irrelevant
ID1139,Irrelevant,Irrelevant,Irrelevant,Irrelevant,Irrelevant,Irrelevant,Irrelevant,Irrelevant,Irrelevant,Irrelevant,Irrelevant,Irrelevant,Irrelevant,Irrelevant,Irrelevant,Irrelevant,Irrelevant,Irrelevant,Irrelevant,Irrelevant,Irrelevant,Irrelevant,Irrelevant,Irrelevant,Irrelevant,Irrelevant,Irrelevant,Irrelevant,Irrelevant,Irrelevant
ID1140,Low Relevance,Irrelevant,Irrelevant,Irrelevant,Irrelevant,Irrelevant,Irrelevant,Irrelevant,Irrelevant,Irrelevant,Irrelevant,Irrelevant,Irrelevant,Irrelevant,Irrelevant,Irrelevant,Irrelevant,Irrelevant,Irrelevant,Irrelevant,Irrelevant,Irrelevant,Irrelevant,Irrelevant,Irrelevant,Irrelevant,Irrelevant,Irrelevant,Irrelevant,Irrelevant
ID1141,Irrelevant,Irrelevant,Irrelevant,Irrelevant,Irrelevant,Irrelevant,Irrelevant,Irrelevant,Irrelevant,Irrelevant,Irrelevant,Irrelevant,Irrelevant,Irrelevant,Irrelevant,Irrelevant,Irrelevant,Irrelevant,Irrelevant,Irrelevant,Irrelevant,Irrelevant,Irrelevant,Irrelevant,Irrelevant,Irrelevant,Irrelevant,Irrelevant,Irrelevant,Irrelevant
ID1142,Low Relevance,Irrelevant,Irrelevant,Irrelevant,Irrelevant,High Relevance,Irrelevant,Irrelevant,Irrelevant,Low Relevance,Irrelevant,Irrelevant,Irrelevant,Irrelevant,Irrelevant,Irrelevant,Irrelevant,Irrelevant,Irrelevant,Irrelevant,Irrelevant,Irrelevant,Irrelevant,Irrelevant,Irrelevant,Irrelevant,Irrelevant,Irrelevant,Irrelevant,Irrelevant
ID1146,Low Relevance,Irrelevant,Low Relevance,Low Relevance,Low Relevance,Low Relevance,Low Relevance,Irrelevant,Irrelevant,Irrelevant,Irrelevant,Irrelevant,Irrelevant,Irrelevant,Irrelevant,Irrelevant,Irrelevant,Irrelevant,Irrelevant,Irrelevant,Irrelevant,Irrelevant,Irrelevant,Irrelevant,Irrelevant,Irrelevant,Irrelevant,Irrelevant,Irrelevant,Irrelevant
ID1147,Low Relevance,Low Relevance,Low Relevance,Low Relevance,Low Relevance,Low Relevance,Irrelevant,Irrelevant,Irrelevant,Irrelevant,Irrelevant,Irrelevant,Irrelevant,Irrelevant,Irrelevant,Irrelevant,Irrelevant,Irrelevant,Irrelevant,Irrelevant,Irrelevant,Irrelevant,Irrelevant,Irrelevant,Irrelevant,Irrelevant,Irrelevant,Irrelevant,Irrelevant,Irrelevant
ID1148,Low Relevance,Irrelevant,Irrelevant,Irrelevant,Irrelevant,Low Relevance,Irrelevant,Irrelevant,Irrelevant,Irrelevant,Low Relevance,Low Relevance,Low Relevance,Irrelevant,Irrelevant,Irrelevant,Irrelevant,Irrelevant,Irrelevant,Irrelevant,Irrelevant,Irrelevant,Irrelevant,Irrelevant,Irrelevant,Irrelevant,Irrelevant,Irrelevant,Irrelevant,Irrelevant
ID1149,Low Relevance,Low Relevance,Low Relevance,Low Relevance,Low Relevance,Low Relevance,Low Relevance,Low Relevance,Low Relevance,Irrelevant,Irrelevant,Irrelevant,Irrelevant,Irrelevant,Irrelevant,Irrelevant,Irrelevant,Irrelevant,Irrelevant,Irrelevant,Irrelevant,Irrelevant,Irrelevant,Irrelevant,Irrelevant,Irrelevant,Irrelevant,Irrelevant,Irrelevant,Irrelevant
ID1150,Low Relevance,Low Relevance,Low Relevance,Low Relevance,Low Relevance,Low Relevance,Low Relevance,Low Relevance,Low Relevance,Low Relevance,Low Relevance,Low Relevance,Irrelevant,Irrelevant,Irrelevant,Irrelevant,Irrelevant,Irrelevant,Irrelevant,Irrelevant,Irrelevant,Irrelevant,Irrelevant,Irrelevant,Irrelevant,Irrelevant,Irrelevant,Irrelevant,Irrelevant,Irrelevant
ID1151,Low Relevance,Irrelevant,Irrelevant,Irrelevant,Irrelevant,Irrelevant,Irrelevant,Irrelevant,Irrelevant,Irrelevant,Irrelevant,Irrelevant,Irrelevant,Irrelevant,Irrelevant,Irrelevant,Irrelevant,Irrelevant,Irrelevant,Irrelevant,Irrelevant,Irrelevant,Irrelevant,Irrelevant,Irrelevant,Irrelevant,Irrelevant,Irrelevant,Irrelevant,Irrelevant
ID1152,Low Relevance,Irrelevant,Irrelevant,Irrelevant,Irrelevant,Irrelevant,Irrelevant,Irrelevant,Irrelevant,Irrelevant,Irrelevant,Irrelevant,Irrelevant,Irrelevant,Irrelevant,Irrelevant,Irrelevant,Irrelevant,Irrelevant,Irrelevant,Irrelevant,Irrelevant,Irrelevant,Irrelevant,Irrelevant,Irrelevant,Irrelevant,Irrelevant,Irrelevant,Irrelevant
ID1153,Low Relevance,Low Relevance,Low Relevance,Low Relevance,Low Relevance,Low Relevance,Low Relevance,Low Relevance,High Relevance,Irrelevant,Irrelevant,Irrelevant,Irrelevant,Irrelevant,Irrelevant,Irrelevant,Irrelevant,Irrelevant,Irrelevant,Irrelevant,Irrelevant,Irrelevant,Irrelevant,Irrelevant,Irrelevant,Irrelevant,Irrelevant,Irrelevant,Irrelevant,Irrelevant
ID1154,Irrelevant,Irrelevant,Irrelevant,Irrelevant,Irrelevant,Irrelevant,Irrelevant,Irrelevant,Irrelevant,Irrelevant,Irrelevant,Irrelevant,Irrelevant,Irrelevant,Irrelevant,Irrelevant,Irrelevant,Irrelevant,Irrelevant,Irrelevant,Irrelevant,Irrelevant,Irrelevant,Irrelevant,Irrelevant,Irrelevant,Irrelevant,Irrelevant,Irrelevant,Irrelevant
ID1155,Low Relevance,Low Relevance,Low Relevance,Low Relevance,Low Relevance,Low Relevance,Low Relevance,Low Relevance,Low Relevance,Irrelevant,Irrelevant,Irrelevant,Irrelevant,Irrelevant,Irrelevant,Irrelevant,Irrelevant,Irrelevant,Irrelevant,Irrelevant,Irrelevant,Irrelevant,Irrelevant,Irrelevant,Irrelevant,Irrelevant,Irrelevant,Irrelevant,Irrelevant,Irrelevant
ID1157,Low Relevance,Low Relevance,Low Relevance,Low Relevance,Low Relevance,Low Relevance,Low Relevance,Low Relevance,Low Relevance,Low Relevance,Low Relevance,Irrelevant,Irrelevant,Irrelevant,Irrelevant,Irrelevant,Irrelevant,Irrelevant,Irrelevant,Irrelevant,Irrelevant,Irrelevant,Irrelevant,Irrelevant,Irrelevant,Irrelevant,Irrelevant,Irrelevant,Irrelevant,Irrelevant
ID1158,Irrelevant,Irrelevant,Irrelevant,Irrelevant,Irrelevant,Irrelevant,Irrelevant,Irrelevant,Irrelevant,Irrelevant,Irrelevant,Irrelevant,Irrelevant,Irrelevant,Irrelevant,Irrelevant,Irrelevant,Irrelevant,Irrelevant,Irrelevant,Irrelevant,Irrelevant,Irrelevant,Irrelevant,Irrelevant,Irrelevant,Irrelevant,Irrelevant,Irrelevant,Irrelevant
ID1160,Irrelevant,Irrelevant,Irrelevant,Irrelevant,Irrelevant,Irrelevant,Irrelevant,Irrelevant,Irrelevant,Irrelevant,Irrelevant,Irrelevant,Irrelevant,Irrelevant,Irrelevant,Irrelevant,Irrelevant,Irrelevant,Irrelevant,Irrelevant,Irrelevant,Irrelevant,Irrelevant,Irrelevant,Irrelevant,Irrelevant,Irrelevant,Irrelevant,Irrelevant,Irrelevant
ID1161,Low Relevance,Irrelevant,Irrelevant,Irrelevant,Irrelevant,Irrelevant,Irrelevant,Irrelevant,Irrelevant,Irrelevant,Irrelevant,Irrelevant,Irrelevant,Irrelevant,Irrelevant,Irrelevant,Irrelevant,Irrelevant,Irrelevant,Irrelevant,Irrelevant,Irrelevant,Irrelevant,Irrelevant,Irrelevant,Irrelevant,Irrelevant,Irrelevant,Irrelevant,Irrelevant
ID1162,Irrelevant,Irrelevant,Irrelevant,Irrelevant,Irrelevant,Irrelevant,Irrelevant,Irrelevant,Irrelevant,Irrelevant,Irrelevant,Irrelevant,Irrelevant,Irrelevant,Irrelevant,Irrelevant,Irrelevant,Irrelevant,Irrelevant,Irrelevant,Irrelevant,Irrelevant,Irrelevant,Irrelevant,Irrelevant,Irrelevant,Irrelevant,Irrelevant,Irrelevant,Irrelevant
ID1163,Low Relevance,High Relevance,Low Relevance,Low Relevance,High Relevance,High Relevance,Low Relevance,Low Relevance,High Relevance,Irrelevant,Irrelevant,Irrelevant,Irrelevant,Irrelevant,Irrelevant,Irrelevant,Irrelevant,Irrelevant,Irrelevant,Irrelevant,Irrelevant,Irrelevant,Irrelevant,Irrelevant,Irrelevant,Irrelevant,Irrelevant,Irrelevant,Irrelevant,Irrelevant
ID1164,Irrelevant,Irrelevant,Irrelevant,Irrelevant,Irrelevant,Irrelevant,Irrelevant,Irrelevant,Irrelevant,Irrelevant,Irrelevant,Irrelevant,Irrelevant,Irrelevant,Irrelevant,Irrelevant,Irrelevant,Irrelevant,Irrelevant,Irrelevant,Irrelevant,Irrelevant,Irrelevant,Irrelevant,Irrelevant,Irrelevant,Irrelevant,Irrelevant,Irrelevant,Irrelevant
ID1166,Low Relevance,Irrelevant,Irrelevant,Irrelevant,Irrelevant,Irrelevant,Irrelevant,Irrelevant,Irrelevant,Irrelevant,Irrelevant,Irrelevant,Irrelevant,Irrelevant,Irrelevant,Irrelevant,Irrelevant,Irrelevant,Irrelevant,Irrelevant,Irrelevant,Irrelevant,Irrelevant,Irrelevant,Irrelevant,Irrelevant,Irrelevant,Irrelevant,Irrelevant,Irrelevant
ID1167,Irrelevant,Irrelevant,Irrelevant,Irrelevant,Irrelevant,Irrelevant,Irrelevant,Irrelevant,Irrelevant,Irrelevant,Irrelevant,Irrelevant,Irrelevant,Irrelevant,Irrelevant,Irrelevant,Irrelevant,Irrelevant,Irrelevant,Irrelevant,Irrelevant,Irrelevant,Irrelevant,Irrelevant,Irrelevant,Irrelevant,Irrelevant,Irrelevant,Irrelevant,Irrelevant
ID1170,Low Relevance,Low Relevance,Low Relevance,Low Relevance,Low Relevance,Low Relevance,Low Relevance,Low Relevance,Low Relevance,Low Relevance,Low Relevance,Irrelevant,Irrelevant,Irrelevant,Irrelevant,Irrelevant,Irrelevant,Irrelevant,Irrelevant,Irrelevant,Irrelevant,Irrelevant,Irrelevant,Irrelevant,Irrelevant,Irrelevant,Irrelevant,Irrelevant,Irrelevant,Irrelevant
ID1171,Low Relevance,Low Relevance,Irrelevant,Low Relevance,Low Relevance,Low Relevance,Low Relevance,Low Relevance,Low Relevance,Irrelevant,Irrelevant,Irrelevant,Irrelevant,Irrelevant,Irrelevant,Irrelevant,Irrelevant,Irrelevant,Irrelevant,Irrelevant,Irrelevant,Irrelevant,Irrelevant,Irrelevant,Irrelevant,Irrelevant,Irrelevant,Irrelevant,Irrelevant,Irrelevant
ID1172,Low Relevance,Irrelevant,Low Relevance,Low Relevance,Irrelevant,Irrelevant,Irrelevant,Irrelevant,Irrelevant,Irrelevant,Irrelevant,Irrelevant,Irrelevant,Irrelevant,Irrelevant,Irrelevant,Irrelevant,Irrelevant,Irrelevant,Irrelevant,Irrelevant,Irrelevant,Irrelevant,Irrelevant,Irrelevant,Irrelevant,Irrelevant,Irrelevant,Irrelevant,Irrelevant
ID1174,Irrelevant,Irrelevant,Irrelevant,Irrelevant,Irrelevant,Irrelevant,Irrelevant,Irrelevant,Irrelevant,Irrelevant,Irrelevant,Irrelevant,Irrelevant,Irrelevant,Irrelevant,Irrelevant,Irrelevant,Irrelevant,Irrelevant,Irrelevant,Irrelevant,Irrelevant,Irrelevant,Irrelevant,Irrelevant,Irrelevant,Irrelevant,Irrelevant,Irrelevant,Irrelevant
ID1175,Irrelevant,Irrelevant,Irrelevant,Irrelevant,Irrelevant,Irrelevant,Irrelevant,Irrelevant,Irrelevant,Irrelevant,Irrelevant,Irrelevant,Irrelevant,Irrelevant,Irrelevant,Irrelevant,Irrelevant,Irrelevant,Irrelevant,Irrelevant,Irrelevant,Irrelevant,Irrelevant,Irrelevant,Irrelevant,Irrelevant,Irrelevant,Irrelevant,Irrelevant,Irrelevant
ID1176,Low Relevance,Irrelevant,Irrelevant,Irrelevant,Low Relevance,Low Relevance,Irrelevant,Irrelevant,Irrelevant,Irrelevant,Irrelevant,Irrelevant,Irrelevant,Irrelevant,Irrelevant,Irrelevant,Irrelevant,Irrelevant,Irrelevant,Irrelevant,Irrelevant,Irrelevant,Irrelevant,Irrelevant,Irrelevant,Irrelevant,Irrelevant,Irrelevant,Irrelevant,Irrelevant
ID1178,Low Relevance,Low Relevance,Low Relevance,Low Relevance,Low Relevance,Low Relevance,Low Relevance,Low Relevance,Low Relevance,Low Relevance,Low Relevance,Low Relevance,Irrelevant,Irrelevant,Irrelevant,Irrelevant,Irrelevant,Irrelevant,Irrelevant,Irrelevant,Irrelevant,Irrelevant,Irrelevant,Irrelevant,Irrelevant,Irrelevant,Irrelevant,Irrelevant,Irrelevant,Irrelevant
ID1179,Irrelevant,Irrelevant,Irrelevant,Irrelevant,Irrelevant,Irrelevant,Irrelevant,Irrelevant,Irrelevant,Irrelevant,Irrelevant,Irrelevant,Irrelevant,Irrelevant,Irrelevant,Irrelevant,Irrelevant,Irrelevant,Irrelevant,Irrelevant,Irrelevant,Irrelevant,Irrelevant,Irrelevant,Irrelevant,Irrelevant,Irrelevant,Irrelevant,Irrelevant,Irrelevant
ID1180,Low Relevance,Irrelevant,Irrelevant,Irrelevant,Irrelevant,Irrelevant,Irrelevant,Irrelevant,Irrelevant,Irrelevant,Irrelevant,Irrelevant,Irrelevant,Irrelevant,Irrelevant,Irrelevant,Irrelevant,Irrelevant,Irrelevant,Irrelevant,Irrelevant,Irrelevant,Irrelevant,Irrelevant,Irrelevant,Irrelevant,Irrelevant,Irrelevant,Irrelevant,Irrelevant
ID1181,Irrelevant,Low Relevance,Low Relevance,Irrelevant,Irrelevant,Irrelevant,Irrelevant,Irrelevant,Irrelevant,Irrelevant,Irrelevant,Irrelevant,Irrelevant,Irrelevant,Irrelevant,Irrelevant,Irrelevant,Irrelevant,Irrelevant,Irrelevant,Irrelevant,Irrelevant,Irrelevant,Irrelevant,Irrelevant,Irrelevant,Irrelevant,Irrelevant,Irrelevant,Irrelevant
ID1182,Low Relevance,Low Relevance,Low Relevance,Low Relevance,Low Relevance,Low Relevance,Low Relevance,Low Relevance,Low Relevance,Irrelevant,Irrelevant,Irrelevant,Irrelevant,Irrelevant,Irrelevant,Irrelevant,Irrelevant,Irrelevant,Irrelevant,Irrelevant,Irrelevant,Irrelevant,Irrelevant,Irrelevant,Irrelevant,Irrelevant,Irrelevant,Irrelevant,Irrelevant,Irrelevant
ID1183,Low Relevance,Low Relevance,Low Relevance,Low Relevance,Low Relevance,Low Relevance,Low Relevance,Low Relevance,Low Relevance,Low Relevance,Low Relevance,Low Relevance,Irrelevant,Irrelevant,Irrelevant,Irrelevant,Irrelevant,Irrelevant,Irrelevant,Irrelevant,Irrelevant,Irrelevant,Irrelevant,Irrelevant,Irrelevant,Irrelevant,Irrelevant,Irrelevant,Irrelevant,Irrelevant
ID1184,Low Relevance,Irrelevant,Low Relevance,Low Relevance,Irrelevant,Low Relevance,Irrelevant,Low Relevance,Irrelevant,Irrelevant,Irrelevant,Irrelevant,Irrelevant,Irrelevant,Irrelevant,Irrelevant,Irrelevant,Irrelevant,Irrelevant,Irrelevant,Irrelevant,Irrelevant,Irrelevant,Irrelevant,Irrelevant,Irrelevant,Irrelevant,Irrelevant,Irrelevant,Irrelevant
ID1185,Low Relevance,Low Relevance,Low Relevance,Low Relevance,Low Relevance,Low Relevance,Low Relevance,Low Relevance,Low Relevance,Irrelevant,Irrelevant,Irrelevant,Irrelevant,Irrelevant,Irrelevant,Irrelevant,Irrelevant,Irrelevant,Irrelevant,Irrelevant,Irrelevant,Irrelevant,Irrelevant,Irrelevant,Irrelevant,Irrelevant,Irrelevant,Irrelevant,Irrelevant,Irrelevant
ID1187,Low Relevance,Low Relevance,Low Relevance,Low Relevance,Low Relevance,Low Relevance,Low Relevance,Low Relevance,Low Relevance,Low Relevance,Low Relevance,Low Relevance,Irrelevant,Irrelevant,Irrelevant,Irrelevant,Irrelevant,Irrelevant,Irrelevant,Irrelevant,Irrelevant,Irrelevant,Irrelevant,Irrelevant,Irrelevant,Irrelevant,Irrelevant,Irrelevant,Irrelevant,Irrelevant
ID1189,Low Relevance,Low Relevance,Low Relevance,Low Relevance,Low Relevance,Low Relevance,Irrelevant,Irrelevant,Irrelevant,Irrelevant,Irrelevant,Irrelevant,Irrelevant,Irrelevant,Irrelevant,Irrelevant,Irrelevant,Irrelevant,Irrelevant,Irrelevant,Irrelevant,Irrelevant,Irrelevant,Irrelevant,Irrelevant,Irrelevant,Irrelevant,Irrelevant,Irrelevant,Irrelevant
ID1190,Low Relevance,Irrelevant,Irrelevant,Irrelevant,Irrelevant,Irrelevant,Irrelevant,Irrelevant,Irrelevant,Irrelevant,Irrelevant,Irrelevant,Irrelevant,Irrelevant,Irrelevant,Irrelevant,Irrelevant,Irrelevant,Irrelevant,Irrelevant,Irrelevant,Irrelevant,Irrelevant,Irrelevant,Irrelevant,Irrelevant,Irrelevant,Irrelevant,Irrelevant,Irrelevant
ID1193,Low Relevance,Irrelevant,High Relevance,Irrelevant,Irrelevant,Irrelevant,Irrelevant,Irrelevant,Irrelevant,Irrelevant,Irrelevant,Irrelevant,Irrelevant,Irrelevant,Irrelevant,Irrelevant,Irrelevant,Irrelevant,Irrelevant,Irrelevant,Irrelevant,Irrelevant,Irrelevant,Irrelevant,Irrelevant,Irrelevant,Irrelevant,Irrelevant,Irrelevant,Irrelevant
ID1194,Irrelevant,Low Relevance,Irrelevant,Irrelevant,Irrelevant,Irrelevant,Irrelevant,Irrelevant,Irrelevant,Irrelevant,Irrelevant,Irrelevant,Irrelevant,Irrelevant,Irrelevant,Irrelevant,Irrelevant,Irrelevant,Irrelevant,Irrelevant,Irrelevant,Irrelevant,Irrelevant,Irrelevant,Irrelevant,Irrelevant,Irrelevant,Irrelevant,Irrelevant,Irrelevant
ID1197,Low Relevance,Low Relevance,Low Relevance,Low Relevance,Low Relevance,Low Relevance,Irrelevant,Irrelevant,Irrelevant,Irrelevant,Irrelevant,Irrelevant,Irrelevant,Irrelevant,Irrelevant,Irrelevant,Irrelevant,Irrelevant,Irrelevant,Irrelevant,Irrelevant,Irrelevant,Irrelevant,Irrelevant,Irrelevant,Irrelevant,Irrelevant,Irrelevant,Irrelevant,Irrelevant
ID1198,Low Relevance,Low Relevance,Low Relevance,Low Relevance,Low Relevance,Low Relevance,Low Relevance,Low Relevance,Low Relevance,Low Relevance,Irrelevant,Irrelevant,Irrelevant,Irrelevant,Irrelevant,Irrelevant,Irrelevant,Irrelevant,Irrelevant,Irrelevant,Irrelevant,Irrelevant,Irrelevant,Irrelevant,Irrelevant,Irrelevant,Irrelevant,Irrelevant,Irrelevant,Irrelevant
ID1199,Low Relevance,Irrelevant,Irrelevant,Irrelevant,Irrelevant,Irrelevant,Irrelevant,Irrelevant,Irrelevant,Irrelevant,Irrelevant,Irrelevant,Irrelevant,Irrelevant,Irrelevant,Irrelevant,Irrelevant,Irrelevant,Irrelevant,Irrelevant,Irrelevant,Irrelevant,Irrelevant,Irrelevant,Irrelevant,Irrelevant,Irrelevant,Irrelevant,Irrelevant,Irrelevant
ID1200,Low Relevance,Low Relevance,Low Relevance,Low Relevance,Low Relevance,Irrelevant,Low Relevance,Low Relevance,Low Relevance,Low Relevance,Irrelevant,Irrelevant,Irrelevant,Irrelevant,Irrelevant,Irrelevant,Irrelevant,Irrelevant,Irrelevant,Irrelevant,Irrelevant,Irrelevant,Irrelevant,Irrelevant,Irrelevant,Irrelevant,Irrelevant,Irrelevant,Irrelevant,Irrelevant
ID1201,Low Relevance,Low Relevance,Low Relevance,Low Relevance,Low Relevance,Low Relevance,Low Relevance,Low Relevance,Low Relevance,Low Relevance,Low Relevance,Low Relevance,Irrelevant,Irrelevant,Irrelevant,Irrelevant,Irrelevant,Irrelevant,Irrelevant,Irrelevant,Irrelevant,Irrelevant,Irrelevant,Irrelevant,Irrelevant,Irrelevant,Irrelevant,Irrelevant,Irrelevant,Irrelevant
ID1202,Irrelevant,Irrelevant,Irrelevant,Irrelevant,Irrelevant,Irrelevant,Irrelevant,Irrelevant,Irrelevant,Irrelevant,Irrelevant,Irrelevant,Irrelevant,Irrelevant,Irrelevant,Irrelevant,Irrelevant,Irrelevant,Irrelevant,Irrelevant,Irrelevant,Irrelevant,Irrelevant,Irrelevant,Irrelevant,Irrelevant,Irrelevant,Irrelevant,Irrelevant,Irrelevant
ID1204,Low Relevance,Irrelevant,Irrelevant,Low Relevance,Irrelevant,High Relevance,Irrelevant,Irrelevant,Irrelevant,Irrelevant,Irrelevant,Irrelevant,Irrelevant,Irrelevant,Irrelevant,Irrelevant,Irrelevant,Irrelevant,Irrelevant,Irrelevant,Irrelevant,Irrelevant,Irrelevant,Irrelevant,Irrelevant,Irrelevant,Irrelevant,Irrelevant,Irrelevant,Irrelevant
ID1206,Low Relevance,Low Relevance,Low Relevance,Low Relevance,Low Relevance,Low Relevance,Low Relevance,Low Relevance,Low Relevance,Low Relevance,Low Relevance,Low Relevance,Irrelevant,Irrelevant,Irrelevant,Irrelevant,Irrelevant,Irrelevant,Irrelevant,Irrelevant,Irrelevant,Irrelevant,Irrelevant,Irrelevant,Irrelevant,Irrelevant,Irrelevant,Irrelevant,Irrelevant,Irrelevant
ID1207,High Relevance,Irrelevant,Irrelevant,Irrelevant,Irrelevant,Irrelevant,Irrelevant,Irrelevant,Irrelevant,Irrelevant,Irrelevant,Irrelevant,Irrelevant,Irrelevant,Irrelevant,Irrelevant,Irrelevant,Irrelevant,Irrelevant,Irrelevant,Irrelevant,Irrelevant,Irrelevant,Irrelevant,Irrelevant,Irrelevant,Irrelevant,Irrelevant,Irrelevant,Irrelevant
ID1208,Low Relevance,Irrelevant,Irrelevant,Irrelevant,Irrelevant,Irrelevant,Irrelevant,Irrelevant,Irrelevant,Irrelevant,Irrelevant,Irrelevant,Irrelevant,Irrelevant,Irrelevant,Irrelevant,Irrelevant,Irrelevant,Irrelevant,Irrelevant,Irrelevant,Irrelevant,Irrelevant,Irrelevant,Irrelevant,Irrelevant,Irrelevant,Irrelevant,Irrelevant,Irrelevant
ID1209,Low Relevance,Low Relevance,Low Relevance,Irrelevant,Irrelevant,Irrelevant,Irrelevant,Irrelevant,Irrelevant,Irrelevant,Irrelevant,Irrelevant,Irrelevant,Irrelevant,Irrelevant,Irrelevant,Irrelevant,Irrelevant,Irrelevant,Irrelevant,Irrelevant,Irrelevant,Irrelevant,Irrelevant,Irrelevant,Irrelevant,Irrelevant,Irrelevant,Irrelevant,Irrelevant
ID1212,Low Relevance,Irrelevant,Irrelevant,Irrelevant,Irrelevant,Irrelevant,Irrelevant,Irrelevant,Irrelevant,Irrelevant,Irrelevant,Irrelevant,Irrelevant,Irrelevant,Irrelevant,Irrelevant,Irrelevant,Irrelevant,Irrelevant,Irrelevant,Irrelevant,Irrelevant,Irrelevant,Irrelevant,Irrelevant,Irrelevant,Irrelevant,Irrelevant,Irrelevant,Irrelevant
ID1214,Irrelevant,Irrelevant,Irrelevant,Irrelevant,Irrelevant,Irrelevant,Irrelevant,Irrelevant,Irrelevant,Irrelevant,Irrelevant,Irrelevant,Irrelevant,Irrelevant,Irrelevant,Irrelevant,Irrelevant,Irrelevant,Irrelevant,Irrelevant,Irrelevant,Irrelevant,Irrelevant,Irrelevant,Irrelevant,Irrelevant,Irrelevant,Irrelevant,Irrelevant,Irrelevant
ID1215,Irrelevant,Irrelevant,Irrelevant,Irrelevant,Irrelevant,Irrelevant,Irrelevant,Irrelevant,Irrelevant,Irrelevant,Irrelevant,Irrelevant,Irrelevant,Irrelevant,Irrelevant,Irrelevant,Irrelevant,Irrelevant,Irrelevant,Irrelevant,Irrelevant,Irrelevant,Irrelevant,Irrelevant,Irrelevant,Irrelevant,Irrelevant,Irrelevant,Irrelevant,Irrelevant
ID1216,Irrelevant,Irrelevant,Irrelevant,Irrelevant,Irrelevant,Irrelevant,Irrelevant,Irrelevant,Irrelevant,Irrelevant,Irrelevant,Irrelevant,Irrelevant,Irrelevant,Irrelevant,Irrelevant,Irrelevant,Irrelevant,Irrelevant,Irrelevant,Irrelevant,Irrelevant,Irrelevant,Irrelevant,Irrelevant,Irrelevant,Irrelevant,Irrelevant,Irrelevant,Irrelevant
ID1217,Irrelevant,Irrelevant,Irrelevant,Low Relevance,Irrelevant,Irrelevant,Irrelevant,Irrelevant,Irrelevant,Irrelevant,Irrelevant,Irrelevant,Irrelevant,Irrelevant,Irrelevant,Irrelevant,Irrelevant,Irrelevant,Irrelevant,Irrelevant,Irrelevant,Irrelevant,Irrelevant,Irrelevant,Irrelevant,Irrelevant,Irrelevant,Irrelevant,Irrelevant,Irrelevant
ID1218,Low Relevance,Low Relevance,Low Relevance,Low Relevance,Irrelevant,Low Relevance,Irrelevant,Irrelevant,Low Relevance,Low Relevance,Low Relevance,Irrelevant,Low Relevance,Irrelevant,Irrelevant,Irrelevant,Irrelevant,Irrelevant,Irrelevant,Irrelevant,Irrelevant,Irrelevant,Irrelevant,Irrelevant,Irrelevant,Irrelevant,Irrelevant,Irrelevant,Irrelevant,Irrelevant
ID1219,Low Relevance,Low Relevance,Low Relevance,Low Relevance,Irrelevant,Irrelevant,Irrelevant,Irrelevant,Low Relevance,Low Relevance,Low Relevance,Irrelevant,Irrelevant,Irrelevant,Irrelevant,Irrelevant,Irrelevant,Irrelevant,Irrelevant,Irrelevant,Irrelevant,Irrelevant,Irrelevant,Irrelevant,Irrelevant,Irrelevant,Irrelevant,Irrelevant,Irrelevant,Irrelevant
ID1221,Low Relevance,Low Relevance,Low Relevance,Low Relevance,Low Relevance,Low Relevance,Low Relevance,Irrelevant,Irrelevant,Irrelevant,Irrelevant,Irrelevant,Irrelevant,Irrelevant,Irrelevant,Irrelevant,Irrelevant,Irrelevant,Irrelevant,Irrelevant,Irrelevant,Irrelevant,Irrelevant,Irrelevant,Irrelevant,Irrelevant,Irrelevant,Irrelevant,Irrelevant,Irrelevant
ID1223,Low Relevance,Irrelevant,Irrelevant,Low Relevance,Low Relevance,Irrelevant,Irrelevant,Irrelevant,Irrelevant,Irrelevant,Irrelevant,Irrelevant,Irrelevant,Irrelevant,Irrelevant,Irrelevant,Irrelevant,Irrelevant,Irrelevant,Irrelevant,Irrelevant,Irrelevant,Irrelevant,Irrelevant,Irrelevant,Irrelevant,Irrelevant,Irrelevant,Irrelevant,Irrelevant
ID1224,Low Relevance,Irrelevant,Low Relevance,Low Relevance,Low Relevance,Low Relevance,Low Relevance,Low Relevance,Low Relevance,Low Relevance,Low Relevance,Low Relevance,Irrelevant,Irrelevant,Irrelevant,Irrelevant,Irrelevant,Irrelevant,Irrelevant,Irrelevant,Irrelevant,Irrelevant,Irrelevant,Irrelevant,Irrelevant,Irrelevant,Irrelevant,Irrelevant,Irrelevant,Irrelevant
ID1226,Low Relevance,Irrelevant,Low Relevance,Low Relevance,Irrelevant,Irrelevant,Irrelevant,Irrelevant,Irrelevant,Irrelevant,Irrelevant,Irrelevant,Irrelevant,Irrelevant,Irrelevant,Irrelevant,Irrelevant,Irrelevant,Irrelevant,Irrelevant,Irrelevant,Irrelevant,Irrelevant,Irrelevant,Irrelevant,Irrelevant,Irrelevant,Irrelevant,Irrelevant,Irrelevant
ID1227,Low Relevance,Low Relevance,Low Relevance,Low Relevance,Low Relevance,Low Relevance,Low Relevance,Irrelevant,Irrelevant,Irrelevant,Irrelevant,Irrelevant,Irrelevant,Irrelevant,Irrelevant,Irrelevant,Irrelevant,Irrelevant,Irrelevant,Irrelevant,Irrelevant,Irrelevant,Irrelevant,Irrelevant,Irrelevant,Irrelevant,Irrelevant,Irrelevant,Irrelevant,Irrelevant
ID1228,Low Relevance,Low Relevance,Low Relevance,Low Relevance,Low Relevance,Low Relevance,Low Relevance,Low Relevance,Low Relevance,Low Relevance,Irrelevant,Irrelevant,Irrelevant,Irrelevant,Irrelevant,Irrelevant,Irrelevant,Irrelevant,Irrelevant,Irrelevant,Irrelevant,Irrelevant,Irrelevant,Irrelevant,Irrelevant,Irrelevant,Irrelevant,Irrelevant,Irrelevant,Irrelevant
ID1229,Irrelevant,Irrelevant,Irrelevant,Irrelevant,Irrelevant,Irrelevant,Irrelevant,Irrelevant,Irrelevant,Irrelevant,Irrelevant,Irrelevant,Irrelevant,Irrelevant,Irrelevant,Irrelevant,Irrelevant,Irrelevant,Irrelevant,Irrelevant,Irrelevant,Irrelevant,Irrelevant,Irrelevant,Irrelevant,Irrelevant,Irrelevant,Irrelevant,Irrelevant,Irrelevant
ID1230,Low Relevance,Low Relevance,Low Relevance,Low Relevance,Low Relevance,Low Relevance,Low Relevance,Low Relevance,Low Relevance,Low Relevance,Irrelevant,Irrelevant,Irrelevant,Irrelevant,Irrelevant,Irrelevant,Irrelevant,Irrelevant,Irrelevant,Irrelevant,Irrelevant,Irrelevant,Irrelevant,Irrelevant,Irrelevant,Irrelevant,Irrelevant,Irrelevant,Irrelevant,Irrelevant
ID1232,Low Relevance,Low Relevance,Low Relevance,Low Relevance,Low Relevance,Low Relevance,Low Relevance,Low Relevance,Low Relevance,Low Relevance,Low Relevance,Irrelevant,Irrelevant,Irrelevant,Irrelevant,Irrelevant,Irrelevant,Irrelevant,Irrelevant,Irrelevant,Irrelevant,Irrelevant,Irrelevant,Irrelevant,Irrelevant,Irrelevant,Irrelevant,Irrelevant,Irrelevant,Irrelevant
ID1233,Low Relevance,Irrelevant,Low Relevance,High Relevance,Irrelevant,Irrelevant,Irrelevant,Irrelevant,Irrelevant,Irrelevant,Irrelevant,Irrelevant,Low Relevance,Irrelevant,Irrelevant,Irrelevant,Irrelevant,Irrelevant,Irrelevant,Irrelevant,Irrelevant,Irrelevant,Irrelevant,Irrelevant,Irrelevant,Irrelevant,Irrelevant,Irrelevant,Irrelevant,Irrelevant
ID1234,Low Relevance,Irrelevant,Irrelevant,Irrelevant,Irrelevant,Low Relevance,Low Relevance,Low Relevance,Irrelevant,Irrelevant,Low Relevance,Irrelevant,Irrelevant,Irrelevant,Irrelevant,Irrelevant,Irrelevant,Irrelevant,Irrelevant,Irrelevant,Irrelevant,Irrelevant,Irrelevant,Irrelevant,Irrelevant,Irrelevant,Irrelevant,Irrelevant,Irrelevant,Irrelevant
ID1236,Low Relevance,Low Relevance,Low Relevance,Low Relevance,Low Relevance,Low Relevance,Low Relevance,Low Relevance,Irrelevant,Low Relevance,Low Relevance,Low Relevance,Irrelevant,Irrelevant,Irrelevant,Irrelevant,Irrelevant,Irrelevant,Irrelevant,Irrelevant,Irrelevant,Irrelevant,Irrelevant,Irrelevant,Irrelevant,Irrelevant,Irrelevant,Irrelevant,Irrelevant,Irrelevant
ID1239,Irrelevant,Irrelevant,Irrelevant,Irrelevant,Irrelevant,Irrelevant,Irrelevant,Irrelevant,Irrelevant,Irrelevant,Irrelevant,Irrelevant,Irrelevant,Irrelevant,Irrelevant,Irrelevant,Irrelevant,Irrelevant,Irrelevant,Irrelevant,Irrelevant,Irrelevant,Irrelevant,Irrelevant,Irrelevant,Irrelevant,Irrelevant,Irrelevant,Irrelevant,Irrelevant
ID1240,Low Relevance,Low Relevance,Low Relevance,Low Relevance,Irrelevant,Irrelevant,Irrelevant,Irrelevant,Irrelevant,Irrelevant,Irrelevant,Irrelevant,Irrelevant,Irrelevant,Irrelevant,Irrelevant,Irrelevant,Irrelevant,Irrelevant,Irrelevant,Irrelevant,Irrelevant,Irrelevant,Irrelevant,Irrelevant,Irrelevant,Irrelevant,Irrelevant,Irrelevant,Irrelevant
ID1242,Irrelevant,Irrelevant,Irrelevant,Irrelevant,Irrelevant,Irrelevant,Irrelevant,Irrelevant,Irrelevant,Irrelevant,Irrelevant,Irrelevant,Irrelevant,Irrelevant,Irrelevant,Irrelevant,Irrelevant,Irrelevant,Irrelevant,Irrelevant,Irrelevant,Irrelevant,Irrelevant,Irrelevant,Irrelevant,Irrelevant,Irrelevant,Irrelevant,Irrelevant,Irrelevant
ID1244,Irrelevant,Irrelevant,Irrelevant,Irrelevant,Irrelevant,Irrelevant,Irrelevant,Irrelevant,Irrelevant,Irrelevant,Irrelevant,Irrelevant,Irrelevant,Irrelevant,Irrelevant,Irrelevant,Irrelevant,Irrelevant,Irrelevant,Irrelevant,Irrelevant,Irrelevant,Irrelevant,Irrelevant,Irrelevant,Irrelevant,Irrelevant,Irrelevant,Irrelevant,Irrelevant
ID1245,Low Relevance,Low Relevance,Low Relevance,Low Relevance,Low Relevance,Low Relevance,Irrelevant,Irrelevant,Irrelevant,Irrelevant,Irrelevant,Irrelevant,Irrelevant,Irrelevant,Irrelevant,Irrelevant,Irrelevant,Irrelevant,Irrelevant,Irrelevant,Irrelevant,Irrelevant,Irrelevant,Irrelevant,Irrelevant,Irrelevant,Irrelevant,Irrelevant,Irrelevant,Irrelevant
ID1246,Low Relevance,Low Relevance,Low Relevance,Low Relevance,Low Relevance,Low Relevance,High Relevance,Low Relevance,Low Relevance,Low Relevance,Low Relevance,Low Relevance,Irrelevant,Irrelevant,Irrelevant,Irrelevant,Irrelevant,Irrelevant,Irrelevant,Irrelevant,Irrelevant,Irrelevant,Irrelevant,Irrelevant,Irrelevant,Irrelevant,Irrelevant,Irrelevant,Irrelevant,Irrelevant
ID1247,Irrelevant,Irrelevant,Irrelevant,Irrelevant,Irrelevant,Irrelevant,Irrelevant,Irrelevant,Irrelevant,Irrelevant,Irrelevant,Irrelevant,Irrelevant,Irrelevant,Irrelevant,Irrelevant,Irrelevant,Irrelevant,Irrelevant,Irrelevant,Irrelevant,Irrelevant,Irrelevant,Irrelevant,Irrelevant,Irrelevant,Irrelevant,Irrelevant,Irrelevant,Irrelevant
ID1248,Irrelevant,Irrelevant,Irrelevant,Irrelevant,Irrelevant,Irrelevant,Irrelevant,Irrelevant,Irrelevant,Irrelevant,Irrelevant,Irrelevant,Irrelevant,Irrelevant,Irrelevant,Irrelevant,Irrelevant,Irrelevant,Irrelevant,Irrelevant,Irrelevant,Irrelevant,Irrelevant,Irrelevant,Irrelevant,Irrelevant,Irrelevant,Irrelevant,Irrelevant,Irrelevant
ID1249,Low Relevance,Low Relevance,Low Relevance,Low Relevance,Low Relevance,Low Relevance,Low Relevance,Low Relevance,Irrelevant,Irrelevant,Irrelevant,Irrelevant,Irrelevant,Irrelevant,Irrelevant,Irrelevant,Irrelevant,Irrelevant,Irrelevant,Irrelevant,Irrelevant,Irrelevant,Irrelevant,Irrelevant,Irrelevant,Irrelevant,Irrelevant,Irrelevant,Irrelevant,Irrelevant
ID1251,Low Relevance,Irrelevant,Low Relevance,Low Relevance,Low Relevance,Irrelevant,Irrelevant,Irrelevant,Irrelevant,Irrelevant,Irrelevant,Irrelevant,Irrelevant,Irrelevant,Irrelevant,Irrelevant,Irrelevant,Irrelevant,Irrelevant,Irrelevant,Irrelevant,Irrelevant,Irrelevant,Irrelevant,Irrelevant,Irrelevant,Irrelevant,Irrelevant,Irrelevant,Irrelevant
ID1252,Irrelevant,Low Relevance,High Relevance,Irrelevant,Irrelevant,Irrelevant,Irrelevant,Irrelevant,Irrelevant,Irrelevant,Irrelevant,Irrelevant,Irrelevant,Irrelevant,Irrelevant,Irrelevant,Irrelevant,Irrelevant,Irrelevant,Irrelevant,Irrelevant,Irrelevant,Irrelevant,Irrelevant,Irrelevant,Irrelevant,Irrelevant,Irrelevant,Irrelevant,Irrelevant
ID1254,High Relevance,Low Relevance,Irrelevant,High Relevance,Irrelevant,Irrelevant,Irrelevant,Irrelevant,Irrelevant,Irrelevant,Irrelevant,Irrelevant,Irrelevant,Irrelevant,Irrelevant,Irrelevant,Irrelevant,Irrelevant,Irrelevant,Irrelevant,Irrelevant,Irrelevant,Irrelevant,Irrelevant,Irrelevant,Irrelevant,Irrelevant,Irrelevant,Irrelevant,Irrelevant
ID1255,Low Relevance,Low Relevance,Low Relevance,Low Relevance,Low Relevance,Low Relevance,Low Relevance,Low Relevance,Irrelevant,Irrelevant,Irrelevant,Irrelevant,Irrelevant,Irrelevant,Irrelevant,Irrelevant,Irrelevant,Irrelevant,Irrelevant,Irrelevant,Irrelevant,Irrelevant,Irrelevant,Irrelevant,Irrelevant,Irrelevant,Irrelevant,Irrelevant,Irrelevant,Irrelevant
ID1256,Low Relevance,Low Relevance,Low Relevance,Low Relevance,Low Relevance,Low Relevance,Low Relevance,Irrelevant,Irrelevant,Irrelevant,Irrelevant,Irrelevant,Irrelevant,Irrelevant,Irrelevant,Irrelevant,Irrelevant,Irrelevant,Irrelevant,Irrelevant,Irrelevant,Irrelevant,Irrelevant,Irrelevant,Irrelevant,Irrelevant,Irrelevant,Irrelevant,Irrelevant,Irrelevant
ID1258,Irrelevant,Irrelevant,Irrelevant,Irrelevant,Irrelevant,Irrelevant,Irrelevant,Irrelevant,Irrelevant,Irrelevant,Irrelevant,Irrelevant,Irrelevant,Irrelevant,Irrelevant,Irrelevant,Irrelevant,Irrelevant,Irrelevant,Irrelevant,Irrelevant,Irrelevant,Irrelevant,Irrelevant,Irrelevant,Irrelevant,Irrelevant,Irrelevant,Irrelevant,Irrelevant
ID1260,Irrelevant,Irrelevant,Irrelevant,Irrelevant,Irrelevant,Irrelevant,Irrelevant,Irrelevant,Irrelevant,Irrelevant,Irrelevant,Irrelevant,Irrelevant,Irrelevant,Irrelevant,Irrelevant,Irrelevant,Irrelevant,Irrelevant,Irrelevant,Irrelevant,Irrelevant,Irrelevant,Irrelevant,Irrelevant,Irrelevant,Irrelevant,Irrelevant,Irrelevant,Irrelevant
ID1261,High Relevance,Low Relevance,Low Relevance,Low Relevance,Low Relevance,Low Relevance,Low Relevance,Irrelevant,Irrelevant,Irrelevant,Irrelevant,Irrelevant,Irrelevant,Irrelevant,Irrelevant,Irrelevant,Irrelevant,Irrelevant,Irrelevant,Irrelevant,Irrelevant,Irrelevant,Irrelevant,Irrelevant,Irrelevant,Irrelevant,Irrelevant,Irrelevant,Irrelevant,Irrelevant
ID1262,Low Relevance,Low Relevance,Low Relevance,Low Relevance,Low Relevance,Low Relevance,Low Relevance,Low Relevance,Low Relevance,Low Relevance,Low Relevance,Low Relevance,Irrelevant,Irrelevant,Irrelevant,Irrelevant,Irrelevant,Irrelevant,Irrelevant,Irrelevant,Irrelevant,Irrelevant,Irrelevant,Irrelevant,Irrelevant,Irrelevant,Irrelevant,Irrelevant,Irrelevant,Irrelevant
ID1264,Low Relevance,Irrelevant,Irrelevant,Low Relevance,Low Relevance,Irrelevant,Low Relevance,Irrelevant,Irrelevant,Irrelevant,Irrelevant,Irrelevant,Irrelevant,Irrelevant,Irrelevant,Irrelevant,Irrelevant,Irrelevant,Irrelevant,Irrelevant,Irrelevant,Irrelevant,Irrelevant,Irrelevant,Irrelevant,Irrelevant,Irrelevant,Irrelevant,Irrelevant,Irrelevant
ID1266,Irrelevant,Irrelevant,Irrelevant,Low Relevance,Irrelevant,Irrelevant,Irrelevant,Irrelevant,Irrelevant,Irrelevant,Irrelevant,Irrelevant,Irrelevant,Irrelevant,Irrelevant,Irrelevant,Irrelevant,Irrelevant,Irrelevant,Irrelevant,Irrelevant,Irrelevant,Irrelevant,Irrelevant,Irrelevant,Irrelevant,Irrelevant,Irrelevant,Irrelevant,Irrelevant
ID1267,Irrelevant,Irrelevant,Irrelevant,Irrelevant,Irrelevant,Irrelevant,Irrelevant,Irrelevant,Irrelevant,Irrelevant,Irrelevant,Irrelevant,Irrelevant,Irrelevant,Irrelevant,Irrelevant,Irrelevant,Irrelevant,Irrelevant,Irrelevant,Irrelevant,Irrelevant,Irrelevant,Irrelevant,Irrelevant,Irrelevant,Irrelevant,Irrelevant,Irrelevant,Irrelevant
ID1268,Low Relevance,Irrelevant,Irrelevant,Irrelevant,Irrelevant,Irrelevant,Irrelevant,Irrelevant,Irrelevant,Irrelevant,Irrelevant,Irrelevant,Irrelevant,Irrelevant,Irrelevant,Irrelevant,Irrelevant,Irrelevant,Irrelevant,Irrelevant,Irrelevant,Irrelevant,Irrelevant,Irrelevant,Irrelevant,Irrelevant,Irrelevant,Irrelevant,Irrelevant,Irrelevant
ID1269,Low Relevance,High Relevance,Low Relevance,Low Relevance,Low Relevance,Low Relevance,Low Relevance,Low Relevance,Low Relevance,Low Relevance,Low Relevance,Irrelevant,Irrelevant,Irrelevant,Irrelevant,Irrelevant,Irrelevant,Irrelevant,Irrelevant,Irrelevant,Irrelevant,Irrelevant,Irrelevant,Irrelevant,Irrelevant,Irrelevant,Irrelevant,Irrelevant,Irrelevant,Irrelevant
ID1270,Low Relevance,Low Relevance,Low Relevance,Low Relevance,Low Relevance,Low Relevance,Low Relevance,Irrelevant,Irrelevant,Irrelevant,Irrelevant,Irrelevant,Irrelevant,Irrelevant,Irrelevant,Irrelevant,Irrelevant,Irrelevant,Irrelevant,Irrelevant,Irrelevant,Irrelevant,Irrelevant,Irrelevant,Irrelevant,Irrelevant,Irrelevant,Irrelevant,Irrelevant,Irrelevant
ID1271,Low Relevance,Low Relevance,Low Relevance,Low Relevance,Low Relevance,Low Relevance,Low Relevance,Low Relevance,Low Relevance,Low Relevance,Low Relevance,Irrelevant,Irrelevant,Irrelevant,Irrelevant,Irrelevant,Irrelevant,Irrelevant,Irrelevant,Irrelevant,Irrelevant,Irrelevant,Irrelevant,Irrelevant,Irrelevant,Irrelevant,Irrelevant,Irrelevant,Irrelevant,Irrelevant
ID1272,Low Relevance,Low Relevance,Low Relevance,Low Relevance,Low Relevance,Low Relevance,Low Relevance,Low Relevance,Low Relevance,Low Relevance,Low Relevance,Low Relevance,Irrelevant,Irrelevant,Irrelevant,Irrelevant,Irrelevant,Irrelevant,Irrelevant,Irrelevant,Irrelevant,Irrelevant,Irrelevant,Irrelevant,Irrelevant,Irrelevant,Irrelevant,Irrelevant,Irrelevant,Irrelevant
ID1273,Low Relevance,Low Relevance,Low Relevance,Irrelevant,Irrelevant,Irrelevant,Irrelevant,Irrelevant,Irrelevant,Irrelevant,Irrelevant,Irrelevant,Irrelevant,Irrelevant,Irrelevant,Irrelevant,Irrelevant,Irrelevant,Irrelevant,Irrelevant,Irrelevant,Irrelevant,Irrelevant,Irrelevant,Irrelevant,Irrelevant,Irrelevant,Irrelevant,Irrelevant,Irrelevant
ID1275,Low Relevance,Low Relevance,Low Relevance,Low Relevance,Low Relevance,Low Relevance,Low Relevance,Low Relevance,Low Relevance,Low Relevance,Low Relevance,Low Relevance,Irrelevant,Irrelevant,Irrelevant,Irrelevant,Irrelevant,Irrelevant,Irrelevant,Irrelevant,Irrelevant,Irrelevant,Irrelevant,Irrelevant,Irrelevant,Irrelevant,Irrelevant,Irrelevant,Irrelevant,Irrelevant
ID1276,Low Relevance,Low Relevance,Low Relevance,Low Relevance,Low Relevance,Low Relevance,Low Relevance,Low Relevance,Low Relevance,Low Relevance,Irrelevant,Irrelevant,Irrelevant,Irrelevant,Irrelevant,Irrelevant,Irrelevant,Irrelevant,Irrelevant,Irrelevant,Irrelevant,Irrelevant,Irrelevant,Irrelevant,Irrelevant,Irrelevant,Irrelevant,Irrelevant,Irrelevant,Irrelevant
ID1277,Low Relevance,Low Relevance,Low Relevance,Irrelevant,Low Relevance,Low Relevance,Low Relevance,High Relevance,Irrelevant,Irrelevant,Irrelevant,Irrelevant,Irrelevant,Irrelevant,Irrelevant,Irrelevant,Irrelevant,Irrelevant,Irrelevant,Irrelevant,Irrelevant,Irrelevant,Irrelevant,Irrelevant,Irrelevant,Irrelevant,Irrelevant,Irrelevant,Irrelevant,Irrelevant
ID1278,Low Relevance,Low Relevance,Low Relevance,Low Relevance,Low Relevance,High Relevance,Low Relevance,Low Relevance,Low Relevance,Low Relevance,Low Relevance,Irrelevant,Irrelevant,Irrelevant,Irrelevant,Irrelevant,Irrelevant,Irrelevant,Irrelevant,Irrelevant,Irrelevant,Irrelevant,Irrelevant,Irrelevant,Irrelevant,Irrelevant,Irrelevant,Irrelevant,Irrelevant,Irrelevant
ID1279,Irrelevant,Irrelevant,Irrelevant,Irrelevant,Irrelevant,Irrelevant,Irrelevant,Low Relevance,Irrelevant,Irrelevant,Irrelevant,Irrelevant,Irrelevant,Irrelevant,Irrelevant,Irrelevant,Irrelevant,Irrelevant,Irrelevant,Irrelevant,Irrelevant,Irrelevant,Irrelevant,Irrelevant,Irrelevant,Irrelevant,Irrelevant,Irrelevant,Irrelevant,Irrelevant
ID1280,Low Relevance,Low Relevance,Low Relevance,Low Relevance,Low Relevance,Low Relevance,Irrelevant,Irrelevant,Irrelevant,Irrelevant,Irrelevant,Irrelevant,Irrelevant,Irrelevant,Irrelevant,Irrelevant,Irrelevant,Irrelevant,Irrelevant,Irrelevant,Irrelevant,Irrelevant,Irrelevant,Irrelevant,Irrelevant,Irrelevant,Irrelevant,Irrelevant,Irrelevant,Irrelevant
ID1281,Irrelevant,Irrelevant,Irrelevant,Irrelevant,Irrelevant,Irrelevant,Irrelevant,Irrelevant,Irrelevant,Irrelevant,Irrelevant,Irrelevant,Irrelevant,Irrelevant,Irrelevant,Irrelevant,Irrelevant,Irrelevant,Irrelevant,Irrelevant,Irrelevant,Irrelevant,Irrelevant,Irrelevant,Irrelevant,Irrelevant,Irrelevant,Irrelevant,Irrelevant,Irrelevant
ID1284,Irrelevant,Irrelevant,Irrelevant,Irrelevant,Irrelevant,Irrelevant,Irrelevant,Irrelevant,Irrelevant,Irrelevant,Irrelevant,Irrelevant,Irrelevant,Irrelevant,Irrelevant,Irrelevant,Irrelevant,Irrelevant,Irrelevant,Irrelevant,Irrelevant,Irrelevant,Irrelevant,Irrelevant,Irrelevant,Irrelevant,Irrelevant,Irrelevant,Irrelevant,Irrelevant
ID1285,Low Relevance,Low Relevance,Low Relevance,Low Relevance,Low Relevance,Low Relevance,Low Relevance,Irrelevant,Irrelevant,Irrelevant,Irrelevant,Irrelevant,Irrelevant,Irrelevant,Irrelevant,Irrelevant,Irrelevant,Irrelevant,Irrelevant,Irrelevant,Irrelevant,Irrelevant,Irrelevant,Irrelevant,Irrelevant,Irrelevant,Irrelevant,Irrelevant,Irrelevant,Irrelevant
ID1286,Low Relevance,Irrelevant,Low Relevance,Low Relevance,Low Relevance,Low Relevance,Low Relevance,Low Relevance,Low Relevance,Low Relevance,Irrelevant,Irrelevant,Irrelevant,Irrelevant,Irrelevant,Irrelevant,Irrelevant,Irrelevant,Irrelevant,Irrelevant,Irrelevant,Irrelevant,Irrelevant,Irrelevant,Irrelevant,Irrelevant,Irrelevant,Irrelevant,Irrelevant,Irrelevant
ID1287,Irrelevant,Irrelevant,Irrelevant,Irrelevant,Irrelevant,Irrelevant,Irrelevant,Irrelevant,Irrelevant,Irrelevant,Irrelevant,Irrelevant,Low Relevance,Irrelevant,Irrelevant,Irrelevant,Irrelevant,Irrelevant,Irrelevant,Irrelevant,Irrelevant,Irrelevant,Irrelevant,Irrelevant,Irrelevant,Irrelevant,Irrelevant,Irrelevant,Irrelevant,Irrelevant
ID1288,Irrelevant,Irrelevant,Irrelevant,Irrelevant,Irrelevant,Irrelevant,Irrelevant,Irrelevant,Irrelevant,Irrelevant,Irrelevant,Irrelevant,Irrelevant,Irrelevant,Irrelevant,Irrelevant,Irrelevant,Irrelevant,Irrelevant,Irrelevant,Irrelevant,Irrelevant,Irrelevant,Irrelevant,Irrelevant,Irrelevant,Irrelevant,Irrelevant,Irrelevant,Irrelevant
ID1289,Low Relevance,Low Relevance,Low Relevance,Low Relevance,Low Relevance,High Relevance,Low Relevance,Low Relevance,Low Relevance,Low Relevance,Low Relevance,Low Relevance,Irrelevant,Irrelevant,Irrelevant,Irrelevant,Irrelevant,Irrelevant,Irrelevant,Irrelevant,Irrelevant,Irrelevant,Irrelevant,Irrelevant,Irrelevant,Irrelevant,Irrelevant,Irrelevant,Irrelevant,Irrelevant
ID1290,Irrelevant,Irrelevant,Irrelevant,Irrelevant,Irrelevant,Irrelevant,Irrelevant,Irrelevant,Irrelevant,Irrelevant,Irrelevant,Irrelevant,Irrelevant,Irrelevant,Irrelevant,Irrelevant,Irrelevant,Irrelevant,Irrelevant,Irrelevant,Irrelevant,Irrelevant,Irrelevant,Irrelevant,Irrelevant,Irrelevant,Irrelevant,Irrelevant,Irrelevant,Irrelevant
ID1291,Low Relevance,Low Relevance,Low Relevance,Irrelevant,Low Relevance,Low Relevance,Low Relevance,Irrelevant,Irrelevant,Irrelevant,Irrelevant,Irrelevant,Irrelevant,Irrelevant,Irrelevant,Irrelevant,Irrelevant,Irrelevant,Irrelevant,Irrelevant,Irrelevant,Irrelevant,Irrelevant,Irrelevant,Irrelevant,Irrelevant,Irrelevant,Irrelevant,Irrelevant,Irrelevant
ID1294,Low Relevance,Low Relevance,Low Relevance,Low Relevance,Low Relevance,Irrelevant,Irrelevant,Irrelevant,Irrelevant,Irrelevant,Irrelevant,Irrelevant,Irrelevant,Irrelevant,Irrelevant,Irrelevant,Irrelevant,Irrelevant,Irrelevant,Irrelevant,Irrelevant,Irrelevant,Irrelevant,Irrelevant,Irrelevant,Irrelevant,Irrelevant,Irrelevant,Irrelevant,Irrelevant
ID1296,High Relevance,Low Relevance,Low Relevance,Low Relevance,Low Relevance,Low Relevance,Low Relevance,Low Relevance,Low Relevance,Low Relevance,Low Relevance,Irrelevant,Irrelevant,Irrelevant,Irrelevant,Irrelevant,Irrelevant,Irrelevant,Irrelevant,Irrelevant,Irrelevant,Irrelevant,Irrelevant,Irrelevant,Irrelevant,Irrelevant,Irrelevant,Irrelevant,Irrelevant,Irrelevant
ID1297,Low Relevance,Irrelevant,Irrelevant,High Relevance,Irrelevant,Irrelevant,Irrelevant,Irrelevant,Irrelevant,Irrelevant,Irrelevant,Irrelevant,Irrelevant,Irrelevant,Irrelevant,Irrelevant,Irrelevant,Irrelevant,Irrelevant,Irrelevant,Irrelevant,Irrelevant,Irrelevant,Irrelevant,Irrelevant,Irrelevant,Irrelevant,Irrelevant,Irrelevant,Irrelevant
ID1298,Low Relevance,Irrelevant,Low Relevance,Low Relevance,Low Relevance,Irrelevant,Irrelevant,Irrelevant,Irrelevant,Irrelevant,Irrelevant,Irrelevant,Irrelevant,Irrelevant,Irrelevant,Irrelevant,Irrelevant,Irrelevant,Irrelevant,Irrelevant,Irrelevant,Irrelevant,Irrelevant,Irrelevant,Irrelevant,Irrelevant,Irrelevant,Irrelevant,Irrelevant,Irrelevant
ID1299,High Relevance,Low Relevance,Irrelevant,Irrelevant,Irrelevant,Irrelevant,Irrelevant,Irrelevant,Irrelevant,Irrelevant,Irrelevant,Irrelevant,Irrelevant,Irrelevant,Irrelevant,Irrelevant,Irrelevant,Irrelevant,Irrelevant,Irrelevant,Irrelevant,Irrelevant,Irrelevant,Irrelevant,Irrelevant,Irrelevant,Irrelevant,Irrelevant,Irrelevant,Irrelevant
ID1301,Irrelevant,Irrelevant,Irrelevant,Irrelevant,Irrelevant,Irrelevant,Irrelevant,Irrelevant,Irrelevant,Irrelevant,Irrelevant,Irrelevant,Irrelevant,Irrelevant,Irrelevant,Irrelevant,Irrelevant,Irrelevant,Irrelevant,Irrelevant,Irrelevant,Irrelevant,Irrelevant,Irrelevant,Irrelevant,Irrelevant,Irrelevant,Irrelevant,Irrelevant,Irrelevant
ID1302,Low Relevance,Low Relevance,Low Relevance,Low Relevance,Low Relevance,Low Relevance,Irrelevant,Irrelevant,Irrelevant,Irrelevant,Irrelevant,Irrelevant,Irrelevant,Irrelevant,Irrelevant,Irrelevant,Irrelevant,Irrelevant,Irrelevant,Irrelevant,Irrelevant,Irrelevant,Irrelevant,Irrelevant,Irrelevant,Irrelevant,Irrelevant,Irrelevant,Irrelevant,Irrelevant
ID1303,Irrelevant,Irrelevant,Low Relevance,Irrelevant,Irrelevant,Irrelevant,Irrelevant,Irrelevant,Irrelevant,Irrelevant,Irrelevant,Irrelevant,Irrelevant,Irrelevant,Irrelevant,Irrelevant,Irrelevant,Irrelevant,Irrelevant,Irrelevant,Irrelevant,Irrelevant,Irrelevant,Irrelevant,Irrelevant,Irrelevant,Irrelevant,Irrelevant,Irrelevant,Irrelevant
ID1307,Low Relevance,Low Relevance,High Relevance,Irrelevant,Irrelevant,Irrelevant,Irrelevant,Irrelevant,Irrelevant,Irrelevant,Irrelevant,Irrelevant,Irrelevant,Irrelevant,Irrelevant,Irrelevant,Irrelevant,Irrelevant,Irrelevant,Irrelevant,Irrelevant,Irrelevant,Irrelevant,Irrelevant,Irrelevant,Irrelevant,Irrelevant,Irrelevant,Irrelevant,Irrelevant
ID1308,Irrelevant,Irrelevant,Irrelevant,Irrelevant,Irrelevant,Irrelevant,Irrelevant,Irrelevant,Irrelevant,Irrelevant,Irrelevant,Irrelevant,Irrelevant,Irrelevant,Irrelevant,Irrelevant,Irrelevant,Irrelevant,Irrelevant,Irrelevant,Irrelevant,Irrelevant,Irrelevant,Irrelevant,Irrelevant,Irrelevant,Irrelevant,Irrelevant,Irrelevant,Irrelevant
ID1309,Low Relevance,Irrelevant,Irrelevant,Irrelevant,Irrelevant,Irrelevant,Irrelevant,Irrelevant,Irrelevant,Irrelevant,Irrelevant,Irrelevant,Irrelevant,Irrelevant,Irrelevant,Irrelevant,Irrelevant,Irrelevant,Irrelevant,Irrelevant,Irrelevant,Irrelevant,Irrelevant,Irrelevant,Irrelevant,Irrelevant,Irrelevant,Irrelevant,Irrelevant,Irrelevant
ID1310,Low Relevance,Irrelevant,Irrelevant,Low Relevance,Low Relevance,Low Relevance,Low Relevance,Low Relevance,Irrelevant,Irrelevant,Irrelevant,Irrelevant,Irrelevant,Irrelevant,Irrelevant,Irrelevant,Irrelevant,Irrelevant,Irrelevant,Irrelevant,Irrelevant,Irrelevant,Irrelevant,Irrelevant,Irrelevant,Irrelevant,Irrelevant,Irrelevant,Irrelevant,Irrelevant
ID1311,Irrelevant,Irrelevant,Irrelevant,Irrelevant,Irrelevant,Irrelevant,Irrelevant,Irrelevant,Irrelevant,Irrelevant,Irrelevant,Irrelevant,Irrelevant,Irrelevant,Irrelevant,Irrelevant,Irrelevant,Irrelevant,Irrelevant,Irrelevant,Irrelevant,Irrelevant,Irrelevant,Irrelevant,Irrelevant,Irrelevant,Irrelevant,Irrelevant,Irrelevant,Irrelevant
ID1312,Low Relevance,Low Relevance,Low Relevance,Low Relevance,Low Relevance,Low Relevance,Irrelevant,Irrelevant,Irrelevant,Irrelevant,Irrelevant,Irrelevant,Irrelevant,Irrelevant,Irrelevant,Irrelevant,Irrelevant,Irrelevant,Irrelevant,Irrelevant,Irrelevant,Irrelevant,Irrelevant,Irrelevant,Irrelevant,Irrelevant,Irrelevant,Irrelevant,Irrelevant,Irrelevant
ID1313,Low Relevance,Low Relevance,Low Relevance,Low Relevance,Low Relevance,Low Relevance,Low Relevance,Low Relevance,Irrelevant,Irrelevant,Irrelevant,Irrelevant,Irrelevant,Irrelevant,Irrelevant,Irrelevant,Irrelevant,Irrelevant,Irrelevant,Irrelevant,Irrelevant,Irrelevant,Irrelevant,Irrelevant,Irrelevant,Irrelevant,Irrelevant,Irrelevant,Irrelevant,Irrelevant
ID1314,Irrelevant,Irrelevant,Irrelevant,Irrelevant,Irrelevant,Irrelevant,Irrelevant,Irrelevant,Irrelevant,Irrelevant,Irrelevant,Irrelevant,Irrelevant,Irrelevant,Irrelevant,Irrelevant,Irrelevant,Irrelevant,Irrelevant,Irrelevant,Irrelevant,Irrelevant,Irrelevant,Irrelevant,Irrelevant,Irrelevant,Irrelevant,Irrelevant,Irrelevant,Irrelevant
ID1315,Low Relevance,Irrelevant,Irrelevant,Low Relevance,Low Relevance,Low Relevance,Irrelevant,Irrelevant,High Relevance,Irrelevant,Irrelevant,Irrelevant,Irrelevant,Irrelevant,Irrelevant,Irrelevant,Irrelevant,Irrelevant,Irrelevant,Irrelevant,Irrelevant,Irrelevant,Irrelevant,Irrelevant,Irrelevant,Irrelevant,Irrelevant,Irrelevant,Irrelevant,Irrelevant
ID1316,Low Relevance,Irrelevant,Irrelevant,Irrelevant,Irrelevant,Irrelevant,Irrelevant,Irrelevant,Irrelevant,Irrelevant,Irrelevant,Irrelevant,Irrelevant,Irrelevant,Irrelevant,Irrelevant,Irrelevant,Irrelevant,Irrelevant,Irrelevant,Irrelevant,Irrelevant,Irrelevant,Irrelevant,Irrelevant,Irrelevant,Irrelevant,Irrelevant,Irrelevant,Irrelevant
ID1318,Low Relevance,Low Relevance,Low Relevance,Low Relevance,Low Relevance,Low Relevance,Low Relevance,Low Relevance,Low Relevance,Low Relevance,Low Relevance,Low Relevance,Irrelevant,Irrelevant,Irrelevant,Irrelevant,Irrelevant,Irrelevant,Irrelevant,Irrelevant,Irrelevant,Irrelevant,Irrelevant,Irrelevant,Irrelevant,Irrelevant,Irrelevant,Irrelevant,Irrelevant,Irrelevant
ID1320,Irrelevant,Irrelevant,Irrelevant,Irrelevant,Irrelevant,Irrelevant,Irrelevant,Irrelevant,Irrelevant,Irrelevant,Irrelevant,Irrelevant,Irrelevant,Irrelevant,Irrelevant,Irrelevant,Irrelevant,Irrelevant,Irrelevant,Irrelevant,Irrelevant,Irrelevant,Irrelevant,Irrelevant,Irrelevant,Irrelevant,Irrelevant,Irrelevant,Irrelevant,Irrelevant
ID1321,Low Relevance,Low Relevance,Low Relevance,High Relevance,Irrelevant,Irrelevant,Irrelevant,Irrelevant,Irrelevant,Irrelevant,Irrelevant,Irrelevant,Irrelevant,Irrelevant,Irrelevant,Irrelevant,Irrelevant,Irrelevant,Irrelevant,Irrelevant,Irrelevant,Irrelevant,Irrelevant,Irrelevant,Irrelevant,Irrelevant,Irrelevant,Irrelevant,Irrelevant,Irrelevant
ID1324,High Relevance,Irrelevant,Irrelevant,Irrelevant,Irrelevant,Irrelevant,Irrelevant,Irrelevant,Irrelevant,Irrelevant,Irrelevant,Irrelevant,Irrelevant,Irrelevant,Irrelevant,Irrelevant,Irrelevant,Irrelevant,Irrelevant,Irrelevant,Irrelevant,Irrelevant,Irrelevant,Irrelevant,Irrelevant,Irrelevant,Irrelevant,Irrelevant,Irrelevant,Irrelevant
ID1328,Irrelevant,Irrelevant,Irrelevant,Irrelevant,Irrelevant,Irrelevant,Irrelevant,Irrelevant,Irrelevant,Irrelevant,Irrelevant,Irrelevant,Irrelevant,Irrelevant,Irrelevant,Irrelevant,Irrelevant,Irrelevant,Irrelevant,Irrelevant,Irrelevant,Irrelevant,Irrelevant,Irrelevant,Irrelevant,Irrelevant,Irrelevant,Irrelevant,Irrelevant,Irrelevant
ID1329,Low Relevance,Low Relevance,Low Relevance,Low Relevance,Low Relevance,Low Relevance,Irrelevant,Irrelevant,Irrelevant,Irrelevant,Irrelevant,Irrelevant,Irrelevant,Irrelevant,Irrelevant,Irrelevant,Irrelevant,Irrelevant,Irrelevant,Irrelevant,Irrelevant,Irrelevant,Irrelevant,Irrelevant,Irrelevant,Irrelevant,Irrelevant,Irrelevant,Irrelevant,Irrelevant
ID1330,Low Relevance,Low Relevance,Irrelevant,Irrelevant,Irrelevant,Irrelevant,Irrelevant,Irrelevant,Irrelevant,Irrelevant,Irrelevant,Irrelevant,Irrelevant,Irrelevant,Irrelevant,Irrelevant,Irrelevant,Irrelevant,Irrelevant,Irrelevant,Irrelevant,Irrelevant,Irrelevant,Irrelevant,Irrelevant,Irrelevant,Irrelevant,Irrelevant,Irrelevant,Irrelevant
ID1331,High Relevance,High Relevance,Low Relevance,Low Relevance,Low Relevance,Low Relevance,Low Relevance,Low Relevance,Low Relevance,Low Relevance,Low Relevance,Irrelevant,Irrelevant,Irrelevant,Irrelevant,Irrelevant,Irrelevant,Irrelevant,Irrelevant,Irrelevant,Irrelevant,Irrelevant,Irrelevant,Irrelevant,Irrelevant,Irrelevant,Irrelevant,Irrelevant,Irrelevant,Irrelevant
ID1332,Irrelevant,Irrelevant,Irrelevant,Irrelevant,Irrelevant,Irrelevant,Irrelevant,Irrelevant,Irrelevant,Irrelevant,Irrelevant,Irrelevant,Irrelevant,Irrelevant,Irrelevant,Irrelevant,Irrelevant,Irrelevant,Irrelevant,Irrelevant,Irrelevant,Irrelevant,Irrelevant,Irrelevant,Irrelevant,Irrelevant,Irrelevant,Irrelevant,Irrelevant,Irrelevant
ID1333,Low Relevance,Low Relevance,Low Relevance,Low Relevance,Low Relevance,Low Relevance,Low Relevance,Low Relevance,Low Relevance,High Relevance,Low Relevance,Irrelevant,Irrelevant,Irrelevant,Irrelevant,Irrelevant,Irrelevant,Irrelevant,Irrelevant,Irrelevant,Irrelevant,Irrelevant,Irrelevant,Irrelevant,Irrelevant,Irrelevant,Irrelevant,Irrelevant,Irrelevant,Irrelevant
ID1334,Low Relevance,Irrelevant,Irrelevant,Irrelevant,Irrelevant,Irrelevant,Irrelevant,Irrelevant,Irrelevant,Irrelevant,Irrelevant,Irrelevant,Irrelevant,Irrelevant,Irrelevant,Irrelevant,Irrelevant,Irrelevant,Irrelevant,Irrelevant,Irrelevant,Irrelevant,Irrelevant,Irrelevant,Irrelevant,Irrelevant,Irrelevant,Irrelevant,Irrelevant,Irrelevant
ID1335,Low Relevance,Irrelevant,Low Relevance,Irrelevant,Irrelevant,Irrelevant,Irrelevant,Irrelevant,Irrelevant,Low Relevance,Irrelevant,Irrelevant,Irrelevant,Irrelevant,Irrelevant,Irrelevant,Irrelevant,Irrelevant,Irrelevant,Irrelevant,Irrelevant,Irrelevant,Irrelevant,Irrelevant,Irrelevant,Irrelevant,Irrelevant,Irrelevant,Irrelevant,Irrelevant
ID1336,Low Relevance,High Relevance,Irrelevant,Irrelevant,Irrelevant,Irrelevant,Irrelevant,Irrelevant,Irrelevant,Irrelevant,Irrelevant,Irrelevant,Irrelevant,Irrelevant,Irrelevant,Irrelevant,Irrelevant,Irrelevant,Irrelevant,Irrelevant,Irrelevant,Irrelevant,Irrelevant,Irrelevant,Irrelevant,Irrelevant,Irrelevant,Irrelevant,Irrelevant,Irrelevant
ID1337,Low Relevance,Low Relevance,Low Relevance,Low Relevance,Low Relevance,Low Relevance,Low Relevance,High Relevance,Low Relevance,Irrelevant,Irrelevant,Irrelevant,Irrelevant,Irrelevant,Irrelevant,Irrelevant,Irrelevant,Irrelevant,Irrelevant,Irrelevant,Irrelevant,Irrelevant,Irrelevant,Irrelevant,Irrelevant,Irrelevant,Irrelevant,Irrelevant,Irrelevant,Irrelevant
ID1338,Low Relevance,Low Relevance,Low Relevance,Low Relevance,Low Relevance,Low Relevance,Low Relevance,Low Relevance,Low Relevance,Irrelevant,Irrelevant,Irrelevant,Irrelevant,Irrelevant,Irrelevant,Irrelevant,Irrelevant,Irrelevant,Irrelevant,Irrelevant,Irrelevant,Irrelevant,Irrelevant,Irrelevant,Irrelevant,Irrelevant,Irrelevant,Irrelevant,Irrelevant,Irrelevant
ID1339,Low Relevance,Low Relevance,High Relevance,Low Relevance,Low Relevance,Irrelevant,Low Relevance,Low Relevance,Low Relevance,Low Relevance,Low Relevance,Low Relevance,Irrelevant,Irrelevant,Irrelevant,Irrelevant,Irrelevant,Irrelevant,Irrelevant,Irrelevant,Irrelevant,Irrelevant,Irrelevant,Irrelevant,Irrelevant,Irrelevant,Irrelevant,Irrelevant,Irrelevant,Irrelevant
ID1340,Low Relevance,Low Relevance,Low Relevance,Low Relevance,Low Relevance,Low Relevance,Low Relevance,Irrelevant,Irrelevant,Irrelevant,Irrelevant,Irrelevant,Irrelevant,Irrelevant,Irrelevant,Irrelevant,Irrelevant,Irrelevant,Irrelevant,Irrelevant,Irrelevant,Irrelevant,Irrelevant,Irrelevant,Irrelevant,Irrelevant,Irrelevant,Irrelevant,Irrelevant,Irrelevant
ID1343,High Relevance,Low Relevance,Low Relevance,Low Relevance,Low Relevance,Low Relevance,Low Relevance,Irrelevant,Irrelevant,Irrelevant,Irrelevant,Irrelevant,Irrelevant,Irrelevant,Irrelevant,Irrelevant,Irrelevant,Irrelevant,Irrelevant,Irrelevant,Irrelevant,Irrelevant,Irrelevant,Irrelevant,Irrelevant,Irrelevant,Irrelevant,Irrelevant,Irrelevant,Irrelevant
ID1345,Low Relevance,Low Relevance,Low Relevance,Low Relevance,Low Relevance,Irrelevant,Low Relevance,Low Relevance,Low Relevance,Irrelevant,Irrelevant,Irrelevant,Irrelevant,Irrelevant,Irrelevant,Irrelevant,Irrelevant,Irrelevant,Irrelevant,Irrelevant,Irrelevant,Irrelevant,Irrelevant,Irrelevant,Irrelevant,Irrelevant,Irrelevant,Irrelevant,Irrelevant,Irrelevant
ID1346,Low Relevance,Low Relevance,Low Relevance,Low Relevance,Low Relevance,Low Relevance,Low Relevance,Irrelevant,Irrelevant,Irrelevant,Irrelevant,Irrelevant,Irrelevant,Irrelevant,Irrelevant,Irrelevant,Irrelevant,Irrelevant,Irrelevant,Irrelevant,Irrelevant,Irrelevant,Irrelevant,Irrelevant,Irrelevant,Irrelevant,Irrelevant,Irrelevant,Irrelevant,Irrelevant
ID1347,Low Relevance,Low Relevance,Low Relevance,Low Relevance,Low Relevance,Low Relevance,Low Relevance,Low Relevance,Low Relevance,Low Relevance,Irrelevant,Irrelevant,Irrelevant,Irrelevant,Irrelevant,Irrelevant,Irrelevant,Irrelevant,Irrelevant,Irrelevant,Irrelevant,Irrelevant,Irrelevant,Irrelevant,Irrelevant,Irrelevant,Irrelevant,Irrelevant,Irrelevant,Irrelevant
ID1348,Low Relevance,Irrelevant,Low Relevance,High Relevance,Irrelevant,Irrelevant,Irrelevant,Irrelevant,Low Relevance,Irrelevant,Irrelevant,Irrelevant,Irrelevant,Irrelevant,Irrelevant,Irrelevant,Irrelevant,Irrelevant,Irrelevant,Irrelevant,Irrelevant,Irrelevant,Irrelevant,Irrelevant,Irrelevant,Irrelevant,Irrelevant,Irrelevant,Irrelevant,Irrelevant
ID1349,Irrelevant,Irrelevant,Irrelevant,Irrelevant,Irrelevant,Irrelevant,Irrelevant,Irrelevant,Irrelevant,Irrelevant,Low Relevance,Irrelevant,Irrelevant,Irrelevant,Irrelevant,Irrelevant,Irrelevant,Irrelevant,Irrelevant,Irrelevant,Irrelevant,Irrelevant,Irrelevant,Irrelevant,Irrelevant,Irrelevant,Irrelevant,Irrelevant,Irrelevant,Irrelevant
ID1350,Low Relevance,Low Relevance,Low Relevance,Low Relevance,Low Relevance,Low Relevance,Low Relevance,Low Relevance,Low Relevance,Low Relevance,Low Relevance,Low Relevance,Irrelevant,Irrelevant,Irrelevant,Irrelevant,Irrelevant,Irrelevant,Irrelevant,Irrelevant,Irrelevant,Irrelevant,Irrelevant,Irrelevant,Irrelevant,Irrelevant,Irrelevant,Irrelevant,Irrelevant,Irrelevant
ID1352,Irrelevant,Irrelevant,Irrelevant,Irrelevant,Irrelevant,Irrelevant,Irrelevant,Irrelevant,Irrelevant,Irrelevant,Irrelevant,Irrelevant,Irrelevant,Irrelevant,Irrelevant,Irrelevant,Irrelevant,Irrelevant,Irrelevant,Irrelevant,Irrelevant,Irrelevant,Irrelevant,Irrelevant,Irrelevant,Irrelevant,Irrelevant,Irrelevant,Irrelevant,Irrelevant
ID1353,Low Relevance,High Relevance,Low Relevance,Low Relevance,Low Relevance,Low Relevance,Low Relevance,Irrelevant,Low Relevance,Low Relevance,Low Relevance,Low Relevance,Irrelevant,Irrelevant,Irrelevant,Irrelevant,Irrelevant,Irrelevant,Irrelevant,Irrelevant,Irrelevant,Irrelevant,Irrelevant,Irrelevant,Irrelevant,Irrelevant,Irrelevant,Irrelevant,Irrelevant,Irrelevant
ID1354,Irrelevant,Irrelevant,Irrelevant,Irrelevant,Irrelevant,Irrelevant,Irrelevant,Irrelevant,Irrelevant,Irrelevant,Irrelevant,High Relevance,Low Relevance,Irrelevant,Irrelevant,Irrelevant,Irrelevant,Irrelevant,Irrelevant,Irrelevant,Irrelevant,Irrelevant,Irrelevant,Irrelevant,Irrelevant,Irrelevant,Irrelevant,Irrelevant,Irrelevant,Irrelevant
ID1355,Low Relevance,Low Relevance,Low Relevance,Irrelevant,Irrelevant,Irrelevant,Irrelevant,Irrelevant,Irrelevant,Irrelevant,Irrelevant,Irrelevant,Irrelevant,Irrelevant,Irrelevant,Irrelevant,Irrelevant,Irrelevant,Irrelevant,Irrelevant,Irrelevant,Irrelevant,Irrelevant,Irrelevant,Irrelevant,Irrelevant,Irrelevant,Irrelevant,Irrelevant,Irrelevant
ID1356,Low Relevance,Low Relevance,Low Relevance,Low Relevance,Low Relevance,Low Relevance,Low Relevance,Irrelevant,Irrelevant,Irrelevant,Irrelevant,Irrelevant,Irrelevant,Irrelevant,Irrelevant,Irrelevant,Irrelevant,Irrelevant,Irrelevant,Irrelevant,Irrelevant,Irrelevant,Irrelevant,Irrelevant,Irrelevant,Irrelevant,Irrelevant,Irrelevant,Irrelevant,Irrelevant
ID1357,Irrelevant,Irrelevant,Irrelevant,Irrelevant,Irrelevant,Irrelevant,Irrelevant,Irrelevant,Irrelevant,Irrelevant,Irrelevant,Irrelevant,Irrelevant,Irrelevant,Irrelevant,Irrelevant,Irrelevant,Irrelevant,Irrelevant,Irrelevant,Irrelevant,Irrelevant,Irrelevant,Irrelevant,Irrelevant,Irrelevant,Irrelevant,Irrelevant,Irrelevant,Irrelevant
ID1359,Low Relevance,Irrelevant,Irrelevant,Irrelevant,Irrelevant,Irrelevant,Irrelevant,Irrelevant,Irrelevant,Irrelevant,Irrelevant,Irrelevant,Irrelevant,Irrelevant,Irrelevant,Irrelevant,Irrelevant,Irrelevant,Irrelevant,Irrelevant,Irrelevant,Irrelevant,Irrelevant,Irrelevant,Irrelevant,Irrelevant,Irrelevant,Irrelevant,Irrelevant,Irrelevant
ID1360,Low Relevance,Low Relevance,Low Relevance,Low Relevance,Low Relevance,Low Relevance,Low Relevance,Low Relevance,Low Relevance,Low Relevance,Low Relevance,Irrelevant,Irrelevant,Irrelevant,Irrelevant,Irrelevant,Irrelevant,Irrelevant,Irrelevant,Irrelevant,Irrelevant,Irrelevant,Irrelevant,Irrelevant,Irrelevant,Irrelevant,Irrelevant,Irrelevant,Irrelevant,Irrelevant
ID1362,Low Relevance,Low Relevance,Low Relevance,Low Relevance,Low Relevance,Low Relevance,Low Relevance,Low Relevance,Irrelevant,Irrelevant,Irrelevant,Irrelevant,Irrelevant,Irrelevant,Irrelevant,Irrelevant,Irrelevant,Irrelevant,Irrelevant,Irrelevant,Irrelevant,Irrelevant,Irrelevant,Irrelevant,Irrelevant,Irrelevant,Irrelevant,Irrelevant,Irrelevant,Irrelevant
ID1366,Low Relevance,Irrelevant,Low Relevance,Low Relevance,Low Relevance,Low Relevance,Low Relevance,Low Relevance,Low Relevance,Low Relevance,Low Relevance,Low Relevance,Irrelevant,Irrelevant,Irrelevant,Irrelevant,Irrelevant,Irrelevant,Irrelevant,Irrelevant,Irrelevant,Irrelevant,Irrelevant,Irrelevant,Irrelevant,Irrelevant,Irrelevant,Irrelevant,Irrelevant,Irrelevant
ID1368,Irrelevant,Irrelevant,Irrelevant,Irrelevant,Irrelevant,Irrelevant,Irrelevant,Irrelevant,Irrelevant,Irrelevant,Irrelevant,Irrelevant,Irrelevant,Irrelevant,Irrelevant,Irrelevant,Irrelevant,Irrelevant,Irrelevant,Irrelevant,Irrelevant,Irrelevant,Irrelevant,Irrelevant,Irrelevant,Irrelevant,Irrelevant,Irrelevant,Irrelevant,Irrelevant
ID1369,Low Relevance,Low Relevance,Low Relevance,Low Relevance,Low Relevance,Low Relevance,Low Relevance,Irrelevant,Irrelevant,Irrelevant,Irrelevant,Irrelevant,Irrelevant,Irrelevant,Irrelevant,Irrelevant,Irrelevant,Irrelevant,Irrelevant,Irrelevant,Irrelevant,Irrelevant,Irrelevant,Irrelevant,Irrelevant,Irrelevant,Irrelevant,Irrelevant,Irrelevant,Irrelevant
ID1371,Low Relevance,Irrelevant,Irrelevant,Low Relevance,Irrelevant,Irrelevant,Irrelevant,Irrelevant,Irrelevant,Irrelevant,Irrelevant,Irrelevant,Irrelevant,Irrelevant,Irrelevant,Irrelevant,Irrelevant,Irrelevant,Irrelevant,Irrelevant,Irrelevant,Irrelevant,Irrelevant,Irrelevant,Irrelevant,Irrelevant,Irrelevant,Irrelevant,Irrelevant,Irrelevant
ID1373,Irrelevant,Irrelevant,Irrelevant,Irrelevant,Irrelevant,Irrelevant,Irrelevant,Irrelevant,Irrelevant,Irrelevant,Irrelevant,Irrelevant,Irrelevant,Irrelevant,Irrelevant,Irrelevant,Irrelevant,Irrelevant,Irrelevant,Irrelevant,Irrelevant,Irrelevant,Irrelevant,Irrelevant,Irrelevant,Irrelevant,Irrelevant,Irrelevant,Irrelevant,Irrelevant
ID1374,Low Relevance,Low Relevance,Low Relevance,Low Relevance,Low Relevance,Low Relevance,Low Relevance,Low Relevance,Low Relevance,Low Relevance,Low Relevance,Low Relevance,Irrelevant,Irrelevant,Irrelevant,Irrelevant,Irrelevant,Irrelevant,Irrelevant,Irrelevant,Irrelevant,Irrelevant,Irrelevant,Irrelevant,Irrelevant,Irrelevant,Irrelevant,Irrelevant,Irrelevant,Irrelevant
ID1376,Low Relevance,Low Relevance,Low Relevance,Low Relevance,Low Relevance,Low Relevance,Low Relevance,Low Relevance,Low Relevance,Low Relevance,Low Relevance,Irrelevant,Irrelevant,Irrelevant,Irrelevant,Irrelevant,Irrelevant,Irrelevant,Irrelevant,Irrelevant,Irrelevant,Irrelevant,Irrelevant,Irrelevant,Irrelevant,Irrelevant,Irrelevant,Irrelevant,Irrelevant,Irrelevant
ID1377,Low Relevance,Irrelevant,Low Relevance,Irrelevant,Low Relevance,Low Relevance,Low Relevance,Irrelevant,Low Relevance,Low Relevance,Low Relevance,Low Relevance,Irrelevant,Irrelevant,Irrelevant,Irrelevant,Irrelevant,Irrelevant,Irrelevant,Irrelevant,Irrelevant,Irrelevant,Irrelevant,Irrelevant,Irrelevant,Irrelevant,Irrelevant,Irrelevant,Irrelevant,Irrelevant
ID1378,Low Relevance,Low Relevance,Low Relevance,Low Relevance,Low Relevance,Low Relevance,Low Relevance,Low Relevance,Low Relevance,Irrelevant,Irrelevant,Irrelevant,Irrelevant,Irrelevant,Irrelevant,Irrelevant,Irrelevant,Irrelevant,Irrelevant,Irrelevant,Irrelevant,Irrelevant,Irrelevant,Irrelevant,Irrelevant,Irrelevant,Irrelevant,Irrelevant,Irrelevant,Irrelevant
ID1380,High Relevance,Irrelevant,Irrelevant,Irrelevant,Irrelevant,Irrelevant,Irrelevant,Irrelevant,Irrelevant,Irrelevant,Irrelevant,Irrelevant,Irrelevant,Irrelevant,Irrelevant,Irrelevant,Irrelevant,Irrelevant,Irrelevant,Irrelevant,Irrelevant,Irrelevant,Irrelevant,Irrelevant,Irrelevant,Irrelevant,Irrelevant,Irrelevant,Irrelevant,Irrelevant
ID1381,Irrelevant,Irrelevant,Irrelevant,Irrelevant,Irrelevant,Irrelevant,Irrelevant,Irrelevant,Irrelevant,Irrelevant,Irrelevant,Irrelevant,Irrelevant,Irrelevant,Irrelevant,Irrelevant,Irrelevant,Irrelevant,Irrelevant,Irrelevant,Irrelevant,Irrelevant,Irrelevant,Irrelevant,Irrelevant,Irrelevant,Irrelevant,Irrelevant,Irrelevant,Irrelevant
ID1382,Irrelevant,Irrelevant,Irrelevant,Irrelevant,Irrelevant,Irrelevant,Irrelevant,Irrelevant,Irrelevant,Irrelevant,Irrelevant,Irrelevant,Irrelevant,Irrelevant,Irrelevant,Irrelevant,Irrelevant,Irrelevant,Irrelevant,Irrelevant,Irrelevant,Irrelevant,Irrelevant,Irrelevant,Irrelevant,Irrelevant,Irrelevant,Irrelevant,Irrelevant,Irrelevant
ID1383,Low Relevance,Irrelevant,Low Relevance,High Relevance,Low Relevance,Irrelevant,Irrelevant,Irrelevant,Irrelevant,Low Relevance,Irrelevant,Irrelevant,Irrelevant,Irrelevant,Irrelevant,Irrelevant,Irrelevant,Irrelevant,Irrelevant,Irrelevant,Irrelevant,Irrelevant,Irrelevant,Irrelevant,Irrelevant,Irrelevant,Irrelevant,Irrelevant,Irrelevant,Irrelevant
ID1384,Irrelevant,Low Relevance,Low Relevance,Irrelevant,High Relevance,Irrelevant,Irrelevant,Irrelevant,Irrelevant,Irrelevant,Irrelevant,Irrelevant,Irrelevant,Irrelevant,Irrelevant,Irrelevant,Irrelevant,Irrelevant,Irrelevant,Irrelevant,Irrelevant,Irrelevant,Irrelevant,Irrelevant,Irrelevant,Irrelevant,Irrelevant,Irrelevant,Irrelevant,Irrelevant
ID1385,Low Relevance,Low Relevance,Low Relevance,Low Relevance,Low Relevance,Low Relevance,Irrelevant,Irrelevant,Irrelevant,Irrelevant,Irrelevant,Irrelevant,Irrelevant,Irrelevant,Irrelevant,Irrelevant,Irrelevant,Irrelevant,Irrelevant,Irrelevant,Irrelevant,Irrelevant,Irrelevant,Irrelevant,Irrelevant,Irrelevant,Irrelevant,Irrelevant,Irrelevant,Irrelevant
ID1387,Low Relevance,Irrelevant,Irrelevant,Irrelevant,Irrelevant,Irrelevant,Irrelevant,Irrelevant,Irrelevant,Irrelevant,Irrelevant,Irrelevant,Irrelevant,Irrelevant,Irrelevant,Irrelevant,Irrelevant,Irrelevant,Irrelevant,Irrelevant,Irrelevant,Irrelevant,Irrelevant,Irrelevant,Irrelevant,Irrelevant,Irrelevant,Irrelevant,Irrelevant,Irrelevant
ID1388,Low Relevance,Irrelevant,Irrelevant,Irrelevant,Irrelevant,Irrelevant,Irrelevant,Irrelevant,Irrelevant,Irrelevant,Irrelevant,Irrelevant,Irrelevant,Irrelevant,Irrelevant,Irrelevant,Irrelevant,Irrelevant,Irrelevant,Irrelevant,Irrelevant,Irrelevant,Irrelevant,Irrelevant,Irrelevant,Irrelevant,Irrelevant,Irrelevant,Irrelevant,Irrelevant
ID1389,Low Relevance,Low Relevance,High Relevance,Low Relevance,Irrelevant,Irrelevant,Irrelevant,Irrelevant,Irrelevant,Irrelevant,Irrelevant,Irrelevant,Irrelevant,Irrelevant,Irrelevant,Irrelevant,Irrelevant,Irrelevant,Irrelevant,Irrelevant,Irrelevant,Irrelevant,Irrelevant,Irrelevant,Irrelevant,Irrelevant,Irrelevant,Irrelevant,Irrelevant,Irrelevant
ID1391,Irrelevant,Irrelevant,Irrelevant,Irrelevant,Irrelevant,Irrelevant,Irrelevant,Irrelevant,Irrelevant,Irrelevant,Irrelevant,Irrelevant,Irrelevant,Irrelevant,Irrelevant,Irrelevant,Irrelevant,Irrelevant,Irrelevant,Irrelevant,Irrelevant,Irrelevant,Irrelevant,Irrelevant,Irrelevant,Irrelevant,Irrelevant,Irrelevant,Irrelevant,Irrelevant
ID1392,Low Relevance,Low Relevance,Low Relevance,Low Relevance,Low Relevance,Low Relevance,Irrelevant,Irrelevant,Irrelevant,Irrelevant,Irrelevant,Irrelevant,Irrelevant,Irrelevant,Irrelevant,Irrelevant,Irrelevant,Irrelevant,Irrelevant,Irrelevant,Irrelevant,Irrelevant,Irrelevant,Irrelevant,Irrelevant,Irrelevant,Irrelevant,Irrelevant,Irrelevant,Irrelevant
ID1394,Low Relevance,Low Relevance,High Relevance,High Relevance,Low Relevance,Low Relevance,Low Relevance,Low Relevance,Low Relevance,Low Relevance,Low Relevance,High Relevance,Irrelevant,Irrelevant,Irrelevant,Irrelevant,Irrelevant,Irrelevant,Irrelevant,Irrelevant,Irrelevant,Irrelevant,Irrelevant,Irrelevant,Irrelevant,Irrelevant,Irrelevant,Irrelevant,Irrelevant,Irrelevant
ID1395,Low Relevance,Low Relevance,Low Relevance,Low Relevance,Low Relevance,Low Relevance,Low Relevance,Irrelevant,Irrelevant,Irrelevant,Irrelevant,Irrelevant,Irrelevant,Irrelevant,Irrelevant,Irrelevant,Irrelevant,Irrelevant,Irrelevant,Irrelevant,Irrelevant,Irrelevant,Irrelevant,Irrelevant,Irrelevant,Irrelevant,Irrelevant,Irrelevant,Irrelevant,Irrelevant
ID1396,Low Relevance,Irrelevant,Irrelevant,Irrelevant,Irrelevant,Irrelevant,Irrelevant,Irrelevant,Irrelevant,Irrelevant,Irrelevant,Irrelevant,Irrelevant,Irrelevant,Irrelevant,Irrelevant,Irrelevant,Irrelevant,Irrelevant,Irrelevant,Irrelevant,Irrelevant,Irrelevant,Irrelevant,Irrelevant,Irrelevant,Irrelevant,Irrelevant,Irrelevant,Irrelevant
ID1397,Low Relevance,Low Relevance,Low Relevance,Low Relevance,Low Relevance,Low Relevance,Low Relevance,High Relevance,Low Relevance,Irrelevant,Irrelevant,Irrelevant,Irrelevant,Irrelevant,Irrelevant,Irrelevant,Irrelevant,Irrelevant,Irrelevant,Irrelevant,Irrelevant,Irrelevant,Irrelevant,Irrelevant,Irrelevant,Irrelevant,Irrelevant,Irrelevant,Irrelevant,Irrelevant
ID1398,Low Relevance,Low Relevance,Low Relevance,Low Relevance,Low Relevance,Low Relevance,Low Relevance,Low Relevance,Low Relevance,Low Relevance,Low Relevance,Irrelevant,Irrelevant,Irrelevant,Irrelevant,Irrelevant,Irrelevant,Irrelevant,Irrelevant,Irrelevant,Irrelevant,Irrelevant,Irrelevant,Irrelevant,Irrelevant,Irrelevant,Irrelevant,Irrelevant,Irrelevant,Irrelevant
ID1399,Low Relevance,Irrelevant,Irrelevant,Low Relevance,Irrelevant,Irrelevant,Irrelevant,Irrelevant,Irrelevant,Irrelevant,Irrelevant,Irrelevant,Irrelevant,Irrelevant,Irrelevant,Irrelevant,Irrelevant,Irrelevant,Irrelevant,Irrelevant,Irrelevant,Irrelevant,Irrelevant,Irrelevant,Irrelevant,Irrelevant,Irrelevant,Irrelevant,Irrelevant,Irrelevant
ID1401,Irrelevant,Irrelevant,Irrelevant,Irrelevant,Irrelevant,Irrelevant,Irrelevant,Irrelevant,Irrelevant,Irrelevant,Irrelevant,Irrelevant,Irrelevant,Irrelevant,Irrelevant,Irrelevant,Irrelevant,Irrelevant,Irrelevant,Irrelevant,Irrelevant,Irrelevant,Irrelevant,Irrelevant,Irrelevant,Irrelevant,Irrelevant,Irrelevant,Irrelevant,Irrelevant
ID1402,Irrelevant,Irrelevant,Irrelevant,Irrelevant,Irrelevant,Irrelevant,Irrelevant,Irrelevant,Irrelevant,Irrelevant,Irrelevant,Irrelevant,Irrelevant,Irrelevant,Irrelevant,Irrelevant,Irrelevant,Irrelevant,Irrelevant,Irrelevant,Irrelevant,Irrelevant,Irrelevant,Irrelevant,Irrelevant,Irrelevant,Irrelevant,Irrelevant,Irrelevant,Irrelevant
ID1403,Irrelevant,Irrelevant,Irrelevant,Irrelevant,Irrelevant,Irrelevant,Irrelevant,Irrelevant,Irrelevant,Irrelevant,Irrelevant,Irrelevant,Irrelevant,Irrelevant,Irrelevant,Irrelevant,Irrelevant,Irrelevant,Irrelevant,Irrelevant,Irrelevant,Irrelevant,Irrelevant,Irrelevant,Irrelevant,Irrelevant,Irrelevant,Irrelevant,Irrelevant,Irrelevant
ID1405,Low Relevance,Low Relevance,Low Relevance,High Relevance,Low Relevance,Irrelevant,Irrelevant,Irrelevant,Irrelevant,Irrelevant,Irrelevant,Irrelevant,Irrelevant,Irrelevant,Irrelevant,Irrelevant,Irrelevant,Irrelevant,Irrelevant,Irrelevant,Irrelevant,Irrelevant,Irrelevant,Irrelevant,Irrelevant,Irrelevant,Irrelevant,Irrelevant,Irrelevant,Irrelevant
ID1409,Low Relevance,High Relevance,Low Relevance,Low Relevance,Low Relevance,Low Relevance,Low Relevance,Irrelevant,Irrelevant,Irrelevant,Irrelevant,Irrelevant,Irrelevant,Irrelevant,Irrelevant,Irrelevant,Irrelevant,Irrelevant,Irrelevant,Irrelevant,Irrelevant,Irrelevant,Irrelevant,Irrelevant,Irrelevant,Irrelevant,Irrelevant,Irrelevant,Irrelevant,Irrelevant
ID1411,Low Relevance,High Relevance,Low Relevance,Low Relevance,Low Relevance,High Relevance,Low Relevance,Low Relevance,Low Relevance,Low Relevance,Low Relevance,High Relevance,Irrelevant,Irrelevant,Irrelevant,Irrelevant,Irrelevant,Irrelevant,Irrelevant,Irrelevant,Irrelevant,Irrelevant,Irrelevant,Irrelevant,Irrelevant,Irrelevant,Irrelevant,Irrelevant,Irrelevant,Irrelevant
ID1413,Low Relevance,Low Relevance,Low Relevance,Low Relevance,Low Relevance,Low Relevance,Low Relevance,Low Relevance,Low Relevance,Low Relevance,Low Relevance,Irrelevant,Irrelevant,Irrelevant,Irrelevant,Irrelevant,Irrelevant,Irrelevant,Irrelevant,Irrelevant,Irrelevant,Irrelevant,Irrelevant,Irrelevant,Irrelevant,Irrelevant,Irrelevant,Irrelevant,Irrelevant,Irrelevant
ID1414,Irrelevant,Irrelevant,Irrelevant,Irrelevant,Irrelevant,Irrelevant,Irrelevant,Irrelevant,Irrelevant,Irrelevant,Irrelevant,Irrelevant,Irrelevant,Irrelevant,Irrelevant,Irrelevant,Irrelevant,Irrelevant,Irrelevant,Irrelevant,Irrelevant,Irrelevant,Irrelevant,Irrelevant,Irrelevant,Irrelevant,Irrelevant,Irrelevant,Irrelevant,Irrelevant
ID1416,Irrelevant,Irrelevant,Low Relevance,Irrelevant,Low Relevance,Irrelevant,Irrelevant,Irrelevant,Irrelevant,Irrelevant,Irrelevant,Irrelevant,Irrelevant,Irrelevant,Irrelevant,Irrelevant,Irrelevant,Irrelevant,Irrelevant,Irrelevant,Irrelevant,Irrelevant,Irrelevant,Irrelevant,Irrelevant,Irrelevant,Irrelevant,Irrelevant,Irrelevant,Irrelevant
ID1418,Low Relevance,Low Relevance,Low Relevance,Low Relevance,Low Relevance,Low Relevance,Low Relevance,Low Relevance,Irrelevant,Irrelevant,Low Relevance,Low Relevance,Irrelevant,Irrelevant,Irrelevant,Irrelevant,Irrelevant,Irrelevant,Irrelevant,Irrelevant,Irrelevant,Irrelevant,Irrelevant,Irrelevant,Irrelevant,Irrelevant,Irrelevant,Irrelevant,Irrelevant,Irrelevant
ID1419,Irrelevant,Irrelevant,Irrelevant,Irrelevant,Irrelevant,Irrelevant,Irrelevant,Irrelevant,Irrelevant,Irrelevant,Irrelevant,Irrelevant,Irrelevant,Irrelevant,Irrelevant,Irrelevant,Irrelevant,Irrelevant,Irrelevant,Irrelevant,Irrelevant,Irrelevant,Irrelevant,Irrelevant,Irrelevant,Irrelevant,Irrelevant,Irrelevant,Irrelevant,Irrelevant
ID1421,Low Relevance,Low Relevance,Low Relevance,Low Relevance,Low Relevance,Low Relevance,Low Relevance,Low Relevance,High Relevance,Low Relevance,Low Relevance,High Relevance,Irrelevant,Irrelevant,Irrelevant,Irrelevant,Irrelevant,Irrelevant,Irrelevant,Irrelevant,Irrelevant,Irrelevant,Irrelevant,Irrelevant,Irrelevant,Irrelevant,Irrelevant,Irrelevant,Irrelevant,Irrelevant
ID1422,Irrelevant,Irrelevant,Irrelevant,Irrelevant,Irrelevant,Irrelevant,Irrelevant,Irrelevant,Irrelevant,Irrelevant,Irrelevant,Irrelevant,Irrelevant,Irrelevant,Irrelevant,Irrelevant,Irrelevant,Irrelevant,Irrelevant,Irrelevant,Irrelevant,Irrelevant,Irrelevant,Irrelevant,Irrelevant,Irrelevant,Irrelevant,Irrelevant,Irrelevant,Irrelevant
ID1423,Low Relevance,Low Relevance,Low Relevance,Low Relevance,Low Relevance,Irrelevant,Irrelevant,Irrelevant,Irrelevant,Irrelevant,Irrelevant,Irrelevant,Irrelevant,Irrelevant,Irrelevant,Irrelevant,Irrelevant,Irrelevant,Irrelevant,Irrelevant,Irrelevant,Irrelevant,Irrelevant,Irrelevant,Irrelevant,Irrelevant,Irrelevant,Irrelevant,Irrelevant,Irrelevant
ID1425,Low Relevance,Low Relevance,Low Relevance,Low Relevance,Low Relevance,Low Relevance,Irrelevant,Irrelevant,Irrelevant,Irrelevant,Irrelevant,Irrelevant,Irrelevant,Irrelevant,Irrelevant,Irrelevant,Irrelevant,Irrelevant,Irrelevant,Irrelevant,Irrelevant,Irrelevant,Irrelevant,Irrelevant,Irrelevant,Irrelevant,Irrelevant,Irrelevant,Irrelevant,Irrelevant
ID1426,Low Relevance,Irrelevant,Low Relevance,Low Relevance,Irrelevant,Irrelevant,Irrelevant,Irrelevant,Irrelevant,Irrelevant,Irrelevant,Irrelevant,Irrelevant,Irrelevant,Irrelevant,Irrelevant,Irrelevant,Irrelevant,Irrelevant,Irrelevant,Irrelevant,Irrelevant,Irrelevant,Irrelevant,Irrelevant,Irrelevant,Irrelevant,Irrelevant,Irrelevant,Irrelevant
ID1428,Low Relevance,Irrelevant,Irrelevant,Low Relevance,Irrelevant,Irrelevant,Irrelevant,Irrelevant,Irrelevant,Irrelevant,Irrelevant,Irrelevant,Irrelevant,Irrelevant,Irrelevant,Irrelevant,Irrelevant,Irrelevant,Irrelevant,Irrelevant,Irrelevant,Irrelevant,Irrelevant,Irrelevant,Irrelevant,Irrelevant,Irrelevant,Irrelevant,Irrelevant,Irrelevant
ID1429,Low Relevance,Irrelevant,Irrelevant,Irrelevant,Irrelevant,Irrelevant,Irrelevant,Irrelevant,Irrelevant,Irrelevant,Irrelevant,Irrelevant,Irrelevant,Irrelevant,Irrelevant,Irrelevant,Irrelevant,Irrelevant,Irrelevant,Irrelevant,Irrelevant,Irrelevant,Irrelevant,Irrelevant,Irrelevant,Irrelevant,Irrelevant,Irrelevant,Irrelevant,Irrelevant
ID1430,Low Relevance,Low Relevance,Low Relevance,Low Relevance,Low Relevance,Low Relevance,Low Relevance,Low Relevance,Low Relevance,Low Relevance,Low Relevance,Low Relevance,Irrelevant,Irrelevant,Irrelevant,Irrelevant,Irrelevant,Irrelevant,Irrelevant,Irrelevant,Irrelevant,Irrelevant,Irrelevant,Irrelevant,Irrelevant,Irrelevant,Irrelevant,Irrelevant,Irrelevant,Irrelevant
ID1431,Low Relevance,High Relevance,Irrelevant,Irrelevant,Irrelevant,Irrelevant,Irrelevant,Irrelevant,Low Relevance,Irrelevant,Irrelevant,Irrelevant,Irrelevant,Irrelevant,Irrelevant,Irrelevant,Irrelevant,Irrelevant,Irrelevant,Irrelevant,Irrelevant,Irrelevant,Irrelevant,Irrelevant,Irrelevant,Irrelevant,Irrelevant,Irrelevant,Irrelevant,Irrelevant
ID1432,Low Relevance,Low Relevance,Low Relevance,Low Relevance,Low Relevance,Low Relevance,Irrelevant,Irrelevant,Irrelevant,Irrelevant,Irrelevant,Irrelevant,Irrelevant,Irrelevant,Irrelevant,Irrelevant,Irrelevant,Irrelevant,Irrelevant,Irrelevant,Irrelevant,Irrelevant,Irrelevant,Irrelevant,Irrelevant,Irrelevant,Irrelevant,Irrelevant,Irrelevant,Irrelevant
ID1434,Irrelevant,Irrelevant,Irrelevant,Irrelevant,Irrelevant,Irrelevant,Irrelevant,Irrelevant,Irrelevant,Irrelevant,Irrelevant,Irrelevant,Irrelevant,Irrelevant,Irrelevant,Irrelevant,Irrelevant,Irrelevant,Irrelevant,Irrelevant,Irrelevant,Irrelevant,Irrelevant,Irrelevant,Irrelevant,Irrelevant,Irrelevant,Irrelevant,Irrelevant,Irrelevant
ID1438,Irrelevant,Irrelevant,Irrelevant,Irrelevant,Irrelevant,Irrelevant,Irrelevant,Irrelevant,Irrelevant,Irrelevant,Irrelevant,Irrelevant,Irrelevant,Irrelevant,Irrelevant,Irrelevant,Irrelevant,Irrelevant,Irrelevant,Irrelevant,Irrelevant,Irrelevant,Irrelevant,Irrelevant,Irrelevant,Irrelevant,Irrelevant,Irrelevant,Irrelevant,Irrelevant
ID1439,Low Relevance,Low Relevance,Low Relevance,Low Relevance,Low Relevance,Low Relevance,Low Relevance,Low Relevance,Irrelevant,Irrelevant,Irrelevant,Irrelevant,Irrelevant,Irrelevant,Irrelevant,Irrelevant,Irrelevant,Irrelevant,Irrelevant,Irrelevant,Irrelevant,Irrelevant,Irrelevant,Irrelevant,Irrelevant,Irrelevant,Irrelevant,Irrelevant,Irrelevant,Irrelevant
ID1442,Low Relevance,High Relevance,Low Relevance,Low Relevance,Irrelevant,Low Relevance,Low Relevance,Low Relevance,Irrelevant,Irrelevant,Irrelevant,Irrelevant,Irrelevant,Irrelevant,Irrelevant,Irrelevant,Irrelevant,Irrelevant,Irrelevant,Irrelevant,Irrelevant,Irrelevant,Irrelevant,Irrelevant,Irrelevant,Irrelevant,Irrelevant,Irrelevant,Irrelevant,Irrelevant
ID1445,Irrelevant,Irrelevant,Irrelevant,Low Relevance,Irrelevant,Irrelevant,Irrelevant,Irrelevant,Irrelevant,Irrelevant,Irrelevant,Irrelevant,Irrelevant,Irrelevant,Irrelevant,Irrelevant,Irrelevant,Irrelevant,Irrelevant,Irrelevant,Irrelevant,Irrelevant,Irrelevant,Irrelevant,Irrelevant,Irrelevant,Irrelevant,Irrelevant,Irrelevant,Irrelevant
ID1446,Low Relevance,Low Relevance,Low Relevance,High Relevance,Low Relevance,Low Relevance,Low Relevance,Low Relevance,Irrelevant,Irrelevant,Irrelevant,Irrelevant,Irrelevant,Irrelevant,Irrelevant,Irrelevant,Irrelevant,Irrelevant,Irrelevant,Irrelevant,Irrelevant,Irrelevant,Irrelevant,Irrelevant,Irrelevant,Irrelevant,Irrelevant,Irrelevant,Irrelevant,Irrelevant
ID1448,Low Relevance,Irrelevant,Irrelevant,Irrelevant,Irrelevant,Irrelevant,Irrelevant,Irrelevant,Irrelevant,Irrelevant,Irrelevant,Irrelevant,Irrelevant,Irrelevant,Irrelevant,Irrelevant,Irrelevant,Irrelevant,Irrelevant,Irrelevant,Irrelevant,Irrelevant,Irrelevant,Irrelevant,Irrelevant,Irrelevant,Irrelevant,Irrelevant,Irrelevant,Irrelevant
ID1449,Low Relevance,Low Relevance,Low Relevance,High Relevance,Low Relevance,Low Relevance,Low Relevance,Low Relevance,Irrelevant,Irrelevant,Irrelevant,Irrelevant,Irrelevant,Irrelevant,Irrelevant,Irrelevant,Irrelevant,Irrelevant,Irrelevant,Irrelevant,Irrelevant,Irrelevant,Irrelevant,Irrelevant,Irrelevant,Irrelevant,Irrelevant,Irrelevant,Irrelevant,Irrelevant
ID1450,Low Relevance,Low Relevance,Low Relevance,Low Relevance,Low Relevance,Low Relevance,Low Relevance,Low Relevance,Low Relevance,Low Relevance,Low Relevance,Low Relevance,Irrelevant,Irrelevant,Irrelevant,Irrelevant,Irrelevant,Irrelevant,Irrelevant,Irrelevant,Irrelevant,Irrelevant,Irrelevant,Irrelevant,Irrelevant,Irrelevant,Irrelevant,Irrelevant,Irrelevant,Irrelevant
ID1452,Low Relevance,Low Relevance,Low Relevance,Low Relevance,Low Relevance,Low Relevance,Low Relevance,Irrelevant,Low Relevance,Irrelevant,Irrelevant,Irrelevant,Irrelevant,Irrelevant,Irrelevant,Irrelevant,Irrelevant,Irrelevant,Irrelevant,Irrelevant,Irrelevant,Irrelevant,Irrelevant,Irrelevant,Irrelevant,Irrelevant,Irrelevant,Irrelevant,Irrelevant,Irrelevant
ID1453,Low Relevance,Low Relevance,Low Relevance,Low Relevance,Low Relevance,Low Relevance,Irrelevant,Low Relevance,Irrelevant,Irrelevant,Irrelevant,Irrelevant,Irrelevant,Irrelevant,Irrelevant,Irrelevant,Irrelevant,Irrelevant,Irrelevant,Irrelevant,Irrelevant,Irrelevant,Irrelevant,Irrelevant,Irrelevant,Irrelevant,Irrelevant,Irrelevant,Irrelevant,Irrelevant
ID1454,Low Relevance,Low Relevance,Low Relevance,High Relevance,Low Relevance,High Relevance,High Relevance,Irrelevant,Irrelevant,Irrelevant,Irrelevant,Irrelevant,Irrelevant,Irrelevant,Irrelevant,Irrelevant,Irrelevant,Irrelevant,Irrelevant,Irrelevant,Irrelevant,Irrelevant,Irrelevant,Irrelevant,Irrelevant,Irrelevant,Irrelevant,Irrelevant,Irrelevant,Irrelevant
ID1457,Low Relevance,Irrelevant,Low Relevance,Low Relevance,Low Relevance,Low Relevance,Low Relevance,Low Relevance,Low Relevance,Irrelevant,Low Relevance,Low Relevance,Irrelevant,Irrelevant,Irrelevant,Irrelevant,Irrelevant,Irrelevant,Irrelevant,Irrelevant,Irrelevant,Irrelevant,Irrelevant,Irrelevant,Irrelevant,Irrelevant,Irrelevant,Irrelevant,Irrelevant,Irrelevant
ID1458,Irrelevant,Irrelevant,Irrelevant,Irrelevant,Irrelevant,Irrelevant,Irrelevant,Irrelevant,Irrelevant,Irrelevant,Irrelevant,Irrelevant,Irrelevant,Irrelevant,Irrelevant,Irrelevant,Irrelevant,Irrelevant,Irrelevant,Irrelevant,Irrelevant,Irrelevant,Irrelevant,Irrelevant,Irrelevant,Irrelevant,Irrelevant,Irrelevant,Irrelevant,Irrelevant
ID1459,Low Relevance,Low Relevance,Low Relevance,Low Relevance,Low Relevance,Low Relevance,Low Relevance,Low Relevance,Low Relevance,Low Relevance,Irrelevant,Irrelevant,Irrelevant,Irrelevant,Irrelevant,Irrelevant,Irrelevant,Irrelevant,Irrelevant,Irrelevant,Irrelevant,Irrelevant,Irrelevant,Irrelevant,Irrelevant,Irrelevant,Irrelevant,Irrelevant,Irrelevant,Irrelevant
ID1460,Low Relevance,Irrelevant,Irrelevant,Irrelevant,Irrelevant,Irrelevant,Irrelevant,Irrelevant,Irrelevant,Irrelevant,Irrelevant,Irrelevant,Irrelevant,Irrelevant,Irrelevant,Irrelevant,Irrelevant,Irrelevant,Irrelevant,Irrelevant,Irrelevant,Irrelevant,Irrelevant,Irrelevant,Irrelevant,Irrelevant,Irrelevant,Irrelevant,Irrelevant,Irrelevant
ID1462,High Relevance,Irrelevant,Irrelevant,Irrelevant,Irrelevant,Irrelevant,Irrelevant,Irrelevant,Irrelevant,Irrelevant,Irrelevant,Irrelevant,Irrelevant,Irrelevant,Irrelevant,Irrelevant,Irrelevant,Irrelevant,Irrelevant,Irrelevant,Irrelevant,Irrelevant,Irrelevant,Irrelevant,Irrelevant,Irrelevant,Irrelevant,Irrelevant,Irrelevant,Irrelevant
ID1463,High Relevance,Irrelevant,Irrelevant,Irrelevant,Irrelevant,Irrelevant,Irrelevant,Irrelevant,Irrelevant,Irrelevant,Irrelevant,Irrelevant,Irrelevant,Irrelevant,Irrelevant,Irrelevant,Irrelevant,Irrelevant,Irrelevant,Irrelevant,Irrelevant,Irrelevant,Irrelevant,Irrelevant,Irrelevant,Irrelevant,Irrelevant,Irrelevant,Irrelevant,Irrelevant
ID1464,Irrelevant,Irrelevant,Irrelevant,Irrelevant,Irrelevant,Irrelevant,Irrelevant,Irrelevant,Irrelevant,Irrelevant,Irrelevant,Irrelevant,Irrelevant,Irrelevant,Irrelevant,Irrelevant,Irrelevant,Irrelevant,Irrelevant,Irrelevant,Irrelevant,Irrelevant,Irrelevant,Irrelevant,Irrelevant,Irrelevant,Irrelevant,Irrelevant,Irrelevant,Irrelevant
ID1466,Low Relevance,Low Relevance,Low Relevance,High Relevance,Low Relevance,Irrelevant,Low Relevance,Low Relevance,Low Relevance,Irrelevant,Irrelevant,Irrelevant,Irrelevant,Irrelevant,Irrelevant,Irrelevant,Irrelevant,Irrelevant,Irrelevant,Irrelevant,Irrelevant,Irrelevant,Irrelevant,Irrelevant,Irrelevant,Irrelevant,Irrelevant,Irrelevant,Irrelevant,Irrelevant
ID1467,Low Relevance,Low Relevance,Low Relevance,Low Relevance,Low Relevance,Low Relevance,Low Relevance,High Relevance,Low Relevance,Low Relevance,Low Relevance,Irrelevant,Irrelevant,Irrelevant,Irrelevant,Irrelevant,Irrelevant,Irrelevant,Irrelevant,Irrelevant,Irrelevant,Irrelevant,Irrelevant,Irrelevant,Irrelevant,Irrelevant,Irrelevant,Irrelevant,Irrelevant,Irrelevant
ID1468,Low Relevance,Low Relevance,Low Relevance,Low Relevance,Irrelevant,Low Relevance,Low Relevance,High Relevance,Low Relevance,Low Relevance,Irrelevant,Irrelevant,Irrelevant,Irrelevant,Irrelevant,Irrelevant,Irrelevant,Irrelevant,Irrelevant,Irrelevant,Irrelevant,Irrelevant,Irrelevant,Irrelevant,Irrelevant,Irrelevant,Irrelevant,Irrelevant,Irrelevant,Irrelevant
ID1469,Low Relevance,Low Relevance,Low Relevance,Low Relevance,Low Relevance,Low Relevance,Low Relevance,Low Relevance,Low Relevance,Low Relevance,Low Relevance,Irrelevant,Irrelevant,Irrelevant,Irrelevant,Irrelevant,Irrelevant,Irrelevant,Irrelevant,Irrelevant,Irrelevant,Irrelevant,Irrelevant,Irrelevant,Irrelevant,Irrelevant,Irrelevant,Irrelevant,Irrelevant,Irrelevant
ID1474,Low Relevance,Low Relevance,Low Relevance,Low Relevance,Low Relevance,Low Relevance,Low Relevance,Irrelevant,Irrelevant,Irrelevant,Irrelevant,Irrelevant,Irrelevant,Irrelevant,Irrelevant,Irrelevant,Irrelevant,Irrelevant,Irrelevant,Irrelevant,Irrelevant,Irrelevant,Irrelevant,Irrelevant,Irrelevant,Irrelevant,Irrelevant,Irrelevant,Irrelevant,Irrelevant
ID1475,Low Relevance,Low Relevance,Low Relevance,Low Relevance,Low Relevance,Low Relevance,Low Relevance,Low Relevance,Low Relevance,Irrelevant,Irrelevant,Irrelevant,Irrelevant,Irrelevant,Irrelevant,Irrelevant,Irrelevant,Irrelevant,Irrelevant,Irrelevant,Irrelevant,Irrelevant,Irrelevant,Irrelevant,Irrelevant,Irrelevant,Irrelevant,Irrelevant,Irrelevant,Irrelevant
ID1476,Irrelevant,Irrelevant,Irrelevant,Irrelevant,Irrelevant,Irrelevant,Irrelevant,Irrelevant,Irrelevant,Irrelevant,Irrelevant,Irrelevant,Irrelevant,Irrelevant,Irrelevant,Irrelevant,Irrelevant,Irrelevant,Irrelevant,Irrelevant,Irrelevant,Irrelevant,Irrelevant,Irrelevant,Irrelevant,Irrelevant,Irrelevant,Irrelevant,Irrelevant,Irrelevant
ID1477,Irrelevant,Irrelevant,Irrelevant,Irrelevant,Irrelevant,Irrelevant,Irrelevant,Irrelevant,Irrelevant,Irrelevant,Irrelevant,Irrelevant,Irrelevant,Irrelevant,Irrelevant,Irrelevant,Irrelevant,Irrelevant,Irrelevant,Irrelevant,Irrelevant,Irrelevant,Irrelevant,Irrelevant,Irrelevant,Irrelevant,Irrelevant,Irrelevant,Irrelevant,Irrelevant
ID1479,Low Relevance,Low Relevance,Low Relevance,Low Relevance,Irrelevant,Low Relevance,Low Relevance,Irrelevant,Irrelevant,Irrelevant,Irrelevant,Irrelevant,Irrelevant,Irrelevant,Irrelevant,Irrelevant,Irrelevant,Irrelevant,Irrelevant,Irrelevant,Irrelevant,Irrelevant,Irrelevant,Irrelevant,Irrelevant,Irrelevant,Irrelevant,Irrelevant,Irrelevant,Irrelevant
ID1480,Low Relevance,Low Relevance,Low Relevance,Low Relevance,Low Relevance,Low Relevance,Low Relevance,Irrelevant,Irrelevant,Irrelevant,Irrelevant,Irrelevant,Irrelevant,Irrelevant,Irrelevant,Irrelevant,Irrelevant,Irrelevant,Irrelevant,Irrelevant,Irrelevant,Irrelevant,Irrelevant,Irrelevant,Irrelevant,Irrelevant,Irrelevant,Irrelevant,Irrelevant,Irrelevant
ID1481,Low Relevance,Low Relevance,Low Relevance,Low Relevance,Low Relevance,Low Relevance,Low Relevance,Low Relevance,Low Relevance,Low Relevance,Low Relevance,Low Relevance,Irrelevant,Irrelevant,Irrelevant,Irrelevant,Irrelevant,Irrelevant,Irrelevant,Irrelevant,Irrelevant,Irrelevant,Irrelevant,Irrelevant,Irrelevant,Irrelevant,Irrelevant,Irrelevant,Irrelevant,Irrelevant
ID1483,Irrelevant,Irrelevant,Irrelevant,Irrelevant,Irrelevant,Irrelevant,Irrelevant,Irrelevant,Irrelevant,Irrelevant,Irrelevant,Irrelevant,Irrelevant,Irrelevant,Irrelevant,Irrelevant,Irrelevant,Irrelevant,Irrelevant,Irrelevant,Irrelevant,Irrelevant,Irrelevant,Irrelevant,Irrelevant,Irrelevant,Irrelevant,Irrelevant,Irrelevant,Irrelevant
ID1485,Irrelevant,Irrelevant,Irrelevant,Irrelevant,Irrelevant,Irrelevant,Irrelevant,Irrelevant,Irrelevant,Irrelevant,Irrelevant,Irrelevant,Irrelevant,Irrelevant,Irrelevant,Irrelevant,Irrelevant,Irrelevant,Irrelevant,Irrelevant,Irrelevant,Irrelevant,Irrelevant,Irrelevant,Irrelevant,Irrelevant,Irrelevant,Irrelevant,Irrelevant,Irrelevant
ID1486,Irrelevant,Irrelevant,Irrelevant,Irrelevant,Irrelevant,Irrelevant,Irrelevant,Irrelevant,Irrelevant,Irrelevant,Irrelevant,Irrelevant,Irrelevant,Irrelevant,Irrelevant,Irrelevant,Irrelevant,Irrelevant,Irrelevant,Irrelevant,Irrelevant,Irrelevant,Irrelevant,Irrelevant,Irrelevant,Irrelevant,Irrelevant,Irrelevant,Irrelevant,Irrelevant
ID1488,Low Relevance,Low Relevance,Low Relevance,Low Relevance,Low Relevance,Low Relevance,Low Relevance,Low Relevance,Low Relevance,Low Relevance,Irrelevant,Irrelevant,Irrelevant,Irrelevant,Irrelevant,Irrelevant,Irrelevant,Irrelevant,Irrelevant,Irrelevant,Irrelevant,Irrelevant,Irrelevant,Irrelevant,Irrelevant,Irrelevant,Irrelevant,Irrelevant,Irrelevant,Irrelevant
ID1489,Low Relevance,Low Relevance,Low Relevance,Low Relevance,High Relevance,Low Relevance,Low Relevance,High Relevance,Low Relevance,Irrelevant,Irrelevant,Irrelevant,Irrelevant,Irrelevant,Irrelevant,Irrelevant,Irrelevant,Irrelevant,Irrelevant,Irrelevant,Irrelevant,Irrelevant,Irrelevant,Irrelevant,Irrelevant,Irrelevant,Irrelevant,Irrelevant,Irrelevant,Irrelevant
ID1490,Low Relevance,Irrelevant,Irrelevant,Irrelevant,Low Relevance,Low Relevance,Low Relevance,Low Relevance,Low Relevance,Low Relevance,Irrelevant,Irrelevant,Irrelevant,Irrelevant,Irrelevant,Irrelevant,Irrelevant,Irrelevant,Irrelevant,Irrelevant,Irrelevant,Irrelevant,Irrelevant,Irrelevant,Irrelevant,Irrelevant,Irrelevant,Irrelevant,Irrelevant,Irrelevant
ID1491,Irrelevant,Irrelevant,Irrelevant,Irrelevant,Irrelevant,Irrelevant,Irrelevant,Irrelevant,Irrelevant,Irrelevant,Irrelevant,Irrelevant,Irrelevant,Irrelevant,Irrelevant,Irrelevant,Irrelevant,Irrelevant,Irrelevant,Irrelevant,Irrelevant,Irrelevant,Irrelevant,Irrelevant,Irrelevant,Irrelevant,Irrelevant,Irrelevant,Irrelevant,Irrelevant
ID1492,Irrelevant,Irrelevant,Irrelevant,Irrelevant,Irrelevant,Irrelevant,Irrelevant,Irrelevant,Irrelevant,Irrelevant,Irrelevant,Irrelevant,Irrelevant,Irrelevant,Irrelevant,Irrelevant,Irrelevant,Irrelevant,Irrelevant,Irrelevant,Irrelevant,Irrelevant,Irrelevant,Irrelevant,Irrelevant,Irrelevant,Irrelevant,Irrelevant,Irrelevant,Irrelevant
ID1494,Irrelevant,Irrelevant,Low Relevance,Low Relevance,Irrelevant,Irrelevant,Irrelevant,Irrelevant,Irrelevant,Irrelevant,Irrelevant,Irrelevant,Irrelevant,Irrelevant,Irrelevant,Irrelevant,Irrelevant,Irrelevant,Irrelevant,Irrelevant,Irrelevant,Irrelevant,Irrelevant,Irrelevant,Irrelevant,Irrelevant,Irrelevant,Irrelevant,Irrelevant,Irrelevant
ID1495,Low Relevance,Low Relevance,Low Relevance,Low Relevance,High Relevance,Low Relevance,Low Relevance,Low Relevance,Low Relevance,Low Relevance,Irrelevant,Irrelevant,Irrelevant,Irrelevant,Irrelevant,Irrelevant,Irrelevant,Irrelevant,Irrelevant,Irrelevant,Irrelevant,Irrelevant,Irrelevant,Irrelevant,Irrelevant,Irrelevant,Irrelevant,Irrelevant,Irrelevant,Irrelevant
ID1496,Low Relevance,Low Relevance,Low Relevance,Low Relevance,Low Relevance,Low Relevance,Irrelevant,Irrelevant,Irrelevant,Irrelevant,Irrelevant,Irrelevant,Irrelevant,Irrelevant,Irrelevant,Irrelevant,Irrelevant,Irrelevant,Irrelevant,Irrelevant,Irrelevant,Irrelevant,Irrelevant,Irrelevant,Irrelevant,Irrelevant,Irrelevant,Irrelevant,Irrelevant,Irrelevant
ID1500,Low Relevance,Irrelevant,Irrelevant,Irrelevant,Irrelevant,Irrelevant,Irrelevant,Irrelevant,Irrelevant,Irrelevant,Irrelevant,Irrelevant,Irrelevant,Irrelevant,Irrelevant,Irrelevant,Irrelevant,Irrelevant,Irrelevant,Irrelevant,Irrelevant,Irrelevant,Irrelevant,Irrelevant,Irrelevant,Irrelevant,Irrelevant,Irrelevant,Irrelevant,Irrelevant
ID1501,Low Relevance,Low Relevance,Low Relevance,Low Relevance,Low Relevance,Irrelevant,Irrelevant,Irrelevant,Irrelevant,Irrelevant,Irrelevant,Irrelevant,Irrelevant,Irrelevant,Irrelevant,Irrelevant,Irrelevant,Irrelevant,Irrelevant,Irrelevant,Irrelevant,Irrelevant,Irrelevant,Irrelevant,Irrelevant,Irrelevant,Irrelevant,Irrelevant,Irrelevant,Irrelevant
ID1504,Irrelevant,Irrelevant,Irrelevant,Irrelevant,Irrelevant,Irrelevant,Irrelevant,Irrelevant,Irrelevant,Irrelevant,Irrelevant,Irrelevant,Irrelevant,Irrelevant,Irrelevant,Irrelevant,Irrelevant,Irrelevant,Irrelevant,Irrelevant,Irrelevant,Irrelevant,Irrelevant,Irrelevant,Irrelevant,Irrelevant,Irrelevant,Irrelevant,Irrelevant,Irrelevant
ID1505,Irrelevant,Low Relevance,Low Relevance,Low Relevance,Low Relevance,Irrelevant,Irrelevant,Irrelevant,Irrelevant,Low Relevance,Low Relevance,Low Relevance,Low Relevance,Low Relevance,Irrelevant,Irrelevant,Irrelevant,Irrelevant,Irrelevant,Irrelevant,Irrelevant,Irrelevant,Irrelevant,Irrelevant,Irrelevant,Irrelevant,Irrelevant,Irrelevant,Irrelevant,Irrelevant
ID1506,Low Relevance,Irrelevant,Irrelevant,Irrelevant,Irrelevant,Irrelevant,Irrelevant,Irrelevant,Irrelevant,Irrelevant,Irrelevant,Irrelevant,Irrelevant,Irrelevant,Irrelevant,Irrelevant,Irrelevant,Irrelevant,Irrelevant,Irrelevant,Irrelevant,Irrelevant,Irrelevant,Irrelevant,Irrelevant,Irrelevant,Irrelevant,Irrelevant,Irrelevant,Irrelevant
ID1507,Irrelevant,Irrelevant,Irrelevant,Irrelevant,Irrelevant,Irrelevant,Irrelevant,Irrelevant,Irrelevant,Irrelevant,Irrelevant,Irrelevant,Irrelevant,Irrelevant,Irrelevant,Irrelevant,Irrelevant,Irrelevant,Irrelevant,Irrelevant,Irrelevant,Irrelevant,Irrelevant,Irrelevant,Irrelevant,Irrelevant,Irrelevant,Irrelevant,Irrelevant,Irrelevant
ID1508,High Relevance,Low Relevance,Low Relevance,Low Relevance,Low Relevance,Low Relevance,Low Relevance,Low Relevance,Low Relevance,Low Relevance,Low Relevance,Low Relevance,Irrelevant,Irrelevant,Irrelevant,Irrelevant,Irrelevant,Irrelevant,Irrelevant,Irrelevant,Irrelevant,Irrelevant,Irrelevant,Irrelevant,Irrelevant,Irrelevant,Irrelevant,Irrelevant,Irrelevant,Irrelevant
ID1510,Low Relevance,Low Relevance,Low Relevance,Low Relevance,Low Relevance,Low Relevance,Low Relevance,Low Relevance,Irrelevant,Irrelevant,Irrelevant,Irrelevant,Irrelevant,Irrelevant,Irrelevant,Irrelevant,Irrelevant,Irrelevant,Irrelevant,Irrelevant,Irrelevant,Irrelevant,Irrelevant,Irrelevant,Irrelevant,Irrelevant,Irrelevant,Irrelevant,Irrelevant,Irrelevant
ID1513,Low Relevance,Low Relevance,Low Relevance,Low Relevance,Low Relevance,Low Relevance,Low Relevance,Low Relevance,Low Relevance,Low Relevance,Low Relevance,Low Relevance,Irrelevant,Irrelevant,Irrelevant,Irrelevant,Irrelevant,Irrelevant,Irrelevant,Irrelevant,Irrelevant,Irrelevant,Irrelevant,Irrelevant,Irrelevant,Irrelevant,Irrelevant,Irrelevant,Irrelevant,Irrelevant
ID1514,Low Relevance,Low Relevance,Low Relevance,Low Relevance,Low Relevance,Low Relevance,Low Relevance,Low Relevance,Low Relevance,Low Relevance,Low Relevance,Irrelevant,Irrelevant,Irrelevant,Irrelevant,Irrelevant,Irrelevant,Irrelevant,Irrelevant,Irrelevant,Irrelevant,Irrelevant,Irrelevant,Irrelevant,Irrelevant,Irrelevant,Irrelevant,Irrelevant,Irrelevant,Irrelevant
ID1515,Low Relevance,Low Relevance,Low Relevance,Low Relevance,Low Relevance,Low Relevance,Low Relevance,Low Relevance,Low Relevance,Low Relevance,Low Relevance,Irrelevant,Irrelevant,Irrelevant,Irrelevant,Irrelevant,Irrelevant,Irrelevant,Irrelevant,Irrelevant,Irrelevant,Irrelevant,Irrelevant,Irrelevant,Irrelevant,Irrelevant,Irrelevant,Irrelevant,Irrelevant,Irrelevant
ID1517,High Relevance,Low Relevance,Low Relevance,Low Relevance,Low Relevance,Low Relevance,Low Relevance,Low Relevance,Low Relevance,Low Relevance,Low Relevance,Irrelevant,Irrelevant,Irrelevant,Irrelevant,Irrelevant,Irrelevant,Irrelevant,Irrelevant,Irrelevant,Irrelevant,Irrelevant,Irrelevant,Irrelevant,Irrelevant,Irrelevant,Irrelevant,Irrelevant,Irrelevant,Irrelevant
ID1518,Low Relevance,Low Relevance,Low Relevance,Low Relevance,Low Relevance,Low Relevance,Low Relevance,Low Relevance,Irrelevant,Irrelevant,Irrelevant,Irrelevant,Irrelevant,Irrelevant,Irrelevant,Irrelevant,Irrelevant,Irrelevant,Irrelevant,Irrelevant,Irrelevant,Irrelevant,Irrelevant,Irrelevant,Irrelevant,Irrelevant,Irrelevant,Irrelevant,Irrelevant,Irrelevant
ID1520,Low Relevance,Low Relevance,Irrelevant,Low Relevance,Low Relevance,Low Relevance,Low Relevance,Irrelevant,Irrelevant,Low Relevance,Low Relevance,Low Relevance,Irrelevant,Irrelevant,Irrelevant,Irrelevant,Irrelevant,Irrelevant,Irrelevant,Irrelevant,Irrelevant,Irrelevant,Irrelevant,Irrelevant,Irrelevant,Irrelevant,Irrelevant,Irrelevant,Irrelevant,Irrelevant
ID1524,Irrelevant,Irrelevant,Irrelevant,Irrelevant,Irrelevant,Irrelevant,Irrelevant,Irrelevant,Irrelevant,Irrelevant,Irrelevant,Irrelevant,Irrelevant,Irrelevant,Irrelevant,Irrelevant,Irrelevant,Irrelevant,Irrelevant,Irrelevant,Irrelevant,Irrelevant,Irrelevant,Irrelevant,Irrelevant,Irrelevant,Irrelevant,Irrelevant,Irrelevant,Irrelevant
ID1525,Low Relevance,Irrelevant,Irrelevant,Low Relevance,Irrelevant,Low Relevance,Irrelevant,Irrelevant,Irrelevant,High Relevance,Low Relevance,Low Relevance,Irrelevant,Irrelevant,Irrelevant,Irrelevant,Irrelevant,Irrelevant,Irrelevant,Irrelevant,Irrelevant,Irrelevant,Irrelevant,Irrelevant,Irrelevant,Irrelevant,Irrelevant,Irrelevant,Irrelevant,Irrelevant
ID1526,Low Relevance,Low Relevance,Low Relevance,Low Relevance,Low Relevance,Low Relevance,Low Relevance,Low Relevance,Irrelevant,Irrelevant,Irrelevant,Irrelevant,Irrelevant,Irrelevant,Irrelevant,Irrelevant,Irrelevant,Irrelevant,Irrelevant,Irrelevant,Irrelevant,Irrelevant,Irrelevant,Irrelevant,Irrelevant,Irrelevant,Irrelevant,Irrelevant,Irrelevant,Irrelevant
ID1529,Low Relevance,Irrelevant,Irrelevant,Irrelevant,Irrelevant,Irrelevant,Irrelevant,Irrelevant,Irrelevant,Irrelevant,Irrelevant,Irrelevant,Irrelevant,Irrelevant,Irrelevant,Irrelevant,Irrelevant,Irrelevant,Irrelevant,Irrelevant,Irrelevant,Irrelevant,Irrelevant,Irrelevant,Irrelevant,Irrelevant,Irrelevant,Irrelevant,Irrelevant,Irrelevant
ID1530,Irrelevant,Irrelevant,Irrelevant,Irrelevant,Low Relevance,Irrelevant,Irrelevant,Irrelevant,Irrelevant,Irrelevant,Irrelevant,Irrelevant,Irrelevant,Irrelevant,Irrelevant,Irrelevant,Irrelevant,Irrelevant,Irrelevant,Irrelevant,Irrelevant,Irrelevant,Irrelevant,Irrelevant,Irrelevant,Irrelevant,Irrelevant,Irrelevant,Irrelevant,Irrelevant
ID1531,Low Relevance,Low Relevance,Low Relevance,Low Relevance,Low Relevance,Low Relevance,Irrelevant,Irrelevant,Irrelevant,Irrelevant,Irrelevant,Irrelevant,Irrelevant,Irrelevant,Irrelevant,Irrelevant,Irrelevant,Irrelevant,Irrelevant,Irrelevant,Irrelevant,Irrelevant,Irrelevant,Irrelevant,Irrelevant,Irrelevant,Irrelevant,Irrelevant,Irrelevant,Irrelevant
ID1532,Irrelevant,Irrelevant,Irrelevant,Irrelevant,Irrelevant,Irrelevant,Irrelevant,Irrelevant,Irrelevant,Irrelevant,Irrelevant,Irrelevant,Irrelevant,Irrelevant,Irrelevant,Irrelevant,Irrelevant,Irrelevant,Irrelevant,Irrelevant,Irrelevant,Irrelevant,Irrelevant,Irrelevant,Irrelevant,Irrelevant,Irrelevant,Irrelevant,Irrelevant,Irrelevant
ID1533,Low Relevance,Low Relevance,Low Relevance,Low Relevance,Low Relevance,High Relevance,Low Relevance,Low Relevance,Low Relevance,Low Relevance,Low Relevance,Low Relevance,Low Relevance,Irrelevant,Irrelevant,Irrelevant,Irrelevant,Irrelevant,Irrelevant,Irrelevant,Irrelevant,Irrelevant,Irrelevant,Irrelevant,Irrelevant,Irrelevant,Irrelevant,Irrelevant,Irrelevant,Irrelevant
ID1534,Irrelevant,Irrelevant,Irrelevant,Low Relevance,Low Relevance,Low Relevance,Low Relevance,Low Relevance,Low Relevance,Low Relevance,Low Relevance,Low Relevance,Low Relevance,Irrelevant,Irrelevant,Irrelevant,Irrelevant,Irrelevant,Irrelevant,Irrelevant,Irrelevant,Irrelevant,Irrelevant,Irrelevant,Irrelevant,Irrelevant,Irrelevant,Irrelevant,Irrelevant,Irrelevant
ID1536,Low Relevance,Low Relevance,Low Relevance,Irrelevant,Low Relevance,Irrelevant,Irrelevant,Irrelevant,Irrelevant,Irrelevant,Irrelevant,Irrelevant,Irrelevant,Irrelevant,Irrelevant,Irrelevant,Irrelevant,Irrelevant,Irrelevant,Irrelevant,Irrelevant,Irrelevant,Irrelevant,Irrelevant,Irrelevant,Irrelevant,Irrelevant,Irrelevant,Irrelevant,Irrelevant
ID1538,Irrelevant,Irrelevant,Irrelevant,Irrelevant,Irrelevant,Irrelevant,Irrelevant,Irrelevant,Irrelevant,Irrelevant,Irrelevant,Irrelevant,Irrelevant,Irrelevant,Irrelevant,Irrelevant,Irrelevant,Irrelevant,Irrelevant,Irrelevant,Irrelevant,Irrelevant,Irrelevant,Irrelevant,Irrelevant,Irrelevant,Irrelevant,Irrelevant,Irrelevant,Irrelevant
ID1539,Low Relevance,Low Relevance,Low Relevance,Low Relevance,Low Relevance,Irrelevant,High Relevance,Low Relevance,High Relevance,Irrelevant,Irrelevant,Irrelevant,Irrelevant,Irrelevant,Irrelevant,Irrelevant,Irrelevant,Irrelevant,Irrelevant,Irrelevant,Irrelevant,Irrelevant,Irrelevant,Irrelevant,Irrelevant,Irrelevant,Irrelevant,Irrelevant,Irrelevant,Irrelevant
ID1540,Low Relevance,Irrelevant,Low Relevance,Irrelevant,Irrelevant,Irrelevant,Irrelevant,Irrelevant,Irrelevant,Irrelevant,Low Relevance,Irrelevant,Irrelevant,Irrelevant,Irrelevant,Irrelevant,Irrelevant,Irrelevant,Irrelevant,Irrelevant,Irrelevant,Irrelevant,Irrelevant,Irrelevant,Irrelevant,Irrelevant,Irrelevant,Irrelevant,Irrelevant,Irrelevant
ID1541,Low Relevance,Low Relevance,Low Relevance,Low Relevance,Low Relevance,Low Relevance,Low Relevance,Low Relevance,Low Relevance,Irrelevant,Irrelevant,Irrelevant,Irrelevant,Irrelevant,Irrelevant,Irrelevant,Irrelevant,Irrelevant,Irrelevant,Irrelevant,Irrelevant,Irrelevant,Irrelevant,Irrelevant,Irrelevant,Irrelevant,Irrelevant,Irrelevant,Irrelevant,Irrelevant
ID1543,Low Relevance,Low Relevance,Low Relevance,Low Relevance,Low Relevance,Low Relevance,Low Relevance,Low Relevance,Low Relevance,Low Relevance,Irrelevant,Irrelevant,Irrelevant,Irrelevant,Irrelevant,Irrelevant,Irrelevant,Irrelevant,Irrelevant,Irrelevant,Irrelevant,Irrelevant,Irrelevant,Irrelevant,Irrelevant,Irrelevant,Irrelevant,Irrelevant,Irrelevant,Irrelevant
ID1544,Low Relevance,Low Relevance,Low Relevance,Low Relevance,Low Relevance,Low Relevance,Low Relevance,Irrelevant,Irrelevant,Irrelevant,Irrelevant,Irrelevant,Irrelevant,Irrelevant,Irrelevant,Irrelevant,Irrelevant,Irrelevant,Irrelevant,Irrelevant,Irrelevant,Irrelevant,Irrelevant,Irrelevant,Irrelevant,Irrelevant,Irrelevant,Irrelevant,Irrelevant,Irrelevant
ID1545,Irrelevant,Irrelevant,Irrelevant,Irrelevant,Irrelevant,Irrelevant,Low Relevance,High Relevance,Irrelevant,Irrelevant,Irrelevant,Irrelevant,Irrelevant,Irrelevant,Irrelevant,Irrelevant,Irrelevant,Irrelevant,Irrelevant,Irrelevant,Irrelevant,Irrelevant,Irrelevant,Irrelevant,Irrelevant,Irrelevant,Irrelevant,Irrelevant,Irrelevant,Irrelevant
ID1550,Irrelevant,Irrelevant,Irrelevant,Irrelevant,Irrelevant,Irrelevant,Irrelevant,Irrelevant,Irrelevant,Irrelevant,Irrelevant,Irrelevant,Irrelevant,Irrelevant,Irrelevant,Irrelevant,Irrelevant,Irrelevant,Irrelevant,Irrelevant,Irrelevant,Irrelevant,Irrelevant,Irrelevant,Irrelevant,Irrelevant,Irrelevant,Irrelevant,Irrelevant,Irrelevant
ID1551,Irrelevant,Low Relevance,Low Relevance,Irrelevant,Irrelevant,Irrelevant,Low Relevance,Low Relevance,Low Relevance,Low Relevance,Low Relevance,Irrelevant,Irrelevant,Irrelevant,Irrelevant,Irrelevant,Irrelevant,Irrelevant,Irrelevant,Irrelevant,Irrelevant,Irrelevant,Irrelevant,Irrelevant,Irrelevant,Irrelevant,Irrelevant,Irrelevant,Irrelevant,Irrelevant
ID1552,Low Relevance,Irrelevant,Irrelevant,Low Relevance,Irrelevant,Irrelevant,Irrelevant,Irrelevant,Irrelevant,Irrelevant,Irrelevant,Irrelevant,Irrelevant,Irrelevant,Irrelevant,Irrelevant,Irrelevant,Irrelevant,Irrelevant,Irrelevant,Irrelevant,Irrelevant,Irrelevant,Irrelevant,Irrelevant,Irrelevant,Irrelevant,Irrelevant,Irrelevant,Irrelevant
ID1553,Low Relevance,Low Relevance,Low Relevance,Low Relevance,Low Relevance,Low Relevance,Low Relevance,Low Relevance,Low Relevance,Low Relevance,Low Relevance,Low Relevance,Irrelevant,Irrelevant,Irrelevant,Irrelevant,Irrelevant,Irrelevant,Irrelevant,Irrelevant,Irrelevant,Irrelevant,Irrelevant,Irrelevant,Irrelevant,Irrelevant,Irrelevant,Irrelevant,Irrelevant,Irrelevant
ID1555,Irrelevant,Irrelevant,Irrelevant,Irrelevant,Irrelevant,Irrelevant,Irrelevant,Irrelevant,Irrelevant,Irrelevant,Irrelevant,Irrelevant,Irrelevant,Irrelevant,Irrelevant,Irrelevant,Irrelevant,Irrelevant,Irrelevant,Irrelevant,Irrelevant,Irrelevant,Irrelevant,Irrelevant,Irrelevant,Irrelevant,Irrelevant,Irrelevant,Irrelevant,Irrelevant
ID1557,Low Relevance,Low Relevance,Low Relevance,Low Relevance,Low Relevance,Low Relevance,Low Relevance,Low Relevance,Irrelevant,Irrelevant,Irrelevant,Irrelevant,Irrelevant,Irrelevant,Irrelevant,Irrelevant,Irrelevant,Irrelevant,Irrelevant,Irrelevant,Irrelevant,Irrelevant,Irrelevant,Irrelevant,Irrelevant,Irrelevant,Irrelevant,Irrelevant,Irrelevant,Irrelevant
ID1558,Irrelevant,Irrelevant,Irrelevant,Irrelevant,Irrelevant,Irrelevant,Irrelevant,Irrelevant,Irrelevant,Irrelevant,Irrelevant,Irrelevant,Irrelevant,Irrelevant,Irrelevant,Irrelevant,Irrelevant,Irrelevant,Irrelevant,Irrelevant,Irrelevant,Irrelevant,Irrelevant,Irrelevant,Irrelevant,Irrelevant,Irrelevant,Irrelevant,Irrelevant,Irrelevant
ID1559,Low Relevance,Low Relevance,Low Relevance,Low Relevance,High Relevance,Low Relevance,Low Relevance,Irrelevant,Irrelevant,Irrelevant,Irrelevant,Irrelevant,Irrelevant,Irrelevant,Irrelevant,Irrelevant,Irrelevant,Irrelevant,Irrelevant,Irrelevant,Irrelevant,Irrelevant,Irrelevant,Irrelevant,Irrelevant,Irrelevant,Irrelevant,Irrelevant,Irrelevant,Irrelevant
ID1560,Irrelevant,Irrelevant,Irrelevant,Irrelevant,Irrelevant,Irrelevant,Irrelevant,Irrelevant,Irrelevant,Irrelevant,Irrelevant,Irrelevant,Irrelevant,Irrelevant,Irrelevant,Irrelevant,Irrelevant,Irrelevant,Irrelevant,Irrelevant,Irrelevant,Irrelevant,Irrelevant,Irrelevant,Irrelevant,Irrelevant,Irrelevant,Irrelevant,Irrelevant,Irrelevant
ID1561,Low Relevance,Irrelevant,Low Relevance,Irrelevant,Low Relevance,Low Relevance,Irrelevant,Low Relevance,Irrelevant,Irrelevant,Irrelevant,Irrelevant,Irrelevant,Irrelevant,Irrelevant,Irrelevant,Irrelevant,Irrelevant,Irrelevant,Irrelevant,Irrelevant,Irrelevant,Irrelevant,Irrelevant,Irrelevant,Irrelevant,Irrelevant,Irrelevant,Irrelevant,Irrelevant
ID1565,Low Relevance,Low Relevance,Low Relevance,Low Relevance,Low Relevance,Low Relevance,Low Relevance,Low Relevance,Low Relevance,Low Relevance,Low Relevance,Irrelevant,Irrelevant,Irrelevant,Irrelevant,Irrelevant,Irrelevant,Irrelevant,Irrelevant,Irrelevant,Irrelevant,Irrelevant,Irrelevant,Irrelevant,Irrelevant,Irrelevant,Irrelevant,Irrelevant,Irrelevant,Irrelevant
ID1566,Low Relevance,Low Relevance,Low Relevance,Low Relevance,Low Relevance,Low Relevance,Low Relevance,Low Relevance,Low Relevance,Irrelevant,Irrelevant,Irrelevant,Irrelevant,Irrelevant,Irrelevant,Irrelevant,Irrelevant,Irrelevant,Irrelevant,Irrelevant,Irrelevant,Irrelevant,Irrelevant,Irrelevant,Irrelevant,Irrelevant,Irrelevant,Irrelevant,Irrelevant,Irrelevant
ID1567,Irrelevant,Irrelevant,Irrelevant,Irrelevant,Irrelevant,Irrelevant,Irrelevant,Irrelevant,Irrelevant,Irrelevant,Irrelevant,Irrelevant,Irrelevant,Irrelevant,Irrelevant,Irrelevant,Irrelevant,Irrelevant,Irrelevant,Irrelevant,Irrelevant,Irrelevant,Irrelevant,Irrelevant,Irrelevant,Irrelevant,Irrelevant,Irrelevant,Irrelevant,Irrelevant
ID1569,Low Relevance,Irrelevant,Irrelevant,Irrelevant,Irrelevant,Irrelevant,Irrelevant,Irrelevant,Irrelevant,Irrelevant,Irrelevant,Irrelevant,Irrelevant,Irrelevant,Irrelevant,Irrelevant,Irrelevant,Irrelevant,Irrelevant,Irrelevant,Irrelevant,Irrelevant,Irrelevant,Irrelevant,Irrelevant,Irrelevant,Irrelevant,Irrelevant,Irrelevant,Irrelevant
ID1570,Low Relevance,Low Relevance,Low Relevance,Low Relevance,Low Relevance,Low Relevance,Low Relevance,High Relevance,Irrelevant,Irrelevant,Irrelevant,Irrelevant,Irrelevant,Irrelevant,Irrelevant,Irrelevant,Irrelevant,Irrelevant,Irrelevant,Irrelevant,Irrelevant,Irrelevant,Irrelevant,Irrelevant,Irrelevant,Irrelevant,Irrelevant,Irrelevant,Irrelevant,Irrelevant
ID1571,Low Relevance,Low Relevance,Low Relevance,Low Relevance,Low Relevance,Low Relevance,Low Relevance,Low Relevance,Low Relevance,Irrelevant,Irrelevant,Irrelevant,Irrelevant,Irrelevant,Irrelevant,Irrelevant,Irrelevant,Irrelevant,Irrelevant,Irrelevant,Irrelevant,Irrelevant,Irrelevant,Irrelevant,Irrelevant,Irrelevant,Irrelevant,Irrelevant,Irrelevant,Irrelevant
ID1572,Irrelevant,Irrelevant,Low Relevance,Low Relevance,Irrelevant,Irrelevant,Irrelevant,Irrelevant,Irrelevant,Irrelevant,Irrelevant,Irrelevant,Irrelevant,Irrelevant,Irrelevant,Irrelevant,Irrelevant,Irrelevant,Irrelevant,Irrelevant,Irrelevant,Irrelevant,Irrelevant,Irrelevant,Irrelevant,Irrelevant,Irrelevant,Irrelevant,Irrelevant,Irrelevant
ID1573,Low Relevance,Low Relevance,Low Relevance,Low Relevance,Low Relevance,Low Relevance,Low Relevance,Low Relevance,Low Relevance,Low Relevance,Low Relevance,Low Relevance,Irrelevant,Irrelevant,Irrelevant,Irrelevant,Irrelevant,Irrelevant,Irrelevant,Irrelevant,Irrelevant,Irrelevant,Irrelevant,Irrelevant,Irrelevant,Irrelevant,Irrelevant,Irrelevant,Irrelevant,Irrelevant
ID1574,Low Relevance,Low Relevance,Low Relevance,Low Relevance,Low Relevance,Low Relevance,Low Relevance,Low Relevance,Low Relevance,Low Relevance,Low Relevance,Low Relevance,Irrelevant,Irrelevant,Irrelevant,Irrelevant,Irrelevant,Irrelevant,Irrelevant,Irrelevant,Irrelevant,Irrelevant,Irrelevant,Irrelevant,Irrelevant,Irrelevant,Irrelevant,Irrelevant,Irrelevant,Irrelevant
ID1575,Irrelevant,Irrelevant,Irrelevant,Irrelevant,Irrelevant,Irrelevant,Irrelevant,Irrelevant,Irrelevant,Irrelevant,Irrelevant,Irrelevant,Irrelevant,Irrelevant,Irrelevant,Irrelevant,Irrelevant,Irrelevant,Irrelevant,Irrelevant,Irrelevant,Irrelevant,Irrelevant,Irrelevant,Irrelevant,Irrelevant,Irrelevant,Irrelevant,Irrelevant,Irrelevant
ID1578,Low Relevance,Low Relevance,Low Relevance,Low Relevance,Low Relevance,Low Relevance,Low Relevance,Irrelevant,Irrelevant,Irrelevant,Irrelevant,Irrelevant,Irrelevant,Irrelevant,Irrelevant,Irrelevant,Irrelevant,Irrelevant,Irrelevant,Irrelevant,Irrelevant,Irrelevant,Irrelevant,Irrelevant,Irrelevant,Irrelevant,Irrelevant,Irrelevant,Irrelevant,Irrelevant
ID1580,Low Relevance,Low Relevance,Low Relevance,Low Relevance,Irrelevant,Irrelevant,Irrelevant,Irrelevant,Irrelevant,Irrelevant,Irrelevant,Irrelevant,Irrelevant,Irrelevant,Irrelevant,Irrelevant,Irrelevant,Irrelevant,Irrelevant,Irrelevant,Irrelevant,Irrelevant,Irrelevant,Irrelevant,Irrelevant,Irrelevant,Irrelevant,Irrelevant,Irrelevant,Irrelevant
ID1581,Low Relevance,Low Relevance,Low Relevance,Low Relevance,Low Relevance,Low Relevance,Low Relevance,Low Relevance,Low Relevance,Low Relevance,Low Relevance,Low Relevance,Irrelevant,Irrelevant,Irrelevant,Irrelevant,Irrelevant,Irrelevant,Irrelevant,Irrelevant,Irrelevant,Irrelevant,Irrelevant,Irrelevant,Irrelevant,Irrelevant,Irrelevant,Irrelevant,Irrelevant,Irrelevant
ID1582,Low Relevance,Low Relevance,Irrelevant,Irrelevant,Irrelevant,Irrelevant,Irrelevant,Irrelevant,Irrelevant,Irrelevant,Irrelevant,Irrelevant,Irrelevant,Irrelevant,Irrelevant,Irrelevant,Irrelevant,Irrelevant,Irrelevant,Irrelevant,Irrelevant,Irrelevant,Irrelevant,Irrelevant,Irrelevant,Irrelevant,Irrelevant,Irrelevant,Irrelevant,Irrelevant
ID1583,Low Relevance,Irrelevant,Irrelevant,Irrelevant,Irrelevant,Irrelevant,Irrelevant,Irrelevant,Irrelevant,Irrelevant,Irrelevant,Irrelevant,Irrelevant,Irrelevant,Irrelevant,Irrelevant,Irrelevant,Irrelevant,Irrelevant,Irrelevant,Irrelevant,Irrelevant,Irrelevant,Irrelevant,Irrelevant,Irrelevant,Irrelevant,Irrelevant,Irrelevant,Irrelevant
ID1584,Irrelevant,Irrelevant,Irrelevant,Irrelevant,Irrelevant,Irrelevant,Irrelevant,Irrelevant,Irrelevant,Irrelevant,Irrelevant,Irrelevant,Irrelevant,Irrelevant,Irrelevant,Irrelevant,Irrelevant,Irrelevant,Irrelevant,Irrelevant,Irrelevant,Irrelevant,Irrelevant,Irrelevant,Irrelevant,Irrelevant,Irrelevant,Irrelevant,Irrelevant,Irrelevant
ID1585,Low Relevance,Low Relevance,Low Relevance,Low Relevance,Low Relevance,Low Relevance,Low Relevance,Low Relevance,Low Relevance,Low Relevance,Low Relevance,Irrelevant,Irrelevant,Irrelevant,Irrelevant,Irrelevant,Irrelevant,Irrelevant,Irrelevant,Irrelevant,Irrelevant,Irrelevant,Irrelevant,Irrelevant,Irrelevant,Irrelevant,Irrelevant,Irrelevant,Irrelevant,Irrelevant
ID1586,Low Relevance,Irrelevant,Low Relevance,Low Relevance,Low Relevance,Low Relevance,Low Relevance,High Relevance,High Relevance,Low Relevance,Low Relevance,Low Relevance,Irrelevant,Irrelevant,Irrelevant,Irrelevant,Irrelevant,Irrelevant,Irrelevant,Irrelevant,Irrelevant,Irrelevant,Irrelevant,Irrelevant,Irrelevant,Irrelevant,Irrelevant,Irrelevant,Irrelevant,Irrelevant
ID1587,Low Relevance,Irrelevant,Low Relevance,Irrelevant,Irrelevant,Irrelevant,Irrelevant,Irrelevant,Irrelevant,Irrelevant,Irrelevant,Irrelevant,Irrelevant,Irrelevant,Irrelevant,Irrelevant,Irrelevant,Irrelevant,Irrelevant,Irrelevant,Irrelevant,Irrelevant,Irrelevant,Irrelevant,Irrelevant,Irrelevant,Irrelevant,Irrelevant,Irrelevant,Irrelevant
ID1588,Low Relevance,Low Relevance,Irrelevant,Irrelevant,Irrelevant,Irrelevant,Low Relevance,Low Relevance,Low Relevance,Low Relevance,Low Relevance,Low Relevance,Irrelevant,Irrelevant,Irrelevant,Irrelevant,Irrelevant,Irrelevant,Irrelevant,Irrelevant,Irrelevant,Irrelevant,Irrelevant,Irrelevant,Irrelevant,Irrelevant,Irrelevant,Irrelevant,Irrelevant,Irrelevant
ID1590,Irrelevant,Irrelevant,High Relevance,High Relevance,Low Relevance,Irrelevant,Irrelevant,Irrelevant,Irrelevant,Irrelevant,Irrelevant,Irrelevant,Irrelevant,Irrelevant,Irrelevant,Irrelevant,Irrelevant,Irrelevant,Irrelevant,Irrelevant,Irrelevant,Irrelevant,Irrelevant,Irrelevant,Irrelevant,Irrelevant,Irrelevant,Irrelevant,Irrelevant,Irrelevant
ID1591,Low Relevance,Low Relevance,Low Relevance,Low Relevance,Low Relevance,Low Relevance,Low Relevance,Irrelevant,Irrelevant,Irrelevant,Irrelevant,Irrelevant,Irrelevant,Irrelevant,Irrelevant,Irrelevant,Irrelevant,Irrelevant,Irrelevant,Irrelevant,Irrelevant,Irrelevant,Irrelevant,Irrelevant,Irrelevant,Irrelevant,Irrelevant,Irrelevant,Irrelevant,Irrelevant
ID1593,Low Relevance,Low Relevance,Low Relevance,Low Relevance,Low Relevance,Low Relevance,Low Relevance,Low Relevance,Irrelevant,Irrelevant,Irrelevant,Irrelevant,Irrelevant,Irrelevant,Irrelevant,Irrelevant,Irrelevant,Irrelevant,Irrelevant,Irrelevant,Irrelevant,Irrelevant,Irrelevant,Irrelevant,Irrelevant,Irrelevant,Irrelevant,Irrelevant,Irrelevant,Irrelevant
ID1594,Irrelevant,Irrelevant,Irrelevant,Irrelevant,Irrelevant,Irrelevant,Irrelevant,Irrelevant,Irrelevant,Irrelevant,Irrelevant,Irrelevant,Irrelevant,Irrelevant,Irrelevant,Irrelevant,Irrelevant,Irrelevant,Irrelevant,Irrelevant,Irrelevant,Irrelevant,Irrelevant,Irrelevant,Irrelevant,Irrelevant,Irrelevant,Irrelevant,Irrelevant,Irrelevant
ID1596,Low Relevance,Irrelevant,Low Relevance,Low Relevance,Low Relevance,Low Relevance,Low Relevance,Low Relevance,Low Relevance,Low Relevance,Low Relevance,Low Relevance,Irrelevant,Irrelevant,Irrelevant,Irrelevant,Irrelevant,Irrelevant,Irrelevant,Irrelevant,Irrelevant,Irrelevant,Irrelevant,Irrelevant,Irrelevant,Irrelevant,Irrelevant,Irrelevant,Irrelevant,Irrelevant
ID1599,Low Relevance,Low Relevance,Low Relevance,Low Relevance,Low Relevance,Low Relevance,Low Relevance,Low Relevance,Low Relevance,Irrelevant,Irrelevant,Irrelevant,Irrelevant,Irrelevant,Irrelevant,Irrelevant,Irrelevant,Irrelevant,Irrelevant,Irrelevant,Irrelevant,Irrelevant,Irrelevant,Irrelevant,Irrelevant,Irrelevant,Irrelevant,Irrelevant,Irrelevant,Irrelevant
ID1601,Low Relevance,Low Relevance,Low Relevance,Low Relevance,Low Relevance,Low Relevance,Low Relevance,Low Relevance,Irrelevant,Irrelevant,Irrelevant,Irrelevant,Irrelevant,Irrelevant,Irrelevant,Irrelevant,Irrelevant,Irrelevant,Irrelevant,Irrelevant,Irrelevant,Irrelevant,Irrelevant,Irrelevant,Irrelevant,Irrelevant,Irrelevant,Irrelevant,Irrelevant,Irrelevant
ID1602,Low Relevance,Irrelevant,Irrelevant,Irrelevant,Irrelevant,Low Relevance,Irrelevant,Irrelevant,Irrelevant,Irrelevant,Irrelevant,Irrelevant,Irrelevant,Irrelevant,Irrelevant,Irrelevant,Irrelevant,Irrelevant,Irrelevant,Irrelevant,Irrelevant,Irrelevant,Irrelevant,Irrelevant,Irrelevant,Irrelevant,Irrelevant,Irrelevant,Irrelevant,Irrelevant
ID1605,Irrelevant,Irrelevant,Irrelevant,Irrelevant,Irrelevant,Irrelevant,Irrelevant,Irrelevant,Irrelevant,Irrelevant,Irrelevant,Irrelevant,Irrelevant,Irrelevant,Irrelevant,Irrelevant,Irrelevant,Irrelevant,Irrelevant,Irrelevant,Irrelevant,Irrelevant,Irrelevant,Irrelevant,Irrelevant,Irrelevant,Irrelevant,Irrelevant,Irrelevant,Irrelevant
ID1607,Low Relevance,Low Relevance,Low Relevance,Irrelevant,Low Relevance,Irrelevant,Low Relevance,Low Relevance,Low Relevance,Low Relevance,Low Relevance,Low Relevance,Low Relevance,Irrelevant,Irrelevant,Irrelevant,Irrelevant,Irrelevant,Irrelevant,Irrelevant,Irrelevant,Irrelevant,Irrelevant,Irrelevant,Irrelevant,Irrelevant,Irrelevant,Irrelevant,Irrelevant,Irrelevant
ID1610,Irrelevant,Irrelevant,Irrelevant,Irrelevant,Irrelevant,Irrelevant,Irrelevant,Irrelevant,Irrelevant,Irrelevant,Irrelevant,Irrelevant,Irrelevant,Irrelevant,Irrelevant,Irrelevant,Irrelevant,Irrelevant,Irrelevant,Irrelevant,Irrelevant,Irrelevant,Irrelevant,Irrelevant,Irrelevant,Irrelevant,Irrelevant,Irrelevant,Irrelevant,Irrelevant
ID1612,Irrelevant,Irrelevant,Irrelevant,Irrelevant,Irrelevant,Irrelevant,Irrelevant,Irrelevant,Irrelevant,Irrelevant,Irrelevant,Irrelevant,Irrelevant,Irrelevant,Irrelevant,Irrelevant,Irrelevant,Irrelevant,Irrelevant,Irrelevant,Irrelevant,Irrelevant,Irrelevant,Irrelevant,Irrelevant,Irrelevant,Irrelevant,Irrelevant,Irrelevant,Irrelevant
ID1613,Low Relevance,Irrelevant,Irrelevant,Irrelevant,Irrelevant,Irrelevant,Irrelevant,Irrelevant,Irrelevant,Irrelevant,Irrelevant,Irrelevant,Irrelevant,Irrelevant,Irrelevant,Irrelevant,Irrelevant,Irrelevant,Irrelevant,Irrelevant,Irrelevant,Irrelevant,Irrelevant,Irrelevant,Irrelevant,Irrelevant,Irrelevant,Irrelevant,Irrelevant,Irrelevant
ID1614,Low Relevance,Irrelevant,Low Relevance,Irrelevant,Irrelevant,Irrelevant,Irrelevant,Irrelevant,Irrelevant,Irrelevant,Irrelevant,Irrelevant,Irrelevant,Irrelevant,Irrelevant,Irrelevant,Irrelevant,Irrelevant,Irrelevant,Irrelevant,Irrelevant,Irrelevant,Irrelevant,Irrelevant,Irrelevant,Irrelevant,Irrelevant,Irrelevant,Irrelevant,Irrelevant
ID1617,Low Relevance,Low Relevance,Low Relevance,Low Relevance,Low Relevance,Low Relevance,Low Relevance,Low Relevance,Irrelevant,Irrelevant,Irrelevant,Irrelevant,Irrelevant,Irrelevant,Irrelevant,Irrelevant,Irrelevant,Irrelevant,Irrelevant,Irrelevant,Irrelevant,Irrelevant,Irrelevant,Irrelevant,Irrelevant,Irrelevant,Irrelevant,Irrelevant,Irrelevant,Irrelevant
ID1618,Low Relevance,Low Relevance,Low Relevance,Low Relevance,Low Relevance,Low Relevance,Low Relevance,Low Relevance,Irrelevant,Irrelevant,Irrelevant,Irrelevant,Irrelevant,Irrelevant,Irrelevant,Irrelevant,Irrelevant,Irrelevant,Irrelevant,Irrelevant,Irrelevant,Irrelevant,Irrelevant,Irrelevant,Irrelevant,Irrelevant,Irrelevant,Irrelevant,Irrelevant,Irrelevant
ID1622,Low Relevance,Irrelevant,Low Relevance,Low Relevance,Irrelevant,Low Relevance,Low Relevance,Low Relevance,Low Relevance,Low Relevance,Low Relevance,Irrelevant,Irrelevant,Irrelevant,Irrelevant,Irrelevant,Irrelevant,Irrelevant,Irrelevant,Irrelevant,Irrelevant,Irrelevant,Irrelevant,Irrelevant,Irrelevant,Irrelevant,Irrelevant,Irrelevant,Irrelevant,Irrelevant
ID1625,High Relevance,Irrelevant,Irrelevant,Irrelevant,Irrelevant,Irrelevant,Irrelevant,Irrelevant,Irrelevant,Irrelevant,Irrelevant,Irrelevant,Irrelevant,Irrelevant,Irrelevant,Irrelevant,Irrelevant,Irrelevant,Irrelevant,Irrelevant,Irrelevant,Irrelevant,Irrelevant,Irrelevant,Irrelevant,Irrelevant,Irrelevant,Irrelevant,Irrelevant,Irrelevant
ID1629,Low Relevance,Irrelevant,Irrelevant,Irrelevant,Low Relevance,Irrelevant,Irrelevant,Irrelevant,Irrelevant,Irrelevant,High Relevance,Irrelevant,Irrelevant,Irrelevant,Irrelevant,Irrelevant,Irrelevant,Irrelevant,Irrelevant,Irrelevant,Irrelevant,Irrelevant,Irrelevant,Irrelevant,Irrelevant,Irrelevant,Irrelevant,Irrelevant,Irrelevant,Irrelevant
ID1632,Low Relevance,Low Relevance,High Relevance,Low Relevance,Low Relevance,Low Relevance,Low Relevance,Irrelevant,Irrelevant,Irrelevant,Irrelevant,Irrelevant,Irrelevant,Irrelevant,Irrelevant,Irrelevant,Irrelevant,Irrelevant,Irrelevant,Irrelevant,Irrelevant,Irrelevant,Irrelevant,Irrelevant,Irrelevant,Irrelevant,Irrelevant,Irrelevant,Irrelevant,Irrelevant
ID1633,Low Relevance,Low Relevance,Irrelevant,Low Relevance,Low Relevance,Irrelevant,Irrelevant,Irrelevant,Irrelevant,Irrelevant,Irrelevant,Irrelevant,Irrelevant,Irrelevant,Irrelevant,Irrelevant,Irrelevant,Irrelevant,Irrelevant,Irrelevant,Irrelevant,Irrelevant,Irrelevant,Irrelevant,Irrelevant,Irrelevant,Irrelevant,Irrelevant,Irrelevant,Irrelevant
ID1634,Low Relevance,Low Relevance,Low Relevance,Low Relevance,Low Relevance,Low Relevance,Low Relevance,Low Relevance,Low Relevance,Irrelevant,Irrelevant,Irrelevant,Irrelevant,Irrelevant,Irrelevant,Irrelevant,Irrelevant,Irrelevant,Irrelevant,Irrelevant,Irrelevant,Irrelevant,Irrelevant,Irrelevant,Irrelevant,Irrelevant,Irrelevant,Irrelevant,Irrelevant,Irrelevant
ID1636,Low Relevance,Low Relevance,Low Relevance,Low Relevance,Low Relevance,Low Relevance,Low Relevance,Low Relevance,Low Relevance,Irrelevant,Irrelevant,Irrelevant,Irrelevant,Irrelevant,Irrelevant,Irrelevant,Irrelevant,Irrelevant,Irrelevant,Irrelevant,Irrelevant,Irrelevant,Irrelevant,Irrelevant,Irrelevant,Irrelevant,Irrelevant,Irrelevant,Irrelevant,Irrelevant
ID1637,Irrelevant,Irrelevant,Irrelevant,Irrelevant,Irrelevant,Irrelevant,Irrelevant,Irrelevant,Irrelevant,Irrelevant,Irrelevant,Irrelevant,Irrelevant,Irrelevant,Irrelevant,Irrelevant,Irrelevant,Irrelevant,Irrelevant,Irrelevant,Irrelevant,Irrelevant,Irrelevant,Irrelevant,Irrelevant,Irrelevant,Irrelevant,Irrelevant,Irrelevant,Irrelevant
ID1638,Low Relevance,Low Relevance,Low Relevance,Low Relevance,Low Relevance,Low Relevance,High Relevance,Low Relevance,Low Relevance,Low Relevance,Low Relevance,Low Relevance,Irrelevant,Irrelevant,Irrelevant,Irrelevant,Irrelevant,Irrelevant,Irrelevant,Irrelevant,Irrelevant,Irrelevant,Irrelevant,Irrelevant,Irrelevant,Irrelevant,Irrelevant,Irrelevant,Irrelevant,Irrelevant
ID1640,Low Relevance,Low Relevance,High Relevance,Low Relevance,Low Relevance,Irrelevant,Irrelevant,Irrelevant,Irrelevant,Irrelevant,Irrelevant,Irrelevant,Irrelevant,Irrelevant,Irrelevant,Irrelevant,Irrelevant,Irrelevant,Irrelevant,Irrelevant,Irrelevant,Irrelevant,Irrelevant,Irrelevant,Irrelevant,Irrelevant,Irrelevant,Irrelevant,Irrelevant,Irrelevant
ID1641,Low Relevance,Low Relevance,Low Relevance,Low Relevance,Low Relevance,Low Relevance,Irrelevant,Irrelevant,Irrelevant,Irrelevant,Irrelevant,Irrelevant,Irrelevant,Irrelevant,Irrelevant,Irrelevant,Irrelevant,Irrelevant,Irrelevant,Irrelevant,Irrelevant,Irrelevant,Irrelevant,Irrelevant,Irrelevant,Irrelevant,Irrelevant,Irrelevant,Irrelevant,Irrelevant
ID1645,Irrelevant,Irrelevant,Irrelevant,Irrelevant,Irrelevant,Irrelevant,Irrelevant,Irrelevant,Irrelevant,Irrelevant,Irrelevant,Irrelevant,Irrelevant,Irrelevant,Irrelevant,Irrelevant,Irrelevant,Irrelevant,Irrelevant,Irrelevant,Irrelevant,Irrelevant,Irrelevant,Irrelevant,Irrelevant,Irrelevant,Irrelevant,Irrelevant,Irrelevant,Irrelevant
ID1646,Irrelevant,Irrelevant,Irrelevant,Irrelevant,Irrelevant,Irrelevant,Irrelevant,Irrelevant,Irrelevant,Irrelevant,Irrelevant,Irrelevant,Irrelevant,Irrelevant,Irrelevant,Irrelevant,Irrelevant,Irrelevant,Irrelevant,Irrelevant,Irrelevant,Irrelevant,Irrelevant,Irrelevant,Irrelevant,Irrelevant,Irrelevant,Irrelevant,Irrelevant,Irrelevant
ID1650,Low Relevance,Low Relevance,High Relevance,Low Relevance,Low Relevance,Low Relevance,Low Relevance,High Relevance,Low Relevance,Low Relevance,Low Relevance,Low Relevance,Irrelevant,Irrelevant,Irrelevant,Irrelevant,Irrelevant,Irrelevant,Irrelevant,Irrelevant,Irrelevant,Irrelevant,Irrelevant,Irrelevant,Irrelevant,Irrelevant,Irrelevant,Irrelevant,Irrelevant,Irrelevant
ID1651,Low Relevance,Low Relevance,Low Relevance,Low Relevance,Low Relevance,Irrelevant,Low Relevance,Low Relevance,Low Relevance,Irrelevant,Irrelevant,Irrelevant,Irrelevant,Irrelevant,Irrelevant,Irrelevant,Irrelevant,Irrelevant,Irrelevant,Irrelevant,Irrelevant,Irrelevant,Irrelevant,Irrelevant,Irrelevant,Irrelevant,Irrelevant,Irrelevant,Irrelevant,Irrelevant
ID1652,Irrelevant,Irrelevant,Irrelevant,Irrelevant,Irrelevant,Irrelevant,Irrelevant,Irrelevant,Irrelevant,Irrelevant,Irrelevant,Irrelevant,Irrelevant,Irrelevant,Irrelevant,Irrelevant,Irrelevant,Irrelevant,Irrelevant,Irrelevant,Irrelevant,Irrelevant,Irrelevant,Irrelevant,Irrelevant,Irrelevant,Irrelevant,Irrelevant,Irrelevant,Irrelevant
ID1653,Low Relevance,Low Relevance,Low Relevance,Low Relevance,Low Relevance,Low Relevance,Low Relevance,Irrelevant,Irrelevant,Irrelevant,Irrelevant,Irrelevant,Irrelevant,Irrelevant,Irrelevant,Irrelevant,Irrelevant,Irrelevant,Irrelevant,Irrelevant,Irrelevant,Irrelevant,Irrelevant,Irrelevant,Irrelevant,Irrelevant,Irrelevant,Irrelevant,Irrelevant,Irrelevant
ID1654,Irrelevant,Irrelevant,Irrelevant,Irrelevant,Irrelevant,Irrelevant,Irrelevant,Irrelevant,Irrelevant,Irrelevant,Irrelevant,Irrelevant,Irrelevant,Irrelevant,Irrelevant,Irrelevant,Irrelevant,Irrelevant,Irrelevant,Irrelevant,Irrelevant,Irrelevant,Irrelevant,Irrelevant,Irrelevant,Irrelevant,Irrelevant,Irrelevant,Irrelevant,Irrelevant
ID1655,Low Relevance,Low Relevance,Low Relevance,Low Relevance,Low Relevance,Low Relevance,Low Relevance,Low Relevance,Low Relevance,Low Relevance,Low Relevance,Low Relevance,Irrelevant,Irrelevant,Irrelevant,Irrelevant,Irrelevant,Irrelevant,Irrelevant,Irrelevant,Irrelevant,Irrelevant,Irrelevant,Irrelevant,Irrelevant,Irrelevant,Irrelevant,Irrelevant,Irrelevant,Irrelevant
ID1656,Low Relevance,Irrelevant,Irrelevant,Low Relevance,High Relevance,Irrelevant,Irrelevant,Irrelevant,Irrelevant,Irrelevant,Irrelevant,Irrelevant,Irrelevant,Irrelevant,Irrelevant,Irrelevant,Irrelevant,Irrelevant,Irrelevant,Irrelevant,Irrelevant,Irrelevant,Irrelevant,Irrelevant,Irrelevant,Irrelevant,Irrelevant,Irrelevant,Irrelevant,Irrelevant
ID1659,Low Relevance,Low Relevance,Low Relevance,Low Relevance,Low Relevance,Low Relevance,Low Relevance,Low Relevance,Low Relevance,Low Relevance,Low Relevance,Low Relevance,Irrelevant,Irrelevant,Irrelevant,Irrelevant,Irrelevant,Irrelevant,Irrelevant,Irrelevant,Irrelevant,Irrelevant,Irrelevant,Irrelevant,Irrelevant,Irrelevant,Irrelevant,Irrelevant,Irrelevant,Irrelevant
ID1660,Low Relevance,Irrelevant,Irrelevant,Irrelevant,Irrelevant,Irrelevant,Irrelevant,Irrelevant,Irrelevant,Irrelevant,Irrelevant,Irrelevant,Irrelevant,Irrelevant,Irrelevant,Irrelevant,Irrelevant,Irrelevant,Irrelevant,Irrelevant,Irrelevant,Irrelevant,Irrelevant,Irrelevant,Irrelevant,Irrelevant,Irrelevant,Irrelevant,Irrelevant,Irrelevant
ID1662,Irrelevant,Irrelevant,Irrelevant,Irrelevant,Irrelevant,Irrelevant,Irrelevant,Irrelevant,Irrelevant,Irrelevant,Irrelevant,Irrelevant,Irrelevant,Irrelevant,Irrelevant,Irrelevant,Irrelevant,Irrelevant,Irrelevant,Irrelevant,Irrelevant,Irrelevant,Irrelevant,Irrelevant,Irrelevant,Irrelevant,Irrelevant,Irrelevant,Irrelevant,Irrelevant
ID1663,Low Relevance,Low Relevance,Low Relevance,Low Relevance,Low Relevance,Low Relevance,Low Relevance,Low Relevance,Low Relevance,Low Relevance,Low Relevance,Irrelevant,Irrelevant,Irrelevant,Irrelevant,Irrelevant,Irrelevant,Irrelevant,Irrelevant,Irrelevant,Irrelevant,Irrelevant,Irrelevant,Irrelevant,Irrelevant,Irrelevant,Irrelevant,Irrelevant,Irrelevant,Irrelevant
ID1664,Irrelevant,Irrelevant,Irrelevant,Irrelevant,Irrelevant,Irrelevant,Irrelevant,Irrelevant,Irrelevant,Irrelevant,Irrelevant,Irrelevant,Irrelevant,Irrelevant,Irrelevant,Irrelevant,Irrelevant,Irrelevant,Irrelevant,Irrelevant,Irrelevant,Irrelevant,Irrelevant,Irrelevant,Irrelevant,Irrelevant,Irrelevant,Irrelevant,Irrelevant,Irrelevant
ID1666,Low Relevance,Low Relevance,Low Relevance,Low Relevance,Low Relevance,Low Relevance,Low Relevance,Low Relevance,Low Relevance,Low Relevance,Irrelevant,Irrelevant,Irrelevant,Irrelevant,Irrelevant,Irrelevant,Irrelevant,Irrelevant,Irrelevant,Irrelevant,Irrelevant,Irrelevant,Irrelevant,Irrelevant,Irrelevant,Irrelevant,Irrelevant,Irrelevant,Irrelevant,Irrelevant
ID1667,Low Relevance,Low Relevance,Low Relevance,Low Relevance,Low Relevance,Low Relevance,Low Relevance,Low Relevance,Low Relevance,Irrelevant,Irrelevant,Irrelevant,Irrelevant,Irrelevant,Irrelevant,Irrelevant,Irrelevant,Irrelevant,Irrelevant,Irrelevant,Irrelevant,Irrelevant,Irrelevant,Irrelevant,Irrelevant,Irrelevant,Irrelevant,Irrelevant,Irrelevant,Irrelevant
ID1668,Low Relevance,Low Relevance,Low Relevance,Low Relevance,Low Relevance,Low Relevance,Low Relevance,Low Relevance,Low Relevance,Low Relevance,Irrelevant,Irrelevant,Irrelevant,Irrelevant,Irrelevant,Irrelevant,Irrelevant,Irrelevant,Irrelevant,Irrelevant,Irrelevant,Irrelevant,Irrelevant,Irrelevant,Irrelevant,Irrelevant,Irrelevant,Irrelevant,Irrelevant,Irrelevant
ID1671,Irrelevant,Irrelevant,Irrelevant,Irrelevant,Irrelevant,Irrelevant,Irrelevant,Irrelevant,Irrelevant,Irrelevant,Irrelevant,Irrelevant,Irrelevant,Irrelevant,Irrelevant,Irrelevant,Irrelevant,Irrelevant,Irrelevant,Irrelevant,Irrelevant,Irrelevant,Irrelevant,Irrelevant,Irrelevant,Irrelevant,Irrelevant,Irrelevant,Irrelevant,Irrelevant
ID1672,Low Relevance,Low Relevance,Irrelevant,Low Relevance,Low Relevance,Irrelevant,Irrelevant,Irrelevant,Irrelevant,Irrelevant,Irrelevant,Irrelevant,Irrelevant,Irrelevant,Irrelevant,Irrelevant,Irrelevant,Irrelevant,Irrelevant,Irrelevant,Irrelevant,Irrelevant,Irrelevant,Irrelevant,Irrelevant,Irrelevant,Irrelevant,Irrelevant,Irrelevant,Irrelevant
ID1673,Low Relevance,Low Relevance,Low Relevance,Low Relevance,Low Relevance,Irrelevant,Irrelevant,Irrelevant,Irrelevant,Irrelevant,Irrelevant,Irrelevant,Irrelevant,Irrelevant,Irrelevant,Irrelevant,Irrelevant,Irrelevant,Irrelevant,Irrelevant,Irrelevant,Irrelevant,Irrelevant,Irrelevant,Irrelevant,Irrelevant,Irrelevant,Irrelevant,Irrelevant,Irrelevant
ID1674,Low Relevance,Low Relevance,Low Relevance,Low Relevance,Low Relevance,Low Relevance,Low Relevance,Low Relevance,Low Relevance,Low Relevance,Low Relevance,Low Relevance,Irrelevant,Irrelevant,Irrelevant,Irrelevant,Irrelevant,Irrelevant,Irrelevant,Irrelevant,Irrelevant,Irrelevant,Irrelevant,Irrelevant,Irrelevant,Irrelevant,Irrelevant,Irrelevant,Irrelevant,Irrelevant
ID1676,Low Relevance,Low Relevance,Low Relevance,Irrelevant,Irrelevant,Irrelevant,Irrelevant,Irrelevant,Irrelevant,Irrelevant,Irrelevant,Irrelevant,Irrelevant,Irrelevant,Irrelevant,Irrelevant,Irrelevant,Irrelevant,Irrelevant,Irrelevant,Irrelevant,Irrelevant,Irrelevant,Irrelevant,Irrelevant,Irrelevant,Irrelevant,Irrelevant,Irrelevant,Irrelevant
ID1678,Low Relevance,Irrelevant,Low Relevance,Low Relevance,Low Relevance,Low Relevance,Low Relevance,Low Relevance,Low Relevance,Low Relevance,Irrelevant,Irrelevant,Irrelevant,Irrelevant,Irrelevant,Irrelevant,Irrelevant,Irrelevant,Irrelevant,Irrelevant,Irrelevant,Irrelevant,Irrelevant,Irrelevant,Irrelevant,Irrelevant,Irrelevant,Irrelevant,Irrelevant,Irrelevant
ID1679,High Relevance,Irrelevant,Irrelevant,Irrelevant,Irrelevant,Irrelevant,Irrelevant,Irrelevant,Irrelevant,Irrelevant,Irrelevant,Irrelevant,Irrelevant,Irrelevant,Irrelevant,Irrelevant,Irrelevant,Irrelevant,Irrelevant,Irrelevant,Irrelevant,Irrelevant,Irrelevant,Irrelevant,Irrelevant,Irrelevant,Irrelevant,Irrelevant,Irrelevant,Irrelevant
ID1680,Irrelevant,Irrelevant,Irrelevant,Irrelevant,Irrelevant,Irrelevant,Irrelevant,Irrelevant,Irrelevant,Irrelevant,Irrelevant,Irrelevant,Irrelevant,Irrelevant,Irrelevant,Irrelevant,Irrelevant,Irrelevant,Irrelevant,Irrelevant,Irrelevant,Irrelevant,Irrelevant,Irrelevant,Irrelevant,Irrelevant,Irrelevant,Irrelevant,Irrelevant,Irrelevant
ID1683,Irrelevant,Irrelevant,Irrelevant,Low Relevance,Irrelevant,Irrelevant,Irrelevant,Irrelevant,Irrelevant,Irrelevant,Irrelevant,Irrelevant,Irrelevant,Irrelevant,Irrelevant,Irrelevant,Irrelevant,Irrelevant,Irrelevant,Irrelevant,Irrelevant,Irrelevant,Irrelevant,Irrelevant,Irrelevant,Irrelevant,Irrelevant,Irrelevant,Irrelevant,Irrelevant
ID1684,Low Relevance,Irrelevant,High Relevance,Irrelevant,Low Relevance,Irrelevant,Irrelevant,Irrelevant,Irrelevant,Irrelevant,Irrelevant,Irrelevant,Irrelevant,Irrelevant,Irrelevant,Irrelevant,Irrelevant,Irrelevant,Irrelevant,Irrelevant,Irrelevant,Irrelevant,Irrelevant,Irrelevant,Irrelevant,Irrelevant,Irrelevant,Irrelevant,Irrelevant,Irrelevant
ID1685,Low Relevance,Low Relevance,Low Relevance,Low Relevance,Low Relevance,Low Relevance,Low Relevance,Low Relevance,Irrelevant,Irrelevant,Irrelevant,Irrelevant,Irrelevant,Irrelevant,Irrelevant,Irrelevant,Irrelevant,Irrelevant,Irrelevant,Irrelevant,Irrelevant,Irrelevant,Irrelevant,Irrelevant,Irrelevant,Irrelevant,Irrelevant,Irrelevant,Irrelevant,Irrelevant
ID1687,Low Relevance,Irrelevant,Low Relevance,Irrelevant,Irrelevant,Irrelevant,Irrelevant,Irrelevant,Irrelevant,Irrelevant,Irrelevant,Irrelevant,Irrelevant,Irrelevant,Irrelevant,Irrelevant,Irrelevant,Irrelevant,Irrelevant,Irrelevant,Irrelevant,Irrelevant,Irrelevant,Irrelevant,Irrelevant,Irrelevant,Irrelevant,Irrelevant,Irrelevant,Irrelevant
ID1688,Low Relevance,Irrelevant,Low Relevance,Low Relevance,Irrelevant,Low Relevance,Low Relevance,Irrelevant,Irrelevant,Irrelevant,Irrelevant,Irrelevant,Irrelevant,Irrelevant,Irrelevant,Irrelevant,Irrelevant,Irrelevant,Irrelevant,Irrelevant,Irrelevant,Irrelevant,Irrelevant,Irrelevant,Irrelevant,Irrelevant,Irrelevant,Irrelevant,Irrelevant,Irrelevant
ID1689,High Relevance,Low Relevance,Low Relevance,Low Relevance,Low Relevance,Low Relevance,Low Relevance,Low Relevance,Low Relevance,Low Relevance,Irrelevant,Irrelevant,Irrelevant,Irrelevant,Irrelevant,Irrelevant,Irrelevant,Irrelevant,Irrelevant,Irrelevant,Irrelevant,Irrelevant,Irrelevant,Irrelevant,Irrelevant,Irrelevant,Irrelevant,Irrelevant,Irrelevant,Irrelevant
ID1691,Low Relevance,Low Relevance,Low Relevance,Low Relevance,Low Relevance,Low Relevance,Low Relevance,Low Relevance,Low Relevance,Low Relevance,Low Relevance,Low Relevance,Irrelevant,Irrelevant,Irrelevant,Irrelevant,Irrelevant,Irrelevant,Irrelevant,Irrelevant,Irrelevant,Irrelevant,Irrelevant,Irrelevant,Irrelevant,Irrelevant,Irrelevant,Irrelevant,Irrelevant,Irrelevant
ID1692,Irrelevant,Irrelevant,Irrelevant,Irrelevant,Irrelevant,Irrelevant,Irrelevant,Irrelevant,Irrelevant,Irrelevant,Irrelevant,Irrelevant,Irrelevant,Irrelevant,Irrelevant,Irrelevant,Irrelevant,Irrelevant,Irrelevant,Irrelevant,Irrelevant,Irrelevant,Irrelevant,Irrelevant,Irrelevant,Irrelevant,Irrelevant,Irrelevant,Irrelevant,Irrelevant
ID1693,Low Relevance,Low Relevance,Low Relevance,Low Relevance,Low Relevance,Low Relevance,Low Relevance,Low Relevance,Low Relevance,Low Relevance,Irrelevant,Irrelevant,Irrelevant,Irrelevant,Irrelevant,Irrelevant,Irrelevant,Irrelevant,Irrelevant,Irrelevant,Irrelevant,Irrelevant,Irrelevant,Irrelevant,Irrelevant,Irrelevant,Irrelevant,Irrelevant,Irrelevant,Irrelevant
ID1694,Low Relevance,High Relevance,Low Relevance,Low Relevance,Low Relevance,Low Relevance,Low Relevance,Low Relevance,Low Relevance,Low Relevance,Low Relevance,Irrelevant,Irrelevant,Irrelevant,Irrelevant,Irrelevant,Irrelevant,Irrelevant,Irrelevant,Irrelevant,Irrelevant,Irrelevant,Irrelevant,Irrelevant,Irrelevant,Irrelevant,Irrelevant,Irrelevant,Irrelevant,Irrelevant
ID1695,Irrelevant,Irrelevant,Irrelevant,Irrelevant,Irrelevant,Irrelevant,Irrelevant,Irrelevant,Irrelevant,Irrelevant,Irrelevant,Irrelevant,Low Relevance,Irrelevant,Low Relevance,Irrelevant,Irrelevant,Irrelevant,Irrelevant,Irrelevant,Irrelevant,Irrelevant,Irrelevant,Irrelevant,Irrelevant,Irrelevant,Irrelevant,Irrelevant,Irrelevant,Irrelevant
ID1696,Low Relevance,Low Relevance,Low Relevance,Irrelevant,Low Relevance,Low Relevance,Irrelevant,Irrelevant,Irrelevant,Irrelevant,Irrelevant,Irrelevant,Irrelevant,Irrelevant,Irrelevant,Irrelevant,Irrelevant,Irrelevant,Irrelevant,Irrelevant,Irrelevant,Irrelevant,Irrelevant,Irrelevant,Irrelevant,Irrelevant,Irrelevant,Irrelevant,Irrelevant,Irrelevant
ID1697,High Relevance,Low Relevance,Low Relevance,Low Relevance,Low Relevance,Irrelevant,Irrelevant,Irrelevant,Irrelevant,Irrelevant,Irrelevant,Irrelevant,Irrelevant,Irrelevant,Irrelevant,Irrelevant,Irrelevant,Irrelevant,Irrelevant,Irrelevant,Irrelevant,Irrelevant,Irrelevant,Irrelevant,Irrelevant,Irrelevant,Irrelevant,Irrelevant,Irrelevant,Irrelevant
ID1698,Low Relevance,Irrelevant,Irrelevant,Irrelevant,Irrelevant,Irrelevant,Irrelevant,Irrelevant,Irrelevant,Irrelevant,Irrelevant,Irrelevant,Irrelevant,Irrelevant,Irrelevant,Irrelevant,Irrelevant,Irrelevant,Irrelevant,Irrelevant,Irrelevant,Irrelevant,Irrelevant,Irrelevant,Irrelevant,Irrelevant,Irrelevant,Irrelevant,Irrelevant,Irrelevant
ID1699,Low Relevance,Low Relevance,Low Relevance,Low Relevance,Low Relevance,Low Relevance,Low Relevance,Low Relevance,Low Relevance,Low Relevance,Low Relevance,Low Relevance,Irrelevant,Irrelevant,Irrelevant,Irrelevant,Irrelevant,Irrelevant,Irrelevant,Irrelevant,Irrelevant,Irrelevant,Irrelevant,Irrelevant,Irrelevant,Irrelevant,Irrelevant,Irrelevant,Irrelevant,Irrelevant
ID1700,Irrelevant,Low Relevance,Low Relevance,Low Relevance,Irrelevant,Irrelevant,Irrelevant,Irrelevant,Irrelevant,Irrelevant,Irrelevant,Irrelevant,Irrelevant,Irrelevant,Irrelevant,Irrelevant,Irrelevant,Irrelevant,Irrelevant,Irrelevant,Irrelevant,Irrelevant,Irrelevant,Irrelevant,Irrelevant,Irrelevant,Irrelevant,Irrelevant,Irrelevant,Irrelevant
ID1701,Low Relevance,Low Relevance,Low Relevance,Low Relevance,Low Relevance,Low Relevance,Low Relevance,Low Relevance,Low Relevance,Irrelevant,Irrelevant,Irrelevant,Irrelevant,Irrelevant,Irrelevant,Irrelevant,Irrelevant,Irrelevant,Irrelevant,Irrelevant,Irrelevant,Irrelevant,Irrelevant,Irrelevant,Irrelevant,Irrelevant,Irrelevant,Irrelevant,Irrelevant,Irrelevant
ID1702,Low Relevance,Irrelevant,Irrelevant,Irrelevant,Irrelevant,Irrelevant,Irrelevant,Irrelevant,Irrelevant,Irrelevant,Irrelevant,Irrelevant,Irrelevant,Irrelevant,Irrelevant,Irrelevant,Irrelevant,Irrelevant,Irrelevant,Irrelevant,Irrelevant,Irrelevant,Irrelevant,Irrelevant,Irrelevant,Irrelevant,Irrelevant,Irrelevant,Irrelevant,Irrelevant
ID1704,Low Relevance,Irrelevant,Irrelevant,High Relevance,Irrelevant,Irrelevant,Irrelevant,Irrelevant,Irrelevant,Irrelevant,Irrelevant,Irrelevant,Irrelevant,Irrelevant,Irrelevant,Irrelevant,Irrelevant,Irrelevant,Irrelevant,Irrelevant,Irrelevant,Irrelevant,Irrelevant,Irrelevant,Irrelevant,Irrelevant,Irrelevant,Irrelevant,Irrelevant,Irrelevant
ID1706,Low Relevance,Irrelevant,Irrelevant,Irrelevant,Low Relevance,Low Relevance,Low Relevance,Low Relevance,Low Relevance,Irrelevant,Irrelevant,Irrelevant,Irrelevant,Irrelevant,Irrelevant,Irrelevant,Irrelevant,Irrelevant,Irrelevant,Irrelevant,Irrelevant,Irrelevant,Irrelevant,Irrelevant,Irrelevant,Irrelevant,Irrelevant,Irrelevant,Irrelevant,Irrelevant
ID1710,Irrelevant,Irrelevant,Irrelevant,Irrelevant,Irrelevant,Irrelevant,Irrelevant,Irrelevant,Irrelevant,Irrelevant,Irrelevant,Irrelevant,Irrelevant,Irrelevant,Irrelevant,Irrelevant,Irrelevant,Irrelevant,Irrelevant,Irrelevant,Irrelevant,Irrelevant,Irrelevant,Irrelevant,Irrelevant,Irrelevant,Irrelevant,Irrelevant,Irrelevant,Irrelevant
ID1711,Irrelevant,Irrelevant,Irrelevant,Low Relevance,Irrelevant,Irrelevant,Irrelevant,Irrelevant,Irrelevant,Irrelevant,Irrelevant,Irrelevant,Irrelevant,Irrelevant,Irrelevant,Irrelevant,Irrelevant,Irrelevant,Irrelevant,Irrelevant,Irrelevant,Irrelevant,Irrelevant,Irrelevant,Irrelevant,Irrelevant,Irrelevant,Irrelevant,Irrelevant,Irrelevant
ID1712,Low Relevance,Low Relevance,Low Relevance,Low Relevance,Low Relevance,Irrelevant,Irrelevant,Irrelevant,Irrelevant,Irrelevant,Irrelevant,Irrelevant,Irrelevant,Irrelevant,Irrelevant,Irrelevant,Irrelevant,Irrelevant,Irrelevant,Irrelevant,Irrelevant,Irrelevant,Irrelevant,Irrelevant,Irrelevant,Irrelevant,Irrelevant,Irrelevant,Irrelevant,Irrelevant
ID1713,Irrelevant,Irrelevant,Irrelevant,Low Relevance,Irrelevant,Irrelevant,Irrelevant,Irrelevant,Irrelevant,Irrelevant,Irrelevant,Irrelevant,Irrelevant,Irrelevant,Irrelevant,Irrelevant,Irrelevant,Irrelevant,Irrelevant,Irrelevant,Irrelevant,Irrelevant,Irrelevant,Irrelevant,Irrelevant,Irrelevant,Irrelevant,Irrelevant,Irrelevant,Irrelevant
ID1714,Low Relevance,Irrelevant,Irrelevant,Low Relevance,Irrelevant,Irrelevant,Low Relevance,Irrelevant,Irrelevant,Irrelevant,Irrelevant,Irrelevant,Irrelevant,Irrelevant,Irrelevant,Irrelevant,Irrelevant,Irrelevant,Irrelevant,Irrelevant,Irrelevant,Irrelevant,Irrelevant,Irrelevant,Irrelevant,Irrelevant,Irrelevant,Irrelevant,Irrelevant,Irrelevant
ID1715,Low Relevance,Irrelevant,Irrelevant,Irrelevant,Irrelevant,Irrelevant,Irrelevant,Irrelevant,Irrelevant,Irrelevant,Irrelevant,Irrelevant,Irrelevant,Irrelevant,Irrelevant,Irrelevant,Irrelevant,Irrelevant,Irrelevant,Irrelevant,Irrelevant,Irrelevant,Irrelevant,Irrelevant,Irrelevant,Irrelevant,Irrelevant,Irrelevant,Irrelevant,Irrelevant
ID1716,High Relevance,Low Relevance,Low Relevance,Low Relevance,Low Relevance,Low Relevance,Low Relevance,Low Relevance,Low Relevance,Low Relevance,Irrelevant,Irrelevant,Irrelevant,Irrelevant,Irrelevant,Irrelevant,Irrelevant,Irrelevant,Irrelevant,Irrelevant,Irrelevant,Irrelevant,Irrelevant,Irrelevant,Irrelevant,Irrelevant,Irrelevant,Irrelevant,Irrelevant,Irrelevant
ID1717,Low Relevance,Irrelevant,Irrelevant,Irrelevant,Irrelevant,Low Relevance,Low Relevance,High Relevance,Low Relevance,Low Relevance,Low Relevance,Low Relevance,Irrelevant,Irrelevant,Irrelevant,Irrelevant,Irrelevant,Irrelevant,Irrelevant,Irrelevant,Irrelevant,Irrelevant,Irrelevant,Irrelevant,Irrelevant,Irrelevant,Irrelevant,Irrelevant,Irrelevant,Irrelevant
ID1718,Low Relevance,Irrelevant,Low Relevance,Low Relevance,Low Relevance,Irrelevant,Low Relevance,Low Relevance,Low Relevance,Irrelevant,Irrelevant,Irrelevant,Irrelevant,Irrelevant,Irrelevant,Irrelevant,Irrelevant,Irrelevant,Irrelevant,Irrelevant,Irrelevant,Irrelevant,Irrelevant,Irrelevant,Irrelevant,Irrelevant,Irrelevant,Irrelevant,Irrelevant,Irrelevant
ID1722,Low Relevance,Low Relevance,Low Relevance,Low Relevance,Low Relevance,Low Relevance,Low Relevance,Irrelevant,Irrelevant,Irrelevant,Irrelevant,Irrelevant,Irrelevant,Irrelevant,Irrelevant,Irrelevant,Irrelevant,Irrelevant,Irrelevant,Irrelevant,Irrelevant,Irrelevant,Irrelevant,Irrelevant,Irrelevant,Irrelevant,Irrelevant,Irrelevant,Irrelevant,Irrelevant
ID1724,Low Relevance,High Relevance,Low Relevance,Low Relevance,Low Relevance,Low Relevance,Low Relevance,Low Relevance,Low Relevance,Low Relevance,Low Relevance,Irrelevant,Irrelevant,Irrelevant,Irrelevant,Irrelevant,Irrelevant,Irrelevant,Irrelevant,Irrelevant,Irrelevant,Irrelevant,Irrelevant,Irrelevant,Irrelevant,Irrelevant,Irrelevant,Irrelevant,Irrelevant,Irrelevant
ID1725,Irrelevant,Irrelevant,Irrelevant,Irrelevant,Irrelevant,Irrelevant,Irrelevant,Irrelevant,Irrelevant,Irrelevant,Irrelevant,Irrelevant,Irrelevant,Irrelevant,Irrelevant,Irrelevant,Irrelevant,Irrelevant,Irrelevant,Irrelevant,Irrelevant,Irrelevant,Irrelevant,Irrelevant,Irrelevant,Irrelevant,Irrelevant,Irrelevant,Irrelevant,Irrelevant
ID1727,Low Relevance,Low Relevance,Low Relevance,Low Relevance,Low Relevance,Low Relevance,Low Relevance,Low Relevance,Irrelevant,Irrelevant,Irrelevant,Irrelevant,Irrelevant,Irrelevant,Irrelevant,Irrelevant,Irrelevant,Irrelevant,Irrelevant,Irrelevant,Irrelevant,Irrelevant,Irrelevant,Irrelevant,Irrelevant,Irrelevant,Irrelevant,Irrelevant,Irrelevant,Irrelevant
ID1728,Irrelevant,Irrelevant,Irrelevant,Irrelevant,Irrelevant,Irrelevant,Irrelevant,Irrelevant,Irrelevant,Irrelevant,Irrelevant,Irrelevant,Irrelevant,Irrelevant,Irrelevant,Irrelevant,Irrelevant,Irrelevant,Irrelevant,Irrelevant,Irrelevant,Irrelevant,Irrelevant,Irrelevant,Irrelevant,Irrelevant,Irrelevant,Irrelevant,Irrelevant,Irrelevant
ID1732,Irrelevant,Irrelevant,Irrelevant,Irrelevant,Irrelevant,Irrelevant,Irrelevant,Irrelevant,Irrelevant,Irrelevant,Irrelevant,Irrelevant,Irrelevant,Irrelevant,Irrelevant,Irrelevant,Irrelevant,Irrelevant,Irrelevant,Irrelevant,Irrelevant,Irrelevant,Irrelevant,Irrelevant,Irrelevant,Irrelevant,Irrelevant,Irrelevant,Irrelevant,Irrelevant
ID1734,Low Relevance,Irrelevant,Irrelevant,Irrelevant,Irrelevant,Irrelevant,Irrelevant,Irrelevant,Irrelevant,Irrelevant,Irrelevant,Irrelevant,Irrelevant,Irrelevant,Irrelevant,Irrelevant,Irrelevant,Irrelevant,Irrelevant,Irrelevant,Irrelevant,Irrelevant,Irrelevant,Irrelevant,Irrelevant,Irrelevant,Irrelevant,Irrelevant,Irrelevant,Irrelevant
ID1738,Low Relevance,Low Relevance,Low Relevance,Low Relevance,Low Relevance,Low Relevance,Low Relevance,Low Relevance,Low Relevance,Low Relevance,Low Relevance,Irrelevant,Irrelevant,Irrelevant,Irrelevant,Irrelevant,Irrelevant,Irrelevant,Irrelevant,Irrelevant,Irrelevant,Irrelevant,Irrelevant,Irrelevant,Irrelevant,Irrelevant,Irrelevant,Irrelevant,Irrelevant,Irrelevant
ID1741,Irrelevant,Irrelevant,Irrelevant,Irrelevant,Irrelevant,Irrelevant,Irrelevant,Irrelevant,Irrelevant,Irrelevant,Irrelevant,Irrelevant,Irrelevant,Irrelevant,Irrelevant,Irrelevant,Irrelevant,Irrelevant,Irrelevant,Irrelevant,Irrelevant,Irrelevant,Irrelevant,Irrelevant,Irrelevant,Irrelevant,Irrelevant,Irrelevant,Irrelevant,Irrelevant
ID1742,Low Relevance,Irrelevant,Irrelevant,Irrelevant,Irrelevant,Irrelevant,Irrelevant,Irrelevant,Irrelevant,Irrelevant,Irrelevant,Irrelevant,Irrelevant,Irrelevant,Irrelevant,Irrelevant,Irrelevant,Irrelevant,Irrelevant,Irrelevant,Irrelevant,Irrelevant,Irrelevant,Irrelevant,Irrelevant,Irrelevant,Irrelevant,Irrelevant,Irrelevant,Irrelevant
ID1743,Low Relevance,Low Relevance,Low Relevance,Low Relevance,Low Relevance,Irrelevant,Irrelevant,Irrelevant,Irrelevant,Irrelevant,Irrelevant,Irrelevant,Irrelevant,Irrelevant,Irrelevant,Irrelevant,Irrelevant,Irrelevant,Irrelevant,Irrelevant,Irrelevant,Irrelevant,Irrelevant,Irrelevant,Irrelevant,Irrelevant,Irrelevant,Irrelevant,Irrelevant,Irrelevant
ID1744,Low Relevance,Low Relevance,Low Relevance,Low Relevance,Low Relevance,Low Relevance,Irrelevant,Irrelevant,Irrelevant,Irrelevant,Irrelevant,Irrelevant,Irrelevant,Irrelevant,Irrelevant,Irrelevant,Irrelevant,Irrelevant,Irrelevant,Irrelevant,Irrelevant,Irrelevant,Irrelevant,Irrelevant,Irrelevant,Irrelevant,Irrelevant,Irrelevant,Irrelevant,Irrelevant
ID1746,Low Relevance,Low Relevance,Irrelevant,Irrelevant,Irrelevant,Irrelevant,Irrelevant,Irrelevant,Irrelevant,Irrelevant,Irrelevant,Irrelevant,Irrelevant,Irrelevant,Irrelevant,Irrelevant,Irrelevant,Irrelevant,Irrelevant,Irrelevant,Irrelevant,Irrelevant,Irrelevant,Irrelevant,Irrelevant,Irrelevant,Irrelevant,Irrelevant,Irrelevant,Irrelevant
ID1747,Low Relevance,Irrelevant,Irrelevant,Low Relevance,Low Relevance,Low Relevance,Low Relevance,Irrelevant,Low Relevance,Low Relevance,Irrelevant,Irrelevant,Irrelevant,Irrelevant,Irrelevant,Irrelevant,Irrelevant,Irrelevant,Irrelevant,Irrelevant,Irrelevant,Irrelevant,Irrelevant,Irrelevant,Irrelevant,Irrelevant,Irrelevant,Irrelevant,Irrelevant,Irrelevant
ID1749,Low Relevance,Low Relevance,Low Relevance,Low Relevance,Low Relevance,Low Relevance,Low Relevance,Irrelevant,Irrelevant,Irrelevant,Irrelevant,Irrelevant,Irrelevant,Irrelevant,Irrelevant,Irrelevant,Irrelevant,Irrelevant,Irrelevant,Irrelevant,Irrelevant,Irrelevant,Irrelevant,Irrelevant,Irrelevant,Irrelevant,Irrelevant,Irrelevant,Irrelevant,Irrelevant
ID1750,Low Relevance,Irrelevant,Low Relevance,Irrelevant,Irrelevant,Irrelevant,Irrelevant,Irrelevant,Irrelevant,Irrelevant,Irrelevant,Irrelevant,Irrelevant,Irrelevant,Irrelevant,Irrelevant,Irrelevant,Irrelevant,Irrelevant,Irrelevant,Irrelevant,Irrelevant,Irrelevant,Irrelevant,Irrelevant,Irrelevant,Irrelevant,Irrelevant,Irrelevant,Irrelevant
ID1751,Low Relevance,Low Relevance,Low Relevance,Low Relevance,Low Relevance,Low Relevance,Low Relevance,Irrelevant,Irrelevant,Irrelevant,Irrelevant,Irrelevant,Irrelevant,Irrelevant,Irrelevant,Irrelevant,Irrelevant,Irrelevant,Irrelevant,Irrelevant,Irrelevant,Irrelevant,Irrelevant,Irrelevant,Irrelevant,Irrelevant,Irrelevant,Irrelevant,Irrelevant,Irrelevant
ID1755,Low Relevance,Low Relevance,Low Relevance,Low Relevance,Low Relevance,Low Relevance,Irrelevant,Irrelevant,Irrelevant,Irrelevant,Irrelevant,Irrelevant,Irrelevant,Irrelevant,Irrelevant,Irrelevant,Irrelevant,Irrelevant,Irrelevant,Irrelevant,Irrelevant,Irrelevant,Irrelevant,Irrelevant,Irrelevant,Irrelevant,Irrelevant,Irrelevant,Irrelevant,Irrelevant
ID1756,Irrelevant,Irrelevant,Irrelevant,Irrelevant,Irrelevant,Irrelevant,Irrelevant,Irrelevant,Low Relevance,Irrelevant,Irrelevant,Irrelevant,Irrelevant,Irrelevant,Irrelevant,Irrelevant,Irrelevant,Irrelevant,Irrelevant,Irrelevant,Irrelevant,Irrelevant,Irrelevant,Irrelevant,Irrelevant,Irrelevant,Irrelevant,Irrelevant,Irrelevant,Irrelevant
ID1757,Low Relevance,Low Relevance,Low Relevance,Low Relevance,Low Relevance,Irrelevant,Irrelevant,Irrelevant,Irrelevant,Irrelevant,Irrelevant,Irrelevant,Irrelevant,Irrelevant,Irrelevant,Irrelevant,Irrelevant,Irrelevant,Irrelevant,Irrelevant,Irrelevant,Irrelevant,Irrelevant,Irrelevant,Irrelevant,Irrelevant,Irrelevant,Irrelevant,Irrelevant,Irrelevant
ID1758,Low Relevance,Irrelevant,Irrelevant,Low Relevance,Irrelevant,Irrelevant,Irrelevant,Irrelevant,Irrelevant,Irrelevant,Irrelevant,Irrelevant,Irrelevant,Irrelevant,Irrelevant,Irrelevant,Irrelevant,Irrelevant,Irrelevant,Irrelevant,Irrelevant,Irrelevant,Irrelevant,Irrelevant,Irrelevant,Irrelevant,Irrelevant,Irrelevant,Irrelevant,Irrelevant
ID1761,Irrelevant,Irrelevant,Irrelevant,Irrelevant,Irrelevant,Irrelevant,Irrelevant,Irrelevant,Irrelevant,Irrelevant,Irrelevant,Irrelevant,Irrelevant,Irrelevant,Irrelevant,Irrelevant,Irrelevant,Irrelevant,Irrelevant,Irrelevant,Irrelevant,Irrelevant,Irrelevant,Irrelevant,Irrelevant,Irrelevant,Irrelevant,Irrelevant,Irrelevant,Irrelevant
ID1762,Low Relevance,Low Relevance,Low Relevance,Low Relevance,Low Relevance,Low Relevance,Low Relevance,Low Relevance,Irrelevant,Low Relevance,Irrelevant,Irrelevant,Irrelevant,Irrelevant,Irrelevant,Irrelevant,Irrelevant,Irrelevant,Irrelevant,Irrelevant,Irrelevant,Irrelevant,Irrelevant,Irrelevant,Irrelevant,Irrelevant,Irrelevant,Irrelevant,Irrelevant,Irrelevant
ID1765,Irrelevant,Low Relevance,Low Relevance,Low Relevance,Low Relevance,Low Relevance,Low Relevance,Low Relevance,Low Relevance,Low Relevance,Low Relevance,Low Relevance,Irrelevant,Irrelevant,Irrelevant,Irrelevant,Irrelevant,Irrelevant,Irrelevant,Irrelevant,Irrelevant,Irrelevant,Irrelevant,Irrelevant,Irrelevant,Irrelevant,Irrelevant,Irrelevant,Irrelevant,Irrelevant
ID1766,Low Relevance,Low Relevance,Low Relevance,Low Relevance,Low Relevance,Low Relevance,Low Relevance,Low Relevance,Irrelevant,Irrelevant,Irrelevant,Irrelevant,Irrelevant,Irrelevant,Irrelevant,Irrelevant,Irrelevant,Irrelevant,Irrelevant,Irrelevant,Irrelevant,Irrelevant,Irrelevant,Irrelevant,Irrelevant,Irrelevant,Irrelevant,Irrelevant,Irrelevant,Irrelevant
ID1767,Low Relevance,Low Relevance,Low Relevance,Low Relevance,Low Relevance,Low Relevance,Low Relevance,Low Relevance,Low Relevance,Low Relevance,Irrelevant,Irrelevant,Irrelevant,Irrelevant,Irrelevant,Irrelevant,Irrelevant,Irrelevant,Irrelevant,Irrelevant,Irrelevant,Irrelevant,Irrelevant,Irrelevant,Irrelevant,Irrelevant,Irrelevant,Irrelevant,Irrelevant,Irrelevant
ID1768,Low Relevance,Low Relevance,Low Relevance,Low Relevance,Low Relevance,Low Relevance,Low Relevance,Low Relevance,Irrelevant,Irrelevant,Irrelevant,Irrelevant,Irrelevant,Irrelevant,Irrelevant,Irrelevant,Irrelevant,Irrelevant,Irrelevant,Irrelevant,Irrelevant,Irrelevant,Irrelevant,Irrelevant,Irrelevant,Irrelevant,Irrelevant,Irrelevant,Irrelevant,Irrelevant
ID1769,Irrelevant,Irrelevant,Irrelevant,Irrelevant,Irrelevant,Irrelevant,Irrelevant,Irrelevant,Irrelevant,Irrelevant,Irrelevant,Irrelevant,Irrelevant,Irrelevant,Irrelevant,Irrelevant,Irrelevant,Irrelevant,Irrelevant,Irrelevant,Irrelevant,Irrelevant,Irrelevant,Irrelevant,Irrelevant,Irrelevant,Irrelevant,Irrelevant,Irrelevant,Irrelevant
ID1772,Low Relevance,Irrelevant,Low Relevance,Irrelevant,Irrelevant,Irrelevant,Irrelevant,Irrelevant,Irrelevant,Irrelevant,Irrelevant,Irrelevant,Irrelevant,Irrelevant,Irrelevant,Irrelevant,Irrelevant,Irrelevant,Irrelevant,Irrelevant,Irrelevant,Irrelevant,Irrelevant,Irrelevant,Irrelevant,Irrelevant,Irrelevant,Irrelevant,Irrelevant,Irrelevant
ID1773,Irrelevant,Irrelevant,Irrelevant,Irrelevant,Irrelevant,Irrelevant,Irrelevant,Irrelevant,Irrelevant,Irrelevant,Irrelevant,Irrelevant,Irrelevant,Irrelevant,Irrelevant,Irrelevant,Irrelevant,Irrelevant,Irrelevant,Irrelevant,Irrelevant,Irrelevant,Irrelevant,Irrelevant,Irrelevant,Irrelevant,Irrelevant,Irrelevant,Irrelevant,Irrelevant
ID1774,Low Relevance,Irrelevant,Irrelevant,Irrelevant,Irrelevant,Irrelevant,Irrelevant,Irrelevant,Irrelevant,Irrelevant,Irrelevant,Irrelevant,Irrelevant,Irrelevant,Irrelevant,Irrelevant,Irrelevant,Irrelevant,Irrelevant,Irrelevant,Irrelevant,Irrelevant,Irrelevant,Irrelevant,Irrelevant,Irrelevant,Irrelevant,Irrelevant,Irrelevant,Irrelevant
ID1775,Low Relevance,Irrelevant,Irrelevant,Irrelevant,Irrelevant,Irrelevant,Irrelevant,Irrelevant,Irrelevant,Irrelevant,Irrelevant,Irrelevant,Irrelevant,Irrelevant,Irrelevant,Irrelevant,Irrelevant,Irrelevant,Irrelevant,Irrelevant,Irrelevant,Irrelevant,Irrelevant,Irrelevant,Irrelevant,Irrelevant,Irrelevant,Irrelevant,Irrelevant,Irrelevant
ID1776,Low Relevance,Low Relevance,Low Relevance,Low Relevance,Low Relevance,Low Relevance,Low Relevance,Low Relevance,Irrelevant,Irrelevant,Irrelevant,Irrelevant,Irrelevant,Irrelevant,Irrelevant,Irrelevant,Irrelevant,Irrelevant,Irrelevant,Irrelevant,Irrelevant,Irrelevant,Irrelevant,Irrelevant,Irrelevant,Irrelevant,Irrelevant,Irrelevant,Irrelevant,Irrelevant
ID1777,Low Relevance,Low Relevance,Low Relevance,Low Relevance,Irrelevant,Irrelevant,Irrelevant,Irrelevant,Irrelevant,Irrelevant,Irrelevant,Irrelevant,Irrelevant,Irrelevant,Irrelevant,Irrelevant,Irrelevant,Irrelevant,Irrelevant,Irrelevant,Irrelevant,Irrelevant,Irrelevant,Irrelevant,Irrelevant,Irrelevant,Irrelevant,Irrelevant,Irrelevant,Irrelevant
ID1778,Low Relevance,Low Relevance,Low Relevance,Low Relevance,Low Relevance,Low Relevance,Irrelevant,Irrelevant,Irrelevant,Irrelevant,Irrelevant,Irrelevant,Irrelevant,Irrelevant,Irrelevant,Irrelevant,Irrelevant,Irrelevant,Irrelevant,Irrelevant,Irrelevant,Irrelevant,Irrelevant,Irrelevant,Irrelevant,Irrelevant,Irrelevant,Irrelevant,Irrelevant,Irrelevant
ID1779,Irrelevant,Irrelevant,Irrelevant,Irrelevant,Irrelevant,Irrelevant,Irrelevant,Irrelevant,Irrelevant,Irrelevant,Irrelevant,Irrelevant,Irrelevant,Irrelevant,Irrelevant,Irrelevant,Irrelevant,Irrelevant,Irrelevant,Irrelevant,Irrelevant,Irrelevant,Irrelevant,Irrelevant,Irrelevant,Irrelevant,Irrelevant,Irrelevant,Irrelevant,Irrelevant
ID1783,Low Relevance,Low Relevance,Low Relevance,Low Relevance,Low Relevance,Low Relevance,Low Relevance,Low Relevance,Irrelevant,Irrelevant,Irrelevant,Irrelevant,Irrelevant,Irrelevant,Irrelevant,Irrelevant,Irrelevant,Irrelevant,Irrelevant,Irrelevant,Irrelevant,Irrelevant,Irrelevant,Irrelevant,Irrelevant,Irrelevant,Irrelevant,Irrelevant,Irrelevant,Irrelevant
ID1786,Low Relevance,Low Relevance,Low Relevance,Low Relevance,High Relevance,Low Relevance,Low Relevance,Low Relevance,Irrelevant,Irrelevant,Irrelevant,Irrelevant,Irrelevant,Irrelevant,Irrelevant,Irrelevant,Irrelevant,Irrelevant,Irrelevant,Irrelevant,Irrelevant,Irrelevant,Irrelevant,Irrelevant,Irrelevant,Irrelevant,Irrelevant,Irrelevant,Irrelevant,Irrelevant
ID1787,Low Relevance,Low Relevance,Low Relevance,Low Relevance,Low Relevance,Low Relevance,Low Relevance,Low Relevance,Low Relevance,Low Relevance,Low Relevance,Low Relevance,Irrelevant,Irrelevant,Irrelevant,Irrelevant,Irrelevant,Irrelevant,Irrelevant,Irrelevant,Irrelevant,Irrelevant,Irrelevant,Irrelevant,Irrelevant,Irrelevant,Irrelevant,Irrelevant,Irrelevant,Irrelevant
ID1788,Irrelevant,Irrelevant,Irrelevant,Irrelevant,Irrelevant,Irrelevant,Irrelevant,Irrelevant,Irrelevant,Irrelevant,Irrelevant,Irrelevant,Irrelevant,Irrelevant,Irrelevant,Irrelevant,Irrelevant,Irrelevant,Irrelevant,Irrelevant,Irrelevant,Irrelevant,Irrelevant,Irrelevant,Irrelevant,Irrelevant,Irrelevant,Irrelevant,Irrelevant,Irrelevant
ID1789,Low Relevance,Low Relevance,Low Relevance,Low Relevance,Low Relevance,Low Relevance,Low Relevance,Low Relevance,Low Relevance,Low Relevance,Irrelevant,Irrelevant,Irrelevant,Irrelevant,Irrelevant,Irrelevant,Irrelevant,Irrelevant,Irrelevant,Irrelevant,Irrelevant,Irrelevant,Irrelevant,Irrelevant,Irrelevant,Irrelevant,Irrelevant,Irrelevant,Irrelevant,Irrelevant
ID1790,High Relevance,Irrelevant,Irrelevant,Irrelevant,Irrelevant,Irrelevant,Irrelevant,Irrelevant,Irrelevant,Irrelevant,Irrelevant,Irrelevant,Irrelevant,Irrelevant,Irrelevant,Irrelevant,Irrelevant,Irrelevant,Irrelevant,Irrelevant,Irrelevant,Irrelevant,Irrelevant,Irrelevant,Irrelevant,Irrelevant,Irrelevant,Irrelevant,Irrelevant,Irrelevant
ID1791,Low Relevance,Irrelevant,Irrelevant,Irrelevant,Irrelevant,Irrelevant,Irrelevant,Irrelevant,Irrelevant,Irrelevant,Irrelevant,Irrelevant,Irrelevant,Irrelevant,Irrelevant,Irrelevant,Irrelevant,Irrelevant,Irrelevant,Irrelevant,Irrelevant,Irrelevant,Irrelevant,Irrelevant,Irrelevant,Irrelevant,Irrelevant,Irrelevant,Irrelevant,Irrelevant
ID1792,Irrelevant,Irrelevant,Irrelevant,Irrelevant,Irrelevant,Irrelevant,Irrelevant,Irrelevant,Irrelevant,Irrelevant,Irrelevant,Irrelevant,Irrelevant,Irrelevant,Irrelevant,Irrelevant,Irrelevant,Irrelevant,Irrelevant,Irrelevant,Irrelevant,Irrelevant,Irrelevant,Irrelevant,Irrelevant,Irrelevant,Irrelevant,Irrelevant,Irrelevant,Irrelevant
ID1793,Low Relevance,Irrelevant,Irrelevant,Irrelevant,Irrelevant,Irrelevant,Irrelevant,Irrelevant,Irrelevant,Irrelevant,Irrelevant,Irrelevant,Irrelevant,Irrelevant,Irrelevant,Irrelevant,Irrelevant,Irrelevant,Irrelevant,Irrelevant,Irrelevant,Irrelevant,Irrelevant,Irrelevant,Irrelevant,Irrelevant,Irrelevant,Irrelevant,Irrelevant,Irrelevant
ID1795,Low Relevance,Low Relevance,Irrelevant,Irrelevant,Irrelevant,Irrelevant,Irrelevant,Irrelevant,Irrelevant,Irrelevant,Irrelevant,Irrelevant,Irrelevant,Irrelevant,Irrelevant,Irrelevant,Irrelevant,Irrelevant,Irrelevant,Irrelevant,Irrelevant,Irrelevant,Irrelevant,Irrelevant,Irrelevant,Irrelevant,Irrelevant,Irrelevant,Irrelevant,Irrelevant
ID1797,Irrelevant,Irrelevant,Irrelevant,Irrelevant,Irrelevant,Irrelevant,Irrelevant,Irrelevant,Irrelevant,Irrelevant,Irrelevant,Irrelevant,Irrelevant,Irrelevant,Irrelevant,Irrelevant,Irrelevant,Irrelevant,Irrelevant,Irrelevant,Irrelevant,Irrelevant,Irrelevant,Irrelevant,Irrelevant,Irrelevant,Irrelevant,Irrelevant,Irrelevant,Irrelevant
ID1798,Low Relevance,Low Relevance,Low Relevance,High Relevance,Irrelevant,Low Relevance,Low Relevance,Low Relevance,Low Relevance,Low Relevance,Irrelevant,Irrelevant,Irrelevant,Irrelevant,Irrelevant,Irrelevant,Irrelevant,Irrelevant,Irrelevant,Irrelevant,Irrelevant,Irrelevant,Irrelevant,Irrelevant,Irrelevant,Irrelevant,Irrelevant,Irrelevant,Irrelevant,Irrelevant
ID1799,Irrelevant,Irrelevant,Irrelevant,Irrelevant,Irrelevant,High Relevance,Irrelevant,Irrelevant,Irrelevant,Irrelevant,Irrelevant,Irrelevant,Irrelevant,Irrelevant,Irrelevant,Irrelevant,Irrelevant,Irrelevant,Irrelevant,Irrelevant,Irrelevant,Irrelevant,Irrelevant,Irrelevant,Irrelevant,Irrelevant,Irrelevant,Irrelevant,Irrelevant,Irrelevant
ID1800,Low Relevance,Low Relevance,Low Relevance,Low Relevance,Low Relevance,Low Relevance,Low Relevance,Low Relevance,Low Relevance,Low Relevance,Low Relevance,Irrelevant,Irrelevant,Irrelevant,Irrelevant,Irrelevant,Irrelevant,Irrelevant,Irrelevant,Irrelevant,Irrelevant,Irrelevant,Irrelevant,Irrelevant,Irrelevant,Irrelevant,Irrelevant,Irrelevant,Irrelevant,Irrelevant
ID1802,Irrelevant,Irrelevant,Irrelevant,Irrelevant,Irrelevant,Irrelevant,Irrelevant,Irrelevant,Irrelevant,Irrelevant,Irrelevant,Irrelevant,Irrelevant,Irrelevant,Irrelevant,Irrelevant,Irrelevant,Irrelevant,Irrelevant,Irrelevant,Irrelevant,Irrelevant,Irrelevant,Irrelevant,Irrelevant,Irrelevant,Irrelevant,Irrelevant,Irrelevant,Irrelevant
ID1807,Irrelevant,Irrelevant,Irrelevant,Irrelevant,Irrelevant,Irrelevant,Irrelevant,Irrelevant,Irrelevant,Irrelevant,Irrelevant,Irrelevant,Irrelevant,Irrelevant,Irrelevant,Irrelevant,Irrelevant,Irrelevant,Irrelevant,Irrelevant,Irrelevant,Irrelevant,Irrelevant,Irrelevant,Irrelevant,Irrelevant,Irrelevant,Irrelevant,Irrelevant,Irrelevant
ID1808,Irrelevant,Irrelevant,Irrelevant,Irrelevant,Irrelevant,Irrelevant,Irrelevant,Irrelevant,Irrelevant,Irrelevant,Irrelevant,Irrelevant,Irrelevant,Irrelevant,Irrelevant,Irrelevant,Irrelevant,Irrelevant,Irrelevant,Irrelevant,Irrelevant,Irrelevant,Irrelevant,Irrelevant,Irrelevant,Irrelevant,Irrelevant,Irrelevant,Irrelevant,Irrelevant
ID1809,Low Relevance,Low Relevance,Low Relevance,Low Relevance,Low Relevance,Low Relevance,Low Relevance,Low Relevance,Low Relevance,Low Relevance,Low Relevance,Irrelevant,Irrelevant,Irrelevant,Irrelevant,Irrelevant,Irrelevant,Irrelevant,Irrelevant,Irrelevant,Irrelevant,Irrelevant,Irrelevant,Irrelevant,Irrelevant,Irrelevant,Irrelevant,Irrelevant,Irrelevant,Irrelevant
ID1811,Low Relevance,Low Relevance,Low Relevance,Low Relevance,Low Relevance,Low Relevance,Low Relevance,Low Relevance,Irrelevant,Irrelevant,Irrelevant,Irrelevant,Irrelevant,Irrelevant,Irrelevant,Irrelevant,Irrelevant,Irrelevant,Irrelevant,Irrelevant,Irrelevant,Irrelevant,Irrelevant,Irrelevant,Irrelevant,Irrelevant,Irrelevant,Irrelevant,Irrelevant,Irrelevant
ID1812,Low Relevance,High Relevance,Low Relevance,Low Relevance,Irrelevant,Irrelevant,Irrelevant,Irrelevant,Irrelevant,Irrelevant,Irrelevant,Irrelevant,Irrelevant,Irrelevant,Irrelevant,Irrelevant,Irrelevant,Irrelevant,Irrelevant,Irrelevant,Irrelevant,Irrelevant,Irrelevant,Irrelevant,Irrelevant,Irrelevant,Irrelevant,Irrelevant,Irrelevant,Irrelevant
ID1817,Low Relevance,Low Relevance,Low Relevance,Low Relevance,Low Relevance,Low Relevance,Low Relevance,Low Relevance,Irrelevant,Irrelevant,Irrelevant,Irrelevant,Irrelevant,Irrelevant,Irrelevant,Irrelevant,Irrelevant,Irrelevant,Irrelevant,Irrelevant,Irrelevant,Irrelevant,Irrelevant,Irrelevant,Irrelevant,Irrelevant,Irrelevant,Irrelevant,Irrelevant,Irrelevant
ID1818,Low Relevance,Irrelevant,Low Relevance,Irrelevant,Irrelevant,Irrelevant,Low Relevance,Irrelevant,Irrelevant,Irrelevant,Irrelevant,Irrelevant,Irrelevant,Irrelevant,Irrelevant,Irrelevant,Irrelevant,Irrelevant,Irrelevant,Irrelevant,Irrelevant,Irrelevant,Irrelevant,Irrelevant,Irrelevant,Irrelevant,Irrelevant,Irrelevant,Irrelevant,Irrelevant
ID1819,Low Relevance,Low Relevance,Low Relevance,Low Relevance,Low Relevance,Low Relevance,Low Relevance,Low Relevance,Low Relevance,Low Relevance,Low Relevance,Low Relevance,Irrelevant,Irrelevant,Irrelevant,Irrelevant,Irrelevant,Irrelevant,Irrelevant,Irrelevant,Irrelevant,Irrelevant,Irrelevant,Irrelevant,Irrelevant,Irrelevant,Irrelevant,Irrelevant,Irrelevant,Irrelevant
ID1820,Irrelevant,Irrelevant,Irrelevant,Irrelevant,Irrelevant,Irrelevant,Irrelevant,Irrelevant,Irrelevant,Irrelevant,Irrelevant,Irrelevant,Irrelevant,Irrelevant,Irrelevant,Irrelevant,Irrelevant,Irrelevant,Irrelevant,Irrelevant,Irrelevant,Irrelevant,Irrelevant,Irrelevant,Irrelevant,Irrelevant,Irrelevant,Irrelevant,Irrelevant,Irrelevant
ID1821,Low Relevance,Low Relevance,Low Relevance,Low Relevance,Low Relevance,Low Relevance,High Relevance,Low Relevance,Low Relevance,Low Relevance,Low Relevance,Low Relevance,Irrelevant,Irrelevant,Irrelevant,Irrelevant,Irrelevant,Irrelevant,Irrelevant,Irrelevant,Irrelevant,Irrelevant,Irrelevant,Irrelevant,Irrelevant,Irrelevant,Irrelevant,Irrelevant,Irrelevant,Irrelevant
ID1822,Low Relevance,Low Relevance,Low Relevance,Low Relevance,Low Relevance,Low Relevance,Low Relevance,Low Relevance,Low Relevance,Low Relevance,Low Relevance,Low Relevance,Irrelevant,Irrelevant,Irrelevant,Irrelevant,Irrelevant,Irrelevant,Irrelevant,Irrelevant,Irrelevant,Irrelevant,Irrelevant,Irrelevant,Irrelevant,Irrelevant,Irrelevant,Irrelevant,Irrelevant,Irrelevant
ID1823,Low Relevance,Low Relevance,Low Relevance,Low Relevance,Low Relevance,Low Relevance,Low Relevance,Low Relevance,Low Relevance,Low Relevance,Low Relevance,Low Relevance,Irrelevant,Irrelevant,Irrelevant,Irrelevant,Irrelevant,Irrelevant,Irrelevant,Irrelevant,Irrelevant,Irrelevant,Irrelevant,Irrelevant,Irrelevant,Irrelevant,Irrelevant,Irrelevant,Irrelevant,Irrelevant
ID1824,Low Relevance,High Relevance,Low Relevance,Low Relevance,High Relevance,Low Relevance,Low Relevance,Low Relevance,Irrelevant,Irrelevant,Irrelevant,Irrelevant,Irrelevant,Irrelevant,Irrelevant,Irrelevant,Irrelevant,Irrelevant,Irrelevant,Irrelevant,Irrelevant,Irrelevant,Irrelevant,Irrelevant,Irrelevant,Irrelevant,Irrelevant,Irrelevant,Irrelevant,Irrelevant
ID1825,Low Relevance,Low Relevance,Low Relevance,Irrelevant,Low Relevance,Low Relevance,Irrelevant,Irrelevant,Irrelevant,Irrelevant,Irrelevant,Irrelevant,Irrelevant,Irrelevant,Irrelevant,Irrelevant,Irrelevant,Irrelevant,Irrelevant,Irrelevant,Irrelevant,Irrelevant,Irrelevant,Irrelevant,Irrelevant,Irrelevant,Irrelevant,Irrelevant,Irrelevant,Irrelevant
ID1826,Low Relevance,Low Relevance,Low Relevance,Low Relevance,Low Relevance,Low Relevance,Low Relevance,Low Relevance,Irrelevant,Irrelevant,Irrelevant,Irrelevant,Irrelevant,Irrelevant,Irrelevant,Irrelevant,Irrelevant,Irrelevant,Irrelevant,Irrelevant,Irrelevant,Irrelevant,Irrelevant,Irrelevant,Irrelevant,Irrelevant,Irrelevant,Irrelevant,Irrelevant,Irrelevant
ID1827,High Relevance,Low Relevance,Low Relevance,Low Relevance,Low Relevance,Low Relevance,Low Relevance,Low Relevance,Low Relevance,Low Relevance,Irrelevant,Irrelevant,Irrelevant,Irrelevant,Irrelevant,Irrelevant,Irrelevant,Irrelevant,Irrelevant,Irrelevant,Irrelevant,Irrelevant,Irrelevant,Irrelevant,Irrelevant,Irrelevant,Irrelevant,Irrelevant,Irrelevant,Irrelevant
ID1829,Low Relevance,Low Relevance,Low Relevance,Irrelevant,Irrelevant,Irrelevant,Low Relevance,Irrelevant,Irrelevant,Irrelevant,Irrelevant,Irrelevant,Irrelevant,Irrelevant,Irrelevant,Irrelevant,Irrelevant,Irrelevant,Irrelevant,Irrelevant,Irrelevant,Irrelevant,Irrelevant,Irrelevant,Irrelevant,Irrelevant,Irrelevant,Irrelevant,Irrelevant,Irrelevant
ID1830,Low Relevance,Low Relevance,Low Relevance,Low Relevance,Low Relevance,Low Relevance,Low Relevance,Low Relevance,Low Relevance,Low Relevance,Irrelevant,Irrelevant,Irrelevant,Irrelevant,Irrelevant,Irrelevant,Irrelevant,Irrelevant,Irrelevant,Irrelevant,Irrelevant,Irrelevant,Irrelevant,Irrelevant,Irrelevant,Irrelevant,Irrelevant,Irrelevant,Irrelevant,Irrelevant
ID1831,Low Relevance,Low Relevance,Low Relevance,Low Relevance,Low Relevance,Low Relevance,Low Relevance,Low Relevance,Low Relevance,Low Relevance,Low Relevance,Low Relevance,Irrelevant,Irrelevant,Irrelevant,Irrelevant,Irrelevant,Irrelevant,Irrelevant,Irrelevant,Irrelevant,Irrelevant,Irrelevant,Irrelevant,Irrelevant,Irrelevant,Irrelevant,Irrelevant,Irrelevant,Irrelevant
ID1833,Low Relevance,Low Relevance,High Relevance,Irrelevant,Irrelevant,Low Relevance,High Relevance,Irrelevant,Irrelevant,Irrelevant,Irrelevant,Irrelevant,Irrelevant,Irrelevant,Irrelevant,Irrelevant,Irrelevant,Irrelevant,Irrelevant,Irrelevant,Irrelevant,Irrelevant,Irrelevant,Irrelevant,Irrelevant,Irrelevant,Irrelevant,Irrelevant,Irrelevant,Irrelevant
ID1834,Low Relevance,Irrelevant,Irrelevant,Irrelevant,Irrelevant,Irrelevant,Irrelevant,Irrelevant,Irrelevant,Irrelevant,Irrelevant,Irrelevant,Irrelevant,Irrelevant,Irrelevant,Irrelevant,Irrelevant,Irrelevant,Irrelevant,Irrelevant,Irrelevant,Irrelevant,Irrelevant,Irrelevant,Irrelevant,Irrelevant,Irrelevant,Irrelevant,Irrelevant,Irrelevant
ID1835,Irrelevant,Irrelevant,Irrelevant,Irrelevant,Irrelevant,Irrelevant,Irrelevant,Low Relevance,Low Relevance,Low Relevance,Low Relevance,Low Relevance,Irrelevant,Irrelevant,Irrelevant,Irrelevant,Irrelevant,Irrelevant,Irrelevant,Irrelevant,Irrelevant,Irrelevant,Irrelevant,Irrelevant,Irrelevant,Irrelevant,Irrelevant,Irrelevant,Irrelevant,Irrelevant
ID1836,Low Relevance,Low Relevance,Low Relevance,Low Relevance,Low Relevance,Low Relevance,Low Relevance,Low Relevance,Irrelevant,Irrelevant,Irrelevant,Low Relevance,Irrelevant,Irrelevant,Irrelevant,Irrelevant,Irrelevant,Irrelevant,Irrelevant,Irrelevant,Irrelevant,Irrelevant,Irrelevant,Irrelevant,Irrelevant,Irrelevant,Irrelevant,Irrelevant,Irrelevant,Irrelevant
ID1837,Low Relevance,Irrelevant,Irrelevant,Irrelevant,Irrelevant,Irrelevant,Irrelevant,Irrelevant,Irrelevant,Irrelevant,Irrelevant,Irrelevant,Irrelevant,Irrelevant,Irrelevant,Irrelevant,Irrelevant,Irrelevant,Irrelevant,Irrelevant,Irrelevant,Irrelevant,Irrelevant,Irrelevant,Irrelevant,Irrelevant,Irrelevant,Irrelevant,Irrelevant,Irrelevant
ID1838,Irrelevant,Irrelevant,Irrelevant,Irrelevant,High Relevance,Irrelevant,Irrelevant,Irrelevant,Low Relevance,Irrelevant,Irrelevant,Irrelevant,Irrelevant,Irrelevant,Irrelevant,Irrelevant,Irrelevant,Irrelevant,Irrelevant,Irrelevant,Irrelevant,Irrelevant,Irrelevant,Irrelevant,Irrelevant,Irrelevant,Irrelevant,Irrelevant,Irrelevant,Irrelevant
ID1840,Irrelevant,Irrelevant,Irrelevant,Irrelevant,Irrelevant,Irrelevant,Irrelevant,Irrelevant,Irrelevant,Irrelevant,Irrelevant,Irrelevant,Irrelevant,Irrelevant,Irrelevant,Irrelevant,Irrelevant,Irrelevant,Irrelevant,Irrelevant,Irrelevant,Irrelevant,Irrelevant,Irrelevant,Irrelevant,Irrelevant,Irrelevant,Irrelevant,Irrelevant,Irrelevant
ID1841,Low Relevance,Irrelevant,Irrelevant,Irrelevant,Irrelevant,Irrelevant,Irrelevant,Irrelevant,Irrelevant,Low Relevance,Irrelevant,Irrelevant,Irrelevant,Irrelevant,Irrelevant,Irrelevant,Irrelevant,Irrelevant,Irrelevant,Irrelevant,Irrelevant,Irrelevant,Irrelevant,Irrelevant,Irrelevant,Irrelevant,Irrelevant,Irrelevant,Irrelevant,Irrelevant
ID1842,Irrelevant,Irrelevant,Irrelevant,Irrelevant,Irrelevant,Irrelevant,Irrelevant,Irrelevant,Irrelevant,Irrelevant,Irrelevant,Irrelevant,Irrelevant,Irrelevant,Irrelevant,Irrelevant,Irrelevant,Irrelevant,Irrelevant,Irrelevant,Irrelevant,Irrelevant,Irrelevant,Irrelevant,Irrelevant,Irrelevant,Irrelevant,Irrelevant,Irrelevant,Irrelevant
ID1843,Low Relevance,Irrelevant,Irrelevant,Irrelevant,Irrelevant,Irrelevant,Irrelevant,Irrelevant,Irrelevant,Irrelevant,Irrelevant,Irrelevant,Irrelevant,Irrelevant,Irrelevant,Irrelevant,Irrelevant,Irrelevant,Irrelevant,Irrelevant,Irrelevant,Irrelevant,Irrelevant,Irrelevant,Irrelevant,Irrelevant,Irrelevant,Irrelevant,Irrelevant,Irrelevant
ID1845,Low Relevance,Low Relevance,High Relevance,Low Relevance,Low Relevance,Low Relevance,High Relevance,Low Relevance,Low Relevance,Irrelevant,Irrelevant,Irrelevant,Irrelevant,Irrelevant,Irrelevant,Irrelevant,Irrelevant,Irrelevant,Irrelevant,Irrelevant,Irrelevant,Irrelevant,Irrelevant,Irrelevant,Irrelevant,Irrelevant,Irrelevant,Irrelevant,Irrelevant,Irrelevant
ID1846,Low Relevance,Low Relevance,Low Relevance,Low Relevance,Irrelevant,Irrelevant,Low Relevance,High Relevance,Low Relevance,Low Relevance,Low Relevance,Low Relevance,Irrelevant,Irrelevant,Irrelevant,Irrelevant,Irrelevant,Irrelevant,Irrelevant,Irrelevant,Irrelevant,Irrelevant,Irrelevant,Irrelevant,Irrelevant,Irrelevant,Irrelevant,Irrelevant,Irrelevant,Irrelevant
ID1847,High Relevance,Low Relevance,Low Relevance,Low Relevance,High Relevance,Irrelevant,Low Relevance,Irrelevant,Irrelevant,Irrelevant,Irrelevant,Irrelevant,Irrelevant,Irrelevant,Irrelevant,Irrelevant,Irrelevant,Irrelevant,Irrelevant,Irrelevant,Irrelevant,Irrelevant,Irrelevant,Irrelevant,Irrelevant,Irrelevant,Irrelevant,Irrelevant,Irrelevant,Irrelevant
ID1848,Irrelevant,Irrelevant,Irrelevant,Irrelevant,Irrelevant,Irrelevant,Irrelevant,Irrelevant,Irrelevant,Irrelevant,Irrelevant,Irrelevant,Irrelevant,Irrelevant,Irrelevant,Irrelevant,Irrelevant,Irrelevant,Irrelevant,Irrelevant,Irrelevant,Irrelevant,Irrelevant,Irrelevant,Irrelevant,Irrelevant,Irrelevant,Irrelevant,Irrelevant,Irrelevant
ID1849,Low Relevance,Low Relevance,Low Relevance,Low Relevance,Low Relevance,Irrelevant,Irrelevant,Irrelevant,Irrelevant,Irrelevant,Irrelevant,Irrelevant,Irrelevant,Irrelevant,Irrelevant,Irrelevant,Irrelevant,Irrelevant,Irrelevant,Irrelevant,Irrelevant,Irrelevant,Irrelevant,Irrelevant,Irrelevant,Irrelevant,Irrelevant,Irrelevant,Irrelevant,Irrelevant
ID1850,Irrelevant,Irrelevant,Irrelevant,Irrelevant,Irrelevant,Irrelevant,Irrelevant,Irrelevant,Irrelevant,Irrelevant,Irrelevant,Irrelevant,Irrelevant,Irrelevant,Irrelevant,Irrelevant,Irrelevant,Irrelevant,Irrelevant,Irrelevant,Irrelevant,Irrelevant,Irrelevant,Irrelevant,Irrelevant,Irrelevant,Irrelevant,Irrelevant,Irrelevant,Irrelevant
ID1851,Low Relevance,Irrelevant,Irrelevant,Irrelevant,Irrelevant,Irrelevant,Irrelevant,Irrelevant,Irrelevant,Irrelevant,Irrelevant,Irrelevant,Irrelevant,Irrelevant,Irrelevant,Irrelevant,Irrelevant,Irrelevant,Irrelevant,Irrelevant,Irrelevant,Irrelevant,Irrelevant,Irrelevant,Irrelevant,Irrelevant,Irrelevant,Irrelevant,Irrelevant,Irrelevant
ID1852,Low Relevance,Low Relevance,Low Relevance,Low Relevance,Low Relevance,Low Relevance,Low Relevance,Low Relevance,High Relevance,Low Relevance,Irrelevant,Irrelevant,Irrelevant,Irrelevant,Irrelevant,Irrelevant,Irrelevant,Irrelevant,Irrelevant,Irrelevant,Irrelevant,Irrelevant,Irrelevant,Irrelevant,Irrelevant,Irrelevant,Irrelevant,Irrelevant,Irrelevant,Irrelevant
ID1855,Irrelevant,Low Relevance,Low Relevance,Low Relevance,Low Relevance,Low Relevance,Low Relevance,Low Relevance,Irrelevant,Irrelevant,Irrelevant,Irrelevant,Irrelevant,Irrelevant,Irrelevant,Irrelevant,Irrelevant,Irrelevant,Irrelevant,Irrelevant,Irrelevant,Irrelevant,Irrelevant,Irrelevant,Irrelevant,Irrelevant,Irrelevant,Irrelevant,Irrelevant,Irrelevant
ID1856,Low Relevance,Irrelevant,Irrelevant,Irrelevant,Irrelevant,Irrelevant,Irrelevant,Irrelevant,Irrelevant,Irrelevant,Irrelevant,Irrelevant,Irrelevant,Irrelevant,Irrelevant,Irrelevant,Irrelevant,Irrelevant,Irrelevant,Irrelevant,Irrelevant,Irrelevant,Irrelevant,Irrelevant,Irrelevant,Irrelevant,Irrelevant,Irrelevant,Irrelevant,Irrelevant
ID1858,Low Relevance,Low Relevance,Low Relevance,Low Relevance,Low Relevance,Low Relevance,Low Relevance,Low Relevance,Low Relevance,Irrelevant,Irrelevant,Irrelevant,Irrelevant,Irrelevant,Irrelevant,Irrelevant,Irrelevant,Irrelevant,Irrelevant,Irrelevant,Irrelevant,Irrelevant,Irrelevant,Irrelevant,Irrelevant,Irrelevant,Irrelevant,Irrelevant,Irrelevant,Irrelevant
ID1859,Low Relevance,Low Relevance,Low Relevance,Low Relevance,Low Relevance,Low Relevance,Low Relevance,Low Relevance,Low Relevance,Low Relevance,Low Relevance,Low Relevance,Irrelevant,Irrelevant,Irrelevant,Irrelevant,Irrelevant,Irrelevant,Irrelevant,Irrelevant,Irrelevant,Irrelevant,Irrelevant,Irrelevant,Irrelevant,Irrelevant,Irrelevant,Irrelevant,Irrelevant,Irrelevant
ID1860,Low Relevance,Low Relevance,Low Relevance,Low Relevance,Low Relevance,Low Relevance,Low Relevance,Low Relevance,Low Relevance,Low Relevance,Low Relevance,Low Relevance,Irrelevant,Irrelevant,Irrelevant,Irrelevant,Irrelevant,Irrelevant,Irrelevant,Irrelevant,Irrelevant,Irrelevant,Irrelevant,Irrelevant,Irrelevant,Irrelevant,Irrelevant,Irrelevant,Irrelevant,Irrelevant
ID1862,Low Relevance,Low Relevance,Low Relevance,Irrelevant,Low Relevance,Low Relevance,Irrelevant,Irrelevant,Irrelevant,Irrelevant,Irrelevant,Irrelevant,Irrelevant,Irrelevant,Irrelevant,Irrelevant,Irrelevant,Irrelevant,Irrelevant,Irrelevant,Irrelevant,Irrelevant,Irrelevant,Irrelevant,Irrelevant,Irrelevant,Irrelevant,Irrelevant,Irrelevant,Irrelevant
ID1863,Low Relevance,Low Relevance,Low Relevance,Low Relevance,Low Relevance,Low Relevance,Irrelevant,Low Relevance,Low Relevance,Low Relevance,Irrelevant,Irrelevant,Irrelevant,Irrelevant,Irrelevant,Irrelevant,Irrelevant,Irrelevant,Irrelevant,Irrelevant,Irrelevant,Irrelevant,Irrelevant,Irrelevant,Irrelevant,Irrelevant,Irrelevant,Irrelevant,Irrelevant,Irrelevant
ID1865,Low Relevance,Low Relevance,Low Relevance,Low Relevance,Low Relevance,Low Relevance,Low Relevance,Low Relevance,Low Relevance,Low Relevance,Low Relevance,Low Relevance,Irrelevant,Irrelevant,Irrelevant,Irrelevant,Irrelevant,Irrelevant,Irrelevant,Irrelevant,Irrelevant,Irrelevant,Irrelevant,Irrelevant,Irrelevant,Irrelevant,Irrelevant,Irrelevant,Irrelevant,Irrelevant
ID1866,Low Relevance,Irrelevant,Irrelevant,Irrelevant,Irrelevant,Irrelevant,Irrelevant,Irrelevant,Irrelevant,Irrelevant,Irrelevant,Irrelevant,Irrelevant,Irrelevant,Irrelevant,Irrelevant,Irrelevant,Irrelevant,Irrelevant,Irrelevant,Irrelevant,Irrelevant,Irrelevant,Irrelevant,Irrelevant,Irrelevant,Irrelevant,Irrelevant,Irrelevant,Irrelevant
ID1868,Irrelevant,Low Relevance,Irrelevant,Irrelevant,Irrelevant,Irrelevant,Irrelevant,Irrelevant,Irrelevant,Irrelevant,Irrelevant,Irrelevant,Irrelevant,Irrelevant,Irrelevant,Irrelevant,Irrelevant,Irrelevant,Irrelevant,Irrelevant,Irrelevant,Irrelevant,Irrelevant,Irrelevant,Irrelevant,Irrelevant,Irrelevant,Irrelevant,Irrelevant,Irrelevant
ID1870,Low Relevance,Low Relevance,Low Relevance,Irrelevant,Irrelevant,Low Relevance,Low Relevance,Irrelevant,Irrelevant,Irrelevant,Irrelevant,Irrelevant,Irrelevant,Irrelevant,Irrelevant,Irrelevant,Irrelevant,Irrelevant,Irrelevant,Irrelevant,Irrelevant,Irrelevant,Irrelevant,Irrelevant,Irrelevant,Irrelevant,Irrelevant,Irrelevant,Irrelevant,Irrelevant
ID1871,Low Relevance,Irrelevant,Irrelevant,Irrelevant,Irrelevant,Irrelevant,Irrelevant,Irrelevant,Irrelevant,Irrelevant,Irrelevant,Irrelevant,Irrelevant,Irrelevant,Irrelevant,Irrelevant,Irrelevant,Irrelevant,Irrelevant,Irrelevant,Irrelevant,Irrelevant,Irrelevant,Irrelevant,Irrelevant,Irrelevant,Irrelevant,Irrelevant,Irrelevant,Irrelevant
ID1873,Low Relevance,Low Relevance,Irrelevant,Irrelevant,Irrelevant,Irrelevant,Irrelevant,Irrelevant,Irrelevant,Irrelevant,Irrelevant,Irrelevant,Irrelevant,Irrelevant,Irrelevant,Irrelevant,Irrelevant,Irrelevant,Irrelevant,Irrelevant,Irrelevant,Irrelevant,Irrelevant,Irrelevant,Irrelevant,Irrelevant,Irrelevant,Irrelevant,Irrelevant,Irrelevant
ID1874,High Relevance,Irrelevant,Irrelevant,Irrelevant,Irrelevant,Irrelevant,Irrelevant,Irrelevant,Irrelevant,Irrelevant,Irrelevant,Irrelevant,Irrelevant,Irrelevant,Irrelevant,Irrelevant,Irrelevant,Irrelevant,Irrelevant,Irrelevant,Irrelevant,Irrelevant,Irrelevant,Irrelevant,Irrelevant,Irrelevant,Irrelevant,Irrelevant,Irrelevant,Irrelevant
ID1875,Low Relevance,Irrelevant,Low Relevance,Low Relevance,Low Relevance,Low Relevance,Irrelevant,Irrelevant,Irrelevant,Irrelevant,Irrelevant,Irrelevant,Irrelevant,Irrelevant,Irrelevant,Irrelevant,Irrelevant,Irrelevant,Irrelevant,Irrelevant,Irrelevant,Irrelevant,Irrelevant,Irrelevant,Irrelevant,Irrelevant,Irrelevant,Irrelevant,Irrelevant,Irrelevant
ID1876,Low Relevance,Low Relevance,Low Relevance,Low Relevance,Low Relevance,Low Relevance,Irrelevant,Irrelevant,Irrelevant,Irrelevant,Irrelevant,Irrelevant,Irrelevant,Irrelevant,Irrelevant,Irrelevant,Irrelevant,Irrelevant,Irrelevant,Irrelevant,Irrelevant,Irrelevant,Irrelevant,Irrelevant,Irrelevant,Irrelevant,Irrelevant,Irrelevant,Irrelevant,Irrelevant
ID1879,Irrelevant,Irrelevant,Irrelevant,Irrelevant,Irrelevant,Irrelevant,Irrelevant,Irrelevant,Irrelevant,Irrelevant,Irrelevant,Irrelevant,Irrelevant,Irrelevant,Irrelevant,Irrelevant,Irrelevant,Irrelevant,Irrelevant,Irrelevant,Irrelevant,Irrelevant,Irrelevant,Irrelevant,Irrelevant,Irrelevant,Irrelevant,Irrelevant,Irrelevant,Irrelevant
ID1880,Low Relevance,Low Relevance,Low Relevance,Low Relevance,Low Relevance,Low Relevance,Low Relevance,Low Relevance,Low Relevance,Low Relevance,Low Relevance,Irrelevant,Irrelevant,Irrelevant,Irrelevant,Irrelevant,Irrelevant,Irrelevant,Irrelevant,Irrelevant,Irrelevant,Irrelevant,Irrelevant,Irrelevant,Irrelevant,Irrelevant,Irrelevant,Irrelevant,Irrelevant,Irrelevant
ID1881,Low Relevance,Irrelevant,Irrelevant,Irrelevant,Irrelevant,Irrelevant,Irrelevant,Irrelevant,Irrelevant,Irrelevant,Irrelevant,Irrelevant,Irrelevant,Irrelevant,Irrelevant,Irrelevant,Irrelevant,Irrelevant,Irrelevant,Irrelevant,Irrelevant,Irrelevant,Irrelevant,Irrelevant,Irrelevant,Irrelevant,Irrelevant,Irrelevant,Irrelevant,Irrelevant
ID1882,Low Relevance,Low Relevance,Low Relevance,Low Relevance,Low Relevance,Low Relevance,Low Relevance,Low Relevance,Low Relevance,Irrelevant,Irrelevant,Irrelevant,Irrelevant,Irrelevant,Irrelevant,Irrelevant,Irrelevant,Irrelevant,Irrelevant,Irrelevant,Irrelevant,Irrelevant,Irrelevant,Irrelevant,Irrelevant,Irrelevant,Irrelevant,Irrelevant,Irrelevant,Irrelevant
ID1886,Low Relevance,Low Relevance,Low Relevance,Low Relevance,Low Relevance,Low Relevance,Irrelevant,Irrelevant,Irrelevant,Irrelevant,Irrelevant,Irrelevant,Irrelevant,Irrelevant,Irrelevant,Irrelevant,Irrelevant,Irrelevant,Irrelevant,Irrelevant,Irrelevant,Irrelevant,Irrelevant,Irrelevant,Irrelevant,Irrelevant,Irrelevant,Irrelevant,Irrelevant,Irrelevant
ID1887,Irrelevant,Irrelevant,Irrelevant,Irrelevant,Irrelevant,Irrelevant,Irrelevant,Irrelevant,Irrelevant,Irrelevant,Irrelevant,Irrelevant,Irrelevant,Irrelevant,Irrelevant,Irrelevant,Irrelevant,Irrelevant,Irrelevant,Irrelevant,Irrelevant,Irrelevant,Irrelevant,Irrelevant,Irrelevant,Irrelevant,Irrelevant,Irrelevant,Irrelevant,Irrelevant
ID1888,Low Relevance,Irrelevant,Low Relevance,Irrelevant,Irrelevant,Irrelevant,Irrelevant,Irrelevant,Irrelevant,Irrelevant,Irrelevant,Irrelevant,Irrelevant,Irrelevant,Irrelevant,Irrelevant,Irrelevant,Irrelevant,Irrelevant,Irrelevant,Irrelevant,Irrelevant,Irrelevant,Irrelevant,Irrelevant,Irrelevant,Irrelevant,Irrelevant,Irrelevant,Irrelevant
ID1889,Low Relevance,Low Relevance,Low Relevance,Low Relevance,Low Relevance,Low Relevance,Low Relevance,Irrelevant,Irrelevant,Irrelevant,Irrelevant,Irrelevant,Irrelevant,Irrelevant,Irrelevant,Irrelevant,Irrelevant,Irrelevant,Irrelevant,Irrelevant,Irrelevant,Irrelevant,Irrelevant,Irrelevant,Irrelevant,Irrelevant,Irrelevant,Irrelevant,Irrelevant,Irrelevant
ID1890,Low Relevance,Low Relevance,Low Relevance,Low Relevance,Low Relevance,Irrelevant,Irrelevant,Irrelevant,Irrelevant,Irrelevant,Irrelevant,Irrelevant,Irrelevant,Irrelevant,Irrelevant,Irrelevant,Irrelevant,Irrelevant,Irrelevant,Irrelevant,Irrelevant,Irrelevant,Irrelevant,Irrelevant,Irrelevant,Irrelevant,Irrelevant,Irrelevant,Irrelevant,Irrelevant
ID1892,Low Relevance,Irrelevant,Irrelevant,Irrelevant,Irrelevant,Irrelevant,Irrelevant,Irrelevant,Irrelevant,Irrelevant,Irrelevant,Irrelevant,Irrelevant,Irrelevant,Irrelevant,Irrelevant,Irrelevant,Irrelevant,Irrelevant,Irrelevant,Irrelevant,Irrelevant,Irrelevant,Irrelevant,Irrelevant,Irrelevant,Irrelevant,Irrelevant,Irrelevant,Irrelevant
ID1893,Low Relevance,Low Relevance,Low Relevance,Low Relevance,Low Relevance,Low Relevance,Low Relevance,Low Relevance,Low Relevance,Low Relevance,Low Relevance,Low Relevance,Irrelevant,Irrelevant,Irrelevant,Irrelevant,Irrelevant,Irrelevant,Irrelevant,Irrelevant,Irrelevant,Irrelevant,Irrelevant,Irrelevant,Irrelevant,Irrelevant,Irrelevant,Irrelevant,Irrelevant,Irrelevant
ID1895,Low Relevance,Low Relevance,Low Relevance,Irrelevant,Irrelevant,Low Relevance,Low Relevance,Irrelevant,Irrelevant,Irrelevant,Irrelevant,Irrelevant,Irrelevant,Irrelevant,Irrelevant,Irrelevant,Irrelevant,Irrelevant,Irrelevant,Irrelevant,Irrelevant,Irrelevant,Irrelevant,Irrelevant,Irrelevant,Irrelevant,Irrelevant,Irrelevant,Irrelevant,Irrelevant
ID1896,Low Relevance,Low Relevance,Irrelevant,Irrelevant,Irrelevant,Irrelevant,Irrelevant,Irrelevant,Irrelevant,Irrelevant,Irrelevant,Irrelevant,Irrelevant,Irrelevant,Irrelevant,Irrelevant,Irrelevant,Irrelevant,Irrelevant,Irrelevant,Irrelevant,Irrelevant,Irrelevant,Irrelevant,Irrelevant,Irrelevant,Irrelevant,Irrelevant,Irrelevant,Irrelevant
ID1898,Low Relevance,Low Relevance,Low Relevance,Low Relevance,Low Relevance,Low Relevance,Low Relevance,Low Relevance,Irrelevant,Irrelevant,Irrelevant,Irrelevant,Irrelevant,Irrelevant,Irrelevant,Irrelevant,Irrelevant,Irrelevant,Irrelevant,Irrelevant,Irrelevant,Irrelevant,Irrelevant,Irrelevant,Irrelevant,Irrelevant,Irrelevant,Irrelevant,Irrelevant,Irrelevant
ID1899,Low Relevance,Low Relevance,Low Relevance,Low Relevance,Low Relevance,Low Relevance,Low Relevance,Low Relevance,Low Relevance,Low Relevance,Irrelevant,Irrelevant,Irrelevant,Irrelevant,Irrelevant,Irrelevant,Irrelevant,Irrelevant,Irrelevant,Irrelevant,Irrelevant,Irrelevant,Irrelevant,Irrelevant,Irrelevant,Irrelevant,Irrelevant,Irrelevant,Irrelevant,Irrelevant
ID1900,Irrelevant,Low Relevance,Irrelevant,Irrelevant,Irrelevant,Irrelevant,Irrelevant,Irrelevant,Irrelevant,Irrelevant,Irrelevant,Irrelevant,Irrelevant,Irrelevant,Irrelevant,Irrelevant,Irrelevant,Irrelevant,Irrelevant,Irrelevant,Irrelevant,Irrelevant,Irrelevant,Irrelevant,Irrelevant,Irrelevant,Irrelevant,Irrelevant,Irrelevant,Irrelevant
ID1902,Irrelevant,Irrelevant,Irrelevant,Irrelevant,Irrelevant,Irrelevant,Irrelevant,Irrelevant,Irrelevant,Irrelevant,Irrelevant,Irrelevant,Irrelevant,Irrelevant,Irrelevant,Irrelevant,Irrelevant,Irrelevant,Irrelevant,Irrelevant,Irrelevant,Irrelevant,Irrelevant,Irrelevant,Irrelevant,Irrelevant,Irrelevant,Irrelevant,Irrelevant,Irrelevant
ID1903,Low Relevance,Low Relevance,Irrelevant,Low Relevance,Low Relevance,Low Relevance,Low Relevance,Low Relevance,Low Relevance,Low Relevance,Low Relevance,Low Relevance,Irrelevant,Irrelevant,Irrelevant,Irrelevant,Irrelevant,Irrelevant,Irrelevant,Irrelevant,Irrelevant,Irrelevant,Irrelevant,Irrelevant,Irrelevant,Irrelevant,Irrelevant,Irrelevant,Irrelevant,Irrelevant
ID1904,Low Relevance,Irrelevant,Irrelevant,Irrelevant,Irrelevant,Irrelevant,Irrelevant,Irrelevant,Irrelevant,Irrelevant,Irrelevant,Irrelevant,Irrelevant,Irrelevant,Irrelevant,Irrelevant,Irrelevant,Irrelevant,Irrelevant,Irrelevant,Irrelevant,Irrelevant,Irrelevant,Irrelevant,Irrelevant,Irrelevant,Irrelevant,Irrelevant,Irrelevant,Irrelevant
ID1905,Low Relevance,Low Relevance,Low Relevance,Low Relevance,Low Relevance,Low Relevance,Low Relevance,Low Relevance,Irrelevant,Irrelevant,Irrelevant,Irrelevant,Irrelevant,Irrelevant,Irrelevant,Irrelevant,Irrelevant,Irrelevant,Irrelevant,Irrelevant,Irrelevant,Irrelevant,Irrelevant,Irrelevant,Irrelevant,Irrelevant,Irrelevant,Irrelevant,Irrelevant,Irrelevant
ID1908,Low Relevance,High Relevance,Irrelevant,Irrelevant,Irrelevant,Irrelevant,Low Relevance,Low Relevance,Low Relevance,Irrelevant,Irrelevant,Irrelevant,Irrelevant,Irrelevant,Irrelevant,Irrelevant,Irrelevant,Irrelevant,Irrelevant,Irrelevant,Irrelevant,Irrelevant,Irrelevant,Irrelevant,Irrelevant,Irrelevant,Irrelevant,Irrelevant,Irrelevant,Irrelevant
ID1909,Irrelevant,Irrelevant,Irrelevant,Irrelevant,Irrelevant,Irrelevant,Irrelevant,Irrelevant,Irrelevant,Irrelevant,Irrelevant,Irrelevant,Irrelevant,Irrelevant,Irrelevant,Irrelevant,Irrelevant,Irrelevant,Irrelevant,Irrelevant,Irrelevant,Irrelevant,Irrelevant,Irrelevant,Irrelevant,Irrelevant,Irrelevant,Irrelevant,Irrelevant,Irrelevant
ID1910,Low Relevance,Irrelevant,Irrelevant,Irrelevant,Irrelevant,Irrelevant,Irrelevant,Irrelevant,Irrelevant,Irrelevant,Irrelevant,Irrelevant,Irrelevant,Irrelevant,Irrelevant,Irrelevant,Irrelevant,Irrelevant,Irrelevant,Irrelevant,Irrelevant,Irrelevant,Irrelevant,Irrelevant,Irrelevant,Irrelevant,Irrelevant,Irrelevant,Irrelevant,Irrelevant
ID1911,Irrelevant,Irrelevant,Irrelevant,Irrelevant,Irrelevant,Irrelevant,Irrelevant,Irrelevant,Irrelevant,Irrelevant,Irrelevant,Irrelevant,Irrelevant,Irrelevant,Irrelevant,Irrelevant,Irrelevant,Irrelevant,Irrelevant,Irrelevant,Irrelevant,Irrelevant,Irrelevant,Irrelevant,Irrelevant,Irrelevant,Irrelevant,Irrelevant,Irrelevant,Irrelevant
ID1912,Low Relevance,Low Relevance,Low Relevance,Low Relevance,Low Relevance,Low Relevance,High Relevance,Low Relevance,Low Relevance,Low Relevance,Low Relevance,Low Relevance,Irrelevant,Irrelevant,Irrelevant,Irrelevant,Irrelevant,Irrelevant,Irrelevant,Irrelevant,Irrelevant,Irrelevant,Irrelevant,Irrelevant,Irrelevant,Irrelevant,Irrelevant,Irrelevant,Irrelevant,Irrelevant
ID1913,Low Relevance,Irrelevant,Irrelevant,Irrelevant,Irrelevant,Low Relevance,Low Relevance,Low Relevance,Irrelevant,Irrelevant,Irrelevant,Irrelevant,Irrelevant,Irrelevant,Irrelevant,Irrelevant,Irrelevant,Irrelevant,Irrelevant,Irrelevant,Irrelevant,Irrelevant,Irrelevant,Irrelevant,Irrelevant,Irrelevant,Irrelevant,Irrelevant,Irrelevant,Irrelevant
ID1915,Low Relevance,Low Relevance,Low Relevance,Low Relevance,Low Relevance,Irrelevant,Irrelevant,Irrelevant,Irrelevant,Irrelevant,Irrelevant,Irrelevant,Irrelevant,Irrelevant,Irrelevant,Irrelevant,Irrelevant,Irrelevant,Irrelevant,Irrelevant,Irrelevant,Irrelevant,Irrelevant,Irrelevant,Irrelevant,Irrelevant,Irrelevant,Irrelevant,Irrelevant,Irrelevant
ID1917,Irrelevant,Irrelevant,Irrelevant,Irrelevant,Irrelevant,Irrelevant,Irrelevant,Irrelevant,Irrelevant,Irrelevant,Irrelevant,Irrelevant,Irrelevant,Irrelevant,Irrelevant,Irrelevant,Irrelevant,Irrelevant,Irrelevant,Irrelevant,Irrelevant,Irrelevant,Irrelevant,Irrelevant,Irrelevant,Irrelevant,Irrelevant,Irrelevant,Irrelevant,Irrelevant
ID1918,Low Relevance,Irrelevant,Irrelevant,Low Relevance,Low Relevance,Low Relevance,Low Relevance,Low Relevance,Low Relevance,Low Relevance,Irrelevant,Low Relevance,Irrelevant,Irrelevant,Irrelevant,Irrelevant,Irrelevant,Irrelevant,Irrelevant,Irrelevant,Irrelevant,Irrelevant,Irrelevant,Irrelevant,Irrelevant,Irrelevant,Irrelevant,Irrelevant,Irrelevant,Irrelevant
ID1919,Low Relevance,Low Relevance,Low Relevance,Low Relevance,Low Relevance,High Relevance,Low Relevance,Irrelevant,Irrelevant,Irrelevant,Irrelevant,Irrelevant,Irrelevant,Irrelevant,Irrelevant,Irrelevant,Irrelevant,Irrelevant,Irrelevant,Irrelevant,Irrelevant,Irrelevant,Irrelevant,Irrelevant,Irrelevant,Irrelevant,Irrelevant,Irrelevant,Irrelevant,Irrelevant
ID1923,Low Relevance,Low Relevance,Low Relevance,Low Relevance,Low Relevance,Irrelevant,Irrelevant,Irrelevant,Irrelevant,Irrelevant,Irrelevant,Irrelevant,Irrelevant,Irrelevant,Irrelevant,Irrelevant,Irrelevant,Irrelevant,Irrelevant,Irrelevant,Irrelevant,Irrelevant,Irrelevant,Irrelevant,Irrelevant,Irrelevant,Irrelevant,Irrelevant,Irrelevant,Irrelevant
ID1924,Low Relevance,Low Relevance,Low Relevance,Low Relevance,Low Relevance,Low Relevance,Low Relevance,Low Relevance,Low Relevance,Irrelevant,Irrelevant,Irrelevant,Irrelevant,Irrelevant,Irrelevant,Irrelevant,Irrelevant,Irrelevant,Irrelevant,Irrelevant,Irrelevant,Irrelevant,Irrelevant,Irrelevant,Irrelevant,Irrelevant,Irrelevant,Irrelevant,Irrelevant,Irrelevant
ID1925,Irrelevant,Irrelevant,Irrelevant,Irrelevant,Irrelevant,Irrelevant,Irrelevant,Irrelevant,Irrelevant,Irrelevant,Irrelevant,Irrelevant,Irrelevant,Irrelevant,Irrelevant,Irrelevant,Irrelevant,Irrelevant,Irrelevant,Irrelevant,Irrelevant,Irrelevant,Irrelevant,Irrelevant,Irrelevant,Irrelevant,Irrelevant,Irrelevant,Irrelevant,Irrelevant
ID1927,Low Relevance,Low Relevance,Low Relevance,Low Relevance,Low Relevance,Irrelevant,Low Relevance,Irrelevant,Low Relevance,Irrelevant,Irrelevant,Irrelevant,Irrelevant,Irrelevant,Irrelevant,Irrelevant,Irrelevant,Irrelevant,Irrelevant,Irrelevant,Irrelevant,Irrelevant,Irrelevant,Irrelevant,Irrelevant,Irrelevant,Irrelevant,Irrelevant,Irrelevant,Irrelevant
ID1928,Low Relevance,Low Relevance,Low Relevance,Low Relevance,Low Relevance,Low Relevance,Low Relevance,Low Relevance,Low Relevance,Low Relevance,Low Relevance,Low Relevance,Irrelevant,Irrelevant,Irrelevant,Irrelevant,Irrelevant,Irrelevant,Irrelevant,Irrelevant,Irrelevant,Irrelevant,Irrelevant,Irrelevant,Irrelevant,Irrelevant,Irrelevant,Irrelevant,Irrelevant,Irrelevant
ID1929,Low Relevance,Irrelevant,Irrelevant,Irrelevant,Irrelevant,Irrelevant,Irrelevant,Irrelevant,Irrelevant,Irrelevant,Irrelevant,Irrelevant,Irrelevant,Irrelevant,Irrelevant,Irrelevant,Irrelevant,Irrelevant,Irrelevant,Irrelevant,Irrelevant,Irrelevant,Irrelevant,Irrelevant,Irrelevant,Irrelevant,Irrelevant,Irrelevant,Irrelevant,Irrelevant
ID1931,High Relevance,Low Relevance,Low Relevance,Low Relevance,Low Relevance,Low Relevance,Irrelevant,Irrelevant,Irrelevant,Irrelevant,Irrelevant,Irrelevant,Irrelevant,Irrelevant,Irrelevant,Irrelevant,Irrelevant,Irrelevant,Irrelevant,Irrelevant,Irrelevant,Irrelevant,Irrelevant,Irrelevant,Irrelevant,Irrelevant,Irrelevant,Irrelevant,Irrelevant,Irrelevant
ID1932,Low Relevance,Low Relevance,Low Relevance,Low Relevance,Low Relevance,Irrelevant,Irrelevant,Irrelevant,Irrelevant,Irrelevant,Irrelevant,Irrelevant,Irrelevant,Irrelevant,Irrelevant,Irrelevant,Irrelevant,Irrelevant,Irrelevant,Irrelevant,Irrelevant,Irrelevant,Irrelevant,Irrelevant,Irrelevant,Irrelevant,Irrelevant,Irrelevant,Irrelevant,Irrelevant
ID1933,High Relevance,Low Relevance,Low Relevance,Low Relevance,Low Relevance,Low Relevance,Low Relevance,Low Relevance,Low Relevance,Low Relevance,Irrelevant,Irrelevant,Irrelevant,Irrelevant,Irrelevant,Irrelevant,Irrelevant,Irrelevant,Irrelevant,Irrelevant,Irrelevant,Irrelevant,Irrelevant,Irrelevant,Irrelevant,Irrelevant,Irrelevant,Irrelevant,Irrelevant,Irrelevant
ID1934,Irrelevant,Irrelevant,Irrelevant,Irrelevant,Irrelevant,Irrelevant,Irrelevant,Irrelevant,Irrelevant,Irrelevant,Irrelevant,Irrelevant,Irrelevant,Irrelevant,Irrelevant,Irrelevant,Irrelevant,Irrelevant,Irrelevant,Irrelevant,Irrelevant,Irrelevant,Irrelevant,Irrelevant,Irrelevant,Irrelevant,Irrelevant,Irrelevant,Irrelevant,Irrelevant
ID1937,Irrelevant,Irrelevant,Irrelevant,Irrelevant,Irrelevant,Irrelevant,Irrelevant,Irrelevant,Irrelevant,Irrelevant,Irrelevant,Irrelevant,Irrelevant,Irrelevant,Irrelevant,Irrelevant,Irrelevant,Irrelevant,Irrelevant,Irrelevant,Irrelevant,Irrelevant,Irrelevant,Irrelevant,Irrelevant,Irrelevant,Irrelevant,Irrelevant,Irrelevant,Irrelevant
ID1938,Low Relevance,High Relevance,Low Relevance,Low Relevance,Low Relevance,Low Relevance,Low Relevance,Low Relevance,Irrelevant,Low Relevance,Irrelevant,Irrelevant,Irrelevant,Irrelevant,Irrelevant,Irrelevant,Irrelevant,Irrelevant,Irrelevant,Irrelevant,Irrelevant,Irrelevant,Irrelevant,Irrelevant,Irrelevant,Irrelevant,Irrelevant,Irrelevant,Irrelevant,Irrelevant
ID1940,Low Relevance,Low Relevance,Low Relevance,Low Relevance,Low Relevance,Low Relevance,Low Relevance,Low Relevance,Irrelevant,Irrelevant,Irrelevant,Irrelevant,Irrelevant,Irrelevant,Irrelevant,Irrelevant,Irrelevant,Irrelevant,Irrelevant,Irrelevant,Irrelevant,Irrelevant,Irrelevant,Irrelevant,Irrelevant,Irrelevant,Irrelevant,Irrelevant,Irrelevant,Irrelevant
ID1941,Low Relevance,Low Relevance,Low Relevance,Low Relevance,Low Relevance,Low Relevance,Low Relevance,Low Relevance,Irrelevant,Irrelevant,Irrelevant,Irrelevant,Irrelevant,Irrelevant,Irrelevant,Irrelevant,Irrelevant,Irrelevant,Irrelevant,Irrelevant,Irrelevant,Irrelevant,Irrelevant,Irrelevant,Irrelevant,Irrelevant,Irrelevant,Irrelevant,Irrelevant,Irrelevant
ID1944,Low Relevance,Low Relevance,Low Relevance,Low Relevance,Irrelevant,Low Relevance,Low Relevance,Irrelevant,Irrelevant,Irrelevant,Irrelevant,Irrelevant,Irrelevant,Irrelevant,Irrelevant,Irrelevant,Irrelevant,Irrelevant,Irrelevant,Irrelevant,Irrelevant,Irrelevant,Irrelevant,Irrelevant,Irrelevant,Irrelevant,Irrelevant,Irrelevant,Irrelevant,Irrelevant
ID1945,High Relevance,Low Relevance,Low Relevance,Low Relevance,Low Relevance,Low Relevance,Low Relevance,Low Relevance,Low Relevance,Irrelevant,Irrelevant,Irrelevant,Irrelevant,Irrelevant,Irrelevant,Irrelevant,Irrelevant,Irrelevant,Irrelevant,Irrelevant,Irrelevant,Irrelevant,Irrelevant,Irrelevant,Irrelevant,Irrelevant,Irrelevant,Irrelevant,Irrelevant,Irrelevant
ID1946,Low Relevance,High Relevance,Low Relevance,Low Relevance,Low Relevance,Low Relevance,Low Relevance,Low Relevance,Irrelevant,Irrelevant,Irrelevant,Irrelevant,Irrelevant,Irrelevant,Irrelevant,Irrelevant,Irrelevant,Irrelevant,Irrelevant,Irrelevant,Irrelevant,Irrelevant,Irrelevant,Irrelevant,Irrelevant,Irrelevant,Irrelevant,Irrelevant,Irrelevant,Irrelevant
ID1947,Low Relevance,Low Relevance,Low Relevance,Low Relevance,Low Relevance,Low Relevance,Low Relevance,Irrelevant,Irrelevant,Irrelevant,Irrelevant,Irrelevant,Irrelevant,Irrelevant,Irrelevant,Irrelevant,Irrelevant,Irrelevant,Irrelevant,Irrelevant,Irrelevant,Irrelevant,Irrelevant,Irrelevant,Irrelevant,Irrelevant,Irrelevant,Irrelevant,Irrelevant,Irrelevant
ID1948,Low Relevance,Irrelevant,Low Relevance,Low Relevance,Low Relevance,Irrelevant,Irrelevant,Irrelevant,Irrelevant,Irrelevant,Irrelevant,Irrelevant,Irrelevant,Irrelevant,Irrelevant,Irrelevant,Irrelevant,Irrelevant,Irrelevant,Irrelevant,Irrelevant,Irrelevant,Irrelevant,Irrelevant,Irrelevant,Irrelevant,Irrelevant,Irrelevant,Irrelevant,Irrelevant
ID1949,Low Relevance,Irrelevant,Irrelevant,Irrelevant,Irrelevant,Irrelevant,Irrelevant,Irrelevant,Irrelevant,Irrelevant,Irrelevant,Irrelevant,Irrelevant,Irrelevant,Irrelevant,Irrelevant,Irrelevant,Irrelevant,Irrelevant,Irrelevant,Irrelevant,Irrelevant,Irrelevant,Irrelevant,Irrelevant,Irrelevant,Irrelevant,Irrelevant,Irrelevant,Irrelevant
ID1951,Irrelevant,Irrelevant,Irrelevant,Irrelevant,Irrelevant,Irrelevant,Irrelevant,Irrelevant,Irrelevant,Irrelevant,Irrelevant,Irrelevant,Irrelevant,Irrelevant,Irrelevant,Irrelevant,Irrelevant,Irrelevant,Irrelevant,Irrelevant,Irrelevant,Irrelevant,Irrelevant,Irrelevant,Irrelevant,Irrelevant,Irrelevant,Irrelevant,Irrelevant,Irrelevant
ID1952,Low Relevance,Irrelevant,Irrelevant,Low Relevance,Low Relevance,Irrelevant,Low Relevance,Irrelevant,Irrelevant,Irrelevant,Irrelevant,Irrelevant,Irrelevant,Irrelevant,Irrelevant,Irrelevant,Irrelevant,Irrelevant,Irrelevant,Irrelevant,Irrelevant,Irrelevant,Irrelevant,Irrelevant,Irrelevant,Irrelevant,Irrelevant,Irrelevant,Irrelevant,Irrelevant
ID1953,Low Relevance,Irrelevant,Irrelevant,Irrelevant,Irrelevant,Irrelevant,Irrelevant,Irrelevant,Irrelevant,Irrelevant,Irrelevant,Irrelevant,Irrelevant,Irrelevant,Irrelevant,Irrelevant,Irrelevant,Irrelevant,Irrelevant,Irrelevant,Irrelevant,Irrelevant,Irrelevant,Irrelevant,Irrelevant,Irrelevant,Irrelevant,Irrelevant,Irrelevant,Irrelevant
ID1955,Low Relevance,Low Relevance,Low Relevance,Low Relevance,Low Relevance,Low Relevance,High Relevance,Low Relevance,Low Relevance,Irrelevant,Irrelevant,Irrelevant,Irrelevant,Irrelevant,Irrelevant,Irrelevant,Irrelevant,Irrelevant,Irrelevant,Irrelevant,Irrelevant,Irrelevant,Irrelevant,Irrelevant,Irrelevant,Irrelevant,Irrelevant,Irrelevant,Irrelevant,Irrelevant
ID1956,Irrelevant,Irrelevant,Irrelevant,Irrelevant,Irrelevant,Irrelevant,Irrelevant,Irrelevant,Irrelevant,Irrelevant,Irrelevant,Irrelevant,Irrelevant,Irrelevant,Irrelevant,Irrelevant,Irrelevant,Irrelevant,Irrelevant,Irrelevant,Irrelevant,Irrelevant,Irrelevant,Irrelevant,Irrelevant,Irrelevant,Irrelevant,Irrelevant,Irrelevant,Irrelevant
ID1957,Low Relevance,Low Relevance,Low Relevance,Low Relevance,Low Relevance,Irrelevant,Irrelevant,Irrelevant,Irrelevant,Irrelevant,Irrelevant,Irrelevant,Irrelevant,Irrelevant,Irrelevant,Irrelevant,Irrelevant,Irrelevant,Irrelevant,Irrelevant,Irrelevant,Irrelevant,Irrelevant,Irrelevant,Irrelevant,Irrelevant,Irrelevant,Irrelevant,Irrelevant,Irrelevant
ID1958,Irrelevant,Irrelevant,Irrelevant,Irrelevant,Irrelevant,Irrelevant,Irrelevant,Irrelevant,Irrelevant,Irrelevant,Irrelevant,Irrelevant,Irrelevant,Irrelevant,Irrelevant,Irrelevant,Irrelevant,Irrelevant,Irrelevant,Irrelevant,Irrelevant,Irrelevant,Irrelevant,Irrelevant,Irrelevant,Irrelevant,Irrelevant,Irrelevant,Irrelevant,Irrelevant
ID1959,Irrelevant,Irrelevant,Irrelevant,Irrelevant,Irrelevant,Irrelevant,Irrelevant,Irrelevant,Irrelevant,Irrelevant,Irrelevant,Irrelevant,Irrelevant,Irrelevant,Irrelevant,Irrelevant,Irrelevant,Irrelevant,Irrelevant,Irrelevant,Irrelevant,Irrelevant,Irrelevant,Irrelevant,Irrelevant,Irrelevant,Irrelevant,Irrelevant,Irrelevant,Irrelevant
ID1962,Irrelevant,High Relevance,Low Relevance,Low Relevance,Low Relevance,Low Relevance,Irrelevant,Irrelevant,Irrelevant,Irrelevant,Irrelevant,Irrelevant,Irrelevant,Irrelevant,Irrelevant,Irrelevant,Irrelevant,Irrelevant,Irrelevant,Irrelevant,Irrelevant,Irrelevant,Irrelevant,Irrelevant,Irrelevant,Irrelevant,Irrelevant,Irrelevant,Irrelevant,Irrelevant
ID1963,Low Relevance,Low Relevance,Low Relevance,Low Relevance,Low Relevance,Low Relevance,High Relevance,Low Relevance,Low Relevance,Low Relevance,Low Relevance,Irrelevant,Irrelevant,Irrelevant,Irrelevant,Irrelevant,Irrelevant,Irrelevant,Irrelevant,Irrelevant,Irrelevant,Irrelevant,Irrelevant,Irrelevant,Irrelevant,Irrelevant,Irrelevant,Irrelevant,Irrelevant,Irrelevant
ID1965,Irrelevant,Irrelevant,Irrelevant,Irrelevant,High Relevance,Irrelevant,Irrelevant,Irrelevant,Irrelevant,Irrelevant,Irrelevant,Irrelevant,Irrelevant,Irrelevant,Irrelevant,Irrelevant,Irrelevant,Irrelevant,Irrelevant,Irrelevant,Irrelevant,Irrelevant,Irrelevant,Irrelevant,Irrelevant,Irrelevant,Irrelevant,Irrelevant,Irrelevant,Irrelevant
ID1966,Irrelevant,Irrelevant,Irrelevant,Irrelevant,Irrelevant,Irrelevant,Irrelevant,Irrelevant,Irrelevant,Irrelevant,Irrelevant,Irrelevant,Irrelevant,Irrelevant,Irrelevant,Irrelevant,Irrelevant,Irrelevant,Irrelevant,Irrelevant,Irrelevant,Irrelevant,Irrelevant,Irrelevant,Irrelevant,Irrelevant,Irrelevant,Irrelevant,Irrelevant,Irrelevant
ID1969,Irrelevant,Irrelevant,Irrelevant,Irrelevant,Irrelevant,Irrelevant,Irrelevant,Irrelevant,Irrelevant,Irrelevant,Irrelevant,Irrelevant,Irrelevant,Irrelevant,Irrelevant,Irrelevant,Irrelevant,Irrelevant,Irrelevant,Irrelevant,Irrelevant,Irrelevant,Irrelevant,Irrelevant,Irrelevant,Irrelevant,Irrelevant,Irrelevant,Irrelevant,Irrelevant
ID1970,Irrelevant,Irrelevant,Irrelevant,Irrelevant,Irrelevant,Irrelevant,Irrelevant,Irrelevant,Irrelevant,Irrelevant,Irrelevant,Irrelevant,Irrelevant,Irrelevant,Irrelevant,Irrelevant,Irrelevant,Irrelevant,Irrelevant,Irrelevant,Irrelevant,Irrelevant,Irrelevant,Irrelevant,Irrelevant,Irrelevant,Irrelevant,Irrelevant,Irrelevant,Irrelevant
ID1972,Irrelevant,Irrelevant,Irrelevant,Irrelevant,Irrelevant,Irrelevant,Irrelevant,Irrelevant,Irrelevant,Irrelevant,Irrelevant,Irrelevant,Irrelevant,Irrelevant,Irrelevant,Irrelevant,Irrelevant,Irrelevant,Irrelevant,Irrelevant,Irrelevant,Irrelevant,Irrelevant,Irrelevant,Irrelevant,Irrelevant,Irrelevant,Irrelevant,Irrelevant,Irrelevant
ID1974,Low Relevance,Low Relevance,Low Relevance,Irrelevant,Irrelevant,Irrelevant,Low Relevance,Low Relevance,Low Relevance,Low Relevance,Irrelevant,Irrelevant,Irrelevant,Irrelevant,Irrelevant,Irrelevant,Irrelevant,Irrelevant,Irrelevant,Irrelevant,Irrelevant,Irrelevant,Irrelevant,Irrelevant,Irrelevant,Irrelevant,Irrelevant,Irrelevant,Irrelevant,Irrelevant
ID1975,Low Relevance,Low Relevance,Low Relevance,Low Relevance,Low Relevance,Low Relevance,Low Relevance,Irrelevant,Irrelevant,Irrelevant,Irrelevant,Irrelevant,Irrelevant,Irrelevant,Irrelevant,Irrelevant,Irrelevant,Irrelevant,Irrelevant,Irrelevant,Irrelevant,Irrelevant,Irrelevant,Irrelevant,Irrelevant,Irrelevant,Irrelevant,Irrelevant,Irrelevant,Irrelevant
ID1976,Low Relevance,Irrelevant,Irrelevant,Irrelevant,Irrelevant,Irrelevant,Irrelevant,Irrelevant,Irrelevant,Irrelevant,Irrelevant,Irrelevant,Irrelevant,Irrelevant,Irrelevant,Irrelevant,Irrelevant,Irrelevant,Irrelevant,Irrelevant,Irrelevant,Irrelevant,Irrelevant,Irrelevant,Irrelevant,Irrelevant,Irrelevant,Irrelevant,Irrelevant,Irrelevant
ID1977,Irrelevant,Irrelevant,Irrelevant,Irrelevant,Irrelevant,Irrelevant,Irrelevant,Irrelevant,Irrelevant,Irrelevant,Irrelevant,Irrelevant,Irrelevant,Irrelevant,Irrelevant,Irrelevant,Irrelevant,Irrelevant,Irrelevant,Irrelevant,Irrelevant,Irrelevant,Irrelevant,Irrelevant,Irrelevant,Irrelevant,Irrelevant,Irrelevant,Irrelevant,Irrelevant
ID1979,Low Relevance,Low Relevance,Low Relevance,Low Relevance,Low Relevance,Irrelevant,Irrelevant,Irrelevant,Irrelevant,Irrelevant,Irrelevant,Irrelevant,Irrelevant,Irrelevant,Irrelevant,Irrelevant,Irrelevant,Irrelevant,Irrelevant,Irrelevant,Irrelevant,Irrelevant,Irrelevant,Irrelevant,Irrelevant,Irrelevant,Irrelevant,Irrelevant,Irrelevant,Irrelevant
ID1980,Low Relevance,Low Relevance,Low Relevance,Low Relevance,Low Relevance,Low Relevance,Low Relevance,Low Relevance,Irrelevant,Irrelevant,Irrelevant,Irrelevant,Irrelevant,Irrelevant,Irrelevant,Irrelevant,Irrelevant,Irrelevant,Irrelevant,Irrelevant,Irrelevant,Irrelevant,Irrelevant,Irrelevant,Irrelevant,Irrelevant,Irrelevant,Irrelevant,Irrelevant,Irrelevant
ID1981,Irrelevant,Irrelevant,Irrelevant,Irrelevant,Irrelevant,Irrelevant,Irrelevant,Irrelevant,Irrelevant,Irrelevant,Irrelevant,Irrelevant,Irrelevant,Irrelevant,Irrelevant,Irrelevant,Irrelevant,Irrelevant,Irrelevant,Irrelevant,Irrelevant,Irrelevant,Irrelevant,Irrelevant,Irrelevant,Irrelevant,Irrelevant,Irrelevant,Irrelevant,Irrelevant
ID1983,Low Relevance,Low Relevance,Low Relevance,Low Relevance,Low Relevance,Low Relevance,Low Relevance,Low Relevance,Low Relevance,Irrelevant,Irrelevant,Irrelevant,Irrelevant,Irrelevant,Irrelevant,Irrelevant,Irrelevant,Irrelevant,Irrelevant,Irrelevant,Irrelevant,Irrelevant,Irrelevant,Irrelevant,Irrelevant,Irrelevant,Irrelevant,Irrelevant,Irrelevant,Irrelevant
ID1984,Low Relevance,Low Relevance,Low Relevance,Low Relevance,Low Relevance,Low Relevance,Irrelevant,Irrelevant,Irrelevant,Irrelevant,Irrelevant,Irrelevant,Irrelevant,Irrelevant,Irrelevant,Irrelevant,Irrelevant,Irrelevant,Irrelevant,Irrelevant,Irrelevant,Irrelevant,Irrelevant,Irrelevant,Irrelevant,Irrelevant,Irrelevant,Irrelevant,Irrelevant,Irrelevant
ID1986,Low Relevance,Low Relevance,Low Relevance,Low Relevance,Low Relevance,Low Relevance,Irrelevant,Irrelevant,Irrelevant,Irrelevant,Irrelevant,Irrelevant,Irrelevant,Irrelevant,Irrelevant,Irrelevant,Irrelevant,Irrelevant,Irrelevant,Irrelevant,Irrelevant,Irrelevant,Irrelevant,Irrelevant,Irrelevant,Irrelevant,Irrelevant,Irrelevant,Irrelevant,Irrelevant
ID1987,Low Relevance,Low Relevance,Low Relevance,Low Relevance,Low Relevance,Low Relevance,Low Relevance,Low Relevance,Low Relevance,Low Relevance,Low Relevance,Low Relevance,Irrelevant,Irrelevant,Irrelevant,Irrelevant,Irrelevant,Irrelevant,Irrelevant,Irrelevant,Irrelevant,Irrelevant,Irrelevant,Irrelevant,Irrelevant,Irrelevant,Irrelevant,Irrelevant,Irrelevant,Irrelevant
ID1989,Irrelevant,Irrelevant,Irrelevant,Irrelevant,Irrelevant,Irrelevant,Irrelevant,Irrelevant,Irrelevant,Irrelevant,Irrelevant,Irrelevant,Irrelevant,Irrelevant,Irrelevant,Irrelevant,Irrelevant,Irrelevant,Irrelevant,Irrelevant,Irrelevant,Irrelevant,Irrelevant,Irrelevant,Irrelevant,Irrelevant,Irrelevant,Irrelevant,Irrelevant,Irrelevant
ID1990,Low Relevance,Low Relevance,Low Relevance,Low Relevance,Low Relevance,Low Relevance,Low Relevance,Low Relevance,Low Relevance,Irrelevant,Irrelevant,Irrelevant,Irrelevant,Irrelevant,Irrelevant,Irrelevant,Irrelevant,Irrelevant,Irrelevant,Irrelevant,Irrelevant,Irrelevant,Irrelevant,Irrelevant,Irrelevant,Irrelevant,Irrelevant,Irrelevant,Irrelevant,Irrelevant
ID1991,Low Relevance,Irrelevant,Irrelevant,Low Relevance,Irrelevant,Irrelevant,Irrelevant,Irrelevant,Irrelevant,Irrelevant,Irrelevant,Irrelevant,Irrelevant,Irrelevant,Irrelevant,Irrelevant,Irrelevant,Irrelevant,Irrelevant,Irrelevant,Irrelevant,Irrelevant,Irrelevant,Irrelevant,Irrelevant,Irrelevant,Irrelevant,Irrelevant,Irrelevant,Irrelevant
ID1993,Low Relevance,Low Relevance,High Relevance,Low Relevance,Low Relevance,Irrelevant,Irrelevant,Irrelevant,Irrelevant,Irrelevant,Irrelevant,Irrelevant,Irrelevant,Irrelevant,Irrelevant,Irrelevant,Irrelevant,Irrelevant,Irrelevant,Irrelevant,Irrelevant,Irrelevant,Irrelevant,Irrelevant,Irrelevant,Irrelevant,Irrelevant,Irrelevant,Irrelevant,Irrelevant
ID1994,Low Relevance,Irrelevant,Irrelevant,Irrelevant,Irrelevant,Irrelevant,Irrelevant,Irrelevant,Irrelevant,Irrelevant,Irrelevant,Irrelevant,Irrelevant,Irrelevant,Irrelevant,Irrelevant,Irrelevant,Irrelevant,Irrelevant,Irrelevant,Irrelevant,Irrelevant,Irrelevant,Irrelevant,Irrelevant,Irrelevant,Irrelevant,Irrelevant,Irrelevant,Irrelevant
ID1995,Low Relevance,Low Relevance,Low Relevance,Low Relevance,Low Relevance,Irrelevant,Irrelevant,Irrelevant,Irrelevant,Irrelevant,Irrelevant,Irrelevant,Irrelevant,Irrelevant,Irrelevant,Irrelevant,Irrelevant,Irrelevant,Irrelevant,Irrelevant,Irrelevant,Irrelevant,Irrelevant,Irrelevant,Irrelevant,Irrelevant,Irrelevant,Irrelevant,Irrelevant,Irrelevant
ID1996,Low Relevance,Low Relevance,Low Relevance,Irrelevant,Irrelevant,Irrelevant,Irrelevant,Irrelevant,Irrelevant,Irrelevant,Irrelevant,Irrelevant,Irrelevant,Irrelevant,Irrelevant,Irrelevant,Irrelevant,Irrelevant,Irrelevant,Irrelevant,Irrelevant,Irrelevant,Irrelevant,Irrelevant,Irrelevant,Irrelevant,Irrelevant,Irrelevant,Irrelevant,Irrelevant
ID1997,Low Relevance,Low Relevance,Low Relevance,Low Relevance,Low Relevance,Low Relevance,Low Relevance,Low Relevance,High Relevance,Low Relevance,Low Relevance,Low Relevance,Irrelevant,Irrelevant,Irrelevant,Irrelevant,Irrelevant,Irrelevant,Irrelevant,Irrelevant,Irrelevant,Irrelevant,Irrelevant,Irrelevant,Irrelevant,Irrelevant,Irrelevant,Irrelevant,Irrelevant,Irrelevant
ID1998,High Relevance,Low Relevance,Low Relevance,Low Relevance,Low Relevance,Low Relevance,Low Relevance,Low Relevance,Irrelevant,Irrelevant,Irrelevant,Irrelevant,Irrelevant,Irrelevant,Irrelevant,Irrelevant,Irrelevant,Irrelevant,Irrelevant,Irrelevant,Irrelevant,Irrelevant,Irrelevant,Irrelevant,Irrelevant,Irrelevant,Irrelevant,Irrelevant,Irrelevant,Irrelevant
ID1999,Low Relevance,Low Relevance,Low Relevance,Low Relevance,Low Relevance,Irrelevant,Irrelevant,Irrelevant,Irrelevant,Irrelevant,Irrelevant,Irrelevant,Irrelevant,Irrelevant,Irrelevant,Irrelevant,Irrelevant,Irrelevant,Irrelevant,Irrelevant,Irrelevant,Irrelevant,Irrelevant,Irrelevant,Irrelevant,Irrelevant,Irrelevant,Irrelevant,Irrelevant,Irrelevant
7000,Low Relevance,Irrelevant,Irrelevant,Irrelevant,Irrelevant,Low Relevance,Irrelevant,Irrelevant,Irrelevant,Irrelevant,Irrelevant,Irrelevant,Irrelevant,Irrelevant,Irrelevant,Irrelevant,Irrelevant,Irrelevant,Irrelevant,Irrelevant,Irrelevant,Irrelevant,Irrelevant,Irrelevant,Irrelevant,Irrelevant,Irrelevant,Irrelevant,Irrelevant,Irrelevant
7001,Low Relevance,Irrelevant,Irrelevant,Irrelevant,Irrelevant,Low Relevance,Irrelevant,Irrelevant,Irrelevant,Irrelevant,Irrelevant,Irrelevant,Irrelevant,Irrelevant,Irrelevant,Irrelevant,Irrelevant,Irrelevant,Irrelevant,Irrelevant,Irrelevant,Irrelevant,Irrelevant,Irrelevant,Irrelevant,Irrelevant,Irrelevant,Irrelevant,Irrelevant,Irrelevant
7002,Low Relevance,Irrelevant,Irrelevant,Irrelevant,Irrelevant,Irrelevant,Irrelevant,Irrelevant,Irrelevant,Irrelevant,Irrelevant,Irrelevant,Irrelevant,Irrelevant,Irrelevant,Irrelevant,Irrelevant,Irrelevant,Irrelevant,Irrelevant,Irrelevant,Irrelevant,Irrelevant,Irrelevant,Irrelevant,Irrelevant,Irrelevant,Irrelevant,Irrelevant,Irrelevant
7003,Low Relevance,Irrelevant,Irrelevant,Irrelevant,Irrelevant,Irrelevant,Irrelevant,Irrelevant,Irrelevant,Irrelevant,Irrelevant,Irrelevant,Irrelevant,Irrelevant,Irrelevant,Irrelevant,Irrelevant,Irrelevant,Irrelevant,Irrelevant,Irrelevant,Irrelevant,Irrelevant,Irrelevant,Irrelevant,Irrelevant,Irrelevant,Irrelevant,Irrelevant,Irrelevant
7004,Low Relevance,Low Relevance,High Relevance,Low Relevance,Low Relevance,Low Relevance,Irrelevant,Irrelevant,Irrelevant,Irrelevant,Irrelevant,Irrelevant,Irrelevant,Irrelevant,Irrelevant,Irrelevant,Irrelevant,Irrelevant,Irrelevant,Irrelevant,Irrelevant,Irrelevant,Irrelevant,Irrelevant,Irrelevant,Irrelevant,Irrelevant,Irrelevant,Irrelevant,Irrelevant
7005,Low Relevance,Low Relevance,High Relevance,Low Relevance,Low Relevance,Low Relevance,Irrelevant,Irrelevant,Irrelevant,Irrelevant,Irrelevant,Irrelevant,Irrelevant,Irrelevant,Irrelevant,Irrelevant,Irrelevant,Irrelevant,Irrelevant,Irrelevant,Irrelevant,Irrelevant,Irrelevant,Irrelevant,Irrelevant,Irrelevant,Irrelevant,Irrelevant,Irrelevant,Irrelevant
7006,Low Relevance,Irrelevant,Irrelevant,Irrelevant,Irrelevant,Irrelevant,Irrelevant,Irrelevant,Irrelevant,Irrelevant,Irrelevant,Irrelevant,Irrelevant,Irrelevant,Irrelevant,Irrelevant,Irrelevant,Irrelevant,Irrelevant,Irrelevant,Irrelevant,Irrelevant,Irrelevant,Irrelevant,Irrelevant,Irrelevant,Irrelevant,Irrelevant,Irrelevant,Irrelevant
7007,Low Relevance,Irrelevant,Irrelevant,Irrelevant,Irrelevant,Irrelevant,Irrelevant,Irrelevant,Irrelevant,Irrelevant,Irrelevant,Irrelevant,Irrelevant,Irrelevant,Irrelevant,Irrelevant,Irrelevant,Irrelevant,Irrelevant,Irrelevant,Irrelevant,Irrelevant,Irrelevant,Irrelevant,Irrelevant,Irrelevant,Irrelevant,Irrelevant,Irrelevant,Irrelevant
7008,Low Relevance,Irrelevant,Irrelevant,Irrelevant,Irrelevant,Irrelevant,Irrelevant,Irrelevant,Irrelevant,Irrelevant,Irrelevant,Irrelevant,Irrelevant,Irrelevant,Irrelevant,Irrelevant,Irrelevant,Irrelevant,Irrelevant,Irrelevant,Irrelevant,Irrelevant,Irrelevant,Irrelevant,Irrelevant,Irrelevant,Irrelevant,Irrelevant,Irrelevant,Irrelevant
7009,Low Relevance,Irrelevant,Irrelevant,Irrelevant,Irrelevant,Irrelevant,Irrelevant,Irrelevant,Irrelevant,Irrelevant,Irrelevant,Irrelevant,Irrelevant,Irrelevant,Irrelevant,Irrelevant,Irrelevant,Irrelevant,Irrelevant,Irrelevant,Irrelevant,Irrelevant,Irrelevant,Irrelevant,Irrelevant,Irrelevant,Irrelevant,Irrelevant,Irrelevant,Irrelevant
7010,Low Relevance,Low Relevance,Low Relevance,Low Relevance,Low Relevance,Low Relevance,Irrelevant,Irrelevant,Irrelevant,Irrelevant,Irrelevant,Irrelevant,Irrelevant,Irrelevant,Irrelevant,Irrelevant,Irrelevant,Irrelevant,Irrelevant,Irrelevant,Irrelevant,Irrelevant,Irrelevant,Irrelevant,Irrelevant,Irrelevant,Irrelevant,Irrelevant,Irrelevant,Irrelevant
7011,Low Relevance,Low Relevance,Low Relevance,Low Relevance,Low Relevance,Low Relevance,Irrelevant,Irrelevant,Irrelevant,Irrelevant,Irrelevant,Irrelevant,Irrelevant,Irrelevant,Irrelevant,Irrelevant,Irrelevant,Irrelevant,Irrelevant,Irrelevant,Irrelevant,Irrelevant,Irrelevant,Irrelevant,Irrelevant,Irrelevant,Irrelevant,Irrelevant,Irrelevant,Irrelevant
7012,Low Relevance,Irrelevant,Low Relevance,Low Relevance,Low Relevance,Low Relevance,Irrelevant,Irrelevant,Irrelevant,Irrelevant,Irrelevant,Irrelevant,Irrelevant,Irrelevant,Irrelevant,Irrelevant,Irrelevant,Irrelevant,Irrelevant,Irrelevant,Irrelevant,Irrelevant,Irrelevant,Irrelevant,Irrelevant,Irrelevant,Irrelevant,Irrelevant,Irrelevant,Irrelevant
7013,Low Relevance,Irrelevant,Low Relevance,Low Relevance,Low Relevance,Low Relevance,Irrelevant,Irrelevant,Irrelevant,Irrelevant,Irrelevant,Irrelevant,Irrelevant,Irrelevant,Irrelevant,Irrelevant,Irrelevant,Irrelevant,Irrelevant,Irrelevant,Irrelevant,Irrelevant,Irrelevant,Irrelevant,Irrelevant,Irrelevant,Irrelevant,Irrelevant,Irrelevant,Irrelevant
7014,Low Relevance,Irrelevant,Irrelevant,Irrelevant,Irrelevant,Irrelevant,Irrelevant,Irrelevant,Irrelevant,Irrelevant,Irrelevant,Irrelevant,Irrelevant,Irrelevant,Irrelevant,Irrelevant,Irrelevant,Irrelevant,Irrelevant,Irrelevant,Irrelevant,Irrelevant,Irrelevant,Irrelevant,Irrelevant,Irrelevant,Irrelevant,Irrelevant,Irrelevant,Irrelevant
7015,Low Relevance,Irrelevant,Irrelevant,Irrelevant,Irrelevant,Irrelevant,Irrelevant,Irrelevant,Irrelevant,Irrelevant,Irrelevant,Irrelevant,Irrelevant,Irrelevant,Irrelevant,Irrelevant,Irrelevant,Irrelevant,Irrelevant,Irrelevant,Irrelevant,Irrelevant,Irrelevant,Irrelevant,Irrelevant,Irrelevant,Irrelevant,Irrelevant,Irrelevant,Irrelevant
7016,Low Relevance,Irrelevant,Irrelevant,Irrelevant,Irrelevant,Irrelevant,Irrelevant,Irrelevant,Irrelevant,Irrelevant,Irrelevant,Irrelevant,Irrelevant,Irrelevant,Irrelevant,Irrelevant,Irrelevant,Irrelevant,Irrelevant,Irrelevant,Irrelevant,Irrelevant,Irrelevant,Irrelevant,Irrelevant,Irrelevant,Irrelevant,Irrelevant,Irrelevant,Irrelevant
7017,Low Relevance,Irrelevant,Irrelevant,Irrelevant,Irrelevant,Irrelevant,Irrelevant,Irrelevant,Irrelevant,Irrelevant,Irrelevant,Irrelevant,Irrelevant,Irrelevant,Irrelevant,Irrelevant,Irrelevant,Irrelevant,Irrelevant,Irrelevant,Irrelevant,Irrelevant,Irrelevant,Irrelevant,Irrelevant,Irrelevant,Irrelevant,Irrelevant,Irrelevant,Irrelevant
7018,Low Relevance,Irrelevant,Irrelevant,Irrelevant,Irrelevant,Irrelevant,Irrelevant,Irrelevant,Irrelevant,Irrelevant,Irrelevant,Irrelevant,Irrelevant,Irrelevant,Irrelevant,Irrelevant,Irrelevant,Irrelevant,Irrelevant,Irrelevant,Irrelevant,Irrelevant,Irrelevant,Irrelevant,Irrelevant,Irrelevant,Irrelevant,Irrelevant,Irrelevant,Irrelevant
7019,Low Relevance,Irrelevant,Irrelevant,Irrelevant,Irrelevant,Irrelevant,Irrelevant,Irrelevant,Irrelevant,Irrelevant,Irrelevant,Irrelevant,Irrelevant,Irrelevant,Irrelevant,Irrelevant,Irrelevant,Irrelevant,Irrelevant,Irrelevant,Irrelevant,Irrelevant,Irrelevant,Irrelevant,Irrelevant,Irrelevant,Irrelevant,Irrelevant,Irrelevant,Irrelevant
7020,Low Relevance,Low Relevance,Low Relevance,Low Relevance,Low Relevance,Irrelevant,Irrelevant,Irrelevant,Irrelevant,Irrelevant,Irrelevant,Irrelevant,Irrelevant,Irrelevant,Irrelevant,Irrelevant,Irrelevant,Irrelevant,Irrelevant,Irrelevant,Irrelevant,Irrelevant,Irrelevant,Irrelevant,Irrelevant,Irrelevant,Irrelevant,Irrelevant,Irrelevant,Irrelevant
7021,Low Relevance,Low Relevance,Low Relevance,Low Relevance,Low Relevance,Irrelevant,Irrelevant,Irrelevant,Irrelevant,Irrelevant,Irrelevant,Irrelevant,Irrelevant,Irrelevant,Irrelevant,Irrelevant,Irrelevant,Irrelevant,Irrelevant,Irrelevant,Irrelevant,Irrelevant,Irrelevant,Irrelevant,Irrelevant,Irrelevant,Irrelevant,Irrelevant,Irrelevant,Irrelevant
7022,Low Relevance,Low Relevance,Low Relevance,Low Relevance,Low Relevance,Irrelevant,Irrelevant,Irrelevant,Irrelevant,Irrelevant,Irrelevant,Irrelevant,Irrelevant,Irrelevant,Irrelevant,Irrelevant,Irrelevant,Irrelevant,Irrelevant,Irrelevant,Irrelevant,Irrelevant,Irrelevant,Irrelevant,Irrelevant,Irrelevant,Irrelevant,Irrelevant,Irrelevant,Irrelevant
7023,Low Relevance,Low Relevance,Low Relevance,Low Relevance,Low Relevance,Irrelevant,Irrelevant,Irrelevant,Irrelevant,Irrelevant,Irrelevant,Irrelevant,Irrelevant,Irrelevant,Irrelevant,Irrelevant,Irrelevant,Irrelevant,Irrelevant,Irrelevant,Irrelevant,Irrelevant,Irrelevant,Irrelevant,Irrelevant,Irrelevant,Irrelevant,Irrelevant,Irrelevant,Irrelevant
7024,Low Relevance,Irrelevant,Irrelevant,Irrelevant,Irrelevant,Irrelevant,Irrelevant,Irrelevant,Irrelevant,Irrelevant,Irrelevant,Irrelevant,Irrelevant,Irrelevant,Irrelevant,Irrelevant,Irrelevant,Irrelevant,Irrelevant,Irrelevant,Irrelevant,Irrelevant,Irrelevant,Irrelevant,Irrelevant,Irrelevant,Irrelevant,Irrelevant,Irrelevant,Irrelevant
7025,Low Relevance,Irrelevant,Irrelevant,Irrelevant,Irrelevant,Irrelevant,Irrelevant,Irrelevant,Irrelevant,Irrelevant,Irrelevant,Irrelevant,Irrelevant,Irrelevant,Irrelevant,Irrelevant,Irrelevant,Irrelevant,Irrelevant,Irrelevant,Irrelevant,Irrelevant,Irrelevant,Irrelevant,Irrelevant,Irrelevant,Irrelevant,Irrelevant,Irrelevant,Irrelevant
7026,Low Relevance,Irrelevant,Irrelevant,Irrelevant,Irrelevant,Low Relevance,Irrelevant,Irrelevant,Irrelevant,Irrelevant,Irrelevant,Irrelevant,Irrelevant,Irrelevant,Irrelevant,Irrelevant,Irrelevant,Irrelevant,Irrelevant,Irrelevant,Irrelevant,Irrelevant,Irrelevant,Irrelevant,Irrelevant,Irrelevant,Irrelevant,Irrelevant,Irrelevant,Irrelevant
7027,Low Relevance,Irrelevant,Low Relevance,Low Relevance,Low Relevance,Low Relevance,Low Relevance,Low Relevance,Irrelevant,Irrelevant,Irrelevant,Irrelevant,Irrelevant,Irrelevant,Irrelevant,Irrelevant,Irrelevant,Irrelevant,Irrelevant,Irrelevant,Irrelevant,Irrelevant,Irrelevant,Irrelevant,Irrelevant,Irrelevant,Irrelevant,Irrelevant,Irrelevant,Irrelevant
7028,Low Relevance,Low Relevance,Low Relevance,Low Relevance,Low Relevance,Low Relevance,Irrelevant,Irrelevant,Irrelevant,Irrelevant,Irrelevant,Irrelevant,Irrelevant,Irrelevant,Irrelevant,Irrelevant,Irrelevant,Irrelevant,Irrelevant,Irrelevant,Irrelevant,Irrelevant,Irrelevant,Irrelevant,Irrelevant,Irrelevant,Irrelevant,Irrelevant,Irrelevant,Irrelevant
7029,Low Relevance,Low Relevance,Low Relevance,Low Relevance,Low Relevance,Low Relevance,Irrelevant,Irrelevant,Irrelevant,Irrelevant,Irrelevant,Irrelevant,Irrelevant,Irrelevant,Irrelevant,Irrelevant,Irrelevant,Irrelevant,Irrelevant,Irrelevant,Irrelevant,Irrelevant,Irrelevant,Irrelevant,Irrelevant,Irrelevant,Irrelevant,Irrelevant,Irrelevant,Irrelevant
7030,Low Relevance,Irrelevant,Irrelevant,Low Relevance,Irrelevant,Irrelevant,Irrelevant,Irrelevant,Irrelevant,Irrelevant,Irrelevant,Irrelevant,Irrelevant,Irrelevant,Irrelevant,Irrelevant,Irrelevant,Irrelevant,Irrelevant,Irrelevant,Irrelevant,Irrelevant,Irrelevant,Irrelevant,Irrelevant,Irrelevant,Irrelevant,Irrelevant,Irrelevant,Irrelevant
7031,Low Relevance,Low Relevance,Low Relevance,Low Relevance,Low Relevance,Low Relevance,Irrelevant,Irrelevant,Irrelevant,Irrelevant,Irrelevant,Irrelevant,Irrelevant,Irrelevant,Irrelevant,Irrelevant,Irrelevant,Irrelevant,Irrelevant,Irrelevant,Irrelevant,Irrelevant,Irrelevant,Irrelevant,Irrelevant,Irrelevant,Irrelevant,Irrelevant,Irrelevant,Irrelevant
7032,Low Relevance,Irrelevant,Irrelevant,Irrelevant,Irrelevant,Irrelevant,Irrelevant,Irrelevant,Irrelevant,Irrelevant,Irrelevant,Irrelevant,Irrelevant,Irrelevant,Irrelevant,Irrelevant,Irrelevant,Irrelevant,Irrelevant,Irrelevant,Irrelevant,Irrelevant,Irrelevant,Irrelevant,Irrelevant,Irrelevant,Irrelevant,Irrelevant,Irrelevant,Irrelevant
7033,Low Relevance,Irrelevant,Irrelevant,Irrelevant,Irrelevant,Irrelevant,Irrelevant,Irrelevant,Irrelevant,Irrelevant,Irrelevant,Irrelevant,Irrelevant,Irrelevant,Irrelevant,Irrelevant,Irrelevant,Irrelevant,Irrelevant,Irrelevant,Irrelevant,Irrelevant,Irrelevant,Irrelevant,Irrelevant,Irrelevant,Irrelevant,Irrelevant,Irrelevant,Irrelevant
7034,Low Relevance,Low Relevance,Low Relevance,Low Relevance,Low Relevance,Low Relevance,Irrelevant,Irrelevant,Irrelevant,Irrelevant,Irrelevant,Irrelevant,Irrelevant,Irrelevant,Irrelevant,Irrelevant,Irrelevant,Irrelevant,Irrelevant,Irrelevant,Irrelevant,Irrelevant,Irrelevant,Irrelevant,Irrelevant,Irrelevant,Irrelevant,Irrelevant,Irrelevant,Irrelevant
7035,Low Relevance,Low Relevance,Low Relevance,Low Relevance,Low Relevance,Low Relevance,Irrelevant,Irrelevant,Irrelevant,Irrelevant,Irrelevant,Irrelevant,Irrelevant,Irrelevant,Irrelevant,Irrelevant,Irrelevant,Irrelevant,Irrelevant,Irrelevant,Irrelevant,Irrelevant,Irrelevant,Irrelevant,Irrelevant,Irrelevant,Irrelevant,Irrelevant,Irrelevant,Irrelevant
7036,Low Relevance,Low Relevance,Low Relevance,Low Relevance,Low Relevance,Irrelevant,Irrelevant,Irrelevant,Irrelevant,Irrelevant,Irrelevant,Irrelevant,Irrelevant,Irrelevant,Irrelevant,Irrelevant,Irrelevant,Irrelevant,Irrelevant,Irrelevant,Irrelevant,Irrelevant,Irrelevant,Irrelevant,Irrelevant,Irrelevant,Irrelevant,Irrelevant,Irrelevant,Irrelevant
7037,Low Relevance,Low Relevance,Low Relevance,Low Relevance,Low Relevance,Irrelevant,Irrelevant,Irrelevant,Irrelevant,Irrelevant,Irrelevant,Irrelevant,Irrelevant,Irrelevant,Irrelevant,Irrelevant,Irrelevant,Irrelevant,Irrelevant,Irrelevant,Irrelevant,Irrelevant,Irrelevant,Irrelevant,Irrelevant,Irrelevant,Irrelevant,Irrelevant,Irrelevant,Irrelevant
7038,Low Relevance,Irrelevant,Irrelevant,Irrelevant,Irrelevant,Irrelevant,Irrelevant,Low Relevance,Irrelevant,Irrelevant,Irrelevant,Irrelevant,Irrelevant,Irrelevant,Irrelevant,Irrelevant,Irrelevant,Irrelevant,Irrelevant,Irrelevant,Irrelevant,Irrelevant,Irrelevant,Irrelevant,Irrelevant,Irrelevant,Irrelevant,Irrelevant,Irrelevant,Irrelevant
7039,Low Relevance,Irrelevant,Irrelevant,Irrelevant,Irrelevant,Irrelevant,Irrelevant,Low Relevance,Irrelevant,Irrelevant,Irrelevant,Irrelevant,Irrelevant,Irrelevant,Irrelevant,Irrelevant,Irrelevant,Irrelevant,Irrelevant,Irrelevant,Irrelevant,Irrelevant,Irrelevant,Irrelevant,Irrelevant,Irrelevant,Irrelevant,Irrelevant,Irrelevant,Irrelevant
7040,Low Relevance,Low Relevance,Low Relevance,Low Relevance,Low Relevance,Low Relevance,Low Relevance,Low Relevance,Low Relevance,Irrelevant,Irrelevant,Irrelevant,Irrelevant,Irrelevant,Irrelevant,Irrelevant,Irrelevant,Irrelevant,Irrelevant,Irrelevant,Irrelevant,Irrelevant,Irrelevant,Irrelevant,Irrelevant,Irrelevant,Irrelevant,Irrelevant,Irrelevant,Irrelevant
7041,Low Relevance,Low Relevance,Low Relevance,Low Relevance,Low Relevance,Low Relevance,Low Relevance,Low Relevance,Low Relevance,Irrelevant,Irrelevant,Irrelevant,Irrelevant,Irrelevant,Irrelevant,Irrelevant,Irrelevant,Irrelevant,Irrelevant,Irrelevant,Irrelevant,Irrelevant,Irrelevant,Irrelevant,Irrelevant,Irrelevant,Irrelevant,Irrelevant,Irrelevant,Irrelevant
7042,Low Relevance,Irrelevant,Irrelevant,Irrelevant,Irrelevant,Irrelevant,Irrelevant,Irrelevant,Irrelevant,Irrelevant,Irrelevant,Irrelevant,Irrelevant,Irrelevant,Irrelevant,Irrelevant,Irrelevant,Irrelevant,Irrelevant,Irrelevant,Irrelevant,Irrelevant,Irrelevant,Irrelevant,Irrelevant,Irrelevant,Irrelevant,Irrelevant,Irrelevant,Irrelevant
7043,Low Relevance,Irrelevant,Irrelevant,Irrelevant,Irrelevant,Irrelevant,Irrelevant,Irrelevant,Irrelevant,Irrelevant,Irrelevant,Irrelevant,Irrelevant,Irrelevant,Irrelevant,Irrelevant,Irrelevant,Irrelevant,Irrelevant,Irrelevant,Irrelevant,Irrelevant,Irrelevant,Irrelevant,Irrelevant,Irrelevant,Irrelevant,Irrelevant,Irrelevant,Irrelevant
7044,Low Relevance,Low Relevance,Low Relevance,Low Relevance,Low Relevance,Low Relevance,Low Relevance,Irrelevant,Irrelevant,Irrelevant,Irrelevant,Irrelevant,Irrelevant,Irrelevant,Irrelevant,Irrelevant,Irrelevant,Irrelevant,Irrelevant,Irrelevant,Irrelevant,Irrelevant,Irrelevant,Irrelevant,Irrelevant,Irrelevant,Irrelevant,Irrelevant,Irrelevant,Irrelevant
7045,Low Relevance,Low Relevance,Low Relevance,Low Relevance,Low Relevance,Low Relevance,Low Relevance,Irrelevant,Irrelevant,Irrelevant,Irrelevant,Irrelevant,Irrelevant,Irrelevant,Irrelevant,Irrelevant,Irrelevant,Irrelevant,Irrelevant,Irrelevant,Irrelevant,Irrelevant,Irrelevant,Irrelevant,Irrelevant,Irrelevant,Irrelevant,Irrelevant,Irrelevant,Irrelevant
7046,Low Relevance,Irrelevant,Irrelevant,Irrelevant,Irrelevant,Irrelevant,Irrelevant,Irrelevant,Irrelevant,Irrelevant,Irrelevant,Irrelevant,Irrelevant,Irrelevant,Irrelevant,Irrelevant,Irrelevant,Irrelevant,Irrelevant,Irrelevant,Irrelevant,Irrelevant,Irrelevant,Irrelevant,Irrelevant,Irrelevant,Irrelevant,Irrelevant,Irrelevant,Irrelevant
7047,Low Relevance,Irrelevant,Irrelevant,Irrelevant,Irrelevant,Irrelevant,Irrelevant,Irrelevant,Irrelevant,Irrelevant,Irrelevant,Irrelevant,Irrelevant,Irrelevant,Irrelevant,Irrelevant,Irrelevant,Irrelevant,Irrelevant,Irrelevant,Irrelevant,Irrelevant,Irrelevant,Irrelevant,Irrelevant,Irrelevant,Irrelevant,Irrelevant,Irrelevant,Irrelevant
7048,Low Relevance,Irrelevant,Irrelevant,Irrelevant,Irrelevant,Irrelevant,Irrelevant,Irrelevant,Irrelevant,Irrelevant,Irrelevant,Irrelevant,Irrelevant,Irrelevant,Irrelevant,Irrelevant,Irrelevant,Irrelevant,Irrelevant,Irrelevant,Irrelevant,Irrelevant,Irrelevant,Irrelevant,Irrelevant,Irrelevant,Irrelevant,Irrelevant,Irrelevant,Irrelevant
7049,Low Relevance,Low Relevance,Low Relevance,Low Relevance,Low Relevance,Low Relevance,Irrelevant,Irrelevant,Irrelevant,Irrelevant,Irrelevant,Irrelevant,Irrelevant,Irrelevant,Irrelevant,Irrelevant,Irrelevant,Irrelevant,Irrelevant,Irrelevant,Irrelevant,Irrelevant,Irrelevant,Irrelevant,Irrelevant,Irrelevant,Irrelevant,Irrelevant,Irrelevant,Irrelevant
7050,Low Relevance,Irrelevant,Irrelevant,Irrelevant,Irrelevant,Irrelevant,Irrelevant,Irrelevant,Irrelevant,Irrelevant,Irrelevant,Irrelevant,Irrelevant,Irrelevant,Irrelevant,Irrelevant,Irrelevant,Irrelevant,Irrelevant,Irrelevant,Irrelevant,Irrelevant,Irrelevant,Irrelevant,Irrelevant,Irrelevant,Irrelevant,Irrelevant,Irrelevant,Irrelevant
7051,Low Relevance,Irrelevant,Irrelevant,Irrelevant,Irrelevant,Irrelevant,Irrelevant,Irrelevant,Irrelevant,Irrelevant,Irrelevant,Irrelevant,Irrelevant,Irrelevant,Irrelevant,Irrelevant,Irrelevant,Irrelevant,Irrelevant,Irrelevant,Irrelevant,Irrelevant,Irrelevant,Irrelevant,Irrelevant,Irrelevant,Irrelevant,Irrelevant,Irrelevant,Irrelevant
7052,Low Relevance,Irrelevant,Irrelevant,Irrelevant,Irrelevant,Irrelevant,Irrelevant,Irrelevant,Irrelevant,Irrelevant,Irrelevant,Irrelevant,Irrelevant,Irrelevant,Irrelevant,Irrelevant,Irrelevant,Irrelevant,Irrelevant,Irrelevant,Irrelevant,Irrelevant,Irrelevant,Irrelevant,Irrelevant,Irrelevant,Irrelevant,Irrelevant,Irrelevant,Irrelevant
7053,Low Relevance,Irrelevant,Irrelevant,Irrelevant,Irrelevant,Irrelevant,Irrelevant,Irrelevant,Irrelevant,Irrelevant,Irrelevant,Irrelevant,Irrelevant,Irrelevant,Irrelevant,Irrelevant,Irrelevant,Irrelevant,Irrelevant,Irrelevant,Irrelevant,Irrelevant,Irrelevant,Irrelevant,Irrelevant,Irrelevant,Irrelevant,Irrelevant,Irrelevant,Irrelevant
7054,Low Relevance,Irrelevant,Irrelevant,Irrelevant,Irrelevant,Irrelevant,Irrelevant,Irrelevant,Irrelevant,Irrelevant,Irrelevant,Irrelevant,Irrelevant,Irrelevant,Irrelevant,Irrelevant,Irrelevant,Irrelevant,Irrelevant,Irrelevant,Irrelevant,Irrelevant,Irrelevant,Irrelevant,Irrelevant,Irrelevant,Irrelevant,Irrelevant,Irrelevant,Irrelevant
7055,Low Relevance,Irrelevant,Irrelevant,Irrelevant,Irrelevant,Irrelevant,Irrelevant,Irrelevant,Irrelevant,Irrelevant,Irrelevant,Irrelevant,Irrelevant,Irrelevant,Irrelevant,Irrelevant,Irrelevant,Irrelevant,Irrelevant,Irrelevant,Irrelevant,Irrelevant,Irrelevant,Irrelevant,Irrelevant,Irrelevant,Irrelevant,Irrelevant,Irrelevant,Irrelevant
7056,Low Relevance,Irrelevant,Irrelevant,Irrelevant,Irrelevant,Irrelevant,Irrelevant,Irrelevant,Irrelevant,Irrelevant,Irrelevant,Irrelevant,Irrelevant,Irrelevant,Irrelevant,Irrelevant,Irrelevant,Irrelevant,Irrelevant,Irrelevant,Irrelevant,Irrelevant,Irrelevant,Irrelevant,Irrelevant,Irrelevant,Irrelevant,Irrelevant,Irrelevant,Irrelevant
7057,Low Relevance,Irrelevant,Irrelevant,Irrelevant,Irrelevant,Irrelevant,Irrelevant,Irrelevant,Irrelevant,Irrelevant,Irrelevant,Irrelevant,Irrelevant,Irrelevant,Irrelevant,Irrelevant,Irrelevant,Irrelevant,Irrelevant,Irrelevant,Irrelevant,Irrelevant,Irrelevant,Irrelevant,Irrelevant,Irrelevant,Irrelevant,Irrelevant,Irrelevant,Irrelevant
7058,Low Relevance,Low Relevance,Low Relevance,Low Relevance,Low Relevance,Low Relevance,Low Relevance,Low Relevance,Irrelevant,Irrelevant,Irrelevant,Irrelevant,Irrelevant,Irrelevant,Irrelevant,Irrelevant,Irrelevant,Irrelevant,Irrelevant,Irrelevant,Irrelevant,Irrelevant,Irrelevant,Irrelevant,Irrelevant,Irrelevant,Irrelevant,Irrelevant,Irrelevant,Irrelevant
7059,Low Relevance,Low Relevance,Low Relevance,Low Relevance,Low Relevance,Low Relevance,Low Relevance,Low Relevance,Irrelevant,Irrelevant,Irrelevant,Irrelevant,Irrelevant,Irrelevant,Irrelevant,Irrelevant,Irrelevant,Irrelevant,Irrelevant,Irrelevant,Irrelevant,Irrelevant,Irrelevant,Irrelevant,Irrelevant,Irrelevant,Irrelevant,Irrelevant,Irrelevant,Irrelevant
7060,Low Relevance,Low Relevance,Low Relevance,Low Relevance,Low Relevance,Low Relevance,Low Relevance,Irrelevant,Irrelevant,Irrelevant,Irrelevant,Irrelevant,Irrelevant,Irrelevant,Irrelevant,Irrelevant,Irrelevant,Irrelevant,Irrelevant,Irrelevant,Irrelevant,Irrelevant,Irrelevant,Irrelevant,Irrelevant,Irrelevant,Irrelevant,Irrelevant,Irrelevant,Irrelevant
7061,Low Relevance,Low Relevance,Low Relevance,Low Relevance,Low Relevance,Low Relevance,Low Relevance,Irrelevant,Irrelevant,Irrelevant,Irrelevant,Irrelevant,Irrelevant,Irrelevant,Irrelevant,Irrelevant,Irrelevant,Irrelevant,Irrelevant,Irrelevant,Irrelevant,Irrelevant,Irrelevant,Irrelevant,Irrelevant,Irrelevant,Irrelevant,Irrelevant,Irrelevant,Irrelevant
7062,Low Relevance,Low Relevance,Low Relevance,Low Relevance,Low Relevance,Low Relevance,Low Relevance,Irrelevant,Irrelevant,Irrelevant,Irrelevant,Irrelevant,Irrelevant,Irrelevant,Irrelevant,Irrelevant,Irrelevant,Irrelevant,Irrelevant,Irrelevant,Irrelevant,Irrelevant,Irrelevant,Irrelevant,Irrelevant,Irrelevant,Irrelevant,Irrelevant,Irrelevant,Irrelevant
7063,Low Relevance,Low Relevance,Low Relevance,Low Relevance,Low Relevance,Low Relevance,Low Relevance,Irrelevant,Irrelevant,Irrelevant,Irrelevant,Irrelevant,Irrelevant,Irrelevant,Irrelevant,Irrelevant,Irrelevant,Irrelevant,Irrelevant,Irrelevant,Irrelevant,Irrelevant,Irrelevant,Irrelevant,Irrelevant,Irrelevant,Irrelevant,Irrelevant,Irrelevant,Irrelevant
7064,Low Relevance,Low Relevance,Low Relevance,Low Relevance,Low Relevance,Low Relevance,Low Relevance,Irrelevant,Irrelevant,Irrelevant,Irrelevant,Irrelevant,Irrelevant,Irrelevant,Irrelevant,Irrelevant,Irrelevant,Irrelevant,Irrelevant,Irrelevant,Irrelevant,Irrelevant,Irrelevant,Irrelevant,Irrelevant,Irrelevant,Irrelevant,Irrelevant,Irrelevant,Irrelevant
7065,Low Relevance,Low Relevance,Low Relevance,Low Relevance,Low Relevance,Low Relevance,Low Relevance,Irrelevant,Irrelevant,Irrelevant,Irrelevant,Irrelevant,Irrelevant,Irrelevant,Irrelevant,Irrelevant,Irrelevant,Irrelevant,Irrelevant,Irrelevant,Irrelevant,Irrelevant,Irrelevant,Irrelevant,Irrelevant,Irrelevant,Irrelevant,Irrelevant,Irrelevant,Irrelevant
7066,Low Relevance,Low Relevance,Low Relevance,Low Relevance,Low Relevance,Low Relevance,Irrelevant,Irrelevant,Irrelevant,Irrelevant,Irrelevant,Irrelevant,Irrelevant,Irrelevant,Irrelevant,Irrelevant,Irrelevant,Irrelevant,Irrelevant,Irrelevant,Irrelevant,Irrelevant,Irrelevant,Irrelevant,Irrelevant,Irrelevant,Irrelevant,Irrelevant,Irrelevant,Irrelevant
7067,Low Relevance,Irrelevant,Irrelevant,Irrelevant,Irrelevant,Irrelevant,Irrelevant,Irrelevant,Irrelevant,Irrelevant,Irrelevant,Irrelevant,Irrelevant,Irrelevant,Irrelevant,Irrelevant,Irrelevant,Irrelevant,Irrelevant,Irrelevant,Irrelevant,Irrelevant,Irrelevant,Irrelevant,Irrelevant,Irrelevant,Irrelevant,Irrelevant,Irrelevant,Irrelevant
7068,Low Relevance,Low Relevance,Low Relevance,Low Relevance,Low Relevance,Low Relevance,Low Relevance,Irrelevant,Irrelevant,Irrelevant,Irrelevant,Irrelevant,Irrelevant,Irrelevant,Irrelevant,Irrelevant,Irrelevant,Irrelevant,Irrelevant,Irrelevant,Irrelevant,Irrelevant,Irrelevant,Irrelevant,Irrelevant,Irrelevant,Irrelevant,Irrelevant,Irrelevant,Irrelevant
7069,Low Relevance,Low Relevance,Low Relevance,Low Relevance,Low Relevance,Low Relevance,Low Relevance,Irrelevant,Irrelevant,Irrelevant,Irrelevant,Irrelevant,Irrelevant,Irrelevant,Irrelevant,Irrelevant,Irrelevant,Irrelevant,Irrelevant,Irrelevant,Irrelevant,Irrelevant,Irrelevant,Irrelevant,Irrelevant,Irrelevant,Irrelevant,Irrelevant,Irrelevant,Irrelevant
7070,Low Relevance,Low Relevance,Low Relevance,Low Relevance,Low Relevance,Low Relevance,Low Relevance,Irrelevant,Irrelevant,Irrelevant,Irrelevant,Irrelevant,Irrelevant,Irrelevant,Irrelevant,Irrelevant,Irrelevant,Irrelevant,Irrelevant,Irrelevant,Irrelevant,Irrelevant,Irrelevant,Irrelevant,Irrelevant,Irrelevant,Irrelevant,Irrelevant,Irrelevant,Irrelevant
7071,Low Relevance,Low Relevance,Low Relevance,Low Relevance,Low Relevance,Low Relevance,Low Relevance,Irrelevant,Irrelevant,Irrelevant,Irrelevant,Irrelevant,Irrelevant,Irrelevant,Irrelevant,Irrelevant,Irrelevant,Irrelevant,Irrelevant,Irrelevant,Irrelevant,Irrelevant,Irrelevant,Irrelevant,Irrelevant,Irrelevant,Irrelevant,Irrelevant,Irrelevant,Irrelevant
7072,Low Relevance,Low Relevance,Low Relevance,Low Relevance,Low Relevance,Low Relevance,Irrelevant,Irrelevant,Irrelevant,Irrelevant,Irrelevant,Irrelevant,Irrelevant,Irrelevant,Irrelevant,Irrelevant,Irrelevant,Irrelevant,Irrelevant,Irrelevant,Irrelevant,Irrelevant,Irrelevant,Irrelevant,Irrelevant,Irrelevant,Irrelevant,Irrelevant,Irrelevant,Irrelevant
7073,Low Relevance,Low Relevance,Low Relevance,Low Relevance,Low Relevance,Low Relevance,Irrelevant,Irrelevant,Irrelevant,Irrelevant,Irrelevant,Irrelevant,Irrelevant,Irrelevant,Irrelevant,Irrelevant,Irrelevant,Irrelevant,Irrelevant,Irrelevant,Irrelevant,Irrelevant,Irrelevant,Irrelevant,Irrelevant,Irrelevant,Irrelevant,Irrelevant,Irrelevant,Irrelevant
7074,Low Relevance,Low Relevance,Low Relevance,Low Relevance,Low Relevance,Low Relevance,Irrelevant,Irrelevant,Irrelevant,Irrelevant,Irrelevant,Irrelevant,Irrelevant,Irrelevant,Irrelevant,Irrelevant,Irrelevant,Irrelevant,Irrelevant,Irrelevant,Irrelevant,Irrelevant,Irrelevant,Irrelevant,Irrelevant,Irrelevant,Irrelevant,Irrelevant,Irrelevant,Irrelevant
7075,Low Relevance,Low Relevance,Low Relevance,Low Relevance,Low Relevance,Low Relevance,Irrelevant,Irrelevant,Irrelevant,Irrelevant,Irrelevant,Irrelevant,Irrelevant,Irrelevant,Irrelevant,Irrelevant,Irrelevant,Irrelevant,Irrelevant,Irrelevant,Irrelevant,Irrelevant,Irrelevant,Irrelevant,Irrelevant,Irrelevant,Irrelevant,Irrelevant,Irrelevant,Irrelevant
7076,Low Relevance,Low Relevance,Low Relevance,Low Relevance,Irrelevant,Irrelevant,Irrelevant,Irrelevant,Irrelevant,Irrelevant,Irrelevant,Irrelevant,Irrelevant,Irrelevant,Irrelevant,Irrelevant,Irrelevant,Irrelevant,Irrelevant,Irrelevant,Irrelevant,Irrelevant,Irrelevant,Irrelevant,Irrelevant,Irrelevant,Irrelevant,Irrelevant,Irrelevant,Irrelevant
7077,Low Relevance,Low Relevance,Low Relevance,Low Relevance,Irrelevant,Irrelevant,Irrelevant,Irrelevant,Irrelevant,Irrelevant,Irrelevant,Irrelevant,Irrelevant,Irrelevant,Irrelevant,Irrelevant,Irrelevant,Irrelevant,Irrelevant,Irrelevant,Irrelevant,Irrelevant,Irrelevant,Irrelevant,Irrelevant,Irrelevant,Irrelevant,Irrelevant,Irrelevant,Irrelevant
7078,Low Relevance,Low Relevance,Low Relevance,Low Relevance,Low Relevance,Low Relevance,Low Relevance,Irrelevant,Irrelevant,Irrelevant,Irrelevant,Irrelevant,Irrelevant,Irrelevant,Irrelevant,Irrelevant,Irrelevant,Irrelevant,Irrelevant,Irrelevant,Irrelevant,Irrelevant,Irrelevant,Irrelevant,Irrelevant,Irrelevant,Irrelevant,Irrelevant,Irrelevant,Irrelevant
7079,Low Relevance,Low Relevance,Low Relevance,Low Relevance,Low Relevance,Low Relevance,Low Relevance,Irrelevant,Irrelevant,Irrelevant,Irrelevant,Irrelevant,Irrelevant,Irrelevant,Irrelevant,Irrelevant,Irrelevant,Irrelevant,Irrelevant,Irrelevant,Irrelevant,Irrelevant,Irrelevant,Irrelevant,Irrelevant,Irrelevant,Irrelevant,Irrelevant,Irrelevant,Irrelevant
7080,Low Relevance,Irrelevant,Irrelevant,Irrelevant,Irrelevant,Irrelevant,Irrelevant,Irrelevant,Irrelevant,Irrelevant,Irrelevant,Irrelevant,Irrelevant,Irrelevant,Irrelevant,Irrelevant,Irrelevant,Irrelevant,Irrelevant,Irrelevant,Irrelevant,Irrelevant,Irrelevant,Irrelevant,Irrelevant,Irrelevant,Irrelevant,Irrelevant,Irrelevant,Irrelevant
7081,Low Relevance,Irrelevant,Irrelevant,Irrelevant,Irrelevant,Irrelevant,Irrelevant,Irrelevant,Irrelevant,Irrelevant,Irrelevant,Irrelevant,Irrelevant,Irrelevant,Irrelevant,Irrelevant,Irrelevant,Irrelevant,Irrelevant,Irrelevant,Irrelevant,Irrelevant,Irrelevant,Irrelevant,Irrelevant,Irrelevant,Irrelevant,Irrelevant,Irrelevant,Irrelevant
7082,High Relevance,Low Relevance,Irrelevant,Irrelevant,Irrelevant,Irrelevant,Irrelevant,Irrelevant,Irrelevant,Irrelevant,Irrelevant,Irrelevant,Irrelevant,Irrelevant,Irrelevant,Irrelevant,Irrelevant,Irrelevant,Irrelevant,Irrelevant,Irrelevant,Irrelevant,Irrelevant,Irrelevant,Irrelevant,Irrelevant,Irrelevant,Irrelevant,Irrelevant,Irrelevant
7083,High Relevance,Low Relevance,Irrelevant,Irrelevant,Irrelevant,Irrelevant,Irrelevant,Irrelevant,Irrelevant,Irrelevant,Irrelevant,Irrelevant,Irrelevant,Irrelevant,Irrelevant,Irrelevant,Irrelevant,Irrelevant,Irrelevant,Irrelevant,Irrelevant,Irrelevant,Irrelevant,Irrelevant,Irrelevant,Irrelevant,Irrelevant,Irrelevant,Irrelevant,Irrelevant
7084,Low Relevance,Irrelevant,Irrelevant,Irrelevant,Irrelevant,Irrelevant,Irrelevant,Irrelevant,Irrelevant,Irrelevant,Irrelevant,Irrelevant,Irrelevant,Irrelevant,Irrelevant,Irrelevant,Irrelevant,Irrelevant,Irrelevant,Irrelevant,Irrelevant,Irrelevant,Irrelevant,Irrelevant,Irrelevant,Irrelevant,Irrelevant,Irrelevant,Irrelevant,Irrelevant
7085,Low Relevance,Irrelevant,Irrelevant,Irrelevant,Irrelevant,Irrelevant,Irrelevant,Irrelevant,Irrelevant,Irrelevant,Irrelevant,Irrelevant,Irrelevant,Irrelevant,Irrelevant,Irrelevant,Irrelevant,Irrelevant,Irrelevant,Irrelevant,Irrelevant,Irrelevant,Irrelevant,Irrelevant,Irrelevant,Irrelevant,Irrelevant,Irrelevant,Irrelevant,Irrelevant
7086,Low Relevance,High Relevance,Low Relevance,Low Relevance,Irrelevant,Irrelevant,Irrelevant,Irrelevant,Irrelevant,Irrelevant,Irrelevant,Irrelevant,Irrelevant,Irrelevant,Irrelevant,Irrelevant,Irrelevant,Irrelevant,Irrelevant,Irrelevant,Irrelevant,Irrelevant,Irrelevant,Irrelevant,Irrelevant,Irrelevant,Irrelevant,Irrelevant,Irrelevant,Irrelevant
7087,Low Relevance,High Relevance,Low Relevance,Low Relevance,Irrelevant,Irrelevant,Irrelevant,Irrelevant,Irrelevant,Irrelevant,Irrelevant,Irrelevant,Irrelevant,Irrelevant,Irrelevant,Irrelevant,Irrelevant,Irrelevant,Irrelevant,Irrelevant,Irrelevant,Irrelevant,Irrelevant,Irrelevant,Irrelevant,Irrelevant,Irrelevant,Irrelevant,Irrelevant,Irrelevant
7088,Low Relevance,Low Relevance,Low Relevance,Low Relevance,Low Relevance,Irrelevant,Irrelevant,Irrelevant,Irrelevant,Irrelevant,Irrelevant,Irrelevant,Irrelevant,Irrelevant,Irrelevant,Irrelevant,Irrelevant,Irrelevant,Irrelevant,Irrelevant,Irrelevant,Irrelevant,Irrelevant,Irrelevant,Irrelevant,Irrelevant,Irrelevant,Irrelevant,Irrelevant,Irrelevant
7089,Low Relevance,Low Relevance,Low Relevance,Low Relevance,Low Relevance,Irrelevant,Irrelevant,Irrelevant,Irrelevant,Irrelevant,Irrelevant,Irrelevant,Irrelevant,Irrelevant,Irrelevant,Irrelevant,Irrelevant,Irrelevant,Irrelevant,Irrelevant,Irrelevant,Irrelevant,Irrelevant,Irrelevant,Irrelevant,Irrelevant,Irrelevant,Irrelevant,Irrelevant,Irrelevant
7090,Low Relevance,Low Relevance,Low Relevance,Low Relevance,Irrelevant,Irrelevant,Irrelevant,Irrelevant,Irrelevant,Irrelevant,Irrelevant,Irrelevant,Irrelevant,Irrelevant,Irrelevant,Irrelevant,Irrelevant,Irrelevant,Irrelevant,Irrelevant,Irrelevant,Irrelevant,Irrelevant,Irrelevant,Irrelevant,Irrelevant,Irrelevant,Irrelevant,Irrelevant,Irrelevant
7091,Low Relevance,Low Relevance,Low Relevance,Low Relevance,Irrelevant,Irrelevant,Irrelevant,Irrelevant,Irrelevant,Irrelevant,Irrelevant,Irrelevant,Irrelevant,Irrelevant,Irrelevant,Irrelevant,Irrelevant,Irrelevant,Irrelevant,Irrelevant,Irrelevant,Irrelevant,Irrelevant,Irrelevant,Irrelevant,Irrelevant,Irrelevant,Irrelevant,Irrelevant,Irrelevant
7092,Low Relevance,Irrelevant,Irrelevant,Irrelevant,Irrelevant,Irrelevant,Irrelevant,Irrelevant,Irrelevant,Irrelevant,Irrelevant,Irrelevant,Irrelevant,Irrelevant,Irrelevant,Irrelevant,Irrelevant,Irrelevant,Irrelevant,Irrelevant,Irrelevant,Irrelevant,Irrelevant,Irrelevant,Irrelevant,Irrelevant,Irrelevant,Irrelevant,Irrelevant,Irrelevant
7093,Low Relevance,Irrelevant,Irrelevant,Irrelevant,Irrelevant,Irrelevant,Irrelevant,Irrelevant,Irrelevant,Irrelevant,Irrelevant,Irrelevant,Irrelevant,Irrelevant,Irrelevant,Irrelevant,Irrelevant,Irrelevant,Irrelevant,Irrelevant,Irrelevant,Irrelevant,Irrelevant,Irrelevant,Irrelevant,Irrelevant,Irrelevant,Irrelevant,Irrelevant,Irrelevant
7094,Low Relevance,Irrelevant,Irrelevant,Irrelevant,Irrelevant,Irrelevant,Irrelevant,Irrelevant,Irrelevant,Irrelevant,Irrelevant,Irrelevant,Irrelevant,Irrelevant,Irrelevant,Irrelevant,Irrelevant,Irrelevant,Irrelevant,Irrelevant,Irrelevant,Irrelevant,Irrelevant,Irrelevant,Irrelevant,Irrelevant,Irrelevant,Irrelevant,Irrelevant,Irrelevant
7095,Low Relevance,Irrelevant,Irrelevant,Irrelevant,Irrelevant,Irrelevant,Irrelevant,Irrelevant,Irrelevant,Irrelevant,Irrelevant,Irrelevant,Irrelevant,Irrelevant,Irrelevant,Irrelevant,Irrelevant,Irrelevant,Irrelevant,Irrelevant,Irrelevant,Irrelevant,Irrelevant,Irrelevant,Irrelevant,Irrelevant,Irrelevant,Irrelevant,Irrelevant,Irrelevant
7096,Low Relevance,Irrelevant,Irrelevant,Irrelevant,Irrelevant,Irrelevant,Irrelevant,Irrelevant,Irrelevant,Irrelevant,Irrelevant,Irrelevant,Irrelevant,Irrelevant,Irrelevant,Irrelevant,Irrelevant,Irrelevant,Irrelevant,Irrelevant,Irrelevant,Irrelevant,Irrelevant,Irrelevant,Irrelevant,Irrelevant,Irrelevant,Irrelevant,Irrelevant,Irrelevant
7097,Low Relevance,Irrelevant,Irrelevant,Irrelevant,Irrelevant,Irrelevant,Irrelevant,Irrelevant,Irrelevant,Irrelevant,Irrelevant,Irrelevant,Irrelevant,Irrelevant,Irrelevant,Irrelevant,Irrelevant,Irrelevant,Irrelevant,Irrelevant,Irrelevant,Irrelevant,Irrelevant,Irrelevant,Irrelevant,Irrelevant,Irrelevant,Irrelevant,Irrelevant,Irrelevant
7098,Low Relevance,Irrelevant,Irrelevant,Irrelevant,Irrelevant,Irrelevant,Irrelevant,Irrelevant,Irrelevant,Irrelevant,Irrelevant,Irrelevant,Irrelevant,Irrelevant,Irrelevant,Irrelevant,Irrelevant,Irrelevant,Irrelevant,Irrelevant,Irrelevant,Irrelevant,Irrelevant,Irrelevant,Irrelevant,Irrelevant,Irrelevant,Irrelevant,Irrelevant,Irrelevant
7099,Low Relevance,Irrelevant,Irrelevant,Irrelevant,Irrelevant,Irrelevant,Irrelevant,Irrelevant,Irrelevant,Irrelevant,Irrelevant,Irrelevant,Irrelevant,Irrelevant,Irrelevant,Irrelevant,Irrelevant,Irrelevant,Irrelevant,Irrelevant,Irrelevant,Irrelevant,Irrelevant,Irrelevant,Irrelevant,Irrelevant,Irrelevant,Irrelevant,Irrelevant,Irrelevant
