Unnamed: 0_original,ID_corr,centaur_question_corr_original,answer_corr_original,data_source_corr_original,majority_vote_original,run1_response_original,run2_response_original,run3_response_original,question_options_original,label_1,label_2,label_3,label_4,label_5,label_6,label_7,label_8,label_9,label_10,label_11,label_12,label_13,label_14,label_15,label_16,label_17,label_18,label_19,label_20,label_21,Unnamed: 0_physician,centaur_question_corr_physician,answer_corr_physician,data_source_corr_physician,majority_vote_physician,run1_response_physician,run2_response_physician,run3_response_physician,num_responses,question_options_physician,majority_vote_original_letter,majority_vote_physician_letter,answer_letter,correct_round1,correct_round2
31,ID0054,"1. A 24-year-old woman who worked on a farm in Connecticut developed fever, chills, vomiting, and a truncal maculopapular rash 3 weeks before presentation.
2. One week after symptom onset, she remained febrile (maximum temperature, 39.6°C [103.2°F]) and the rash spread to her palms and soles, with some progression to pustules (Figure, left panel).
3. She developed right knee pain, followed by pain in other joints.
4. Two weeks after symptom onset, she presented to a local emergency department, reporting inability to stand due to severe joint pain.
5. Results of tests for sexually transmitted infections and respiratory viruses were negative.
6. She was presumptively diagnosed with a viral illness and discharged home with supportive care.
7. Approximately 3 weeks after symptom onset, she presented to the emergency department again with persistent fever, worsening arthralgia, back pain, and progressive purpuric and pustular rash.
8. Her vital signs were unremarkable.
9. White blood cell count was 12 100/μL (reference range, 4000/μL-10 000/μL), with 84% neutrophils.
10. Urinalysis results and levels of serum electrolytes and liver enzymes were within normal limits.
11. Gram stain of blood culture is shown in the Figure (right panel).",A,jama,A,A,A,B,"What Would You Do Next?

A: Inquire about rodent and other animal exposures  
B: Obtain joint fluid for bacterial analysis and cultures  
C: Test for Borrelia burgdorferi  
D: Test vesicular fluid for enterovirus",High Relevance,High Relevance,High Relevance,High Relevance,High Relevance,Low Relevance,High Relevance,Irrelevant,Low Relevance,Irrelevant,High Relevance,,,,,,,,,,,31,"['1. A 24-year-old woman who worked on a farm in Connecticut developed fever, chills, vomiting, and a truncal maculopapular rash 3 weeks before presentation.', '2. One week after symptom onset, she remained febrile (maximum temperature, 39.6°C [103.2°F]) and the rash spread to her palms and soles, with some progression to pustules (Figure, left panel).', '3. She developed right knee pain, followed by pain in other joints.', '4. Two weeks after symptom onset, she presented to a local emergency department, reporting inability to stand due to severe joint pain.', '7. Approximately 3 weeks after symptom onset, she presented to the emergency department again with persistent fever, worsening arthralgia, back pain, and progressive purpuric and pustular rash.', '9. White blood cell count was 12\u202f100/μL (reference range, 4000/μL-10\u202f000/μL), with 84% neutrophils.', '11. Gram stain of blood culture is shown in the Figure (right panel).']",A,jama,<answer>Option B</answer>,<answer>Option B</answer>,<answer>Option B</answer>,<answer>Option A</answer>,3,"What Would You Do Next?

A: Inquire about rodent and other animal exposures  
B: Obtain joint fluid for bacterial analysis and cultures  
C: Test for Borrelia burgdorferi  
D: Test vesicular fluid for enterovirus",A,B,A,True,False
82,ID0135,"1. A 31-year-old man presents to the emergency department for fever, malaise, and cough.
2. For the last week, his cough has been progressively worsening, and he has been noticing blood in his sputum.
3. He denies any recent travel or sick contacts and infrequently smokes cigarettes.
4. Approximately 5 weeks ago, he presented with similar symptoms and was found to have a right upper lobe lung infiltrate, a CD4 count of 40/mm^3, and an HIV viral load of 115,000 copies/mL.
5. He was appropriately treated and discharged home.
6. Four weeks after initiation of treatment, his CD4 count was over 400/mm^3 and HIV viral load was negligible.
7. His temperature today is 102°F (38.9°C), blood pressure is 130/90 mmHg, pulse is 100/min, and respirations are 20/min.
8. A radiograph of the chest demonstrates new nodules in the left upper lobe and hilar adenopathy.",A,medbullets,A,A,A,A,"Which of the following is the most appropriate next step in management?

A. Continue current anti-retroviral treatment, antimicrobial, and anti-tuberculoid therapies  
B. Determine drug sensitivities against the patient’s pulmonary infection  
C. Discontinue antimicrobial treatment  
D. Obtain a D-dimer level",Low Relevance,Low Relevance,Irrelevant,High Relevance,Low Relevance,High Relevance,Low Relevance,High Relevance,,,,,,,,,,,,,,82,"['1. A 31-year-old man presents to the emergency department for fever, malaise, and cough.', '2. For the last week, his cough has been progressively worsening, and he has been noticing blood in his sputum.', '3. He denies any recent travel or sick contacts and infrequently smokes cigarettes.', '4. Approximately 5 weeks ago, he presented with similar symptoms and was found to have a right upper lobe lung infiltrate, a CD4 count of 40/mm^3, and an HIV viral load of 115,000 copies/mL.', '5. He was appropriately treated and discharged home.']",A,medbullets,<answer>Option B</answer>,<answer>Option B</answer>,<answer>Option A</answer>,<answer>Option A</answer>,3,"Which of the following is the most appropriate next step in management?

A. Continue current anti-retroviral treatment, antimicrobial, and anti-tuberculoid therapies  
B. Determine drug sensitivities against the patient’s pulmonary infection  
C. Discontinue antimicrobial treatment  
D. Obtain a D-dimer level",A,B,A,True,False
109,ID0172,"1. A man in his 60s with a medical history of hypertension, cerebrovascular accident, colon cancer, and remote cocaine use presented with numerous pruritic crusted papules and nodules on the face and genitals.  
2. The eruption presented abruptly over a 2-week course, and the patient attributed it to contact with plants while working in his yard.  
3. He denied having similar lesions in the past.  
4. He had used over-the-counter topical antibiotic and antihistamine creams, which alleviated the pruritus.  
5. He denied recent sexual intercourse, penile discharge, fevers, chills, nausea, or vomiting.  
6. Physical examination of the bilateral cheeks, glabella, dorsal nose, and chin revealed multiple skin-colored papules, nodules, and vegetative plaques ranging in size from 4 to 6 mm in diameter, with central umbilication, erosions, and overlying yellow crust (Figure, A).  
7. There were similar lesions on the scrotum and inner thighs, with sparing of the penis (Figure, B).  
8. There was also a 1-cm ulceration on the left lower lip.  
9. The palms and soles were spared.  
10. There was no lymphadenopathy noted.  
11. One 4-mm punch biopsy specimen was obtained from a nodule on the left medial cheek, bisectioned, and sent for both hematoxylin–eosin staining and tissue cultures for bacteria, fungi, and atypical mycobacteria (Figure, C and D).  
12. A, Multiple crusted and ulcerative papules and nodules on the face.  
13. B, Multiple ulcerated healing papules on the scrotum and umbilicated papules on the left inner thigh.  
14. C, Low-power image (hematoxylin-eosin, original magnification ×40).  
15. D, A Warthin-Starry silver impregnation stain (original magnification ×40).",D,jama,D,D,D,D,"What Is Your Diagnosis?

A: Atypical mycobacterium infection  
B: Cryptococcal infection  
C: Eruptive keratoacanthomas  
D: Secondary syphilis",High Relevance,Low Relevance,Low Relevance,Irrelevant,Low Relevance,High Relevance,High Relevance,High Relevance,Low Relevance,Low Relevance,Low Relevance,High Relevance,High Relevance,Irrelevant,High Relevance,,,,,,,109,"['1. A man in his 60s with a medical history of hypertension, cerebrovascular accident, colon cancer, and remote cocaine use presented with numerous pruritic crusted papules and nodules on the face and genitals.  ', '2. The eruption presented abruptly over a 2-week course, and the patient attributed it to contact with plants while working in his yard.  ', '5. He denied recent sexual intercourse, penile discharge, fevers, chills, nausea, or vomiting.  ', '6. Physical examination of the bilateral cheeks, glabella, dorsal nose, and chin revealed multiple skin-colored papules, nodules, and vegetative plaques ranging in size from 4 to 6 mm in diameter, with central umbilication, erosions, and overlying yellow crust (Figure, A).  ', '7. There were similar lesions on the scrotum and inner thighs, with sparing of the penis (Figure, B).  ', '8. There was also a 1-cm ulceration on the left lower lip.  ', '10. There was no lymphadenopathy noted.  ', '11. One 4-mm punch biopsy specimen was obtained from a nodule on the left medial cheek, bisectioned, and sent for both hematoxylin–eosin staining and tissue cultures for bacteria, fungi, and atypical mycobacteria (Figure, C and D).  ', '12. A, Multiple crusted and ulcerative papules and nodules on the face.  ', '14. C, Low-power image (hematoxylin-eosin, original magnification ×40).  ']",D,jama,<answer>Option C</answer>,<answer>Option C</answer>,<answer>Option C</answer>,<answer>Option C</answer>,3,"What Is Your Diagnosis?

A: Atypical mycobacterium infection  
B: Cryptococcal infection  
C: Eruptive keratoacanthomas  
D: Secondary syphilis",D,C,D,True,False
130,ID0215,"1. A 29-year-old white woman presented for a second opinion of left eye pain, blurred vision, and photophobia.  
2. Six weeks before, she received eyebrow laser epilation with an 800-nm diode laser (LightSheer; Lumenis).  
3. During the session, the physician assistant removed the metal eye shield for better exposure, immediately after which the patient developed eye pain and blurred vision.  
4. She was initially treated for acute iritis with difluprednate, 4 times daily, which was tapered to once daily, with minimal improvement in her symptoms.  
5. The patient reported a negative review of systems and denied recent travel, trauma, use of antibiotics, or pregnancy.  
6. Her examination was notable for best-corrected visual acuity of 20/20 OU, anterior chamber (AC) pigment and flare in the left eye, and iris irregularities, including decreased iris reactivity, peripupillary transillumination defects (Figure, A), and posterior synechiae.  
7. She had mild intraocular pressure (IOP) asymmetry of 12 mm Hg OD and 17 mm Hg OS.A, An irregular pupil, iris atrophy, and peripupillary transillumination defects are observed.  
8. B, After discontinuation of the cycloplegic agent, posterior concavity of the iris and iris-lens touch consistent with reverse pupillary block are observed.Gonioscopy revealed increased trabecular meshwork pigmentation in the left eye.  
9. Ultrasonographic biomicroscopy and anterior segment optical coherence tomography demonstrated a normal anterior segment in the right eye and posterior bowing of the iris and lens-iris touch (Figure, B) with a normal AC depth in the left eye.  
10. Optical biometry (Lenstar LS 900; Haag-Streit) was unremarkable bilaterally, with normal axial length, AC depth, and lens thickness.Further taper her corticosteroid dosage and start a cycloplegic agent to break posterior synechiaePerform AC paracentesis and send fluid for viral polymerase chain reaction analysis",B,jama,B,B,B,B,"What Would You Do Next?

A: Increase her topical corticosteroid dosage  
B: Further taper her corticosteroid dosage and start a cycloplegic agent to break posterior synechiae  
C: Perform AC paracentesis and send fluid for viral polymerase chain reaction analysis  
D: Perform urgent peripheral iridotomy given IOP asymmetry",Low Relevance,High Relevance,High Relevance,High Relevance,Irrelevant,High Relevance,High Relevance,High Relevance,High Relevance,Irrelevant,,,,,,,,,,,,130,"['1. A 29-year-old white woman presented for a second opinion of left eye pain, blurred vision, and photophobia.  ', '2. Six weeks before, she received eyebrow laser epilation with an 800-nm diode laser (LightSheer; Lumenis).  ', '3. During the session, the physician assistant removed the metal eye shield for better exposure, immediately after which the patient developed eye pain and blurred vision.  ', '4. She was initially treated for acute iritis with difluprednate, 4 times daily, which was tapered to once daily, with minimal improvement in her symptoms.  ', '6. Her examination was notable for best-corrected visual acuity of 20/20 OU, anterior chamber (AC) pigment and flare in the left eye, and iris irregularities, including decreased iris reactivity, peripupillary transillumination defects (Figure, A), and posterior synechiae.  ', '8. B, After discontinuation of the cycloplegic agent, posterior concavity of the iris and iris-lens touch consistent with reverse pupillary block are observed.Gonioscopy revealed increased trabecular meshwork pigmentation in the left eye.  ', '9. Ultrasonographic biomicroscopy and anterior segment optical coherence tomography demonstrated a normal anterior segment in the right eye and posterior bowing of the iris and lens-iris touch (Figure, B) with a normal AC depth in the left eye.  ']",B,jama,<answer>Option D</answer>,<answer>Option D</answer>,<answer>Option D</answer>,<answer>Option D</answer>,3,"What Would You Do Next?

A: Increase her topical corticosteroid dosage  
B: Further taper her corticosteroid dosage and start a cycloplegic agent to break posterior synechiae  
C: Perform AC paracentesis and send fluid for viral polymerase chain reaction analysis  
D: Perform urgent peripheral iridotomy given IOP asymmetry",B,D,B,True,False
145,ID0240,"1. A 61-year-old woman with a history of hypertension presented for evaluation of exertional left calf discomfort.
2. Six months prior to presentation, she developed a dull pain in her left calf while climbing stairs.
3. After climbing 2 flights of stairs, she had to stop and rest for approximately 15 seconds.
4. She reported no pain at rest.
5. The patient’s symptoms worsened and began interfering with her work.
6. On physical examination, her heart rate was 82/min and blood pressure was 140/89 mm Hg.
7. Her lower extremities were warm, with strength for femoral, popliteal, dorsalis pedis, and posterior tibial pulses at 2+ bilaterally.
8. She had no history of spinal degenerative disease and did not have lower extremity arterial bruits, wounds, sensory deficits, edema, or hair loss.
9. Results of an exercise treadmill ankle-brachial index (ABI) test are shown in the Table.",A,jama,A,A,A,A,"What Would You Do Next?

A: Diagnose the patient with peripheral artery disease (PAD) and begin medical management  
B: Order a lower extremity angiogram  
C: Order a lower extremity arterial duplex ultrasound  
D: Reassure the patient that her pain is nonvascular in origin",High Relevance,High Relevance,High Relevance,High Relevance,Low Relevance,Irrelevant,Low Relevance,Low Relevance,High Relevance,,,,,,,,,,,,,145,"['1. A 61-year-old woman with a history of hypertension presented for evaluation of exertional left calf discomfort.', '2. Six months prior to presentation, she developed a dull pain in her left calf while climbing stairs.', '3. After climbing 2 flights of stairs, she had to stop and rest for approximately 15 seconds.', '4. She reported no pain at rest.', '5. The patient’s symptoms worsened and began interfering with her work.', '6. On physical examination, her heart rate was 82/min and blood pressure was 140/89 mm Hg.', '7. Her lower extremities were warm, with strength for femoral, popliteal, dorsalis pedis, and posterior tibial pulses at 2+ bilaterally.']",A,jama,<answer>Option C</answer>,<answer>Option C</answer>,<answer>Option C</answer>,<answer>Option C</answer>,3,"What Would You Do Next?

A: Diagnose the patient with peripheral artery disease (PAD) and begin medical management  
B: Order a lower extremity angiogram  
C: Order a lower extremity arterial duplex ultrasound  
D: Reassure the patient that her pain is nonvascular in origin",A,C,A,True,False
170,ID0284,"1. A 74-year-old woman with a history of hyperlipidemia presents with a 6-month history of activity-induced right-arm pain and achiness accompanied by localized muscle fatigue, which has progressively worsened.
2. She also reports generalized fatigue for the past 4 months.
3. The pain is triggered by activity and resolves with rest.
4. She denies any smoking history.
5. Two weeks ago, she experienced transient vision loss in her right eye and underwent an unremarkable MRI of the brain and ophthalmologic evaluation.
6. On physical examination, her blood pressure is 106/74 mm Hg in the right arm and 132/86 mm Hg in the left arm.
7. A diminished radial pulse is noted in the right arm.
8. Laboratory tests reveal a normal complete blood count and chemistry panel, but her erythrocyte sedimentation rate is elevated at 64 mm/hour (reference range, 1–25).",I,medxpert,I,I,I,I,"What is the most likely diagnosis in this patient?

A. Buerger disease  
B. Atherosclerotic peripheral artery disease  
C. Fibromuscular dysplasia  
D. Polymyalgia rheumatica  
E. Raynaud phenomenon  
F. Subclavian steal syndrome  
G. Thoracic-outlet obstruction  
H. Carotid artery stenosis  
I. Giant-cell arteritis  
J. Takayasu arteritis",High Relevance,Low Relevance,High Relevance,Low Relevance,High Relevance,High Relevance,High Relevance,High Relevance,,,,,,,,,,,,,,170,"['1. A 74-year-old woman with a history of hyperlipidemia presents with a 6-month history of activity-induced right-arm pain and achiness accompanied by localized muscle fatigue, which has progressively worsened.', '3. The pain is triggered by activity and resolves with rest.', '5. Two weeks ago, she experienced transient vision loss in her right eye and underwent an unremarkable MRI of the brain and ophthalmologic evaluation.', '6. On physical examination, her blood pressure is 106/74 mm Hg in the right arm and 132/86 mm Hg in the left arm.', '7. A diminished radial pulse is noted in the right arm.']",I,medxpert,<answer>Option F</answer>,<answer>Option F</answer>,<answer>Option I</answer>,<answer>Option F</answer>,3,"What is the most likely diagnosis in this patient?

A. Buerger disease  
B. Atherosclerotic peripheral artery disease  
C. Fibromuscular dysplasia  
D. Polymyalgia rheumatica  
E. Raynaud phenomenon  
F. Subclavian steal syndrome  
G. Thoracic-outlet obstruction  
H. Carotid artery stenosis  
I. Giant-cell arteritis  
J. Takayasu arteritis",I,F,I,True,False
215,ID0356,"1. A 68-year-old woman with a history of uterine carcinoma (unknown histology) diagnosed and treated 30 years prior with hysterectomy and adjuvant chemotherapy in another country presented with 2 months of generalized abdominal pain and distention.
2. She had no fevers, nausea, vomiting, diarrhea, constipation, blood in the stool, or weight loss.
3. She was not taking any medications.
4. On examination, her temperature was 36.9 °C; heart rate, 72/min; blood pressure, 132/68 mm Hg; and body mass index, 25 (calculated as weight in kilograms divided by height in meters squared).
5. Results of complete blood cell count and serum chemistries were unremarkable, with no leukocytosis and normal differential count.
6. Abdominal examination demonstrated mild distention without fluid wave and mild right lower abdomen and suprapubic tenderness.
7. Computed tomography (Figure 1) and magnetic resonance imaging demonstrated pelvic ascites and an enhancing lesion at the base of the cecum.
8. Two attempts at ultrasound-guided paracentesis were nondiagnostic because of acellular specimens.
9. Serum CA-125 level was normal; carcinoembryonic antigen (CEA) level was 18 ng/mL (reference, <5 ng/mL).",A,jama,A,A,A,A,"What Would You Do Next?

A: Perform laparoscopic appendectomy and peritoneal biopsy  
B: Order repeat image-guided paracentesis/cytology  
C: Order colonoscopy with biopsy  
D: Order broad-spectrum antibiotics to cover gram-negative and anaerobic enteric species",Low Relevance,Low Relevance,Irrelevant,Low Relevance,Low Relevance,Low Relevance,High Relevance,High Relevance,High Relevance,,,,,,,,,,,,,215,"['1. A 68-year-old woman with a history of uterine carcinoma (unknown histology) diagnosed and treated 30 years prior with hysterectomy and adjuvant chemotherapy in another country presented with 2 months of generalized abdominal pain and distention.', '7. Computed tomography (Figure 1) and magnetic resonance imaging demonstrated pelvic ascites and an enhancing lesion at the base of the cecum.']",A,jama,<answer>Option C</answer>,<answer>Option C</answer>,<answer>Option C</answer>,<answer>Option C</answer>,3,"What Would You Do Next?

A: Perform laparoscopic appendectomy and peritoneal biopsy  
B: Order repeat image-guided paracentesis/cytology  
C: Order colonoscopy with biopsy  
D: Order broad-spectrum antibiotics to cover gram-negative and anaerobic enteric species",A,C,A,True,False
229,ID0377,"1. A 19-year-old man presented with recurrent left eye redness and photophobia for the past year.
2. The patient had previously been treated with topical corticosteroid therapy, which provided temporary relief of his symptoms.
3. Visual acuity was 20/20 OU with normal intraocular pressures.
4. The results from the slitlamp examination of the right eye were within normal limits (Figure 1A).
5. Examination results of the left eye demonstrated 2+ diffuse conjunctival hyperemia, 1+ anterior chamber cell, and a vascularized iris infiltrate (Figure 1B).
6. Results of the dilated fundus examination were within normal limits in both eyes.
7. Ultrasound biomicroscopy of the left eye demonstrated areas of ciliary body thickening 360° and a thickened iris pupillary margin superiorly and nasally.
8. A full review of systems was negative for other abnormalities including skin lesions.
9. Test results for tuberculosis and syphilis were negative.",A,jama,A,A,C,A,"What Would You Do Next?

A: Perform biopsy of the iris lesion  
B: Administer subtenon corticosteroid injection  
C: Perform anterior chamber paracentesis for viral polymerase chain reaction  
D: Screen for antinuclear antibody",High Relevance,Low Relevance,High Relevance,Low Relevance,High Relevance,Low Relevance,High Relevance,Low Relevance,High Relevance,,,,,,,,,,,,,229,"['1. A 19-year-old man presented with recurrent left eye redness and photophobia for the past year.', '2. The patient had previously been treated with topical corticosteroid therapy, which provided temporary relief of his symptoms.', '5. Examination results of the left eye demonstrated 2+ diffuse conjunctival hyperemia, 1+ anterior chamber cell, and a vascularized iris infiltrate (Figure 1B).', '7. Ultrasound biomicroscopy of the left eye demonstrated areas of ciliary body thickening 360° and a thickened iris pupillary margin superiorly and nasally.']",A,jama,<answer>Option C</answer>,<answer>Option C</answer>,<answer>Option C</answer>,<answer>Option A</answer>,3,"What Would You Do Next?

A: Perform biopsy of the iris lesion  
B: Administer subtenon corticosteroid injection  
C: Perform anterior chamber paracentesis for viral polymerase chain reaction  
D: Screen for antinuclear antibody",A,C,A,True,False
301,ID0494,"1. A young man in his late teens presented with numerous atrophic papules and plaques on his trunk and extremities that developed gradually over several years.
2. Although most were asymptomatic, the patient was concerned about the ongoing appearance of new lesions and the associated pain that some lesions were causing.
3. His medical history was significant for adenosine deaminase–deficient severe combined immunodeficiency (ADA-SCID), which had been managed since childhood with twice weekly intramuscular injections of pegademase bovine enzyme replacement, thrice weekly trimethoprim-sulfamethoxazole for Pneumocystis prophylaxis, and monthly infusions of intravenous immunoglobulin.
4. Physical examination revealed 9 smooth-surfaced, skin-colored to hyperpigmented, 0.5- to 1.5-cm atrophic papules and plaques that exhibited the buttonhole sign on palpation (Figure, A).
5. The multicentric lesions were located on the left knee, left thigh, bilateral chest, and back.
6. Punch biopsies of lesions on his trunk and extremities were sent for histopathological examination with hematoxylin-eosin (H&E) staining (Figure, B and C), immunohistochemical (IHC) studies, and molecular evaluation with reverse transcription polymerase chain reaction.A, The patient presented with 2 distinct, smooth-surfaced, 0.5- to 1.0-cm atrophic plaques with overlying hyperpigmentation on the left thigh.
7. Both lesions exhibited the buttonhole sign on palpation.
8. B and C, Histopathology shows poorly circumscribed hypercellular proliferation of spindle cells occupying the lower reticular dermis with lacelike infiltration of the subcutaneous fat (hematoxylin-eosin).
9. The somewhat whorled, uniform appearing spindle cells with mildly hyperchromatic, elongated, wavy nuclei surrounded by pale cytoplasm.
10. Mitotic figures and nuclear pleomorphism are uncommon.",C,jama,C,C,A,A,"What Is Your Diagnosis?

A: Neurofibroma  
B: Anetoderma  
C: Dermatofibrosarcoma protuberans, atrophic variant  
D: Medallionlike dermal dendrocyte hamartoma",Low Relevance,Low Relevance,Irrelevant,High Relevance,Low Relevance,Low Relevance,High Relevance,High Relevance,High Relevance,High Relevance,,,,,,,,,,,,301,"['1. A young man in his late teens presented with numerous atrophic papules and plaques on his trunk and extremities that developed gradually over several years.', '3. His medical history was significant for adenosine deaminase–deficient severe combined immunodeficiency (ADA-SCID), which had been managed since childhood with twice weekly intramuscular injections of pegademase bovine enzyme replacement, thrice weekly trimethoprim-sulfamethoxazole for Pneumocystis prophylaxis, and monthly infusions of intravenous immunoglobulin.', '4. Physical examination revealed 9 smooth-surfaced, skin-colored to hyperpigmented, 0.5- to 1.5-cm atrophic papules and plaques that exhibited the buttonhole sign on palpation (Figure, A).', '5. The multicentric lesions were located on the left knee, left thigh, bilateral chest, and back.', '6. Punch biopsies of lesions on his trunk and extremities were sent for histopathological examination with hematoxylin-eosin (H&E) staining (Figure, B and C), immunohistochemical (IHC) studies, and molecular evaluation with reverse transcription polymerase chain reaction.A, The patient presented with 2 distinct, smooth-surfaced, 0.5- to 1.0-cm atrophic plaques with overlying hyperpigmentation on the left thigh.', '7. Both lesions exhibited the buttonhole sign on palpation.', '9. The somewhat whorled, uniform appearing spindle cells with mildly hyperchromatic, elongated, wavy nuclei surrounded by pale cytoplasm.', '10. Mitotic figures and nuclear pleomorphism are uncommon.']",C,jama,<answer>Option A</answer>,<answer>Option A</answer>,<answer>Option A</answer>,<answer>Option A</answer>,3,"What Is Your Diagnosis?

A: Neurofibroma  
B: Anetoderma  
C: Dermatofibrosarcoma protuberans, atrophic variant  
D: Medallionlike dermal dendrocyte hamartoma",C,A,C,True,False
337,ID0551,"1. A 32-year-old male with a history of end-stage liver disease secondary to alcoholic cirrhosis was transferred to our hospital with a 2-week history of a skin rash that developed at an outside facility where he was being treated for hepatic encephalopathy.
2. He reported that the lesions began on his face, then spread to his thighs and were mildly pruritic.
3. He did not have any other involvement and was in no pain.
4. On physical exam, multiple 1 to 3 cm purple papules with central black and hemorrhagic crusting were noted on his forehead, bilateral cheeks, and anterior thighs (Figure 1, A and B).
5. On his left flank, he had a large polycyclic, atrophic hyperpigmented plaque with a slightly erythematous and scaly border (Figure 1C).
6. The scalp, oral mucosa, back, chest, abdomen, arms, palms and soles were all spared.
7. Multiple toenails were noted to be dystrophic with hyperkeratotic subungual debris.
8. Over the next few days, the crusted papules and nodules eroded leaving smooth erythematous plaques with punched-out centers.
9. Testing for the human immunodeficiency virus (HIV) and hepatitis was negative.
10. Punch biopsy specimens from the left anterior thigh were taken for histopathologic analysis and fungal, bacterial, and atypical mycobacterial tissue cultures.
11. A skin culture was obtained of the polycyclic plaque on his left flank.",B,jama,B,B,C,C,"What Is Your Diagnosis?

A: Kaposi sarcoma  
B: Disseminated tinea infection  
C: Bacillary angiomatosis  
D: Leukemia cutis",Low Relevance,Low Relevance,Low Relevance,High Relevance,High Relevance,Low Relevance,Low Relevance,High Relevance,High Relevance,Low Relevance,Low Relevance,,,,,,,,,,,337,"['1. A 32-year-old male with a history of end-stage liver disease secondary to alcoholic cirrhosis was transferred to our hospital with a 2-week history of a skin rash that developed at an outside facility where he was being treated for hepatic encephalopathy.', '4. On physical exam, multiple 1 to 3 cm purple papules with central black and hemorrhagic crusting were noted on his forehead, bilateral cheeks, and anterior thighs (Figure 1, A and B).', '5. On his left flank, he had a large polycyclic, atrophic hyperpigmented plaque with a slightly erythematous and scaly border (Figure 1C).', '7. Multiple toenails were noted to be dystrophic with hyperkeratotic subungual debris.', '8. Over the next few days, the crusted papules and nodules eroded leaving smooth erythematous plaques with punched-out centers.']",B,jama,<answer>Option C</answer>,<answer>Option C</answer>,<answer>Option [B]</answer>,<answer>Option B</answer>,2,"What Is Your Diagnosis?

A: Kaposi sarcoma  
B: Disseminated tinea infection  
C: Bacillary angiomatosis  
D: Leukemia cutis",B,C,B,True,False
346,ID0567,"1. A 65-year-old male patient seeks medical attention for episodes of retrosternal pain and dyspnea occurring over the past 10 days.
2. These symptoms manifest during stair climbing or brisk treadmill walking and subside with rest.
3. The previous night, he experienced dizziness and weakness during one such episode.
4. He reports having had a cold 2 weeks prior.
5. His medical history includes type 2 diabetes mellitus diagnosed 4 years ago, managed with glyburide.
6. Physical examination reveals a well-appearing patient with a weak pulse of 62/min, respiratory rate of 20/min, and blood pressure of 134/90 mm Hg.
7. A late systolic ejection murmur is detected at the second right intercostal space during cardiovascular examination.
8. Lung auscultation is normal.",C,medxpert,C,C,D,D,"What is the most likely pathophysiologic mechanism causing this patient's clinical presentation?

A. Microvascular dysfunction  
B. Impaired diastolic relaxation  
C. Increased left ventricular oxygen demand  
D. Left ventricular outflow tract obstruction  
E. Narrowing of the coronary arterial lumen  
F. Endothelial dysfunction due to diabetes  
G. Decreased coronary perfusion pressure  
H. Coronary artery vasospasm  
I. Autonomic dysfunction affecting coronary blood flow  
J. Lymphocytic infiltration of the myocardium",High Relevance,High Relevance,High Relevance,Irrelevant,Low Relevance,High Relevance,High Relevance,Low Relevance,,,,,,,,,,,,,,346,"['1. A 65-year-old male patient seeks medical attention for episodes of retrosternal pain and dyspnea occurring over the past 10 days.', '2. These symptoms manifest during stair climbing or brisk treadmill walking and subside with rest.', '6. Physical examination reveals a well-appearing patient with a weak pulse of 62/min, respiratory rate of 20/min, and blood pressure of 134/90 mm Hg.', '7. A late systolic ejection murmur is detected at the second right intercostal space during cardiovascular examination.']",C,medxpert,<answer>Option D</answer>,<answer>Option [C]</answer>,<answer>Option D</answer>,<answer>Option C</answer>,2,"What is the most likely pathophysiologic mechanism causing this patient's clinical presentation?

A. Microvascular dysfunction  
B. Impaired diastolic relaxation  
C. Increased left ventricular oxygen demand  
D. Left ventricular outflow tract obstruction  
E. Narrowing of the coronary arterial lumen  
F. Endothelial dysfunction due to diabetes  
G. Decreased coronary perfusion pressure  
H. Coronary artery vasospasm  
I. Autonomic dysfunction affecting coronary blood flow  
J. Lymphocytic infiltration of the myocardium",C,D,C,True,False
400,ID0647,"1. A 19-day-old Japanese male infant presented with a 12-day history of fevers and facial rash.  
2. He was born by spontaneous vaginal delivery at 36 weeks’ gestational age with a birthweight of 3048 g (6.7 lb) with Apgar scores of 9 and 10.  
3. There were no complications during the prenatal and perinatal periods.  
4. His mother had no history of ringworm infection, positive IgG antibodies against rubella virus and herpes zoster virus, and serology findings negative for human immunodeficiency virus, hepatitis B virus, and syphilis.  
5. His family history was unremarkable.  
6. On examination, he had a temperature of 38.0°C, a heart rate of 150/min, and a respiratory rate of 60/min.  
7. Slightly scaly annular erythematous plaques with central atrophy and raised margins were present on the forehead and periorbital areas (Figure).  
8. The remainder of the physical examination was unremarkable.  
9. Laboratory investigation showed a white blood cell count of 10.5 ×103/µL (reference range, 4.8-18.5 ×103/μL); hemoglobin level, 7.2 g/dL (8.7-13.5 g/dL); platelet count, 47 × 104/µL (28-91 ×104/μL); aspartate aminotransferase level, 23 IU/L (20-62 IU/L); alanine aminotransferase level, 9 IU/L (11-45 IU/L); serum creatinine level, 0.27 mg/dL (0.12-0.27 mg/dL); uric acid level, 2.6 mg/dL (1.8-5.3 mg/dL); and C-reactive protein level, 6.94 mg/dL (<0.30 mg/dL).  
10. Scattered annular erythematous plaques with central atrophy and raised margin on the forehead and periorbital areas of patient.  
11. Provide education on proper facial cleansing and moisturizing.  
12. Order antinuclear antibody, anti-Ro/SS-A, and anti-La/SS-B antibody testing for both the infant and his mother.  
13. Order a serologic test for syphilis for the infant.",C,jama,C,C,C,C,"What Would You Do Next?

A: Provide education on proper facial cleansing and moisturizing  
B: Administer topical antifungals  
C: Order antinuclear antibody, anti-Ro/SS-A, and anti-La/SS-B antibody testing for both the infant and his mother  
D: Order a serologic test for syphilis for the infant",High Relevance,Low Relevance,Low Relevance,High Relevance,Low Relevance,High Relevance,High Relevance,Low Relevance,High Relevance,High Relevance,Irrelevant,Irrelevant,Irrelevant,,,,,,,,,400,"['1. A 19-day-old Japanese male infant presented with a 12-day history of fevers and facial rash.  ', '6. On examination, he had a temperature of 38.0°C, a heart rate of 150/min, and a respiratory rate of 60/min.  ']",C,jama,<answer>Option D</answer>,<answer>Option D</answer>,<answer>Option C</answer>,<answer>Option C</answer>,3,"What Would You Do Next?

A: Provide education on proper facial cleansing and moisturizing  
B: Administer topical antifungals  
C: Order antinuclear antibody, anti-Ro/SS-A, and anti-La/SS-B antibody testing for both the infant and his mother  
D: Order a serologic test for syphilis for the infant",C,D,C,True,False
419,ID0672,"1. An 8-year-old boy was seen by friends falling into a warm lake during the summer.
2. He was pulled out 6 minutes later by nearby adults, who contacted emergency medical services (EMS).
3. Upon EMS arrival, the boy was unresponsive and pulseless.
4. He underwent cardiopulmonary resuscitation, oral intubation, and intraosseous needle placement.
5. Epinephrine was administered via the endotracheal tube and intraosseous infusion, followed by a 20 mL/kg fluid bolus through intraosseous infusion.
6. After 15 minutes, spontaneous circulation returned.",G,medxpert,G,G,G,E,"Which factor from this patient’s history and clinical presentation is most strongly associated with a poor prognosis?

A. Partial pressure of oxygen of 40 mm Hg  
B. Severe metabolic acidosis with lactate of 7 mmol/L  
D. Delayed initiation of advanced life support  
E. Warm water submersion  
F. Intubation during resuscitation efforts  
G. Submersion time of 6 minutes  
H. Cardiopulmonary resuscitation lasting 15 minutes  
I. Hypoxemia with oxygen saturation below reference range  
J. Initial arterial pH of 7.22",High Relevance,High Relevance,Low Relevance,Low Relevance,Irrelevant,Low Relevance,,,,,,,,,,,,,,,,419,"['1. An 8-year-old boy was seen by friends falling into a warm lake during the summer.', '2. He was pulled out 6 minutes later by nearby adults, who contacted emergency medical services (EMS).', '3. Upon EMS arrival, the boy was unresponsive and pulseless.']",G,medxpert,<answer>Option H</answer>,<answer>Option H</answer>,<answer>Option G</answer>,<answer>Option G</answer>,3,"Which factor from this patient’s history and clinical presentation is most strongly associated with a poor prognosis?

A. Partial pressure of oxygen of 40 mm Hg  
B. Severe metabolic acidosis with lactate of 7 mmol/L  
D. Delayed initiation of advanced life support  
E. Warm water submersion  
F. Intubation during resuscitation efforts  
G. Submersion time of 6 minutes  
H. Cardiopulmonary resuscitation lasting 15 minutes  
I. Hypoxemia with oxygen saturation below reference range  
J. Initial arterial pH of 7.22",G,H,G,True,False
420,ID0673,"1. A 55-year-old man presents to the emergency department with nausea and vomiting for the past week.
2. He decided to come in when his symptoms worsened.
3. He feels that his symptoms are exacerbated with large fatty meals and when he drinks alcohol.
4. His wife recently returned from a cruise with symptoms of vomiting and diarrhea.
5. The patient has a medical history of poorly managed diabetes, constipation, anxiety, dyslipidemia, and hypertension.
6. His temperature is 99.5°F (37.5°C), blood pressure is 197/128 mmHg, pulse is 100/min, respirations are 17/min, and oxygen saturation is 95% on room air.
7. Physical exam reveals a systolic murmur heard loudest along the left upper sternal border.
8. Abdominal exam reveals an obese, tympanitic and distended abdomen with a 3 cm scar in the right lower quadrant.
9. Vascular exam reveals weak pulses in the lower extremities.",A,medbullets,A,A,B,B,"Which of the following is the most likely underlying etiology of this patient's symptoms?

A. Adhesions  
B. Enteric nervous system damage  
C. Impacted stool  
D. Twisting of the bowel",High Relevance,Low Relevance,High Relevance,Irrelevant,High Relevance,Low Relevance,Irrelevant,High Relevance,Low Relevance,,,,,,,,,,,,,420,"['1. A 55-year-old man presents to the emergency department with nausea and vomiting for the past week.', '3. He feels that his symptoms are exacerbated with large fatty meals and when he drinks alcohol.', '5. The patient has a medical history of poorly managed diabetes, constipation, anxiety, dyslipidemia, and hypertension.', '6. His temperature is 99.5°F (37.5°C), blood pressure is 197/128 mmHg, pulse is 100/min, respirations are 17/min, and oxygen saturation is 95% on room air.', '7. Physical exam reveals a systolic murmur heard loudest along the left upper sternal border.', '8. Abdominal exam reveals an obese, tympanitic and distended abdomen with a 3 cm scar in the right lower quadrant.', '9. Vascular exam reveals weak pulses in the lower extremities.']",A,medbullets,<answer>Option B</answer>,<answer>Option B</answer>,<answer>Option B</answer>,<answer>Option B</answer>,3,"Which of the following is the most likely underlying etiology of this patient's symptoms?

A. Adhesions  
B. Enteric nervous system damage  
C. Impacted stool  
D. Twisting of the bowel",A,B,A,True,False
451,ID0721,"1. A healthy white man in his late 70s was referred to the retina clinic for evaluation of nerve fiber layer infarcts (cotton-wool spots).  
2. He had been experiencing nonprogressive diminished vision in his left eye for 6 weeks.  
3. He denied any history of diabetes or past ocular problems and reported having mild hypertension for which he was taking lisinopril.  
4. Review of systems was positive for fatigue of his tongue while eating but he denied any jaw claudication, fevers, malaise, joint pain, or weight loss.  
5. His best-corrected visual acuity was 20/25 OD and 20/30 OS.  
6. Pupillary and anterior segment examination in both eyes were unremarkable with the exception of bilateral nuclear sclerotic cataracts.  
7. Dilated fundus examination of the right eye showed a nerve fiber layer infarct (NFLI) inferior to the optic nerve (Figure 1A).  
8. In the left eye, there were several scattered NFLIs in the peripapillary region (Figure 1B).  
9. Fluorescein angiography (FA) showed relatively normal flow without evidence of occlusion or vasculitis.  
10. An extensive inflammatory and infectious laboratory workup revealed a hemoglobin level of 12.6 g/dL and elevated erythrocyte sedimentation rate and C-reactive protein level of 54 mm/h and 6.16 mg/L, respectively (to convert hemoglobin to grams per liter, multiply by 10, and C-reactive protein to nanomoles per liter, multiply by 9.524).  
11. Antinuclear antibody testing was positive (1:80 with homogenous pattern).  
12. Further workup including human immunodeficiency virus testing was nonrevealing.Fundus photographs of the right and left eye demonstrating nerve fiber layer infarcts in the peripapillary region.  
13. Media clarity is affected by nuclear sclerotic cataracts in both eyes.",A,jama,A,A,A,A,"What Would You Do Next?  
A: Proceed with temporal artery biopsy  
B: Refer patient to primary care physician for management of his hypertension  
C: Refer for rheumatologic workup  
D: Observe and reevaluate in 2 months",High Relevance,Low Relevance,Low Relevance,High Relevance,Low Relevance,Irrelevant,High Relevance,High Relevance,Low Relevance,High Relevance,Irrelevant,Irrelevant,Irrelevant,,,,,,,,,451,"['1. A healthy white man in his late 70s was referred to the retina clinic for evaluation of nerve fiber layer infarcts (cotton-wool spots).  ', '2. He had been experiencing nonprogressive diminished vision in his left eye for 6 weeks.  ', '6. Pupillary and anterior segment examination in both eyes were unremarkable with the exception of bilateral nuclear sclerotic cataracts.  ', '7. Dilated fundus examination of the right eye showed a nerve fiber layer infarct (NFLI) inferior to the optic nerve (Figure 1A).  ', '8. In the left eye, there were several scattered NFLIs in the peripapillary region (Figure 1B).  ', '10. An extensive inflammatory and infectious laboratory workup revealed a hemoglobin level of 12.6 g/dL and elevated erythrocyte sedimentation rate and C-reactive protein level of 54 mm/h and 6.16 mg/L, respectively (to convert hemoglobin to grams per liter, multiply by 10, and C-reactive protein to nanomoles per liter, multiply by 9.524).  ', '11. Antinuclear antibody testing was positive (1:80 with homogenous pattern).  ', '13. Media clarity is affected by nuclear sclerotic cataracts in both eyes.']",A,jama,<answer>Option D</answer>,<answer>Option D</answer>,<answer>Option B</answer>,<answer>Option B</answer>,3,"What Would You Do Next?  
A: Proceed with temporal artery biopsy  
B: Refer patient to primary care physician for management of his hypertension  
C: Refer for rheumatologic workup  
D: Observe and reevaluate in 2 months",A,D,A,True,False
470,ID0754,"1. A young man presented for a second opinion regarding acquired color blindness and visual loss.  
2. He was recently hospitalized for confusion, short-term memory loss, vomiting, and diarrhea.  
3. He also experienced hair loss (Figure 1), a facial rash, hoarseness, and painful peripheral neuropathy in his feet.  
4. His blood pressure on admission was 150/102 mm Hg, his pulse was 118 beats/min, and ophthalmic examination findings demonstrated decreased visual acuity and dyschromatopsia.  
5. He reported difficulty opening his eyelids during hospitalization but denied any history of diplopia.  
6. Results of a complete blood cell count, comprehensive metabolic panel, and erythrocyte sedimentation rate were within reference limits, and computed tomography of the head without contrast showed no abnormalities.  
7. A lumbar puncture showed normal opening pressure with a mildly elevated protein level in the cerebrospinal fluid.  
8. Alopecia was noted in our patient in addition to temporal thinning of the lateral half of the eyebrows.  
9. On our examination, best-corrected visual acuity was 20/70 OU.  
10. Extraocular motility was full in both eyes, and confrontational visual field test findings were full in all quadrants.  
11. The patient missed 4 color plates on Ishihara pseudoisochromatic testing.  
12. The slitlamp examination revealed an unremarkable anterior segment, and results of dilated ophthalmoscopy showed temporal optic nerve pallor in both eyes.  
13. The macula, vessels, and retinal periphery were unremarkable on examination.  
14. Automated perimetry showed bilateral central scotomas, and results of a multifocal electroretinogram were normal.",B,jama,B,B,B,B,"What Would You Do Next?

A: Test for mitochondrial optic neuropathies  
B: Check blood and urine for heavy metals  
C: Check vitamin B12 levels and ask about smoking history  
D: Rule out an underlying neoplastic process",High Relevance,High Relevance,High Relevance,High Relevance,Low Relevance,Low Relevance,Low Relevance,High Relevance,High Relevance,Irrelevant,High Relevance,High Relevance,Low Relevance,High Relevance,,,,,,,,470,"['1. A young man presented for a second opinion regarding acquired color blindness and visual loss.  ', '4. His blood pressure on admission was 150/102 mm Hg, his pulse was 118 beats/min, and ophthalmic examination findings demonstrated decreased visual acuity and dyschromatopsia.  ', '5. He reported difficulty opening his eyelids during hospitalization but denied any history of diplopia.  ', '7. A lumbar puncture showed normal opening pressure with a mildly elevated protein level in the cerebrospinal fluid.  ', '11. The patient missed 4 color plates on Ishihara pseudoisochromatic testing.  ', '12. The slitlamp examination revealed an unremarkable anterior segment, and results of dilated ophthalmoscopy showed temporal optic nerve pallor in both eyes.  ', '14. Automated perimetry showed bilateral central scotomas, and results of a multifocal electroretinogram were normal.']",B,jama,<answer>Option C</answer>,<answer>Option C</answer>,<answer>Option C</answer>,<answer>Option C</answer>,3,"What Would You Do Next?

A: Test for mitochondrial optic neuropathies  
B: Check blood and urine for heavy metals  
C: Check vitamin B12 levels and ask about smoking history  
D: Rule out an underlying neoplastic process",B,C,B,True,False
472,ID0757,"1. A 22-year-old woman comes to the office because of a 3-day history of cold symptoms and a 1-week history of progressive fatigue.
2. Six weeks ago, she received a kidney transplant from a living, related donor.
3. Immediately after the operation, she received monoclonal anti-CD3 therapy.
4. Current medications are azathioprine, cyclosporine, and prednisone.
5. Her temperature is 39°C (102.2°F).
6. Physical examination shows a well-healed surgical scar.
7. Serum studies show that her urea nitrogen and creatinine concentrations have tripled.
8. A diagnosis of allograft rejection is suspected.",B,mmlu,B,B,C,C,"In addition, this patient's clinical presentation is best explained by an infection with which of the following agents?

A. Adenovirus

B. BK virus

C. Epstein-Barr virus

D. Herpes simplex virus",High Relevance,High Relevance,High Relevance,Low Relevance,High Relevance,Irrelevant,High Relevance,Low Relevance,,,,,,,,,,,,,,472,"['1. A 22-year-old woman comes to the office because of a 3-day history of cold symptoms and a 1-week history of progressive fatigue.', '3. Immediately after the operation, she received monoclonal anti-CD3 therapy.', '4. Current medications are azathioprine, cyclosporine, and prednisone.', '5. Her temperature is 39°C (102.2°F).']",B,mmlu,<answer>Option C</answer>,<answer>Option C</answer>,<answer>Option C</answer>,<answer>Option C</answer>,3,"In addition, this patient's clinical presentation is best explained by an infection with which of the following agents?

A. Adenovirus

B. BK virus

C. Epstein-Barr virus

D. Herpes simplex virus",B,C,B,True,False
488,ID0780,"1. A 70-year old man with a history of soft contact lens wear presented for a general eye examination.
2. Visual acuity was 20/20 OU with normal intraocular pressure.
3. Several giant follicles were noted on the right inferior palpebral conjunctiva, and a few smaller follicles were noted in the left inferior fornix.
4. Papillae were also noted bilaterally on the superior palpebral conjunctiva.
5. He did not report any redness or discharge but did note mildly increased irritation mainly from soft contact lens wear.
6. He had endorsed proper contact lens care and hygiene.
7. He also noted an upper respiratory tract illness 4 weeks before presentation.
8. Initially, he received a giant papillary conjunctivitis diagnosis because of soft contact lens intolerance and a recommendation to take a contact lens break.
9. Because of the papillary reaction, prednisolone acetate, 1%, twice a day for 2 weeks was prescribed.
10. After 3 months, the symptoms had improved in the left eye, but conjunctival follicles were still present in the right inferior palpebral conjunctiva (Figure 1).
11. The patient subsequently underwent testing for chlamydia and gonorrhea, and the result was negative.
12. At the 1-year follow-up, the examination findings were unchanged.
13. During this follow-up, Lyme disease and Epstein-Barr virus serologic tests were performed in addition to repeated chlamydia testing.
14. The results were negative, except for a positive Epstein-Barr virus IgG.
15. Slitlamp photograph showing prominent large follicles (arrowhead) in the right inferior palpebral conjunctiva.",C,jama,C,C,C,D,"What Would You Do Next?

A: Start an empirical trial of oral azithromycin  
B: Start a longer trial of topical steroid with topical antihistamine  
C: Proceed with conjunctival biopsy  
D: Order chest radiography and an angiotensin-converting enzyme serum level test",Low Relevance,Irrelevant,High Relevance,Low Relevance,Low Relevance,Irrelevant,Low Relevance,Low Relevance,Low Relevance,High Relevance,High Relevance,High Relevance,Low Relevance,High Relevance,High Relevance,,,,,,,488,"['9. Because of the papillary reaction, prednisolone acetate, 1%, twice a day for 2 weeks was prescribed.', '10. After 3 months, the symptoms had improved in the left eye, but conjunctival follicles were still present in the right inferior palpebral conjunctiva (Figure 1).', '11. The patient subsequently underwent testing for chlamydia and gonorrhea, and the result was negative.', '12. At the 1-year follow-up, the examination findings were unchanged.', '14. The results were negative, except for a positive Epstein-Barr virus IgG.', '15. Slitlamp photograph showing prominent large follicles (arrowhead) in the right inferior palpebral conjunctiva.']",C,jama,<answer>Option A</answer>,<answer>Option A</answer>,<answer>Option A</answer>,<answer>Option C</answer>,3,"What Would You Do Next?

A: Start an empirical trial of oral azithromycin  
B: Start a longer trial of topical steroid with topical antihistamine  
C: Proceed with conjunctival biopsy  
D: Order chest radiography and an angiotensin-converting enzyme serum level test",C,A,C,True,False
513,ID0815,"1. A 28-year-old nulliparous woman presents with amenorrhea for 2 months following discontinuation of oral contraceptive pills.  
2. She had her menarche at age 13 and maintained regular 28-30 day menstrual cycles until starting oral contraceptives at age 24.  
3. She stopped contraception 2 months ago while trying to conceive.  
4. Multiple home pregnancy tests have been negative.  
5. The patient denies any history of STIs, vaginal bleeding, discharge, spotting, or vasomotor symptoms.  
6. Physical examination reveals a BMI of 26 (height 165 cm, weight 72 kg) and facial acne.  
7. There is no evidence of acanthosis nigricans, skin tags, galactorrhea, or hirsutism.  
8. The remainder of her examination is unremarkable.  
9. An in-office qualitative urine pregnancy test is negative.",I,medxpert,I,I,I,B,"What is the most appropriate next step in evaluating this patient's condition?

A. Begin clomiphene citrate therapy  
B. Measure her serum human chorionic gonadotropin level  
C. Measure serum testosterone and DHEA-S levels  
D. Perform transvaginal ultrasound to evaluate ovarian structure  
E. Perform endometrial biopsy  
F. Order pelvic MRI to evaluate hypothalamic-pituitary anatomy  
G. Order thyroid function tests and prolactin level  
H. Measure her follicle-stimulating hormone and estradiol levels  
I. Continue to monitor her for one more month  
J. Start progesterone challenge test",High Relevance,High Relevance,High Relevance,High Relevance,Low Relevance,Low Relevance,Low Relevance,Low Relevance,High Relevance,,,,,,,,,,,,,513,['1. A 28-year-old nulliparous woman presents with amenorrhea for 2 months following discontinuation of oral contraceptive pills.  '],I,medxpert,<answer>Option B</answer>,<answer>Option B</answer>,<answer>Option B</answer>,<answer>Option B</answer>,3,"What is the most appropriate next step in evaluating this patient's condition?

A. Begin clomiphene citrate therapy  
B. Measure her serum human chorionic gonadotropin level  
C. Measure serum testosterone and DHEA-S levels  
D. Perform transvaginal ultrasound to evaluate ovarian structure  
E. Perform endometrial biopsy  
F. Order pelvic MRI to evaluate hypothalamic-pituitary anatomy  
G. Order thyroid function tests and prolactin level  
H. Measure her follicle-stimulating hormone and estradiol levels  
I. Continue to monitor her for one more month  
J. Start progesterone challenge test",I,B,I,True,False
517,ID0824,"1. A 38-year-old man presents to the emergency department with nasal congestion, blurry vision, and diplopia.
2. His nasal congestion started about 1 week ago and he noticed the blurry vision this morning when he struggled to read the words on his television screen.
3. His medical history is significant for IV drug use, HIV (CD4: 47/mm^3), hypertension, hyperlipidemia, diabetes mellitus, and seasonal allergies.
4. His home medications include hydrochlorothiazide, atorvastatin, metformin, cetirizine, darunavir, tenofovir, and emtricitabine.
5. He denies recent IV drug use.
6. His temperature is 100.8°F (38.2°C), blood pressure is 127/85 mmHg, pulse is 78/min, and respirations are 12/min.
7. He has injected conjunctiva and rhinorrhea.
8. His cranial nerves are intact, and his motor and sensory neurologic exam is normal.
9. A MRI of the brain is performed and can be seen in Figure A.",A,medbullets,A,A,A,A,"Which of the following is the most appropriate next step in management?

A. Empiric treatment with pyrimethamine-sulfadiazine  
B. Lumbar puncture  
C. Brain biopsy  
D. Empiric treatment with dexamethasone",Low Relevance,Low Relevance,High Relevance,Low Relevance,Irrelevant,Low Relevance,Irrelevant,Low Relevance,High Relevance,,,,,,,,,,,,,517,"['1. A 38-year-old man presents to the emergency department with nasal congestion, blurry vision, and diplopia.', '3. His medical history is significant for IV drug use, HIV (CD4: 47/mm^3), hypertension, hyperlipidemia, diabetes mellitus, and seasonal allergies.']",A,medbullets,<answer>Option B</answer>,<answer>Option B</answer>,<answer>Option B</answer>,<answer>Option A</answer>,3,"Which of the following is the most appropriate next step in management?

A. Empiric treatment with pyrimethamine-sulfadiazine  
B. Lumbar puncture  
C. Brain biopsy  
D. Empiric treatment with dexamethasone",A,B,A,True,False
533,ID0843,"1. A 47-year-old man presents with fatigue and reduced libido.
2. Over the past year, he has experienced a decline in sexual interest, infrequent morning erections, and only mild erections during masturbation.
3. He occasionally has morning headaches.
4. He reports no loss of axillary or pubic hair, no history of testicular trauma, and no mumps infection.
5. Puberty occurred normally.
6. He is divorced and has two healthy children, ages 15 and 17.
7. His BMI is 38.
8. Physical examination reveals normal axillary and pubic hair.
9. Both testicles measure approximately 10 cc (reference range: 15–25).
10. Visual field testing is normal.",B,medxpert,B,B,B,B,"Which of the following diagnostic tests is most likely to confirm the cause of this patient’s symptoms?

A. Karyotype analysis  
B. Sleep study  
C. Semen analysis  
D. Abdominal ultrasound  
E. Serum cortisol measurement  
F. MRI of the pituitary  
G. Bone density scan  
H. Genetic testing for Klinefelter syndrome  
I. Dynamic pituitary hormone testing  
J. Testicular ultrasound",High Relevance,High Relevance,High Relevance,Low Relevance,Low Relevance,High Relevance,High Relevance,Low Relevance,Low Relevance,Low Relevance,,,,,,,,,,,,533,"['1. A 47-year-old man presents with fatigue and reduced libido.', '2. Over the past year, he has experienced a decline in sexual interest, infrequent morning erections, and only mild erections during masturbation.', '3. He occasionally has morning headaches.', '7. His BMI is 38.', '9. Both testicles measure approximately 10 cc (reference range: 15–25).']",B,medxpert,<answer>Option A</answer>,<answer>Option A</answer>,<answer>Option B</answer>,<answer>Option B</answer>,3,"Which of the following diagnostic tests is most likely to confirm the cause of this patient’s symptoms?

A. Karyotype analysis  
B. Sleep study  
C. Semen analysis  
D. Abdominal ultrasound  
E. Serum cortisol measurement  
F. MRI of the pituitary  
G. Bone density scan  
H. Genetic testing for Klinefelter syndrome  
I. Dynamic pituitary hormone testing  
J. Testicular ultrasound",B,A,B,True,False
557,ID0876,"1. A 30-year-old man was referred with progressive quadriplegia for 2 months.
2. The muscle weakness started from the right lower limb and gradually spread to the upper limb and contralateral side.
3. Urinary retention developed 1 month later.
4. Because he was suspected of having tubercular meningomyelitis, he received an antituberculosis regimen plus dexamethasone (10 mg daily) for 10 days.
5. The symptoms ameliorated in the first week but thereafter deteriorated with fever.
6. He had no history of central nervous system injury or drug overuse.
7. He was a construction supervisor and had daily contact with moist earth.
8. No relevant family history was reported.
9. On physical examination, he was alert and well oriented.
10. The cranial nerve was intact, but he had quadriplegia with a Medical Research Council muscle scale grade of 0 of 5 power, decreased tendon reflexes, and bilateral positive Babinski sign.
11. Pinprick and vibration sensation were markedly impaired below the nipples.
12. Multiple enlarged cervical lymph nodes could be palpitated.
13. The skin was extraordinarily dry, and a pigmentation of 10 mm in diameter at the T2 vertebrae, just on the midline of the back, was noticed.
14. Total blood T-cell count (CD3+) was 1643/uL (to convert to ×109 per liter, multiply by 0.001), and the patient had a CD4+/CD8+ ratio of 0.89.
15. Results of blood testing for human immunodeficiency virus, syphilis, and tuberculosis were negative.
16. Cerebrospinal fluid testing revealed pleocytosis (72 cells/uL; mononuclear cells, 59 of 72), elevated protein concentration (200 mg/dL), and a decreased glucose level (36.0 mg/dL [to convert to millimoles per liter, multiply by 0.0555]), but no organisms were identified on Gram stain or on stain for acid-fast bacilli.
17. Pulmonary computed tomography showed enlarged lymph nodes in mediastinum and axillary regions.
18. Results from magnetic resonance imaging of the brain were normal, while magnetic resonance imaging of the cervical spine revealed multiple intramedullary lesions with enhancement (Figure 1).Magnetic resonance imaging of the cervical spine.
19. Multiple intramedullary lesions and enlarged lymph nodes with strong enhancement were revealed.
20. A, Lateral view of the cervical cord.
21. The subcutaneous abscess beneath the pigmentation on the back is also shown.
22. Inset, photograph of the skin lesion on the back.
23. B, Coronal view of the cervical cord.",B,jama,B,B,B,B,"What Is Your Diagnosis?

A: Tubercular meningomyelitis  
B: Mycotic meningomyelitis  
C: Neurosarcoidosis  
D: Central nervous system lymphoma",Low Relevance,Low Relevance,Low Relevance,Low Relevance,Low Relevance,Irrelevant,High Relevance,Irrelevant,Irrelevant,Low Relevance,Low Relevance,High Relevance,High Relevance,Low Relevance,High Relevance,High Relevance,High Relevance,High Relevance,High Relevance,Irrelevant,High Relevance,557,"['1. A 30-year-old man was referred with progressive quadriplegia for 2 months.', '2. The muscle weakness started from the right lower limb and gradually spread to the upper limb and contralateral side.', '10. The cranial nerve was intact, but he had quadriplegia with a Medical Research Council muscle scale grade of 0 of 5 power, decreased tendon reflexes, and bilateral positive Babinski sign.', '11. Pinprick and vibration sensation were markedly impaired below the nipples.', '12. Multiple enlarged cervical lymph nodes could be palpitated.', '13. The skin was extraordinarily dry, and a pigmentation of 10 mm in diameter at the T2 vertebrae, just on the midline of the back, was noticed.', '16. Cerebrospinal fluid testing revealed pleocytosis (72 cells/uL; mononuclear cells, 59 of 72), elevated protein concentration (200 mg/dL), and a decreased glucose level (36.0 mg/dL [to convert to millimoles per liter, multiply by 0.0555]), but no organisms were identified on Gram stain or on stain for acid-fast bacilli.', '17. Pulmonary computed tomography showed enlarged lymph nodes in mediastinum and axillary regions.', '18. Results from magnetic resonance imaging of the brain were normal, while magnetic resonance imaging of the cervical spine revealed multiple intramedullary lesions with enhancement (Figure 1).Magnetic resonance imaging of the cervical spine.', '19. Multiple intramedullary lesions and enlarged lymph nodes with strong enhancement were revealed.', '20. A, Lateral view of the cervical cord.']",B,jama,<answer>Option C</answer>,<answer>Option C</answer>,<answer>Option C</answer>,<answer>Option C</answer>,3,"What Is Your Diagnosis?

A: Tubercular meningomyelitis  
B: Mycotic meningomyelitis  
C: Neurosarcoidosis  
D: Central nervous system lymphoma",B,C,B,True,False
588,ID0925,"1. A newborn girl with a nodular lesion on the scalp present since birth was seen at the dermatology clinic.  
2. The parents reported occasional erosions and crusting that resolved with topical mupirocin, 2%, cream, but with no continued growth.  
3. The mother had had a normal pregnancy.  
4. Physical examination revealed a firm, exophytic, and flat-topped nodule, with superficial erosion and crust on the right parietal side of the scalp measuring 3 cm in diameter and 1 cm thick (Figure, A).  
5. No other skin lesions were found.  
6. A 4-mm punch skin biopsy was performed, and tissue was sent for pathologic analysis (Figure, B and C).  
7. Cerebral and abdominal ultrasonography revealed no evidence of visceral involvement.  
8. The lesion regressed without treatment over a period of 8 months.  
9. Close follow-up every 3 months was scheduled, and complete involution of the tumor was noted at 10 months of age (Figure, D).  
10. A, Nodular lesion on the right parietal scalp at initial presentation.  
11. B, Histopathologic image of a biopsy specimen (hematoxylin-eosin, original magnification ×200).  
12. C, Immunohistochemical image of a biopsy specimen (actin stain, original magnification ×100).  
13. D, Complete regression of tumor at 10 months of age.",B,jama,B,B,B,B,"What Is Your Diagnosis?  

A: Giant cell fibroblastoma  
B: Infantile myofibromatosis  
C: Dermoid cyst  
D: Keratoacanthoma",High Relevance,Low Relevance,Irrelevant,High Relevance,Low Relevance,Low Relevance,High Relevance,High Relevance,High Relevance,Irrelevant,Irrelevant,Irrelevant,High Relevance,,,,,,,,,588,"['1. A newborn girl with a nodular lesion on the scalp present since birth was seen at the dermatology clinic.  ', '4. Physical examination revealed a firm, exophytic, and flat-topped nodule, with superficial erosion and crust on the right parietal side of the scalp measuring 3 cm in diameter and 1 cm thick (Figure, A).  ', '8. The lesion regressed without treatment over a period of 8 months.  ', '9. Close follow-up every 3 months was scheduled, and complete involution of the tumor was noted at 10 months of age (Figure, D).  ']",B,jama,<answer>Option D</answer>,<answer>Option D</answer>,<answer>Option B</answer>,<answer>Option D</answer>,3,"What Is Your Diagnosis?  

A: Giant cell fibroblastoma  
B: Infantile myofibromatosis  
C: Dermoid cyst  
D: Keratoacanthoma",B,D,B,True,False
596,ID0941,"1. A 16-month-old girl is brought to the emergency department after falling from a second-story window.
2. Emergency personnel found her unconscious with slow, irregular breathing and intubated her on the scene.
3. Upon arrival, her temperature is 37°C, heart rate is 72 beats per minute, blood pressure is 159/90 mm Hg, and oxygen saturation is 98% while intubated.
4. She remains unconscious, with ecchymosis noted behind the left ear and a visibly deformed distal left upper extremity.
5. Her pupils are unequal in size (right larger than left) and sluggish to react.
6. She is wearing a cervical collar for neck stabilization.
7. Lungs are clear bilaterally, her heart rate is regular, and her abdomen is soft, nontender, and nondistended with no signs of organomegaly.
8. A neurosurgical consultation has been initiated.",E,medxpert,E,E,I,I,"What is the most appropriate next step in management for this patient?

A. Perform immediate burr hole decompression  
B. Perform a lumbar puncture  
C. Obtain a CT scan of the head  
E. Administer a mannitol bolus  
F. Delay imaging until neurosurgical evaluation  
G. Initiate therapeutic hypothermia  
H. Administer anticonvulsant prophylaxis  
I. Administer hypertonic saline infusion  
J. Administer a bolus of IV corticosteroids",High Relevance,High Relevance,High Relevance,Low Relevance,High Relevance,Irrelevant,Irrelevant,Low Relevance,,,,,,,,,,,,,,596,"['3. Upon arrival, her temperature is 37°C, heart rate is 72 beats per minute, blood pressure is 159/90 mm Hg, and oxygen saturation is 98% while intubated.', '5. Her pupils are unequal in size (right larger than left) and sluggish to react.']",E,medxpert,<answer>Option C</answer>,<answer>Option C</answer>,<answer>Option E</answer>,<answer>Option E</answer>,3,"What is the most appropriate next step in management for this patient?

A. Perform immediate burr hole decompression  
B. Perform a lumbar puncture  
C. Obtain a CT scan of the head  
E. Administer a mannitol bolus  
F. Delay imaging until neurosurgical evaluation  
G. Initiate therapeutic hypothermia  
H. Administer anticonvulsant prophylaxis  
I. Administer hypertonic saline infusion  
J. Administer a bolus of IV corticosteroids",E,C,E,True,False
597,ID0942,"1. A 63-year-old male presents to the clinic with complaints of dysphagia and worsening ""heartburn"" over the past year.  
2. His medical history includes primary hypertension.  
3. On examination, his abdomen is mildly tender to palpation.  
4. Vital signs are: temperature 36.7°C (98.0°F), blood pressure 126/74 mm Hg, heart rate 74/min, and respiratory rate 14/min.  
5. Barium swallow fluoroscopy reveals a subdiaphragmatic gastroesophageal junction with herniation of the gastric fundus into the left hemithorax.",H,medxpert,H,H,H,H,"Which of the following is the most appropriate next step in managing this patient’s underlying condition?

A. Upper endoscopy with biopsy  
B. Lifestyle modification  
C. Calcium channel blocker therapy  
D. Omeprazole  
E. H2 receptor antagonist therapy  
F. Metoclopramide  
G. Laparoscopic Nissen fundoplication  
H. Surgical gastropexy  
I. Watchful waiting with annual follow-up  
J. Lifestyle modifications and weight loss",High Relevance,Irrelevant,Irrelevant,Irrelevant,High Relevance,,,,,,,,,,,,,,,,,597,"['1. A 63-year-old male presents to the clinic with complaints of dysphagia and worsening ""heartburn"" over the past year.  ', '5. Barium swallow fluoroscopy reveals a subdiaphragmatic gastroesophageal junction with herniation of the gastric fundus into the left hemithorax.']",H,medxpert,<answer>Option G</answer>,<answer>Option G</answer>,<answer>Option H</answer>,<answer>Option [G]</answer>,2,"Which of the following is the most appropriate next step in managing this patient’s underlying condition?

A. Upper endoscopy with biopsy  
B. Lifestyle modification  
C. Calcium channel blocker therapy  
D. Omeprazole  
E. H2 receptor antagonist therapy  
F. Metoclopramide  
G. Laparoscopic Nissen fundoplication  
H. Surgical gastropexy  
I. Watchful waiting with annual follow-up  
J. Lifestyle modifications and weight loss",H,G,H,True,False
614,ID0973,"1. A 31-year-old man presented with left cervical and left inguinal masses.
2. He reported intermittent itching and night sweats for 2 years.
3. He denied fever, weight loss, shortness of breath, rashes, diarrhea, and neurological symptoms.
4. On a preemployment evaluation, the patient was told he had a high white blood cell count 2 years ago.
5. On examination, there was left cervical and inguinal lymphadenopathy and no other organomegaly.
6. Complete blood cell count and peripheral blood smear showed marked leukocytosis, with a white blood cell count of 22 340/μL, an absolute neutrophil count of 5360/μL, and 55% eosinophils with an absolute eosinophil count of 12 290/μL (to convert all to cells ×109/L, multiply by 0.001).
7. Vitamin B12 was markedly elevated at more than 4000 pg/mL (to convert to pmol/L, multiply by 0.7378).
8. The erythrocyte sedimentation rate was 5 mm/h.
9. Lactate dehydrogenase was 180 U/L, and alkaline phosphatase was 81 U/L (to convert both to μkat/L, multiply by 0.0167).
10. Evaluations for HIV and hepatitis B and C were all negative.
11. Serum creatinine was 0.76 mg/dL (to convert to μmol/L, multiply by 88.4); alanine aminotransferase and aspartate aminotransferase were 11 U/L and 9.9 U/L, respectively (to convert to μkat/L, multiply by 0.0167); and total bilirubin was 0.35 mg/dL (to convert to μmol/L, multiply by 17.104).
12. Bone marrow biopsy showed hypercellular marrow (cellularity of 100%), myeloid hyperplasia, increased eosinophils with some dysplasia, and a blast count of 2%.
13. Positron emission tomographic–computed tomographic scan showed a left upper cervical lymph node of 2.6 cm and a left inguinal lymph node of 3.1 × 2.3 cm with an standardized uptake value max of 5.7 (Figure, A).
14. Left inguinal lymph node biopsy showed partial involvement by atypical cells with high proliferation index (Ki-67 >95%) that were positive for CD3, CD4, CD8, BCL2, and TDT, suggestive of T-cell lymphoblastic lymphoma/leukemia (Figure, B).A, Positron emission tomographic–computed tomographic (PET/CT) scan of the head and neck at presentation showing a left upper cervical lymph node of 2.6 cm (arrowhead).
15. B, Lymph node biopsy immunohistochemical stain with terminal deoxynucleotidyl transferase.
16. The inset shows interphase fluorescence in situ hybridization for FIP1L1::PDGFRA rearrangement (positive).
17. C, PET/CT 12 weeks after treatment initiation.Myeloid/lymphoid neoplasms with eosinophilia and tyrosine kinase gene fusions",D,jama,D,D,D,D,"What Is Your Diagnosis?

A: Kimura disease  
B: Classic Hodgkin lymphoma  
C: T-cell acute lymphoblastic lymphoma/leukemia  
D: Myeloid/lymphoid neoplasms with eosinophilia and tyrosine kinase gene fusions",Low Relevance,Low Relevance,Low Relevance,Low Relevance,Low Relevance,High Relevance,High Relevance,Irrelevant,Irrelevant,Irrelevant,Irrelevant,High Relevance,Low Relevance,High Relevance,Low Relevance,High Relevance,Irrelevant,,,,,614,"['1. A 31-year-old man presented with left cervical and left inguinal masses.', '2. He reported intermittent itching and night sweats for 2 years.', '14. Left inguinal lymph node biopsy showed partial involvement by atypical cells with high proliferation index (Ki-67 >95%) that were positive for CD3, CD4, CD8, BCL2, and TDT, suggestive of T-cell lymphoblastic lymphoma/leukemia (Figure, B).A, Positron emission tomographic–computed tomographic (PET/CT) scan of the head and neck at presentation showing a left upper cervical lymph node of 2.6 cm (arrowhead).', '15. B, Lymph node biopsy immunohistochemical stain with terminal deoxynucleotidyl transferase.', '17. C, PET/CT 12 weeks after treatment initiation.Myeloid/lymphoid neoplasms with eosinophilia and tyrosine kinase gene fusions']",D,jama,<answer>Option C</answer>,<answer>Option C</answer>,<answer>Option [C]</answer>,<answer>Option C</answer>,2,"What Is Your Diagnosis?

A: Kimura disease  
B: Classic Hodgkin lymphoma  
C: T-cell acute lymphoblastic lymphoma/leukemia  
D: Myeloid/lymphoid neoplasms with eosinophilia and tyrosine kinase gene fusions",D,C,D,True,False
618,ID0979,"1. A 20-year-old male presents to the clinic six weeks after undergoing abdominal surgery for a gunshot wound, reporting diffuse, achy abdominal pain rated as 4/10.
2. He has been compliant with wound care and denies additional symptoms.
3. He has no significant past medical history and is not taking any medications.
4. Vital signs are normal.
5. Physical examination reveals a nearly healed surgical incision in the left upper quadrant without surrounding erythema or edema.
6. Structural examination identifies a hypertonic rectus abdominis muscle that is tender to palpation.
7. An anterior-superior iliac spine (ASIS) compression test is asymmetric, with the right ASIS inferior when supine and the left posterior-superior iliac spine (PSIS) inferior when prone.
8. The pubic symphysis is tender, with asymmetry of the pubic tubercles and a taut, tender left inguinal ligament.",B,medxpert,B,B,B,B,"What is the most likely diagnosis?

A. Left posterior innominate rotation  
B. Left superior pubic shear  
C. Bilateral pubic compression  
D. Right anterior innominate rotation  
E. Right posterior innominate rotation  
F. Left inferior pubic shear  
G. Sacral torsion on a left oblique axis  
H. Right superior pubic shear  
I. Right inferior innominate shear  
J. Pubic symphysis compression",Low Relevance,Irrelevant,Irrelevant,Irrelevant,Low Relevance,High Relevance,High Relevance,High Relevance,,,,,,,,,,,,,,618,"['1. A 20-year-old male presents to the clinic six weeks after undergoing abdominal surgery for a gunshot wound, reporting diffuse, achy abdominal pain rated as 4/10.', '7. An anterior-superior iliac spine (ASIS) compression test is asymmetric, with the right ASIS inferior when supine and the left posterior-superior iliac spine (PSIS) inferior when prone.', '8. The pubic symphysis is tender, with asymmetry of the pubic tubercles and a taut, tender left inguinal ligament.']",B,medxpert,<answer>Option F</answer>,<answer>Option F</answer>,<answer>Option B</answer>,<answer>Option B</answer>,3,"What is the most likely diagnosis?

A. Left posterior innominate rotation  
B. Left superior pubic shear  
C. Bilateral pubic compression  
D. Right anterior innominate rotation  
E. Right posterior innominate rotation  
F. Left inferior pubic shear  
G. Sacral torsion on a left oblique axis  
H. Right superior pubic shear  
I. Right inferior innominate shear  
J. Pubic symphysis compression",B,F,B,True,False
624,ID0992,"1. A 21-year-old female student presents to her university's health clinic with symptoms including vaginal itching, painful urination, pelvic discomfort, and malodorous vaginal discharge.
2. These symptoms have recurred four times in the past year, despite both she and her partner receiving multiple treatment courses of ceftriaxone combined with either doxycycline or azithromycin.
3. Physical examination reveals cervical friability and mucopurulent discharge from the cervix.
4. Microscopic examination of a wet mount preparation shows numerous polymorphonuclear leukocytes.",B,medxpert,B,B,B,B,"Which pathogen is the most probable cause of her cervicitis?

A. *Neisseria gonorrhoeae*  
B. *Mycoplasma genitalium*  
C. *Streptococcus agalactiae*  
D. *Mycoplasma hominis*  
E. *Chlamydia trachomatis*  
F. *Gardnerella vaginalis*  
G. *Ureaplasma urealyticum*  
H. *Candida albicans*  
I. Drug-resistant *Neisseria gonorrhoeae*  
J. *Trichomonas vaginalis*",Low Relevance,High Relevance,High Relevance,High Relevance,,,,,,,,,,,,,,,,,,624,"[""1. A 21-year-old female student presents to her university's health clinic with symptoms including vaginal itching, painful urination, pelvic discomfort, and malodorous vaginal discharge."", '3. Physical examination reveals cervical friability and mucopurulent discharge from the cervix.', '4. Microscopic examination of a wet mount preparation shows numerous polymorphonuclear leukocytes.']",B,medxpert,<answer>Option E</answer>,<answer>Option E</answer>,<answer>Option E</answer>,<answer>Option E</answer>,3,"Which pathogen is the most probable cause of her cervicitis?

A. *Neisseria gonorrhoeae*  
B. *Mycoplasma genitalium*  
C. *Streptococcus agalactiae*  
D. *Mycoplasma hominis*  
E. *Chlamydia trachomatis*  
F. *Gardnerella vaginalis*  
G. *Ureaplasma urealyticum*  
H. *Candida albicans*  
I. Drug-resistant *Neisseria gonorrhoeae*  
J. *Trichomonas vaginalis*",B,E,B,True,False
647,ID1026,"1. A 40-year-old woman visits her primary care physician for evaluation of recurring kidney stones.
2. She is currently asymptomatic and reports feeling well.
3. She has had four episodes of urolithiasis over several years without any known predisposing factors.
4. Analysis has shown the stones to be calcium-based.
5. Her only medication is a daily prenatal vitamin.
6. Being adopted at birth, she has no available family history.
7. Her vital signs show: temperature 98.6º F, blood pressure 120/80 mmHg, pulse 70/min, and respiratory rate 12/min.
8. Physical examination reveals no abdominal or costovertebral angle tenderness.
9. Her serum creatinine is stable at 0.7 mg/dL.
10. An intravenous pyelogram reveals striations in the papillary ducts of the renal medulla and multiple collecting duct cysts throughout both kidneys' medulla, with no cortical cysts.
11. Small calculi are scattered throughout the urinary system.",B,medxpert,B,B,B,B,"What inheritance pattern is most likely associated with this condition?

A. Variable expressivity  
B. No inheritance pattern  
C. Incomplete penetrance  
D. Autosomal dominant  
E. X-linked dominant  
F. Autosomal recessive  
G. Codominant inheritance  
H. X-linked recessive  
I. Mitochondrial inheritance  
J. Multifactorial inheritance",High Relevance,Low Relevance,High Relevance,High Relevance,Irrelevant,Irrelevant,Irrelevant,Irrelevant,Low Relevance,High Relevance,High Relevance,,,,,,,,,,,647,"[""10. An intravenous pyelogram reveals striations in the papillary ducts of the renal medulla and multiple collecting duct cysts throughout both kidneys' medulla, with no cortical cysts."", '11. Small calculi are scattered throughout the urinary system.']",B,medxpert,<answer>Option A</answer>,<answer>Option [B]</answer>,<answer>Option [B]</answer>,<answer>Option [B]</answer>,3,"What inheritance pattern is most likely associated with this condition?

A. Variable expressivity  
B. No inheritance pattern  
C. Incomplete penetrance  
D. Autosomal dominant  
E. X-linked dominant  
F. Autosomal recessive  
G. Codominant inheritance  
H. X-linked recessive  
I. Mitochondrial inheritance  
J. Multifactorial inheritance",B,A,B,True,False
651,ID1032,"1. A man in his 50s with a history of ‎poorly controlled type 2 diabetes reported decreased vision in both eyes.
2. On examination, visual acuity was counting fingers OD and 20/200 OS.
3. Anterior segment examination was unremarkable.
4. Dense vitreous hemorrhage precluded fundus examination of the right eye, and B-scan ultrasonography did not reveal any additional pathology.
5. The left fundus examination exhibited diabetic macular edema with central subfield thickness of 425 μm on optical coherence tomography and severe nonproliferative diabetic retinopathy, for which he had laser surgery for diabetic macular edema and panretinal photocoagulation.
6. He subsequently underwent vitrectomy in the right eye for nonclearing vitreous hemorrhage with an uneventful postoperative course and improvement of his visual acuity to 20/100.
7. The patient was lost to follow-up and returned 4 months later with visual acuity 20/125 OD and counting fingers OS, with a vitreous hemorrhage in the left eye for which he underwent vitrectomy with thorough panretinal photocoagulation (1200 spots).
8. On postoperative day 1, visual acuity was 20/200 and intraocular pressure was elevated to 35 mm Hg.
9. The conjunctiva had mild hyperemia with foci of subconjunctival hemorrhage, the anterior chamber was deep and quiet, the anterior vitreous contained no cells, and a few cobweblike, tan strands were present throughout the vitreous cavity.
10. Topical timolol/acetazolamide and brimonidine were started twice daily, together with prednisolone acetate and moxifloxacin every 6 hours.
11. On postoperative day 3, the patient noted decreased visual acuity OS but he denied pain or discharge.
12. Visual acuity was hand motion, and intraocular pressure was 17 mm Hg.
13. The anterior chamber had minimal inflammation.
14. Extensive strands and veils were noted throughout the vitreous cavity (Figure 1).
15. Anterior vitreous cavity (A) and wide-field fundus photograph (B) of the left eye demonstrating extensive transvitreal strands and sheets.",A,jama,A,A,A,A,"What Would You Do Next?

A: Increase topical steroids  
B: Inject intravitreal antibiotics  
C: Perform vitrectomy  
D: Inject antifungal drug",Low Relevance,Low Relevance,Low Relevance,Low Relevance,Low Relevance,Irrelevant,High Relevance,Low Relevance,High Relevance,Low Relevance,High Relevance,Low Relevance,High Relevance,High Relevance,High Relevance,,,,,,,651,"['1. A man in his 50s with a history of \u200epoorly controlled type 2 diabetes reported decreased vision in both eyes.', '6. He subsequently underwent vitrectomy in the right eye for nonclearing vitreous hemorrhage with an uneventful postoperative course and improvement of his visual acuity to 20/100.', '7. The patient was lost to follow-up and returned 4 months later with visual acuity 20/125 OD and counting fingers OS, with a vitreous hemorrhage in the left eye for which he underwent vitrectomy with thorough panretinal photocoagulation (1200 spots).', '9. The conjunctiva had mild hyperemia with foci of subconjunctival hemorrhage, the anterior chamber was deep and quiet, the anterior vitreous contained no cells, and a few cobweblike, tan strands were present throughout the vitreous cavity.', '14. Extensive strands and veils were noted throughout the vitreous cavity (Figure 1).']",A,jama,<answer>Option D</answer>,<answer>Option D</answer>,<answer>Option D</answer>,<answer>Option A</answer>,3,"What Would You Do Next?

A: Increase topical steroids  
B: Inject intravitreal antibiotics  
C: Perform vitrectomy  
D: Inject antifungal drug",A,D,A,True,False
674,ID1072,"1. A 23-year-old man presents to the emergency department with sudden-onset shortness of breath and left-sided chest pain that began while he was reading at home.
2. He recently returned from a business trip to China three days ago.
3. His temperature is 37.0°C (98.6°F), pulse is 110/min, respirations are 26/min, blood pressure is 127/94 mmHg, and oxygen saturation is 90% on room air.
4. Physical examination reveals a tall, thin male in moderate respiratory distress with diminished breath sounds over the left lung.
5. Cardiovascular and abdominal examinations are unremarkable.
6. His D-dimer level is 230 ng/mL (reference range: < 500 ng/mL).",A,medxpert,A,A,A,A,"Which of the following is the most significant risk factor contributing to this patient’s condition?

A. Cigarette smoking  
B. Increased intrapulmonary pressure from coughing or straining  
C. Underlying connective tissue disorder  
D. Recent long distance travel  
E. Familial predisposition to spontaneous pneumothorax  
F. History of previous pneumothorax  
G. Recent drop in atmospheric pressure  
H. Body habitus  
I. Spontaneous rupture of a subpleural bleb  
J. Male gender",High Relevance,Irrelevant,Low Relevance,High Relevance,Irrelevant,Low Relevance,,,,,,,,,,,,,,,,674,['2. He recently returned from a business trip to China three days ago.'],A,medxpert,<answer>Option D</answer>,<answer>Option D</answer>,<answer>Option D</answer>,<answer>Option D</answer>,3,"Which of the following is the most significant risk factor contributing to this patient’s condition?

A. Cigarette smoking  
B. Increased intrapulmonary pressure from coughing or straining  
C. Underlying connective tissue disorder  
D. Recent long distance travel  
E. Familial predisposition to spontaneous pneumothorax  
F. History of previous pneumothorax  
G. Recent drop in atmospheric pressure  
H. Body habitus  
I. Spontaneous rupture of a subpleural bleb  
J. Male gender",A,D,A,True,False
695,ID1108,"1. A 47-year-old male underwent L4-5 posterior lumbar decompression and fusion with instrumentation.
2. During the six-week clinical visit, he complains of pain in the region of his wound.
3. On physical exam, there is wound erythema but no exudate.
4. Laboratory studies show an erythrocyte sedimentation rate of 78 mm/h (normal up to 20 mm/h) and WBC count of 11,200/mm3 (normal 3,500 to 10,500/mm3).
5. An MRI is performed and shows a fluid collection dorsal to the thecal sac.",E,medxpert,E,E,E,E,"What is the most appropriate next step in management?

A. Revision surgery with complete removal of hardware  
B. Observation and repeat imaging in 2 weeks  
C. Administration of broad-spectrum antibiotics without further intervention  
D. Immediate removal of instrumentation and wound irrigation  
E. Surgical debridement followed by delayed closure and retention of instrumentation  
F. Surgical debridement followed by delayed closure and removal of instrumentation  
G. Oral antibiotics and outpatient follow-up  
H. Intravenous antibiotics and hyperbaric oxygen therapy  
I. CT guided aspiration of the fluid collection and cultures  
J. Percutaneous drainage of the fluid collection without surgical intervention",High Relevance,High Relevance,High Relevance,High Relevance,High Relevance,,,,,,,,,,,,,,,,,695,"['1. A 47-year-old male underwent L4-5 posterior lumbar decompression and fusion with instrumentation.', '2. During the six-week clinical visit, he complains of pain in the region of his wound.']",E,medxpert,<answer>Option I</answer>,<answer>Option I</answer>,<answer>Option E</answer>,<answer>Option E</answer>,3,"What is the most appropriate next step in management?

A. Revision surgery with complete removal of hardware  
B. Observation and repeat imaging in 2 weeks  
C. Administration of broad-spectrum antibiotics without further intervention  
D. Immediate removal of instrumentation and wound irrigation  
E. Surgical debridement followed by delayed closure and retention of instrumentation  
F. Surgical debridement followed by delayed closure and removal of instrumentation  
G. Oral antibiotics and outpatient follow-up  
H. Intravenous antibiotics and hyperbaric oxygen therapy  
I. CT guided aspiration of the fluid collection and cultures  
J. Percutaneous drainage of the fluid collection without surgical intervention",E,I,E,True,False
703,ID1119,"1. An elderly man presented to the emergency department with a 1-month history of new-onset, persistent lower abdominal and flank pain.
2. The pain was sharp and constant with intermittent radiation to the back and associated anorexia with a 10-kg weight loss.
3. He did not report any previous abdominal surgery.
4. The patient stated that he had not had any procedures with intravascular instrumentation in the past year, dental cleanings, intravenous drug use, cutaneous abscesses, or recent trauma.
5. Physical examination revealed he was afebrile and in normal sinus rhythm; there was minimal epigastric abdominal tenderness without signs of peritonitis and no palpable masses.
6. Femoral pulses were palpable and symmetric.
7. Laboratory examination revealed mild anemia (hematocrit, 35% [to convert to a proportion of 1.0, multiply by 0.01]), no leukocytosis, and an elevated erythrocyte sedimentation rate (71 mm/h).
8. Blood and urine cultures were negative for organisms.
9. A computed tomographic (CT) angiogram showed asymmetric attenuation surrounding the infrarenal aorta (Figure 1).
10. On comparison, a CT scan that was performed 6 months before presentation had identified no aneurysmal disease.Computed tomographic scan with arterial phase intravenous contrast with asymmetric attenuation surrounding the infrarenal aorta.",B,jama,B,B,A,B,"What Is Your Diagnosis?

A: Mycotic aneurysm  
B: Inflammatory abdominal aortic aneurysm  
C: Pseudoaneurysm  
D: Infrarenal aortitis due to diverticulitis",High Relevance,High Relevance,Low Relevance,High Relevance,Low Relevance,Irrelevant,High Relevance,High Relevance,High Relevance,High Relevance,,,,,,,,,,,,703,"['1. An elderly man presented to the emergency department with a 1-month history of new-onset, persistent lower abdominal and flank pain.', '2. The pain was sharp and constant with intermittent radiation to the back and associated anorexia with a 10-kg weight loss.', '9. A computed tomographic (CT) angiogram showed asymmetric attenuation surrounding the infrarenal aorta (Figure 1).', '10. On comparison, a CT scan that was performed 6 months before presentation had identified no aneurysmal disease.Computed tomographic scan with arterial phase intravenous contrast with asymmetric attenuation surrounding the infrarenal aorta.']",B,jama,<answer>Option D</answer>,<answer>Option D</answer>,<answer>Option A</answer>,<answer>Option A</answer>,3,"What Is Your Diagnosis?

A: Mycotic aneurysm  
B: Inflammatory abdominal aortic aneurysm  
C: Pseudoaneurysm  
D: Infrarenal aortitis due to diverticulitis",B,D,B,True,False
705,ID1123,"1. A woman in her late 60s presented with progressive, painless blurring of vision in both eyes over the past 6 months.
2. Medical history was significant for Sjögren syndrome, for which she was taking hydroxychloroquine sulfate.
3. Ocular history was notable for neovascular age-related macular degeneration under good control with intravitreal injections in the right eye and intermediate dry age-related macular degeneration in the left eye.
4. Family history was negative for corneal disease.
5. On initial presentation to the clinic, the best-corrected visual acuity of the patient was 20/150 OD and 20/40 OS.
6. She was found to have bilateral, gray-white, irregular, poorly circumscribed, linear and nummular central and peripheral corneal opacities, confined primarily to the subepithelium and focally to the underlying anterior stroma (Figure 1A).
7. The epithelium itself and deeper corneal stroma were spared, and the remainder of her anterior segment and fundus examination results were within normal limits.
8. Anterior segment optical coherence tomography documented deposition of hyperreflective material in the subepithelium with trace deposition in the anterior stroma (Figure 1B).
9. Evaluation of the patient's children showed no evidence of corneal disease.
10. A, Right eye gray-white, irregular, linear and nummular central and peripheral corneal opacities.
11. The left eye had similar findings.
12. B, Hyperreflective deposits in the subepithelium (black arrowhead) with trace deposit in the anterior stroma (white arrowhead).",D,jama,D,D,D,D,"What Would You Do Next?

A: Begin oral acyclovir sodium  
B: Perform penetrating keratoplasty  
C: Initiate topical cyclosporine  
D: Perform superficial corneal biopsy",Low Relevance,Low Relevance,Irrelevant,Low Relevance,Low Relevance,High Relevance,High Relevance,High Relevance,High Relevance,High Relevance,Low Relevance,High Relevance,,,,,,,,,,705,"['1. A woman in her late 60s presented with progressive, painless blurring of vision in both eyes over the past 6 months.', '2. Medical history was significant for Sjögren syndrome, for which she was taking hydroxychloroquine sulfate.', '5. On initial presentation to the clinic, the best-corrected visual acuity of the patient was 20/150 OD and 20/40 OS.', '6. She was found to have bilateral, gray-white, irregular, poorly circumscribed, linear and nummular central and peripheral corneal opacities, confined primarily to the subepithelium and focally to the underlying anterior stroma (Figure 1A).', '7. The epithelium itself and deeper corneal stroma were spared, and the remainder of her anterior segment and fundus examination results were within normal limits.', '8. Anterior segment optical coherence tomography documented deposition of hyperreflective material in the subepithelium with trace deposition in the anterior stroma (Figure 1B).', '10. A, Right eye gray-white, irregular, linear and nummular central and peripheral corneal opacities.', '11. The left eye had similar findings.', '12. B, Hyperreflective deposits in the subepithelium (black arrowhead) with trace deposit in the anterior stroma (white arrowhead).']",D,jama,<answer>Option C</answer>,<answer>Option C</answer>,<answer>Option D</answer>,<answer>Option D</answer>,3,"What Would You Do Next?

A: Begin oral acyclovir sodium  
B: Perform penetrating keratoplasty  
C: Initiate topical cyclosporine  
D: Perform superficial corneal biopsy",D,C,D,True,False
731,ID1160,"1. A 53-year-old gay man undergoing treatment for multiple sclerosis had received 2 doses of rituximab, with the last being 3 weeks prior to being hospitalized for worsening lower extremity weakness.  
2. He received high-dose intravenous methylprednisolone when he entered the hospital.  
3. One week before admission, he noticed tender skin eruptions adjacent to the anus and on the left shin.  
4. His physician had prescribed a combination cream of betamethasone diproprionate and clotrimazole for these lesions.  
5. The patient reported no fevers or chills.  
6. He had no history of eczema and had not used any special wipes or cleansing agents in the perianal area.  
7. He was not aware of any lower leg injury but did note that the shin rash had started as a “bump” that developed a central scab.  
8. He did not recall having skin lesions of this type previously.  
9. On physical examination an erythematous, indurated plaque with a central black hemorrhagic crust surrounded by yellow pustulovesicles was seen on the left shin.  
10. Adjacent to and surrounding the anus there was an area of erythema with irregular margins and superficial exfoliation (Figure).  
11. Obtain a skin biopsy of the affected area on the left shin and apply a topical antibiotic to both the perianal area and the shin area until the pathology result is available.  
12. Obtain bacterial culture from both areas and start a systemic antibiotic.  
13. Obtain both bacterial culture and fungal culture of the affected areas and administer both a systemic antibiotic and a systemic antifungal agent.  
14. Obtain fungal culture from both affected areas and initiate systemic antifungal therapy.",B,jama,B,B,B,B,"What Would You Do Next?

A: Obtain a skin biopsy of the affected area on the left shin and apply a topical antibiotic to both the perianal area and the shin area until the pathology result is available.  
B: Obtain bacterial culture from both areas and start a systemic antibiotic.  
C: Obtain both bacterial culture and fungal culture of the affected areas and administer both a systemic antibiotic and a systemic antifungal agent.  
D: Obtain fungal culture from both affected areas and initiate systemic antifungal therapy.",High Relevance,High Relevance,High Relevance,Low Relevance,Low Relevance,Low Relevance,High Relevance,Low Relevance,High Relevance,High Relevance,Irrelevant,Irrelevant,Irrelevant,Irrelevant,,,,,,,,731,"['1. A 53-year-old gay man undergoing treatment for multiple sclerosis had received 2 doses of rituximab, with the last being 3 weeks prior to being hospitalized for worsening lower extremity weakness.  ', '2. He received high-dose intravenous methylprednisolone when he entered the hospital.  ', '4. His physician had prescribed a combination cream of betamethasone diproprionate and clotrimazole for these lesions.  ', '5. The patient reported no fevers or chills.  ', '9. On physical examination an erythematous, indurated plaque with a central black hemorrhagic crust surrounded by yellow pustulovesicles was seen on the left shin.  ', '10. Adjacent to and surrounding the anus there was an area of erythema with irregular margins and superficial exfoliation (Figure).  ', '11. Obtain a skin biopsy of the affected area on the left shin and apply a topical antibiotic to both the perianal area and the shin area until the pathology result is available.  ', '12. Obtain bacterial culture from both areas and start a systemic antibiotic.  ', '13. Obtain both bacterial culture and fungal culture of the affected areas and administer both a systemic antibiotic and a systemic antifungal agent.  ', '14. Obtain fungal culture from both affected areas and initiate systemic antifungal therapy.']",B,jama,<answer>Option D</answer>,<answer>Option D</answer>,<answer>Option B</answer>,<answer>Option D</answer>,3,"What Would You Do Next?

A: Obtain a skin biopsy of the affected area on the left shin and apply a topical antibiotic to both the perianal area and the shin area until the pathology result is available.  
B: Obtain bacterial culture from both areas and start a systemic antibiotic.  
C: Obtain both bacterial culture and fungal culture of the affected areas and administer both a systemic antibiotic and a systemic antifungal agent.  
D: Obtain fungal culture from both affected areas and initiate systemic antifungal therapy.",B,D,B,True,False
753,ID1189,"1. A 28-year-old male presents with left knee pain that began 2 months after he sprained his ankle playing basketball.
2. The pain is aggravated by full knee extension and has not improved with ibuprofen or icing.
3. He reports a history of multiple ankle sprains but denies any prior knee pain.
4. On physical examination, there is tenderness over the lateral aspect of the left knee and limited anterior glide of the left fibular head.
5. The left ankle shows no pain or swelling.
6. A radiograph of the left lower extremity reveals no fractures.",A,medxpert,A,A,A,A,"Which of the following additional findings is most likely to be observed?

A. Plantarflexion of the foot  
B. Pain with resisted eversion of the foot  
C. Increased external rotation of the tibia  
D. Restricted anterior glide of the talus  
E. Tenderness over the medial collateral ligament  
F. Dorsiflexion of the foot  
G. External rotation of the talus  
H. Increased valgus stress of the knee  
I. Hyperextension of the knee  
J. Decreased internal rotation of the tibia",High Relevance,Low Relevance,High Relevance,High Relevance,Low Relevance,Low Relevance,,,,,,,,,,,,,,,,753,"['1. A 28-year-old male presents with left knee pain that began 2 months after he sprained his ankle playing basketball.', '2. The pain is aggravated by full knee extension and has not improved with ibuprofen or icing.', '4. On physical examination, there is tenderness over the lateral aspect of the left knee and limited anterior glide of the left fibular head.']",A,medxpert,<answer>Option B</answer>,<answer>Option B</answer>,<answer>Option B</answer>,<answer>Option B</answer>,3,"Which of the following additional findings is most likely to be observed?

A. Plantarflexion of the foot  
B. Pain with resisted eversion of the foot  
C. Increased external rotation of the tibia  
D. Restricted anterior glide of the talus  
E. Tenderness over the medial collateral ligament  
F. Dorsiflexion of the foot  
G. External rotation of the talus  
H. Increased valgus stress of the knee  
I. Hyperextension of the knee  
J. Decreased internal rotation of the tibia",A,B,A,True,False
783,ID1232,"1. A 6-week-old girl presents with her parents to the pediatrician for blood-streaked diapers.
2. The patient is breastfed every 2-3 hours and voids 10-12 times daily.
3. The patient previously had several soft stools per day that ranged in color from mustard yellow to dark green.
4. Over the past 2 days, the patient’s stools have become looser and streaked with blood.
5. The patient has also regurgitated several of her feedings in the last few days.
6. Neither the vomit nor bloody stools have seemed to bother the patient.
7. The patient’s weight continues to trend along the 50th percentile.
8. The patient’s temperature is 98.4°F (36.9°C), blood pressure is 66/51 mmHg, pulse is 127/min, and respirations are 26/min.
9. On physical exam, the patient appears well nourished and is cooing.
10. Her abdomen is soft and non-tender.
11. Physical exam reveals the finding seen in Figure A.",C,medbullets,C,C,C,C,"Which of the following is the most likely etiology of this patient’s presentation?

A. Congenital enzyme deficiency  
B. Passage of gastric contents into esophagus  
C. Non-IgE-mediated immunologic reaction  
D. Hypertrophy of sphincter muscle",High Relevance,Low Relevance,Low Relevance,High Relevance,Irrelevant,High Relevance,High Relevance,Low Relevance,High Relevance,Low Relevance,Low Relevance,,,,,,,,,,,783,"['1. A 6-week-old girl presents with her parents to the pediatrician for blood-streaked diapers.', '2. The patient is breastfed every 2-3 hours and voids 10-12 times daily.', '3. The patient previously had several soft stools per day that ranged in color from mustard yellow to dark green.', '4. Over the past 2 days, the patient’s stools have become looser and streaked with blood.', '5. The patient has also regurgitated several of her feedings in the last few days.', '6. Neither the vomit nor bloody stools have seemed to bother the patient.', '8. The patient’s temperature is 98.4°F (36.9°C), blood pressure is 66/51 mmHg, pulse is 127/min, and respirations are 26/min.']",C,medbullets,<answer>Option A</answer>,<answer>Option [C]</answer>,<answer>Option [C]</answer>,<answer>Option [C]</answer>,3,"Which of the following is the most likely etiology of this patient’s presentation?

A. Congenital enzyme deficiency  
B. Passage of gastric contents into esophagus  
C. Non-IgE-mediated immunologic reaction  
D. Hypertrophy of sphincter muscle",C,A,C,True,False
806,ID1266,"1. A 55-year-old white woman presented with 1 week of decreased visual acuity and ache on abduction in the right eye.
2. She had decreased right-sided hearing and tinnitus, a moderate right-sided frontal headache, and an unsteady gait.
3. She did not have diplopia, facial numbness, or paresthesias.
4. She had a history of stage IV breast cancer treated with letrozole after a mastectomy 5 years prior.
5. On an initial examination, her best-corrected visual acuity was 20/50 OD and 20/25 OS, with dyschromatopsia, relative afferent pupillary defect, and visual-field defects on the right side.
6. Her extraocular movements were full.
7. A dilated fundus examination demonstrated a pale right optic nerve.
8. Magnetic resonance imaging (MRI) of the brain was reported to have normal results, but on review, we noted thickening and enhancement of both optic nerves (with the right eye larger than the left eye), cranial nerve III in the right eye, cranial nerve V bilaterally, the pituitary infundibulum, and the hypothalamus, as well as adjacent cavernous sinuses.
9. Leptomeningeal thickening over the convexities of the anterior frontal lobes was also evident.
10. The patient’s cerebrospinal fluid contained a small population of polyclonal CD19+ B cells and CD4+ and CD8+ T cells.
11. An extensive laboratory workup, including tests for HIV, antinuclear antibodies, anti–double-stranded DNA, antineutrophil cytoplasmic antibodies, serum protein electrophoresis, erythrocyte sedimentation rate, C-reactive protein, complete blood cell count, antiganglioside antibodies, anti–myelin-associated glycoprotein antibodies, and angiotensin-converting enzyme, gave normal results.
12. A computed tomographic (CT) scan of the thorax and a whole-body positron emission tomography (PET)/CT scan revealed no abnormalities.
13. Clinically, she initially responded to corticosteroids.
14. Over the ensuing 5 years, she had multiple similar presentations that also included facial pain and paresthesias.
15. She also developed a chronic small-fiber peripheral neuropathy and was treated with mycophenolate mofetil, cyclophosphamide, and intravenous immunoglobulin at various points.
16. She remained clinically stable for 4 years and returned with similar symptoms.",C,jama,C,C,B,C,"What Would You Do Next?

A: Administer high-dose corticosteroids  
B: Repeat the magnetic resonance imaging of the brain  
C: Repeat the whole-body positron emission tomography scan  
D: Repeat the testing for angiotensin-converting enzyme in serum and cerebrospinal fluid",Low Relevance,Low Relevance,Low Relevance,High Relevance,Low Relevance,Low Relevance,Low Relevance,High Relevance,High Relevance,High Relevance,High Relevance,High Relevance,High Relevance,High Relevance,Low Relevance,High Relevance,,,,,,806,"['1. A 55-year-old white woman presented with 1 week of decreased visual acuity and ache on abduction in the right eye.', '2. She had decreased right-sided hearing and tinnitus, a moderate right-sided frontal headache, and an unsteady gait.', '4. She had a history of stage IV breast cancer treated with letrozole after a mastectomy 5 years prior.', '5. On an initial examination, her best-corrected visual acuity was 20/50 OD and 20/25 OS, with dyschromatopsia, relative afferent pupillary defect, and visual-field defects on the right side.', '7. A dilated fundus examination demonstrated a pale right optic nerve.', '8. Magnetic resonance imaging (MRI) of the brain was reported to have normal results, but on review, we noted thickening and enhancement of both optic nerves (with the right eye larger than the left eye), cranial nerve III in the right eye, cranial nerve V bilaterally, the pituitary infundibulum, and the hypothalamus, as well as adjacent cavernous sinuses.', '9. Leptomeningeal thickening over the convexities of the anterior frontal lobes was also evident.', '10. The patient’s cerebrospinal fluid contained a small population of polyclonal CD19+ B cells and CD4+ and CD8+ T cells.', '13. Clinically, she initially responded to corticosteroids.', '14. Over the ensuing 5 years, she had multiple similar presentations that also included facial pain and paresthesias.', '15. She also developed a chronic small-fiber peripheral neuropathy and was treated with mycophenolate mofetil, cyclophosphamide, and intravenous immunoglobulin at various points.', '16. She remained clinically stable for 4 years and returned with similar symptoms.']",C,jama,<answer>Option B</answer>,<answer>Option B</answer>,<answer>Option [C]</answer>,<answer>Option B</answer>,2,"What Would You Do Next?

A: Administer high-dose corticosteroids  
B: Repeat the magnetic resonance imaging of the brain  
C: Repeat the whole-body positron emission tomography scan  
D: Repeat the testing for angiotensin-converting enzyme in serum and cerebrospinal fluid",C,B,C,True,False
823,ID1286,"1. An 8-year-old boy presented to the pediatric emergency department with 2 weeks of fatigue and 3 days of double vision, ptosis, and painless periorbital swelling of the left eye.  
2. Medical history was unremarkable with no recent weight loss, travel, or trauma.  
3. Visual acuity without correction was 20/20 OU.  
4. The right pupil was 3.5 mm and briskly reactive, while the left pupil was 8.5 mm and unreactive to light or near effort; there was no relative afferent pupillary defect.  
5. Results of testing with the use of an Amsler grid and Ishihara color plates were within normal limits.  
6. Visual fields were full to confrontation.  
7. The optic nerves and retina were normal in both eyes.  
8. External examination was notable for left periorbital swelling, proptosis, and moderate ptosis of the upper eyelid (Figure 1A).  
9. Extraocular motility examination results were normal in the right eye but demonstrated severe ophthalmoparesis of the left eye: 0% supraduction (Figure 1B), 20% of normal abduction/adduction, and 10% of normal infraduction (not pictured).  
10. Corneal reflex was normal in the right eye but diminished in the left eye, and facial strength was normal bilaterally.  
11. The remainder of the neurologic examination results were normal.An 8-year-old boy presented with 2 weeks of painless proptosis of the left eye (A) accompanied by upper eyelid ptosis and ophthalmoplegia of the left eye (B).",B,jama,B,B,B,B,"What Is Your Diagnosis?  
A: Thyroid eye disease  
B: Cavernous sinus syndrome  
C: Orbital apex syndrome  
D: Orbital cellulitis",High Relevance,Low Relevance,High Relevance,High Relevance,High Relevance,High Relevance,High Relevance,High Relevance,High Relevance,High Relevance,High Relevance,,,,,,,,,,,823,"['1. An 8-year-old boy presented to the pediatric emergency department with 2 weeks of fatigue and 3 days of double vision, ptosis, and painless periorbital swelling of the left eye.  ', '8. External examination was notable for left periorbital swelling, proptosis, and moderate ptosis of the upper eyelid (Figure 1A).  ', '9. Extraocular motility examination results were normal in the right eye but demonstrated severe ophthalmoparesis of the left eye: 0% supraduction (Figure 1B), 20% of normal abduction/adduction, and 10% of normal infraduction (not pictured).  ', '10. Corneal reflex was normal in the right eye but diminished in the left eye, and facial strength was normal bilaterally.  ']",B,jama,<answer>Option C</answer>,<answer>Option C</answer>,<answer>Option C</answer>,<answer>Option C</answer>,3,"What Is Your Diagnosis?  
A: Thyroid eye disease  
B: Cavernous sinus syndrome  
C: Orbital apex syndrome  
D: Orbital cellulitis",B,C,B,True,False
849,ID1321,"1. A 55-year-old man presented to the emergency department following an unwitnessed assault, sustaining multiple facial contusions and lacerations.
2. He was initially agitated and admitted to the intensive care unit with hemodynamic instability.
3. The oral-maxillofacial surgery service was consulted for assessment of the facial lacerations, and the oculoplastic service was consulted for possible damage to the nasolacrimal system.
4. The patient’s medical history at this point was unknown.
5. From an ophthalmic standpoint, a single, deep laceration extended inferomedially from the right upper zygoma across the nasal dorsum and involving the eyelid-cheek junction (Figure 1).
6. A significant amount of clear fluid was noted to be continually draining from the wound site.",C,jama,C,C,C,C,"What Would You Do Next?

A: Perform nasolacrimal duct irrigation  
B: Explore, irrigate, and close the wound  
C: Order computed tomography of the head/facial bones  
D: Order magnetic resonance imaging of the head",Low Relevance,Low Relevance,Low Relevance,Irrelevant,High Relevance,High Relevance,,,,,,,,,,,,,,,,849,"['1. A 55-year-old man presented to the emergency department following an unwitnessed assault, sustaining multiple facial contusions and lacerations.', '5. From an ophthalmic standpoint, a single, deep laceration extended inferomedially from the right upper zygoma across the nasal dorsum and involving the eyelid-cheek junction (Figure 1).', '6. A significant amount of clear fluid was noted to be continually draining from the wound site.']",C,jama,<answer>Option A</answer>,<answer>Option A</answer>,<answer>Option C</answer>,<answer>Option A</answer>,3,"What Would You Do Next?

A: Perform nasolacrimal duct irrigation  
B: Explore, irrigate, and close the wound  
C: Order computed tomography of the head/facial bones  
D: Order magnetic resonance imaging of the head",C,A,C,True,False
866,ID1346,"1. A 64-year-old man presented with concern about an abnormal genetic test result for apolipoprotein E (APOE) obtained through his primary care physician.
2. He reported forgetfulness and word-finding difficulties for 3 years but performed all activities of daily living independently and was generally healthy.
3. His father and maternal great aunt developed dementia in their 70s.
4. Physical (including neurologic) examination, basic laboratory studies, and brain magnetic resonance imaging results were normal.
5. The Short Test of Mental Status (STMS) score was 33 (maximal attainable score of 38 indicates best performance).
6. Neuropsychological assessment showed average to above-average performance in all cognitive domains, accounting for age and education.
7. Results of his genetic testing for APOE were reported as follows: “This individual possesses an apolipoprotein E genotype (3 and 4) that indicates, with high specificity, that Alzheimer’s disease is the cause of or a contributor to the observed dementia.”",C,jama,C,C,C,C,"What Would You Do Next?

A: Obtain a brain fluorodeoxyglucose positron emission tomography (FDG-PET) scan.  
B: Order cerebrospinal fluid (CSF) testing for Alzheimer disease biomarkers.  
C: Reassure and address patient’s concerns and follow up in 1 year.  
D: Refer for genetic counseling.",High Relevance,High Relevance,High Relevance,High Relevance,High Relevance,High Relevance,High Relevance,,,,,,,,,,,,,,,866,"['1. A 64-year-old man presented with concern about an abnormal genetic test result for apolipoprotein E (APOE) obtained through his primary care physician.', '2. He reported forgetfulness and word-finding difficulties for 3 years but performed all activities of daily living independently and was generally healthy.', '6. Neuropsychological assessment showed average to above-average performance in all cognitive domains, accounting for age and education.', '7. Results of his genetic testing for APOE were reported as follows: “This individual possesses an apolipoprotein E genotype (3 and 4) that indicates, with high specificity, that Alzheimer’s disease is the cause of or a contributor to the observed dementia.”']",C,jama,<answer>Option D</answer>,<answer>Option D</answer>,<answer>Option C</answer>,<answer>Option C</answer>,3,"What Would You Do Next?

A: Obtain a brain fluorodeoxyglucose positron emission tomography (FDG-PET) scan.  
B: Order cerebrospinal fluid (CSF) testing for Alzheimer disease biomarkers.  
C: Reassure and address patient’s concerns and follow up in 1 year.  
D: Refer for genetic counseling.",C,D,C,True,False
882,ID1369,"1. A 42-year-old woman visits the primary care clinic to discuss treatment options for obesity.
2. Over the past six months, she has achieved a 3% reduction in body weight through dietary counseling, participation in a commercial weight loss program, and regular exercise.
3. Her medical history includes diarrhea-predominant irritable bowel syndrome, seizure disorder, and insomnia.
4. Current medications include loperamide, levetiracetam, and melatonin.
5. She has a family history of multiple endocrine neoplasia type 2 (MEN2) in her mother but has previously declined genetic testing for MEN2.
6. Her vital signs are normal, and her BMI is 38 kg/m².
7. Physical examination findings are unremarkable.",C,medxpert,C,,C,C,"Which of the following medications is the most suitable for managing weight loss in this patient?

A. Orlistat  
B. Lorcaserin  
C. Phentermine-topiramate, extended release  
D. Bupropion alone  
E. Naltrexone-bupropion  
F. Liraglutide  
G. Topiramate monotherapy  
H. Semaglutide  
I. Metformin  
J. Levothyroxine",High Relevance,High Relevance,High Relevance,Low Relevance,High Relevance,High Relevance,Irrelevant,,,,,,,,,,,,,,,882,"['3. Her medical history includes diarrhea-predominant irritable bowel syndrome, seizure disorder, and insomnia.', '4. Current medications include loperamide, levetiracetam, and melatonin.', '5. She has a family history of multiple endocrine neoplasia type 2 (MEN2) in her mother but has previously declined genetic testing for MEN2.']",C,medxpert,<answer>Option G</answer>,<answer>Option G</answer>,<answer>Option G</answer>,<answer>Option G</answer>,3,"Which of the following medications is the most suitable for managing weight loss in this patient?

A. Orlistat  
B. Lorcaserin  
C. Phentermine-topiramate, extended release  
D. Bupropion alone  
E. Naltrexone-bupropion  
F. Liraglutide  
G. Topiramate monotherapy  
H. Semaglutide  
I. Metformin  
J. Levothyroxine",C,G,C,True,False
886,ID1376,"1. A 43-year-old man with generally good health presented to the emergency department with sudden onset of cramps and abdominal pain.
2. For the past year, the patient had been investigated for hypochromic microcytic anemia.
3. As part of the investigation, he underwent an esophagogastroduodenoscopy and a colonoscopy, which revealed a normal-looking bowel with no obvious source of bleeding visualized.
4. Further investigation involved capsule endoscopy, which was ingested 3 days prior to his emergency department admission.
5. The patient claimed not to have passed a bowel movement containing the capsule.
6. Physical examination results were normal except for a nontender distended and tympanic abdomen.
7. Results of routine laboratory testing were essentially normal except for a low level of hemoglobin (8.1 g/dL [to convert to grams per liter, multiply by 10]), with no leukocytosis noted.
8. Contrast-enhanced abdominopelvic computed tomography demonstrated a small-bowel obstruction, with a transition zone located at the mid-jejunum.
9. An intraluminal hypodense mass was demonstrated in this area and appeared to be the cause of the obstruction.
10. Adjacent to this area, the capsule was clearly demonstrated in a dilated proximal loop of the small bowel (Figure 1).Computed tomographic scan showing an intraluminal hypodense mass (pink arrowhead) causing a small-bowel obstruction.
11. Adjacent to this area, the endoscopic capsule (asterisk) is demonstrated in a proximal dilated loop of the small bowel.",A,jama,A,A,A,A,"What Is Your Diagnosis?

A: Small-bowel adenocarcinoma  
B: Lymphoma of the small bowel  
C: Carcinoid tumor  
D: Gastrointestinal stromal tumor of the small bowel",Low Relevance,High Relevance,Low Relevance,Low Relevance,Low Relevance,Low Relevance,Low Relevance,High Relevance,High Relevance,High Relevance,Low Relevance,,,,,,,,,,,886,"['1. A 43-year-old man with generally good health presented to the emergency department with sudden onset of cramps and abdominal pain.', '2. For the past year, the patient had been investigated for hypochromic microcytic anemia.', '3. As part of the investigation, he underwent an esophagogastroduodenoscopy and a colonoscopy, which revealed a normal-looking bowel with no obvious source of bleeding visualized.', '6. Physical examination results were normal except for a nontender distended and tympanic abdomen.', '7. Results of routine laboratory testing were essentially normal except for a low level of hemoglobin (8.1 g/dL [to convert to grams per liter, multiply by 10]), with no leukocytosis noted.', '8. Contrast-enhanced abdominopelvic computed tomography demonstrated a small-bowel obstruction, with a transition zone located at the mid-jejunum.', '9. An intraluminal hypodense mass was demonstrated in this area and appeared to be the cause of the obstruction.', '10. Adjacent to this area, the capsule was clearly demonstrated in a dilated proximal loop of the small bowel (Figure 1).Computed tomographic scan showing an intraluminal hypodense mass (pink arrowhead) causing a small-bowel obstruction.', '11. Adjacent to this area, the endoscopic capsule (asterisk) is demonstrated in a proximal dilated loop of the small bowel.']",A,jama,<answer>Option D</answer>,<answer>Option D</answer>,<answer>Option D</answer>,<answer>Option A</answer>,3,"What Is Your Diagnosis?

A: Small-bowel adenocarcinoma  
B: Lymphoma of the small bowel  
C: Carcinoid tumor  
D: Gastrointestinal stromal tumor of the small bowel",A,D,A,True,False
899,ID1392,"1. A 70-year-old female with hypertension is brought to the ICU presenting with hypotension and severe hematochezia.
2. Her colonoscopy from one month ago was unremarkable.
3. Current vital signs show tachycardia (120 bpm) and hypotension (92/65 mm Hg).
4. Her abdominal examination is benign, but rectal examination reveals abundant bright-red blood and clots.
5. Labs show:
- Hemoglobin: 6.0 g/dL (normal: 12.0-16.0)
- BUN: 7 mg/dL (normal: 10-20)
- Creatinine: 0.7 mg/dL (normal: 0.6-1.1)

After initial stabilization with fluids and blood products, an urgent upper endoscopy is performed and is negative.
6. The patient continues to have significant hematochezia and remains tachycardic.",J,medxpert,J,J,J,I,"Which diagnostic test should be performed next?

A. Push enteroscopy  
B. Abdominal ultrasound  
C. Nuclear medicine bleeding scan  
D. Small bowel follow-through  
E. Double-balloon enteroscopy  
F. Exploratory laparotomy  
G. Contrast-enhanced CT enterography  
H. MR enterography  
I. Immediate colonoscopy after rapid colonic lavage  
J. Abdominal angiography",High Relevance,Low Relevance,High Relevance,High Relevance,High Relevance,,,,,,,,,,,,,,,,,899,"['1. A 70-year-old female with hypertension is brought to the ICU presenting with hypotension and severe hematochezia.', '2. Her colonoscopy from one month ago was unremarkable.', '5. Labs show:\n- Hemoglobin: 6.0 g/dL (normal: 12.0-16.0)\n- BUN: 7 mg/dL (normal: 10-20)\n- Creatinine: 0.7 mg/dL (normal: 0.6-1.1)\n\nAfter initial stabilization with fluids and blood products, an urgent upper endoscopy is performed and is negative.']",J,medxpert,<answer>Option I</answer>,<answer>Option I</answer>,<answer>Option I</answer>,<answer>Option I</answer>,3,"Which diagnostic test should be performed next?

A. Push enteroscopy  
B. Abdominal ultrasound  
C. Nuclear medicine bleeding scan  
D. Small bowel follow-through  
E. Double-balloon enteroscopy  
F. Exploratory laparotomy  
G. Contrast-enhanced CT enterography  
H. MR enterography  
I. Immediate colonoscopy after rapid colonic lavage  
J. Abdominal angiography",J,I,J,True,False
918,ID1422,"1. A 43-year-old man presents to the emergency department with bright red blood in his stool this morning.
2. He noticed this yesterday as well, but it was much scanter.
3. The patient is otherwise healthy.
4. He was celebrating his birthday last night and admits having ""too much to drink"" and vomited profusely overnight.
5. He currently feels well and is not nauseous.
6. He has no other significant medical history and does not take any medications.
7. His temperature is 99.2°F (37.3°C), blood pressure is 110/75 mmHg, pulse is 82/min, respirations are 16/min, and oxygen saturation is 100% on room air.
8. Physical exam reveals a nontender abdomen with normal bowel sounds.
9. Rectal exam reveals grossly bloody stool.
10. Laboratory studies are ordered as shown below.

Hemoglobin: 12 g/dL  
Hematocrit: 36%  
Leukocyte count: 5,500/mm^3 with normal differential  
Platelet count: 179,000/mm^3",C,medbullets,C,C,C,B,"Which of the following is the most likely cause of this patient's symptoms?

A. Erosion into a gastric vessel  
B. Submucosal esophageal tear  
C. Vascular malformation  
D. Malignancy",High Relevance,High Relevance,Low Relevance,Low Relevance,Low Relevance,Low Relevance,High Relevance,Irrelevant,High Relevance,Low Relevance,,,,,,,,,,,,918,"['1. A 43-year-old man presents to the emergency department with bright red blood in his stool this morning.', '4. He was celebrating his birthday last night and admits having ""too much to drink"" and vomited profusely overnight.', '8. Physical exam reveals a nontender abdomen with normal bowel sounds.', '9. Rectal exam reveals grossly bloody stool.']",C,medbullets,<answer>Option B</answer>,<answer>Option B</answer>,<answer>Option B</answer>,<answer>Option B</answer>,3,"Which of the following is the most likely cause of this patient's symptoms?

A. Erosion into a gastric vessel  
B. Submucosal esophageal tear  
C. Vascular malformation  
D. Malignancy",C,B,C,True,False
919,ID1423,"1. A 42-year-old woman comes to the clinic with a one-month history of low back pain.
2. She denies any recent trauma and works as a journalist, spending most of her time seated at a desk.
3. On examination in the prone position, there is a deep sacral sulcus on the right and a posterior inferior lateral angle (ILA) on the left.
4. During a seated forward bend test, the left posterior superior iliac spine (PSIS) moves superiorly.
5. L5 is noted to be flexed, rotated to the right, and sidebent to the right.",F,medxpert,F,F,J,J,"What is the most likely diagnosis?

A. left-on-left sacral torsion  
B. right-on-left sacral torsion  
C. bilateral sacral flexion  
D. unilateral sacral flexion on the right  
E. unilateral sacral extension on the left  
F. left-on-right sacral torsion  
G. bilateral sacral extension  
H. sacral shear dysfunction on the right  
I. anterior sacral base dysfunction  
J. right-on-right sacral torsion",Low Relevance,Irrelevant,High Relevance,High Relevance,High Relevance,,,,,,,,,,,,,,,,,919,"['1. A 42-year-old woman comes to the clinic with a one-month history of low back pain.', '3. On examination in the prone position, there is a deep sacral sulcus on the right and a posterior inferior lateral angle (ILA) on the left.', '4. During a seated forward bend test, the left posterior superior iliac spine (PSIS) moves superiorly.', '5. L5 is noted to be flexed, rotated to the right, and sidebent to the right.']",F,medxpert,<answer>Option J</answer>,<answer>Option J</answer>,<answer>Option F</answer>,<answer>Option F</answer>,3,"What is the most likely diagnosis?

A. left-on-left sacral torsion  
B. right-on-left sacral torsion  
C. bilateral sacral flexion  
D. unilateral sacral flexion on the right  
E. unilateral sacral extension on the left  
F. left-on-right sacral torsion  
G. bilateral sacral extension  
H. sacral shear dysfunction on the right  
I. anterior sacral base dysfunction  
J. right-on-right sacral torsion",F,J,F,True,False
925,ID1431,"1. A woman in her late 70s with a history of immunoglobulin A monoclonal gammopathy of unknown significance presented with a tender, draining lesion of the central face despite several courses of treatment with antibiotics (Figure, A).
2. The patient lived in Southern California but had visited Kenya for an extended trip a few years prior.
3. Review of systems was negative for fevers, night sweats, weight loss, headache, vision changes, respiratory distress, or arthralgias.
4. On the left nasal dorsum and medial cheek, there was a 3 × 4 cm violaceous plaque with focal purulent drainage.
5. Within several weeks, the lesion rapidly expanded into a vegetative, freely draining plaque covering the cheeks and glabella and approaching the medial canthi (Figure, B).
6. Computed tomography revealed findings consistent with abscess that did not involve the orbits, sinuses, or bone.
7. Chest radiography results were unremarkable.
8. Punch biopsy specimens were obtained for histopathological analysis and tissue cultures (Figure, C).
9. Tissue culture results at 2 weeks remained negative, and a QuantiFERON-TB Gold test result was negative.A, Violaceous plaque on the nose and left cheek.
10. B, Rapid progression of the lesion involved the cheeks and glabella, with substantially worsening drainage at 6-week follow-up.
11. C, Punch biopsy of lesion showing suppurative and granulomatous dermatitis (hematoxylin-eosin).
12. D, Posttreatment, there was improvement of the lesion from initial presentation, but substantial residual facial scarring remained.",A,jama,A,A,A,A,"What Is Your Diagnosis?

A: Pyoderma gangrenosum  
B: Lupus vulgaris  
C: Coccidioidomycosis  
D: Granulomatosis with polyangiitis",High Relevance,Low Relevance,Low Relevance,High Relevance,High Relevance,Low Relevance,Low Relevance,Irrelevant,High Relevance,High Relevance,High Relevance,Irrelevant,,,,,,,,,,925,"['8. Punch biopsy specimens were obtained for histopathological analysis and tissue cultures (Figure, C).', '11. C, Punch biopsy of lesion showing suppurative and granulomatous dermatitis (hematoxylin-eosin).']",A,jama,<answer>Option C</answer>,<answer>Option C</answer>,<answer>Option C</answer>,<answer>Option [C]</answer>,2,"What Is Your Diagnosis?

A: Pyoderma gangrenosum  
B: Lupus vulgaris  
C: Coccidioidomycosis  
D: Granulomatosis with polyangiitis",A,C,A,True,False
927,ID1434,"1. A 46-year-old male seeks medical attention for dark stools and dyspnea of 3 days' duration.
2. He describes epigastric discomfort occurring 1-3 hours post-meals, particularly with spicy foods, for the past 3 months.
3. He reports a 5-pound weight loss and decreased appetite.
4. His history includes a recent trip to the Dominican Republic 6 months ago, a 5-pack-year smoking history (recently quit), tension headaches, and irritable bowel syndrome.
5. He takes ibuprofen and probiotics.
6. Physical examination reveals: temperature 97.9°F (36.6°C), blood pressure 100/65 mmHg, pulse 90/min, respirations 18/min, conjunctival pallor, and epigastric tenderness without rebound or guarding.
7. Laboratory findings show:

- Hemoglobin: 7.2 g/dL
- Platelets: 176,000/mm^3
- Positive heme occult stool test
- Leukocyte count: 11,000/mm^3
  - Segmented neutrophils: 56%
  - Bands: 2%
  - Eosinophils: 1%
  - Basophils: 0.8%
  - Lymphocytes: 35%
  - Monocytes: 5%

Endoscopy reveals diffuse gastric mucosal erythema and a 1 cm lesion with a smooth, flat base in the proximal duodenum.",D,medxpert,D,D,,D,"What is the most likely mechanism responsible for these endoscopic findings?

B. Overuse of antacids leading to rebound hyperacidity  
C. Impaired bicarbonate secretion in the duodenum  
D. Urease production  
E. Reduced prostaglandin synthesis  
F. Decreased mucosal blood flow due to smoking  
H. Gastrin-secreting tumor  
I. Increased gastrin secretion due to Zollinger-Ellison syndrome  
J. Cyclooxygenase-1 inhibition",Low Relevance,High Relevance,Low Relevance,Low Relevance,Low Relevance,Low Relevance,High Relevance,,,,,,,,,,,,,,,927,"[""1. A 46-year-old male seeks medical attention for dark stools and dyspnea of 3 days' duration."", '2. He describes epigastric discomfort occurring 1-3 hours post-meals, particularly with spicy foods, for the past 3 months.', '3. He reports a 5-pound weight loss and decreased appetite.', '5. He takes ibuprofen and probiotics.', '6. Physical examination reveals: temperature 97.9°F (36.6°C), blood pressure 100/65 mmHg, pulse 90/min, respirations 18/min, conjunctival pallor, and epigastric tenderness without rebound or guarding.', '7. Laboratory findings show:\n\n- Hemoglobin: 7.2 g/dL\n- Platelets: 176,000/mm^3\n- Positive heme occult stool test\n- Leukocyte count: 11,000/mm^3\n  - Segmented neutrophils: 56%\n  - Bands: 2%\n  - Eosinophils: 1%\n  - Basophils: 0.8%\n  - Lymphocytes: 35%\n  - Monocytes: 5%\n\nEndoscopy reveals diffuse gastric mucosal erythema and a 1 cm lesion with a smooth, flat base in the proximal duodenum.']",D,medxpert,<answer>Option E</answer>,<answer>Option E</answer>,<answer>Option J</answer>,<answer>Option C</answer>,3,"What is the most likely mechanism responsible for these endoscopic findings?

B. Overuse of antacids leading to rebound hyperacidity  
C. Impaired bicarbonate secretion in the duodenum  
D. Urease production  
E. Reduced prostaglandin synthesis  
F. Decreased mucosal blood flow due to smoking  
H. Gastrin-secreting tumor  
I. Increased gastrin secretion due to Zollinger-Ellison syndrome  
J. Cyclooxygenase-1 inhibition",D,E,D,True,False
933,ID1448,"1. A 1-month-old baby boy is admitted to the Cardiac Intensive Care Unit after his first palliative surgery for Tetralogy Absent Pulmonary Valve Syndrome.  
2. The surgery involved only replacement of his MPA with a valved conduit.  
3. He is attached to the standard monitoring equipment, and is sedated and intubated.  
4. During the first postoperative night, his ventilation is very difficult to control, and he has multiple desaturations, peak pressure alarms, poor tidal volumes, and bag-valve-mask ventilation is required several times to help him recover from severe respiratory distress with desaturations.  
5. Physical examination demonstrates increased wheezing.  
6. His CVP remained steady, the monitor indicated sinus tachycardia, he maintained normal blood pressures, and chest tube output has decreased appropriately.",B,medxpert,B,B,B,B,"Which of the following interventions is most likely to restore stable ventilation?

B. Prone positioning of the child  
C. Performing a chest X-ray to rule out pneumothorax  
D. Increasing the ventilator rate to compensate for poor tidal volumes  
E. Switching to high-frequency oscillatory ventilation  
F. Administration of intravenous diuretics to reduce pulmonary edema  
G. Changing from volume to pressure control ventilation  
H. Addition of albuterol  
I. Emergent replacement of the valved conduit  
J. Administering corticosteroids to reduce airway inflammation",High Relevance,High Relevance,Low Relevance,High Relevance,High Relevance,Low Relevance,,,,,,,,,,,,,,,,933,"['1. A 1-month-old baby boy is admitted to the Cardiac Intensive Care Unit after his first palliative surgery for Tetralogy Absent Pulmonary Valve Syndrome.  ', '4. During the first postoperative night, his ventilation is very difficult to control, and he has multiple desaturations, peak pressure alarms, poor tidal volumes, and bag-valve-mask ventilation is required several times to help him recover from severe respiratory distress with desaturations.  ', '5. Physical examination demonstrates increased wheezing.  ']",B,medxpert,<answer>Option E</answer>,<answer>Option E</answer>,<answer>Option B</answer>,<answer>Option B</answer>,3,"Which of the following interventions is most likely to restore stable ventilation?

B. Prone positioning of the child  
C. Performing a chest X-ray to rule out pneumothorax  
D. Increasing the ventilator rate to compensate for poor tidal volumes  
E. Switching to high-frequency oscillatory ventilation  
F. Administration of intravenous diuretics to reduce pulmonary edema  
G. Changing from volume to pressure control ventilation  
H. Addition of albuterol  
I. Emergent replacement of the valved conduit  
J. Administering corticosteroids to reduce airway inflammation",B,E,B,True,False
944,ID1463,"1. A 20-month-old girl with no significant medical history and up-to-date vaccinations is brought to the clinic by her parents due to a 3-day history of fever, tugging at her right ear, and reduced appetite.
2. On examination, her temperature is 38.9°C, and her right tympanic membrane appears erythematous and bulging.
3. Additionally, there is erythema, swelling, and tenderness in the postauricular area.
4. The remainder of the physical examination is unremarkable.",G,medxpert,G,G,G,G,"What is the most appropriate next step in managing this patient?

A. Temporal bone CT with contrast  
B. Oral cefdinir for 7 days  
C. Watchful waiting with follow-up in 48-72 hours  
D. Oral amoxicillin-clavulanate twice daily for 14 days  
E. Oral amoxicillin alone for 10 days  
F. Topical antibiotic ear drops only  
G. Intravenous antibiotics  
H. Myringotomy with tympanostomy tube placement  
I. Intramuscular ceftriaxone single dose  
J. Oral azithromycin for 5 days",High Relevance,High Relevance,High Relevance,Low Relevance,,,,,,,,,,,,,,,,,,944,"['1. A 20-month-old girl with no significant medical history and up-to-date vaccinations is brought to the clinic by her parents due to a 3-day history of fever, tugging at her right ear, and reduced appetite.']",G,medxpert,<answer>Option E</answer>,<answer>Option E</answer>,<answer>Option E</answer>,<answer>Option E</answer>,3,"What is the most appropriate next step in managing this patient?

A. Temporal bone CT with contrast  
B. Oral cefdinir for 7 days  
C. Watchful waiting with follow-up in 48-72 hours  
D. Oral amoxicillin-clavulanate twice daily for 14 days  
E. Oral amoxicillin alone for 10 days  
F. Topical antibiotic ear drops only  
G. Intravenous antibiotics  
H. Myringotomy with tympanostomy tube placement  
I. Intramuscular ceftriaxone single dose  
J. Oral azithromycin for 5 days",G,E,G,True,False
975,ID1510,"1. A 56-year-old woman with no medical comorbidities presented to her primary care clinician with postprandial retrosternal burning that occurred multiple times daily for several years.
2. She had no dysphagia, gastrointestinal bleeding, weight loss, anemia, or exertional chest pain.
3. Over-the-counter antacids provided incomplete benefit.
4. She was prescribed proton pump inhibitor (PPI) therapy with esomeprazole 40 mg, which she took daily, 30 minutes before breakfast.
5. Her heartburn did not improve and continued to bother her daily despite adding famotidine at bedtime.
6. Esophagogastroduodenoscopy (EGD) results, with esophageal mucosal biopsies, were normal.
7. She was referred for esophageal physiologic testing for possible gastroesophageal reflux disease (GERD).
8. Twenty-four-hour ambulatory reflux monitoring was performed after acid suppressive medications were discontinued for 1 week (Table).",D,jama,D,D,D,D,"What Would You Do Next?

A: Increase esomeprazole to 40 mg twice daily.  
B: Perform a barium esophagogram.  
C: Refer to a surgeon for antireflux surgery.  
D: Replace esomeprazole with nortriptyline.",Low Relevance,Low Relevance,Low Relevance,High Relevance,High Relevance,High Relevance,High Relevance,High Relevance,,,,,,,,,,,,,,975,"['1. A 56-year-old woman with no medical comorbidities presented to her primary care clinician with postprandial retrosternal burning that occurred multiple times daily for several years.', '3. Over-the-counter antacids provided incomplete benefit.', '4. She was prescribed proton pump inhibitor (PPI) therapy with esomeprazole 40 mg, which she took daily, 30 minutes before breakfast.', '5. Her heartburn did not improve and continued to bother her daily despite adding famotidine at bedtime.']",D,jama,<answer>Option A</answer>,<answer>Option A</answer>,<answer>Option A</answer>,<answer>Option A</answer>,3,"What Would You Do Next?

A: Increase esomeprazole to 40 mg twice daily.  
B: Perform a barium esophagogram.  
C: Refer to a surgeon for antireflux surgery.  
D: Replace esomeprazole with nortriptyline.",D,A,D,True,False
983,ID1525,"1. An 8-year-old girl was referred to the vitreoretinal service for evaluation of bilateral macular lesions noted by her pediatric ophthalmologist.  
2. Bilateral lateral rectus muscle recession for exotropia was performed 4 years before this presentation.  
3. Medical history was otherwise unremarkable.  
4. The patient was born full term after a normal pregnancy and delivery, with normal growth assessments.  
5. The patient was performing well in school.  
6. On examination, her best-corrected visual acuity was 20/40 OD and 20/40 OS, which was stable from previous visits.  
7. Her pupils were round and reactive.  
8. There was a residual intermittent exotropia of 4 prism diopters bilaterally.  
9. Findings on slitlamp examination of the anterior segment were unremarkable.  
10. A single, 1-cm, oval, lightly pigmented macule with irregular borders was noted on her right upper arm.  
11. Dilated fundus examination revealed eccentric, yellow-clear, preretinal lesions in the maculas of both eyes.  
12. Optical coherence tomography revealed hyperreflective areas on the surface of the macula with a spiculated appearance, projecting anteriorly into the vitreous.  
13. There was an increase in retinal thickness and loss of the foveal contour in both eyes (Figure).  
14. Optical coherence tomography of the right eye (A) showing an atypical epiretinal membrane with anterior projection into the vitreous and hazy borders and the left eye (B) showing a similar epiretinal membrane with mild anterior projection and hazy borders.  
15. Obtain a family medical history and genetic testing Recommend pars plana vitrectomy with epiretinal membrane peel",A,jama,A,A,A,A,"What Would You Do Next?  
A: Obtain a family medical history and genetic testing  
B: Recommend pars plana vitrectomy with epiretinal membrane peel  
C: Observe the lesions  
D: Give an intravitreal ocriplasmin injection",High Relevance,Irrelevant,Low Relevance,Irrelevant,Irrelevant,High Relevance,Irrelevant,Irrelevant,Low Relevance,High Relevance,High Relevance,High Relevance,High Relevance,High Relevance,Irrelevant,,,,,,,983,"['1. An 8-year-old girl was referred to the vitreoretinal service for evaluation of bilateral macular lesions noted by her pediatric ophthalmologist.  ', '2. Bilateral lateral rectus muscle recession for exotropia was performed 4 years before this presentation.  ', '3. Medical history was otherwise unremarkable.  ', '6. On examination, her best-corrected visual acuity was 20/40 OD and 20/40 OS, which was stable from previous visits.  ', '8. There was a residual intermittent exotropia of 4 prism diopters bilaterally.  ', '9. Findings on slitlamp examination of the anterior segment were unremarkable.  ', '10. A single, 1-cm, oval, lightly pigmented macule with irregular borders was noted on her right upper arm.  ', '11. Dilated fundus examination revealed eccentric, yellow-clear, preretinal lesions in the maculas of both eyes.  ', '12. Optical coherence tomography revealed hyperreflective areas on the surface of the macula with a spiculated appearance, projecting anteriorly into the vitreous.  ', '13. There was an increase in retinal thickness and loss of the foveal contour in both eyes (Figure).  ', '14. Optical coherence tomography of the right eye (A) showing an atypical epiretinal membrane with anterior projection into the vitreous and hazy borders and the left eye (B) showing a similar epiretinal membrane with mild anterior projection and hazy borders.  ']",A,jama,<answer>Option C</answer>,<answer>Option C</answer>,<answer>Option A</answer>,<answer>Option A</answer>,3,"What Would You Do Next?  
A: Obtain a family medical history and genetic testing  
B: Recommend pars plana vitrectomy with epiretinal membrane peel  
C: Observe the lesions  
D: Give an intravitreal ocriplasmin injection",A,C,A,True,False
1009,ID1565,"1. A 66-year-old man presents to the clinic with a 6-week history of bloody stools.  
2. He describes the blood as bright red wisps that float on the surface of the stool.  
3. He has no pain with bowel movements but notes on occasion he may strain.  
4. He does not endorse fatigue, fever, constipation, diarrhea, nausea, vomiting, abdominal pain, weight loss, or dyspnea.  
5. His last colonoscopy was 3 years prior to presentation and was benign.  
6. He has a medical history significant for hypertension that is well-controlled with lisinopril.  
7. He had an uncomplicated appendectomy when he was 23 years old.  
8. He has no family history of gastrointestinal malignancy.  
9. His temperature is 98.6°F (37.0°C), blood pressure is 140/90 mmHg, pulse is 76/min, and respirations are 16/min.  
10. On physical exam, the patient's abdomen is soft, non-distended, and non-tender with normal bowel sounds and without organomegaly or masses.  
11. The anus is patent without fissures, hemorrhoids, or skin tags.",B,medbullets,B,B,B,B,"Which of the following is the most appropriate next step in management?

A. Increase fiber in diet  
B. Colonoscopy  
C. Observation  
D. Sigmoidoscopy",High Relevance,High Relevance,Low Relevance,Low Relevance,High Relevance,Irrelevant,Irrelevant,Low Relevance,Low Relevance,Low Relevance,High Relevance,,,,,,,,,,,1009,"['1. A 66-year-old man presents to the clinic with a 6-week history of bloody stools.  ', '2. He describes the blood as bright red wisps that float on the surface of the stool.  ', '4. He does not endorse fatigue, fever, constipation, diarrhea, nausea, vomiting, abdominal pain, weight loss, or dyspnea.  ', '5. His last colonoscopy was 3 years prior to presentation and was benign.  ']",B,medbullets,<answer>Option A</answer>,<answer>Option A</answer>,<answer>Option B</answer>,<answer>Option B</answer>,3,"Which of the following is the most appropriate next step in management?

A. Increase fiber in diet  
B. Colonoscopy  
C. Observation  
D. Sigmoidoscopy",B,A,B,True,False
1010,ID1566,"1. An 82-year-old man with a history of atrial fibrillation presents to the emergency room complaining of sudden-onset, painless vision loss in his right eye starting 2 days ago.
2. When it started, he felt like a “curtain was pulled down” over his right eye but wasn't able to seek care immediately because it was snowing outside and he didn't want to travel in inclement weather.
3. A review of systems is significant for occasional palpitations and presyncope.
4. The patient’s medications include aspirin and carvedilol.
5. He reports that he is a smoker with a 50-pack-year history.
6. The patient’s temperature is 99°F (37.2°C), blood pressure is 112/72 mmHg, pulse is 84/min, and respirations are 14/min with an oxygen saturation of 97% on room air.
7. Physical exam reveals 20/800 vision in the right eye.
8. A fundoscopic exam of the right eye is shown in Figure A.
9. Physical and fundoscopic examinations of the left eye are unremarkable.",B,medbullets,B,B,A,B,"Which of the following is the most appropriate next step in management?

A. Start retinal photocoagulation  
B. Continue aspirin and start statin therapy  
C. Administer tissue plasma activator  
D. Start timolol drops",High Relevance,High Relevance,Irrelevant,Irrelevant,Irrelevant,Irrelevant,High Relevance,High Relevance,Low Relevance,,,,,,,,,,,,,1010,"['1. An 82-year-old man with a history of atrial fibrillation presents to the emergency room complaining of sudden-onset, painless vision loss in his right eye starting 2 days ago.', ""2. When it started, he felt like a “curtain was pulled down” over his right eye but wasn't able to seek care immediately because it was snowing outside and he didn't want to travel in inclement weather."", '3. A review of systems is significant for occasional palpitations and presyncope.', '7. Physical exam reveals 20/800 vision in the right eye.', '9. Physical and fundoscopic examinations of the left eye are unremarkable.']",B,medbullets,<answer>Option A</answer>,<answer>Option A</answer>,<answer>Option B</answer>,<answer>Option B</answer>,3,"Which of the following is the most appropriate next step in management?

A. Start retinal photocoagulation  
B. Continue aspirin and start statin therapy  
C. Administer tissue plasma activator  
D. Start timolol drops",B,A,B,True,False
1015,ID1572,"1. A 52-year-old Caucasian woman presents to the emergency department with dizziness, confusion, headache, and tinnitus.
2. Her vital signs include a respiratory rate of 26/min, blood pressure of 100/70 mmHg, and pulse of 100/min, regular.
3. She has a history of rheumatoid arthritis and has been on long-term medication for its treatment.
4. Her husband states that her symptoms began two hours ago after she ingested a large number of her medication during an episode of anger.
5. She has also experienced two episodes of vomiting since taking the pills.",F,medxpert,F,F,F,F,"Which of the following should be administered to accelerate the excretion of the ingested medication?

A. Whole bowel irrigation  
B. Calcium gluconate  
C. Vitamin K administration  
D. Hemodialysis  
E. Acetylcysteine  
F. Sodium bicarbonate  
G. Multiple-dose activated charcoal  
H. Gastric lavage  
I. Forced alkaline diuresis  
J. Activated charcoal",High Relevance,High Relevance,High Relevance,High Relevance,Low Relevance,,,,,,,,,,,,,,,,,1015,"['1. A 52-year-old Caucasian woman presents to the emergency department with dizziness, confusion, headache, and tinnitus.', '2. Her vital signs include a respiratory rate of 26/min, blood pressure of 100/70 mmHg, and pulse of 100/min, regular.', '3. She has a history of rheumatoid arthritis and has been on long-term medication for its treatment.', '4. Her husband states that her symptoms began two hours ago after she ingested a large number of her medication during an episode of anger.']",F,medxpert,<answer>Option I</answer>,<answer>Option [F]</answer>,<answer>Option I</answer>,<answer>Option F</answer>,2,"Which of the following should be administered to accelerate the excretion of the ingested medication?

A. Whole bowel irrigation  
B. Calcium gluconate  
C. Vitamin K administration  
D. Hemodialysis  
E. Acetylcysteine  
F. Sodium bicarbonate  
G. Multiple-dose activated charcoal  
H. Gastric lavage  
I. Forced alkaline diuresis  
J. Activated charcoal",F,I,F,True,False
1029,ID1590,"1. A 15-year-old girl comes to the emergency department because, she says, ""something has been sticking out of my bottom since I had a bowel movement this morning."" She has not had previous episodes, although for more than 1 year she has had occasional difficulty passing stools.
2. She is not in pain but is afraid to move her bowels for fear that the problem will worsen.
3. She tells you that she moved away from home more than a year ago and that her parents contribute nothing to her support.
4. She has a 6-month-old child and lives with a 28-year-old female cousin.
5. She has never been married and does not work or attend school.
6. She has no other symptoms.",A,mmlu,A,A,A,A,"In order to follow the correct procedure for treating a minor, which of the following is the most appropriate step prior to evaluating this patient's rectal problem?

A. Accept the girl's consent as sufficient

B. Obtain a court order permitting evaluation

C. Obtain the written consent of at least two licensed physicians

D. Obtain written consent from at least one of her parents",High Relevance,Irrelevant,High Relevance,High Relevance,Low Relevance,Irrelevant,,,,,,,,,,,,,,,,1029,"['1. A 15-year-old girl comes to the emergency department because, she says, ""something has been sticking out of my bottom since I had a bowel movement this morning."" She has not had previous episodes, although for more than 1 year she has had occasional difficulty passing stools.']",A,mmlu,<answer>Option D</answer>,<answer>Option D</answer>,<answer>Option D</answer>,<answer>Option D</answer>,3,"In order to follow the correct procedure for treating a minor, which of the following is the most appropriate step prior to evaluating this patient's rectal problem?

A. Accept the girl's consent as sufficient

B. Obtain a court order permitting evaluation

C. Obtain the written consent of at least two licensed physicians

D. Obtain written consent from at least one of her parents",A,D,A,True,False
1043,ID1617,"1. A 23-year-old woman presents to the emergency department with worsening abdominal pain, nausea, and vomiting that began suddenly four hours ago following intercourse with her partner.
2. She denies fever, diarrhea, vaginal bleeding, or discharge.
3. She experienced menarche at age 13, and her last menstrual period was four weeks ago.
4. Her only medication is an oral combination contraceptive.
5. Vital signs are as follows:

| Temperature | 37.5°C (99.5°F) |
| --- | --- |
| Heart rate | 100/min |
| Respirations | 22/min |
| Blood pressure | 110/70 mm Hg |

On abdominal examination, there is severe tenderness in the right lower quadrant with rebound and guarding.
6. Pelvic examination reveals right adnexal tenderness.
7. Laboratory findings include a hemoglobin concentration of 12 g/dL, leukocyte count of 9,000/mm³, and platelet count of 250,000/mm³.
8. A urine pregnancy test is negative.",D,medxpert,D,D,D,D,"Which Chapman reflex point corresponds to this patient’s condition?

A. paraspinal muscles at T12  
B. intertransverse space between L1 and L2  
C. McBurney's point  
D. intertransverse space between T10 and T11  
E. sacroiliac joint  
F. transverse process of L2  
G. posterior superior iliac spine  
H. costovertebral angle at T8  
I. tip of the 12th rib  
J. spinous process of L4",High Relevance,Low Relevance,Low Relevance,Low Relevance,High Relevance,,,,,,,,,,,,,,,,,1043,"['1. A 23-year-old woman presents to the emergency department with worsening abdominal pain, nausea, and vomiting that began suddenly four hours ago following intercourse with her partner.', '5. Vital signs are as follows:\n\n| Temperature | 37.5°C (99.5°F) |\n| --- | --- |\n| Heart rate | 100/min |\n| Respirations | 22/min |\n| Blood pressure | 110/70 mm Hg |\n\nOn abdominal examination, there is severe tenderness in the right lower quadrant with rebound and guarding.', '6. Pelvic examination reveals right adnexal tenderness.']",D,medxpert,<answer>Option I</answer>,<answer>Option I</answer>,<answer>Option D</answer>,<answer>Option D</answer>,3,"Which Chapman reflex point corresponds to this patient’s condition?

A. paraspinal muscles at T12  
B. intertransverse space between L1 and L2  
C. McBurney's point  
D. intertransverse space between T10 and T11  
E. sacroiliac joint  
F. transverse process of L2  
G. posterior superior iliac spine  
H. costovertebral angle at T8  
I. tip of the 12th rib  
J. spinous process of L4",D,I,D,True,False
1054,ID1640,"1. A 40-year-old male presents with a 4-month history of upper back pain localized to the right paraspinal region, worsened by prolonged sitting.  
2. He denies any history of trauma, numbness, or weakness.  
3. His past medical history is unremarkable, and he works as a security guard.  
4. On physical examination, muscle strength, tone, and reflexes in the upper extremities are normal bilaterally, and sensation is intact.  
5. The examination reveals restricted back flexion and a tender point on the T4 transverse process on the right.  
6. The patient consents to osteopathic manipulative treatment.",E,medxpert,E,,E,,"Which of the following positions is most appropriate for counterstrain treatment?

A. Flexed torso, sidebent right, rotated right  
B. Flexed torso, sidebent right, rotated left  
C. Extended torso, sidebent right, rotated left  
D. Extended torso, sidebent right, rotated right  
E. Extended torso, sidebent left, rotated right  
F. Extended torso, sidebent left, rotated left  
G. Neutral torso, sidebent left, rotated right  
H. Neutral torso, sidebent right, rotated right  
I. Flexed torso, sidebent left, rotated right  
J. Extended torso, sidebent left, rotated neutral",Low Relevance,Irrelevant,Irrelevant,Irrelevant,High Relevance,Low Relevance,,,,,,,,,,,,,,,,1054,"['1. A 40-year-old male presents with a 4-month history of upper back pain localized to the right paraspinal region, worsened by prolonged sitting.  ', '5. The examination reveals restricted back flexion and a tender point on the T4 transverse process on the right.  ']",E,medxpert,<answer>Option F</answer>,<answer>Option F</answer>,<answer>Option F</answer>,<answer>Option F</answer>,3,"Which of the following positions is most appropriate for counterstrain treatment?

A. Flexed torso, sidebent right, rotated right  
B. Flexed torso, sidebent right, rotated left  
C. Extended torso, sidebent right, rotated left  
D. Extended torso, sidebent right, rotated right  
E. Extended torso, sidebent left, rotated right  
F. Extended torso, sidebent left, rotated left  
G. Neutral torso, sidebent left, rotated right  
H. Neutral torso, sidebent right, rotated right  
I. Flexed torso, sidebent left, rotated right  
J. Extended torso, sidebent left, rotated neutral",E,F,E,True,False
1069,ID1664,"1. A woman in her 60s presented with a 1-month history of painless, blurred vision in the left eye.
2. Her medical history was significant for Waldenström macroglobulinemia (WM), and recent laboratory test results showed active WM with bone marrow involvement.
3. Results of the eye examination showed best-corrected visual acuity of 20/20 OD and 20/40 OS.
4. Anterior segment examination results showed a relatively shallow anterior chamber in the left eye.
5. Results of a dilated fundus examination showed a choroidal detachment in the left eye extending circumferentially from the 2-o’clock to the 5-o’clock position and extending posteriorly up to 3 to 4 disc diameters temporal to the macula (Figure, A).
6. There was vitreous hemorrhage with a poor view of the posterior pole (Figure, A).
7. A, Ultra-widefield fundus photograph of the left eye showing posterior vitreous hemorrhage (white arrowhead) and a choroidal detachment temporally (yellow arrowheads).
8. B, Anterior segment spectral domain optical coherence tomography of the left eye showing the narrow angle from suprachoroidal effusion.
9. Results of fundus fluorescein angiography of the left eye showed hypofluorescence corresponding to vitreous hemorrhage.
10. Tortuosity of the temporal vessels was prominent, with diffuse peripheral vascular leakage temporally.
11. Choroidal folds were observed 3 disc diameters temporal to the macula, extending to the periphery.
12. Peripheral capillary nonperfusion, vascular reorganization, neovascularization, and choroidal detachment were noted.
13. Anterior segment spectral domain optical coherence tomographic results showed a shallow anterior chamber and 360° narrow angles in the left eye (Figure, B).
14. Results of B-scan ultrasonography confirmed choroidal detachment in the left eye and revealed a small area of suprachoroidal effusion in the right eye in the superotemporal periphery.
15. Treat with combined systemic chemotherapy and pars plana vitrectomy",D,jama,D,D,D,C,"What Would You Do Next?

A: Observe the patient  
B: Perform pars plana vitrectomy  
C: Treat with systemic chemotherapy  
D: Treat with combined systemic chemotherapy and pars plana vitrectomy",Low Relevance,High Relevance,Low Relevance,Low Relevance,High Relevance,High Relevance,Low Relevance,High Relevance,Low Relevance,Low Relevance,Low Relevance,High Relevance,High Relevance,High Relevance,Low Relevance,,,,,,,1069,"['1. A woman in her 60s presented with a 1-month history of painless, blurred vision in the left eye.', '2. Her medical history was significant for Waldenström macroglobulinemia (WM), and recent laboratory test results showed active WM with bone marrow involvement.', '3. Results of the eye examination showed best-corrected visual acuity of 20/20 OD and 20/40 OS.', '4. Anterior segment examination results showed a relatively shallow anterior chamber in the left eye.', '5. Results of a dilated fundus examination showed a choroidal detachment in the left eye extending circumferentially from the 2-o’clock to the 5-o’clock position and extending posteriorly up to 3 to 4 disc diameters temporal to the macula (Figure, A).', '6. There was vitreous hemorrhage with a poor view of the posterior pole (Figure, A).', '7. A, Ultra-widefield fundus photograph of the left eye showing posterior vitreous hemorrhage (white arrowhead) and a choroidal detachment temporally (yellow arrowheads).', '9. Results of fundus fluorescein angiography of the left eye showed hypofluorescence corresponding to vitreous hemorrhage.', '10. Tortuosity of the temporal vessels was prominent, with diffuse peripheral vascular leakage temporally.', '12. Peripheral capillary nonperfusion, vascular reorganization, neovascularization, and choroidal detachment were noted.', '13. Anterior segment spectral domain optical coherence tomographic results showed a shallow anterior chamber and 360° narrow angles in the left eye (Figure, B).', '14. Results of B-scan ultrasonography confirmed choroidal detachment in the left eye and revealed a small area of suprachoroidal effusion in the right eye in the superotemporal periphery.']",D,jama,<answer>Option C</answer>,<answer>Option C</answer>,<answer>Option C</answer>,<answer>Option C</answer>,3,"What Would You Do Next?

A: Observe the patient  
B: Perform pars plana vitrectomy  
C: Treat with systemic chemotherapy  
D: Treat with combined systemic chemotherapy and pars plana vitrectomy",D,C,D,True,False
1074,ID1672,"1. A 72-year-old woman was treated with a total postoperative radiotherapy dose of 55.86 Gy (to convert to rad, divide by 0.01) in 21 fractions after lumpectomy of a cT1bN0M0 mammary carcinoma.
2. Two months after the last dose of radiation she developed pruritic pustules and papules on the skin of the ipsilateral right breast.
3. She mentioned that she had a cold sore once several years ago.
4. Levoceterizine gave some relief of the itch.
5. Physical examination findings showed pustules surrounding the areola on the right breast with an increasing number in the submammary fold (Figure 1).",D,jama,D,C,D,D,"What Is Your Diagnosis?

A: Bacterial folliculitis  
B: Herpes infection  
C: Pityrosporum folliculitis  
D: Reaction to radiotherapy",High Relevance,High Relevance,Low Relevance,Low Relevance,High Relevance,,,,,,,,,,,,,,,,,1074,"['1. A 72-year-old woman was treated with a total postoperative radiotherapy dose of 55.86 Gy (to convert to rad, divide by 0.01) in 21 fractions after lumpectomy of a cT1bN0M0 mammary carcinoma.', '2. Two months after the last dose of radiation she developed pruritic pustules and papules on the skin of the ipsilateral right breast.', '5. Physical examination findings showed pustules surrounding the areola on the right breast with an increasing number in the submammary fold (Figure 1).']",D,jama,<answer>Option C</answer>,<answer>Option C</answer>,<answer>Option C</answer>,<answer>Option C</answer>,3,"What Is Your Diagnosis?

A: Bacterial folliculitis  
B: Herpes infection  
C: Pityrosporum folliculitis  
D: Reaction to radiotherapy",D,C,D,True,False
1082,ID1684,"1. A 24-year-old G1P0000 woman attends her first prenatal visit at approximately 8 weeks of gestation.
2. She reports no significant symptoms other than increased fatigue and occasional nausea.
3. The patient recently immigrated from Africa and works as a babysitter for neighborhood children, one of whom recently had the flu and another with chickenpox.
4. She has no immunization records and does not recall receiving any vaccines.
5. She is sexually active only with her husband, has no history of sexually transmitted infections or intravenous drug use, and her husband has no medical issues.
6. Her temperature is 98.7°F (37.1°C), blood pressure is 122/76 mmHg, pulse is 66/min, and respirations are 12/min.
7. Physical examination is unremarkable.",G,medxpert,G,G,G,G,"Which of the following vaccines should be administered to this patient at this time?

A. Tetanus/Diphtheria/Pertussis vaccine  
B. Rabies vaccine  
D. Live-attenuated influenza vaccine  
E. Varicella vaccine  
G. Intramuscular flu vaccine  
H. Pneumococcal conjugate vaccine  
I. Hepatitis A vaccine  
J. Hepatitis B vaccine",High Relevance,Irrelevant,High Relevance,High Relevance,Low Relevance,Irrelevant,Irrelevant,,,,,,,,,,,,,,,1082,"['3. The patient recently immigrated from Africa and works as a babysitter for neighborhood children, one of whom recently had the flu and another with chickenpox.', '4. She has no immunization records and does not recall receiving any vaccines.']",G,medxpert,<answer>Option E</answer>,<answer>Option E</answer>,<answer>Option E</answer>,<answer>Option E</answer>,3,"Which of the following vaccines should be administered to this patient at this time?

A. Tetanus/Diphtheria/Pertussis vaccine  
B. Rabies vaccine  
D. Live-attenuated influenza vaccine  
E. Varicella vaccine  
G. Intramuscular flu vaccine  
H. Pneumococcal conjugate vaccine  
I. Hepatitis A vaccine  
J. Hepatitis B vaccine",G,E,G,True,False
1126,ID1751,"1. A 34-year-old woman presents to the clinic with complaints of right shoulder pain and mild shortness of breath.  
2. Her medical history includes asthma, but she reports no relief from her symptoms after using her albuterol inhaler.  
3. She denies chest or abdominal pain.  
4. Vital signs are within normal limits.  
5. On physical examination, breath sounds are clear bilaterally without wheezing.  
6. Rib motion palpation reveals that the right first rib does not move with the rest of the ribs during exhalation.  
7. Both shoulders have a full range of motion.",H,medxpert,H,H,H,H,"If seated high-velocity/low-amplitude (HVLA) technique is used for treatment, what is the correct patient positioning and direction of the activating force?

A. Neck is extended and sidebent right, force of thrust posterior to anterior only  
B. Neck is rotated left with neutral sidebending, force of thrust caudad and medial  
C. Neck is sidebent and rotated left, force of thrust caudad only  
D. Neck is neutral, force of thrust anterior to posterior and cephalad  
E. Neck is sidebent right with neutral rotation, force of thrust posterior to anterior only  
F. Neck is neutral with slight flexion, force of thrust cephalad and lateral  
G. Neck is sidebent and rotated right, force of thrust posterior to anterior and caudad  
H. Neck is sidebent right and rotated left, force of thrust posterior to anterior and caudad  
I. Neck is flexed and rotated right, force of thrust lateral to medial and caudad  
J. Neck is sidebent left and rotated right, force of thrust anterior to posterior and caudad",Low Relevance,Low Relevance,Irrelevant,Irrelevant,Irrelevant,High Relevance,Low Relevance,,,,,,,,,,,,,,,1126,"['1. A 34-year-old woman presents to the clinic with complaints of right shoulder pain and mild shortness of breath.  ', '2. Her medical history includes asthma, but she reports no relief from her symptoms after using her albuterol inhaler.  ', '6. Rib motion palpation reveals that the right first rib does not move with the rest of the ribs during exhalation.  ']",H,medxpert,<answer>Option B</answer>,<answer>Option B</answer>,<answer>Option H</answer>,<answer>Option H</answer>,3,"If seated high-velocity/low-amplitude (HVLA) technique is used for treatment, what is the correct patient positioning and direction of the activating force?

A. Neck is extended and sidebent right, force of thrust posterior to anterior only  
B. Neck is rotated left with neutral sidebending, force of thrust caudad and medial  
C. Neck is sidebent and rotated left, force of thrust caudad only  
D. Neck is neutral, force of thrust anterior to posterior and cephalad  
E. Neck is sidebent right with neutral rotation, force of thrust posterior to anterior only  
F. Neck is neutral with slight flexion, force of thrust cephalad and lateral  
G. Neck is sidebent and rotated right, force of thrust posterior to anterior and caudad  
H. Neck is sidebent right and rotated left, force of thrust posterior to anterior and caudad  
I. Neck is flexed and rotated right, force of thrust lateral to medial and caudad  
J. Neck is sidebent left and rotated right, force of thrust anterior to posterior and caudad",H,B,H,True,False
1155,ID1795,"1. A 55-year-old male patient arrives for a routine visit accompanied by his 15-year-old son.  
2. The patient has limited English proficiency, primarily communicating in his native language which you do not understand, though he can manage basic English phrases.  
3. A professional telephone interpreter service has a 30-minute wait time.  
4. Through his son's translation, the patient describes experiencing fever, nausea, lower abdominal pain, and changes in urine odor.",A,medxpert,A,,,A,"What would be the most appropriate way to proceed with this clinical interview?  
A. Begin a basic evaluation, but wait for the professional interpreter before obtaining a more thorough history  
B. Proceed with the clinical interview using the son as the interpreter without obtaining permission  
C. Conduct the interview in English, using simplified language and writing down questions for the patient to read  
D. Use a smartphone translation application to facilitate the clinical interview  
E. Use nonverbal communication and gestures to gather as much information as possible while waiting for the interpreter  
F. Reschedule the appointment for a day when an interpreter is available in person  
G. Wait until the professional interpreter becomes available before beginning any evaluation  
H. Use the son as an interpreter for the entire clinical interview, as he is fluent in both languages  
I. Obtain permission from the patient to have the son act as an interpreter  
J. Ask the patient’s son to translate only the most urgent questions while waiting for the professional interpreter",High Relevance,High Relevance,High Relevance,High Relevance,,,,,,,,,,,,,,,,,,1155,"['2. The patient has limited English proficiency, primarily communicating in his native language which you do not understand, though he can manage basic English phrases.  ', '3. A professional telephone interpreter service has a 30-minute wait time.  ']",A,medxpert,<answer>Option J</answer>,<answer>Option J</answer>,<answer>Option A</answer>,<answer>Option A</answer>,3,"What would be the most appropriate way to proceed with this clinical interview?  
A. Begin a basic evaluation, but wait for the professional interpreter before obtaining a more thorough history  
B. Proceed with the clinical interview using the son as the interpreter without obtaining permission  
C. Conduct the interview in English, using simplified language and writing down questions for the patient to read  
D. Use a smartphone translation application to facilitate the clinical interview  
E. Use nonverbal communication and gestures to gather as much information as possible while waiting for the interpreter  
F. Reschedule the appointment for a day when an interpreter is available in person  
G. Wait until the professional interpreter becomes available before beginning any evaluation  
H. Use the son as an interpreter for the entire clinical interview, as he is fluent in both languages  
I. Obtain permission from the patient to have the son act as an interpreter  
J. Ask the patient’s son to translate only the most urgent questions while waiting for the professional interpreter",A,J,A,True,False
1156,ID1797,"1. A 50-year-old healthy woman underwent an uncomplicated elective clipping of a right middle cerebral artery aneurysm via pterional craniotomy.
2. Ophthalmology was consulted urgently in the recovery room because of complaints of vision loss and ophthalmoplegia in the right eye.
3. On examination, visual acuity was no light perception (NLP) OD and 20/20 OS.
4. Pupils were equal and round, with a 3+ relative afferent pupillary defect in the right eye.
5. Intraocular pressure was within normal limits in both eyes.
6. There was complete ophthalmoplegia in the right eye with no signs of restriction on forced ductions and normal motility in the left eye.
7. Visual field was full to confrontation in the left eye.
8. The right eye also demonstrated mild fullness of the orbit, right cheek skin erythema, trace proptosis, and trace conjunctival chemosis.
9. Posterior examination was significant for diffuse retinal whitening with a cherry-red spot in the macula in the right eye (Figure 1A).
10. There were no other neurologic deficits identified on examination.Case presentation.
11. A, Fundus photograph of right eye showing diffuse retinal whitening with a cherry-red spot.
12. B, Immediate postoperative magnetic resonance imaging showing enlarged extraocular muscles on the right side (arrowheads).A computed tomography scan without contrast did not show an acute intracranial hemorrhage and demonstrated diffuse enlargement of the right extraocular muscles.
13. Magnetic resonance imaging of the brain and orbits with contrast again showed enlargement and abnormal signal of the extraocular muscles on the right (Figure 1B); there was no evidence of cavernous sinus pathology.",B,jama,B,B,D,B,"What Would You Do Next?

A: Immediate surgical re-exploration  
B: Emergent angiography  
C: Immediate anticoagulation  
D: Lateral canthotomy and cantholysis",Low Relevance,High Relevance,High Relevance,High Relevance,High Relevance,High Relevance,Low Relevance,Low Relevance,High Relevance,Low Relevance,Low Relevance,High Relevance,High Relevance,,,,,,,,,1156,"['1. A 50-year-old healthy woman underwent an uncomplicated elective clipping of a right middle cerebral artery aneurysm via pterional craniotomy.', '2. Ophthalmology was consulted urgently in the recovery room because of complaints of vision loss and ophthalmoplegia in the right eye.', '3. On examination, visual acuity was no light perception (NLP) OD and 20/20 OS.', '4. Pupils were equal and round, with a 3+ relative afferent pupillary defect in the right eye.', '6. There was complete ophthalmoplegia in the right eye with no signs of restriction on forced ductions and normal motility in the left eye.', '8. The right eye also demonstrated mild fullness of the orbit, right cheek skin erythema, trace proptosis, and trace conjunctival chemosis.', '9. Posterior examination was significant for diffuse retinal whitening with a cherry-red spot in the macula in the right eye (Figure 1A).', '11. A, Fundus photograph of right eye showing diffuse retinal whitening with a cherry-red spot.', '12. B, Immediate postoperative magnetic resonance imaging showing enlarged extraocular muscles on the right side (arrowheads).A computed tomography scan without contrast did not show an acute intracranial hemorrhage and demonstrated diffuse enlargement of the right extraocular muscles.', '13. Magnetic resonance imaging of the brain and orbits with contrast again showed enlargement and abnormal signal of the extraocular muscles on the right (Figure 1B); there was no evidence of cavernous sinus pathology.']",B,jama,<answer>Option D</answer>,<answer>Option D</answer>,<answer>Option B</answer>,<answer>Option B</answer>,3,"What Would You Do Next?

A: Immediate surgical re-exploration  
B: Emergent angiography  
C: Immediate anticoagulation  
D: Lateral canthotomy and cantholysis",B,D,B,True,False
1163,ID1809,"1. A woman in her 50s presented with “speckled” red lesions on her bilateral arms, lower legs, and feet.
2. They had first appeared on her lower legs 15 years ago and were slowly increasing in number and spreading to involve her feet and bilateral upper extremities.
3. The patient denied tenderness, pruritus, and edema.
4. She reported no family history of this problem and denied any personal history of anemia, epistaxis, hematemesis, melena, hematochezia, or hemoptysis.
5. She had a medical history of hypertension, hyperlipidemia, and tobacco abuse, requiring treatment with losartan and atorvastatin.
6. Physical examination revealed punctate, blanchable telangiectasias coalescing to form large, retiform patches on her bilateral lower extremities, feet, and upper extremities (Figure, A).
7. There was no conjunctival or mucosal involvement.
8. The patient reported no dermatographism or purpura.
9. Histologic findings from a biopsy specimen are shown in the Figure, B.
10. A, Multiple telangiectasias coalescing to form large, retiform patches on the bilateral lower extremities.
11. B, Dilated, ectatic vessels in the superficial dermis with no associated inflammation or fibrinoid necrosis (hematoxylin-eosin, original magnification ×200).",C,jama,C,C,C,C,"What Is Your Diagnosis?

A: Hereditary hemorrhagic telangiectasia  
B: Cutaneous collagenous vasculopathy  
C: Generalized essential telangiectasia  
D: Systemic lupus erythematosus",High Relevance,High Relevance,Low Relevance,High Relevance,Irrelevant,High Relevance,High Relevance,Low Relevance,Irrelevant,High Relevance,High Relevance,,,,,,,,,,,1163,"['1. A woman in her 50s presented with “speckled” red lesions on her bilateral arms, lower legs, and feet.', '2. They had first appeared on her lower legs 15 years ago and were slowly increasing in number and spreading to involve her feet and bilateral upper extremities.', '6. Physical examination revealed punctate, blanchable telangiectasias coalescing to form large, retiform patches on her bilateral lower extremities, feet, and upper extremities (Figure, A).', '10. A, Multiple telangiectasias coalescing to form large, retiform patches on the bilateral lower extremities.', '11. B, Dilated, ectatic vessels in the superficial dermis with no associated inflammation or fibrinoid necrosis (hematoxylin-eosin, original magnification ×200).']",C,jama,<answer>Option B</answer>,<answer>Option B</answer>,<answer>Option [C]</answer>,<answer>Option C</answer>,2,"What Is Your Diagnosis?

A: Hereditary hemorrhagic telangiectasia  
B: Cutaneous collagenous vasculopathy  
C: Generalized essential telangiectasia  
D: Systemic lupus erythematosus",C,B,C,True,False
1165,ID1812,"1. A 27-year-old woman presents to the emergency department with altered mental status.
2. Her boyfriend found her at home next to a suicide note and brought her into the emergency department.
3. According to her boyfriend, the patient has a medical history of bipolar disorder for which she takes lithium, as well as chronic lower back pain for which she sees a pain specialist.
4. Her temperature is 100.5°F (38.1°C), blood pressure is 102/78 mmHg, pulse is 127/min, respirations are 19/min, and oxygen saturation is 99% on room air.
5. An ECG is performed as seen in Figure A.",C,medbullets,C,C,C,C,"Which of the following findings is also likely to be present at some point in this patient’s course?

A. Miosis  
B. Diaphoresis  
C. Urinary retention  
D. Wheezing",High Relevance,High Relevance,High Relevance,High Relevance,High Relevance,,,,,,,,,,,,,,,,,1165,"['2. Her boyfriend found her at home next to a suicide note and brought her into the emergency department.', '3. According to her boyfriend, the patient has a medical history of bipolar disorder for which she takes lithium, as well as chronic lower back pain for which she sees a pain specialist.']",C,medbullets,<answer>Option A</answer>,<answer>Option [C]</answer>,<answer>Option A</answer>,<answer>Option C</answer>,2,"Which of the following findings is also likely to be present at some point in this patient’s course?

A. Miosis  
B. Diaphoresis  
C. Urinary retention  
D. Wheezing",C,A,C,True,False
1174,ID1825,"1. A 15-year-old male presents to the emergency department with sudden-onset abdominal pain that started in the periumbilical region and later shifted to the right lower quadrant.  
2. He has been vomiting and has had a fever for the past 4 hours.  
3. He and his father consent to participate in a research study evaluating a new diagnostic test measuring ""serum protein Y"" for appendicitis.  
4. The study involves recruiting patients with abdominal pain, measuring ""serum protein Y"" levels using point-of-care technology, and determining the presence of appendicitis through expert review of clinical, laboratory, imaging, and histopathologic findings.  
5. The patient and his father are informed that the study will not benefit him directly but may help future patients.  
6. During evaluation, an abdominal CT scan shows mild thickening of the appendix with surrounding inflammation, and the patient is scheduled for urgent surgical exploration.  
7. As part of the study, a research assistant collects a fingerstick blood sample and performs the ""serum protein Y"" test, which yields a very low result, hypothesized to suggest low risk for appendicitis.  
8. The result is entered into the study database for future analysis.",H,medxpert,H,H,H,J,"At this stage, who should the research assistant notify about the experimental test result?

A. The emergency department physician and the surgeon  
B. The surgeon performing the appendectomy  
C. The patient’s insurance provider  
D. The research assistant’s supervisor  
E. The principal investigator of the study, the surgeon, and the patient  
G. The patient and his father  
H. No one else  
I. The patient’s primary care physician  
J. The principal investigator of the study",Low Relevance,Low Relevance,High Relevance,High Relevance,High Relevance,Low Relevance,High Relevance,High Relevance,,,,,,,,,,,,,,1174,"['1. A 15-year-old male presents to the emergency department with sudden-onset abdominal pain that started in the periumbilical region and later shifted to the right lower quadrant.  ', '2. He has been vomiting and has had a fever for the past 4 hours.  ', '3. He and his father consent to participate in a research study evaluating a new diagnostic test measuring ""serum protein Y"" for appendicitis.  ', '4. The study involves recruiting patients with abdominal pain, measuring ""serum protein Y"" levels using point-of-care technology, and determining the presence of appendicitis through expert review of clinical, laboratory, imaging, and histopathologic findings.  ', '5. The patient and his father are informed that the study will not benefit him directly but may help future patients.  ', '7. As part of the study, a research assistant collects a fingerstick blood sample and performs the ""serum protein Y"" test, which yields a very low result, hypothesized to suggest low risk for appendicitis.  ']",H,medxpert,<answer>Option J</answer>,<answer>Option J</answer>,<answer>Option J</answer>,<answer>Option J</answer>,3,"At this stage, who should the research assistant notify about the experimental test result?

A. The emergency department physician and the surgeon  
B. The surgeon performing the appendectomy  
C. The patient’s insurance provider  
D. The research assistant’s supervisor  
E. The principal investigator of the study, the surgeon, and the patient  
G. The patient and his father  
H. No one else  
I. The patient’s primary care physician  
J. The principal investigator of the study",H,J,H,True,False
1207,ID1868,"1. A woman in her 50s presented with a 4- to 5-year medical history of mildly pruritic coalescent yellowish papules around the umbilicus (Figure 1A).
2. She was obese and multiparous.
3. Examination of the rest of the integument, systemic examination, and investigations including fundoscopy, electrocardiogram, and stool examination for occult blood revealed no significant abnormalities.
4. Dermoscopic examination was performed (polarized mode, Dinolite) as shown in Figure 1B.
5. We obtained a 4-mm punch biopsy from one of the papules for diagnostic clarification (Figure 1C).
6. A, Coalescent yellowish periumbilical papules.
7. B, Polarized dermoscopic image (Dinolite) showing curvilinear brown pigment lines (black arrowhead) with accentuation of normal pigmentary network (green box) without follicular plugging (red circle) or linear vessels (original magnification ×200).
8. C, Lesional specimen (original magnification ×100) showing clumped eosinophilic elastic fibers (asterisk) in the middermis (inset, original magnification ×40).",A,jama,A,A,A,D,"What Is Your Diagnosis?

A: Periumbilical pseudoxanthoma elasticum  
B: Periumbilical pseudoxanthoma elasticum–like papillary dermal elastolysis  
C: Elastosis perforans serpiginosa  
D: Late-onset focal dermal elastosis",High Relevance,High Relevance,High Relevance,Low Relevance,Low Relevance,High Relevance,High Relevance,High Relevance,,,,,,,,,,,,,,1207,"['1. A woman in her 50s presented with a 4- to 5-year medical history of mildly pruritic coalescent yellowish papules around the umbilicus (Figure 1A).', '3. Examination of the rest of the integument, systemic examination, and investigations including fundoscopy, electrocardiogram, and stool examination for occult blood revealed no significant abnormalities.', '6. A, Coalescent yellowish periumbilical papules.', '7. B, Polarized dermoscopic image (Dinolite) showing curvilinear brown pigment lines (black arrowhead) with accentuation of normal pigmentary network (green box) without follicular plugging (red circle) or linear vessels (original magnification ×200).', '8. C, Lesional specimen (original magnification ×100) showing clumped eosinophilic elastic fibers (asterisk) in the middermis (inset, original magnification ×40).']",A,jama,<answer>Option D</answer>,<answer>Option D</answer>,<answer>Option A</answer>,<answer>Option D</answer>,3,"What Is Your Diagnosis?

A: Periumbilical pseudoxanthoma elasticum  
B: Periumbilical pseudoxanthoma elasticum–like papillary dermal elastolysis  
C: Elastosis perforans serpiginosa  
D: Late-onset focal dermal elastosis",A,D,A,True,False
1223,ID1892,"1. A 6-year-old female presents to the emergency department with a one-week history of left eye swelling and pain.
2. According to the parent, the condition began as an insect bite on her lower eyelid that has progressively enlarged.
3. Today, the patient developed fever and pain with ocular movement, prompting the visit.
4. She is otherwise healthy with no significant past medical history.
5. Her vital signs show temperature 38.3°C (101°F), blood pressure 108/65 mmHg, heart rate 117/min, respiratory rate 20/min, and oxygen saturation 99% on room air.
6. Physical examination reveals periorbital soft tissue swelling with erythema, tenderness, and pain on extraocular movement.
7. The patient reports blurred vision, though visual acuity testing is normal.
8. Neurological examination is unremarkable.",H,medxpert,H,H,H,H,"What is the most appropriate initial management step?

A. Topical erythromycin ointment and discharge  
B. Surgical consultation  
C. Oral trimethoprim-sulfamethoxazole and close follow-up  
F. Oral amoxicillin-clavulanic acid and discharge home  
G. Immediate ophthalmology consultation and admission  
H. Intravenous vancomycin and ceftriaxone  
I. Intravenous clindamycin monotherapy  
J. Intravenous dexamethasone and antihistamines",High Relevance,Low Relevance,High Relevance,Low Relevance,High Relevance,High Relevance,High Relevance,Irrelevant,,,,,,,,,,,,,,1223,"['1. A 6-year-old female presents to the emergency department with a one-week history of left eye swelling and pain.', '2. According to the parent, the condition began as an insect bite on her lower eyelid that has progressively enlarged.', '3. Today, the patient developed fever and pain with ocular movement, prompting the visit.', '6. Physical examination reveals periorbital soft tissue swelling with erythema, tenderness, and pain on extraocular movement.']",H,medxpert,<answer>Option G</answer>,<answer>Option G</answer>,<answer>Option G</answer>,<answer>Option H</answer>,3,"What is the most appropriate initial management step?

A. Topical erythromycin ointment and discharge  
B. Surgical consultation  
C. Oral trimethoprim-sulfamethoxazole and close follow-up  
F. Oral amoxicillin-clavulanic acid and discharge home  
G. Immediate ophthalmology consultation and admission  
H. Intravenous vancomycin and ceftriaxone  
I. Intravenous clindamycin monotherapy  
J. Intravenous dexamethasone and antihistamines",H,G,H,True,False
1251,ID1932,"1. An otherwise healthy man in his 40s presented with a 3-month history of an asymptomatic nodule on his scalp.  
2. There were no systemic complaints, history of arthropod bite, immunosuppression, travel abroad, or contact with animals in the recent past.  
3. Physical examination revealed a skin-colored, firm, nontender, freely mobile 2 × 1.5-cm nodule with overlying normal skin on the right occipital region of the scalp (Figure, A).  
4. There was no lymphadenopathy.  
5. No other cutaneous lesions were present.A, Clinical photograph shows a 2 × 1.5-cm skin-colored nodule on the occiput.  
6. B, Epidermis is unremarkable.  
7. A nodular lesion surrounded by a fibrous capsule is seen in the dermis with cross-sections of many parasites along with pink material in the nodule (hematoxylin-eosin, original magnification ×2).  
8. C, The parasite morphology depicts a thick cuticle, well-developed inner muscular layer, tubular structures containing microfilariae, and necrotic debris (hematoxylin-eosin, original magnification ×20).  
9. D, Higher magnification shows spinous processes on the outer surface of the cuticle (hematoxylin-eosin, original magnification ×20).The nodule was completely excised and sent for histopathologic examination, which revealed a nodule in the dermis with an unremarkable epidermis.  
10. Cross-sections of parasites were present, surrounded by a fibrous capsule (Figure, B).  
11. The parasite showed an outer cuticle, muscle layer underneath, and gravid uterus filled with microfilariae (Figure, C).  
12. The cuticle demonstrated a wavy pattern of longitudinal ridges on its outer surface (Figure, D).  
13. The fibrous capsule contained mixed inflammatory infiltrate of lymphocytes, eosinophils, histiocytes, and plasma cells.  
14. Findings of slitlamp examination and fundoscopy of the eyes were normal.  
15. Findings of routine hematologic and biochemical investigations were normal.  
16. No microfilaria was seen in peripheral blood.  
17. Findings of chest radiography and abdomen ultrasonography were unremarkable.",B,jama,B,B,B,B,"What Is Your Diagnosis?

A: Onchocercoma  
B: Subcutaneous dirofilariasis  
C: Cutaneous loiasis  
D: Subcutaneous hydatid cyst",Low Relevance,High Relevance,Low Relevance,Low Relevance,Low Relevance,Low Relevance,High Relevance,High Relevance,High Relevance,High Relevance,High Relevance,High Relevance,Low Relevance,Low Relevance,Irrelevant,Low Relevance,Irrelevant,,,,,1251,"['1. An otherwise healthy man in his 40s presented with a 3-month history of an asymptomatic nodule on his scalp.  ', '3. Physical examination revealed a skin-colored, firm, nontender, freely mobile 2\u2009×\u20091.5-cm nodule with overlying normal skin on the right occipital region of the scalp (Figure, A).  ', '5. No other cutaneous lesions were present.A, Clinical photograph shows a 2\u2009×\u20091.5-cm skin-colored nodule on the occiput.  ', '7. A nodular lesion surrounded by a fibrous capsule is seen in the dermis with cross-sections of many parasites along with pink material in the nodule (hematoxylin-eosin, original magnification ×2).  ', '8. C, The parasite morphology depicts a thick cuticle, well-developed inner muscular layer, tubular structures containing microfilariae, and necrotic debris (hematoxylin-eosin, original magnification ×20).  ']",B,jama,<answer>Option A</answer>,<answer>Option A</answer>,<answer>Option A</answer>,<answer>Option A</answer>,3,"What Is Your Diagnosis?

A: Onchocercoma  
B: Subcutaneous dirofilariasis  
C: Cutaneous loiasis  
D: Subcutaneous hydatid cyst",B,A,B,True,False
1254,ID1937,"1. A 52-year-old man with a history of severe primary open-angle glaucoma in both eyes and elevated intraocular pressure (IOP) in response to topical corticosteroids presented with an IOP above target of 19 to 23 mm Hg OS.  
2. He also had mild chronic macular edema in both eyes after remote cataract surgery and vitrectomy with membrane peel in both eyes.  
3. Two years prior, he underwent Baerveldt tube shunt in his left eye, and his IOP since surgery had been 8 to 14 mm Hg.  
4. Ophthalmic medications on presentation were timolol eye drops twice daily, brinzolamide-brimonidine eye drops 3 times daily, bimatoprost eye drops every night at bedtime, bromfenac eye drops once daily, and fluorometholone eye drops twice daily in both eyes.  
5. During his visit, the patient complained of severe physical exhaustion, syncopal episodes, dysphagia, and sinus congestion.  
6. On external examination, he had diffuse facial edema and erythema without proptosis.  
7. Slitlamp examination showed mild chemosis and hyperemia in both eyes and a patent Baerveldt tube ostium in the midanterior chamber with normal bleb morphology without a tense capsule.  
8. A 24-2 Humphrey visual field showed new glaucoma progression in the left eye (Figure 1).  
9. A, A 24-2 Humphrey visual field (HVF) of the left eye after tube shunt showed superior and inferior arcuate defects.  
10. The mean deviation (MD) was −8.57 dB; pattern standard deviation (PSD), 6.53 dB; and visual field index (VFI), 81%.  
11. B, Two years later, 24-2 HVF showed worsening defects.  
12. MD was −14.23 dB; PSD, 6.36 dB; and VFI, 66%.  
13. FL indicates fixation loss; FN, false-negative; FP, false-positive; GHT, Glaucoma Hemifield Test; SITA, Swedish Interactive Testing Algorithm.",B,jama,B,B,B,B,"What Would You Do Next?

A: Discontinue fluorometholone eye drops  
B: Perform systemic workup, including chest imaging  
C: Add netarsudil eye drops every night at bedtime in the left eye  
D: Place a second nonvalved tube in the left eye with adjuvant micropulse laser",High Relevance,Irrelevant,High Relevance,Low Relevance,High Relevance,High Relevance,High Relevance,Low Relevance,Irrelevant,Irrelevant,Irrelevant,Irrelevant,Irrelevant,,,,,,,,,1254,"['1. A 52-year-old man with a history of severe primary open-angle glaucoma in both eyes and elevated intraocular pressure (IOP) in response to topical corticosteroids presented with an IOP above target of 19 to 23 mm Hg OS.  ', '2. He also had mild chronic macular edema in both eyes after remote cataract surgery and vitrectomy with membrane peel in both eyes.  ', '3. Two years prior, he underwent Baerveldt tube shunt in his left eye, and his IOP since surgery had been 8 to 14 mm Hg.  ', '4. Ophthalmic medications on presentation were timolol eye drops twice daily, brinzolamide-brimonidine eye drops 3 times daily, bimatoprost eye drops every night at bedtime, bromfenac eye drops once daily, and fluorometholone eye drops twice daily in both eyes.  ', '6. On external examination, he had diffuse facial edema and erythema without proptosis.  ', '7. Slitlamp examination showed mild chemosis and hyperemia in both eyes and a patent Baerveldt tube ostium in the midanterior chamber with normal bleb morphology without a tense capsule.  ', '8. A 24-2 Humphrey visual field showed new glaucoma progression in the left eye (Figure 1).  ', '9. A, A 24-2 Humphrey visual field (HVF) of the left eye after tube shunt showed superior and inferior arcuate defects.  ']",B,jama,<answer>Option A</answer>,<answer>Option A</answer>,<answer>Option A</answer>,<answer>Option B</answer>,3,"What Would You Do Next?

A: Discontinue fluorometholone eye drops  
B: Perform systemic workup, including chest imaging  
C: Add netarsudil eye drops every night at bedtime in the left eye  
D: Place a second nonvalved tube in the left eye with adjuvant micropulse laser",B,A,B,True,False
1261,ID1947,"1. A male child aged 6 years is brought in for evaluation of potential precocious puberty.
2. His parents note that in the past year, he has developed body odor, acne, and pubic hair growth.
3. They also report a recent growth spurt requiring new clothes.
4. Physical examination reveals Tanner stage 2 pubic hair and early pubertal testicular volume of approximately 5 mL.
5. The remainder of his examination is normal.
6. His bone age is determined to be 9 years by radiographic measurement.
7. A morning 17-hydroxyprogesterone level is 58 ng/dL (normal range: 7–69).",D,medxpert,D,D,D,D,"What is the most likely diagnosis in this case?

A. Primary hypothyroidism with secondary precocious puberty  
B. Benign premature adrenarche  
C. Gonadotropin-independent precocious puberty  
D. Central precocious puberty related to a central nervous system lesion  
E. Familial male-limited precocious puberty  
F. Idiopathic central precocious puberty  
G. Late-onset congenital adrenal hyperplasia  
H. McCune-Albright syndrome  
I. Precocious puberty related to a peripheral androgen-secreting tumor  
J. Adrenal carcinoma causing androgen excess",High Relevance,High Relevance,High Relevance,High Relevance,Low Relevance,High Relevance,High Relevance,,,,,,,,,,,,,,,1261,"['1. A male child aged 6 years is brought in for evaluation of potential precocious puberty.', '2. His parents note that in the past year, he has developed body odor, acne, and pubic hair growth.', '6. His bone age is determined to be 9 years by radiographic measurement.', '7. A morning 17-hydroxyprogesterone level is 58 ng/dL (normal range: 7–69).']",D,medxpert,<answer>Option B</answer>,<answer>Option B</answer>,<answer>Option B</answer>,<answer>Option B</answer>,3,"What is the most likely diagnosis in this case?

A. Primary hypothyroidism with secondary precocious puberty  
B. Benign premature adrenarche  
C. Gonadotropin-independent precocious puberty  
D. Central precocious puberty related to a central nervous system lesion  
E. Familial male-limited precocious puberty  
F. Idiopathic central precocious puberty  
G. Late-onset congenital adrenal hyperplasia  
H. McCune-Albright syndrome  
I. Precocious puberty related to a peripheral androgen-secreting tumor  
J. Adrenal carcinoma causing androgen excess",D,B,D,True,False
1267,ID1955,"1. A 6-month-old boy is brought to the physician by his mother for abnormal movements.
2. Several times a day, he experiences paroxysmal episodes of crying, bending at the waist, and jerking of the arms and legs.
3. These episodes last 1-2 seconds, but occur in clusters every 20-30 seconds for several minutes.
4. His mother's pregnancy, labor, delivery, and his neonatal course have been unremarkable.
5. He is rolling over less frequently than before, has worse head control, and no longer smiles socially.
6. His temperature is 98.6°F (37°C), blood pressure is 92/46 mmHg, pulse is 115/min, and respirations are 34/min.
7. On examination, no dysmorphic features are noted.
8. A 24-hour electroencephalography (EEG) is performed, during which the patient has one of these spells.
9. A chaotic pattern of slowing and multifocal epileptiform charges is seen.",C,medbullets,C,C,C,C,"Which of the following is the pathophysiology of this patient's condition?

A. Decreased gamma aminobutyric acid (GABA) levels  
B. Vitamin B6 deficiency  
C. Excess of corticotropin releasing hormone  
D. Anti-N-methyl-D-aspartate (NMDA) receptor antibodies",High Relevance,High Relevance,High Relevance,Irrelevant,High Relevance,Irrelevant,Irrelevant,Low Relevance,High Relevance,,,,,,,,,,,,,1267,"['1. A 6-month-old boy is brought to the physician by his mother for abnormal movements.', '2. Several times a day, he experiences paroxysmal episodes of crying, bending at the waist, and jerking of the arms and legs.', '3. These episodes last 1-2 seconds, but occur in clusters every 20-30 seconds for several minutes.', '5. He is rolling over less frequently than before, has worse head control, and no longer smiles socially.', '8. A 24-hour electroencephalography (EEG) is performed, during which the patient has one of these spells.', '9. A chaotic pattern of slowing and multifocal epileptiform charges is seen.']",C,medbullets,<answer>Option B</answer>,<answer>Option [C]</answer>,<answer>Option [C]</answer>,<answer>Option [C]</answer>,3,"Which of the following is the pathophysiology of this patient's condition?

A. Decreased gamma aminobutyric acid (GABA) levels  
B. Vitamin B6 deficiency  
C. Excess of corticotropin releasing hormone  
D. Anti-N-methyl-D-aspartate (NMDA) receptor antibodies",C,B,C,True,False
