ID_corr,centaur_question_corr,sentence_number_corr,answer_corr,data_source_corr,original_sentences,question_options,5_answer,label_1,label_2,label_3,label_4,label_5,label_6,label_7,label_8,label_9,label_10,label_11,label_12,label_13,label_14,label_15,label_16,label_17,label_18,label_19,label_20,label_21
ID0003,"### Step 1: Read excerpt
1. A 20-year-old woman comes to the primary care clinic with complaints of a progressively worsening sore throat, dry cough, and ear pain.
2. She reports feeling mildly unwell for two weeks prior, with symptoms including fever, fatigue, muscle aches, and headache.
3. Her medical history is unremarkable, and her only daily medication is a combined oral contraceptive pill.
4. She works as a waitress at a local diner and mentions exposure to sick patrons.
5. On examination, her temperature is 101.5 ºF, blood pressure is 118/76 mmHg, pulse is 78/min, and respiratory rate is 14/min.
6. Chest auscultation is unremarkable, but a chest X-ray reveals bilateral multifocal opacities in the lungs.
7. Sputum culture and Gram stain are negative.

### Step 2: Answer QA Details
Which of the following components is essential for culturing the most likely causative organism?

A. Iron  
B. Urea  
C. Magnesium  
D. Cysteine  
E. Glucose  
F. Nicotinamide  
G. Cholesterol  
H. Hemin  
I. Sulfate  
J. Pyridoxine  

### Step 3: Determine sentence relevance
1. A 20-year-old woman comes to the primary care clinic with complaints of a progressively worsening sore throat, dry cough, and ear pain.
2. She reports feeling mildly unwell for two weeks prior, with symptoms including fever, fatigue, muscle aches, and headache.
3. Her medical history is unremarkable, and her only daily medication is a combined oral contraceptive pill.
4. She works as a waitress at a local diner and mentions exposure to sick patrons.
5. On examination, her temperature is 101.5 ºF, blood pressure is 118/76 mmHg, pulse is 78/min, and respiratory rate is 14/min.
6. Chest auscultation is unremarkable, but a chest X-ray reveals bilateral multifocal opacities in the lungs.
7. Sputum culture and Gram stain are negative.",7,G,medxpert,"1. A 20-year-old woman comes to the primary care clinic with complaints of a progressively worsening sore throat, dry cough, and ear pain.
2. She reports feeling mildly unwell for two weeks prior, with symptoms including fever, fatigue, muscle aches, and headache.
3. Her medical history is unremarkable, and her only daily medication is a combined oral contraceptive pill.
4. She works as a waitress at a local diner and mentions exposure to sick patrons.
5. On examination, her temperature is 101.5 ºF, blood pressure is 118/76 mmHg, pulse is 78/min, and respiratory rate is 14/min.
6. Chest auscultation is unremarkable, but a chest X-ray reveals bilateral multifocal opacities in the lungs.
7. Sputum culture and Gram stain are negative.","Which of the following components is essential for culturing the most likely causative organism?

A. Iron  
B. Urea  
C. Magnesium  
D. Cysteine  
E. Glucose  
F. Nicotinamide  
G. Cholesterol  
H. Hemin  
I. Sulfate  
J. Pyridoxine",G,High Relevance,Low Relevance,Irrelevant,Irrelevant,Low Relevance,High Relevance,High Relevance,,,,,,,,,,,,,,
ID0010,"### Step 1: Read excerpt
1. A 17-year-old high school student accidentally amputated part of his right index finger during shop class.  
2. His teacher applied dressings and pressure to the wound and transported him to the emergency department within 20 minutes of the incident.  
3. The patient’s medical history includes asthma, and his only medication is albuterol.  
4. Vital signs show a temperature of 98.0°F (36.6°C), blood pressure of 120/70 mmHg, pulse of 105/min, and respirations of 17/min.  
5. Examination reveals pulsatile bleeding from a clean-cut wound at the distal interphalangeal joint of the right second finger.  
6. The wound was cleaned, compression applied, analgesics given, and hand surgeons were notified.  
7. The amputated finger was left in the classroom, but the principal is bringing it to the hospital.  

### Step 2: Answer QA Details
What is the proper method for transporting the amputated finger?

A. Wrap the finger in moist gauze and place in a plastic bag  
B. Rinse the finger with hydrogen peroxide, wrap the finger in moist gauze, and place on ice  
C. Rinse the finger with tap water, wrap in moist gauze, and place directly on ice  
D. Wrap the finger in dry gauze, place in a plastic bag, and submerge the bag in ice water  
E. Rinse the finger in sterile water, wrap in dry gauze, and place directly on ice  
F. Submerge the finger in sterile saline and place the container on ice  
G. Place the finger in a sealed plastic bag without rinsing and keep it on ice  
H. Rinse the finger in normal saline, wrap the finger in moist gauze, put in a plastic bag, and place the bag in ice water  
I. Rinse the finger in normal saline, place in a dry plastic container, and keep at room temperature  
J. Submerge the finger directly in ice water  

### Step 3: Determine sentence relevance
1. A 17-year-old high school student accidentally amputated part of his right index finger during shop class.  
2. His teacher applied dressings and pressure to the wound and transported him to the emergency department within 20 minutes of the incident.  
3. The patient’s medical history includes asthma, and his only medication is albuterol.  
4. Vital signs show a temperature of 98.0°F (36.6°C), blood pressure of 120/70 mmHg, pulse of 105/min, and respirations of 17/min.  
5. Examination reveals pulsatile bleeding from a clean-cut wound at the distal interphalangeal joint of the right second finger.  
6. The wound was cleaned, compression applied, analgesics given, and hand surgeons were notified.  
7. The amputated finger was left in the classroom, but the principal is bringing it to the hospital.  ",7,H,medxpert,"1. A 17-year-old high school student accidentally amputated part of his right index finger during shop class.  
2. His teacher applied dressings and pressure to the wound and transported him to the emergency department within 20 minutes of the incident.  
3. The patient’s medical history includes asthma, and his only medication is albuterol.  
4. Vital signs show a temperature of 98.0°F (36.6°C), blood pressure of 120/70 mmHg, pulse of 105/min, and respirations of 17/min.  
5. Examination reveals pulsatile bleeding from a clean-cut wound at the distal interphalangeal joint of the right second finger.  
6. The wound was cleaned, compression applied, analgesics given, and hand surgeons were notified.  
7. The amputated finger was left in the classroom, but the principal is bringing it to the hospital.","What is the proper method for transporting the amputated finger?

A. Wrap the finger in moist gauze and place in a plastic bag  
B. Rinse the finger with hydrogen peroxide, wrap the finger in moist gauze, and place on ice  
C. Rinse the finger with tap water, wrap in moist gauze, and place directly on ice  
D. Wrap the finger in dry gauze, place in a plastic bag, and submerge the bag in ice water  
E. Rinse the finger in sterile water, wrap in dry gauze, and place directly on ice  
F. Submerge the finger in sterile saline and place the container on ice  
G. Place the finger in a sealed plastic bag without rinsing and keep it on ice  
H. Rinse the finger in normal saline, wrap the finger in moist gauze, put in a plastic bag, and place the bag in ice water  
I. Rinse the finger in normal saline, place in a dry plastic container, and keep at room temperature  
J. Submerge the finger directly in ice water",H,,,,,,,,,,,,,,,,,,,,,
ID0025,"**Step 1: Read excerpt**

1. A 32-year-old female Medical Editor presents with a 3-week history of pain between her shoulder blades in the midthoracic region.
2. The pain intensifies during prolonged sitting, which is frequent in her work.
3. Physical examination reveals a prominent left transverse process that becomes more noticeable during flexion.
4. The affected vertebra's spinous process is palpable midway between the T6 and T7 transverse processes.
5. After diagnosing a T6 extended, rotated left, sidebent left somatic dysfunction, you decide to proceed with facilitated positional release (FPR).

**Step 2: Answer QA Details**

Following the initial steps of straightening the spinal curve and applying an activating force, what is the next appropriate step in the FPR technique?

A. active extension with right sidebending and right rotation  
B. passive flexion with right sidebending and right rotation  
C. passive flexion with left sidebending and right rotation  
D. passive extension with neutral sidebending and left rotation  
E. passive neutral position with left sidebending and left rotation  
F. passive extension with left sidebending and left rotation  
G. passive flexion with left sidebending and left rotation  
H. active flexion with left sidebending and left rotation  
I. passive extension with right sidebending and left rotation  
J. passive extension with left sidebending and neutral rotation  

**Step 3: Determine sentence relevance**

1. A 32-year-old female Medical Editor presents with a 3-week history of pain between her shoulder blades in the midthoracic region.
2. The pain intensifies during prolonged sitting, which is frequent in her work.
3. Physical examination reveals a prominent left transverse process that becomes more noticeable during flexion.
4. The affected vertebra's spinous process is palpable midway between the T6 and T7 transverse processes.
5. After diagnosing a T6 extended, rotated left, sidebent left somatic dysfunction, you decide to proceed with facilitated positional release (FPR).",5,F,medxpert,"1. A 32-year-old female Medical Editor presents with a 3-week history of pain between her shoulder blades in the midthoracic region.
2. The pain intensifies during prolonged sitting, which is frequent in her work.
3. Physical examination reveals a prominent left transverse process that becomes more noticeable during flexion.
4. The affected vertebra's spinous process is palpable midway between the T6 and T7 transverse processes.
5. After diagnosing a T6 extended, rotated left, sidebent left somatic dysfunction, you decide to proceed with facilitated positional release (FPR).","Following the initial steps of straightening the spinal curve and applying an activating force, what is the next appropriate step in the FPR technique?

A. active extension with right sidebending and right rotation  
B. passive flexion with right sidebending and right rotation  
C. passive flexion with left sidebending and right rotation  
D. passive extension with neutral sidebending and left rotation  
E. passive neutral position with left sidebending and left rotation  
F. passive extension with left sidebending and left rotation  
G. passive flexion with left sidebending and left rotation  
H. active flexion with left sidebending and left rotation  
I. passive extension with right sidebending and left rotation  
J. passive extension with left sidebending and neutral rotation",F,,,,,,,,,,,,,,,,,,,,,
ID0045,"**Step 1: Read excerpt**

1. A 32-year-old male presents to the emergency department after suffering an L1 burst fracture from a fall.
2. Neurologic examination confirms he is an ASIA E.
3. MRI reveals mild vertebral retropulsion with 10% central canal stenosis and no signs of posterior ligament complex injury.

**Step 2: Answer QA Details**

Regarding surgical decompression and fixation compared to nonoperative management with bracing, which of the following statements is accurate?

A. Patients treated with surgery return to work earlier.  
B. Bracing is contraindicated in burst fractures with canal stenosis.  
C. All of the above  
D. Patients treated with surgery have increased complication rates.  
E. Surgical treatment provides superior functional outcomes.  
F. Surgery significantly improves canal stenosis compared to bracing.  
G. Surgery significantly reduces pain compared to bracing.  
H. Surgery is required in all cases of burst fractures to prevent long-term deformity.  
I. Surgical decompression is necessary for all ASIA E patients.  
J. Patients treated nonoperatively have higher rates of long-term disability.

**Step 3: Determine sentence relevance**

1. A 32-year-old male presents to the emergency department after suffering an L1 burst fracture from a fall.
2. Neurologic examination confirms he is an ASIA E.
3. MRI reveals mild vertebral retropulsion with 10% central canal stenosis and no signs of posterior ligament complex injury.",3,D,medxpert,"1. A 32-year-old male presents to the emergency department after suffering an L1 burst fracture from a fall.
2. Neurologic examination confirms he is an ASIA E.
3. MRI reveals mild vertebral retropulsion with 10% central canal stenosis and no signs of posterior ligament complex injury.","Regarding surgical decompression and fixation compared to nonoperative management with bracing, which of the following statements is accurate?

A. Patients treated with surgery return to work earlier.  
B. Bracing is contraindicated in burst fractures with canal stenosis.  
C. All of the above  
D. Patients treated with surgery have increased complication rates.  
E. Surgical treatment provides superior functional outcomes.  
F. Surgery significantly improves canal stenosis compared to bracing.  
G. Surgery significantly reduces pain compared to bracing.  
H. Surgery is required in all cases of burst fractures to prevent long-term deformity.  
I. Surgical decompression is necessary for all ASIA E patients.  
J. Patients treated nonoperatively have higher rates of long-term disability.",D,Low Relevance,Low Relevance,Low Relevance,,,,,,,,,,,,,,,,,,
ID0053,"### Step 1: Read excerpt
1. A 33-year-old woman presents with left ankle pain and swelling that has persisted for 4 days following a fall down the stairs after missing a step.
2. She reports being able to move slowly but is concerned because the pain has not improved despite taking acetaminophen.
3. Her medical history is unremarkable, and she takes only an oral contraceptive.
4. She is 173 cm (5 ft 8 in) tall, weighs 74 kg (163 lb), and has a BMI of 25 kg/m².
5. Vital signs are within normal limits.
6. On physical examination, there is moderate swelling of the left ankle and tenderness along the anterior edge of the lateral malleolus.
7. Range of motion is limited due to pain, but the left dorsalis pedis pulse is 2+, and she can walk without a limp.

### Step 2: Answer QA Details
What is the most appropriate next step in management?

A. Ankle arthrocentesis  
B. CT scan of the ankle  
C. Ultrasound evaluation of the ankle  
D. Leg cast to immobilize the ankle  
E. Complete immobilization with cast  
F. MRI of the ankle  
G. X-ray of the ankle  
H. Protected weight bearing, cooling, and compression  
I. Physical therapy referral  
J. NSAIDs and continued normal activity  

### Step 3: Determine sentence relevance
1. A 33-year-old woman presents with left ankle pain and swelling that has persisted for 4 days following a fall down the stairs after missing a step.
2. She reports being able to move slowly but is concerned because the pain has not improved despite taking acetaminophen.
3. Her medical history is unremarkable, and she takes only an oral contraceptive.
4. She is 173 cm (5 ft 8 in) tall, weighs 74 kg (163 lb), and has a BMI of 25 kg/m².
5. Vital signs are within normal limits.
6. On physical examination, there is moderate swelling of the left ankle and tenderness along the anterior edge of the lateral malleolus.
7. Range of motion is limited due to pain, but the left dorsalis pedis pulse is 2+, and she can walk without a limp.",7,H,medxpert,"1. A 33-year-old woman presents with left ankle pain and swelling that has persisted for 4 days following a fall down the stairs after missing a step.
2. She reports being able to move slowly but is concerned because the pain has not improved despite taking acetaminophen.
3. Her medical history is unremarkable, and she takes only an oral contraceptive.
4. She is 173 cm (5 ft 8 in) tall, weighs 74 kg (163 lb), and has a BMI of 25 kg/m².
5. Vital signs are within normal limits.
6. On physical examination, there is moderate swelling of the left ankle and tenderness along the anterior edge of the lateral malleolus.
7. Range of motion is limited due to pain, but the left dorsalis pedis pulse is 2+, and she can walk without a limp.","What is the most appropriate next step in management?

A. Ankle arthrocentesis  
B. CT scan of the ankle  
C. Ultrasound evaluation of the ankle  
D. Leg cast to immobilize the ankle  
E. Complete immobilization with cast  
F. MRI of the ankle  
G. X-ray of the ankle  
H. Protected weight bearing, cooling, and compression  
I. Physical therapy referral  
J. NSAIDs and continued normal activity",H,High Relevance,Low Relevance,Irrelevant,Irrelevant,Irrelevant,High Relevance,High Relevance,,,,,,,,,,,,,,
ID0071,"**Step 1: Read excerpt**

1. A 29-year-old female patient presents to the office with low back pain lasting five days.
2. She recently began a new job requiring extensive walking, often several miles daily throughout a large facility.
3. The pain is localized to her back without leg radiation, and she reports no traumatic incidents.
4. Her medication history includes only oral contraceptives.

**Step 2: Answer QA Details**

What is the most likely diagnosis?

A. bilateral sacral extension  
B. bilateral sacral flexion  
C. sacral base posterior  
D. right-on-right sacral torsion  
E. sacral base anterior  
F. right-on-left sacral torsion  
G. unilateral sacral flexion on the right  
H. left-on-left sacral torsion  
I. left-on-right sacral torsion  
J. unilateral sacral extension on the left  

**Step 3: Determine sentence relevance**

1. A 29-year-old female patient presents to the office with low back pain lasting five days.
2. She recently began a new job requiring extensive walking, often several miles daily throughout a large facility.
3. The pain is localized to her back without leg radiation, and she reports no traumatic incidents.
4. Her medication history includes only oral contraceptives.",4,D,medxpert,"1. A 29-year-old female patient presents to the office with low back pain lasting five days.
2. She recently began a new job requiring extensive walking, often several miles daily throughout a large facility.
3. The pain is localized to her back without leg radiation, and she reports no traumatic incidents.
4. Her medication history includes only oral contraceptives.","What is the most likely diagnosis?

A. bilateral sacral extension  
B. bilateral sacral flexion  
C. sacral base posterior  
D. right-on-right sacral torsion  
E. sacral base anterior  
F. right-on-left sacral torsion  
G. unilateral sacral flexion on the right  
H. left-on-left sacral torsion  
I. left-on-right sacral torsion  
J. unilateral sacral extension on the left",H,,,,,,,,,,,,,,,,,,,,,
ID0073,"### Step 1: Read excerpt
1. A 4-year-old female presents for evaluation with a one-week history of vomiting occurring two to four times daily.
2. She reports occasional abdominal discomfort and slightly decreased appetite, but denies fever or diarrhea.
3. Physical examination reveals a well-nourished child who is alert and oriented, without signs of dehydration.
4. Her temperature and other vital signs are within normal limits.
5. Neurological examination shows intact pupillary reflexes and facial symmetry.
6. Her neck demonstrates full range of motion.
7. Cardiopulmonary examination is unremarkable, and her abdomen is soft without tenderness or guarding.
8. When asked to ambulate, she displays an unsteady, wide-based gait with rightward deviation.

### Step 2: Answer QA Details
Which of the following would be the most appropriate next diagnostic step?

A. Serum electrolytes and blood glucose  
B. Laboratory evaluation of electrolytes  
C. Abdominal ultrasound  
D. CT of the head  
E. Lumbar puncture  
F. Vestibular function testing  
G. MRI of the brain  
I. Upper gastrointestinal endoscopy  
J. Complete blood count with differential  

### Step 3: Determine sentence relevance
1. A 4-year-old female presents for evaluation with a one-week history of vomiting occurring two to four times daily.
2. She reports occasional abdominal discomfort and slightly decreased appetite, but denies fever or diarrhea.
3. Physical examination reveals a well-nourished child who is alert and oriented, without signs of dehydration.
4. Her temperature and other vital signs are within normal limits.
5. Neurological examination shows intact pupillary reflexes and facial symmetry.
6. Her neck demonstrates full range of motion.
7. Cardiopulmonary examination is unremarkable, and her abdomen is soft without tenderness or guarding.
8. When asked to ambulate, she displays an unsteady, wide-based gait with rightward deviation.",8,G,medxpert,"1. A 4-year-old female presents for evaluation with a one-week history of vomiting occurring two to four times daily.
2. She reports occasional abdominal discomfort and slightly decreased appetite, but denies fever or diarrhea.
3. Physical examination reveals a well-nourished child who is alert and oriented, without signs of dehydration.
4. Her temperature and other vital signs are within normal limits.
5. Neurological examination shows intact pupillary reflexes and facial symmetry.
6. Her neck demonstrates full range of motion.
7. Cardiopulmonary examination is unremarkable, and her abdomen is soft without tenderness or guarding.
8. When asked to ambulate, she displays an unsteady, wide-based gait with rightward deviation.","Which of the following would be the most appropriate next diagnostic step?

A. Serum electrolytes and blood glucose  
B. Laboratory evaluation of electrolytes  
C. Abdominal ultrasound  
D. CT of the head  
E. Lumbar puncture  
F. Vestibular function testing  
G. MRI of the brain  
I. Upper gastrointestinal endoscopy  
J. Complete blood count with differential",G,High Relevance,Low Relevance,Low Relevance,Low Relevance,Low Relevance,Low Relevance,Low Relevance,High Relevance,,,,,,,,,,,,,
ID0086,"### Step 1: Read excerpt

1. An 18-year-old female presents to the emergency department with right lower abdominal pain that began 6 hours ago, rating it as 8/10.
2. She experienced a similar episode the previous month.
3. Her family history includes a brother with perforated appendicitis and a mother with diverticulitis.
4. Her menstrual history reveals menarche at age 14 with regular 28-day cycles, with her last period occurring 2 weeks ago.
5. She reports being sexually active with multiple partners and inconsistent condom use.
6. Vital signs show: Temperature 99°F (37.2°C), blood pressure 110/74 mmHg, pulse 89/min, respirations 14/min, and oxygen saturation 98% on room air.
7. Physical examination reveals moderate distress with lower abdominal tenderness and guarding.
8. Pelvic examination shows clear mucous in the vaginal introitus, a mobile uterus, and right adnexal tenderness.
9. Laboratory results:
   - Leukocyte count: 10,000/mm^3 with normal differential
   - Hemoglobin: 13.5 g/dL
   - Platelet count: 200,000/mm^3
   - Beta-human chorionic gonadotropin: Pending

Pelvic ultrasound reveals a small fluid collection in the cul-de-sac posterior to the uterus.

### Step 2: Answer QA Details

What is the most likely diagnosis?

A. Functional ovarian cyst  
B. Endometriosis  
C. Ruptured ectopic pregnancy  
D. Ovarian cyst rupture  
E. Acute appendicitis  
F. Tubo-ovarian abscess  
G. Acute salpingitis  
H. Midcycle pain  
I. Mesenteric adenitis  
J. Pelvic inflammatory disease  

### Step 3: Determine sentence relevance

1. An 18-year-old female presents to the emergency department with right lower abdominal pain that began 6 hours ago, rating it as 8/10.
2. She experienced a similar episode the previous month.
3. Her family history includes a brother with perforated appendicitis and a mother with diverticulitis.
4. Her menstrual history reveals menarche at age 14 with regular 28-day cycles, with her last period occurring 2 weeks ago.
5. She reports being sexually active with multiple partners and inconsistent condom use.
6. Vital signs show: Temperature 99°F (37.2°C), blood pressure 110/74 mmHg, pulse 89/min, respirations 14/min, and oxygen saturation 98% on room air.
7. Physical examination reveals moderate distress with lower abdominal tenderness and guarding.
8. Pelvic examination shows clear mucous in the vaginal introitus, a mobile uterus, and right adnexal tenderness.
9. Laboratory results:
   - Leukocyte count: 10,000/mm^3 with normal differential
   - Hemoglobin: 13.5 g/dL
   - Platelet count: 200,000/mm^3
   - Beta-human chorionic gonadotropin: Pending

Pelvic ultrasound reveals a small fluid collection in the cul-de-sac posterior to the uterus.",9,H,medxpert,"1. An 18-year-old female presents to the emergency department with right lower abdominal pain that began 6 hours ago, rating it as 8/10.
2. She experienced a similar episode the previous month.
3. Her family history includes a brother with perforated appendicitis and a mother with diverticulitis.
4. Her menstrual history reveals menarche at age 14 with regular 28-day cycles, with her last period occurring 2 weeks ago.
5. She reports being sexually active with multiple partners and inconsistent condom use.
6. Vital signs show: Temperature 99°F (37.2°C), blood pressure 110/74 mmHg, pulse 89/min, respirations 14/min, and oxygen saturation 98% on room air.
7. Physical examination reveals moderate distress with lower abdominal tenderness and guarding.
8. Pelvic examination shows clear mucous in the vaginal introitus, a mobile uterus, and right adnexal tenderness.
9. Laboratory results:
   - Leukocyte count: 10,000/mm^3 with normal differential
   - Hemoglobin: 13.5 g/dL
   - Platelet count: 200,000/mm^3
   - Beta-human chorionic gonadotropin: Pending

Pelvic ultrasound reveals a small fluid collection in the cul-de-sac posterior to the uterus.","What is the most likely diagnosis?

A. Functional ovarian cyst  
B. Endometriosis  
C. Ruptured ectopic pregnancy  
D. Ovarian cyst rupture  
E. Acute appendicitis  
F. Tubo-ovarian abscess  
G. Acute salpingitis  
H. Midcycle pain  
I. Mesenteric adenitis  
J. Pelvic inflammatory disease",H,High Relevance,High Relevance,Irrelevant,High Relevance,Low Relevance,Low Relevance,Low Relevance,High Relevance,Low Relevance,High Relevance,,,,,,,,,,,
ID0141,"### Step 1: Read excerpt
1. A 64-year-old female presents to the emergency department following a fall, resulting in a right distal radius fracture.
2. Initial testing reveals a serum sodium of 128 mEq/liter.
3. Her medical conditions include hypertension, hypothyroidism, osteoporosis, and depression, managed with lisinopril 20 mg daily, amlodipine 5 mg daily, levothyroxine 100 μg daily, sertraline 100 mg daily, and alendronate 70 mg weekly.
4. She is alert and oriented, with normal vital signs and physical examination findings except for her casted right forearm.

### Step 2: Answer QA Details
What is the most appropriate subsequent step in managing this patient's hyponatremia?

A. Limit intake of free water to 1500 mL daily  
B. Begin oral salt tablets with loop diuretics  
C. Administer isotonic saline infusion  
D. Initiate fluid restriction with urea supplementation  
E. Perform a water deprivation test  
F. Administer hypertonic saline infusion  
G. Discontinue sertraline therapy  
H. Increase dietary sodium intake  
I. Limit intake of all fluids to 1000 mL daily  
J. Administer 1 liter of 0.9% normal saline intravenously  

### Step 3: Determine sentence relevance
1. A 64-year-old female presents to the emergency department following a fall, resulting in a right distal radius fracture.
2. Initial testing reveals a serum sodium of 128 mEq/liter.
3. Her medical conditions include hypertension, hypothyroidism, osteoporosis, and depression, managed with lisinopril 20 mg daily, amlodipine 5 mg daily, levothyroxine 100 μg daily, sertraline 100 mg daily, and alendronate 70 mg weekly.
4. She is alert and oriented, with normal vital signs and physical examination findings except for her casted right forearm.",4,I,medxpert,"1. A 64-year-old female presents to the emergency department following a fall, resulting in a right distal radius fracture.
2. Initial testing reveals a serum sodium of 128 mEq/liter.
3. Her medical conditions include hypertension, hypothyroidism, osteoporosis, and depression, managed with lisinopril 20 mg daily, amlodipine 5 mg daily, levothyroxine 100 μg daily, sertraline 100 mg daily, and alendronate 70 mg weekly.
4. She is alert and oriented, with normal vital signs and physical examination findings except for her casted right forearm.","What is the most appropriate subsequent step in managing this patient's hyponatremia?

A. Limit intake of free water to 1500 mL daily  
B. Begin oral salt tablets with loop diuretics  
C. Administer isotonic saline infusion  
D. Initiate fluid restriction with urea supplementation  
E. Perform a water deprivation test  
F. Administer hypertonic saline infusion  
G. Discontinue sertraline therapy  
H. Increase dietary sodium intake  
I. Limit intake of all fluids to 1000 mL daily  
J. Administer 1 liter of 0.9% normal saline intravenously",G,Low Relevance,High Relevance,High Relevance,High Relevance,,,,,,,,,,,,,,,,,
ID0142,"### Step 1: Read excerpt
1. A woman in her 40s with a medical history of multiple sclerosis consulted for the sudden development of 2 adjacent nodules on the left arm.
2. An excision with 1-cm margins of the left arm demonstrated desmoplastic melanoma with a Breslow thickness of 1 mm, and a left axillary sentinel lymph node biopsy (SLNB) had been performed 3 weeks before under general anesthesia.
3. The patient was also being treated with subcutaneous interferon beta 1a for the multiple sclerosis.
4. Physical examination revealed 2 indurated and mobile subcutaneous nodules on the anterior surface of the arm 5 cm distal to the surgical scar, the larger of them measuring 15 mm in diameter (Figure, A) and the smaller of them measuring 4 mm.
5. When the arm was abducted to 90°, the patient denied pain but described a subtle tightness sensation on the arm.
6. An excisional biopsy from the larger lesion was performed (Figure, B-D).
7. A, Clinical image showing indurated and mobile subcutaneous nodule on the anterior surface of the arm.
8. Arrowheads highlight a subtle linear plaque adjacent to the nodule.
9. B, Histopathologic image showing dilated and thrombosed lymphatic vessels in subcutaneous tissue with recanalization (hematoxylin-eosin).
10. C, Histopathologic image of partially thrombosed vessels.
11. D, Immunohistochemistry finding was positive for D2-40 (podoplanin).

### Step 2: Answer QA Details
What Is Your Diagnosis?

A: Intravascular papillary endothelial hyperplasia  
B: Pseudo-aneurysmal metastasis of melanoma  
C: Axillary web syndrome  
D: Traumatic humeral pseudo-aneurysm  

### Step 3: Determine sentence relevance
1. A woman in her 40s with a medical history of multiple sclerosis consulted for the sudden development of 2 adjacent nodules on the left arm.
2. An excision with 1-cm margins of the left arm demonstrated desmoplastic melanoma with a Breslow thickness of 1 mm, and a left axillary sentinel lymph node biopsy (SLNB) had been performed 3 weeks before under general anesthesia.
3. The patient was also being treated with subcutaneous interferon beta 1a for the multiple sclerosis.
4. Physical examination revealed 2 indurated and mobile subcutaneous nodules on the anterior surface of the arm 5 cm distal to the surgical scar, the larger of them measuring 15 mm in diameter (Figure, A) and the smaller of them measuring 4 mm.
5. When the arm was abducted to 90°, the patient denied pain but described a subtle tightness sensation on the arm.
6. An excisional biopsy from the larger lesion was performed (Figure, B-D).
7. A, Clinical image showing indurated and mobile subcutaneous nodule on the anterior surface of the arm.
8. Arrowheads highlight a subtle linear plaque adjacent to the nodule.
9. B, Histopathologic image showing dilated and thrombosed lymphatic vessels in subcutaneous tissue with recanalization (hematoxylin-eosin).
10. C, Histopathologic image of partially thrombosed vessels.
11. D, Immunohistochemistry finding was positive for D2-40 (podoplanin).",11,C,jama,"1. A woman in her 40s with a medical history of multiple sclerosis consulted for the sudden development of 2 adjacent nodules on the left arm.
2. An excision with 1-cm margins of the left arm demonstrated desmoplastic melanoma with a Breslow thickness of 1 mm, and a left axillary sentinel lymph node biopsy (SLNB) had been performed 3 weeks before under general anesthesia.
3. The patient was also being treated with subcutaneous interferon beta 1a for the multiple sclerosis.
4. Physical examination revealed 2 indurated and mobile subcutaneous nodules on the anterior surface of the arm 5 cm distal to the surgical scar, the larger of them measuring 15 mm in diameter (Figure, A) and the smaller of them measuring 4 mm.
5. When the arm was abducted to 90°, the patient denied pain but described a subtle tightness sensation on the arm.
6. An excisional biopsy from the larger lesion was performed (Figure, B-D).
7. A, Clinical image showing indurated and mobile subcutaneous nodule on the anterior surface of the arm.
8. Arrowheads highlight a subtle linear plaque adjacent to the nodule.
9. B, Histopathologic image showing dilated and thrombosed lymphatic vessels in subcutaneous tissue with recanalization (hematoxylin-eosin).
10. C, Histopathologic image of partially thrombosed vessels.
11. D, Immunohistochemistry finding was positive for D2-40 (podoplanin).","What Is Your Diagnosis?

A: Intravascular papillary endothelial hyperplasia  
B: Pseudo-aneurysmal metastasis of melanoma  
C: Axillary web syndrome  
D: Traumatic humeral pseudo-aneurysm",C,,,,,,,,,,,,,,,,,,,,,
ID0151,"**Step 1: Read excerpt**

1. A 60-year-old male with a history of COPD arrives at the emergency department via ambulance with severe dyspnea, unable to complete full sentences.
2. Multiple attempts with his tiotropium inhaler have been unsuccessful.
3. His vital signs show: temperature normal, blood pressure 90/60, heart rate 120, respiratory rate 24, and oxygen saturation 86%.
4. The electrocardiogram demonstrates a narrow-complex tachycardia with irregular P waves before each QRS complex and variable PR intervals.

**Step 2: Answer QA Details**

What should be the immediate next step in this patient's care?

A. Begin empiric antibiotics for suspected pneumonia  
B. Administer intravenous furosemide  
C. Initiate intravenous amiodarone therapy  
D. Perform synchronized cardioversion  
E. Intubate and admit to intensive care unit  
G. Give verapamil immediately and admit to floor  
H. Administer intravenous corticosteroids  
I. Administer albuterol nebulizer treatment  
J. Give oxygen immediately  

**Step 3: Determine sentence relevance**

1. A 60-year-old male with a history of COPD arrives at the emergency department via ambulance with severe dyspnea, unable to complete full sentences.
2. Multiple attempts with his tiotropium inhaler have been unsuccessful.
3. His vital signs show: temperature normal, blood pressure 90/60, heart rate 120, respiratory rate 24, and oxygen saturation 86%.
4. The electrocardiogram demonstrates a narrow-complex tachycardia with irregular P waves before each QRS complex and variable PR intervals.",4,J,medxpert,"1. A 60-year-old male with a history of COPD arrives at the emergency department via ambulance with severe dyspnea, unable to complete full sentences.
2. Multiple attempts with his tiotropium inhaler have been unsuccessful.
3. His vital signs show: temperature normal, blood pressure 90/60, heart rate 120, respiratory rate 24, and oxygen saturation 86%.
4. The electrocardiogram demonstrates a narrow-complex tachycardia with irregular P waves before each QRS complex and variable PR intervals.","What should be the immediate next step in this patient's care?

A. Begin empiric antibiotics for suspected pneumonia  
B. Administer intravenous furosemide  
C. Initiate intravenous amiodarone therapy  
D. Perform synchronized cardioversion  
E. Intubate and admit to intensive care unit  
G. Give verapamil immediately and admit to floor  
H. Administer intravenous corticosteroids  
I. Administer albuterol nebulizer treatment  
J. Give oxygen immediately",J,High Relevance,Low Relevance,High Relevance,High Relevance,,,,,,,,,,,,,,,,,
ID0166,"**Step 1: Read excerpt**

1. A 52-year-old man presents to the emergency department with severe chest pain radiating to the back, accompanied by shortness of breath and pain with swallowing.
2. The symptoms began 30 minutes ago following heavy alcohol consumption and repeated episodes of forceful vomiting.
3. His medical history includes hypertension, alcohol use disorder, and liver cirrhosis.
4. On examination, his temperature is 37.2°C (99.0°F), blood pressure is 142/78 mmHg, and pulse is 75/min.
5. Crepitus is noted on palpation of the upper chest wall, and abdominal examination reveals hepatosplenomegaly.

**Step 2: Answer QA Details**

What is the next best step in managing this patient?

A. Initiate broad-spectrum antibiotics  
B. Administer proton pump inhibitors  
C. Order computed tomography of the chest  
D. Perform diagnostic endoscopy  
E. Immediate surgical repair  
F. Perform contrast esophagram  
G. Obtain a barium swallow study  
H. Perform emergent thoracentesis  
I. Administration of octreotide  
J. Perform esophageal manometry  

**Step 3: Determine sentence relevance**

1. A 52-year-old man presents to the emergency department with severe chest pain radiating to the back, accompanied by shortness of breath and pain with swallowing.
2. The symptoms began 30 minutes ago following heavy alcohol consumption and repeated episodes of forceful vomiting.
3. His medical history includes hypertension, alcohol use disorder, and liver cirrhosis.
4. On examination, his temperature is 37.2°C (99.0°F), blood pressure is 142/78 mmHg, and pulse is 75/min.
5. Crepitus is noted on palpation of the upper chest wall, and abdominal examination reveals hepatosplenomegaly.",5,F,medxpert,"1. A 52-year-old man presents to the emergency department with severe chest pain radiating to the back, accompanied by shortness of breath and pain with swallowing.
2. The symptoms began 30 minutes ago following heavy alcohol consumption and repeated episodes of forceful vomiting.
3. His medical history includes hypertension, alcohol use disorder, and liver cirrhosis.
4. On examination, his temperature is 37.2°C (99.0°F), blood pressure is 142/78 mmHg, and pulse is 75/min.
5. Crepitus is noted on palpation of the upper chest wall, and abdominal examination reveals hepatosplenomegaly.","What is the next best step in managing this patient?

A. Initiate broad-spectrum antibiotics  
B. Administer proton pump inhibitors  
C. Order computed tomography of the chest  
D. Perform diagnostic endoscopy  
E. Immediate surgical repair  
F. Perform contrast esophagram  
G. Obtain a barium swallow study  
H. Perform emergent thoracentesis  
I. Administration of octreotide  
J. Perform esophageal manometry",F,High Relevance,High Relevance,Low Relevance,High Relevance,High Relevance,,,,,,,,,,,,,,,,
ID0170,"### Step 1: Read excerpt
1. A 16-year-old male is brought to the clinic by his parents due to a 6-month history of increasing fatigue and worsening shortness of breath during physical activity.
2. His parents note that he has ""always seemed to tire more easily than other children."" The family recently moved to the United States from rural Bolivia.
3. Oxygen saturation on room air is 96% in both index fingers.
4. Cardiac examination reveals a right parasternal heave and a loud, pronounced S2.
5. Pulses are synchronous in both upper and lower extremities.
6. There is mild bluish discoloration and bulbous enlargement of the distal toes bilaterally.

### Step 2: Answer QA Details
Echocardiography is most likely to reveal which of the following findings?

A. Anomalous shunting of blood through a defect in atrial septum  
B. Positioning of the ascending aorta directly over a ventricular septal defect  
C. Abnormal narrowing of the aorta at the aortic isthmus  
D. A defect in the interventricular septum with overriding of the pulmonary artery  
E. Complete absence of the tricuspid valve with hypoplastic right ventricle  
F. A single arterial trunk arising from the heart supplying both systemic and pulmonary circulation  
G. Persistent blood flow between the pulmonary artery and descending aorta  
H. A patent foramen ovale with left-to-right atrial shunting  
I. Failure of the aorticopulmonary septum to spiral during embryogenesis  
J. Anomalous pulmonary venous return into the right atrium  

### Step 3: Determine sentence relevance
1. A 16-year-old male is brought to the clinic by his parents due to a 6-month history of increasing fatigue and worsening shortness of breath during physical activity.
2. His parents note that he has ""always seemed to tire more easily than other children."" The family recently moved to the United States from rural Bolivia.
3. Oxygen saturation on room air is 96% in both index fingers.
4. Cardiac examination reveals a right parasternal heave and a loud, pronounced S2.
5. Pulses are synchronous in both upper and lower extremities.
6. There is mild bluish discoloration and bulbous enlargement of the distal toes bilaterally.",6,G,medxpert,"1. A 16-year-old male is brought to the clinic by his parents due to a 6-month history of increasing fatigue and worsening shortness of breath during physical activity.
2. His parents note that he has ""always seemed to tire more easily than other children."" The family recently moved to the United States from rural Bolivia.
3. Oxygen saturation on room air is 96% in both index fingers.
4. Cardiac examination reveals a right parasternal heave and a loud, pronounced S2.
5. Pulses are synchronous in both upper and lower extremities.
6. There is mild bluish discoloration and bulbous enlargement of the distal toes bilaterally.","Echocardiography is most likely to reveal which of the following findings?

A. Anomalous shunting of blood through a defect in atrial septum  
B. Positioning of the ascending aorta directly over a ventricular septal defect  
C. Abnormal narrowing of the aorta at the aortic isthmus  
D. A defect in the interventricular septum with overriding of the pulmonary artery  
E. Complete absence of the tricuspid valve with hypoplastic right ventricle  
F. A single arterial trunk arising from the heart supplying both systemic and pulmonary circulation  
G. Persistent blood flow between the pulmonary artery and descending aorta  
H. A patent foramen ovale with left-to-right atrial shunting  
I. Failure of the aorticopulmonary septum to spiral during embryogenesis  
J. Anomalous pulmonary venous return into the right atrium",G,,,,,,,,,,,,,,,,,,,,,
ID0200,"**Step 1: Read excerpt**

1. A 41-year-old woman, gravida 3, para 3, presents with heavy menstrual bleeding (HMB), dysmenorrhea, and deep dyspareunia.
2. Menses are regular, occurring once every 25 to 26 days and lasting 8 days, with no intermenstrual bleeding.
3. The patient soaks through one pad per hour for the first 3 days of her cycle, and she rates cramping on her heaviest bleeding days as 9 on a 10-point scale.
4. Her past medical history is significant for 3 prior uncomplicated cesarean births with tubal sterilization during her last birth.
5. Vital signs are within normal limits, and body mass index is 22 kg/m2.
6. Pelvic exam shows a 10-week-sized boggy uterus with smooth contours that is mildly tender to palpation.
7. No discrete masses are palpable, and the adnexa are nontender.
8. A urine pregnancy test is negative, and serum bloodwork shows mild anemia.
9. A pelvic ultrasound is ordered.

**Step 2: Answer QA Details**

Which of the following findings would confirm the most likely diagnosis?

A. Multiple hyperechoic foci with posterior shadowing in the myometrium  
B. A focal hypoechoic lesion with irregular borders in the endometrium  
C. Endometrial polypoid structures with central vascularity  
D. Thickened endometrial stripe with irregular vascularity  
E. Symmetrical, homogeneous endometrial thickening  
F. Asymmetrical, irregular endometrial thickening  
G. A large, circular hypoechoic structure within the myometrium with posterior shadowing  
H. Diffuse myometrial calcifications with acoustic shadowing  
I. Symmetrical, homogeneous myometrial thickening  
J. Circular anechoic structures within the myometrium without posterior shadowing  

**Step 3: Determine sentence relevance**

1. A 41-year-old woman, gravida 3, para 3, presents with heavy menstrual bleeding (HMB), dysmenorrhea, and deep dyspareunia.
2. Menses are regular, occurring once every 25 to 26 days and lasting 8 days, with no intermenstrual bleeding.
3. The patient soaks through one pad per hour for the first 3 days of her cycle, and she rates cramping on her heaviest bleeding days as 9 on a 10-point scale.
4. Her past medical history is significant for 3 prior uncomplicated cesarean births with tubal sterilization during her last birth.
5. Vital signs are within normal limits, and body mass index is 22 kg/m2.
6. Pelvic exam shows a 10-week-sized boggy uterus with smooth contours that is mildly tender to palpation.
7. No discrete masses are palpable, and the adnexa are nontender.
8. A urine pregnancy test is negative, and serum bloodwork shows mild anemia.
9. A pelvic ultrasound is ordered.",9,J,medxpert,"1. A 41-year-old woman, gravida 3, para 3, presents with heavy menstrual bleeding (HMB), dysmenorrhea, and deep dyspareunia.
2. Menses are regular, occurring once every 25 to 26 days and lasting 8 days, with no intermenstrual bleeding.
3. The patient soaks through one pad per hour for the first 3 days of her cycle, and she rates cramping on her heaviest bleeding days as 9 on a 10-point scale.
4. Her past medical history is significant for 3 prior uncomplicated cesarean births with tubal sterilization during her last birth.
5. Vital signs are within normal limits, and body mass index is 22 kg/m2.
6. Pelvic exam shows a 10-week-sized boggy uterus with smooth contours that is mildly tender to palpation.
7. No discrete masses are palpable, and the adnexa are nontender.
8. A urine pregnancy test is negative, and serum bloodwork shows mild anemia.
9. A pelvic ultrasound is ordered.","Which of the following findings would confirm the most likely diagnosis?

A. Multiple hyperechoic foci with posterior shadowing in the myometrium  
B. A focal hypoechoic lesion with irregular borders in the endometrium  
C. Endometrial polypoid structures with central vascularity  
D. Thickened endometrial stripe with irregular vascularity  
E. Symmetrical, homogeneous endometrial thickening  
F. Asymmetrical, irregular endometrial thickening  
G. A large, circular hypoechoic structure within the myometrium with posterior shadowing  
H. Diffuse myometrial calcifications with acoustic shadowing  
I. Symmetrical, homogeneous myometrial thickening  
J. Circular anechoic structures within the myometrium without posterior shadowing",J,High Relevance,Low Relevance,High Relevance,Low Relevance,Irrelevant,High Relevance,High Relevance,Low Relevance,Irrelevant,,,,,,,,,,,,
ID0207,"**Step 1: Read excerpt**

1. A 20-year-old male presents with a 2-week history of lower back pain that began the day after assisting his grandmother with moving.
2. He denies any direct injury but reports intermittent radiating pain and tingling from his left lateral thigh to the medial leg and foot, which is aggravated by certain positions.
3. On examination, the lumbar paravertebral muscles are hypertonic and tender.
4. A straight leg test is positive on the left.
5. Patellar reflexes are diminished (1+) on the left compared to the right (2+).
6. Lumbar flexion elicits back pain, radiating pain, and burning sensations.
7. The vertebral transverse processes from L1–L5 are posterior and tender on the right.

**Step 2: Answer QA Details**

The most likely location of the damaged structure is:

A. At the sacroiliac joint  
B. Between T12 and L1  
C. Between L3 and L5  
D. Between L4 and L5  
E. Between L1 and L2  
F. At the coccygeal plexus  
G. Between L5 and S1  
H. Within the piriformis muscle  
I. Between L2 and L3  
J. Between L3 and L4  

**Step 3: Determine sentence relevance**

1. A 20-year-old male presents with a 2-week history of lower back pain that began the day after assisting his grandmother with moving.
2. He denies any direct injury but reports intermittent radiating pain and tingling from his left lateral thigh to the medial leg and foot, which is aggravated by certain positions.
3. On examination, the lumbar paravertebral muscles are hypertonic and tender.
4. A straight leg test is positive on the left.
5. Patellar reflexes are diminished (1+) on the left compared to the right (2+).
6. Lumbar flexion elicits back pain, radiating pain, and burning sensations.
7. The vertebral transverse processes from L1–L5 are posterior and tender on the right.",7,J,medxpert,"1. A 20-year-old male presents with a 2-week history of lower back pain that began the day after assisting his grandmother with moving.
2. He denies any direct injury but reports intermittent radiating pain and tingling from his left lateral thigh to the medial leg and foot, which is aggravated by certain positions.
3. On examination, the lumbar paravertebral muscles are hypertonic and tender.
4. A straight leg test is positive on the left.
5. Patellar reflexes are diminished (1+) on the left compared to the right (2+).
6. Lumbar flexion elicits back pain, radiating pain, and burning sensations.
7. The vertebral transverse processes from L1–L5 are posterior and tender on the right.","The most likely location of the damaged structure is:

A. At the sacroiliac joint  
B. Between T12 and L1  
C. Between L3 and L5  
D. Between L4 and L5  
E. Between L1 and L2  
F. At the coccygeal plexus  
G. Between L5 and S1  
H. Within the piriformis muscle  
I. Between L2 and L3  
J. Between L3 and L4",J,Low Relevance,High Relevance,Low Relevance,Low Relevance,High Relevance,Low Relevance,Irrelevant,,,,,,,,,,,,,,
ID0222,"### Step 1: Read excerpt
1. A 61-year-old man presented to our clinic with a 3-month history of rapidly growing and itchy cutaneous nodules all over the body.
2. He denied systemic complaints such as weakness, fever, night sweats, or weight loss.
3. Oral glucocorticoids did not show any therapeutic effect.
4. His medical history was remarkable for mild anemia because of untreated hemorrhoids.
5. Physical examination revealed numerous symmetrically distributed, well-defined, erythematous skin nodules on his back, buttocks, and limb extensors (Figure, A).
6. Prominent lymphadenopathies on bilateral cervical, axillary, and inguinal lymph nodes were noted, with the largest lymph node measuring approximately 5 × 2 cm.
7. Laboratory tests were significant for atypical lymphocytes in the peripheral blood (count up to 6%), an elevated CD4+/CD8+ lymphocyte ratio (9.21; normal range, 0.7-3.1), moderate anemia (hemoglobin level, 8.7 g/dL; normal range, 11.5-15.0 g/dL [to convert to g/L, multiply by 10.0]), a high erythrocyte sedimentation rate (35 mm/h; normal range, 0-25 mm/h), and cryoglobulins composed of mixed polyclonal immunoglobulins.
8. The platelet count (161 × 103/μL; normal range, 125-350 × 103/μL [to convert to ×109/L, multiply by 1.0]) and lactate dehydrogenase (217 U/L; normal range, 100-240 U/L [to convert to μkat/L, multiply by 0.0167]) were normal.
9. Quantification of Epstein-Barr virus (EBV) DNA showed high loads of virus in the peripheral blood (846 copies/mL in serum, 27 700 copies/mL in lymphocytes; normal range, <500 copies/mL).
10. A biopsy specimen from a skin nodule was sent for histopathologic examination (Figure, B).A, Physical examination showed widespread, symmetrically distributed, well-defined nodules on the trunk and extremities.
11. B, Skin biopsy sample showed infiltration of atypical lymphocytes and histiocytes with proliferation of high endothelial venules (hematoxylin-eosin).
12. C, In situ hybridization was positive for Epstein-Barr virus in the skin.

### Step 2: Answer QA Details
What Is Your Diagnosis?

A: Cutaneous sarcoidosis  
B: Lymphomatoid granulomatosis  
C: Blastic plasmacytoid dendritic cell neoplasm  
D: Cutaneous angioimmunoblastic T-cell lymphoma  

### Step 3: Determine sentence relevance
1. A 61-year-old man presented to our clinic with a 3-month history of rapidly growing and itchy cutaneous nodules all over the body.
2. He denied systemic complaints such as weakness, fever, night sweats, or weight loss.
3. Oral glucocorticoids did not show any therapeutic effect.
4. His medical history was remarkable for mild anemia because of untreated hemorrhoids.
5. Physical examination revealed numerous symmetrically distributed, well-defined, erythematous skin nodules on his back, buttocks, and limb extensors (Figure, A).
6. Prominent lymphadenopathies on bilateral cervical, axillary, and inguinal lymph nodes were noted, with the largest lymph node measuring approximately 5 × 2 cm.
7. Laboratory tests were significant for atypical lymphocytes in the peripheral blood (count up to 6%), an elevated CD4+/CD8+ lymphocyte ratio (9.21; normal range, 0.7-3.1), moderate anemia (hemoglobin level, 8.7 g/dL; normal range, 11.5-15.0 g/dL [to convert to g/L, multiply by 10.0]), a high erythrocyte sedimentation rate (35 mm/h; normal range, 0-25 mm/h), and cryoglobulins composed of mixed polyclonal immunoglobulins.
8. The platelet count (161 × 103/μL; normal range, 125-350 × 103/μL [to convert to ×109/L, multiply by 1.0]) and lactate dehydrogenase (217 U/L; normal range, 100-240 U/L [to convert to μkat/L, multiply by 0.0167]) were normal.
9. Quantification of Epstein-Barr virus (EBV) DNA showed high loads of virus in the peripheral blood (846 copies/mL in serum, 27 700 copies/mL in lymphocytes; normal range, <500 copies/mL).
10. A biopsy specimen from a skin nodule was sent for histopathologic examination (Figure, B).A, Physical examination showed widespread, symmetrically distributed, well-defined nodules on the trunk and extremities.
11. B, Skin biopsy sample showed infiltration of atypical lymphocytes and histiocytes with proliferation of high endothelial venules (hematoxylin-eosin).
12. C, In situ hybridization was positive for Epstein-Barr virus in the skin.",12,D,jama,"1. A 61-year-old man presented to our clinic with a 3-month history of rapidly growing and itchy cutaneous nodules all over the body.
2. He denied systemic complaints such as weakness, fever, night sweats, or weight loss.
3. Oral glucocorticoids did not show any therapeutic effect.
4. His medical history was remarkable for mild anemia because of untreated hemorrhoids.
5. Physical examination revealed numerous symmetrically distributed, well-defined, erythematous skin nodules on his back, buttocks, and limb extensors (Figure, A).
6. Prominent lymphadenopathies on bilateral cervical, axillary, and inguinal lymph nodes were noted, with the largest lymph node measuring approximately 5 × 2 cm.
7. Laboratory tests were significant for atypical lymphocytes in the peripheral blood (count up to 6%), an elevated CD4+/CD8+ lymphocyte ratio (9.21; normal range, 0.7-3.1), moderate anemia (hemoglobin level, 8.7 g/dL; normal range, 11.5-15.0 g/dL [to convert to g/L, multiply by 10.0]), a high erythrocyte sedimentation rate (35 mm/h; normal range, 0-25 mm/h), and cryoglobulins composed of mixed polyclonal immunoglobulins.
8. The platelet count (161 × 103/μL; normal range, 125-350 × 103/μL [to convert to ×109/L, multiply by 1.0]) and lactate dehydrogenase (217 U/L; normal range, 100-240 U/L [to convert to μkat/L, multiply by 0.0167]) were normal.
9. Quantification of Epstein-Barr virus (EBV) DNA showed high loads of virus in the peripheral blood (846 copies/mL in serum, 27 700 copies/mL in lymphocytes; normal range, <500 copies/mL).
10. A biopsy specimen from a skin nodule was sent for histopathologic examination (Figure, B).A, Physical examination showed widespread, symmetrically distributed, well-defined nodules on the trunk and extremities.
11. B, Skin biopsy sample showed infiltration of atypical lymphocytes and histiocytes with proliferation of high endothelial venules (hematoxylin-eosin).
12. C, In situ hybridization was positive for Epstein-Barr virus in the skin.","What Is Your Diagnosis?

A: Cutaneous sarcoidosis  
B: Lymphomatoid granulomatosis  
C: Blastic plasmacytoid dendritic cell neoplasm  
D: Cutaneous angioimmunoblastic T-cell lymphoma",D,High Relevance,Low Relevance,Low Relevance,Irrelevant,High Relevance,High Relevance,High Relevance,Low Relevance,High Relevance,Low Relevance,High Relevance,High Relevance,,,,,,,,,
ID0233,"### Step 1: Read excerpt

1. A 32-year-old man comes to his primary care physician for an annual physical examination.
2. He mentions experiencing neck pain since waking up this morning, which he attributes to ""sleeping in an awkward position."" He denies any other symptoms.
3. His medical history is unremarkable, and he only takes a daily multivitamin.
4. On physical examination, there are no abnormalities in strength, sensation, reflexes, or range of motion.
5. No cervical lymphadenopathy is noted.
6. A tender point is identified anteriorly on the right at the level of C4.
7. Cardiac, respiratory, and abdominal findings are normal.

### Step 2: Answer QA Details

How is the diagnosis determined for this patient?

A. Pressing on the anteromedial aspect of the transverse process of the associated vertebra  
B. Pressing on the anterolateral aspect of the right posterior tubercle of the transverse process of the associated vertebra  
C. Applying pressure directly to the spinous process of the associated vertebra  
D. Translating the associated vertebra to the left by pressing on its articular pillar  
E. Pressing on the posterolateral aspect of the right articular process of the associated vertebra  
F. Translating the associated vertebra to the right by pressing on the contralateral articular pillar  
G. Palpating the posterior aspect of the transverse process and applying an inferomedial force  
H. Pressing on the inferolateral aspect of the right articular pillar of the associated vertebra  
I. Palpating the anterior aspect of the right transverse process and applying a lateral force  
J. Pressing on the lateral aspect of the right portion of the bifid spinous process of the associated vertebra  

### Step 3: Determine sentence relevance

1. A 32-year-old man comes to his primary care physician for an annual physical examination.
2. He mentions experiencing neck pain since waking up this morning, which he attributes to ""sleeping in an awkward position."" He denies any other symptoms.
3. His medical history is unremarkable, and he only takes a daily multivitamin.
4. On physical examination, there are no abnormalities in strength, sensation, reflexes, or range of motion.
5. No cervical lymphadenopathy is noted.
6. A tender point is identified anteriorly on the right at the level of C4.
7. Cardiac, respiratory, and abdominal findings are normal.",7,B,medxpert,"1. A 32-year-old man comes to his primary care physician for an annual physical examination.
2. He mentions experiencing neck pain since waking up this morning, which he attributes to ""sleeping in an awkward position."" He denies any other symptoms.
3. His medical history is unremarkable, and he only takes a daily multivitamin.
4. On physical examination, there are no abnormalities in strength, sensation, reflexes, or range of motion.
5. No cervical lymphadenopathy is noted.
6. A tender point is identified anteriorly on the right at the level of C4.
7. Cardiac, respiratory, and abdominal findings are normal.","How is the diagnosis determined for this patient?

A. Pressing on the anteromedial aspect of the transverse process of the associated vertebra  
B. Pressing on the anterolateral aspect of the right posterior tubercle of the transverse process of the associated vertebra  
C. Applying pressure directly to the spinous process of the associated vertebra  
D. Translating the associated vertebra to the left by pressing on its articular pillar  
E. Pressing on the posterolateral aspect of the right articular process of the associated vertebra  
F. Translating the associated vertebra to the right by pressing on the contralateral articular pillar  
G. Palpating the posterior aspect of the transverse process and applying an inferomedial force  
H. Pressing on the inferolateral aspect of the right articular pillar of the associated vertebra  
I. Palpating the anterior aspect of the right transverse process and applying a lateral force  
J. Pressing on the lateral aspect of the right portion of the bifid spinous process of the associated vertebra",I,,,,,,,,,,,,,,,,,,,,,
ID0241,"### Step 1: Read excerpt
1. A woman in her 50s with a 2-year history of disseminated dermatosis involving the trunk and limbs was seen in our dermatology department.
2. The dermatosis was characterized by polymorphic erythematous macules and plaques with elevated and indurated borders without evanescence to pressure (Figure, A and B).
3. She was referred from another clinic with the presumptive diagnosis of urticarial vasculitis.
4. Previous treatment included antihistamines and oral corticosteroids for several months without improvement.
5. Dysesthesia was recorded on her lesions.
6. Results from complete blood cell count, erythrocyte sedimentation rate, and blood chemistry analyses were normal, as was a thyroid profile.
7. A punch biopsy specimen from a trunk plaque was obtained, and histopathological analysis was performed (Figure, C and D).
8. A, Polymorphic erythematous macules and plaques with elevated and indurated borders without in vitro pressure evanescence were noticed during consultation on patient’s back.
9. B, Polymorphic erythematous macules and plaques with elevated and indurated borders without in vitro pressure evanescence on the trunk and abdomen were present.
10. C, Histopathological analysis revealed a chronic dermic granulomatous process, as well as (D) a chronic dermic nonencapsulated granulomatous infiltrate with a perineural distribution formed by mature epitheloid cells and encapsulated by lymphocytes.

### Step 2: Answer QA Details
What Is Your Diagnosis?

A: Borderline-borderline leprosy  
B: Mycosis fungoides  
C: Disseminated annular granuloma  
D: Sarcoidosis  

### Step 3: Determine sentence relevance
1. A woman in her 50s with a 2-year history of disseminated dermatosis involving the trunk and limbs was seen in our dermatology department.
2. The dermatosis was characterized by polymorphic erythematous macules and plaques with elevated and indurated borders without evanescence to pressure (Figure, A and B).
3. She was referred from another clinic with the presumptive diagnosis of urticarial vasculitis.
4. Previous treatment included antihistamines and oral corticosteroids for several months without improvement.
5. Dysesthesia was recorded on her lesions.
6. Results from complete blood cell count, erythrocyte sedimentation rate, and blood chemistry analyses were normal, as was a thyroid profile.
7. A punch biopsy specimen from a trunk plaque was obtained, and histopathological analysis was performed (Figure, C and D).
8. A, Polymorphic erythematous macules and plaques with elevated and indurated borders without in vitro pressure evanescence were noticed during consultation on patient’s back.
9. B, Polymorphic erythematous macules and plaques with elevated and indurated borders without in vitro pressure evanescence on the trunk and abdomen were present.
10. C, Histopathological analysis revealed a chronic dermic granulomatous process, as well as (D) a chronic dermic nonencapsulated granulomatous infiltrate with a perineural distribution formed by mature epitheloid cells and encapsulated by lymphocytes.",10,A,jama,"1. A woman in her 50s with a 2-year history of disseminated dermatosis involving the trunk and limbs was seen in our dermatology department.
2. The dermatosis was characterized by polymorphic erythematous macules and plaques with elevated and indurated borders without evanescence to pressure (Figure, A and B).
3. She was referred from another clinic with the presumptive diagnosis of urticarial vasculitis.
4. Previous treatment included antihistamines and oral corticosteroids for several months without improvement.
5. Dysesthesia was recorded on her lesions.
6. Results from complete blood cell count, erythrocyte sedimentation rate, and blood chemistry analyses were normal, as was a thyroid profile.
7. A punch biopsy specimen from a trunk plaque was obtained, and histopathological analysis was performed (Figure, C and D).
8. A, Polymorphic erythematous macules and plaques with elevated and indurated borders without in vitro pressure evanescence were noticed during consultation on patient’s back.
9. B, Polymorphic erythematous macules and plaques with elevated and indurated borders without in vitro pressure evanescence on the trunk and abdomen were present.
10. C, Histopathological analysis revealed a chronic dermic granulomatous process, as well as (D) a chronic dermic nonencapsulated granulomatous infiltrate with a perineural distribution formed by mature epitheloid cells and encapsulated by lymphocytes.","What Is Your Diagnosis?

A: Borderline-borderline leprosy  
B: Mycosis fungoides  
C: Disseminated annular granuloma  
D: Sarcoidosis",A,Low Relevance,Low Relevance,Irrelevant,Irrelevant,High Relevance,Low Relevance,Low Relevance,Low Relevance,Low Relevance,High Relevance,,,,,,,,,,,
ID0262,"### Step 1: Read excerpt
1. A 72-year-old female patient presents for follow-up of hypertension and reports noticing a swelling in the anterior triangle of her neck over the past 12 to 18 months.
2. She denies symptoms such as weight changes, palpitations, muscle weakness, skin or voice changes, or neck pain.
3. She has no history of radiation exposure or family history of thyroid cancer.
4. On examination, her blood pressure is 142/87 mm Hg, heart rate is 92 beats per minute, and temperature is 36.5°C.
5. A 2- to 3-cm swelling is observed at the base of the neck, just to the right of the trachea, which moves upward with swallowing.
6. The swelling is non-tender, not tethered to the skin, and there is no lymphadenopathy.
7. The palms are slightly diaphoretic, but no other signs of thyroid dysfunction are noted.
8. Laboratory results are as follows:

|  | Patient value | Reference range |
| --- | --- | --- |
| Thyroid-stimulating hormone (μU/mL) | 0.03 | 0.5–4.7 |
| Calcium (mg/dL) | 9.4 | 9.0–10.5 |
| Phosphorus (mg/dL) | 3.6 | 3.0–4.5 |
| Albumin (g/dL) | 3.8 | 3.5–5.5 |

The complete blood count is within normal limits.

### Step 2: Answer QA Details
What is the most appropriate next step in evaluating this patient?

A. Surgical excision of the nodule for histopathology  
B. PET scan to evaluate for malignancy  
C. Thyroid ultrasound and fine-needle aspiration of the nodule  
D. Repeat TSH measurement in 6 weeks  
E. Empirical treatment with antithyroid medication  
F. Measurement of thyroid-stimulating immunoglobulin  
G. CT scan of the neck and chest  
H. Radionuclide scanning with iodine-123  
I. Measurement of free T4 and total T3 levels  
J. Fine-needle aspiration without imaging guidance  

### Step 3: Determine sentence relevance
1. A 72-year-old female patient presents for follow-up of hypertension and reports noticing a swelling in the anterior triangle of her neck over the past 12 to 18 months.
2. She denies symptoms such as weight changes, palpitations, muscle weakness, skin or voice changes, or neck pain.
3. She has no history of radiation exposure or family history of thyroid cancer.
4. On examination, her blood pressure is 142/87 mm Hg, heart rate is 92 beats per minute, and temperature is 36.5°C.
5. A 2- to 3-cm swelling is observed at the base of the neck, just to the right of the trachea, which moves upward with swallowing.
6. The swelling is non-tender, not tethered to the skin, and there is no lymphadenopathy.
7. The palms are slightly diaphoretic, but no other signs of thyroid dysfunction are noted.
8. Laboratory results are as follows:

|  | Patient value | Reference range |
| --- | --- | --- |
| Thyroid-stimulating hormone (μU/mL) | 0.03 | 0.5–4.7 |
| Calcium (mg/dL) | 9.4 | 9.0–10.5 |
| Phosphorus (mg/dL) | 3.6 | 3.0–4.5 |
| Albumin (g/dL) | 3.8 | 3.5–5.5 |

The complete blood count is within normal limits.",8,H,medxpert,"1. A 72-year-old female patient presents for follow-up of hypertension and reports noticing a swelling in the anterior triangle of her neck over the past 12 to 18 months.
2. She denies symptoms such as weight changes, palpitations, muscle weakness, skin or voice changes, or neck pain.
3. She has no history of radiation exposure or family history of thyroid cancer.
4. On examination, her blood pressure is 142/87 mm Hg, heart rate is 92 beats per minute, and temperature is 36.5°C.
5. A 2- to 3-cm swelling is observed at the base of the neck, just to the right of the trachea, which moves upward with swallowing.
6. The swelling is non-tender, not tethered to the skin, and there is no lymphadenopathy.
7. The palms are slightly diaphoretic, but no other signs of thyroid dysfunction are noted.
8. Laboratory results are as follows:

|  | Patient value | Reference range |
| --- | --- | --- |
| Thyroid-stimulating hormone (μU/mL) | 0.03 | 0.5–4.7 |
| Calcium (mg/dL) | 9.4 | 9.0–10.5 |
| Phosphorus (mg/dL) | 3.6 | 3.0–4.5 |
| Albumin (g/dL) | 3.8 | 3.5–5.5 |

The complete blood count is within normal limits.","What is the most appropriate next step in evaluating this patient?

A. Surgical excision of the nodule for histopathology  
B. PET scan to evaluate for malignancy  
C. Thyroid ultrasound and fine-needle aspiration of the nodule  
D. Repeat TSH measurement in 6 weeks  
E. Empirical treatment with antithyroid medication  
F. Measurement of thyroid-stimulating immunoglobulin  
G. CT scan of the neck and chest  
H. Radionuclide scanning with iodine-123  
I. Measurement of free T4 and total T3 levels  
J. Fine-needle aspiration without imaging guidance",H,High Relevance,Low Relevance,Low Relevance,Low Relevance,High Relevance,Low Relevance,Low Relevance,High Relevance,,,,,,,,,,,,,
ID0281,"### Step 1: Read excerpt

1. A 15-year-old girl presents with a 7-month history of absent menstrual periods.  
2. She reached menarche at age 13 and denies any significant medical history, medication use, or sexual activity.  
3. She reports no fevers, night sweats, skin changes, or gastrointestinal complaints but mentions cold intolerance and thinning hair.  
4. She is a ninth-grade student performing well academically.  
5. Over the past year, she has become highly active in her school’s track team and has eliminated gluten and processed sugars from her diet to ""stay healthy."" She runs regularly and swims for 2 hours three times a week.  
6. On examination, her BMI is at the third percentile, with a weight loss of 4.5 kg since her last visit 9 months ago.  
7. Her temperature is 36.1°C, heart rate is 55 beats per minute, and respiratory rate is 16 breaths per minute.  
8. Pubic hair and breast development correspond to Tanner stage 4.  
9. The rest of the physical exam is unremarkable.  
10. A urine pregnancy test is negative, and screening blood tests are ordered.  

### Step 2: Answer QA Details

Which laboratory result is most likely to explain this patient’s amenorrhea?

A. Low follicle-stimulating hormone level  
B. Elevated cortisol level  
C. Elevated prolactin level  
D. Normal gonadotropin levels  
E. Elevated thyroid-stimulating hormone level  
F. Increased androgens  
G. Increased thyroid-stimulating hormone level  
H. Elevated free T4 level  
I. Decreased leptin level  
J. Low estradiol level  

### Step 3: Determine sentence relevance

1. A 15-year-old girl presents with a 7-month history of absent menstrual periods.  
2. She reached menarche at age 13 and denies any significant medical history, medication use, or sexual activity.  
3. She reports no fevers, night sweats, skin changes, or gastrointestinal complaints but mentions cold intolerance and thinning hair.  
4. She is a ninth-grade student performing well academically.  
5. Over the past year, she has become highly active in her school’s track team and has eliminated gluten and processed sugars from her diet to ""stay healthy."" She runs regularly and swims for 2 hours three times a week.  
6. On examination, her BMI is at the third percentile, with a weight loss of 4.5 kg since her last visit 9 months ago.  
7. Her temperature is 36.1°C, heart rate is 55 beats per minute, and respiratory rate is 16 breaths per minute.  
8. Pubic hair and breast development correspond to Tanner stage 4.  
9. The rest of the physical exam is unremarkable.  
10. A urine pregnancy test is negative, and screening blood tests are ordered.  ",10,A,medxpert,"1. A 15-year-old girl presents with a 7-month history of absent menstrual periods.  
2. She reached menarche at age 13 and denies any significant medical history, medication use, or sexual activity.  
3. She reports no fevers, night sweats, skin changes, or gastrointestinal complaints but mentions cold intolerance and thinning hair.  
4. She is a ninth-grade student performing well academically.  
5. Over the past year, she has become highly active in her school’s track team and has eliminated gluten and processed sugars from her diet to ""stay healthy."" She runs regularly and swims for 2 hours three times a week.  
6. On examination, her BMI is at the third percentile, with a weight loss of 4.5 kg since her last visit 9 months ago.  
7. Her temperature is 36.1°C, heart rate is 55 beats per minute, and respiratory rate is 16 breaths per minute.  
8. Pubic hair and breast development correspond to Tanner stage 4.  
9. The rest of the physical exam is unremarkable.  
10. A urine pregnancy test is negative, and screening blood tests are ordered.","Which laboratory result is most likely to explain this patient’s amenorrhea?

A. Low follicle-stimulating hormone level  
B. Elevated cortisol level  
C. Elevated prolactin level  
D. Normal gonadotropin levels  
E. Elevated thyroid-stimulating hormone level  
F. Increased androgens  
G. Increased thyroid-stimulating hormone level  
H. Elevated free T4 level  
I. Decreased leptin level  
J. Low estradiol level",I,High Relevance,Low Relevance,Low Relevance,Irrelevant,High Relevance,High Relevance,Low Relevance,Irrelevant,Irrelevant,High Relevance,,,,,,,,,,,
ID0284,"### Step 1: Read excerpt
1. A 74-year-old woman with a history of hyperlipidemia presents with a 6-month history of activity-induced right-arm pain and achiness accompanied by localized muscle fatigue, which has progressively worsened.
2. She also reports generalized fatigue for the past 4 months.
3. The pain is triggered by activity and resolves with rest.
4. She denies any smoking history.
5. Two weeks ago, she experienced transient vision loss in her right eye and underwent an unremarkable MRI of the brain and ophthalmologic evaluation.
6. On physical examination, her blood pressure is 106/74 mm Hg in the right arm and 132/86 mm Hg in the left arm.
7. A diminished radial pulse is noted in the right arm.
8. Laboratory tests reveal a normal complete blood count and chemistry panel, but her erythrocyte sedimentation rate is elevated at 64 mm/hour (reference range, 1–25).

### Step 2: Answer QA Details
What is the most likely diagnosis in this patient?

A. Buerger disease  
B. Atherosclerotic peripheral artery disease  
C. Fibromuscular dysplasia  
D. Polymyalgia rheumatica  
E. Raynaud phenomenon  
F. Subclavian steal syndrome  
G. Thoracic-outlet obstruction  
H. Carotid artery stenosis  
I. Giant-cell arteritis  
J. Takayasu arteritis  

### Step 3: Determine sentence relevance
1. A 74-year-old woman with a history of hyperlipidemia presents with a 6-month history of activity-induced right-arm pain and achiness accompanied by localized muscle fatigue, which has progressively worsened.
2. She also reports generalized fatigue for the past 4 months.
3. The pain is triggered by activity and resolves with rest.
4. She denies any smoking history.
5. Two weeks ago, she experienced transient vision loss in her right eye and underwent an unremarkable MRI of the brain and ophthalmologic evaluation.
6. On physical examination, her blood pressure is 106/74 mm Hg in the right arm and 132/86 mm Hg in the left arm.
7. A diminished radial pulse is noted in the right arm.
8. Laboratory tests reveal a normal complete blood count and chemistry panel, but her erythrocyte sedimentation rate is elevated at 64 mm/hour (reference range, 1–25).",8,I,medxpert,"1. A 74-year-old woman with a history of hyperlipidemia presents with a 6-month history of activity-induced right-arm pain and achiness accompanied by localized muscle fatigue, which has progressively worsened.
2. She also reports generalized fatigue for the past 4 months.
3. The pain is triggered by activity and resolves with rest.
4. She denies any smoking history.
5. Two weeks ago, she experienced transient vision loss in her right eye and underwent an unremarkable MRI of the brain and ophthalmologic evaluation.
6. On physical examination, her blood pressure is 106/74 mm Hg in the right arm and 132/86 mm Hg in the left arm.
7. A diminished radial pulse is noted in the right arm.
8. Laboratory tests reveal a normal complete blood count and chemistry panel, but her erythrocyte sedimentation rate is elevated at 64 mm/hour (reference range, 1–25).","What is the most likely diagnosis in this patient?

A. Buerger disease  
B. Atherosclerotic peripheral artery disease  
C. Fibromuscular dysplasia  
D. Polymyalgia rheumatica  
E. Raynaud phenomenon  
F. Subclavian steal syndrome  
G. Thoracic-outlet obstruction  
H. Carotid artery stenosis  
I. Giant-cell arteritis  
J. Takayasu arteritis",I,High Relevance,Low Relevance,High Relevance,Low Relevance,High Relevance,High Relevance,High Relevance,High Relevance,,,,,,,,,,,,,
ID0291,"**Step 1: Read excerpt**

1. A 39-year-old male presents to the clinic complaining of throbbing pain at the base of his skull since last night.  
2. He was mopping his kitchen when he slipped backward, hitting his head on the floor.  
3. He denies loss of consciousness and review of systems is otherwise negative.  
4. He has no significant past medical history and takes no medications.  
5. Vital signs reveal:  

| Temperature | 36.7°C (98.1°F) |  
| --- | --- |  
| Blood pressure | 124/78 mm Hg |  
| Heart rate | 82/min |  
| Respiratory rate | 14/min |  

On examination, the patient is in mild discomfort but is appropriately alert and oriented.  
6. A complete neurological exam is unremarkable.  
7. There is a 2 cm superficial laceration within a well-circumscribed area of erythema, edema, and ecchymosis at the base of the skull.  
8. The cranial rhythmic impulse (CRI) is about 6 cycles per minute, and there is a moderate decrease in the amplitude of the components of its cycles.  

**Step 2: Answer QA Details**

Which of the following would be an expected additional finding in this patient?  

B. Unilateral sacral flexion  
C. Torsion of the sacrum around an oblique axis  
D. Decreased sacral nutation  
E. Decreased amplitude of the occipital motion during cranial flexion  
F. Bilateral sacral flexion  
G. Bilateral sacral extension  
H. Compression of the sphenobasilar synchondrosis  
I. Increased sacral nutation  
J. Unilateral sacral extension  

**Step 3: Determine sentence relevance**

1. A 39-year-old male presents to the clinic complaining of throbbing pain at the base of his skull since last night.  
2. He was mopping his kitchen when he slipped backward, hitting his head on the floor.  
3. He denies loss of consciousness and review of systems is otherwise negative.  
4. He has no significant past medical history and takes no medications.  
5. Vital signs reveal:  

| Temperature | 36.7°C (98.1°F) |  
| --- | --- |  
| Blood pressure | 124/78 mm Hg |  
| Heart rate | 82/min |  
| Respiratory rate | 14/min |  

On examination, the patient is in mild discomfort but is appropriately alert and oriented.  
6. A complete neurological exam is unremarkable.  
7. There is a 2 cm superficial laceration within a well-circumscribed area of erythema, edema, and ecchymosis at the base of the skull.  
8. The cranial rhythmic impulse (CRI) is about 6 cycles per minute, and there is a moderate decrease in the amplitude of the components of its cycles.  ",5,D,medxpert,"1. A 39-year-old male presents to the clinic complaining of throbbing pain at the base of his skull since last night.  
2. He was mopping his kitchen when he slipped backward, hitting his head on the floor.  
3. He denies loss of consciousness and review of systems is otherwise negative.  
4. He has no significant past medical history and takes no medications.  
5. Vital signs reveal:  

| Temperature | 36.7°C (98.1°F) |  
| --- | --- |  
| Blood pressure | 124/78 mm Hg |  
| Heart rate | 82/min |  
| Respiratory rate | 14/min |  

On examination, the patient is in mild discomfort but is appropriately alert and oriented.  
6. A complete neurological exam is unremarkable.  
7. There is a 2 cm superficial laceration within a well-circumscribed area of erythema, edema, and ecchymosis at the base of the skull.  
8. The cranial rhythmic impulse (CRI) is about 6 cycles per minute, and there is a moderate decrease in the amplitude of the components of its cycles.","Which of the following would be an expected additional finding in this patient?  

B. Unilateral sacral flexion  
C. Torsion of the sacrum around an oblique axis  
D. Decreased sacral nutation  
E. Decreased amplitude of the occipital motion during cranial flexion  
F. Bilateral sacral flexion  
G. Bilateral sacral extension  
H. Compression of the sphenobasilar synchondrosis  
I. Increased sacral nutation  
J. Unilateral sacral extension",H,,,,,,,,,,,,,,,,,,,,,
ID0292,"**Step 1: Read excerpt**

1. A 24-year-old primigravida woman at 31 weeks' gestation is hospitalized with a blood pressure of 145/92 mm Hg and a urine dipstick showing 1+ proteinuria.
2. Her pregnancy has been uncomplicated, and she has no significant medical or surgical history.
3. During 24 hours of inpatient monitoring, she has no neurologic symptoms, visual changes, peripheral edema, or right upper quadrant pain.
4. Her systolic blood pressure ranges from 142 to 148 mm Hg, her diastolic blood pressure ranges from 90 to 96 mm Hg, and her heart rate ranges from 79 to 92 beats per minute.
5. Her cervix is closed and 4 cm long; the fetal head is not engaged in the pelvis.
6. Her laboratory results are as follows:

|  | Patient value | Reference range |
| --- | --- | --- |
| Hematocrit (%) | 37 | 28–40 |
| Platelet count (per mm3) | 350,000 | 146,000–429,000 |
| Creatinine (mg/dL) | 0.7 | 0.4–0.9 |
| Alanine aminotransferase (U/liter) | 10 | 2–25 |
| Aspartate aminotransferase (U/liter) | 14 | 4–32 |
| 24-hour protein excretion (mg) | 325 | 0–254 |
| Urine protein-to-creatinine ratio (mg/mg) | 0.35 | <0.20 |

A nonstress test is reactive with a baseline heart rate of 140 beats per minute with moderate variability, adequate accelerations, and no decelerations.
7. Tocometry reveals no contractions.
8. Ultrasound shows normal fetal growth parameters and a normal amniotic fluid index.

**Step 2: Answer QA Details**

Which one of the following next steps is most appropriate in this patient's care?

A. Start magnesium sulfate, and plan for induction of labor  
B. Start methyldopa and continue inpatient monitoring for 48 hours  
C. Administer furosemide and schedule follow-up in 3 days  
D. Initiate induction of labor with cervical ripening  
E. Start hydralazine and admit for continuous fetal monitoring  
F. Initiate immediate delivery by cesarean section  
G. Start labetalol, and discharge for outpatient management, with clinic visits and fetal monitoring scheduled at short intervals  
H. Start magnesium sulfate and continue to monitor in the hospital  
I. Start nifedipine and schedule follow-up in one week  
J. Administer betamethasone and continue expectant management without antihypertensive therapy  

**Step 3: Determine sentence relevance**

1. A 24-year-old primigravida woman at 31 weeks' gestation is hospitalized with a blood pressure of 145/92 mm Hg and a urine dipstick showing 1+ proteinuria.
2. Her pregnancy has been uncomplicated, and she has no significant medical or surgical history.
3. During 24 hours of inpatient monitoring, she has no neurologic symptoms, visual changes, peripheral edema, or right upper quadrant pain.
4. Her systolic blood pressure ranges from 142 to 148 mm Hg, her diastolic blood pressure ranges from 90 to 96 mm Hg, and her heart rate ranges from 79 to 92 beats per minute.
5. Her cervix is closed and 4 cm long; the fetal head is not engaged in the pelvis.
6. Her laboratory results are as follows:

|  | Patient value | Reference range |
| --- | --- | --- |
| Hematocrit (%) | 37 | 28–40 |
| Platelet count (per mm3) | 350,000 | 146,000–429,000 |
| Creatinine (mg/dL) | 0.7 | 0.4–0.9 |
| Alanine aminotransferase (U/liter) | 10 | 2–25 |
| Aspartate aminotransferase (U/liter) | 14 | 4–32 |
| 24-hour protein excretion (mg) | 325 | 0–254 |
| Urine protein-to-creatinine ratio (mg/mg) | 0.35 | <0.20 |

A nonstress test is reactive with a baseline heart rate of 140 beats per minute with moderate variability, adequate accelerations, and no decelerations.
7. Tocometry reveals no contractions.
8. Ultrasound shows normal fetal growth parameters and a normal amniotic fluid index.",6,G,medxpert,"1. A 24-year-old primigravida woman at 31 weeks' gestation is hospitalized with a blood pressure of 145/92 mm Hg and a urine dipstick showing 1+ proteinuria.
2. Her pregnancy has been uncomplicated, and she has no significant medical or surgical history.
3. During 24 hours of inpatient monitoring, she has no neurologic symptoms, visual changes, peripheral edema, or right upper quadrant pain.
4. Her systolic blood pressure ranges from 142 to 148 mm Hg, her diastolic blood pressure ranges from 90 to 96 mm Hg, and her heart rate ranges from 79 to 92 beats per minute.
5. Her cervix is closed and 4 cm long; the fetal head is not engaged in the pelvis.
6. Her laboratory results are as follows:

|  | Patient value | Reference range |
| --- | --- | --- |
| Hematocrit (%) | 37 | 28–40 |
| Platelet count (per mm3) | 350,000 | 146,000–429,000 |
| Creatinine (mg/dL) | 0.7 | 0.4–0.9 |
| Alanine aminotransferase (U/liter) | 10 | 2–25 |
| Aspartate aminotransferase (U/liter) | 14 | 4–32 |
| 24-hour protein excretion (mg) | 325 | 0–254 |
| Urine protein-to-creatinine ratio (mg/mg) | 0.35 | <0.20 |

A nonstress test is reactive with a baseline heart rate of 140 beats per minute with moderate variability, adequate accelerations, and no decelerations.
7. Tocometry reveals no contractions.
8. Ultrasound shows normal fetal growth parameters and a normal amniotic fluid index.","Which one of the following next steps is most appropriate in this patient's care?

A. Start magnesium sulfate, and plan for induction of labor  
B. Start methyldopa and continue inpatient monitoring for 48 hours  
C. Administer furosemide and schedule follow-up in 3 days  
D. Initiate induction of labor with cervical ripening  
E. Start hydralazine and admit for continuous fetal monitoring  
F. Initiate immediate delivery by cesarean section  
G. Start labetalol, and discharge for outpatient management, with clinic visits and fetal monitoring scheduled at short intervals  
H. Start magnesium sulfate and continue to monitor in the hospital  
I. Start nifedipine and schedule follow-up in one week  
J. Administer betamethasone and continue expectant management without antihypertensive therapy",J,High Relevance,Low Relevance,High Relevance,High Relevance,Low Relevance,High Relevance,Low Relevance,High Relevance,,,,,,,,,,,,,
ID0293,"**Step 1: Read excerpt**

1. A 13-month-old boy is in the pediatric intensive care unit (PICU) with bronchiolitis and impending respiratory failure.  
2. He was born at 30 weeks’ gestation and required continuous positive airway pressure in the neonatal intensive care unit for one week before being discharged home without any requirements for supplemental oxygen.  
3. During his current hospitalization, he has undergone several trials of noninvasive support, but he continues to have markedly increased work of breathing, with blood gas testing confirming hypercapnia.  
4. A decision is made to intubate the patient and place him on mechanical ventilation.  

**Step 2: Answer QA Details**

Which one of the following endotracheal tubes is most appropriate to use on the initial intubation attempt in this patient?

A. 4.5-mm cuffed endotracheal tube  
B. 3.5-mm cuffed endotracheal tube  
C. 4.5-mm uncuffed endotracheal tube  
D. 3.0-mm cuffed endotracheal tube  
E. 3.0-mm reinforced endotracheal tube  
F. 4.0-mm uncuffed endotracheal tube  
G. 3.0-mm uncuffed endotracheal tube  
H. 4.0-mm cuffed endotracheal tube  
I. 2.5-mm cuffed endotracheal tube  
J. 3.5-mm uncuffed endotracheal tube  

**Step 3: Determine sentence relevance**

1. A 13-month-old boy is in the pediatric intensive care unit (PICU) with bronchiolitis and impending respiratory failure.  
2. He was born at 30 weeks’ gestation and required continuous positive airway pressure in the neonatal intensive care unit for one week before being discharged home without any requirements for supplemental oxygen.  
3. During his current hospitalization, he has undergone several trials of noninvasive support, but he continues to have markedly increased work of breathing, with blood gas testing confirming hypercapnia.  
4. A decision is made to intubate the patient and place him on mechanical ventilation.  ",4,B,medxpert,"1. A 13-month-old boy is in the pediatric intensive care unit (PICU) with bronchiolitis and impending respiratory failure.  
2. He was born at 30 weeks’ gestation and required continuous positive airway pressure in the neonatal intensive care unit for one week before being discharged home without any requirements for supplemental oxygen.  
3. During his current hospitalization, he has undergone several trials of noninvasive support, but he continues to have markedly increased work of breathing, with blood gas testing confirming hypercapnia.  
4. A decision is made to intubate the patient and place him on mechanical ventilation.","Which one of the following endotracheal tubes is most appropriate to use on the initial intubation attempt in this patient?

A. 4.5-mm cuffed endotracheal tube  
B. 3.5-mm cuffed endotracheal tube  
C. 4.5-mm uncuffed endotracheal tube  
D. 3.0-mm cuffed endotracheal tube  
E. 3.0-mm reinforced endotracheal tube  
F. 4.0-mm uncuffed endotracheal tube  
G. 3.0-mm uncuffed endotracheal tube  
H. 4.0-mm cuffed endotracheal tube  
I. 2.5-mm cuffed endotracheal tube  
J. 3.5-mm uncuffed endotracheal tube",H,High Relevance,Low Relevance,Low Relevance,Low Relevance,,,,,,,,,,,,,,,,,
ID0295,"### Step 1: Read excerpt
1. A 31-year-old gravida 1, para 1 woman with a history of Wolff-Parkinson-White disease and recently diagnosed stage II Hodgkin lymphoma presented with a pruritic rash.
2. She was diagnosed with Hodgkin lymphoma at 35 weeks’ gestation, and 1 week later she underwent cesarean delivery.
3. At 3 weeks’ postpartum, she began chemotherapy (cycle 1, day 1) with adriamycin, bleomycin, vinblastine, and dacarbazine (ABVD).
4. On day 15 of cycle 1, she presented with linear, hyperpigmented streaks and welts on her arms, back, and legs.
5. Intense, diffuse pruritus had developed within 24 hours of the patient’s first day of treatment, and her symptoms were poorly responsive to antihistamines and topical steroids.
6. Pruritus was followed by the appearance of dark scratch marks as demonstrated in the Figure.
7. Laboratory test results revealed a white blood cell count of 1.6 ×103 cells/mm3, with an absolute neutrophil count of 500 cells/mm3 and a total bilirubin of 0.3 mg/dL (to convert to μmol/L, multiply by 17.104), which was unchanged from the baseline total bilirubin.
8. Clinical photograph of the patient’s back shows scratch marks that appeared after diffuse pruritus.
9. Prior to the diagnosis of Hodgkin lymphoma, she was receiving routine prenatal care, and the only complication was pruritus without a rash that developed during the first trimester.
10. She was evaluated for right supraclavicular adenopathy that was unresponsive to antibiotics during the third trimester.
11. Findings from a lymph node biopsy were consistent with classic Hodgkin lymphoma, nodular sclerosis subtype.
12. Staging imaging revealed bilateral supraclavicular jugular chain, paratracheal and mediastinal lymphadenopathy, and the erythrocyte sedimentation rate was 67 mm/h.
13. She was diagnosed with stage II, unfavorable-risk Hodgkin lymphoma.

### Step 2: Answer QA Details
What Is Your Diagnosis?

A: Bleomycin toxic effects  
B: Paraneoplastic skin disease  
C: Polymorphic eruption of pregnancy  
D: Vinblastine toxic effects  

### Step 3: Determine sentence relevance
1. A 31-year-old gravida 1, para 1 woman with a history of Wolff-Parkinson-White disease and recently diagnosed stage II Hodgkin lymphoma presented with a pruritic rash.
2. She was diagnosed with Hodgkin lymphoma at 35 weeks’ gestation, and 1 week later she underwent cesarean delivery.
3. At 3 weeks’ postpartum, she began chemotherapy (cycle 1, day 1) with adriamycin, bleomycin, vinblastine, and dacarbazine (ABVD).
4. On day 15 of cycle 1, she presented with linear, hyperpigmented streaks and welts on her arms, back, and legs.
5. Intense, diffuse pruritus had developed within 24 hours of the patient’s first day of treatment, and her symptoms were poorly responsive to antihistamines and topical steroids.
6. Pruritus was followed by the appearance of dark scratch marks as demonstrated in the Figure.
7. Laboratory test results revealed a white blood cell count of 1.6 ×103 cells/mm3, with an absolute neutrophil count of 500 cells/mm3 and a total bilirubin of 0.3 mg/dL (to convert to μmol/L, multiply by 17.104), which was unchanged from the baseline total bilirubin.
8. Clinical photograph of the patient’s back shows scratch marks that appeared after diffuse pruritus.
9. Prior to the diagnosis of Hodgkin lymphoma, she was receiving routine prenatal care, and the only complication was pruritus without a rash that developed during the first trimester.
10. She was evaluated for right supraclavicular adenopathy that was unresponsive to antibiotics during the third trimester.
11. Findings from a lymph node biopsy were consistent with classic Hodgkin lymphoma, nodular sclerosis subtype.
12. Staging imaging revealed bilateral supraclavicular jugular chain, paratracheal and mediastinal lymphadenopathy, and the erythrocyte sedimentation rate was 67 mm/h.
13. She was diagnosed with stage II, unfavorable-risk Hodgkin lymphoma.",13,A,jama,"1. A 31-year-old gravida 1, para 1 woman with a history of Wolff-Parkinson-White disease and recently diagnosed stage II Hodgkin lymphoma presented with a pruritic rash.
2. She was diagnosed with Hodgkin lymphoma at 35 weeks’ gestation, and 1 week later she underwent cesarean delivery.
3. At 3 weeks’ postpartum, she began chemotherapy (cycle 1, day 1) with adriamycin, bleomycin, vinblastine, and dacarbazine (ABVD).
4. On day 15 of cycle 1, she presented with linear, hyperpigmented streaks and welts on her arms, back, and legs.
5. Intense, diffuse pruritus had developed within 24 hours of the patient’s first day of treatment, and her symptoms were poorly responsive to antihistamines and topical steroids.
6. Pruritus was followed by the appearance of dark scratch marks as demonstrated in the Figure.
7. Laboratory test results revealed a white blood cell count of 1.6 ×103 cells/mm3, with an absolute neutrophil count of 500 cells/mm3 and a total bilirubin of 0.3 mg/dL (to convert to μmol/L, multiply by 17.104), which was unchanged from the baseline total bilirubin.
8. Clinical photograph of the patient’s back shows scratch marks that appeared after diffuse pruritus.
9. Prior to the diagnosis of Hodgkin lymphoma, she was receiving routine prenatal care, and the only complication was pruritus without a rash that developed during the first trimester.
10. She was evaluated for right supraclavicular adenopathy that was unresponsive to antibiotics during the third trimester.
11. Findings from a lymph node biopsy were consistent with classic Hodgkin lymphoma, nodular sclerosis subtype.
12. Staging imaging revealed bilateral supraclavicular jugular chain, paratracheal and mediastinal lymphadenopathy, and the erythrocyte sedimentation rate was 67 mm/h.
13. She was diagnosed with stage II, unfavorable-risk Hodgkin lymphoma.","What Is Your Diagnosis?

A: Bleomycin toxic effects  
B: Paraneoplastic skin disease  
C: Polymorphic eruption of pregnancy  
D: Vinblastine toxic effects",A,Low Relevance,Low Relevance,High Relevance,High Relevance,High Relevance,High Relevance,Irrelevant,High Relevance,Irrelevant,Irrelevant,Irrelevant,Irrelevant,Irrelevant,,,,,,,,
ID0297,"### Step 1: Read excerpt
1. A 55-year-old woman diagnosed with invasive ductal carcinoma of the left breast (T3N1M0, stage IIIA) in December 2012 was treated with neoadjuvant chemotherapy comprising docetaxel (75 mg/m2) and trastuzumab (8 mg/kg initially, then 6 mg/kg every 3 weeks), followed by 3 courses of epirubicin (90 mg/m2) and cyclophosphamide (600 mg/m2), prior to modified radical mastectomy of the left breast.
2. In September 2013, she began receiving trastuzumab treatment and received adjuvant radiotherapy (5000 Gy in 25 fractions) 1 month later.
3. In June 2014, she developed a generalized nonpruritic, nontender rash, without fevers or other constitutional symptoms.
4. Physical examination showed multiple red-brown plaques and papules of various sizes on the chest, abdomen, back, and limbs (Figure 1).
5. Laboratory evaluation revealed pancytopenia (white blood cells, 1460/μL; hemoglobin, 8.3 g/dL; and platelets, 99 000/μL [leukocyte differential: 0% blasts, 0% promyeloctes, 0% myelocytes, 0% metamyelocytes, 0% banded neutrophils, 30.1% segmented neutrophils, 4.1% eosinophils, 0.7% basophils, 0.7% monocytes, 64.4% lymphocytes]).
6. A follow-up computed tomography scan of the chest and abdomen showed no evidence of local recurrence or distant metastasis.Generalized multiple red-brown plaques and papules of various sizes on patient’s torso.
7. Perform a screening test for syphilis (rapid plasma reagin)

### Step 2: Answer QA Details
What Would You Do Next?

A: Discontinue trastuzumab  
B: Obtain a skin biopsy  
C: Prescribe topical steroids  
D: Perform a screening test for syphilis (rapid plasma reagin)  

### Step 3: Determine sentence relevance
1. A 55-year-old woman diagnosed with invasive ductal carcinoma of the left breast (T3N1M0, stage IIIA) in December 2012 was treated with neoadjuvant chemotherapy comprising docetaxel (75 mg/m2) and trastuzumab (8 mg/kg initially, then 6 mg/kg every 3 weeks), followed by 3 courses of epirubicin (90 mg/m2) and cyclophosphamide (600 mg/m2), prior to modified radical mastectomy of the left breast.
2. In September 2013, she began receiving trastuzumab treatment and received adjuvant radiotherapy (5000 Gy in 25 fractions) 1 month later.
3. In June 2014, she developed a generalized nonpruritic, nontender rash, without fevers or other constitutional symptoms.
4. Physical examination showed multiple red-brown plaques and papules of various sizes on the chest, abdomen, back, and limbs (Figure 1).
5. Laboratory evaluation revealed pancytopenia (white blood cells, 1460/μL; hemoglobin, 8.3 g/dL; and platelets, 99 000/μL [leukocyte differential: 0% blasts, 0% promyeloctes, 0% myelocytes, 0% metamyelocytes, 0% banded neutrophils, 30.1% segmented neutrophils, 4.1% eosinophils, 0.7% basophils, 0.7% monocytes, 64.4% lymphocytes]).
6. A follow-up computed tomography scan of the chest and abdomen showed no evidence of local recurrence or distant metastasis.Generalized multiple red-brown plaques and papules of various sizes on patient’s torso.
7. Perform a screening test for syphilis (rapid plasma reagin)",7,B,jama,"1. A 55-year-old woman diagnosed with invasive ductal carcinoma of the left breast (T3N1M0, stage IIIA) in December 2012 was treated with neoadjuvant chemotherapy comprising docetaxel (75 mg/m2) and trastuzumab (8 mg/kg initially, then 6 mg/kg every 3 weeks), followed by 3 courses of epirubicin (90 mg/m2) and cyclophosphamide (600 mg/m2), prior to modified radical mastectomy of the left breast.
2. In September 2013, she began receiving trastuzumab treatment and received adjuvant radiotherapy (5000 Gy in 25 fractions) 1 month later.
3. In June 2014, she developed a generalized nonpruritic, nontender rash, without fevers or other constitutional symptoms.
4. Physical examination showed multiple red-brown plaques and papules of various sizes on the chest, abdomen, back, and limbs (Figure 1).
5. Laboratory evaluation revealed pancytopenia (white blood cells, 1460/μL; hemoglobin, 8.3 g/dL; and platelets, 99 000/μL [leukocyte differential: 0% blasts, 0% promyeloctes, 0% myelocytes, 0% metamyelocytes, 0% banded neutrophils, 30.1% segmented neutrophils, 4.1% eosinophils, 0.7% basophils, 0.7% monocytes, 64.4% lymphocytes]).
6. A follow-up computed tomography scan of the chest and abdomen showed no evidence of local recurrence or distant metastasis.Generalized multiple red-brown plaques and papules of various sizes on patient’s torso.
7. Perform a screening test for syphilis (rapid plasma reagin)","What Would You Do Next?

A: Discontinue trastuzumab  
B: Obtain a skin biopsy  
C: Prescribe topical steroids  
D: Perform a screening test for syphilis (rapid plasma reagin)",B,,,,,,,,,,,,,,,,,,,,,
ID0303,"**Step 1: Read excerpt**

1. A 31-year-old woman, G3P2, presents at 33 weeks' gestation (confirmed by last menstrual period and early ultrasound) with contractions occurring every 10 minutes for the past 5 hours.
2. She notes mild pelvic cramping for 2 days prior, but denies vaginal bleeding or fluid leakage.
3. Fetal movement is normal.
4. Her obstetric history includes two previous spontaneous preterm deliveries at 36+5 and 34+3 weeks.
5. She has been receiving prophylactic intramuscular 17-hydroxyprogesterone since week 16 of this otherwise uncomplicated pregnancy.
6. Physical examination reveals normal temperature and blood pressure (120/75 mm Hg).
7. The patient shows discomfort with contractions.
8. Cervical examination demonstrates 10 mm length with funneling, 2 cm dilation, and intact membranes.

**Step 2: Answer QA Details**

Along with betamethasone administration, which of the following is the most appropriate therapeutic intervention?

A. Indomethacin  
B. Cerclage  
C. Amnioinfusion  
D. Progesterone pessary  
E. Magnesium sulfate  
F. Nifedipine  
G. Terbutaline  
H. Ritodrine  
I. Antibiotics for group B streptococcus prophylaxis  
J. Oxytocin  

**Step 3: Determine sentence relevance**

1. A 31-year-old woman, G3P2, presents at 33 weeks' gestation (confirmed by last menstrual period and early ultrasound) with contractions occurring every 10 minutes for the past 5 hours.
2. She notes mild pelvic cramping for 2 days prior, but denies vaginal bleeding or fluid leakage.
3. Fetal movement is normal.
4. Her obstetric history includes two previous spontaneous preterm deliveries at 36+5 and 34+3 weeks.
5. She has been receiving prophylactic intramuscular 17-hydroxyprogesterone since week 16 of this otherwise uncomplicated pregnancy.
6. Physical examination reveals normal temperature and blood pressure (120/75 mm Hg).
7. The patient shows discomfort with contractions.
8. Cervical examination demonstrates 10 mm length with funneling, 2 cm dilation, and intact membranes.",8,F,medxpert,"1. A 31-year-old woman, G3P2, presents at 33 weeks' gestation (confirmed by last menstrual period and early ultrasound) with contractions occurring every 10 minutes for the past 5 hours.
2. She notes mild pelvic cramping for 2 days prior, but denies vaginal bleeding or fluid leakage.
3. Fetal movement is normal.
4. Her obstetric history includes two previous spontaneous preterm deliveries at 36+5 and 34+3 weeks.
5. She has been receiving prophylactic intramuscular 17-hydroxyprogesterone since week 16 of this otherwise uncomplicated pregnancy.
6. Physical examination reveals normal temperature and blood pressure (120/75 mm Hg).
7. The patient shows discomfort with contractions.
8. Cervical examination demonstrates 10 mm length with funneling, 2 cm dilation, and intact membranes.","Along with betamethasone administration, which of the following is the most appropriate therapeutic intervention?

A. Indomethacin  
B. Cerclage  
C. Amnioinfusion  
D. Progesterone pessary  
E. Magnesium sulfate  
F. Nifedipine  
G. Terbutaline  
H. Ritodrine  
I. Antibiotics for group B streptococcus prophylaxis  
J. Oxytocin",F,High Relevance,Low Relevance,Irrelevant,Low Relevance,Low Relevance,Low Relevance,Irrelevant,High Relevance,,,,,,,,,,,,,
ID0304,"### Step 1: Read excerpt
1. A 45-year-old male with a history of schizophrenia is brought to the emergency department and subsequently admitted to the psychiatric ward due to delusions and hallucinations.
2. His family became concerned when he began discussing extraterrestrial beings, which has led to job loss and impaired daily functioning.
3. In the emergency department, he describes seeing a non-threatening blue alien that silently observes him from the corner, which he considers friendly.
4. He denies other hallucinations, delusions, or suicidal/homicidal thoughts.
5. His medical records indicate a possible history of substance abuse.

### Step 2: Answer QA Details
Among patients with this psychiatric condition, which substance shows the highest rate of use compared to the general population?

A. Inhalants  
B. Marijuana  
C. Alcohol  
D. Benzodiazepines  
E. Synthetic cannabinoids  
F. Prescription opioids  
G. Methamphetamine  
H. Hallucinogens  
I. Nicotine  
J. Cocaine  

### Step 3: Determine sentence relevance
1. A 45-year-old male with a history of schizophrenia is brought to the emergency department and subsequently admitted to the psychiatric ward due to delusions and hallucinations.
2. His family became concerned when he began discussing extraterrestrial beings, which has led to job loss and impaired daily functioning.
3. In the emergency department, he describes seeing a non-threatening blue alien that silently observes him from the corner, which he considers friendly.
4. He denies other hallucinations, delusions, or suicidal/homicidal thoughts.
5. His medical records indicate a possible history of substance abuse.",5,I,medxpert,"1. A 45-year-old male with a history of schizophrenia is brought to the emergency department and subsequently admitted to the psychiatric ward due to delusions and hallucinations.
2. His family became concerned when he began discussing extraterrestrial beings, which has led to job loss and impaired daily functioning.
3. In the emergency department, he describes seeing a non-threatening blue alien that silently observes him from the corner, which he considers friendly.
4. He denies other hallucinations, delusions, or suicidal/homicidal thoughts.
5. His medical records indicate a possible history of substance abuse.","Among patients with this psychiatric condition, which substance shows the highest rate of use compared to the general population?

A. Inhalants  
B. Marijuana  
C. Alcohol  
D. Benzodiazepines  
E. Synthetic cannabinoids  
F. Prescription opioids  
G. Methamphetamine  
H. Hallucinogens  
I. Nicotine  
J. Cocaine",I,High Relevance,Low Relevance,Low Relevance,Low Relevance,Low Relevance,,,,,,,,,,,,,,,,
ID0317,"### Step 1: Read excerpt
1. A 26-year-old female presents for medical consultation following three pregnancy losses over a two-year period.
2. Her first loss occurred at 6 weeks with bleeding and cramping symptoms.
3. The second loss was detected at 10 weeks when ultrasound revealed an embryo without cardiac activity.
4. The third loss was identified at 7 weeks when ultrasound showed an anembryonic gestation.
5. She has no other medical conditions and takes no medications.
6. Physical examination and vital signs are unremarkable.

### Step 2: Answer QA Details
Which combination of diagnostic tests would be most appropriate in this case?

A. Antiphospholipid antibody testing, pelvic ultrasound, and thrombophilia workup  
B. Parental karyotype, thrombophilia workup, and pelvic ultrasound  
C. Antiphospholipid antibody testing, hysterosalpingogram, and thrombophilia workup  
D. Parental karyotype, pelvic ultrasound, and thyroid testing  
E. Antiphospholipid antibody testing, thyroid testing, and parental karyotype  
F. Antiphospholipid antibody testing, hysterosalpingogram, and parental karyotype  
G. Thyroid testing, pelvic ultrasound, and thrombophilia workup  
H. Antiphospholipid antibody testing, pelvic ultrasound, and thyroid testing  
I. Hysterosalpingogram, pelvic ultrasound, and thrombophilia workup  
J. Antiphospholipid antibody testing, thyroid testing, thrombophilia workup, and hysterosalpingogram  

### Step 3: Determine sentence relevance
1. A 26-year-old female presents for medical consultation following three pregnancy losses over a two-year period.
2. Her first loss occurred at 6 weeks with bleeding and cramping symptoms.
3. The second loss was detected at 10 weeks when ultrasound revealed an embryo without cardiac activity.
4. The third loss was identified at 7 weeks when ultrasound showed an anembryonic gestation.
5. She has no other medical conditions and takes no medications.
6. Physical examination and vital signs are unremarkable.",6,F,medxpert,"1. A 26-year-old female presents for medical consultation following three pregnancy losses over a two-year period.
2. Her first loss occurred at 6 weeks with bleeding and cramping symptoms.
3. The second loss was detected at 10 weeks when ultrasound revealed an embryo without cardiac activity.
4. The third loss was identified at 7 weeks when ultrasound showed an anembryonic gestation.
5. She has no other medical conditions and takes no medications.
6. Physical examination and vital signs are unremarkable.","Which combination of diagnostic tests would be most appropriate in this case?

A. Antiphospholipid antibody testing, pelvic ultrasound, and thrombophilia workup  
B. Parental karyotype, thrombophilia workup, and pelvic ultrasound  
C. Antiphospholipid antibody testing, hysterosalpingogram, and thrombophilia workup  
D. Parental karyotype, pelvic ultrasound, and thyroid testing  
E. Antiphospholipid antibody testing, thyroid testing, and parental karyotype  
F. Antiphospholipid antibody testing, hysterosalpingogram, and parental karyotype  
G. Thyroid testing, pelvic ultrasound, and thrombophilia workup  
H. Antiphospholipid antibody testing, pelvic ultrasound, and thyroid testing  
I. Hysterosalpingogram, pelvic ultrasound, and thrombophilia workup  
J. Antiphospholipid antibody testing, thyroid testing, thrombophilia workup, and hysterosalpingogram",F,High Relevance,High Relevance,High Relevance,High Relevance,Low Relevance,Low Relevance,,,,,,,,,,,,,,,
ID0353,"### Step 1: Read excerpt
1. An 8-year-old boy is brought to the clinic by his parents due to concerns about his hearing, as he has not been responding well when called.  
2. Initially, his behavior was thought to indicate indifference, but his parents now suspect hearing loss.  
3. He has been otherwise healthy, with normal growth and development.  
4. His family history is significant for two maternal uncles with deafness in their 30s, one of whom also has kidney disease and is on dialysis.  
5. The child has no history of hospitalizations or chronic medications, aside from occasional oral antibiotics and antipyretics for otitis and tonsillitis.  
6. In the office, he appears well but fails the whisper test.  
7. An audiogram confirms bilateral sensorineural hearing loss.  
8. Urinalysis reveals hematuria (++), confirmed by microscopy with 4–10 RBCs per high-power field.  

### Step 2: Answer QA Details
Which of the following statements is most accurate regarding this condition?

A. Eye involvement with cataract and anterior lenticonus happen in the majority of patients  
B. Males and females are equally affected with similar disease progression  
C. Early cochlear implantation prevents progression of hearing loss  
D. Treatment with ACE inhibitors should be delayed until significant proteinuria develops  
E. The condition shows autosomal dominant inheritance pattern  
F. Renal transplantation is contraindicated due to high recurrence rates  
G. The disease typically presents with isolated hearing loss without renal manifestations  
H. The renal biopsy indicated in all patients with hematuria and proteinuria; glomerular fibrosis with thick membranes and later in the disease tubular atrophy and foam cells develop.  
I. Genetic testing for COL4A5 mutations is not necessary as the diagnosis can be made clinically  
J. Proteinuria generally develops soon in the course of the disease, before ten years of age in most cases with this syndrome.  

### Step 3: Determine sentence relevance
1. An 8-year-old boy is brought to the clinic by his parents due to concerns about his hearing, as he has not been responding well when called.  
2. Initially, his behavior was thought to indicate indifference, but his parents now suspect hearing loss.  
3. He has been otherwise healthy, with normal growth and development.  
4. His family history is significant for two maternal uncles with deafness in their 30s, one of whom also has kidney disease and is on dialysis.  
5. The child has no history of hospitalizations or chronic medications, aside from occasional oral antibiotics and antipyretics for otitis and tonsillitis.  
6. In the office, he appears well but fails the whisper test.  
7. An audiogram confirms bilateral sensorineural hearing loss.  
8. Urinalysis reveals hematuria (++), confirmed by microscopy with 4–10 RBCs per high-power field.  ",8,H,medxpert,"1. An 8-year-old boy is brought to the clinic by his parents due to concerns about his hearing, as he has not been responding well when called.  
2. Initially, his behavior was thought to indicate indifference, but his parents now suspect hearing loss.  
3. He has been otherwise healthy, with normal growth and development.  
4. His family history is significant for two maternal uncles with deafness in their 30s, one of whom also has kidney disease and is on dialysis.  
5. The child has no history of hospitalizations or chronic medications, aside from occasional oral antibiotics and antipyretics for otitis and tonsillitis.  
6. In the office, he appears well but fails the whisper test.  
7. An audiogram confirms bilateral sensorineural hearing loss.  
8. Urinalysis reveals hematuria (++), confirmed by microscopy with 4–10 RBCs per high-power field.","Which of the following statements is most accurate regarding this condition?

A. Eye involvement with cataract and anterior lenticonus happen in the majority of patients  
B. Males and females are equally affected with similar disease progression  
C. Early cochlear implantation prevents progression of hearing loss  
D. Treatment with ACE inhibitors should be delayed until significant proteinuria develops  
E. The condition shows autosomal dominant inheritance pattern  
F. Renal transplantation is contraindicated due to high recurrence rates  
G. The disease typically presents with isolated hearing loss without renal manifestations  
H. The renal biopsy indicated in all patients with hematuria and proteinuria; glomerular fibrosis with thick membranes and later in the disease tubular atrophy and foam cells develop.  
I. Genetic testing for COL4A5 mutations is not necessary as the diagnosis can be made clinically  
J. Proteinuria generally develops soon in the course of the disease, before ten years of age in most cases with this syndrome.",H,High Relevance,Low Relevance,Low Relevance,High Relevance,Irrelevant,High Relevance,High Relevance,High Relevance,,,,,,,,,,,,,
ID0367,"### Step 1: Read excerpt

1. A 52-year-old male smoker (30 pack-year history) presents for one-month post-operative follow-up after a right upper pulmonary lobectomy for non-small cell lung carcinoma.
2. He reports experiencing occasional exertional dyspnea and chest tightness, but denies fever, chest pain, or recent infections.
3. His vital signs show: BP 124/78 mm Hg, HR 78/min, RR 17/min, and temperature 37.2°C (99.1°F).
4. Physical examination reveals absent breath sounds in the right upper lung field with clear remaining lung fields.
5. A well-healed 4cm surgical scar is visible on the right chest at the fifth rib level.
6. Chronic tissue texture changes are noted from T2-T7, and decreased rib motion during inhalation is observed in ribs 1-5.

### Step 2: Answer QA Details

What is the correct diagnosis and appropriate treatment approach?

A. Right inhalation dysfunction that should be addressed with muscle energy to rib 5  
B. Right inhalation dysfunction that should be addressed with balanced ligamentous tension to rib 1  
C. Right inhalation dysfunction that should be addressed with myofascial release to ribs 1-5  
E. Right exhalation dysfunction that should be addressed with direct articulation to rib 1  
F. Right exhalation dysfunction that should be addressed with muscle energy to rib 1  
G. Right exhalation dysfunction that should be addressed with counterstrain to rib 1  
H. Right inhalation dysfunction that should be addressed with HVLA to rib 1  
I. Right inhalation dysfunction that should be addressed with muscle energy to rib 1  
J. Right inhalation dysfunction that should be addressed with rib raising to ribs 1-5  

### Step 3: Determine sentence relevance

1. A 52-year-old male smoker (30 pack-year history) presents for one-month post-operative follow-up after a right upper pulmonary lobectomy for non-small cell lung carcinoma.
2. He reports experiencing occasional exertional dyspnea and chest tightness, but denies fever, chest pain, or recent infections.
3. His vital signs show: BP 124/78 mm Hg, HR 78/min, RR 17/min, and temperature 37.2°C (99.1°F).
4. Physical examination reveals absent breath sounds in the right upper lung field with clear remaining lung fields.
5. A well-healed 4cm surgical scar is visible on the right chest at the fifth rib level.
6. Chronic tissue texture changes are noted from T2-T7, and decreased rib motion during inhalation is observed in ribs 1-5.",6,F,medxpert,"1. A 52-year-old male smoker (30 pack-year history) presents for one-month post-operative follow-up after a right upper pulmonary lobectomy for non-small cell lung carcinoma.
2. He reports experiencing occasional exertional dyspnea and chest tightness, but denies fever, chest pain, or recent infections.
3. His vital signs show: BP 124/78 mm Hg, HR 78/min, RR 17/min, and temperature 37.2°C (99.1°F).
4. Physical examination reveals absent breath sounds in the right upper lung field with clear remaining lung fields.
5. A well-healed 4cm surgical scar is visible on the right chest at the fifth rib level.
6. Chronic tissue texture changes are noted from T2-T7, and decreased rib motion during inhalation is observed in ribs 1-5.","What is the correct diagnosis and appropriate treatment approach?

A. Right inhalation dysfunction that should be addressed with muscle energy to rib 5  
B. Right inhalation dysfunction that should be addressed with balanced ligamentous tension to rib 1  
C. Right inhalation dysfunction that should be addressed with myofascial release to ribs 1-5  
E. Right exhalation dysfunction that should be addressed with direct articulation to rib 1  
F. Right exhalation dysfunction that should be addressed with muscle energy to rib 1  
G. Right exhalation dysfunction that should be addressed with counterstrain to rib 1  
H. Right inhalation dysfunction that should be addressed with HVLA to rib 1  
I. Right inhalation dysfunction that should be addressed with muscle energy to rib 1  
J. Right inhalation dysfunction that should be addressed with rib raising to ribs 1-5",F,,,,,,,,,,,,,,,,,,,,,
ID0371,"**Step 1: Read excerpt**

1. A 37-year-old G1P1001 woman comes to the clinic for her 6-week postpartum visit following a spontaneous vaginal delivery of a male infant at 41 weeks and 5 days of gestation.
2. She reports that 5 days ago, her right breast became painful, and the skin near her nipple turned red.
3. Over the past 2 days, she has experienced fever and body aches, which she attributed to sleep deprivation.
4. Her infant has had difficulty latching for the past 2 weeks and is now receiving both breast milk and formula.
5. The patient has no significant medical history but has smoked half a pack of cigarettes daily for 15 years.
6. Her family history includes a mother who died of breast cancer at age 62 and a father with hypertension and coronary artery disease.
7. On examination, her temperature is 100.6°F (38.1°C), blood pressure is 116/73 mmHg, pulse is 80/min, and respirations are 14/min.
8. She appears tired with a slightly flat affect.
9. Physical exam reveals a 4x4 cm area of erythema on the lateral aspect of the right breast near the nipple, with a fluctuant, tender 2x2 cm mass at its center.
10. The overlying skin is intact.
11. The remainder of the exam is unremarkable.

**Step 2: Answer QA Details**

What is the most appropriate next step in management?

A. Mammogram  
B. Oral ibuprofen and warm compresses  
C. Referral to a lactation consultant  
D. Oral fluconazole for suspected fungal infection  
E. Surgical incision and drainage with IV vancomycin  
F. Needle aspiration and oral dicloxacillin  
G. Observation and follow-up in 1 week  
H. Biopsy of the fluctuant mass  
I. Breast ultrasound to evaluate for malignancy  
J. Cessation of smoking  

**Step 3: Determine sentence relevance**

1. A 37-year-old G1P1001 woman comes to the clinic for her 6-week postpartum visit following a spontaneous vaginal delivery of a male infant at 41 weeks and 5 days of gestation.
2. She reports that 5 days ago, her right breast became painful, and the skin near her nipple turned red.
3. Over the past 2 days, she has experienced fever and body aches, which she attributed to sleep deprivation.
4. Her infant has had difficulty latching for the past 2 weeks and is now receiving both breast milk and formula.
5. The patient has no significant medical history but has smoked half a pack of cigarettes daily for 15 years.
6. Her family history includes a mother who died of breast cancer at age 62 and a father with hypertension and coronary artery disease.
7. On examination, her temperature is 100.6°F (38.1°C), blood pressure is 116/73 mmHg, pulse is 80/min, and respirations are 14/min.
8. She appears tired with a slightly flat affect.
9. Physical exam reveals a 4x4 cm area of erythema on the lateral aspect of the right breast near the nipple, with a fluctuant, tender 2x2 cm mass at its center.
10. The overlying skin is intact.
11. The remainder of the exam is unremarkable.",11,F,medxpert,"1. A 37-year-old G1P1001 woman comes to the clinic for her 6-week postpartum visit following a spontaneous vaginal delivery of a male infant at 41 weeks and 5 days of gestation.
2. She reports that 5 days ago, her right breast became painful, and the skin near her nipple turned red.
3. Over the past 2 days, she has experienced fever and body aches, which she attributed to sleep deprivation.
4. Her infant has had difficulty latching for the past 2 weeks and is now receiving both breast milk and formula.
5. The patient has no significant medical history but has smoked half a pack of cigarettes daily for 15 years.
6. Her family history includes a mother who died of breast cancer at age 62 and a father with hypertension and coronary artery disease.
7. On examination, her temperature is 100.6°F (38.1°C), blood pressure is 116/73 mmHg, pulse is 80/min, and respirations are 14/min.
8. She appears tired with a slightly flat affect.
9. Physical exam reveals a 4x4 cm area of erythema on the lateral aspect of the right breast near the nipple, with a fluctuant, tender 2x2 cm mass at its center.
10. The overlying skin is intact.
11. The remainder of the exam is unremarkable.","What is the most appropriate next step in management?

A. Mammogram  
B. Oral ibuprofen and warm compresses  
C. Referral to a lactation consultant  
D. Oral fluconazole for suspected fungal infection  
E. Surgical incision and drainage with IV vancomycin  
F. Needle aspiration and oral dicloxacillin  
G. Observation and follow-up in 1 week  
H. Biopsy of the fluctuant mass  
I. Breast ultrasound to evaluate for malignancy  
J. Cessation of smoking",F,High Relevance,High Relevance,High Relevance,Low Relevance,Irrelevant,Irrelevant,High Relevance,Irrelevant,High Relevance,High Relevance,Irrelevant,,,,,,,,,,
ID0385,"### Step 1: Read excerpt
1. A 9-month-old male infant presents with a 5-month history of persistent barking cough that is typically dry and nonproductive.  
2. The parents note intermittent wheezing that worsens with supine positioning and agitation, but deny stridor or snoring.  
3. A trial of albuterol resulted in increased cough frequency and worsening of the barking quality without wheeze improvement.  
4. The patient has no feeding difficulties, with no gagging during bottle feeds and no cough exacerbation with feeding.  
5. Regular spitting up or vomiting is absent.  
6. There are no other children at home, and no choking episodes have been observed.  
7. The patient's history includes three to four extended coughing episodes requiring supportive care or antibiotics, but no diagnoses of pneumonia, sinusitis, or otitis media.  
8. Born at 35 weeks' gestation, he was discharged after 7 days without requiring intubation.  
9. His vaccinations are current, and his growth follows normal trajectories.  
10. A recent chest radiograph was normal.  
11. Current physical examination reveals only a subtle, intermittent monophonic wheeze in the midchest area during careful chest auscultation.  

### Step 2: Answer QA Details
Which diagnostic test would be most appropriate to confirm the suspected diagnosis?

A. Pulmonary function testing  
B. Allergy skin testing  
C. Rigid bronchoscopy  
D. High-resolution chest CT with contrast  
E. Chest CT  
F. Methacholine challenge test  
G. Echocardiogram  
H. Laryngoscopy  
I. Flexible bronchoscopy  
J. Barium swallow study  

### Step 3: Determine sentence relevance
1. A 9-month-old male infant presents with a 5-month history of persistent barking cough that is typically dry and nonproductive.  
2. The parents note intermittent wheezing that worsens with supine positioning and agitation, but deny stridor or snoring.  
3. A trial of albuterol resulted in increased cough frequency and worsening of the barking quality without wheeze improvement.  
4. The patient has no feeding difficulties, with no gagging during bottle feeds and no cough exacerbation with feeding.  
5. Regular spitting up or vomiting is absent.  
6. There are no other children at home, and no choking episodes have been observed.  
7. The patient's history includes three to four extended coughing episodes requiring supportive care or antibiotics, but no diagnoses of pneumonia, sinusitis, or otitis media.  
8. Born at 35 weeks' gestation, he was discharged after 7 days without requiring intubation.  
9. His vaccinations are current, and his growth follows normal trajectories.  
10. A recent chest radiograph was normal.  
11. Current physical examination reveals only a subtle, intermittent monophonic wheeze in the midchest area during careful chest auscultation.  ",11,I,medxpert,"1. A 9-month-old male infant presents with a 5-month history of persistent barking cough that is typically dry and nonproductive.  
2. The parents note intermittent wheezing that worsens with supine positioning and agitation, but deny stridor or snoring.  
3. A trial of albuterol resulted in increased cough frequency and worsening of the barking quality without wheeze improvement.  
4. The patient has no feeding difficulties, with no gagging during bottle feeds and no cough exacerbation with feeding.  
5. Regular spitting up or vomiting is absent.  
6. There are no other children at home, and no choking episodes have been observed.  
7. The patient's history includes three to four extended coughing episodes requiring supportive care or antibiotics, but no diagnoses of pneumonia, sinusitis, or otitis media.  
8. Born at 35 weeks' gestation, he was discharged after 7 days without requiring intubation.  
9. His vaccinations are current, and his growth follows normal trajectories.  
10. A recent chest radiograph was normal.  
11. Current physical examination reveals only a subtle, intermittent monophonic wheeze in the midchest area during careful chest auscultation.","Which diagnostic test would be most appropriate to confirm the suspected diagnosis?

A. Pulmonary function testing  
B. Allergy skin testing  
C. Rigid bronchoscopy  
D. High-resolution chest CT with contrast  
E. Chest CT  
F. Methacholine challenge test  
G. Echocardiogram  
H. Laryngoscopy  
I. Flexible bronchoscopy  
J. Barium swallow study",I,,,,,,,,,,,,,,,,,,,,,
ID0388,"**Step 1: Read excerpt**

1. A 30-year-old man is brought to the emergency department by his sister after she prevented him from attempting to jump off the balcony of his high-rise apartment.
2. The patient states, “I had to listen to the voices.
3. They finally told me to fly away.” Over the past 5 months, he has experienced a 10-kg (22-lb) weight loss due to decreased appetite and lack of energy.
4. Two months ago, he lost his job after repeated absences and has since spent most of his time sleeping in his apartment.
5. He expresses indifference about losing his job, stating that he felt “inadequate and stupid” anyway.
6. Once an avid chess player, he stopped playing because he could no longer concentrate.
7. He reports hearing voices for the past 7 months, which began giving him instructions 3 weeks ago.
8. On examination, he appears thin and unkempt, with a depressed mood and flat affect.
9. Physical examination reveals no abnormalities, and urine toxicology screening is negative.

**Step 2: Answer QA Details**

Which of the following is the most likely diagnosis?

A. Delusional disorder with depressive features  
B. Schizophrenia  
C. Brief psychotic disorder  
D. Substance-induced psychotic disorder  
E. Schizophreniform disorder  
F. Schizoaffective disorder  
G. Bipolar I disorder with psychotic features  
H. Major depressive disorder with catatonic features  
I. Mood disorder with psychotic features  
J. Psychotic disorder due to another medical condition  

**Step 3: Determine sentence relevance**

1. A 30-year-old man is brought to the emergency department by his sister after she prevented him from attempting to jump off the balcony of his high-rise apartment.
2. The patient states, “I had to listen to the voices.
3. They finally told me to fly away.” Over the past 5 months, he has experienced a 10-kg (22-lb) weight loss due to decreased appetite and lack of energy.
4. Two months ago, he lost his job after repeated absences and has since spent most of his time sleeping in his apartment.
5. He expresses indifference about losing his job, stating that he felt “inadequate and stupid” anyway.
6. Once an avid chess player, he stopped playing because he could no longer concentrate.
7. He reports hearing voices for the past 7 months, which began giving him instructions 3 weeks ago.
8. On examination, he appears thin and unkempt, with a depressed mood and flat affect.
9. Physical examination reveals no abnormalities, and urine toxicology screening is negative.",9,F,medxpert,"1. A 30-year-old man is brought to the emergency department by his sister after she prevented him from attempting to jump off the balcony of his high-rise apartment.
2. The patient states, “I had to listen to the voices.
3. They finally told me to fly away.” Over the past 5 months, he has experienced a 10-kg (22-lb) weight loss due to decreased appetite and lack of energy.
4. Two months ago, he lost his job after repeated absences and has since spent most of his time sleeping in his apartment.
5. He expresses indifference about losing his job, stating that he felt “inadequate and stupid” anyway.
6. Once an avid chess player, he stopped playing because he could no longer concentrate.
7. He reports hearing voices for the past 7 months, which began giving him instructions 3 weeks ago.
8. On examination, he appears thin and unkempt, with a depressed mood and flat affect.
9. Physical examination reveals no abnormalities, and urine toxicology screening is negative.","Which of the following is the most likely diagnosis?

A. Delusional disorder with depressive features  
B. Schizophrenia  
C. Brief psychotic disorder  
D. Substance-induced psychotic disorder  
E. Schizophreniform disorder  
F. Schizoaffective disorder  
G. Bipolar I disorder with psychotic features  
H. Major depressive disorder with catatonic features  
I. Mood disorder with psychotic features  
J. Psychotic disorder due to another medical condition",F,Low Relevance,High Relevance,High Relevance,Low Relevance,Low Relevance,Low Relevance,High Relevance,Low Relevance,High Relevance,,,,,,,,,,,,
ID0397,"**Step 1: Read excerpt**

1. A 38-year-old woman presents with a 3-month history of progressively worsening weakness and numbness.
2. The symptoms began in her lower legs and have gradually spread to her upper legs and arms.
3. Over the last 5 days, she has experienced headaches and increasing difficulty smiling, talking, and drinking.
4. She has a history of chronic hepatitis B infection and Graves disease.
5. She is sexually active with one male partner and uses condoms inconsistently.
6. Her current medications include methimazole and a multivitamin.
7. On examination, vital signs are normal, and she is alert and oriented.
8. She has bilateral upper and lower facial paralysis, generalized muscle weakness in the extremities, decreased sensation to light touch throughout the body, and absent sensation in the fingertips and toes.
9. Deep tendon reflexes are diminished (1+) bilaterally.

**Step 2: Answer QA Details**

Which of the following findings is most likely to be identified during further evaluation of this patient?

A. Reduced serum vitamin B12 levels  
B. Positive GM1 ganglioside autoantibodies  
C. Elevated anti-acetylcholine receptor antibodies  
D. Positive ANA with speckled pattern  
E. Positive Campylobacter stool culture  
F. Elevated cerebrospinal fluid protein with normal cell count  
G. Positive anti-acetylcholine receptor antibodies  
H. Positive anti-thyroid peroxidase antibodies  
I. Positive Lyme disease serology  
J. Decreased nerve conduction velocities on electromyography  

**Step 3: Determine sentence relevance**

1. A 38-year-old woman presents with a 3-month history of progressively worsening weakness and numbness.
2. The symptoms began in her lower legs and have gradually spread to her upper legs and arms.
3. Over the last 5 days, she has experienced headaches and increasing difficulty smiling, talking, and drinking.
4. She has a history of chronic hepatitis B infection and Graves disease.
5. She is sexually active with one male partner and uses condoms inconsistently.
6. Her current medications include methimazole and a multivitamin.
7. On examination, vital signs are normal, and she is alert and oriented.
8. She has bilateral upper and lower facial paralysis, generalized muscle weakness in the extremities, decreased sensation to light touch throughout the body, and absent sensation in the fingertips and toes.
9. Deep tendon reflexes are diminished (1+) bilaterally.",9,B,medxpert,"1. A 38-year-old woman presents with a 3-month history of progressively worsening weakness and numbness.
2. The symptoms began in her lower legs and have gradually spread to her upper legs and arms.
3. Over the last 5 days, she has experienced headaches and increasing difficulty smiling, talking, and drinking.
4. She has a history of chronic hepatitis B infection and Graves disease.
5. She is sexually active with one male partner and uses condoms inconsistently.
6. Her current medications include methimazole and a multivitamin.
7. On examination, vital signs are normal, and she is alert and oriented.
8. She has bilateral upper and lower facial paralysis, generalized muscle weakness in the extremities, decreased sensation to light touch throughout the body, and absent sensation in the fingertips and toes.
9. Deep tendon reflexes are diminished (1+) bilaterally.","Which of the following findings is most likely to be identified during further evaluation of this patient?

A. Reduced serum vitamin B12 levels  
B. Positive GM1 ganglioside autoantibodies  
C. Elevated anti-acetylcholine receptor antibodies  
D. Positive ANA with speckled pattern  
E. Positive Campylobacter stool culture  
F. Elevated cerebrospinal fluid protein with normal cell count  
G. Positive anti-acetylcholine receptor antibodies  
H. Positive anti-thyroid peroxidase antibodies  
I. Positive Lyme disease serology  
J. Decreased nerve conduction velocities on electromyography",F,High Relevance,High Relevance,High Relevance,Low Relevance,Irrelevant,Irrelevant,Low Relevance,High Relevance,High Relevance,,,,,,,,,,,,
ID0407,"### Step 1: Read excerpt
1. A 27-year-old male presents to the emergency department with acute palpitations, sweating, and tremor.
2. His vital signs show a heart rate of 105/min, blood pressure 142/82 mm Hg, and temperature 37.2°C.
3. Initial glucometer reading is 40 mg/dL.
4. Laboratory results after IV placement show:

|  | Patient value | Reference range |
| --- | --- | --- |
| Glucose (mg/dL) | 55 | 70–100 |
| Insulin (μU/mL) | 25 | 2–20 |
| C-peptide (ng/mL) | 2.9 | 0.5–2.0 |

His symptoms resolve after oral administration of 20g glucose, with glucose rising to 78 mg/dL.
5. The patient's BMI is 28.1 (90 kg, 179 cm), and he underwent gastric bypass surgery 14 months ago, having previously weighed 141 kg with prediabetes.
6. He reports similar episodes occurring within hours after meals over the past few months, with the current episode beginning 3 hours after consuming corn, chicken breast, and a banana.
7. He has no history of smoking, alcohol use, or family diabetes.

### Step 2: Answer QA Details
Which intervention would be most appropriate for this patient?

A. Institution of small, frequent meals  
B. Initiation of metformin therapy  
C. Addition of acarbose with meals  
D. Partial pancreatectomy  
E. Reversal of gastric bypass surgery  
F. Implementation of continuous glucose monitoring  
G. Reduction of the carbohydrate content of meals  
H. Increase in the carbohydrate content of meals  
I. Administration of octreotide before meals  
J. Prescription of glucagon emergency kit  

### Step 3: Determine sentence relevance
1. A 27-year-old male presents to the emergency department with acute palpitations, sweating, and tremor.
2. His vital signs show a heart rate of 105/min, blood pressure 142/82 mm Hg, and temperature 37.2°C.
3. Initial glucometer reading is 40 mg/dL.
4. Laboratory results after IV placement show:

|  | Patient value | Reference range |
| --- | --- | --- |
| Glucose (mg/dL) | 55 | 70–100 |
| Insulin (μU/mL) | 25 | 2–20 |
| C-peptide (ng/mL) | 2.9 | 0.5–2.0 |

His symptoms resolve after oral administration of 20g glucose, with glucose rising to 78 mg/dL.
5. The patient's BMI is 28.1 (90 kg, 179 cm), and he underwent gastric bypass surgery 14 months ago, having previously weighed 141 kg with prediabetes.
6. He reports similar episodes occurring within hours after meals over the past few months, with the current episode beginning 3 hours after consuming corn, chicken breast, and a banana.
7. He has no history of smoking, alcohol use, or family diabetes.",4,G,medxpert,"1. A 27-year-old male presents to the emergency department with acute palpitations, sweating, and tremor.
2. His vital signs show a heart rate of 105/min, blood pressure 142/82 mm Hg, and temperature 37.2°C.
3. Initial glucometer reading is 40 mg/dL.
4. Laboratory results after IV placement show:

|  | Patient value | Reference range |
| --- | --- | --- |
| Glucose (mg/dL) | 55 | 70–100 |
| Insulin (μU/mL) | 25 | 2–20 |
| C-peptide (ng/mL) | 2.9 | 0.5–2.0 |

His symptoms resolve after oral administration of 20g glucose, with glucose rising to 78 mg/dL.
5. The patient's BMI is 28.1 (90 kg, 179 cm), and he underwent gastric bypass surgery 14 months ago, having previously weighed 141 kg with prediabetes.
6. He reports similar episodes occurring within hours after meals over the past few months, with the current episode beginning 3 hours after consuming corn, chicken breast, and a banana.
7. He has no history of smoking, alcohol use, or family diabetes.","Which intervention would be most appropriate for this patient?

A. Institution of small, frequent meals  
B. Initiation of metformin therapy  
C. Addition of acarbose with meals  
D. Partial pancreatectomy  
E. Reversal of gastric bypass surgery  
F. Implementation of continuous glucose monitoring  
G. Reduction of the carbohydrate content of meals  
H. Increase in the carbohydrate content of meals  
I. Administration of octreotide before meals  
J. Prescription of glucagon emergency kit",G,High Relevance,Low Relevance,High Relevance,High Relevance,High Relevance,High Relevance,Low Relevance,,,,,,,,,,,,,,
ID0416,"### Step 1: Read excerpt
1. A 45-year-old man seeks medical attention for back pain that began two weeks ago, coinciding with increased computer work due to a major project deadline.
2. He has no significant medical history or recent trauma.
3. During the osteopathic structural examination, the examiner notes hypertonic and mildly tender paraspinal muscles in the lower cervical and upper thoracic regions.
4. On the right side, just medial to the scapula's medial border, there is a prominent transverse process that exhibits sharp tenderness during anterior motion testing.
5. When the patient performs forward flexion at this level, the corresponding left transverse process demonstrates increased posterior movement.

### Step 2: Answer QA Details
What is the most likely diagnosis for this patient?

A. T4 NRRSR  
B. T5 NSLSL  
C. T2–T6 NSLRR  
D. T5 ERRSL  
E. T6 FRLSR  
F. T5 NRRSL  
G. T6 ERLSL  
H. T4 FRLSL  
I. T5 FRRSR  
J. T6 FRRSL  

### Step 3: Determine sentence relevance
1. A 45-year-old man seeks medical attention for back pain that began two weeks ago, coinciding with increased computer work due to a major project deadline.
2. He has no significant medical history or recent trauma.
3. During the osteopathic structural examination, the examiner notes hypertonic and mildly tender paraspinal muscles in the lower cervical and upper thoracic regions.
4. On the right side, just medial to the scapula's medial border, there is a prominent transverse process that exhibits sharp tenderness during anterior motion testing.
5. When the patient performs forward flexion at this level, the corresponding left transverse process demonstrates increased posterior movement.",5,I,medxpert,"1. A 45-year-old man seeks medical attention for back pain that began two weeks ago, coinciding with increased computer work due to a major project deadline.
2. He has no significant medical history or recent trauma.
3. During the osteopathic structural examination, the examiner notes hypertonic and mildly tender paraspinal muscles in the lower cervical and upper thoracic regions.
4. On the right side, just medial to the scapula's medial border, there is a prominent transverse process that exhibits sharp tenderness during anterior motion testing.
5. When the patient performs forward flexion at this level, the corresponding left transverse process demonstrates increased posterior movement.","What is the most likely diagnosis for this patient?

A. T4 NRRSR  
B. T5 NSLSL  
C. T2–T6 NSLRR  
D. T5 ERRSL  
E. T6 FRLSR  
F. T5 NRRSL  
G. T6 ERLSL  
H. T4 FRLSL  
I. T5 FRRSR  
J. T6 FRRSL",C,,,,,,,,,,,,,,,,,,,,,
ID0425,"### Step 1: Read excerpt
1. A 67-year-old male presents with sudden-onset pleuritic chest pain and shortness of breath.
2. He denies fever, chills, cough, or lower-extremity swelling.
3. His medical history includes prostate cancer, type 2 diabetes, chronic renal insufficiency (baseline serum creatinine: 2.6 mg/dL), an estimated glomerular filtration rate of 24 mL/min/1.73 m², and treated hypertension.
4. He recently underwent surgery for a pathologic hip fracture.
5. On examination, his respiratory rate is 22 breaths per minute, oxygen saturation is 89% on room air, heart rate is 104 beats per minute, and blood pressure is 112/72 mm Hg.
6. His lungs are clear, and there are no cardiac murmurs or rubs.
7. Surgical incisions are well healed, and there is no lower-extremity edema.
8. Testing for SARS-CoV-2 is negative, and a chest radiograph shows no opacities.
9. Laboratory results include serum sodium of 134 mEq/L, serum creatinine of 2.8 mg/dL, and a leukocyte count of 7800/mm³.

### Step 2: Answer QA Details
Which of the following diagnostic tests is the most appropriate next step for this patient?

A. Exercise stress test  
B. D-dimer test  
C. Chest MRI with contrast  
D. CT angiogram of the chest  
E. Transthoracic echocardiogram  
F. Ventilation-perfusion imaging  
G. Lower extremity duplex ultrasound  
H. High-resolution chest CT  
I. Arterial blood gas analysis  
J. D-dimer testing  

### Step 3: Determine sentence relevance
1. A 67-year-old male presents with sudden-onset pleuritic chest pain and shortness of breath.
2. He denies fever, chills, cough, or lower-extremity swelling.
3. His medical history includes prostate cancer, type 2 diabetes, chronic renal insufficiency (baseline serum creatinine: 2.6 mg/dL), an estimated glomerular filtration rate of 24 mL/min/1.73 m², and treated hypertension.
4. He recently underwent surgery for a pathologic hip fracture.
5. On examination, his respiratory rate is 22 breaths per minute, oxygen saturation is 89% on room air, heart rate is 104 beats per minute, and blood pressure is 112/72 mm Hg.
6. His lungs are clear, and there are no cardiac murmurs or rubs.
7. Surgical incisions are well healed, and there is no lower-extremity edema.
8. Testing for SARS-CoV-2 is negative, and a chest radiograph shows no opacities.
9. Laboratory results include serum sodium of 134 mEq/L, serum creatinine of 2.8 mg/dL, and a leukocyte count of 7800/mm³.",9,F,medxpert,"1. A 67-year-old male presents with sudden-onset pleuritic chest pain and shortness of breath.
2. He denies fever, chills, cough, or lower-extremity swelling.
3. His medical history includes prostate cancer, type 2 diabetes, chronic renal insufficiency (baseline serum creatinine: 2.6 mg/dL), an estimated glomerular filtration rate of 24 mL/min/1.73 m², and treated hypertension.
4. He recently underwent surgery for a pathologic hip fracture.
5. On examination, his respiratory rate is 22 breaths per minute, oxygen saturation is 89% on room air, heart rate is 104 beats per minute, and blood pressure is 112/72 mm Hg.
6. His lungs are clear, and there are no cardiac murmurs or rubs.
7. Surgical incisions are well healed, and there is no lower-extremity edema.
8. Testing for SARS-CoV-2 is negative, and a chest radiograph shows no opacities.
9. Laboratory results include serum sodium of 134 mEq/L, serum creatinine of 2.8 mg/dL, and a leukocyte count of 7800/mm³.","Which of the following diagnostic tests is the most appropriate next step for this patient?

A. Exercise stress test  
B. D-dimer test  
C. Chest MRI with contrast  
D. CT angiogram of the chest  
E. Transthoracic echocardiogram  
F. Ventilation-perfusion imaging  
G. Lower extremity duplex ultrasound  
H. High-resolution chest CT  
I. Arterial blood gas analysis  
J. D-dimer testing",F,High Relevance,Low Relevance,High Relevance,High Relevance,High Relevance,Low Relevance,Low Relevance,High Relevance,High Relevance,,,,,,,,,,,,
ID0426,"### Step 1: Read excerpt

1. A 42-year-old man with type 2 diabetes presents to urgent care with a 4-day history of fever, productive cough, and night sweats.
2. He recently began volunteering at a homeless shelter two weeks ago but reports no travel or hospital stays.
3. His vital signs show: BP 122/72 mm Hg, HR 75/min, RR 18/min, and temperature 38.9°C (102.1°F).
4. Physical examination reveals diminished breath sounds at the right lung base and restricted movement of ribs 2-5 bilaterally during inspiration.
5. Chest X-ray shows infiltrates in the right middle and lower lobes, with no costophrenic angle blunting.

### Step 2: Answer QA Details

Which of the following best describes the appropriate therapeutic focus?

A. Treatment should be focused on the thoracic spine segments corresponding to ribs 2-5  
B. Treatment should be focused on the costovertebral joints of ribs 2-5  
C. Treatment should be focused on rib 2, which has restricted caudad pump-handle motion  
D. Treatment should be focused on rib 2, which has restricted cephalad pump-handle motion  
E. Treatment should be focused on ribs 3-4, which have restricted caliper motion  
F. Treatment should be focused on the sternocostal joints of ribs 2-5  
G. Treatment should be focused on the costotransverse joints of ribs 2-5  
H. Treatment should be focused on rib 5, which has restricted bucket-handle motion  
I. Treatment should be focused on rib 5, which has restricted cephalad bucket-handle motion  
J. Treatment should be focused on the intercostal muscles between ribs 2-5  

### Step 3: Determine sentence relevance

1. A 42-year-old man with type 2 diabetes presents to urgent care with a 4-day history of fever, productive cough, and night sweats.
2. He recently began volunteering at a homeless shelter two weeks ago but reports no travel or hospital stays.
3. His vital signs show: BP 122/72 mm Hg, HR 75/min, RR 18/min, and temperature 38.9°C (102.1°F).
4. Physical examination reveals diminished breath sounds at the right lung base and restricted movement of ribs 2-5 bilaterally during inspiration.
5. Chest X-ray shows infiltrates in the right middle and lower lobes, with no costophrenic angle blunting.",5,D,medxpert,"1. A 42-year-old man with type 2 diabetes presents to urgent care with a 4-day history of fever, productive cough, and night sweats.
2. He recently began volunteering at a homeless shelter two weeks ago but reports no travel or hospital stays.
3. His vital signs show: BP 122/72 mm Hg, HR 75/min, RR 18/min, and temperature 38.9°C (102.1°F).
4. Physical examination reveals diminished breath sounds at the right lung base and restricted movement of ribs 2-5 bilaterally during inspiration.
5. Chest X-ray shows infiltrates in the right middle and lower lobes, with no costophrenic angle blunting.","Which of the following best describes the appropriate therapeutic focus?

A. Treatment should be focused on the thoracic spine segments corresponding to ribs 2-5  
B. Treatment should be focused on the costovertebral joints of ribs 2-5  
C. Treatment should be focused on rib 2, which has restricted caudad pump-handle motion  
D. Treatment should be focused on rib 2, which has restricted cephalad pump-handle motion  
E. Treatment should be focused on ribs 3-4, which have restricted caliper motion  
F. Treatment should be focused on the sternocostal joints of ribs 2-5  
G. Treatment should be focused on the costotransverse joints of ribs 2-5  
H. Treatment should be focused on rib 5, which has restricted bucket-handle motion  
I. Treatment should be focused on rib 5, which has restricted cephalad bucket-handle motion  
J. Treatment should be focused on the intercostal muscles between ribs 2-5",D,,,,,,,,,,,,,,,,,,,,,
ID0458,"### Step 1: Read excerpt
1. A 4-year-old girl is brought to the emergency department due to ongoing vomiting and complaints of abdominal pain.
2. Her parents found her in this condition after being cared for by a babysitter.
3. She has no prior medical history.
4. Family history includes depression, suicide, neuropathic pain, diabetes, hypertension, cancer, and angina.
5. On arrival, the child is minimally responsive and confused.
6. Her vital signs are as follows: temperature 100°F (37.8°C), blood pressure 100/60 mmHg, pulse 140/min, respirations 22/min, and oxygen saturation 100% on room air.
7. Examination reveals a confused child actively vomiting bloody material into a basin.
8. Laboratory results are as follows:

- Serum:  
  - Na+: 140 mEq/L  
  - Cl-: 101 mEq/L  
  - K+: 3.9 mEq/L  
  - HCO3-: 11 mEq/L  
  - BUN: 20 mg/dL  
  - Glucose: 99 mg/dL  
  - Creatinine: 1.0 mg/dL  

Abdominal radiography demonstrates several radiopaque objects in the stomach.
9. Urine and serum toxicology results are pending.

### Step 2: Answer QA Details
Which of the following is the most likely cause of her intoxication?

A. Mercury  
B. Nortriptyline  
C. Lithium  
D. Zinc  
E. Calcium carbonate  
F. Iron  
G. Lead  
H. Aspirin  
I. Acetaminophen  
J. Bismuth subsalicylate  

### Step 3: Determine sentence relevance
1. A 4-year-old girl is brought to the emergency department due to ongoing vomiting and complaints of abdominal pain.
2. Her parents found her in this condition after being cared for by a babysitter.
3. She has no prior medical history.
4. Family history includes depression, suicide, neuropathic pain, diabetes, hypertension, cancer, and angina.
5. On arrival, the child is minimally responsive and confused.
6. Her vital signs are as follows: temperature 100°F (37.8°C), blood pressure 100/60 mmHg, pulse 140/min, respirations 22/min, and oxygen saturation 100% on room air.
7. Examination reveals a confused child actively vomiting bloody material into a basin.
8. Laboratory results are as follows:

- Serum:  
  - Na+: 140 mEq/L  
  - Cl-: 101 mEq/L  
  - K+: 3.9 mEq/L  
  - HCO3-: 11 mEq/L  
  - BUN: 20 mg/dL  
  - Glucose: 99 mg/dL  
  - Creatinine: 1.0 mg/dL  

Abdominal radiography demonstrates several radiopaque objects in the stomach.
9. Urine and serum toxicology results are pending.",8,F,medxpert,"1. A 4-year-old girl is brought to the emergency department due to ongoing vomiting and complaints of abdominal pain.
2. Her parents found her in this condition after being cared for by a babysitter.
3. She has no prior medical history.
4. Family history includes depression, suicide, neuropathic pain, diabetes, hypertension, cancer, and angina.
5. On arrival, the child is minimally responsive and confused.
6. Her vital signs are as follows: temperature 100°F (37.8°C), blood pressure 100/60 mmHg, pulse 140/min, respirations 22/min, and oxygen saturation 100% on room air.
7. Examination reveals a confused child actively vomiting bloody material into a basin.
8. Laboratory results are as follows:

- Serum:  
  - Na+: 140 mEq/L  
  - Cl-: 101 mEq/L  
  - K+: 3.9 mEq/L  
  - HCO3-: 11 mEq/L  
  - BUN: 20 mg/dL  
  - Glucose: 99 mg/dL  
  - Creatinine: 1.0 mg/dL  

Abdominal radiography demonstrates several radiopaque objects in the stomach.
9. Urine and serum toxicology results are pending.","Which of the following is the most likely cause of her intoxication?

A. Mercury  
B. Nortriptyline  
C. Lithium  
D. Zinc  
E. Calcium carbonate  
F. Iron  
G. Lead  
H. Aspirin  
I. Acetaminophen  
J. Bismuth subsalicylate",F,High Relevance,Low Relevance,Low Relevance,Irrelevant,Low Relevance,Low Relevance,High Relevance,High Relevance,Irrelevant,,,,,,,,,,,,
ID0459,"**Step 1: Read excerpt**

1. A 46-year-old female presents with a 2-day history of neck pain.
2. She reports spending several hours painting ceilings in her home over the past few days.
3. On physical examination, C5 demonstrates a restriction in left translation that improves when she moves her chin toward her chest.
4. Neurologic examination findings are normal.

**Step 2: Answer QA Details**

To treat this patient's somatic dysfunction using direct muscle energy, what is the appropriate initial positioning of C5?

A. flexion with right sidebending and left rotation  
B. neutral with right sidebending and left rotation  
C. flexion with left sidebending and right rotation  
D. neutral with left sidebending and right rotation  
E. extension with left sidebending and left rotation  
F. extension with right sidebending and right rotation  
G. extension with left sidebending and right rotation  
H. extension with right sidebending and left rotation  
I. flexion with right sidebending and right rotation  
J. flexion with left sidebending and left rotation  

**Step 3: Determine sentence relevance**

1. A 46-year-old female presents with a 2-day history of neck pain.
2. She reports spending several hours painting ceilings in her home over the past few days.
3. On physical examination, C5 demonstrates a restriction in left translation that improves when she moves her chin toward her chest.
4. Neurologic examination findings are normal.",4,F,medxpert,"1. A 46-year-old female presents with a 2-day history of neck pain.
2. She reports spending several hours painting ceilings in her home over the past few days.
3. On physical examination, C5 demonstrates a restriction in left translation that improves when she moves her chin toward her chest.
4. Neurologic examination findings are normal.","To treat this patient's somatic dysfunction using direct muscle energy, what is the appropriate initial positioning of C5?

A. flexion with right sidebending and left rotation  
B. neutral with right sidebending and left rotation  
C. flexion with left sidebending and right rotation  
D. neutral with left sidebending and right rotation  
E. extension with left sidebending and left rotation  
F. extension with right sidebending and right rotation  
G. extension with left sidebending and right rotation  
H. extension with right sidebending and left rotation  
I. flexion with right sidebending and right rotation  
J. flexion with left sidebending and left rotation",F,,,,,,,,,,,,,,,,,,,,,
ID0461,"**Step 1: Read excerpt**

1. A woman in her 70s was referred to our tertiary care center for an asymptomatic mass of the gastric fundus.
2. Her medical history was significant for chronic gastritis, which was being treated with esomeprazole 20 mg; a laparoscopic cholecystectomy 18 years prior; and excision of a 26-mm Merkel cell carcinoma of the left knee with negative results of the sentinel lymph node biopsy (stage II) 19 months prior.
3. Results of the patient’s follow-up examinations were negative until a high-resolution computed tomographic scan showed a 45 × 40-mm intraluminal protruding mass with slightly enlarged lymph nodes along the lesser curvature of the gastric fundus (Figure, A).
4. Results of fluorine 18–labeled fluorodeoxyglucose and gallium citrate Ga 68–labeled 1,4,7,10-tetraazacyclododecane-N,N',N'',N'''-tetraacetic (DOTA)-D-Phe1-Try3-octreotide (DOTATOC) positron emission tomography confirmed the presence of a metabolically active mass in the gastric fundus (maximum standardized uptake value, 6) with intense 68Ga–DOTATOC uptake (maximum standardized uptake value, 24) as well as mild 68Ga–DOTATOC uptake in 2 lymph nodes of the lesser curvature.A, Multislice computed tomographic scan showing the 45 × 40-mm mass in the gastric fundus.
5. B, Endoscopic image showing the endophytic lesion in the posterior wall of the gastric fundus at the esophagogastric junction.Preoperative workup was completed via esophagogastroduodenoscopy, which showed the presence of the polypoid lesion in the posterior wall of the gastric fundus at the level of the esophagogastric junction (Figure, B).
6. Multiple biopsies were performed at the time of the endoscopy.

**Step 2: Answer QA Details**

What Is Your Diagnosis?

A: Gastrointestinal stromal tumor  
B: Type III neuroendocrine tumor of the stomach  
C: Gastric metastasis of Merkel cell carcinoma  
D: Gastric adenocarcinoma  

**Step 3: Determine sentence relevance**

1. A woman in her 70s was referred to our tertiary care center for an asymptomatic mass of the gastric fundus.
2. Her medical history was significant for chronic gastritis, which was being treated with esomeprazole 20 mg; a laparoscopic cholecystectomy 18 years prior; and excision of a 26-mm Merkel cell carcinoma of the left knee with negative results of the sentinel lymph node biopsy (stage II) 19 months prior.
3. Results of the patient’s follow-up examinations were negative until a high-resolution computed tomographic scan showed a 45 × 40-mm intraluminal protruding mass with slightly enlarged lymph nodes along the lesser curvature of the gastric fundus (Figure, A).
4. Results of fluorine 18–labeled fluorodeoxyglucose and gallium citrate Ga 68–labeled 1,4,7,10-tetraazacyclododecane-N,N',N'',N'''-tetraacetic (DOTA)-D-Phe1-Try3-octreotide (DOTATOC) positron emission tomography confirmed the presence of a metabolically active mass in the gastric fundus (maximum standardized uptake value, 6) with intense 68Ga–DOTATOC uptake (maximum standardized uptake value, 24) as well as mild 68Ga–DOTATOC uptake in 2 lymph nodes of the lesser curvature.A, Multislice computed tomographic scan showing the 45 × 40-mm mass in the gastric fundus.
5. B, Endoscopic image showing the endophytic lesion in the posterior wall of the gastric fundus at the esophagogastric junction.Preoperative workup was completed via esophagogastroduodenoscopy, which showed the presence of the polypoid lesion in the posterior wall of the gastric fundus at the level of the esophagogastric junction (Figure, B).
6. Multiple biopsies were performed at the time of the endoscopy.",6,C,jama,"1. A woman in her 70s was referred to our tertiary care center for an asymptomatic mass of the gastric fundus.
2. Her medical history was significant for chronic gastritis, which was being treated with esomeprazole 20 mg; a laparoscopic cholecystectomy 18 years prior; and excision of a 26-mm Merkel cell carcinoma of the left knee with negative results of the sentinel lymph node biopsy (stage II) 19 months prior.
3. Results of the patient’s follow-up examinations were negative until a high-resolution computed tomographic scan showed a 45 × 40-mm intraluminal protruding mass with slightly enlarged lymph nodes along the lesser curvature of the gastric fundus (Figure, A).
4. Results of fluorine 18–labeled fluorodeoxyglucose and gallium citrate Ga 68–labeled 1,4,7,10-tetraazacyclododecane-N,N',N'',N'''-tetraacetic (DOTA)-D-Phe1-Try3-octreotide (DOTATOC) positron emission tomography confirmed the presence of a metabolically active mass in the gastric fundus (maximum standardized uptake value, 6) with intense 68Ga–DOTATOC uptake (maximum standardized uptake value, 24) as well as mild 68Ga–DOTATOC uptake in 2 lymph nodes of the lesser curvature.A, Multislice computed tomographic scan showing the 45 × 40-mm mass in the gastric fundus.
5. B, Endoscopic image showing the endophytic lesion in the posterior wall of the gastric fundus at the esophagogastric junction.Preoperative workup was completed via esophagogastroduodenoscopy, which showed the presence of the polypoid lesion in the posterior wall of the gastric fundus at the level of the esophagogastric junction (Figure, B).
6. Multiple biopsies were performed at the time of the endoscopy.","What Is Your Diagnosis?

A: Gastrointestinal stromal tumor  
B: Type III neuroendocrine tumor of the stomach  
C: Gastric metastasis of Merkel cell carcinoma  
D: Gastric adenocarcinoma",B,Low Relevance,Low Relevance,High Relevance,High Relevance,Low Relevance,Irrelevant,,,,,,,,,,,,,,,
ID0491,"### Step 1: Read excerpt

1. A 53-year-old male visits his primary care provider due to central, dull chest pain that began 30 minutes ago while attempting to nap after lunch.
2. He recalls experiencing a similar, milder pain last week while sleeping at night.
3. He reports a mild cough over the past 2 weeks, which he attributes to a cold, along with a sour taste in his mouth.
4. He denies difficulty swallowing or bad breath.
5. His medical history includes hyperlipidemia, obesity, and type 2 diabetes, and his medications are atorvastatin and metformin.
6. His family history includes myocardial infarction in his father at age 51 and breast cancer in his mother at age 70.
7. On examination, his temperature is 98.4°F (36.8°C), blood pressure is 147/92 mmHg, pulse is 80/min, and respirations are 14/min.
8. He appears slightly uncomfortable but is not diaphoretic, and his physical exam is otherwise unremarkable.

### Step 2: Answer QA Details

What is the most appropriate next step in management?

A. Proton pump inhibitor  
B. Lifestyle modification counseling  
C. Upper endoscopy  
D. Nitroglycerin  
E. Beta-blocker  
F. Cardiac stress test  
G. H2 receptor antagonist  
H. Antacid  
I. Aspirin therapy  
J. Barium swallow  

### Step 3: Determine sentence relevance

1. A 53-year-old male visits his primary care provider due to central, dull chest pain that began 30 minutes ago while attempting to nap after lunch.
2. He recalls experiencing a similar, milder pain last week while sleeping at night.
3. He reports a mild cough over the past 2 weeks, which he attributes to a cold, along with a sour taste in his mouth.
4. He denies difficulty swallowing or bad breath.
5. His medical history includes hyperlipidemia, obesity, and type 2 diabetes, and his medications are atorvastatin and metformin.
6. His family history includes myocardial infarction in his father at age 51 and breast cancer in his mother at age 70.
7. On examination, his temperature is 98.4°F (36.8°C), blood pressure is 147/92 mmHg, pulse is 80/min, and respirations are 14/min.
8. He appears slightly uncomfortable but is not diaphoretic, and his physical exam is otherwise unremarkable.",8,A,medxpert,"1. A 53-year-old male visits his primary care provider due to central, dull chest pain that began 30 minutes ago while attempting to nap after lunch.
2. He recalls experiencing a similar, milder pain last week while sleeping at night.
3. He reports a mild cough over the past 2 weeks, which he attributes to a cold, along with a sour taste in his mouth.
4. He denies difficulty swallowing or bad breath.
5. His medical history includes hyperlipidemia, obesity, and type 2 diabetes, and his medications are atorvastatin and metformin.
6. His family history includes myocardial infarction in his father at age 51 and breast cancer in his mother at age 70.
7. On examination, his temperature is 98.4°F (36.8°C), blood pressure is 147/92 mmHg, pulse is 80/min, and respirations are 14/min.
8. He appears slightly uncomfortable but is not diaphoretic, and his physical exam is otherwise unremarkable.","What is the most appropriate next step in management?

A. Proton pump inhibitor  
B. Lifestyle modification counseling  
C. Upper endoscopy  
D. Nitroglycerin  
E. Beta-blocker  
F. Cardiac stress test  
G. H2 receptor antagonist  
H. Antacid  
I. Aspirin therapy  
J. Barium swallow",I,High Relevance,High Relevance,Low Relevance,Low Relevance,High Relevance,High Relevance,Low Relevance,Low Relevance,,,,,,,,,,,,,
ID0504,"**Step 1: Read excerpt**

1. A 3-week-old female infant is brought to the pediatrician due to new-onset vomiting after feedings.
2. She and her monozygotic twin were born at 36 weeks via spontaneous vaginal delivery without complications.
3. Both received pertussis prophylaxis before discharge due to a school-aged sibling at home being treated for pertussis.
4. The family history includes ulcerative colitis in the father and asthma in a sibling.
5. The infant has been exclusively breastfed, is afebrile, and shows no respiratory symptoms.
6. Over the past 1–2 days, she has experienced white, forceful vomiting after every feeding but continues to feed eagerly despite this.
7. On examination, she has dry mucous membranes and a capillary refill time of 4 seconds.
8. Her abdominal exam is unremarkable.

**Step 2: Answer QA Details**

Which aspect of this patient’s history is most likely linked to her current condition?

A. Lack of prenatal complications  
B. Pertussis prophylaxis  
C. Female sex  
D. Family history of ulcerative colitis  
E. Exposure to a sibling with pertussis  
F. Monozygotic twinning  
G. Maternal diet  
H. Prematurity  
I. Breastfeeding  
J. Twin birth  

**Step 3: Determine sentence relevance**

1. A 3-week-old female infant is brought to the pediatrician due to new-onset vomiting after feedings.
2. She and her monozygotic twin were born at 36 weeks via spontaneous vaginal delivery without complications.
3. Both received pertussis prophylaxis before discharge due to a school-aged sibling at home being treated for pertussis.
4. The family history includes ulcerative colitis in the father and asthma in a sibling.
5. The infant has been exclusively breastfed, is afebrile, and shows no respiratory symptoms.
6. Over the past 1–2 days, she has experienced white, forceful vomiting after every feeding but continues to feed eagerly despite this.
7. On examination, she has dry mucous membranes and a capillary refill time of 4 seconds.
8. Her abdominal exam is unremarkable.",8,B,medxpert,"1. A 3-week-old female infant is brought to the pediatrician due to new-onset vomiting after feedings.
2. She and her monozygotic twin were born at 36 weeks via spontaneous vaginal delivery without complications.
3. Both received pertussis prophylaxis before discharge due to a school-aged sibling at home being treated for pertussis.
4. The family history includes ulcerative colitis in the father and asthma in a sibling.
5. The infant has been exclusively breastfed, is afebrile, and shows no respiratory symptoms.
6. Over the past 1–2 days, she has experienced white, forceful vomiting after every feeding but continues to feed eagerly despite this.
7. On examination, she has dry mucous membranes and a capillary refill time of 4 seconds.
8. Her abdominal exam is unremarkable.","Which aspect of this patient’s history is most likely linked to her current condition?

A. Lack of prenatal complications  
B. Pertussis prophylaxis  
C. Female sex  
D. Family history of ulcerative colitis  
E. Exposure to a sibling with pertussis  
F. Monozygotic twinning  
G. Maternal diet  
H. Prematurity  
I. Breastfeeding  
J. Twin birth",B,High Relevance,Low Relevance,High Relevance,Irrelevant,Low Relevance,High Relevance,Low Relevance,Low Relevance,,,,,,,,,,,,,
ID0509,"**Step 1: Read excerpt**

1. An 18-month-old boy is brought to the emergency department in October due to a 1-day history of wheezing.  
2. His mother reports that he has had a runny nose and occasional dry cough for the past 3 days but has been otherwise healthy and feeding well.  
3. He was born at 38 weeks' gestation after an uncomplicated pregnancy and has no significant medical history.  
4. His immunizations are up-to-date.  
5. His temperature is 38°C (100.4°F), pulse is 135/min, respirations are 35/min, and blood pressure is 80/50 mm Hg.  
6. Oxygen saturation on room air is 93%, and capillary refill time is 1 second.  
7. Lung examination reveals scattered rhonchi and end-expiratory wheezing bilaterally.  
8. No other abnormalities are noted.  

**Step 2: Answer QA Details**

What is the most appropriate next step in management?

A. Intramuscular dexamethasone  
B. High-flow nasal cannula oxygen therapy  
C. Titrated oxygen therapy  
D. Oral azithromycin therapy  
E. Nebulized racemic epinephrine therapy  
F. Inhaled ipratropium bromide  
G. Nebulized albuterol and oral prednisone therapy  
H. Intravenous antibiotics and chest physiotherapy  
I. Nebulized hypertonic saline solution  
J. No therapy is indicated at this time  

**Step 3: Determine sentence relevance**

1. An 18-month-old boy is brought to the emergency department in October due to a 1-day history of wheezing.  
2. His mother reports that he has had a runny nose and occasional dry cough for the past 3 days but has been otherwise healthy and feeding well.  
3. He was born at 38 weeks' gestation after an uncomplicated pregnancy and has no significant medical history.  
4. His immunizations are up-to-date.  
5. His temperature is 38°C (100.4°F), pulse is 135/min, respirations are 35/min, and blood pressure is 80/50 mm Hg.  
6. Oxygen saturation on room air is 93%, and capillary refill time is 1 second.  
7. Lung examination reveals scattered rhonchi and end-expiratory wheezing bilaterally.  
8. No other abnormalities are noted.  ",8,J,medxpert,"1. An 18-month-old boy is brought to the emergency department in October due to a 1-day history of wheezing.  
2. His mother reports that he has had a runny nose and occasional dry cough for the past 3 days but has been otherwise healthy and feeding well.  
3. He was born at 38 weeks' gestation after an uncomplicated pregnancy and has no significant medical history.  
4. His immunizations are up-to-date.  
5. His temperature is 38°C (100.4°F), pulse is 135/min, respirations are 35/min, and blood pressure is 80/50 mm Hg.  
6. Oxygen saturation on room air is 93%, and capillary refill time is 1 second.  
7. Lung examination reveals scattered rhonchi and end-expiratory wheezing bilaterally.  
8. No other abnormalities are noted.","What is the most appropriate next step in management?

A. Intramuscular dexamethasone  
B. High-flow nasal cannula oxygen therapy  
C. Titrated oxygen therapy  
D. Oral azithromycin therapy  
E. Nebulized racemic epinephrine therapy  
F. Inhaled ipratropium bromide  
G. Nebulized albuterol and oral prednisone therapy  
H. Intravenous antibiotics and chest physiotherapy  
I. Nebulized hypertonic saline solution  
J. No therapy is indicated at this time",J,High Relevance,High Relevance,Low Relevance,Irrelevant,High Relevance,High Relevance,High Relevance,Low Relevance,,,,,,,,,,,,,
ID0514,"### Step 1: Read excerpt
1. A 35-year-old woman arrives at the emergency department with complaints of fatigue, shortness of breath, and palpitations.
2. She underwent an uncomplicated laparoscopic appendectomy a week ago, during which she received a prophylactic dose of cefotetan.
3. Her past medical history is unremarkable, and she denies any family history of genetic conditions.
4. On examination, her temperature is 98.1°F (36.7°C), blood pressure is 130/85 mmHg, pulse is 110/min, and respirations are 20/min.
5. Physical findings include jaundice and splenomegaly.
6. Laboratory results show a hemoglobin level of 7.1 g/dL (previously 13.2 g/dL one week ago).
7. Additional tests reveal:  

Leukocyte count: 7,000/mm³  
Platelet count: 300,000/mm³  
Mean corpuscular volume: 90 µm³  
Reticulocyte count: 9%  
Lactate dehydrogenase: 480 U/L (Normal: 140-280 U/L)  
Haptoglobin: 10 mg/dL (Normal: 41-165 mg/dL)  
Indirect bilirubin: 2.7 mg/dL  
D-dimer: <250 ng/mL (Normal: <250 ng/mL)  

A peripheral blood smear shows reticulocytosis and microspherocytes.

### Step 2: Answer QA Details
Following appropriate initial management, which of the following is the most suitable next diagnostic test?

A. Cold agglutinin titer  
B. Bone marrow biopsy  
C. Peripheral blood smear for Heinz bodies  
D. Hemoglobin electrophoresis  
G. Indirect Coombs test  
H. Serum free hemoglobin level  
I. Direct Coombs test  
J. Osmotic fragility test  

### Step 3: Determine sentence relevance
1. A 35-year-old woman arrives at the emergency department with complaints of fatigue, shortness of breath, and palpitations.
2. She underwent an uncomplicated laparoscopic appendectomy a week ago, during which she received a prophylactic dose of cefotetan.
3. Her past medical history is unremarkable, and she denies any family history of genetic conditions.
4. On examination, her temperature is 98.1°F (36.7°C), blood pressure is 130/85 mmHg, pulse is 110/min, and respirations are 20/min.
5. Physical findings include jaundice and splenomegaly.
6. Laboratory results show a hemoglobin level of 7.1 g/dL (previously 13.2 g/dL one week ago).
7. Additional tests reveal:  

Leukocyte count: 7,000/mm³  
Platelet count: 300,000/mm³  
Mean corpuscular volume: 90 µm³  
Reticulocyte count: 9%  
Lactate dehydrogenase: 480 U/L (Normal: 140-280 U/L)  
Haptoglobin: 10 mg/dL (Normal: 41-165 mg/dL)  
Indirect bilirubin: 2.7 mg/dL  
D-dimer: <250 ng/mL (Normal: <250 ng/mL)  

A peripheral blood smear shows reticulocytosis and microspherocytes.",7,I,medxpert,"1. A 35-year-old woman arrives at the emergency department with complaints of fatigue, shortness of breath, and palpitations.
2. She underwent an uncomplicated laparoscopic appendectomy a week ago, during which she received a prophylactic dose of cefotetan.
3. Her past medical history is unremarkable, and she denies any family history of genetic conditions.
4. On examination, her temperature is 98.1°F (36.7°C), blood pressure is 130/85 mmHg, pulse is 110/min, and respirations are 20/min.
5. Physical findings include jaundice and splenomegaly.
6. Laboratory results show a hemoglobin level of 7.1 g/dL (previously 13.2 g/dL one week ago).
7. Additional tests reveal:  

Leukocyte count: 7,000/mm³  
Platelet count: 300,000/mm³  
Mean corpuscular volume: 90 µm³  
Reticulocyte count: 9%  
Lactate dehydrogenase: 480 U/L (Normal: 140-280 U/L)  
Haptoglobin: 10 mg/dL (Normal: 41-165 mg/dL)  
Indirect bilirubin: 2.7 mg/dL  
D-dimer: <250 ng/mL (Normal: <250 ng/mL)  

A peripheral blood smear shows reticulocytosis and microspherocytes.","Following appropriate initial management, which of the following is the most suitable next diagnostic test?

A. Cold agglutinin titer  
B. Bone marrow biopsy  
C. Peripheral blood smear for Heinz bodies  
D. Hemoglobin electrophoresis  
G. Indirect Coombs test  
H. Serum free hemoglobin level  
I. Direct Coombs test  
J. Osmotic fragility test",I,Low Relevance,High Relevance,High Relevance,Low Relevance,High Relevance,High Relevance,High Relevance,,,,,,,,,,,,,,
ID0519,"**Step 1: Read excerpt**

1. A 34-year-old Indian woman seeks fertility consultation with her spouse due to difficulty conceiving.
2. She met her current husband during humanitarian work in Nepal a decade ago.
3. Her symptoms include chronic vague lower abdominal discomfort and menstrual irregularities, including spotting and passage of blood clots over recent months.
4. She reports no dyspareunia, post-coital bleeding, malodorous vaginal discharge, fever, or weight loss.
5. Physical examination reveals mild cervical bleeding and slight tenderness on bimanual examination without palpable masses.
6. A hysterosalpingogram reveals sinus tract formation and peritubal adhesions.
7. A menstrual fluid sample is sent for microbiological analysis.

**Step 2: Answer QA Details**

Which pathogen is the most probable cause of her presentation?

A. *Mycoplasma genitalium*  
B. *Klebsiella granulomatis*  
C. *Treponema pallidum*  
D. *Chlamydia trachomatis*  
E. *Escherichia coli*  
F. *Ureaplasma urealyticum*  
G. *Actinomyces israelii*  
H. *Trichomonas vaginalis*  
I. *Mycobacterium tuberculosis*  
J. *Neisseria gonorrhoeae*  

**Step 3: Determine sentence relevance**

1. A 34-year-old Indian woman seeks fertility consultation with her spouse due to difficulty conceiving.
2. She met her current husband during humanitarian work in Nepal a decade ago.
3. Her symptoms include chronic vague lower abdominal discomfort and menstrual irregularities, including spotting and passage of blood clots over recent months.
4. She reports no dyspareunia, post-coital bleeding, malodorous vaginal discharge, fever, or weight loss.
5. Physical examination reveals mild cervical bleeding and slight tenderness on bimanual examination without palpable masses.
6. A hysterosalpingogram reveals sinus tract formation and peritubal adhesions.
7. A menstrual fluid sample is sent for microbiological analysis.",7,I,medxpert,"1. A 34-year-old Indian woman seeks fertility consultation with her spouse due to difficulty conceiving.
2. She met her current husband during humanitarian work in Nepal a decade ago.
3. Her symptoms include chronic vague lower abdominal discomfort and menstrual irregularities, including spotting and passage of blood clots over recent months.
4. She reports no dyspareunia, post-coital bleeding, malodorous vaginal discharge, fever, or weight loss.
5. Physical examination reveals mild cervical bleeding and slight tenderness on bimanual examination without palpable masses.
6. A hysterosalpingogram reveals sinus tract formation and peritubal adhesions.
7. A menstrual fluid sample is sent for microbiological analysis.","Which pathogen is the most probable cause of her presentation?

A. *Mycoplasma genitalium*  
B. *Klebsiella granulomatis*  
C. *Treponema pallidum*  
D. *Chlamydia trachomatis*  
E. *Escherichia coli*  
F. *Ureaplasma urealyticum*  
G. *Actinomyces israelii*  
H. *Trichomonas vaginalis*  
I. *Mycobacterium tuberculosis*  
J. *Neisseria gonorrhoeae*",I,High Relevance,Low Relevance,High Relevance,Low Relevance,Low Relevance,High Relevance,Low Relevance,,,,,,,,,,,,,,
ID0521,"**Step 1: Read excerpt**

1. A 50-year-old female patient with myelodysplastic syndrome who underwent bone marrow transplantation from an unrelated donor shows persistent severe thrombocytopenia.
2. Despite multiple transfusions with apheresis platelets, her platelet count remains at 6000 per mm3 (normal range: 150,000–350,000).
3. The patient has no fever, and laboratory tests show no evidence of disseminated intravascular coagulation or thrombotic thrombocytopenic purpura.

**Step 2: Answer QA Details**

Which of the following represents the most appropriate next step in management?

A. Initiate intravenous immunoglobulin therapy  
B. Switch to pooled platelet transfusions  
C. Initiate glucocorticoid therapy at 1 mg/kg of body weight  
D. Begin plasmapheresis treatment  
E. Observe the patient without initiating further platelet transfusions  
F. Perform bone marrow biopsy to assess engraftment  
G. Test for cytomegalovirus infection  
H. Perform human leukocyte antigen antibody testing  
I. Perform platelet-specific antibody testing  
J. Administer recombinant thrombopoietin  

**Step 3: Determine sentence relevance**

1. A 50-year-old female patient with myelodysplastic syndrome who underwent bone marrow transplantation from an unrelated donor shows persistent severe thrombocytopenia.
2. Despite multiple transfusions with apheresis platelets, her platelet count remains at 6000 per mm3 (normal range: 150,000–350,000).
3. The patient has no fever, and laboratory tests show no evidence of disseminated intravascular coagulation or thrombotic thrombocytopenic purpura.",3,H,medxpert,"1. A 50-year-old female patient with myelodysplastic syndrome who underwent bone marrow transplantation from an unrelated donor shows persistent severe thrombocytopenia.
2. Despite multiple transfusions with apheresis platelets, her platelet count remains at 6000 per mm3 (normal range: 150,000–350,000).
3. The patient has no fever, and laboratory tests show no evidence of disseminated intravascular coagulation or thrombotic thrombocytopenic purpura.","Which of the following represents the most appropriate next step in management?

A. Initiate intravenous immunoglobulin therapy  
B. Switch to pooled platelet transfusions  
C. Initiate glucocorticoid therapy at 1 mg/kg of body weight  
D. Begin plasmapheresis treatment  
E. Observe the patient without initiating further platelet transfusions  
F. Perform bone marrow biopsy to assess engraftment  
G. Test for cytomegalovirus infection  
H. Perform human leukocyte antigen antibody testing  
I. Perform platelet-specific antibody testing  
J. Administer recombinant thrombopoietin",H,,,,,,,,,,,,,,,,,,,,,
ID0536,"### Step 1: Read excerpt
1. A mother brings her 4-week-old male infant for a routine health maintenance visit.
2. She reports an uncomplicated pregnancy and delivery.
3. Upon obtaining consent and performing an osteopathic structural examination, you observe a parallelogram-shaped head with unilateral flattening.
4. During the vault hold examination, you note that your index fingers shift leftward while your little fingers move rightward.

### Step 2: Answer QA Details
Which sphenobasilar synchondrosis (SBS) dysfunction most likely explains these findings?

A. Vertical strain superior  
B. Flexion dysfunction  
C. Compression  
D. Vertical strain inferior  
E. Left sidebending rotation  
F. Left torsion  
G. Right torsion  
H. Right sidebending rotation  
I. Left lateral strain  
J. Right lateral strain  

### Step 3: Determine sentence relevance
1. A mother brings her 4-week-old male infant for a routine health maintenance visit.
2. She reports an uncomplicated pregnancy and delivery.
3. Upon obtaining consent and performing an osteopathic structural examination, you observe a parallelogram-shaped head with unilateral flattening.
4. During the vault hold examination, you note that your index fingers shift leftward while your little fingers move rightward.",4,J,medxpert,"1. A mother brings her 4-week-old male infant for a routine health maintenance visit.
2. She reports an uncomplicated pregnancy and delivery.
3. Upon obtaining consent and performing an osteopathic structural examination, you observe a parallelogram-shaped head with unilateral flattening.
4. During the vault hold examination, you note that your index fingers shift leftward while your little fingers move rightward.","Which sphenobasilar synchondrosis (SBS) dysfunction most likely explains these findings?

A. Vertical strain superior  
B. Flexion dysfunction  
C. Compression  
D. Vertical strain inferior  
E. Left sidebending rotation  
F. Left torsion  
G. Right torsion  
H. Right sidebending rotation  
I. Left lateral strain  
J. Right lateral strain",I,,,,,,,,,,,,,,,,,,,,,
ID0574,"### Step 1: Read excerpt
1. A 15-year-old girl with no prior medical conditions seeks medical attention for increasing upper back pain and muscle tightness, which has worsened since joining her school's gymnastics team.  
2. During the osteopathic structural examination, the following findings are noted: left midthoracic paraspinal muscles are hypertonic, and the transverse processes from T2 to T8 are more anterior on the left side.  
3. These findings remain consistent during both flexion and extension movements.

### Step 2: Answer QA Details
What is the most accurate diagnosis?

A. T2-8 NSRRR  
B. T2-8 ESRRR  
C. T2-8 FSRRL  
D. T2-8 FSLRR  
E. T2-8 NSRLL  
F. T2-8 ESRRL  
G. T2-8 FSRRR  
H. T2-8 NSLRR  
I. T2-8 NSRRL  
J. T2-8 ESLRR  

### Step 3: Determine sentence relevance
1. A 15-year-old girl with no prior medical conditions seeks medical attention for increasing upper back pain and muscle tightness, which has worsened since joining her school's gymnastics team.  
2. During the osteopathic structural examination, the following findings are noted: left midthoracic paraspinal muscles are hypertonic, and the transverse processes from T2 to T8 are more anterior on the left side.  
3. These findings remain consistent during both flexion and extension movements.",3,H,medxpert,"1. A 15-year-old girl with no prior medical conditions seeks medical attention for increasing upper back pain and muscle tightness, which has worsened since joining her school's gymnastics team.  
2. During the osteopathic structural examination, the following findings are noted: left midthoracic paraspinal muscles are hypertonic, and the transverse processes from T2 to T8 are more anterior on the left side.  
3. These findings remain consistent during both flexion and extension movements.","What is the most accurate diagnosis?

A. T2-8 NSRRR  
B. T2-8 ESRRR  
C. T2-8 FSRRL  
D. T2-8 FSLRR  
E. T2-8 NSRLL  
F. T2-8 ESRRL  
G. T2-8 FSRRR  
H. T2-8 NSLRR  
I. T2-8 NSRRL  
J. T2-8 ESLRR",H,Low Relevance,High Relevance,High Relevance,,,,,,,,,,,,,,,,,,
ID0594,"**Step 1: Read excerpt**

1. A 67-year-old woman comes to the physician with a 4-month history of chest pain that occurs on exertion.
2. The pain is dull, and she has retrosternal pressure when she walks up the stairs to her apartment on the fifth floor.
3. The pain disappears shortly after stopping for one minute.
4. She has hypertension, for which she takes lisinopril and metoprolol daily.
5. She does not smoke or drink alcohol.
6. She is 158 cm (5 ft 2 in) tall and weighs 82 kg (180 lb); BMI is 33 kg/m2.
7. Her pulse is 72/min and blood pressure is 140/85 mm Hg.
8. Cardiac examination shows no murmurs, rubs, or gallops.
9. Fasting lipid studies show:




| Total cholesterol | 196 mg/dL |
| --- | --- |
| LDL | 110 mg/dL |
| HDL | 50 mg/dL |


A resting ECG shows no abnormalities.
10. A week after uneventful initiation of aspirin, the patient is started on atorvastatin.

**Step 2: Answer QA Details**

This patient is most likely to develop which of the following adverse effects?

A. Myositis  
B. QT prolongation  
C. Peripheral neuropathy  
D. Rhabdomyolysis  
E. Hyperkalemia  
F. Acute kidney injury  
G. Elevated transaminases  
H. Drug-induced lupus  
I. Bloating  
J. Pancreatitis  

**Step 3: Determine sentence relevance**

1. A 67-year-old woman comes to the physician with a 4-month history of chest pain that occurs on exertion.
2. The pain is dull, and she has retrosternal pressure when she walks up the stairs to her apartment on the fifth floor.
3. The pain disappears shortly after stopping for one minute.
4. She has hypertension, for which she takes lisinopril and metoprolol daily.
5. She does not smoke or drink alcohol.
6. She is 158 cm (5 ft 2 in) tall and weighs 82 kg (180 lb); BMI is 33 kg/m2.
7. Her pulse is 72/min and blood pressure is 140/85 mm Hg.
8. Cardiac examination shows no murmurs, rubs, or gallops.
9. Fasting lipid studies show:




| Total cholesterol | 196 mg/dL |
| --- | --- |
| LDL | 110 mg/dL |
| HDL | 50 mg/dL |


A resting ECG shows no abnormalities.
10. A week after uneventful initiation of aspirin, the patient is started on atorvastatin.",9,G,medxpert,"1. A 67-year-old woman comes to the physician with a 4-month history of chest pain that occurs on exertion.
2. The pain is dull, and she has retrosternal pressure when she walks up the stairs to her apartment on the fifth floor.
3. The pain disappears shortly after stopping for one minute.
4. She has hypertension, for which she takes lisinopril and metoprolol daily.
5. She does not smoke or drink alcohol.
6. She is 158 cm (5 ft 2 in) tall and weighs 82 kg (180 lb); BMI is 33 kg/m2.
7. Her pulse is 72/min and blood pressure is 140/85 mm Hg.
8. Cardiac examination shows no murmurs, rubs, or gallops.
9. Fasting lipid studies show:




| Total cholesterol | 196 mg/dL |
| --- | --- |
| LDL | 110 mg/dL |
| HDL | 50 mg/dL |


A resting ECG shows no abnormalities.
10. A week after uneventful initiation of aspirin, the patient is started on atorvastatin.","This patient is most likely to develop which of the following adverse effects?

A. Myositis  
B. QT prolongation  
C. Peripheral neuropathy  
D. Rhabdomyolysis  
E. Hyperkalemia  
F. Acute kidney injury  
G. Elevated transaminases  
H. Drug-induced lupus  
I. Bloating  
J. Pancreatitis",G,Low Relevance,Low Relevance,Low Relevance,Low Relevance,Irrelevant,Low Relevance,Irrelevant,Irrelevant,Low Relevance,High Relevance,,,,,,,,,,,
ID0595,"### Step 1: Read excerpt
1. A 60-year-old man with a history of hypertension, type 2 diabetes, and stage 4 chronic kidney disease reports that he completely lost vision in his right eye shortly after waking up this morning.
2. He had no pain at the time and gradually regained his vision about one hour after the initial loss.
3. His current blood pressure is 160/90 mm Hg, and his heart rate is 75 beats per minute.
4. His vision appears normal on visual-acuity and visual-field testing.
5. He has a normal head and neck examination without carotid bruits.
6. He has no murmurs, and his lungs are clear to auscultation.
7. He has a normal neurologic examination, including normal strength and sensation.
8. Laboratory results are notable for a creatinine concentration of 3.3.
9. mg/dL (reference range, 0.8–1.3).
10. He has a normal electrocardiogram.
11. CT of the brain without contrast shows no abnormalities.

### Step 2: Answer QA Details
Which one of the following diagnostic tests is most appropriate to further evaluate this patient’s vision loss?

A. Serum homocysteine level measurement  
B. Retinal fluorescein angiography  
C. CT angiogram of the brain  
D. Visual evoked potential testing  
E. Transcranial Doppler ultrasound  
F. Magnetic resonance angiogram of the brain with gadolinium  
G. Electroretinography  
H. Dilated ophthalmoscopy  
I. Echocardiography with bubble study  
J. Carotid Doppler ultrasound  

### Step 3: Determine sentence relevance
1. A 60-year-old man with a history of hypertension, type 2 diabetes, and stage 4 chronic kidney disease reports that he completely lost vision in his right eye shortly after waking up this morning.
2. He had no pain at the time and gradually regained his vision about one hour after the initial loss.
3. His current blood pressure is 160/90 mm Hg, and his heart rate is 75 beats per minute.
4. His vision appears normal on visual-acuity and visual-field testing.
5. He has a normal head and neck examination without carotid bruits.
6. He has no murmurs, and his lungs are clear to auscultation.
7. He has a normal neurologic examination, including normal strength and sensation.
8. Laboratory results are notable for a creatinine concentration of 3.3.
9. mg/dL (reference range, 0.8–1.3).
10. He has a normal electrocardiogram.
11. CT of the brain without contrast shows no abnormalities.",11,J,medxpert,"1. A 60-year-old man with a history of hypertension, type 2 diabetes, and stage 4 chronic kidney disease reports that he completely lost vision in his right eye shortly after waking up this morning.
2. He had no pain at the time and gradually regained his vision about one hour after the initial loss.
3. His current blood pressure is 160/90 mm Hg, and his heart rate is 75 beats per minute.
4. His vision appears normal on visual-acuity and visual-field testing.
5. He has a normal head and neck examination without carotid bruits.
6. He has no murmurs, and his lungs are clear to auscultation.
7. He has a normal neurologic examination, including normal strength and sensation.
8. Laboratory results are notable for a creatinine concentration of 3.3.
9. mg/dL (reference range, 0.8–1.3).
10. He has a normal electrocardiogram.
11. CT of the brain without contrast shows no abnormalities.","Which one of the following diagnostic tests is most appropriate to further evaluate this patient’s vision loss?

A. Serum homocysteine level measurement  
B. Retinal fluorescein angiography  
C. CT angiogram of the brain  
D. Visual evoked potential testing  
E. Transcranial Doppler ultrasound  
F. Magnetic resonance angiogram of the brain with gadolinium  
G. Electroretinography  
H. Dilated ophthalmoscopy  
I. Echocardiography with bubble study  
J. Carotid Doppler ultrasound",J,High Relevance,High Relevance,Low Relevance,Low Relevance,Low Relevance,Low Relevance,Low Relevance,Low Relevance,Irrelevant,Low Relevance,Low Relevance,,,,,,,,,,
ID0605,"### Step 1: Read excerpt
1. A 34-year-old G1P1 woman at 36 weeks of gestation attends a routine prenatal visit with no specific complaints.
2. Her medical history includes mild asthma controlled with a rescue albuterol inhaler and a large submucosal uterine leiomyoma surgically removed via open myomectomy two years ago.
3. She has received regular prenatal care but missed some appointments during the second trimester.
4. Her temperature is 99.0°F (37.2°C), blood pressure is 136/79 mmHg, pulse is 91/min, and respirations are 18/min.
5. She experiences mild shortness of breath while speaking, but no crackles or wheezing are noted on lung examination.
6. A grade 2/6 systolic flow murmur is present on cardiac examination.
7. The uterine fundal height measures 36 cm, and fetal heart rate is 150 beats/min by Doppler.
8. The patient reports occasional contractions over the past week without fluid leakage.

### Step 2: Answer QA Details
What is the most appropriate next step in managing this patient?

A. Perform a biophysical profile to assess fetal well-being  
B. Induce labor with oxytocin infusion  
C. Perform an amniocentesis to assess fetal lung maturity  
D. Administer corticosteroids to promote fetal lung development  
E. Continue with routine prenatal care while awaiting spontaneous labor  
F. Schedule an elective cesarean section at 39 weeks gestation  
G. Perform a trial of labor despite prior uterine surgery  
H. Initiate magnesium sulfate for neuroprotection  

### Step 3: Determine sentence relevance
1. A 34-year-old G1P1 woman at 36 weeks of gestation attends a routine prenatal visit with no specific complaints.
2. Her medical history includes mild asthma controlled with a rescue albuterol inhaler and a large submucosal uterine leiomyoma surgically removed via open myomectomy two years ago.
3. She has received regular prenatal care but missed some appointments during the second trimester.
4. Her temperature is 99.0°F (37.2°C), blood pressure is 136/79 mmHg, pulse is 91/min, and respirations are 18/min.
5. She experiences mild shortness of breath while speaking, but no crackles or wheezing are noted on lung examination.
6. A grade 2/6 systolic flow murmur is present on cardiac examination.
7. The uterine fundal height measures 36 cm, and fetal heart rate is 150 beats/min by Doppler.
8. The patient reports occasional contractions over the past week without fluid leakage.",8,E,medxpert,"1. A 34-year-old G1P1 woman at 36 weeks of gestation attends a routine prenatal visit with no specific complaints.
2. Her medical history includes mild asthma controlled with a rescue albuterol inhaler and a large submucosal uterine leiomyoma surgically removed via open myomectomy two years ago.
3. She has received regular prenatal care but missed some appointments during the second trimester.
4. Her temperature is 99.0°F (37.2°C), blood pressure is 136/79 mmHg, pulse is 91/min, and respirations are 18/min.
5. She experiences mild shortness of breath while speaking, but no crackles or wheezing are noted on lung examination.
6. A grade 2/6 systolic flow murmur is present on cardiac examination.
7. The uterine fundal height measures 36 cm, and fetal heart rate is 150 beats/min by Doppler.
8. The patient reports occasional contractions over the past week without fluid leakage.","What is the most appropriate next step in managing this patient?

A. Perform a biophysical profile to assess fetal well-being  
B. Induce labor with oxytocin infusion  
C. Perform an amniocentesis to assess fetal lung maturity  
D. Administer corticosteroids to promote fetal lung development  
E. Continue with routine prenatal care while awaiting spontaneous labor  
F. Schedule an elective cesarean section at 39 weeks gestation  
G. Perform a trial of labor despite prior uterine surgery  
H. Initiate magnesium sulfate for neuroprotection",F,High Relevance,High Relevance,Irrelevant,Irrelevant,Irrelevant,Irrelevant,Low Relevance,Low Relevance,,,,,,,,,,,,,
ID0616,"**Step 1: Read excerpt**

1. A 38-year-old female presents to the emergency department with left leg pain and swelling that started the previous day.
2. She has no fever or recent trauma.
3. Her medical history includes osteosarcoma of the right distal femur at age 13.
4. Her mother was diagnosed with breast cancer at age 52, and her grandfather had bronchioloalveolar carcinoma at age 45.
5. Physical examination reveals a warm, tender, erythematous left leg with edema and positive Homan's sign.
6. Abdominal examination identifies a firm, fixed mass with irregular borders in the left lower quadrant.
7. Left leg ultrasonography shows a non-compressible femoral vein with thrombus confirmed by color flow Doppler.
8. A contrast-enhanced abdominal CT scan reveals a large left abdominopelvic cystic mass with thick septae, consistent with ovarian cancer, along with localized lymphadenopathy and ascites.

**Step 2: Answer QA Details**

Which gene mutation is most likely present in this patient?

A. *PTEN*  
B. *KRAS*  
C. *RB1*  
D. *BRCA2*  
E. *BRCA1*  
F. *PALB2*  
G. *CDH1*  
H. *APC*  
I. *TP53*  
J. *MLH1*  

**Step 3: Determine sentence relevance**

1. A 38-year-old female presents to the emergency department with left leg pain and swelling that started the previous day.
2. She has no fever or recent trauma.
3. Her medical history includes osteosarcoma of the right distal femur at age 13.
4. Her mother was diagnosed with breast cancer at age 52, and her grandfather had bronchioloalveolar carcinoma at age 45.
5. Physical examination reveals a warm, tender, erythematous left leg with edema and positive Homan's sign.
6. Abdominal examination identifies a firm, fixed mass with irregular borders in the left lower quadrant.
7. Left leg ultrasonography shows a non-compressible femoral vein with thrombus confirmed by color flow Doppler.
8. A contrast-enhanced abdominal CT scan reveals a large left abdominopelvic cystic mass with thick septae, consistent with ovarian cancer, along with localized lymphadenopathy and ascites.",8,I,medxpert,"1. A 38-year-old female presents to the emergency department with left leg pain and swelling that started the previous day.
2. She has no fever or recent trauma.
3. Her medical history includes osteosarcoma of the right distal femur at age 13.
4. Her mother was diagnosed with breast cancer at age 52, and her grandfather had bronchioloalveolar carcinoma at age 45.
5. Physical examination reveals a warm, tender, erythematous left leg with edema and positive Homan's sign.
6. Abdominal examination identifies a firm, fixed mass with irregular borders in the left lower quadrant.
7. Left leg ultrasonography shows a non-compressible femoral vein with thrombus confirmed by color flow Doppler.
8. A contrast-enhanced abdominal CT scan reveals a large left abdominopelvic cystic mass with thick septae, consistent with ovarian cancer, along with localized lymphadenopathy and ascites.","Which gene mutation is most likely present in this patient?

A. *PTEN*  
B. *KRAS*  
C. *RB1*  
D. *BRCA2*  
E. *BRCA1*  
F. *PALB2*  
G. *CDH1*  
H. *APC*  
I. *TP53*  
J. *MLH1*",I,,,,,,,,,,,,,,,,,,,,,
ID0625,"**Step 1: Read excerpt**

1. A male patient, aged 30, presents to the clinic with a one-week history of pruritic, small lesions on his left lower leg.
2. He reports no recent changes in medications, diet, personal care products, and has no personal or family history of atopic conditions.
3. Physical examination reveals multiple small papules on the tibial shin area.
4. A skin biopsy shows subepidermal blistering with neutrophilic infiltration in the dermal papillae, while immunofluorescence microscopy reveals linear IgA deposits in the dermal papillae.

**Step 2: Answer QA Details**

Which of the following is the most likely diagnosis?

A. Chronic bullous disease of childhood  
B. Dermatitis herpetiformis  
C. Bullous pemphigoid  
D. Pemphigus vulgaris  
E. Psoriasis with secondary blister formation  
F. Epidermolysis bullosa acquisita  
G. Bullous systemic lupus erythematosus  
H. Atopic dermatitis  
I. Linear IgA disease  
J. Erythema multiforme  

**Step 3: Determine sentence relevance**

1. A male patient, aged 30, presents to the clinic with a one-week history of pruritic, small lesions on his left lower leg.
2. He reports no recent changes in medications, diet, personal care products, and has no personal or family history of atopic conditions.
3. Physical examination reveals multiple small papules on the tibial shin area.
4. A skin biopsy shows subepidermal blistering with neutrophilic infiltration in the dermal papillae, while immunofluorescence microscopy reveals linear IgA deposits in the dermal papillae.",4,I,medxpert,"1. A male patient, aged 30, presents to the clinic with a one-week history of pruritic, small lesions on his left lower leg.
2. He reports no recent changes in medications, diet, personal care products, and has no personal or family history of atopic conditions.
3. Physical examination reveals multiple small papules on the tibial shin area.
4. A skin biopsy shows subepidermal blistering with neutrophilic infiltration in the dermal papillae, while immunofluorescence microscopy reveals linear IgA deposits in the dermal papillae.","Which of the following is the most likely diagnosis?

A. Chronic bullous disease of childhood  
B. Dermatitis herpetiformis  
C. Bullous pemphigoid  
D. Pemphigus vulgaris  
E. Psoriasis with secondary blister formation  
F. Epidermolysis bullosa acquisita  
G. Bullous systemic lupus erythematosus  
H. Atopic dermatitis  
I. Linear IgA disease  
J. Erythema multiforme",I,Low Relevance,Low Relevance,Low Relevance,High Relevance,,,,,,,,,,,,,,,,,
ID0627,"### Step 1: Read excerpt
1. A 63-year-old male presents to the emergency department with 8-9 episodes of red, watery stools over two days.
2. His medical history includes coronary stents, hypertension, hypercholesterolemia, coronary artery disease, and chronic constipation.
3. He takes aspirin, metoprolol, and simvastatin, and consumes one beer daily.
4. He appears distressed with vital signs showing temperature 37.3°C (99.1°F), pulse 110/min, respirations 14/min, and blood pressure 86/58 mm Hg.
5. Physical examination reveals pale conjunctivae, soft and nontender abdomen, increased bowel sounds, clear lungs, an S4 gallop, and frank blood on rectal exam.
6. Laboratory findings are:

| Hemoglobin | 9.8 g/dL |
| --- | --- |
| Leukocyte count | 7800/mm3 |
| Platelet count | 280,000/mm3 |
| Prothrombin time | 14 seconds (INR = 0.9) |
| Serum |  |
| Na+ | 135 mEq/L |
| K+ | 4.1 mEq/L |
| Cl- | 101 mEq/L |
| Urea nitrogen | 16 mg/dL |
| Creatinine | 0.7 mg/dL |
| Glucose | 96 mg/dL |

After initiating 0.9% saline through two large-bore IVs and performing an unremarkable esophagogastroduodenoscopy, his condition worsens with pulse 123/min, blood pressure 80/54 mm Hg, and continued rectal bleeding.

### Step 2: Answer QA Details
What is the most appropriate next step in management?

A. Repeat esophagogastroduodenoscopy  
B. Stool guaiac testing  
C. Endoscopic hemostasis  
D. Colonoscopy  
E. Empiric proton pump inhibitor therapy  
F. Laparotomy  
G. Capsule endoscopy  
H. Exploratory laparoscopy  
I. Tagged red blood cell scan  
J. Angiography  

### Step 3: Determine sentence relevance
1. A 63-year-old male presents to the emergency department with 8-9 episodes of red, watery stools over two days.
2. His medical history includes coronary stents, hypertension, hypercholesterolemia, coronary artery disease, and chronic constipation.
3. He takes aspirin, metoprolol, and simvastatin, and consumes one beer daily.
4. He appears distressed with vital signs showing temperature 37.3°C (99.1°F), pulse 110/min, respirations 14/min, and blood pressure 86/58 mm Hg.
5. Physical examination reveals pale conjunctivae, soft and nontender abdomen, increased bowel sounds, clear lungs, an S4 gallop, and frank blood on rectal exam.
6. Laboratory findings are:

| Hemoglobin | 9.8 g/dL |
| --- | --- |
| Leukocyte count | 7800/mm3 |
| Platelet count | 280,000/mm3 |
| Prothrombin time | 14 seconds (INR = 0.9) |
| Serum |  |
| Na+ | 135 mEq/L |
| K+ | 4.1 mEq/L |
| Cl- | 101 mEq/L |
| Urea nitrogen | 16 mg/dL |
| Creatinine | 0.7 mg/dL |
| Glucose | 96 mg/dL |

After initiating 0.9% saline through two large-bore IVs and performing an unremarkable esophagogastroduodenoscopy, his condition worsens with pulse 123/min, blood pressure 80/54 mm Hg, and continued rectal bleeding.",6,J,medxpert,"1. A 63-year-old male presents to the emergency department with 8-9 episodes of red, watery stools over two days.
2. His medical history includes coronary stents, hypertension, hypercholesterolemia, coronary artery disease, and chronic constipation.
3. He takes aspirin, metoprolol, and simvastatin, and consumes one beer daily.
4. He appears distressed with vital signs showing temperature 37.3°C (99.1°F), pulse 110/min, respirations 14/min, and blood pressure 86/58 mm Hg.
5. Physical examination reveals pale conjunctivae, soft and nontender abdomen, increased bowel sounds, clear lungs, an S4 gallop, and frank blood on rectal exam.
6. Laboratory findings are:

| Hemoglobin | 9.8 g/dL |
| --- | --- |
| Leukocyte count | 7800/mm3 |
| Platelet count | 280,000/mm3 |
| Prothrombin time | 14 seconds (INR = 0.9) |
| Serum |  |
| Na+ | 135 mEq/L |
| K+ | 4.1 mEq/L |
| Cl- | 101 mEq/L |
| Urea nitrogen | 16 mg/dL |
| Creatinine | 0.7 mg/dL |
| Glucose | 96 mg/dL |

After initiating 0.9% saline through two large-bore IVs and performing an unremarkable esophagogastroduodenoscopy, his condition worsens with pulse 123/min, blood pressure 80/54 mm Hg, and continued rectal bleeding.","What is the most appropriate next step in management?

A. Repeat esophagogastroduodenoscopy  
B. Stool guaiac testing  
C. Endoscopic hemostasis  
D. Colonoscopy  
E. Empiric proton pump inhibitor therapy  
F. Laparotomy  
G. Capsule endoscopy  
H. Exploratory laparoscopy  
I. Tagged red blood cell scan  
J. Angiography",J,High Relevance,Low Relevance,Low Relevance,High Relevance,High Relevance,High Relevance,High Relevance,,,,,,,,,,,,,,
ID0658,"**Step 1: Read excerpt**

1. A pregnant 25-year-old female presents for a prenatal checkup.  
2. Her transvaginal ultrasound findings align with her last menstrual period, indicating a gestational age of 5 weeks (corresponding to an embryonic age of 3 weeks).  
3. She reports mild morning nausea that is improving and some food cravings, but maintains a balanced diet.  
4. Her BMI is 23 kg/m^2 with a 1-pound weight gain since conception.  

**Step 2: Answer QA Details**

When she inquires about her embryo's current developmental stage, which of the following milestones would be expected at this phase of embryological development?

A. Development of the amniotic cavity  
B. Development of somites  
C. Creation of the notochord  
D. Closure of the neural tube  
E. Initial placental development  
F. Cardiac activity visible on ultrasound  
G. Establishment of the yolk sac  
H. Formation of the bilaminar disc  
I. Gastrulation initiation  
J. Formation of the primitive streak  

**Step 3: Determine sentence relevance**

1. A pregnant 25-year-old female presents for a prenatal checkup.  
2. Her transvaginal ultrasound findings align with her last menstrual period, indicating a gestational age of 5 weeks (corresponding to an embryonic age of 3 weeks).  
3. She reports mild morning nausea that is improving and some food cravings, but maintains a balanced diet.  
4. Her BMI is 23 kg/m^2 with a 1-pound weight gain since conception.  ",4,D,medxpert,"1. A pregnant 25-year-old female presents for a prenatal checkup.  
2. Her transvaginal ultrasound findings align with her last menstrual period, indicating a gestational age of 5 weeks (corresponding to an embryonic age of 3 weeks).  
3. She reports mild morning nausea that is improving and some food cravings, but maintains a balanced diet.  
4. Her BMI is 23 kg/m^2 with a 1-pound weight gain since conception.","When she inquires about her embryo's current developmental stage, which of the following milestones would be expected at this phase of embryological development?

A. Development of the amniotic cavity  
B. Development of somites  
C. Creation of the notochord  
D. Closure of the neural tube  
E. Initial placental development  
F. Cardiac activity visible on ultrasound  
G. Establishment of the yolk sac  
H. Formation of the bilaminar disc  
I. Gastrulation initiation  
J. Formation of the primitive streak",I,,,,,,,,,,,,,,,,,,,,,
ID0659,"### Step 1: Read excerpt
1. A woman in her 70s with a history of hypertension, hyperlipidemia, and venous thromboembolism presented to the hospital with 2 months of progressively worsening dyspnea on exertion.
2. Her medical history was significant for a single episode of lower-extremity deep venous thrombosis during a prior hospitalization, complicated by multiple subsegmental pulmonary emboli.
3. At that time, she underwent inferior vena cava filter placement, followed by initiation of anticoagulation therapy.
4. Her current medications included metoprolol tartrate, simvastatin, and warfarin sodium.
5. She denied any substantial tobacco or alcohol use, and her family history was negative for venous thromboembolic disease.
6. Her initial physical examination had unremarkable results, with laboratory evaluation of prothrombin time significant for an international normalized ratio of 2.8.
7. Computed tomography (CT) of the chest revealed a large filling defect within the main pulmonary artery, flattening of the interventricular septum, and multiple pulmonary nodules.
8. Bedside transthoracic echocardiography demonstrated evidence of severely increased right ventricular systolic pressure, with moderate right ventricular dilation.
9. She was referred for urgent pharmacomechanical interventions, including catheter-directed embolectomy and thrombolysis, for a presumed diagnosis of submassive pulmonary embolism.
10. Following the procedure, she experienced no substantial clinical or radiographic improvement.
11. She underwent a repeated CT scan of the chest (Figure).

### Step 2: Answer QA Details
What Is Your Diagnosis?

A: Venous thromboembolic disease  
B: Pulmonary artery sarcoma  
C: Locally advanced lung cancer  
D: Pulmonary tumor embolism  

### Step 3: Determine sentence relevance
1. A woman in her 70s with a history of hypertension, hyperlipidemia, and venous thromboembolism presented to the hospital with 2 months of progressively worsening dyspnea on exertion.
2. Her medical history was significant for a single episode of lower-extremity deep venous thrombosis during a prior hospitalization, complicated by multiple subsegmental pulmonary emboli.
3. At that time, she underwent inferior vena cava filter placement, followed by initiation of anticoagulation therapy.
4. Her current medications included metoprolol tartrate, simvastatin, and warfarin sodium.
5. She denied any substantial tobacco or alcohol use, and her family history was negative for venous thromboembolic disease.
6. Her initial physical examination had unremarkable results, with laboratory evaluation of prothrombin time significant for an international normalized ratio of 2.8.
7. Computed tomography (CT) of the chest revealed a large filling defect within the main pulmonary artery, flattening of the interventricular septum, and multiple pulmonary nodules.
8. Bedside transthoracic echocardiography demonstrated evidence of severely increased right ventricular systolic pressure, with moderate right ventricular dilation.
9. She was referred for urgent pharmacomechanical interventions, including catheter-directed embolectomy and thrombolysis, for a presumed diagnosis of submassive pulmonary embolism.
10. Following the procedure, she experienced no substantial clinical or radiographic improvement.
11. She underwent a repeated CT scan of the chest (Figure).",11,B,jama,"1. A woman in her 70s with a history of hypertension, hyperlipidemia, and venous thromboembolism presented to the hospital with 2 months of progressively worsening dyspnea on exertion.
2. Her medical history was significant for a single episode of lower-extremity deep venous thrombosis during a prior hospitalization, complicated by multiple subsegmental pulmonary emboli.
3. At that time, she underwent inferior vena cava filter placement, followed by initiation of anticoagulation therapy.
4. Her current medications included metoprolol tartrate, simvastatin, and warfarin sodium.
5. She denied any substantial tobacco or alcohol use, and her family history was negative for venous thromboembolic disease.
6. Her initial physical examination had unremarkable results, with laboratory evaluation of prothrombin time significant for an international normalized ratio of 2.8.
7. Computed tomography (CT) of the chest revealed a large filling defect within the main pulmonary artery, flattening of the interventricular septum, and multiple pulmonary nodules.
8. Bedside transthoracic echocardiography demonstrated evidence of severely increased right ventricular systolic pressure, with moderate right ventricular dilation.
9. She was referred for urgent pharmacomechanical interventions, including catheter-directed embolectomy and thrombolysis, for a presumed diagnosis of submassive pulmonary embolism.
10. Following the procedure, she experienced no substantial clinical or radiographic improvement.
11. She underwent a repeated CT scan of the chest (Figure).","What Is Your Diagnosis?

A: Venous thromboembolic disease  
B: Pulmonary artery sarcoma  
C: Locally advanced lung cancer  
D: Pulmonary tumor embolism",B,,,,,,,,,,,,,,,,,,,,,
ID0672,"### Step 1: Read excerpt
1. An 8-year-old boy was seen by friends falling into a warm lake during the summer.
2. He was pulled out 6 minutes later by nearby adults, who contacted emergency medical services (EMS).
3. Upon EMS arrival, the boy was unresponsive and pulseless.
4. He underwent cardiopulmonary resuscitation, oral intubation, and intraosseous needle placement.
5. Epinephrine was administered via the endotracheal tube and intraosseous infusion, followed by a 20 mL/kg fluid bolus through intraosseous infusion.
6. After 15 minutes, spontaneous circulation returned.

### Step 2: Answer QA Details
Which factor from this patient’s history and clinical presentation is most strongly associated with a poor prognosis?

A. Partial pressure of oxygen of 40 mm Hg  
B. Severe metabolic acidosis with lactate of 7 mmol/L  
D. Delayed initiation of advanced life support  
E. Warm water submersion  
F. Intubation during resuscitation efforts  
G. Submersion time of 6 minutes  
H. Cardiopulmonary resuscitation lasting 15 minutes  
I. Hypoxemia with oxygen saturation below reference range  
J. Initial arterial pH of 7.22  

### Step 3: Determine sentence relevance
1. An 8-year-old boy was seen by friends falling into a warm lake during the summer.
2. He was pulled out 6 minutes later by nearby adults, who contacted emergency medical services (EMS).
3. Upon EMS arrival, the boy was unresponsive and pulseless.
4. He underwent cardiopulmonary resuscitation, oral intubation, and intraosseous needle placement.
5. Epinephrine was administered via the endotracheal tube and intraosseous infusion, followed by a 20 mL/kg fluid bolus through intraosseous infusion.
6. After 15 minutes, spontaneous circulation returned.",6,G,medxpert,"1. An 8-year-old boy was seen by friends falling into a warm lake during the summer.
2. He was pulled out 6 minutes later by nearby adults, who contacted emergency medical services (EMS).
3. Upon EMS arrival, the boy was unresponsive and pulseless.
4. He underwent cardiopulmonary resuscitation, oral intubation, and intraosseous needle placement.
5. Epinephrine was administered via the endotracheal tube and intraosseous infusion, followed by a 20 mL/kg fluid bolus through intraosseous infusion.
6. After 15 minutes, spontaneous circulation returned.","Which factor from this patient’s history and clinical presentation is most strongly associated with a poor prognosis?

A. Partial pressure of oxygen of 40 mm Hg  
B. Severe metabolic acidosis with lactate of 7 mmol/L  
D. Delayed initiation of advanced life support  
E. Warm water submersion  
F. Intubation during resuscitation efforts  
G. Submersion time of 6 minutes  
H. Cardiopulmonary resuscitation lasting 15 minutes  
I. Hypoxemia with oxygen saturation below reference range  
J. Initial arterial pH of 7.22",E,High Relevance,Low Relevance,Low Relevance,Low Relevance,Irrelevant,Low Relevance,,,,,,,,,,,,,,,
ID0680,"### Step 1: Read excerpt
1. An 82-year-old female with hypothyroidism and significant smoking history (65 pack-years) is admitted to the hospital due to progressive shortness of breath over the past month.
2. Chest CT reveals a 2.5-cm mass causing obstruction in the lingular segment of the left-upper lobe, with no lymphadenopathy.
3. Bronchoscopic biopsy confirms adenocarcinoma with a positive epidermal growth factor receptor gene mutation.
4. Comprehensive imaging studies (abdominal/pelvic CT, brain MRI, and PET scan) show no evidence of metastatic disease.
5. Pulmonary function testing is largely normal, with only a mild reduction in total lung capacity (82%).

### Step 2: Answer QA Details
What is the most appropriate therapeutic approach for this patient?

A. Surgical resection  
B. Surgical resection, adjuvant chemotherapy, and radiotherapy  
C. Stereotactic body radiation therapy  
D. Immunotherapy with pembrolizumab  
E. Combined chemoradiation therapy  
F. Combination chemotherapy with carboplatin and pemetrexed  
G. Surgical resection and treatment with erlotinib  
H. Palliative care only  
I. Treatment with erlotinib alone  
J. Watchful waiting with regular imaging follow-up  

### Step 3: Determine sentence relevance
1. An 82-year-old female with hypothyroidism and significant smoking history (65 pack-years) is admitted to the hospital due to progressive shortness of breath over the past month.
2. Chest CT reveals a 2.5-cm mass causing obstruction in the lingular segment of the left-upper lobe, with no lymphadenopathy.
3. Bronchoscopic biopsy confirms adenocarcinoma with a positive epidermal growth factor receptor gene mutation.
4. Comprehensive imaging studies (abdominal/pelvic CT, brain MRI, and PET scan) show no evidence of metastatic disease.
5. Pulmonary function testing is largely normal, with only a mild reduction in total lung capacity (82%).",5,A,medxpert,"1. An 82-year-old female with hypothyroidism and significant smoking history (65 pack-years) is admitted to the hospital due to progressive shortness of breath over the past month.
2. Chest CT reveals a 2.5-cm mass causing obstruction in the lingular segment of the left-upper lobe, with no lymphadenopathy.
3. Bronchoscopic biopsy confirms adenocarcinoma with a positive epidermal growth factor receptor gene mutation.
4. Comprehensive imaging studies (abdominal/pelvic CT, brain MRI, and PET scan) show no evidence of metastatic disease.
5. Pulmonary function testing is largely normal, with only a mild reduction in total lung capacity (82%).","What is the most appropriate therapeutic approach for this patient?

A. Surgical resection  
B. Surgical resection, adjuvant chemotherapy, and radiotherapy  
C. Stereotactic body radiation therapy  
D. Immunotherapy with pembrolizumab  
E. Combined chemoradiation therapy  
F. Combination chemotherapy with carboplatin and pemetrexed  
G. Surgical resection and treatment with erlotinib  
H. Palliative care only  
I. Treatment with erlotinib alone  
J. Watchful waiting with regular imaging follow-up",A,,,,,,,,,,,,,,,,,,,,,
ID0684,"**Step 1: Read excerpt**

1. An 18-year-old girl presents to clinic for her first well-woman visit.  
2. She has no complaints currently.  
3. Menarche was at age 13, and her last menses was 2 weeks ago.  
4. Her temperature is 99.5°F (37.5°C), blood pressure is 110/60 mmHg, pulse is 84/min, and respirations are 15/min.  
5. Her physical exam, including pelvic exam, is normal.  
6. She currently takes no medications and has no allergies.  
7. She denies illicit drug use and acknowledges that she is sexually active.  

**Step 2: Answer QA Details**

Which of the following is the most appropriate way to begin obtaining a sexual history?

A. “Do you feel safe in your current relationship?”  
B. “How many sexual partners have you had in the past year?”  
C. “What kind of birth control, if any, are you using?”  
D. “Have you ever experienced any pain or discomfort during intercourse?”  
E. ”Are you currently in a relationship with anyone?”  
F. “Are you satisfied with your current sexual activity and relationships?”  
G. “When was the last time you were tested for sexually transmitted infections?”  
H. “Do you use protection when you have sex?”  
I. “Do you have any concerns about your sexual health?”  
J. “Are you sexually active with men, women, or both?""  

**Step 3: Determine sentence relevance**

1. An 18-year-old girl presents to clinic for her first well-woman visit.  
2. She has no complaints currently.  
3. Menarche was at age 13, and her last menses was 2 weeks ago.  
4. Her temperature is 99.5°F (37.5°C), blood pressure is 110/60 mmHg, pulse is 84/min, and respirations are 15/min.  
5. Her physical exam, including pelvic exam, is normal.  
6. She currently takes no medications and has no allergies.  
7. She denies illicit drug use and acknowledges that she is sexually active.  ",7,J,medxpert,"1. An 18-year-old girl presents to clinic for her first well-woman visit.  
2. She has no complaints currently.  
3. Menarche was at age 13, and her last menses was 2 weeks ago.  
4. Her temperature is 99.5°F (37.5°C), blood pressure is 110/60 mmHg, pulse is 84/min, and respirations are 15/min.  
5. Her physical exam, including pelvic exam, is normal.  
6. She currently takes no medications and has no allergies.  
7. She denies illicit drug use and acknowledges that she is sexually active.","Which of the following is the most appropriate way to begin obtaining a sexual history?

A. “Do you feel safe in your current relationship?”  
B. “How many sexual partners have you had in the past year?”  
C. “What kind of birth control, if any, are you using?”  
D. “Have you ever experienced any pain or discomfort during intercourse?”  
E. ”Are you currently in a relationship with anyone?”  
F. “Are you satisfied with your current sexual activity and relationships?”  
G. “When was the last time you were tested for sexually transmitted infections?”  
H. “Do you use protection when you have sex?”  
I. “Do you have any concerns about your sexual health?”  
J. “Are you sexually active with men, women, or both?""",J,,,,,,,,,,,,,,,,,,,,,
ID0696,"### Step 1: Read excerpt
1. A 76-year-old man with hypertension and a 40-pack-year smoking history (quit 5 years ago) presents with a painless ulcer at the base of his first toe on his left foot.
2. He reports experiencing left leg pain at night that improves when his foot hangs off the bed.
3. The ulcer was discovered during routine foot care.
4. Physical examination reveals the following pulse findings:

| Right foot | |
| --- | --- |
| Femoral | 4+ |
| Popliteal | 3+ |
| Dorsalis Pedis | 2+ |
| Posterior Tibial | 1+ |
| Left foot | |
| Femoral | 4+ |
| Popliteal | 2+ |
| Dorsalis Pedis | 0 |
| Posterior Tibial | 0 |

Doppler examination shows decreased flow in the left posterior tibial artery and no detectable flow in the dorsalis pedis.

### Step 2: Answer QA Details
What is the primary underlying cause of the patient's toe ulcer?

A. An occlusion of the deep plantar artery  
B. Multiple small vessel disease of the foot  
C. An occlusion of the first dorsal metatarsal artery  
D. An occlusion of the lateral plantar artery  
E. Thrombosis of the deep femoral artery  
F. An occluded posterior tibial artery on the left foot  
G. An occlusion of the anterior tibial artery  
H. A stenosis of the common iliac artery  
I. A narrowing of the superficial femoral artery  
J. A stenosis of the popliteal artery bifurcation  

### Step 3: Determine sentence relevance
1. A 76-year-old man with hypertension and a 40-pack-year smoking history (quit 5 years ago) presents with a painless ulcer at the base of his first toe on his left foot.
2. He reports experiencing left leg pain at night that improves when his foot hangs off the bed.
3. The ulcer was discovered during routine foot care.
4. Physical examination reveals the following pulse findings:

| Right foot | |
| --- | --- |
| Femoral | 4+ |
| Popliteal | 3+ |
| Dorsalis Pedis | 2+ |
| Posterior Tibial | 1+ |
| Left foot | |
| Femoral | 4+ |
| Popliteal | 2+ |
| Dorsalis Pedis | 0 |
| Posterior Tibial | 0 |

Doppler examination shows decreased flow in the left posterior tibial artery and no detectable flow in the dorsalis pedis.",4,I,medxpert,"1. A 76-year-old man with hypertension and a 40-pack-year smoking history (quit 5 years ago) presents with a painless ulcer at the base of his first toe on his left foot.
2. He reports experiencing left leg pain at night that improves when his foot hangs off the bed.
3. The ulcer was discovered during routine foot care.
4. Physical examination reveals the following pulse findings:

| Right foot | |
| --- | --- |
| Femoral | 4+ |
| Popliteal | 3+ |
| Dorsalis Pedis | 2+ |
| Posterior Tibial | 1+ |
| Left foot | |
| Femoral | 4+ |
| Popliteal | 2+ |
| Dorsalis Pedis | 0 |
| Posterior Tibial | 0 |

Doppler examination shows decreased flow in the left posterior tibial artery and no detectable flow in the dorsalis pedis.","What is the primary underlying cause of the patient's toe ulcer?

A. An occlusion of the deep plantar artery  
B. Multiple small vessel disease of the foot  
C. An occlusion of the first dorsal metatarsal artery  
D. An occlusion of the lateral plantar artery  
E. Thrombosis of the deep femoral artery  
F. An occluded posterior tibial artery on the left foot  
G. An occlusion of the anterior tibial artery  
H. A stenosis of the common iliac artery  
I. A narrowing of the superficial femoral artery  
J. A stenosis of the popliteal artery bifurcation",G,High Relevance,High Relevance,Irrelevant,High Relevance,,,,,,,,,,,,,,,,,
ID0698,"### Step 1: Read excerpt

1. A 56-year-old female presents to the clinic for left-sided, dull, non-radiating pain in her chest for the past month.
2. This pain lasts a few minutes intermittently throughout the day.
3. She denies recent life changes or increased stress.
4. The patient has a past medical history of hyperlipidemia and hypertension.
5. Current medications include simvastatin and lisinopril.
6. Vital signs are relatively unchanged from her previous visit and reveal:




| Temperature | 37.3°C (99.1°F) |
| --- | --- |
| Blood pressure | 128/76 mm Hg |
| Heart rate | 68/min |
| Respiratory rate | 14/min |


The patient is alert and oriented, though has moderate discomfort with deep breaths.
7. Auscultation of the heart reveals regular rate and rhythm with no murmurs.
8. Auscultation of the lungs reveals clear breath sounds bilaterally.
9. There is sharp tenderness to palpation along the left sternocostal joints.
10. The rib cage moves symmetrically with exhalation; however, ribs 2–8 on the left are not as dynamic on inhalation.
11. A 12-lead electrocardiogram is unremarkable and unchanged from 3 months ago.
12. Plain radiograph of the chest is negative for fractures, cardiomegaly, and effusion.

### Step 2: Answer QA Details

This patient’s diagnosis is primarily caused by a restriction of motion about which axis?

A. Transverse axis  
B. Oblique axis  
C. Anteroposterior axis  
D. Superior-inferior axis  
E. Rotational axis  
F. Longitudinal axis  
G. Coronal axis  
H. Sagittal axis  
I. Mediolateral axis  
J. Vertical axis  

### Step 3: Determine sentence relevance

1. A 56-year-old female presents to the clinic for left-sided, dull, non-radiating pain in her chest for the past month.
2. This pain lasts a few minutes intermittently throughout the day.
3. She denies recent life changes or increased stress.
4. The patient has a past medical history of hyperlipidemia and hypertension.
5. Current medications include simvastatin and lisinopril.
6. Vital signs are relatively unchanged from her previous visit and reveal:




| Temperature | 37.3°C (99.1°F) |
| --- | --- |
| Blood pressure | 128/76 mm Hg |
| Heart rate | 68/min |
| Respiratory rate | 14/min |


The patient is alert and oriented, though has moderate discomfort with deep breaths.
7. Auscultation of the heart reveals regular rate and rhythm with no murmurs.
8. Auscultation of the lungs reveals clear breath sounds bilaterally.
9. There is sharp tenderness to palpation along the left sternocostal joints.
10. The rib cage moves symmetrically with exhalation; however, ribs 2–8 on the left are not as dynamic on inhalation.
11. A 12-lead electrocardiogram is unremarkable and unchanged from 3 months ago.
12. Plain radiograph of the chest is negative for fractures, cardiomegaly, and effusion.",6,A,medxpert,"1. A 56-year-old female presents to the clinic for left-sided, dull, non-radiating pain in her chest for the past month.
2. This pain lasts a few minutes intermittently throughout the day.
3. She denies recent life changes or increased stress.
4. The patient has a past medical history of hyperlipidemia and hypertension.
5. Current medications include simvastatin and lisinopril.
6. Vital signs are relatively unchanged from her previous visit and reveal:




| Temperature | 37.3°C (99.1°F) |
| --- | --- |
| Blood pressure | 128/76 mm Hg |
| Heart rate | 68/min |
| Respiratory rate | 14/min |


The patient is alert and oriented, though has moderate discomfort with deep breaths.
7. Auscultation of the heart reveals regular rate and rhythm with no murmurs.
8. Auscultation of the lungs reveals clear breath sounds bilaterally.
9. There is sharp tenderness to palpation along the left sternocostal joints.
10. The rib cage moves symmetrically with exhalation; however, ribs 2–8 on the left are not as dynamic on inhalation.
11. A 12-lead electrocardiogram is unremarkable and unchanged from 3 months ago.
12. Plain radiograph of the chest is negative for fractures, cardiomegaly, and effusion.","This patient’s diagnosis is primarily caused by a restriction of motion about which axis?

A. Transverse axis  
B. Oblique axis  
C. Anteroposterior axis  
D. Superior-inferior axis  
E. Rotational axis  
F. Longitudinal axis  
G. Coronal axis  
H. Sagittal axis  
I. Mediolateral axis  
J. Vertical axis",A,Low Relevance,Low Relevance,Irrelevant,Irrelevant,Irrelevant,Low Relevance,Low Relevance,Low Relevance,High Relevance,High Relevance,Low Relevance,Low Relevance,,,,,,,,,
ID0701,"**Step 1: Read excerpt**

1. A 55-year-old male driver arrives at the emergency department following a head-on collision.
2. While wearing a seatbelt, he experienced no head trauma or consciousness loss but reports current pain.
3. Initial trauma assessment reveals bilateral lower extremity weakness (3/5 strength), symmetrical sensory loss in the groin region, and reflexes showing absent Achilles but preserved patellar (2+).
4. A bladder scan shows 900 mL of retained urine with urinary retention.
5. The patient is scheduled for an urgent MRI.

**Step 2: Answer QA Details**

What is the most probable diagnosis?

A. Central cord syndrome  
B. Transverse myelitis  
C. Lumbar spinal stenosis  
D. Spinal epidural hematoma  
E. Anterior cord syndrome  
F. Brown-Séquard syndrome  
G. Cauda equina syndrome  
H. Conus medullaris syndrome  
I. Spinal cord infarction  
J. Sacral plexopathy  

**Step 3: Determine sentence relevance**

1. A 55-year-old male driver arrives at the emergency department following a head-on collision.
2. While wearing a seatbelt, he experienced no head trauma or consciousness loss but reports current pain.
3. Initial trauma assessment reveals bilateral lower extremity weakness (3/5 strength), symmetrical sensory loss in the groin region, and reflexes showing absent Achilles but preserved patellar (2+).
4. A bladder scan shows 900 mL of retained urine with urinary retention.
5. The patient is scheduled for an urgent MRI.",5,H,medxpert,"1. A 55-year-old male driver arrives at the emergency department following a head-on collision.
2. While wearing a seatbelt, he experienced no head trauma or consciousness loss but reports current pain.
3. Initial trauma assessment reveals bilateral lower extremity weakness (3/5 strength), symmetrical sensory loss in the groin region, and reflexes showing absent Achilles but preserved patellar (2+).
4. A bladder scan shows 900 mL of retained urine with urinary retention.
5. The patient is scheduled for an urgent MRI.","What is the most probable diagnosis?

A. Central cord syndrome  
B. Transverse myelitis  
C. Lumbar spinal stenosis  
D. Spinal epidural hematoma  
E. Anterior cord syndrome  
F. Brown-Séquard syndrome  
G. Cauda equina syndrome  
H. Conus medullaris syndrome  
I. Spinal cord infarction  
J. Sacral plexopathy",G,,,,,,,,,,,,,,,,,,,,,
ID0717,"### Step 1: Read excerpt
1. A recent clinical trial evaluated a novel biomedical device for treating congenital talipes equinovarus (club foot) in infants.
2. The study included 20 participants and found that the new device was significantly less effective than traditional serial casting (p < 0.001).
3. The authors noted that this result might be attributed to a single outlier case where the foot deformity remained uncorrected at study completion.

### Step 2: Answer QA Details
Among the following measures of central tendency and dispersion, which statistical measure would be least affected by outliers?

A. Standard Deviation  
B. Mode  
C. Variance  
D. Geometric Mean  
E. Mean  
F. Interquartile Range  
G. Standard deviation  
H. Root Mean Square  
I. Harmonic Mean  
J. Median  

### Step 3: Determine sentence relevance
1. A recent clinical trial evaluated a novel biomedical device for treating congenital talipes equinovarus (club foot) in infants.
2. The study included 20 participants and found that the new device was significantly less effective than traditional serial casting (p < 0.001).
3. The authors noted that this result might be attributed to a single outlier case where the foot deformity remained uncorrected at study completion.",3,B,medxpert,"1. A recent clinical trial evaluated a novel biomedical device for treating congenital talipes equinovarus (club foot) in infants.
2. The study included 20 participants and found that the new device was significantly less effective than traditional serial casting (p < 0.001).
3. The authors noted that this result might be attributed to a single outlier case where the foot deformity remained uncorrected at study completion.","Among the following measures of central tendency and dispersion, which statistical measure would be least affected by outliers?

A. Standard Deviation  
B. Mode  
C. Variance  
D. Geometric Mean  
E. Mean  
F. Interquartile Range  
G. Standard deviation  
H. Root Mean Square  
I. Harmonic Mean  
J. Median",J,,,,,,,,,,,,,,,,,,,,,
ID0732,"### Step 1: Read excerpt

1. A 2-month-old girl is brought to the pediatrician by her mother for a follow-up visit.
2. The patient was born at 29 weeks gestation to a G1P1 mother.
3. Her postnatal course was complicated by a prolonged neonatal intensive care unit stay for neonatal respiratory distress syndrome (NRDS).
4. Since discharge from the hospital, her mother reports that the patient has been doing well without health problems.
5. She has been gaining weight appropriately.
6. Her temperature is 98.6°F (37.0°C), blood pressure is 80/50 mmHg, pulse is 120/min, and respirations are 25/min.
7. The patient's mother asks the pediatrician about potentially delaying the 2-month vaccine doses due to the baby's medical history.

### Step 2: Answer QA Details

8. Which of the following is the correct vaccination plan for this infant in terms of the vaccinations below?

- Diphtheria, Tetanus, and acellular Pertussis - DTaP
- Hepatitis A - HAV
- Hepatitis B - HBV
- Haemophilus influenzae type B conjugate - HiB
- Pneumococcal conjugate - PCV 13

A. Delay all vaccines for 2 months due to the infant's history of NRDS  
B. Administer DTaP, HAV, HBV, HiB, PCV 13, poliovirus, and rotavirus vaccines  
C. Administer DTaP, HBV, HiB, PCV 13, poliovirus, and rotavirus vaccines  
D. Delay all vaccines for 2 months because the infant was born 2 months premature  

### Step 3: Determine sentence relevance

1. A 2-month-old girl is brought to the pediatrician by her mother for a follow-up visit.
2. The patient was born at 29 weeks gestation to a G1P1 mother.
3. Her postnatal course was complicated by a prolonged neonatal intensive care unit stay for neonatal respiratory distress syndrome (NRDS).
4. Since discharge from the hospital, her mother reports that the patient has been doing well without health problems.
5. She has been gaining weight appropriately.
6. Her temperature is 98.6°F (37.0°C), blood pressure is 80/50 mmHg, pulse is 120/min, and respirations are 25/min.
7. The patient's mother asks the pediatrician about potentially delaying the 2-month vaccine doses due to the baby's medical history.",8,C,medbullets,"1. A 2-month-old girl is brought to the pediatrician by her mother for a follow-up visit.
2. The patient was born at 29 weeks gestation to a G1P1 mother.
3. Her postnatal course was complicated by a prolonged neonatal intensive care unit stay for neonatal respiratory distress syndrome (NRDS).
4. Since discharge from the hospital, her mother reports that the patient has been doing well without health problems.
5. She has been gaining weight appropriately.
6. Her temperature is 98.6°F (37.0°C), blood pressure is 80/50 mmHg, pulse is 120/min, and respirations are 25/min.
7. The patient's mother asks the pediatrician about potentially delaying the 2-month vaccine doses due to the baby's medical history.","8. Which of the following is the correct vaccination plan for this infant in terms of the vaccinations below?

- Diphtheria, Tetanus, and acellular Pertussis - DTaP
- Hepatitis A - HAV
- Hepatitis B - HBV
- Haemophilus influenzae type B conjugate - HiB
- Pneumococcal conjugate - PCV 13

A. Delay all vaccines for 2 months due to the infant's history of NRDS  
B. Administer DTaP, HAV, HBV, HiB, PCV 13, poliovirus, and rotavirus vaccines  
C. Administer DTaP, HBV, HiB, PCV 13, poliovirus, and rotavirus vaccines  
D. Delay all vaccines for 2 months because the infant was born 2 months premature",C,High Relevance,High Relevance,High Relevance,Low Relevance,Low Relevance,Low Relevance,High Relevance,,,,,,,,,,,,,,
ID0737,"### Step 1: Read excerpt
1. A 27-year-old female presents with a generalized rash of 5 days' duration, accompanied by mild fever, headache, and muscle aches over the past month.
2. She has no significant medical history.
3. Her social history includes smoking one pack of cigarettes daily, weekend binge drinking, and occasional cocaine use.
4. Her vital signs are normal.
5. Physical findings include a widespread, symmetric, reddish-brown papular rash on her trunk, upper extremities, and palms, along with generalized non-tender lymphadenopathy.
6. She also exhibits patchy scalp alopecia and multiple flat, broad-based, wartlike papules in the anogenital region.
7. Both rapid plasma reagin and fluorescent treponemal antibody tests are positive.

### Step 2: Answer QA Details
After initiating appropriate treatment, what is the most appropriate next step in management?

A. Hepatitis B surface antigen test  
B. Dark-field microscopy  
C. Herpes simplex virus PCR  
D. Liver function tests  
E. CD4+ T-cell count  
F. HIV-1/HIV-2 differentiation immunoassay  
G. Cerebrospinal fluid analysis  
H. Complete blood count with differential  
I. Darkfield microscopy of lesions  
J. NAAT for C. trachomatis and N. gonorrhea  

### Step 3: Determine sentence relevance
1. A 27-year-old female presents with a generalized rash of 5 days' duration, accompanied by mild fever, headache, and muscle aches over the past month.
2. She has no significant medical history.
3. Her social history includes smoking one pack of cigarettes daily, weekend binge drinking, and occasional cocaine use.
4. Her vital signs are normal.
5. Physical findings include a widespread, symmetric, reddish-brown papular rash on her trunk, upper extremities, and palms, along with generalized non-tender lymphadenopathy.
6. She also exhibits patchy scalp alopecia and multiple flat, broad-based, wartlike papules in the anogenital region.
7. Both rapid plasma reagin and fluorescent treponemal antibody tests are positive.",7,J,medxpert,"1. A 27-year-old female presents with a generalized rash of 5 days' duration, accompanied by mild fever, headache, and muscle aches over the past month.
2. She has no significant medical history.
3. Her social history includes smoking one pack of cigarettes daily, weekend binge drinking, and occasional cocaine use.
4. Her vital signs are normal.
5. Physical findings include a widespread, symmetric, reddish-brown papular rash on her trunk, upper extremities, and palms, along with generalized non-tender lymphadenopathy.
6. She also exhibits patchy scalp alopecia and multiple flat, broad-based, wartlike papules in the anogenital region.
7. Both rapid plasma reagin and fluorescent treponemal antibody tests are positive.","After initiating appropriate treatment, what is the most appropriate next step in management?

A. Hepatitis B surface antigen test  
B. Dark-field microscopy  
C. Herpes simplex virus PCR  
D. Liver function tests  
E. CD4+ T-cell count  
F. HIV-1/HIV-2 differentiation immunoassay  
G. Cerebrospinal fluid analysis  
H. Complete blood count with differential  
I. Darkfield microscopy of lesions  
J. NAAT for C. trachomatis and N. gonorrhea",F,,,,,,,,,,,,,,,,,,,,,
ID0761,"**Step 1: Read excerpt**

1. A 37-year-old man arrives at the emergency department accompanied by his wife, reporting a 3-day history of severe pain in his right arm and inability to move it.  
2. The symptoms began after he woke up one morning having slept on his side.  
3. He is otherwise healthy but mentions feeling extremely fatigued from working multiple night shifts.  
4. He describes struggling to stay awake while caring for his daughter during the day.  
5. Since the onset of symptoms, he has been unable to work and is now fully reliant on his wife, who has taken on extra work to cover their expenses.  
6. The patient appears calm but only consents to examination after his wife persuades him.  
7. Vital signs are normal.  
8. On examination, he has 1/5 muscle strength in the right arm, normal reflexes, and no sensation to light touch across the right arm and forearm.  
9. However, he withdraws the arm quickly during a pinprick test.  

**Step 2: Answer QA Details**

Which of the following is the most likely diagnosis?

A. Munchausen syndrome  
B. Radiculopathy  
C. Neuropraxia  
D. Malingering  
E. Anxiety disorder  
F. Factitious disorder  
G. Psychogenic paresis  
H. Functional neurological symptom disorder  
I. Somatic symptom disorder  
J. Conversion disorder  

**Step 3: Determine sentence relevance**

1. A 37-year-old man arrives at the emergency department accompanied by his wife, reporting a 3-day history of severe pain in his right arm and inability to move it.  
2. The symptoms began after he woke up one morning having slept on his side.  
3. He is otherwise healthy but mentions feeling extremely fatigued from working multiple night shifts.  
4. He describes struggling to stay awake while caring for his daughter during the day.  
5. Since the onset of symptoms, he has been unable to work and is now fully reliant on his wife, who has taken on extra work to cover their expenses.  
6. The patient appears calm but only consents to examination after his wife persuades him.  
7. Vital signs are normal.  
8. On examination, he has 1/5 muscle strength in the right arm, normal reflexes, and no sensation to light touch across the right arm and forearm.  
9. However, he withdraws the arm quickly during a pinprick test.  ",9,D,medxpert,"1. A 37-year-old man arrives at the emergency department accompanied by his wife, reporting a 3-day history of severe pain in his right arm and inability to move it.  
2. The symptoms began after he woke up one morning having slept on his side.  
3. He is otherwise healthy but mentions feeling extremely fatigued from working multiple night shifts.  
4. He describes struggling to stay awake while caring for his daughter during the day.  
5. Since the onset of symptoms, he has been unable to work and is now fully reliant on his wife, who has taken on extra work to cover their expenses.  
6. The patient appears calm but only consents to examination after his wife persuades him.  
7. Vital signs are normal.  
8. On examination, he has 1/5 muscle strength in the right arm, normal reflexes, and no sensation to light touch across the right arm and forearm.  
9. However, he withdraws the arm quickly during a pinprick test.","Which of the following is the most likely diagnosis?

A. Munchausen syndrome  
B. Radiculopathy  
C. Neuropraxia  
D. Malingering  
E. Anxiety disorder  
F. Factitious disorder  
G. Psychogenic paresis  
H. Functional neurological symptom disorder  
I. Somatic symptom disorder  
J. Conversion disorder",H,High Relevance,Low Relevance,Low Relevance,Low Relevance,Low Relevance,Low Relevance,Low Relevance,High Relevance,High Relevance,,,,,,,,,,,,
ID0765,"### Step 1: Read excerpt

1. A 55-year-old woman with a history of poorly controlled hyperlipidemia and obesity visits her primary care physician for a routine follow-up.
2. She reports feeling well and has no complaints.
3. She is currently taking atorvastatin.
4. Her temperature is 99°F (37.2°C), blood pressure is 135/80 mmHg, pulse is 80/min, and respirations are 16/min.
5. Her BMI is 31 kg/m².
6. Laboratory results show a total cholesterol level of 290 mg/dl, triglycerides of 120 mg/dl, and LDL cholesterol of 215 mg/dl.
7. Her physician considers prescribing a medication that promotes cholesterol consumption by the liver for bile salt synthesis.

### Step 2: Answer QA Details

Which of the following adverse effects is this patient most likely to experience after starting the medication?

A. Hepatic steatosis  
B. Gallstones  
C. Acute pancreatitis  
D. Metabolic acidosis  
E. Hyperkalemia  
F. Renal insufficiency  
G. Gastrointestinal bleeding  
H. Facial flushing  
I. Vitamin K deficiency  
J. Fat malabsorption  

### Step 3: Determine sentence relevance

1. A 55-year-old woman with a history of poorly controlled hyperlipidemia and obesity visits her primary care physician for a routine follow-up.
2. She reports feeling well and has no complaints.
3. She is currently taking atorvastatin.
4. Her temperature is 99°F (37.2°C), blood pressure is 135/80 mmHg, pulse is 80/min, and respirations are 16/min.
5. Her BMI is 31 kg/m².
6. Laboratory results show a total cholesterol level of 290 mg/dl, triglycerides of 120 mg/dl, and LDL cholesterol of 215 mg/dl.
7. Her physician considers prescribing a medication that promotes cholesterol consumption by the liver for bile salt synthesis.",7,J,medxpert,"1. A 55-year-old woman with a history of poorly controlled hyperlipidemia and obesity visits her primary care physician for a routine follow-up.
2. She reports feeling well and has no complaints.
3. She is currently taking atorvastatin.
4. Her temperature is 99°F (37.2°C), blood pressure is 135/80 mmHg, pulse is 80/min, and respirations are 16/min.
5. Her BMI is 31 kg/m².
6. Laboratory results show a total cholesterol level of 290 mg/dl, triglycerides of 120 mg/dl, and LDL cholesterol of 215 mg/dl.
7. Her physician considers prescribing a medication that promotes cholesterol consumption by the liver for bile salt synthesis.","Which of the following adverse effects is this patient most likely to experience after starting the medication?

A. Hepatic steatosis  
B. Gallstones  
C. Acute pancreatitis  
D. Metabolic acidosis  
E. Hyperkalemia  
F. Renal insufficiency  
G. Gastrointestinal bleeding  
H. Facial flushing  
I. Vitamin K deficiency  
J. Fat malabsorption",J,,,,,,,,,,,,,,,,,,,,,
ID0770,"### Step 1: Read excerpt
1. A 27-year-old female with no prior medical history presents to the clinic with tightness in her neck.  
2. The patient states that she started feeling the tightness immediately after a stretching exercise yesterday.  
3. On initial exam, the patient is in no acute distress.  
4. There is decreased range of motion of the neck and increased hypertonicity in the paraspinal muscles on the right from C2–C7.  

### Step 2: Answer QA Details
What are the characteristics of motion at these spinal levels?  
A. Coupled movements occur only during extension  
B. Pure rotation occurs without associated sidebending  
C. Sidebending occurs with equal translation  
D. Sidebending is limited while rotation remains unrestricted  
E. Sidebending and rotation occur in the same direction.  
F. Rotation precedes sidebending in all movements  
G. Sidebending occurs independently of rotation  
H. Only flexion and extension occur in the specified levels.  
I. Sidebending and rotation occur in opposite directions.  
J. Rotation is limited to 45 degrees bilaterally  

### Step 3: Determine sentence relevance
1. A 27-year-old female with no prior medical history presents to the clinic with tightness in her neck.  
2. The patient states that she started feeling the tightness immediately after a stretching exercise yesterday.  
3. On initial exam, the patient is in no acute distress.  
4. There is decreased range of motion of the neck and increased hypertonicity in the paraspinal muscles on the right from C2–C7.  ",4,E,medxpert,"1. A 27-year-old female with no prior medical history presents to the clinic with tightness in her neck.  
2. The patient states that she started feeling the tightness immediately after a stretching exercise yesterday.  
3. On initial exam, the patient is in no acute distress.  
4. There is decreased range of motion of the neck and increased hypertonicity in the paraspinal muscles on the right from C2–C7.","What are the characteristics of motion at these spinal levels?  
A. Coupled movements occur only during extension  
B. Pure rotation occurs without associated sidebending  
C. Sidebending occurs with equal translation  
D. Sidebending is limited while rotation remains unrestricted  
E. Sidebending and rotation occur in the same direction.  
F. Rotation precedes sidebending in all movements  
G. Sidebending occurs independently of rotation  
H. Only flexion and extension occur in the specified levels.  
I. Sidebending and rotation occur in opposite directions.  
J. Rotation is limited to 45 degrees bilaterally",E,,,,,,,,,,,,,,,,,,,,,
ID0776,"**Step 1: Read excerpt**

1. A woman in her 30s presented with a 3-year history of painful nodules on her lower extremities, neck, and jawline.  
2. Her medical history included seasonal allergies, and she did not take any prescription medications.  
3. She felt well and denied weight loss, night sweats, and any other systemic symptoms.  
4. Physical examination revealed scattered skin-colored papules on the right neck, a solitary 8-mm skin-colored nodule on the right jawline, and three 2- to 3-cm pink firm nodules on the right thigh (Figure, A and B).  
5. A shave biopsy was obtained from the nodule on the right jawline (Figure, C), and the thigh nodules were excised.  

**Step 2: Answer QA Details**

What Is Your Diagnosis?

A: Neurofibromatosis type I  
B: Reed syndrome  
C: Birt-Hogg-Dube syndrome  
D: Tuberous sclerosis  

**Step 3: Determine sentence relevance**

1. A woman in her 30s presented with a 3-year history of painful nodules on her lower extremities, neck, and jawline.  
2. Her medical history included seasonal allergies, and she did not take any prescription medications.  
3. She felt well and denied weight loss, night sweats, and any other systemic symptoms.  
4. Physical examination revealed scattered skin-colored papules on the right neck, a solitary 8-mm skin-colored nodule on the right jawline, and three 2- to 3-cm pink firm nodules on the right thigh (Figure, A and B).  
5. A shave biopsy was obtained from the nodule on the right jawline (Figure, C), and the thigh nodules were excised.  ",5,B,jama,"1. A woman in her 30s presented with a 3-year history of painful nodules on her lower extremities, neck, and jawline.  
2. Her medical history included seasonal allergies, and she did not take any prescription medications.  
3. She felt well and denied weight loss, night sweats, and any other systemic symptoms.  
4. Physical examination revealed scattered skin-colored papules on the right neck, a solitary 8-mm skin-colored nodule on the right jawline, and three 2- to 3-cm pink firm nodules on the right thigh (Figure, A and B).  
5. A shave biopsy was obtained from the nodule on the right jawline (Figure, C), and the thigh nodules were excised.","What Is Your Diagnosis?

A: Neurofibromatosis type I  
B: Reed syndrome  
C: Birt-Hogg-Dube syndrome  
D: Tuberous sclerosis",B,,,,,,,,,,,,,,,,,,,,,
ID0778,"### Step 1: Read excerpt
1. A 79-year-old female presents for evaluation of a two-month history of nonproductive cough, fatigue, dyspnea on mild exertion, and a 4.5-kg weight loss.
2. Her medical history includes congestive heart failure, hypertension, a 47 pack-year smoking history, and 50 years of employment as a seamstress in a textile factory.
3. She recently traveled to India.
4. Current medications include enalapril, digoxin, isosorbide, spironolactone, and metoprolol.
5. Physical examination reveals a thin woman with dullness to percussion and decreased breath sounds at the right lung base.
6. Vital signs show temperature 37.0°C, pulse 90/min, respirations 25/min, blood pressure 110/70 mm Hg, and oxygen saturation 94% on room air.
7. Chest x-ray demonstrates right-sided nodular pleural lesions with moderate pleural effusion.

### Step 2: Answer QA Details
What is the most likely underlying cause of this patient's pleural effusion?

A. Pulmonary embolism with infarction  
B. Metastatic breast cancer  
C. Bacterial empyema  
D. Tuberculosis  
E. Rheumatoid pleuritis  
F. Asbestos-related benign pleural effusion  
G. Mesothelioma  
H. Bronchial adenocarcinoma  
I. Viral pleuritis  
J. Congestive heart failure-related transudate  

### Step 3: Determine sentence relevance
1. A 79-year-old female presents for evaluation of a two-month history of nonproductive cough, fatigue, dyspnea on mild exertion, and a 4.5-kg weight loss.
2. Her medical history includes congestive heart failure, hypertension, a 47 pack-year smoking history, and 50 years of employment as a seamstress in a textile factory.
3. She recently traveled to India.
4. Current medications include enalapril, digoxin, isosorbide, spironolactone, and metoprolol.
5. Physical examination reveals a thin woman with dullness to percussion and decreased breath sounds at the right lung base.
6. Vital signs show temperature 37.0°C, pulse 90/min, respirations 25/min, blood pressure 110/70 mm Hg, and oxygen saturation 94% on room air.
7. Chest x-ray demonstrates right-sided nodular pleural lesions with moderate pleural effusion.",7,G,medxpert,"1. A 79-year-old female presents for evaluation of a two-month history of nonproductive cough, fatigue, dyspnea on mild exertion, and a 4.5-kg weight loss.
2. Her medical history includes congestive heart failure, hypertension, a 47 pack-year smoking history, and 50 years of employment as a seamstress in a textile factory.
3. She recently traveled to India.
4. Current medications include enalapril, digoxin, isosorbide, spironolactone, and metoprolol.
5. Physical examination reveals a thin woman with dullness to percussion and decreased breath sounds at the right lung base.
6. Vital signs show temperature 37.0°C, pulse 90/min, respirations 25/min, blood pressure 110/70 mm Hg, and oxygen saturation 94% on room air.
7. Chest x-ray demonstrates right-sided nodular pleural lesions with moderate pleural effusion.","What is the most likely underlying cause of this patient's pleural effusion?

A. Pulmonary embolism with infarction  
B. Metastatic breast cancer  
C. Bacterial empyema  
D. Tuberculosis  
E. Rheumatoid pleuritis  
F. Asbestos-related benign pleural effusion  
G. Mesothelioma  
H. Bronchial adenocarcinoma  
I. Viral pleuritis  
J. Congestive heart failure-related transudate",G,,,,,,,,,,,,,,,,,,,,,
ID0792,"### Step 1: Read excerpt
1. A 39-year-old female patient seeks a general health evaluation at her primary care physician's office after a 20-year absence from medical care.
2. She reports good health during this period and mentions having breast implant surgery at age 28 without complications.
3. She has no family history of breast cancer but expresses concern about breast cancer risk due to a friend's recent diagnosis.
4. Her vital signs show: temperature 97.0°F (36.1°C), blood pressure 114/64 mmHg, pulse 70/min, respirations 12/min, and oxygen saturation 98% on room air.
5. Physical examination reveals no abnormalities.

### Step 2: Answer QA Details
What is the most appropriate breast cancer screening approach for this patient?

A. Annual mammography beginning immediately  
B. Biopsy of breast tissue  
C. Genetic testing for BRCA mutations  
D. Mammography with tomosynthesis  
E. Sentinel node biopsy  
F. MRI of the breasts  
G. Breast ultrasound  
H. Screening mammography starting at age 50  
I. No intervention indicated at this time  
J. Mammography  

### Step 3: Determine sentence relevance
1. A 39-year-old female patient seeks a general health evaluation at her primary care physician's office after a 20-year absence from medical care.
2. She reports good health during this period and mentions having breast implant surgery at age 28 without complications.
3. She has no family history of breast cancer but expresses concern about breast cancer risk due to a friend's recent diagnosis.
4. Her vital signs show: temperature 97.0°F (36.1°C), blood pressure 114/64 mmHg, pulse 70/min, respirations 12/min, and oxygen saturation 98% on room air.
5. Physical examination reveals no abnormalities.",5,I,medxpert,"1. A 39-year-old female patient seeks a general health evaluation at her primary care physician's office after a 20-year absence from medical care.
2. She reports good health during this period and mentions having breast implant surgery at age 28 without complications.
3. She has no family history of breast cancer but expresses concern about breast cancer risk due to a friend's recent diagnosis.
4. Her vital signs show: temperature 97.0°F (36.1°C), blood pressure 114/64 mmHg, pulse 70/min, respirations 12/min, and oxygen saturation 98% on room air.
5. Physical examination reveals no abnormalities.","What is the most appropriate breast cancer screening approach for this patient?

A. Annual mammography beginning immediately  
B. Biopsy of breast tissue  
C. Genetic testing for BRCA mutations  
D. Mammography with tomosynthesis  
E. Sentinel node biopsy  
F. MRI of the breasts  
G. Breast ultrasound  
H. Screening mammography starting at age 50  
I. No intervention indicated at this time  
J. Mammography",I,High Relevance,Low Relevance,High Relevance,Irrelevant,Irrelevant,,,,,,,,,,,,,,,,
ID0798,"**Step 1: Read excerpt**

1. A 6-month-old boy is brought to the pediatrician due to apparent hearing impairment since birth.
2. The family recently immigrated from a region with limited healthcare access.
3. Clinical examination reveals unresponsiveness to ambient sounds and a cardiac murmur.
4. The mother's history indicates that during her first trimester (week 10), she experienced an illness characterized by fever, rash, eye pain, and sore throat.
5. Viral culture from the infant's nasopharyngeal swab is positive for rubella virus.
6. Echocardiography confirms patent ductus arteriosus (PDA) along with another cardiac abnormality.

**Step 2: Answer QA Details**

In the context of congenital rubella syndrome, which cardiac defect most frequently occurs in conjunction with PDA?

A. Ebstein anomaly  
B. Coarctation of aorta  
C. Ventricular septal defect  
D. Coronary artery fistula  
E. Tricuspid atresia  
F. Atrial septal defect  
G. Atrio-ventricular canal defect  
H. Pulmonary artery stenosis  
I. Hypoplastic left heart syndrome  
J. Tetralogy of Fallot  

**Step 3: Determine sentence relevance**

1. A 6-month-old boy is brought to the pediatrician due to apparent hearing impairment since birth.
2. The family recently immigrated from a region with limited healthcare access.
3. Clinical examination reveals unresponsiveness to ambient sounds and a cardiac murmur.
4. The mother's history indicates that during her first trimester (week 10), she experienced an illness characterized by fever, rash, eye pain, and sore throat.
5. Viral culture from the infant's nasopharyngeal swab is positive for rubella virus.
6. Echocardiography confirms patent ductus arteriosus (PDA) along with another cardiac abnormality.",6,H,medxpert,"1. A 6-month-old boy is brought to the pediatrician due to apparent hearing impairment since birth.
2. The family recently immigrated from a region with limited healthcare access.
3. Clinical examination reveals unresponsiveness to ambient sounds and a cardiac murmur.
4. The mother's history indicates that during her first trimester (week 10), she experienced an illness characterized by fever, rash, eye pain, and sore throat.
5. Viral culture from the infant's nasopharyngeal swab is positive for rubella virus.
6. Echocardiography confirms patent ductus arteriosus (PDA) along with another cardiac abnormality.","In the context of congenital rubella syndrome, which cardiac defect most frequently occurs in conjunction with PDA?

A. Ebstein anomaly  
B. Coarctation of aorta  
C. Ventricular septal defect  
D. Coronary artery fistula  
E. Tricuspid atresia  
F. Atrial septal defect  
G. Atrio-ventricular canal defect  
H. Pulmonary artery stenosis  
I. Hypoplastic left heart syndrome  
J. Tetralogy of Fallot",H,Low Relevance,Irrelevant,Low Relevance,High Relevance,High Relevance,High Relevance,,,,,,,,,,,,,,,
ID0805,"### Step 1: Read excerpt
1. A 52-year-old male patient returns for a follow-up visit.
2. Six weeks ago, he was hospitalized for a pulmonary abscess in the peripheral region of the left lower lung lobe and underwent transthoracic tube drainage.
3. He has no history of smoking or illicit drug use.
4. A chest x-ray now reveals peripheral opacification of the left lower lobe due to residual scar tissue.
5. The patient expresses concern about potential long-term complications related to the lung scar.

### Step 2: Answer QA Details
Which type of pulmonary malignancy, arising from this scar, is most likely to develop in this patient?

A. Small round blue cells  
B. Lymphocyte-derived cells  
C. Pleomorphic giant cells  
D. Alveolar macrophage-derived cells  
E. Bronchiolar epithelial cells  
F. Neuroendocrine cells  
G. Squamous tumor cells  
H. Undifferentiated basal cells  
I. Spindle-shaped mesenchymal cells  
J. Glandular tumor cells  

### Step 3: Determine sentence relevance
1. A 52-year-old male patient returns for a follow-up visit.
2. Six weeks ago, he was hospitalized for a pulmonary abscess in the peripheral region of the left lower lung lobe and underwent transthoracic tube drainage.
3. He has no history of smoking or illicit drug use.
4. A chest x-ray now reveals peripheral opacification of the left lower lobe due to residual scar tissue.
5. The patient expresses concern about potential long-term complications related to the lung scar.",5,J,medxpert,"1. A 52-year-old male patient returns for a follow-up visit.
2. Six weeks ago, he was hospitalized for a pulmonary abscess in the peripheral region of the left lower lung lobe and underwent transthoracic tube drainage.
3. He has no history of smoking or illicit drug use.
4. A chest x-ray now reveals peripheral opacification of the left lower lobe due to residual scar tissue.
5. The patient expresses concern about potential long-term complications related to the lung scar.","Which type of pulmonary malignancy, arising from this scar, is most likely to develop in this patient?

A. Small round blue cells  
B. Lymphocyte-derived cells  
C. Pleomorphic giant cells  
D. Alveolar macrophage-derived cells  
E. Bronchiolar epithelial cells  
F. Neuroendocrine cells  
G. Squamous tumor cells  
H. Undifferentiated basal cells  
I. Spindle-shaped mesenchymal cells  
J. Glandular tumor cells",J,,,,,,,,,,,,,,,,,,,,,
ID0815,"**Step 1: Read excerpt**

1. A 28-year-old nulliparous woman presents with amenorrhea for 2 months following discontinuation of oral contraceptive pills.  
2. She had her menarche at age 13 and maintained regular 28-30 day menstrual cycles until starting oral contraceptives at age 24.  
3. She stopped contraception 2 months ago while trying to conceive.  
4. Multiple home pregnancy tests have been negative.  
5. The patient denies any history of STIs, vaginal bleeding, discharge, spotting, or vasomotor symptoms.  
6. Physical examination reveals a BMI of 26 (height 165 cm, weight 72 kg) and facial acne.  
7. There is no evidence of acanthosis nigricans, skin tags, galactorrhea, or hirsutism.  
8. The remainder of her examination is unremarkable.  
9. An in-office qualitative urine pregnancy test is negative.  

**Step 2: Answer QA Details**

What is the most appropriate next step in evaluating this patient's condition?

A. Begin clomiphene citrate therapy  
B. Measure her serum human chorionic gonadotropin level  
C. Measure serum testosterone and DHEA-S levels  
D. Perform transvaginal ultrasound to evaluate ovarian structure  
E. Perform endometrial biopsy  
F. Order pelvic MRI to evaluate hypothalamic-pituitary anatomy  
G. Order thyroid function tests and prolactin level  
H. Measure her follicle-stimulating hormone and estradiol levels  
I. Continue to monitor her for one more month  
J. Start progesterone challenge test  

**Step 3: Determine sentence relevance**

1. A 28-year-old nulliparous woman presents with amenorrhea for 2 months following discontinuation of oral contraceptive pills.  
2. She had her menarche at age 13 and maintained regular 28-30 day menstrual cycles until starting oral contraceptives at age 24.  
3. She stopped contraception 2 months ago while trying to conceive.  
4. Multiple home pregnancy tests have been negative.  
5. The patient denies any history of STIs, vaginal bleeding, discharge, spotting, or vasomotor symptoms.  
6. Physical examination reveals a BMI of 26 (height 165 cm, weight 72 kg) and facial acne.  
7. There is no evidence of acanthosis nigricans, skin tags, galactorrhea, or hirsutism.  
8. The remainder of her examination is unremarkable.  
9. An in-office qualitative urine pregnancy test is negative.  ",9,I,medxpert,"1. A 28-year-old nulliparous woman presents with amenorrhea for 2 months following discontinuation of oral contraceptive pills.  
2. She had her menarche at age 13 and maintained regular 28-30 day menstrual cycles until starting oral contraceptives at age 24.  
3. She stopped contraception 2 months ago while trying to conceive.  
4. Multiple home pregnancy tests have been negative.  
5. The patient denies any history of STIs, vaginal bleeding, discharge, spotting, or vasomotor symptoms.  
6. Physical examination reveals a BMI of 26 (height 165 cm, weight 72 kg) and facial acne.  
7. There is no evidence of acanthosis nigricans, skin tags, galactorrhea, or hirsutism.  
8. The remainder of her examination is unremarkable.  
9. An in-office qualitative urine pregnancy test is negative.","What is the most appropriate next step in evaluating this patient's condition?

A. Begin clomiphene citrate therapy  
B. Measure her serum human chorionic gonadotropin level  
C. Measure serum testosterone and DHEA-S levels  
D. Perform transvaginal ultrasound to evaluate ovarian structure  
E. Perform endometrial biopsy  
F. Order pelvic MRI to evaluate hypothalamic-pituitary anatomy  
G. Order thyroid function tests and prolactin level  
H. Measure her follicle-stimulating hormone and estradiol levels  
I. Continue to monitor her for one more month  
J. Start progesterone challenge test",B,,,,,,,,,,,,,,,,,,,,,
ID0816,"**Step 1: Read excerpt**

1. A 33-year-old woman presents with a 2-year history of inability to conceive despite regular intercourse.  
2. She and her husband have no prior children.  
3. Her husband denies any history of chemotherapy, testicular trauma, or symptoms of hypogonadism, and his semen analysis is normal.  
4. The patient reports regular menstrual cycles occurring every 28 to 30 days and lasting 3 to 5 days.  
5. She has no significant medical history and follows a healthy lifestyle, including regular exercise and a balanced diet.  
6. Gynecologic examination reveals no abnormalities, and secondary sexual characteristics are normal.  
7. Her BMI is 26.  

**Step 2: Answer QA Details**

In addition to performing a hysterosalpingogram, which of the following diagnostic tests is most appropriate for this patient?

A. Anti-Müllerian hormone test  
B. Luteinizing hormone test  
C. Endometrial biopsy  
D. Antral follicle count via ultrasound  
E. Day-3 follicle-stimulating hormone test  
F. Antisperm antibody test  
G. Estradiol level test  
H. Testosterone and DHEA-S levels  
I. Thyroid-stimulating hormone and prolactin tests  
J. Inhibin B level test  

**Step 3: Determine sentence relevance**

1. A 33-year-old woman presents with a 2-year history of inability to conceive despite regular intercourse.  
2. She and her husband have no prior children.  
3. Her husband denies any history of chemotherapy, testicular trauma, or symptoms of hypogonadism, and his semen analysis is normal.  
4. The patient reports regular menstrual cycles occurring every 28 to 30 days and lasting 3 to 5 days.  
5. She has no significant medical history and follows a healthy lifestyle, including regular exercise and a balanced diet.  
6. Gynecologic examination reveals no abnormalities, and secondary sexual characteristics are normal.  
7. Her BMI is 26.  ",7,E,medxpert,"1. A 33-year-old woman presents with a 2-year history of inability to conceive despite regular intercourse.  
2. She and her husband have no prior children.  
3. Her husband denies any history of chemotherapy, testicular trauma, or symptoms of hypogonadism, and his semen analysis is normal.  
4. The patient reports regular menstrual cycles occurring every 28 to 30 days and lasting 3 to 5 days.  
5. She has no significant medical history and follows a healthy lifestyle, including regular exercise and a balanced diet.  
6. Gynecologic examination reveals no abnormalities, and secondary sexual characteristics are normal.  
7. Her BMI is 26.","In addition to performing a hysterosalpingogram, which of the following diagnostic tests is most appropriate for this patient?

A. Anti-Müllerian hormone test  
B. Luteinizing hormone test  
C. Endometrial biopsy  
D. Antral follicle count via ultrasound  
E. Day-3 follicle-stimulating hormone test  
F. Antisperm antibody test  
G. Estradiol level test  
H. Testosterone and DHEA-S levels  
I. Thyroid-stimulating hormone and prolactin tests  
J. Inhibin B level test",I,High Relevance,Low Relevance,High Relevance,High Relevance,Low Relevance,Low Relevance,Low Relevance,,,,,,,,,,,,,,
ID0880,"### Step 1: Read excerpt
1. A 31-year-old woman with a 2-year history of anorexia nervosa presents for follow-up.
2. She reports some improvement with cognitive-behavioral therapy (CBT) but continues to struggle with body image and fear of weight gain.
3. Over the past three weeks, she has noticed morning ankle swelling.
4. She also reports intermittent menstruation, with her last period occurring four months ago.
5. She denies suicidal ideations, smoking, alcohol use, or recreational drug use.
6. Her vital signs include a temperature of 37.0°C (98.6°F), pulse 55/min, blood pressure 100/69 mm Hg, and respiratory rate 18/min.
7. Her BMI is 17.1 kg/m², up from 16.9 kg/m² six months ago.
8. Physical examination reveals an irregular heart rhythm and 3+ pitting edema in both lower extremities.
9. ECG findings show multiple isolated premature ventricular contractions (PVCs) and a 10-second episode of bigeminy.

### Step 2: Answer QA Details
Which aspect of this patient’s presentation most strongly indicates the need for inpatient hospitalization?

A. Isolated premature ventricular contractions on ECG  
B. BMI of 17.1 kg/m2  
C. Fear of weight gain despite CBT progress  
D. History of intermittent menstruation  
E. Pitting edema without other systemic findings  
F. Lower extremity edema  
G. Recent weight gain  
H. History of anorexia nervosa  
I. Abnormal ECG  
J. Pulse of 55/min  

### Step 3: Determine sentence relevance
1. A 31-year-old woman with a 2-year history of anorexia nervosa presents for follow-up.
2. She reports some improvement with cognitive-behavioral therapy (CBT) but continues to struggle with body image and fear of weight gain.
3. Over the past three weeks, she has noticed morning ankle swelling.
4. She also reports intermittent menstruation, with her last period occurring four months ago.
5. She denies suicidal ideations, smoking, alcohol use, or recreational drug use.
6. Her vital signs include a temperature of 37.0°C (98.6°F), pulse 55/min, blood pressure 100/69 mm Hg, and respiratory rate 18/min.
7. Her BMI is 17.1 kg/m², up from 16.9 kg/m² six months ago.
8. Physical examination reveals an irregular heart rhythm and 3+ pitting edema in both lower extremities.
9. ECG findings show multiple isolated premature ventricular contractions (PVCs) and a 10-second episode of bigeminy.",9,F,medxpert,"1. A 31-year-old woman with a 2-year history of anorexia nervosa presents for follow-up.
2. She reports some improvement with cognitive-behavioral therapy (CBT) but continues to struggle with body image and fear of weight gain.
3. Over the past three weeks, she has noticed morning ankle swelling.
4. She also reports intermittent menstruation, with her last period occurring four months ago.
5. She denies suicidal ideations, smoking, alcohol use, or recreational drug use.
6. Her vital signs include a temperature of 37.0°C (98.6°F), pulse 55/min, blood pressure 100/69 mm Hg, and respiratory rate 18/min.
7. Her BMI is 17.1 kg/m², up from 16.9 kg/m² six months ago.
8. Physical examination reveals an irregular heart rhythm and 3+ pitting edema in both lower extremities.
9. ECG findings show multiple isolated premature ventricular contractions (PVCs) and a 10-second episode of bigeminy.","Which aspect of this patient’s presentation most strongly indicates the need for inpatient hospitalization?

A. Isolated premature ventricular contractions on ECG  
B. BMI of 17.1 kg/m2  
C. Fear of weight gain despite CBT progress  
D. History of intermittent menstruation  
E. Pitting edema without other systemic findings  
F. Lower extremity edema  
G. Recent weight gain  
H. History of anorexia nervosa  
I. Abnormal ECG  
J. Pulse of 55/min",I,,,,,,,,,,,,,,,,,,,,,
ID0902,"**Step 1: Read excerpt**

1. A 55-year-old female patient is evaluated for a 3-month history of difficulty walking.
2. She reports a lifelong history of recurrent left ankle sprains.
3. Her medical history includes hypertension, for which she is prescribed lisinopril.
4. Vital signs include a blood pressure of 136/90 mm Hg, heart rate of 88/min, respiratory rate of 14/min, and temperature of 37.6°C (99.7°F).
5. The patient is alert and oriented.
6. Cardiac auscultation reveals a grade 1/6 systolic murmur at the left sternal border, and her lungs are clear bilaterally.
7. Examination of the distal fibula shows external rotation of the talus.

**Step 2: Answer QA Details**

What is the most likely diagnosis for this patient?

A. Cuboid somatic dysfunction  
B. Medial tibial torsion  
C. Talus anterior somatic dysfunction  
D. Subtalar joint dysfunction  
E. Distal fibular fracture without displacement  
F. Posterior fibular head dysfunction  
G. Navicular somatic dysfunction  
H. Lateral tibial torsion  
I. Anterior fibular head dysfunction  
J. Plantar fascia strain  

**Step 3: Determine sentence relevance**

1. A 55-year-old female patient is evaluated for a 3-month history of difficulty walking.
2. She reports a lifelong history of recurrent left ankle sprains.
3. Her medical history includes hypertension, for which she is prescribed lisinopril.
4. Vital signs include a blood pressure of 136/90 mm Hg, heart rate of 88/min, respiratory rate of 14/min, and temperature of 37.6°C (99.7°F).
5. The patient is alert and oriented.
6. Cardiac auscultation reveals a grade 1/6 systolic murmur at the left sternal border, and her lungs are clear bilaterally.
7. Examination of the distal fibula shows external rotation of the talus.",7,I,medxpert,"1. A 55-year-old female patient is evaluated for a 3-month history of difficulty walking.
2. She reports a lifelong history of recurrent left ankle sprains.
3. Her medical history includes hypertension, for which she is prescribed lisinopril.
4. Vital signs include a blood pressure of 136/90 mm Hg, heart rate of 88/min, respiratory rate of 14/min, and temperature of 37.6°C (99.7°F).
5. The patient is alert and oriented.
6. Cardiac auscultation reveals a grade 1/6 systolic murmur at the left sternal border, and her lungs are clear bilaterally.
7. Examination of the distal fibula shows external rotation of the talus.","What is the most likely diagnosis for this patient?

A. Cuboid somatic dysfunction  
B. Medial tibial torsion  
C. Talus anterior somatic dysfunction  
D. Subtalar joint dysfunction  
E. Distal fibular fracture without displacement  
F. Posterior fibular head dysfunction  
G. Navicular somatic dysfunction  
H. Lateral tibial torsion  
I. Anterior fibular head dysfunction  
J. Plantar fascia strain",F,Low Relevance,Low Relevance,Irrelevant,Irrelevant,Irrelevant,Irrelevant,High Relevance,,,,,,,,,,,,,,
ID0905,"**Step 1: Read excerpt**

1. An African American woman in her early to mid-60s presented to the ophthalmology clinic with complaints of flashes and occasional floaters in her left eye for the past 2 weeks.  
2. She had been seen 7 months prior to presentation for a comprehensive eye evaluation.  
3. She was found to have a bilateral posterior vitreous detachment, and the results of her retinal examination at that time were normal.  
4. Her best-corrected vision was 20/20 OU, and the intraocular pressure in each eye was normal.  
5. An anterior segment examination of the left eye revealed trace keratic precipitates on the inferior cornea and 1+ cell.  
6. A posterior segment examination revealed 1+ vitreous cell.  
7. A photograph from a fundus examination is shown in Figure 1.  
8. The right eye was normal.  
9. Color fundus photograph of the left eye demonstrating notably clear media and whitish-yellow periarterial lesions.  
10. Observe, because her symptoms are likely from her prior posterior vitreous detachment Fluorescein angiography and workup for infectious and inflammatory etiologies Treat with oral prednisone 60 mg daily followed by a slow taper  

**Step 2: Answer QA Details**

What Would You Do Next?

A: Observe, because her symptoms are likely from her prior posterior vitreous detachment  
B: Cardiology consultation and workup for hypercoagulability  
C: Fluorescein angiography and workup for infectious and inflammatory etiologies  
D: Treat with oral prednisone 60 mg daily followed by a slow taper  

**Step 3: Determine sentence relevance**

1. An African American woman in her early to mid-60s presented to the ophthalmology clinic with complaints of flashes and occasional floaters in her left eye for the past 2 weeks.  
2. She had been seen 7 months prior to presentation for a comprehensive eye evaluation.  
3. She was found to have a bilateral posterior vitreous detachment, and the results of her retinal examination at that time were normal.  
4. Her best-corrected vision was 20/20 OU, and the intraocular pressure in each eye was normal.  
5. An anterior segment examination of the left eye revealed trace keratic precipitates on the inferior cornea and 1+ cell.  
6. A posterior segment examination revealed 1+ vitreous cell.  
7. A photograph from a fundus examination is shown in Figure 1.  
8. The right eye was normal.  
9. Color fundus photograph of the left eye demonstrating notably clear media and whitish-yellow periarterial lesions.  
10. Observe, because her symptoms are likely from her prior posterior vitreous detachment Fluorescein angiography and workup for infectious and inflammatory etiologies Treat with oral prednisone 60 mg daily followed by a slow taper  ",10,C,jama,"1. An African American woman in her early to mid-60s presented to the ophthalmology clinic with complaints of flashes and occasional floaters in her left eye for the past 2 weeks.  
2. She had been seen 7 months prior to presentation for a comprehensive eye evaluation.  
3. She was found to have a bilateral posterior vitreous detachment, and the results of her retinal examination at that time were normal.  
4. Her best-corrected vision was 20/20 OU, and the intraocular pressure in each eye was normal.  
5. An anterior segment examination of the left eye revealed trace keratic precipitates on the inferior cornea and 1+ cell.  
6. A posterior segment examination revealed 1+ vitreous cell.  
7. A photograph from a fundus examination is shown in Figure 1.  
8. The right eye was normal.  
9. Color fundus photograph of the left eye demonstrating notably clear media and whitish-yellow periarterial lesions.  
10. Observe, because her symptoms are likely from her prior posterior vitreous detachment Fluorescein angiography and workup for infectious and inflammatory etiologies Treat with oral prednisone 60 mg daily followed by a slow taper","What Would You Do Next?

A: Observe, because her symptoms are likely from her prior posterior vitreous detachment  
B: Cardiology consultation and workup for hypercoagulability  
C: Fluorescein angiography and workup for infectious and inflammatory etiologies  
D: Treat with oral prednisone 60 mg daily followed by a slow taper",C,,,,,,,,,,,,,,,,,,,,,
ID0922,"### Step 1: Read excerpt
1. A 5-year-old boy presents to the pediatrician for a well child visit.
2. He is meeting his developmental milestones and is in the 15th percentile for height and 70th percentile for weight.
3. His parents note that he fatigues easily and has trouble participating in sports.
4. They are concerned he is not getting enough sleep and state that sometimes they hear him snore.
5. The patient has a medical history of a supracondylar fracture of the humerus, which was appropriately treated.
6. He is doing well in school but is sometimes bullied for being small.
7. The patient eats a diet of milk, fruit, and some vegetables.
8. His temperature is 99.5°F (37.5°C), blood pressure is 90/48 mmHg, pulse is 100/min, respirations are 19/min, and oxygen saturation is 98% on room air.
9. On physical exam, the patient appears well.
10. HEENT exam is notable for conjunctival pallor and a unilateral clear middle ear effusion.
11. Cardiac exam reveals a benign flow murmur.
12. Pulmonary exam is clear to auscultation bilaterally.
13. The patient's gait is stable and he is able to jump up and down.
14. A full set of labs are ordered as requested by the parents including a serum vitamin D level, B12 level, and IGF level.

### Step 2: Answer QA Details
Which of the following would be found in this patient?

A. Decreased total iron binding capacity with normal ferritin  
B. Normal RDW with decreased serum iron  
C. Elevated reticulocyte count with normal iron studies  
D. Increased MCV  
E. Decreased oxygen saturation when the patient sleeps  
F. Decreased serum ferritin with normal transferrin saturation  
G. Decreased insulin-like growth factor levels  
H. Increased serum hepcidin levels  
I. Increased RDW and TIBC  
J. Microcytic anemia with normal iron studies  

### Step 3: Determine sentence relevance
1. A 5-year-old boy presents to the pediatrician for a well child visit.
2. He is meeting his developmental milestones and is in the 15th percentile for height and 70th percentile for weight.
3. His parents note that he fatigues easily and has trouble participating in sports.
4. They are concerned he is not getting enough sleep and state that sometimes they hear him snore.
5. The patient has a medical history of a supracondylar fracture of the humerus, which was appropriately treated.
6. He is doing well in school but is sometimes bullied for being small.
7. The patient eats a diet of milk, fruit, and some vegetables.
8. His temperature is 99.5°F (37.5°C), blood pressure is 90/48 mmHg, pulse is 100/min, respirations are 19/min, and oxygen saturation is 98% on room air.
9. On physical exam, the patient appears well.
10. HEENT exam is notable for conjunctival pallor and a unilateral clear middle ear effusion.
11. Cardiac exam reveals a benign flow murmur.
12. Pulmonary exam is clear to auscultation bilaterally.
13. The patient's gait is stable and he is able to jump up and down.
14. A full set of labs are ordered as requested by the parents including a serum vitamin D level, B12 level, and IGF level.",14,I,medxpert,"1. A 5-year-old boy presents to the pediatrician for a well child visit.
2. He is meeting his developmental milestones and is in the 15th percentile for height and 70th percentile for weight.
3. His parents note that he fatigues easily and has trouble participating in sports.
4. They are concerned he is not getting enough sleep and state that sometimes they hear him snore.
5. The patient has a medical history of a supracondylar fracture of the humerus, which was appropriately treated.
6. He is doing well in school but is sometimes bullied for being small.
7. The patient eats a diet of milk, fruit, and some vegetables.
8. His temperature is 99.5°F (37.5°C), blood pressure is 90/48 mmHg, pulse is 100/min, respirations are 19/min, and oxygen saturation is 98% on room air.
9. On physical exam, the patient appears well.
10. HEENT exam is notable for conjunctival pallor and a unilateral clear middle ear effusion.
11. Cardiac exam reveals a benign flow murmur.
12. Pulmonary exam is clear to auscultation bilaterally.
13. The patient's gait is stable and he is able to jump up and down.
14. A full set of labs are ordered as requested by the parents including a serum vitamin D level, B12 level, and IGF level.","Which of the following would be found in this patient?

A. Decreased total iron binding capacity with normal ferritin  
B. Normal RDW with decreased serum iron  
C. Elevated reticulocyte count with normal iron studies  
D. Increased MCV  
E. Decreased oxygen saturation when the patient sleeps  
F. Decreased serum ferritin with normal transferrin saturation  
G. Decreased insulin-like growth factor levels  
H. Increased serum hepcidin levels  
I. Increased RDW and TIBC  
J. Microcytic anemia with normal iron studies",I,,,,,,,,,,,,,,,,,,,,,
ID0934,"Step 1: Read excerpt

1. A 19-year-old college student presents with a one-week history of fever, malaise, and severe headache accompanied by nausea.
2. She developed a rash four days ago and reports hiking in North Carolina two weeks prior.
3. She is sexually active with inconsistent barrier contraception use and lives in university housing.
4. Her vital signs show a temperature of 100.8°F (38.2°C), blood pressure 130/90 mmHg, pulse 86/min, and respirations 18/min.
5. Physical examination reveals an alert patient with conjunctival erythema, negative meningeal signs, and a bilateral blanching, macular, erythematous rash with petechiae on wrists and ankles.

Step 2: Answer QA Details

What is the most appropriate treatment for this condition?

A. Ceftriaxone  
B. Penicillin G  
C. Ampicillin  
D. Intravenous immunoglobulin  
E. Acyclovir  
F. Vancomycin plus Piperacillin-Tazobactam  
G. Doxycycline  
H. Ciprofloxacin  
I. Rifampin  
J. Azithromycin  

Step 3: Determine sentence relevance

1. A 19-year-old college student presents with a one-week history of fever, malaise, and severe headache accompanied by nausea.
2. She developed a rash four days ago and reports hiking in North Carolina two weeks prior.
3. She is sexually active with inconsistent barrier contraception use and lives in university housing.
4. Her vital signs show a temperature of 100.8°F (38.2°C), blood pressure 130/90 mmHg, pulse 86/min, and respirations 18/min.
5. Physical examination reveals an alert patient with conjunctival erythema, negative meningeal signs, and a bilateral blanching, macular, erythematous rash with petechiae on wrists and ankles.",5,G,medxpert,"1. A 19-year-old college student presents with a one-week history of fever, malaise, and severe headache accompanied by nausea.
2. She developed a rash four days ago and reports hiking in North Carolina two weeks prior.
3. She is sexually active with inconsistent barrier contraception use and lives in university housing.
4. Her vital signs show a temperature of 100.8°F (38.2°C), blood pressure 130/90 mmHg, pulse 86/min, and respirations 18/min.
5. Physical examination reveals an alert patient with conjunctival erythema, negative meningeal signs, and a bilateral blanching, macular, erythematous rash with petechiae on wrists and ankles.","What is the most appropriate treatment for this condition?

A. Ceftriaxone  
B. Penicillin G  
C. Ampicillin  
D. Intravenous immunoglobulin  
E. Acyclovir  
F. Vancomycin plus Piperacillin-Tazobactam  
G. Doxycycline  
H. Ciprofloxacin  
I. Rifampin  
J. Azithromycin",G,High Relevance,High Relevance,Irrelevant,Low Relevance,High Relevance,,,,,,,,,,,,,,,,
ID0941,"### Step 1: Read excerpt
1. A 16-month-old girl is brought to the emergency department after falling from a second-story window.
2. Emergency personnel found her unconscious with slow, irregular breathing and intubated her on the scene.
3. Upon arrival, her temperature is 37°C, heart rate is 72 beats per minute, blood pressure is 159/90 mm Hg, and oxygen saturation is 98% while intubated.
4. She remains unconscious, with ecchymosis noted behind the left ear and a visibly deformed distal left upper extremity.
5. Her pupils are unequal in size (right larger than left) and sluggish to react.
6. She is wearing a cervical collar for neck stabilization.
7. Lungs are clear bilaterally, her heart rate is regular, and her abdomen is soft, nontender, and nondistended with no signs of organomegaly.
8. A neurosurgical consultation has been initiated.

### Step 2: Answer QA Details
What is the most appropriate next step in management for this patient?

A. Perform immediate burr hole decompression  
B. Perform a lumbar puncture  
C. Obtain a CT scan of the head  
E. Administer a mannitol bolus  
F. Delay imaging until neurosurgical evaluation  
G. Initiate therapeutic hypothermia  
H. Administer anticonvulsant prophylaxis  
I. Administer hypertonic saline infusion  
J. Administer a bolus of IV corticosteroids  

### Step 3: Determine sentence relevance
1. A 16-month-old girl is brought to the emergency department after falling from a second-story window.
2. Emergency personnel found her unconscious with slow, irregular breathing and intubated her on the scene.
3. Upon arrival, her temperature is 37°C, heart rate is 72 beats per minute, blood pressure is 159/90 mm Hg, and oxygen saturation is 98% while intubated.
4. She remains unconscious, with ecchymosis noted behind the left ear and a visibly deformed distal left upper extremity.
5. Her pupils are unequal in size (right larger than left) and sluggish to react.
6. She is wearing a cervical collar for neck stabilization.
7. Lungs are clear bilaterally, her heart rate is regular, and her abdomen is soft, nontender, and nondistended with no signs of organomegaly.
8. A neurosurgical consultation has been initiated.",8,E,medxpert,"1. A 16-month-old girl is brought to the emergency department after falling from a second-story window.
2. Emergency personnel found her unconscious with slow, irregular breathing and intubated her on the scene.
3. Upon arrival, her temperature is 37°C, heart rate is 72 beats per minute, blood pressure is 159/90 mm Hg, and oxygen saturation is 98% while intubated.
4. She remains unconscious, with ecchymosis noted behind the left ear and a visibly deformed distal left upper extremity.
5. Her pupils are unequal in size (right larger than left) and sluggish to react.
6. She is wearing a cervical collar for neck stabilization.
7. Lungs are clear bilaterally, her heart rate is regular, and her abdomen is soft, nontender, and nondistended with no signs of organomegaly.
8. A neurosurgical consultation has been initiated.","What is the most appropriate next step in management for this patient?

A. Perform immediate burr hole decompression  
B. Perform a lumbar puncture  
C. Obtain a CT scan of the head  
E. Administer a mannitol bolus  
F. Delay imaging until neurosurgical evaluation  
G. Initiate therapeutic hypothermia  
H. Administer anticonvulsant prophylaxis  
I. Administer hypertonic saline infusion  
J. Administer a bolus of IV corticosteroids",I,High Relevance,High Relevance,High Relevance,Low Relevance,High Relevance,Irrelevant,Irrelevant,Low Relevance,,,,,,,,,,,,,
ID0942,"**Step 1: Read excerpt**

1. A 63-year-old male presents to the clinic with complaints of dysphagia and worsening ""heartburn"" over the past year.  
2. His medical history includes primary hypertension.  
3. On examination, his abdomen is mildly tender to palpation.  
4. Vital signs are: temperature 36.7°C (98.0°F), blood pressure 126/74 mm Hg, heart rate 74/min, and respiratory rate 14/min.  
5. Barium swallow fluoroscopy reveals a subdiaphragmatic gastroesophageal junction with herniation of the gastric fundus into the left hemithorax.  

**Step 2: Answer QA Details**

Which of the following is the most appropriate next step in managing this patient’s underlying condition?

A. Upper endoscopy with biopsy  
B. Lifestyle modification  
C. Calcium channel blocker therapy  
D. Omeprazole  
E. H2 receptor antagonist therapy  
F. Metoclopramide  
G. Laparoscopic Nissen fundoplication  
H. Surgical gastropexy  
I. Watchful waiting with annual follow-up  
J. Lifestyle modifications and weight loss  

**Step 3: Determine sentence relevance**

1. A 63-year-old male presents to the clinic with complaints of dysphagia and worsening ""heartburn"" over the past year.  
2. His medical history includes primary hypertension.  
3. On examination, his abdomen is mildly tender to palpation.  
4. Vital signs are: temperature 36.7°C (98.0°F), blood pressure 126/74 mm Hg, heart rate 74/min, and respiratory rate 14/min.  
5. Barium swallow fluoroscopy reveals a subdiaphragmatic gastroesophageal junction with herniation of the gastric fundus into the left hemithorax.  ",5,H,medxpert,"1. A 63-year-old male presents to the clinic with complaints of dysphagia and worsening ""heartburn"" over the past year.  
2. His medical history includes primary hypertension.  
3. On examination, his abdomen is mildly tender to palpation.  
4. Vital signs are: temperature 36.7°C (98.0°F), blood pressure 126/74 mm Hg, heart rate 74/min, and respiratory rate 14/min.  
5. Barium swallow fluoroscopy reveals a subdiaphragmatic gastroesophageal junction with herniation of the gastric fundus into the left hemithorax.","Which of the following is the most appropriate next step in managing this patient’s underlying condition?

A. Upper endoscopy with biopsy  
B. Lifestyle modification  
C. Calcium channel blocker therapy  
D. Omeprazole  
E. H2 receptor antagonist therapy  
F. Metoclopramide  
G. Laparoscopic Nissen fundoplication  
H. Surgical gastropexy  
I. Watchful waiting with annual follow-up  
J. Lifestyle modifications and weight loss",H,,,,,,,,,,,,,,,,,,,,,
ID0948,"**Step 1: Read excerpt**

1. A 29-year-old female presents with a 10-day history of upper back pain on the right side.  
2. She denies any recent trauma but mentions that her new job requires prolonged sitting.  
3. Her medical history includes intermittent tension headaches.  
4. Vital signs are normal.  
5. On physical examination, heart and lung sounds are normal, but there is localized tenderness over the right anterior rib cage and restricted sidebending of T1–T6 to the right.  
6. Ribs 2–5 on the right show poor elevation during inhalation but descend normally with exhalation.  

**Step 2: Answer QA Details**

Which muscle should be activated to address this patient's rib somatic dysfunction?

A. Levator scapulae  
B. Pectoralis minor  
C. Sternocleidomastoid  
D. Trapezius  
E. Rhomboid major  
F. Posterior scalene  
G. Intercostal muscles  
H. Serratus anterior  
I. External oblique  
J. Anterior scalene  

**Step 3: Determine sentence relevance**

1. A 29-year-old female presents with a 10-day history of upper back pain on the right side.  
2. She denies any recent trauma but mentions that her new job requires prolonged sitting.  
3. Her medical history includes intermittent tension headaches.  
4. Vital signs are normal.  
5. On physical examination, heart and lung sounds are normal, but there is localized tenderness over the right anterior rib cage and restricted sidebending of T1–T6 to the right.  
6. Ribs 2–5 on the right show poor elevation during inhalation but descend normally with exhalation.  ",6,F,medxpert,"1. A 29-year-old female presents with a 10-day history of upper back pain on the right side.  
2. She denies any recent trauma but mentions that her new job requires prolonged sitting.  
3. Her medical history includes intermittent tension headaches.  
4. Vital signs are normal.  
5. On physical examination, heart and lung sounds are normal, but there is localized tenderness over the right anterior rib cage and restricted sidebending of T1–T6 to the right.  
6. Ribs 2–5 on the right show poor elevation during inhalation but descend normally with exhalation.","Which muscle should be activated to address this patient's rib somatic dysfunction?

A. Levator scapulae  
B. Pectoralis minor  
C. Sternocleidomastoid  
D. Trapezius  
E. Rhomboid major  
F. Posterior scalene  
G. Intercostal muscles  
H. Serratus anterior  
I. External oblique  
J. Anterior scalene",F,,,,,,,,,,,,,,,,,,,,,
ID0957,"**Step 1: Read excerpt**

1. A male neonate, aged 2 weeks, is brought to primary care with symptoms of excessive sleepiness, feeding difficulties, and grunting.
2. The infant was delivered at home at approximately 38 weeks gestation without prenatal care.
3. Initially healthy, the infant's condition has gradually deteriorated since birth.
4. The mother, aged 30, reports no significant medical history, hereditary conditions, or drug use during pregnancy.
5. Current vital signs show: temperature 98.6 ºF, blood pressure 80/40 mmHg, heart rate 200/min, and respiratory rate 70/min.
6. Physical examination reveals nasal flaring, costosternal retractions, and perioral cyanosis.
7. Cardiac auscultation demonstrates a single S2 and a systolic ejection murmur.
8. The liver is enlarged on abdominal palpation, and all peripheral pulses are bounding.
9. Chest imaging shows an enlarged cardiac silhouette with increased pulmonary vasculature.

**Step 2: Answer QA Details**

What is the most likely underlying pathology in this case?

A. Tetralogy of Fallot  
B. Patent ductus arteriosus  
C. Double outlet right ventricle  
D. Hypoplastic left heart syndrome  
E. Ebstein anomaly  
F. Total anomalous pulmonary venous connection  
G. Tricuspid atresia  
H. Transposition of the great arteries  
I. Atrioventricular septal defect  
J. Truncus arteriosus  

**Step 3: Determine sentence relevance**

1. A male neonate, aged 2 weeks, is brought to primary care with symptoms of excessive sleepiness, feeding difficulties, and grunting.
2. The infant was delivered at home at approximately 38 weeks gestation without prenatal care.
3. Initially healthy, the infant's condition has gradually deteriorated since birth.
4. The mother, aged 30, reports no significant medical history, hereditary conditions, or drug use during pregnancy.
5. Current vital signs show: temperature 98.6 ºF, blood pressure 80/40 mmHg, heart rate 200/min, and respiratory rate 70/min.
6. Physical examination reveals nasal flaring, costosternal retractions, and perioral cyanosis.
7. Cardiac auscultation demonstrates a single S2 and a systolic ejection murmur.
8. The liver is enlarged on abdominal palpation, and all peripheral pulses are bounding.
9. Chest imaging shows an enlarged cardiac silhouette with increased pulmonary vasculature.",9,J,medxpert,"1. A male neonate, aged 2 weeks, is brought to primary care with symptoms of excessive sleepiness, feeding difficulties, and grunting.
2. The infant was delivered at home at approximately 38 weeks gestation without prenatal care.
3. Initially healthy, the infant's condition has gradually deteriorated since birth.
4. The mother, aged 30, reports no significant medical history, hereditary conditions, or drug use during pregnancy.
5. Current vital signs show: temperature 98.6 ºF, blood pressure 80/40 mmHg, heart rate 200/min, and respiratory rate 70/min.
6. Physical examination reveals nasal flaring, costosternal retractions, and perioral cyanosis.
7. Cardiac auscultation demonstrates a single S2 and a systolic ejection murmur.
8. The liver is enlarged on abdominal palpation, and all peripheral pulses are bounding.
9. Chest imaging shows an enlarged cardiac silhouette with increased pulmonary vasculature.","What is the most likely underlying pathology in this case?

A. Tetralogy of Fallot  
B. Patent ductus arteriosus  
C. Double outlet right ventricle  
D. Hypoplastic left heart syndrome  
E. Ebstein anomaly  
F. Total anomalous pulmonary venous connection  
G. Tricuspid atresia  
H. Transposition of the great arteries  
I. Atrioventricular septal defect  
J. Truncus arteriosus",J,,,,,,,,,,,,,,,,,,,,,
ID0965,"### Step 1: Read excerpt
1. A 24-year-old woman is brought to the emergency department by her co-workers after being found unconscious in her cubicle shortly after lunch.
2. They report that she has diabetes but are unaware of the specifics of her condition.
3. Her vital signs include a pulse of 110/min, respiratory rate of 24/min, temperature of 36.7°C (98°F), and blood pressure of 90/60 mm Hg.
4. On examination, she is breathing heavily and provides nonsensical responses to questions.
5. Her skin and mucous membranes are dry, and abdominal palpation reveals mild diffuse tenderness.
6. Deep tendon reflexes are 1+ bilaterally.
7. Laboratory results are as follows:

| **Finger-stick glucose** | **630 mg/dL** |
| --- | --- |
| **Arterial blood gas** | |
| pH | 7.1 |
| PO2 | 90 mm Hg |
| PCO2 | 33 mm Hg |
| HCO3 | 8 mEq/L |
| **Serum chemistry** | |
| Sodium | 135 mEq/L |
| Potassium | 3.1 mEq/L |
| Chloride | 136 mEq/L |
| Blood urea nitrogen | 20 mg/dL |
| Creatinine | 1.2 mg/dL |

| **Urinalysis** | |
| --- | --- |
| Glucose | Positive |
| Ketones | Positive |
| Leukocytes | Negative |
| Nitrite | Negative |
| RBCs | Negative |
| Casts | Negative |

The patient is started on an intravenous bolus of normal saline (0.9% NaCl).

### Step 2: Answer QA Details
What is the most appropriate next step in her management?

A. Administer sodium bicarbonate.  
B. Administer a diuretic to correct hyperglycemia.  
C. Administer dextrose 5% in water.  
D. Perform hemodialysis.  
E. Administer calcium gluconate.  
F. Replace potassium intravenously.  
G. Start IV 5% dextrose.  
H. Administer subcutaneous insulin.  
I. Start IV insulin infusion.  
J. Start continuous bicarbonate infusion.

### Step 3: Determine sentence relevance
1. A 24-year-old woman is brought to the emergency department by her co-workers after being found unconscious in her cubicle shortly after lunch.
2. They report that she has diabetes but are unaware of the specifics of her condition.
3. Her vital signs include a pulse of 110/min, respiratory rate of 24/min, temperature of 36.7°C (98°F), and blood pressure of 90/60 mm Hg.
4. On examination, she is breathing heavily and provides nonsensical responses to questions.
5. Her skin and mucous membranes are dry, and abdominal palpation reveals mild diffuse tenderness.
6. Deep tendon reflexes are 1+ bilaterally.
7. Laboratory results are as follows:

| **Finger-stick glucose** | **630 mg/dL** |
| --- | --- |
| **Arterial blood gas** | |
| pH | 7.1 |
| PO2 | 90 mm Hg |
| PCO2 | 33 mm Hg |
| HCO3 | 8 mEq/L |
| **Serum chemistry** | |
| Sodium | 135 mEq/L |
| Potassium | 3.1 mEq/L |
| Chloride | 136 mEq/L |
| Blood urea nitrogen | 20 mg/dL |
| Creatinine | 1.2 mg/dL |

| **Urinalysis** | |
| --- | --- |
| Glucose | Positive |
| Ketones | Positive |
| Leukocytes | Negative |
| Nitrite | Negative |
| RBCs | Negative |
| Casts | Negative |

The patient is started on an intravenous bolus of normal saline (0.9% NaCl).",7,F,medxpert,"1. A 24-year-old woman is brought to the emergency department by her co-workers after being found unconscious in her cubicle shortly after lunch.
2. They report that she has diabetes but are unaware of the specifics of her condition.
3. Her vital signs include a pulse of 110/min, respiratory rate of 24/min, temperature of 36.7°C (98°F), and blood pressure of 90/60 mm Hg.
4. On examination, she is breathing heavily and provides nonsensical responses to questions.
5. Her skin and mucous membranes are dry, and abdominal palpation reveals mild diffuse tenderness.
6. Deep tendon reflexes are 1+ bilaterally.
7. Laboratory results are as follows:

| **Finger-stick glucose** | **630 mg/dL** |
| --- | --- |
| **Arterial blood gas** | |
| pH | 7.1 |
| PO2 | 90 mm Hg |
| PCO2 | 33 mm Hg |
| HCO3 | 8 mEq/L |
| **Serum chemistry** | |
| Sodium | 135 mEq/L |
| Potassium | 3.1 mEq/L |
| Chloride | 136 mEq/L |
| Blood urea nitrogen | 20 mg/dL |
| Creatinine | 1.2 mg/dL |

| **Urinalysis** | |
| --- | --- |
| Glucose | Positive |
| Ketones | Positive |
| Leukocytes | Negative |
| Nitrite | Negative |
| RBCs | Negative |
| Casts | Negative |

The patient is started on an intravenous bolus of normal saline (0.9% NaCl).","What is the most appropriate next step in her management?

A. Administer sodium bicarbonate.  
B. Administer a diuretic to correct hyperglycemia.  
C. Administer dextrose 5% in water.  
D. Perform hemodialysis.  
E. Administer calcium gluconate.  
F. Replace potassium intravenously.  
G. Start IV 5% dextrose.  
H. Administer subcutaneous insulin.  
I. Start IV insulin infusion.  
J. Start continuous bicarbonate infusion.",F,,,,,,,,,,,,,,,,,,,,,
ID0979,"**Step 1: Read excerpt**

1. A 20-year-old male presents to the clinic six weeks after undergoing abdominal surgery for a gunshot wound, reporting diffuse, achy abdominal pain rated as 4/10.
2. He has been compliant with wound care and denies additional symptoms.
3. He has no significant past medical history and is not taking any medications.
4. Vital signs are normal.
5. Physical examination reveals a nearly healed surgical incision in the left upper quadrant without surrounding erythema or edema.
6. Structural examination identifies a hypertonic rectus abdominis muscle that is tender to palpation.
7. An anterior-superior iliac spine (ASIS) compression test is asymmetric, with the right ASIS inferior when supine and the left posterior-superior iliac spine (PSIS) inferior when prone.
8. The pubic symphysis is tender, with asymmetry of the pubic tubercles and a taut, tender left inguinal ligament.

**Step 2: Answer QA Details**

What is the most likely diagnosis?

A. Left posterior innominate rotation  
B. Left superior pubic shear  
C. Bilateral pubic compression  
D. Right anterior innominate rotation  
E. Right posterior innominate rotation  
F. Left inferior pubic shear  
G. Sacral torsion on a left oblique axis  
H. Right superior pubic shear  
I. Right inferior innominate shear  
J. Pubic symphysis compression  

**Step 3: Determine sentence relevance**

1. A 20-year-old male presents to the clinic six weeks after undergoing abdominal surgery for a gunshot wound, reporting diffuse, achy abdominal pain rated as 4/10.
2. He has been compliant with wound care and denies additional symptoms.
3. He has no significant past medical history and is not taking any medications.
4. Vital signs are normal.
5. Physical examination reveals a nearly healed surgical incision in the left upper quadrant without surrounding erythema or edema.
6. Structural examination identifies a hypertonic rectus abdominis muscle that is tender to palpation.
7. An anterior-superior iliac spine (ASIS) compression test is asymmetric, with the right ASIS inferior when supine and the left posterior-superior iliac spine (PSIS) inferior when prone.
8. The pubic symphysis is tender, with asymmetry of the pubic tubercles and a taut, tender left inguinal ligament.",8,B,medxpert,"1. A 20-year-old male presents to the clinic six weeks after undergoing abdominal surgery for a gunshot wound, reporting diffuse, achy abdominal pain rated as 4/10.
2. He has been compliant with wound care and denies additional symptoms.
3. He has no significant past medical history and is not taking any medications.
4. Vital signs are normal.
5. Physical examination reveals a nearly healed surgical incision in the left upper quadrant without surrounding erythema or edema.
6. Structural examination identifies a hypertonic rectus abdominis muscle that is tender to palpation.
7. An anterior-superior iliac spine (ASIS) compression test is asymmetric, with the right ASIS inferior when supine and the left posterior-superior iliac spine (PSIS) inferior when prone.
8. The pubic symphysis is tender, with asymmetry of the pubic tubercles and a taut, tender left inguinal ligament.","What is the most likely diagnosis?

A. Left posterior innominate rotation  
B. Left superior pubic shear  
C. Bilateral pubic compression  
D. Right anterior innominate rotation  
E. Right posterior innominate rotation  
F. Left inferior pubic shear  
G. Sacral torsion on a left oblique axis  
H. Right superior pubic shear  
I. Right inferior innominate shear  
J. Pubic symphysis compression",B,Low Relevance,Irrelevant,Irrelevant,Irrelevant,Low Relevance,High Relevance,High Relevance,High Relevance,,,,,,,,,,,,,
ID1006,"### Step 1: Read excerpt
1. A 57-year-old woman with non–insulin-dependent diabetes mellitus and no other medical history had worsening left-sided back pain over 4 months and no other symptoms.
2. Physical examination findings were significant for mild left flank pain, but there was no costovertebral angle tenderness.
3. Laboratory results were within normal limits.
4. Axial imaging demonstrated an exophytic, retroperitoneal mass with solid and cystic components involving the left kidney, posterior abdominal wall, and mesocolon (Figure 1).
5. The mass measured 20 cm in its greatest dimension.
6. Findings on colonoscopy and mammography were negative.
7. Positron emission tomography–computed tomography did not reveal any other abnormality.Coronal computed tomographic image showing a retroperitoneal mass with a cystic component and involvement of adjacent kidney and mesocolon.
8. Red arrowhead indicates descending colon; blue arrowhead, left kidney invaded by mass; and yellow arrowhead, retroperitoneal mass with cystic component.

### Step 2: Answer QA Details
What Is Your Diagnosis?

A: Lymphoma  
B: Malignant transformation of an enterogenous cyst  
C: Retroperitoneal sarcoma  
D: Primary neoplasm arising from the kidney  

### Step 3: Determine sentence relevance
1. A 57-year-old woman with non–insulin-dependent diabetes mellitus and no other medical history had worsening left-sided back pain over 4 months and no other symptoms.
2. Physical examination findings were significant for mild left flank pain, but there was no costovertebral angle tenderness.
3. Laboratory results were within normal limits.
4. Axial imaging demonstrated an exophytic, retroperitoneal mass with solid and cystic components involving the left kidney, posterior abdominal wall, and mesocolon (Figure 1).
5. The mass measured 20 cm in its greatest dimension.
6. Findings on colonoscopy and mammography were negative.
7. Positron emission tomography–computed tomography did not reveal any other abnormality.Coronal computed tomographic image showing a retroperitoneal mass with a cystic component and involvement of adjacent kidney and mesocolon.
8. Red arrowhead indicates descending colon; blue arrowhead, left kidney invaded by mass; and yellow arrowhead, retroperitoneal mass with cystic component.",8,B,jama,"1. A 57-year-old woman with non–insulin-dependent diabetes mellitus and no other medical history had worsening left-sided back pain over 4 months and no other symptoms.
2. Physical examination findings were significant for mild left flank pain, but there was no costovertebral angle tenderness.
3. Laboratory results were within normal limits.
4. Axial imaging demonstrated an exophytic, retroperitoneal mass with solid and cystic components involving the left kidney, posterior abdominal wall, and mesocolon (Figure 1).
5. The mass measured 20 cm in its greatest dimension.
6. Findings on colonoscopy and mammography were negative.
7. Positron emission tomography–computed tomography did not reveal any other abnormality.Coronal computed tomographic image showing a retroperitoneal mass with a cystic component and involvement of adjacent kidney and mesocolon.
8. Red arrowhead indicates descending colon; blue arrowhead, left kidney invaded by mass; and yellow arrowhead, retroperitoneal mass with cystic component.","What Is Your Diagnosis?

A: Lymphoma  
B: Malignant transformation of an enterogenous cyst  
C: Retroperitoneal sarcoma  
D: Primary neoplasm arising from the kidney",C,Low Relevance,Low Relevance,Irrelevant,High Relevance,Low Relevance,Irrelevant,High Relevance,High Relevance,,,,,,,,,,,,,
ID1020,"### Step 1: Read excerpt

1. A 70-year-old woman with an ocular history of primary open-angle glaucoma on latanoprost, bilateral trabeculectomies, and argon laser trabeculoplasties presented with several months of worsening vision in the left eye.  
2. On examination, her best-corrected distance visual acuity was 20/40 OD and 20/60 OS (baseline 20/40 OU).  
3. Pupils were equally round and reactive, without afferent pupillary defect.  
4. Findings of Amsler grid testing were notable for a small area of distortion inferiorly in the left eye.  
5. Intraocular pressures (IOPs) were 13 mm Hg in both eyes.  
6. Findings of anterior segment examination were unremarkable.  
7. Findings of dilated fundus examination were notable for cup-disc ratio of 0.9 in the right eye and 0.85 in the left eye with temporal thinning, stable from prior, and new intraretinal thickening in the left eye.  
8. Optical coherence tomography (OCT) imaging of the left eye revealed schiticlike separation of the outer plexiform and outer nuclear layers extending from the temporal edge of the optic nerve head to the fovea (Figure 1A), continuous with the peripapillary nerve sheath.  
9. Optical coherence tomography (OCT) of macula demonstrating schisislike separation involving fovea (A) and OCT of optic nerve head, with optic pit marked with an arrowhead (B).  

### Step 2: Answer QA Details

What Would You Do Next?

A: Pars plana vitrectomy  
B: Laser barricade  
C: Observation  
D: Genetic testing for the RS1 gene  

### Step 3: Determine sentence relevance

1. A 70-year-old woman with an ocular history of primary open-angle glaucoma on latanoprost, bilateral trabeculectomies, and argon laser trabeculoplasties presented with several months of worsening vision in the left eye.  
2. On examination, her best-corrected distance visual acuity was 20/40 OD and 20/60 OS (baseline 20/40 OU).  
3. Pupils were equally round and reactive, without afferent pupillary defect.  
4. Findings of Amsler grid testing were notable for a small area of distortion inferiorly in the left eye.  
5. Intraocular pressures (IOPs) were 13 mm Hg in both eyes.  
6. Findings of anterior segment examination were unremarkable.  
7. Findings of dilated fundus examination were notable for cup-disc ratio of 0.9 in the right eye and 0.85 in the left eye with temporal thinning, stable from prior, and new intraretinal thickening in the left eye.  
8. Optical coherence tomography (OCT) imaging of the left eye revealed schiticlike separation of the outer plexiform and outer nuclear layers extending from the temporal edge of the optic nerve head to the fovea (Figure 1A), continuous with the peripapillary nerve sheath.  
9. Optical coherence tomography (OCT) of macula demonstrating schisislike separation involving fovea (A) and OCT of optic nerve head, with optic pit marked with an arrowhead (B).  ",9,C,jama,"1. A 70-year-old woman with an ocular history of primary open-angle glaucoma on latanoprost, bilateral trabeculectomies, and argon laser trabeculoplasties presented with several months of worsening vision in the left eye.  
2. On examination, her best-corrected distance visual acuity was 20/40 OD and 20/60 OS (baseline 20/40 OU).  
3. Pupils were equally round and reactive, without afferent pupillary defect.  
4. Findings of Amsler grid testing were notable for a small area of distortion inferiorly in the left eye.  
5. Intraocular pressures (IOPs) were 13 mm Hg in both eyes.  
6. Findings of anterior segment examination were unremarkable.  
7. Findings of dilated fundus examination were notable for cup-disc ratio of 0.9 in the right eye and 0.85 in the left eye with temporal thinning, stable from prior, and new intraretinal thickening in the left eye.  
8. Optical coherence tomography (OCT) imaging of the left eye revealed schiticlike separation of the outer plexiform and outer nuclear layers extending from the temporal edge of the optic nerve head to the fovea (Figure 1A), continuous with the peripapillary nerve sheath.  
9. Optical coherence tomography (OCT) of macula demonstrating schisislike separation involving fovea (A) and OCT of optic nerve head, with optic pit marked with an arrowhead (B).","What Would You Do Next?

A: Pars plana vitrectomy  
B: Laser barricade  
C: Observation  
D: Genetic testing for the RS1 gene",A,,,,,,,,,,,,,,,,,,,,,
ID1031,"### Step 1: Read excerpt

1. A 37-year-old G1P0 woman at 37 weeks of gestation presents to the emergency department with complaints of headache and abdominal pain.  
2. She has a history of morbid obesity, diabetes, chronic kidney disease, hypertension, bipolar disorder, and malingering.  
3. She has been non-compliant with prenatal care, including medications for her hypertension and diabetes.  
4. The patient is demanding morphine and becomes aggressive when it is denied.  
5. Her vital signs are: temperature 98.2°F (36.8°C), blood pressure 157/105 mm Hg, pulse 82/min, respirations 12/min, and oxygen saturation 98% on room air.  
6. Initial laboratory findings are as follows:  
   - Hemoglobin: 12 g/dL  
   - Hematocrit: 36%  
   - Leukocyte count: 5,500/mm³ with normal differential  
   - Platelet count: 117,000/mm³  
   - Serum:  
     - Na⁺: 141 mEq/L  
     - Cl⁻: 101 mEq/L  
     - K⁺: 5.0 mEq/L  
     - HCO₃⁻: 23 mEq/L  
     - BUN: 29 mg/dL  
     - Glucose: 156 mg/dL  
     - Creatinine: 2.2 mg/dL (baseline 1.9 mg/dL)  
     - Ca²⁺: 9.8 mg/dL  
   - Urine:  
     - Color: Amber  
     - Protein: Positive  
     - Blood: Negative  
   The patient is admitted and treated appropriately, leading to resolution of her symptoms.  
7. While hospitalized, she becomes somnolent but can respond to questions when stimulated with a sternal rub.  
8. Neurological examination reveals intact cranial nerves II–XII, 1+ reflexes throughout, and preserved strength and sensation in all extremities.

### Step 2: Answer QA Details

What is the most appropriate next step in management?

A. Urgent neuroimaging  
B. Psychiatric consultation  
C. Emergency caesarean section  
D. Dialysis initiation  
E. Continuous fetal monitoring  
F. Immediate intubation  
G. Calcium  
H. Naloxone administration  
I. Labetalol infusion  
J. Magnesium  

### Step 3: Determine sentence relevance

1. A 37-year-old G1P0 woman at 37 weeks of gestation presents to the emergency department with complaints of headache and abdominal pain.  
2. She has a history of morbid obesity, diabetes, chronic kidney disease, hypertension, bipolar disorder, and malingering.  
3. She has been non-compliant with prenatal care, including medications for her hypertension and diabetes.  
4. The patient is demanding morphine and becomes aggressive when it is denied.  
5. Her vital signs are: temperature 98.2°F (36.8°C), blood pressure 157/105 mm Hg, pulse 82/min, respirations 12/min, and oxygen saturation 98% on room air.  
6. Initial laboratory findings are as follows:  
   - Hemoglobin: 12 g/dL  
   - Hematocrit: 36%  
   - Leukocyte count: 5,500/mm³ with normal differential  
   - Platelet count: 117,000/mm³  
   - Serum:  
     - Na⁺: 141 mEq/L  
     - Cl⁻: 101 mEq/L  
     - K⁺: 5.0 mEq/L  
     - HCO₃⁻: 23 mEq/L  
     - BUN: 29 mg/dL  
     - Glucose: 156 mg/dL  
     - Creatinine: 2.2 mg/dL (baseline 1.9 mg/dL)  
     - Ca²⁺: 9.8 mg/dL  
   - Urine:  
     - Color: Amber  
     - Protein: Positive  
     - Blood: Negative  
   The patient is admitted and treated appropriately, leading to resolution of her symptoms.  
7. While hospitalized, she becomes somnolent but can respond to questions when stimulated with a sternal rub.  
8. Neurological examination reveals intact cranial nerves II–XII, 1+ reflexes throughout, and preserved strength and sensation in all extremities.",6,G,medxpert,"1. A 37-year-old G1P0 woman at 37 weeks of gestation presents to the emergency department with complaints of headache and abdominal pain.  
2. She has a history of morbid obesity, diabetes, chronic kidney disease, hypertension, bipolar disorder, and malingering.  
3. She has been non-compliant with prenatal care, including medications for her hypertension and diabetes.  
4. The patient is demanding morphine and becomes aggressive when it is denied.  
5. Her vital signs are: temperature 98.2°F (36.8°C), blood pressure 157/105 mm Hg, pulse 82/min, respirations 12/min, and oxygen saturation 98% on room air.  
6. Initial laboratory findings are as follows:  
   - Hemoglobin: 12 g/dL  
   - Hematocrit: 36%  
   - Leukocyte count: 5,500/mm³ with normal differential  
   - Platelet count: 117,000/mm³  
   - Serum:  
     - Na⁺: 141 mEq/L  
     - Cl⁻: 101 mEq/L  
     - K⁺: 5.0 mEq/L  
     - HCO₃⁻: 23 mEq/L  
     - BUN: 29 mg/dL  
     - Glucose: 156 mg/dL  
     - Creatinine: 2.2 mg/dL (baseline 1.9 mg/dL)  
     - Ca²⁺: 9.8 mg/dL  
   - Urine:  
     - Color: Amber  
     - Protein: Positive  
     - Blood: Negative  
   The patient is admitted and treated appropriately, leading to resolution of her symptoms.  
7. While hospitalized, she becomes somnolent but can respond to questions when stimulated with a sternal rub.  
8. Neurological examination reveals intact cranial nerves II–XII, 1+ reflexes throughout, and preserved strength and sensation in all extremities.","What is the most appropriate next step in management?

A. Urgent neuroimaging  
B. Psychiatric consultation  
C. Emergency caesarean section  
D. Dialysis initiation  
E. Continuous fetal monitoring  
F. Immediate intubation  
G. Calcium  
H. Naloxone administration  
I. Labetalol infusion  
J. Magnesium",G,Low Relevance,High Relevance,Irrelevant,Low Relevance,Low Relevance,High Relevance,High Relevance,High Relevance,,,,,,,,,,,,,
ID1068,"### Step 1: Read excerpt
1. A man in his 30s presented with painless swelling of the left upper limb and nodules on the left side of the chest and abdomen.
2. The lesions had started a month previously as red nodules on the left axilla, ipsilateral chest, and back.
3. Twenty days later, he developed edema in the left upper limb.
4. While being evaluated for the cutaneous lesions, the patient was diagnosed with AIDS and began antiretroviral therapy.
5. On examination, 6 erythematous, firm, subcutaneous nodules were present on the left side of the chest, abdomen, and left upper limb, varying in size from 2 × 2 cm to 4 × 4 cm (Figure, A).
6. There was diffuse erythema and edema on the left upper limb, leading to difficulty in limb movement (Figure, A).
7. Multiple dilated superficial vessels were present on the posterior aspect of the left arm and ipsilateral chest wall.
8. Left axillary lymph nodes were grossly enlarged, firm, nontender, and nonmatted, with the largest lymph node measuring 6 × 4 cm.
9. The patient’s CD4 cell count was 141/μL (to convert to ×109/L, multiply by 0.001), and his HIV load was 504 473 copies/mL.
10. A skin biopsy sample was obtained from the plaque and sent for histopathologic examination (Figure, B and C).
11. A, Multiple erythematous indurated plaques and nodules confined to the left side of the chest and abdomen with axillary lymphadenopathy and upper limb edema.
12. B, Skin biopsy sample showing infiltration with lymphoid cells and few histiocytes in the subcutaneous tissue (hematoxylin-eosin, original magnification ×400).
13. C, On immunohistochemical analysis, these cells showed nuclear positivity for c-Myc (c-Myc, original magnification ×400).

### Step 2: Answer QA Details
What Is Your Diagnosis?

A: Kaposi sarcoma  
B: Diffuse large B-cell lymphoma  
C: Burkitt lymphoma  
D: Leukemia cutis  

### Step 3: Determine sentence relevance
1. A man in his 30s presented with painless swelling of the left upper limb and nodules on the left side of the chest and abdomen.
2. The lesions had started a month previously as red nodules on the left axilla, ipsilateral chest, and back.
3. Twenty days later, he developed edema in the left upper limb.
4. While being evaluated for the cutaneous lesions, the patient was diagnosed with AIDS and began antiretroviral therapy.
5. On examination, 6 erythematous, firm, subcutaneous nodules were present on the left side of the chest, abdomen, and left upper limb, varying in size from 2 × 2 cm to 4 × 4 cm (Figure, A).
6. There was diffuse erythema and edema on the left upper limb, leading to difficulty in limb movement (Figure, A).
7. Multiple dilated superficial vessels were present on the posterior aspect of the left arm and ipsilateral chest wall.
8. Left axillary lymph nodes were grossly enlarged, firm, nontender, and nonmatted, with the largest lymph node measuring 6 × 4 cm.
9. The patient’s CD4 cell count was 141/μL (to convert to ×109/L, multiply by 0.001), and his HIV load was 504 473 copies/mL.
10. A skin biopsy sample was obtained from the plaque and sent for histopathologic examination (Figure, B and C).
11. A, Multiple erythematous indurated plaques and nodules confined to the left side of the chest and abdomen with axillary lymphadenopathy and upper limb edema.
12. B, Skin biopsy sample showing infiltration with lymphoid cells and few histiocytes in the subcutaneous tissue (hematoxylin-eosin, original magnification ×400).
13. C, On immunohistochemical analysis, these cells showed nuclear positivity for c-Myc (c-Myc, original magnification ×400).",13,C,jama,"1. A man in his 30s presented with painless swelling of the left upper limb and nodules on the left side of the chest and abdomen.
2. The lesions had started a month previously as red nodules on the left axilla, ipsilateral chest, and back.
3. Twenty days later, he developed edema in the left upper limb.
4. While being evaluated for the cutaneous lesions, the patient was diagnosed with AIDS and began antiretroviral therapy.
5. On examination, 6 erythematous, firm, subcutaneous nodules were present on the left side of the chest, abdomen, and left upper limb, varying in size from 2 × 2 cm to 4 × 4 cm (Figure, A).
6. There was diffuse erythema and edema on the left upper limb, leading to difficulty in limb movement (Figure, A).
7. Multiple dilated superficial vessels were present on the posterior aspect of the left arm and ipsilateral chest wall.
8. Left axillary lymph nodes were grossly enlarged, firm, nontender, and nonmatted, with the largest lymph node measuring 6 × 4 cm.
9. The patient’s CD4 cell count was 141/μL (to convert to ×109/L, multiply by 0.001), and his HIV load was 504 473 copies/mL.
10. A skin biopsy sample was obtained from the plaque and sent for histopathologic examination (Figure, B and C).
11. A, Multiple erythematous indurated plaques and nodules confined to the left side of the chest and abdomen with axillary lymphadenopathy and upper limb edema.
12. B, Skin biopsy sample showing infiltration with lymphoid cells and few histiocytes in the subcutaneous tissue (hematoxylin-eosin, original magnification ×400).
13. C, On immunohistochemical analysis, these cells showed nuclear positivity for c-Myc (c-Myc, original magnification ×400).","What Is Your Diagnosis?

A: Kaposi sarcoma  
B: Diffuse large B-cell lymphoma  
C: Burkitt lymphoma  
D: Leukemia cutis",C,Low Relevance,Low Relevance,Low Relevance,Low Relevance,Low Relevance,Low Relevance,Low Relevance,Low Relevance,Low Relevance,Irrelevant,Low Relevance,High Relevance,High Relevance,,,,,,,,
ID1073,"### Step 1: Read excerpt
1. A 64-year-old woman presented with diminution of vision, progressive redness, and dull aching pain in the right eye for 8 months.  
2. There was no history of trauma.  
3. Her medical history was unremarkable.  
4. On examination, her best-corrected visual acuity measured 20/60 OD and 20/25 OS.  
5. The anterior segment showed dilated corkscrew conjunctival vessels (Figure 1), a shallow anterior chamber in the right eye, and nuclear cataract in both eyes.  
6. Pupillary reaction and color vision were normal in both eyes.  
7. Intraocular pressure was 16 mm Hg by Goldman applanation tonometry in both eyes.  
8. Gonioscopy revealed an occludable angle in the right eye without evidence of blood in the Schlemm canal.  
9. Both eyes’ extraocular movements were full and free in all directions of gaze.  
10. Dilated fundus examination showed a clear vitreous cavity in the right eye, 360° serous choroidal detachment partly obscuring the optic disc nasally (Figure 1), and the fundus in the left eye was unremarkable.  
11. Slitlamp photograph of the right eye showing corkscrew episcleral vessels (A) and ultra-wide field imaging of the right eye showing a large choroidal detachment nasally and shallow detachment all around (B).  
12. Magnetic resonance imaging with magnetic resonance angiography or digital subtraction angiography  

### Step 2: Answer QA Details
What Would You Do Next?  
A: Ultrasound biomicroscopy  
B: Uveitis workup and steroids  
C: Thyroid profile  
D: Magnetic resonance imaging with magnetic resonance angiography or digital subtraction angiography  

### Step 3: Determine sentence relevance
1. A 64-year-old woman presented with diminution of vision, progressive redness, and dull aching pain in the right eye for 8 months.  
2. There was no history of trauma.  
3. Her medical history was unremarkable.  
4. On examination, her best-corrected visual acuity measured 20/60 OD and 20/25 OS.  
5. The anterior segment showed dilated corkscrew conjunctival vessels (Figure 1), a shallow anterior chamber in the right eye, and nuclear cataract in both eyes.  
6. Pupillary reaction and color vision were normal in both eyes.  
7. Intraocular pressure was 16 mm Hg by Goldman applanation tonometry in both eyes.  
8. Gonioscopy revealed an occludable angle in the right eye without evidence of blood in the Schlemm canal.  
9. Both eyes’ extraocular movements were full and free in all directions of gaze.  
10. Dilated fundus examination showed a clear vitreous cavity in the right eye, 360° serous choroidal detachment partly obscuring the optic disc nasally (Figure 1), and the fundus in the left eye was unremarkable.  
11. Slitlamp photograph of the right eye showing corkscrew episcleral vessels (A) and ultra-wide field imaging of the right eye showing a large choroidal detachment nasally and shallow detachment all around (B).  
12. Magnetic resonance imaging with magnetic resonance angiography or digital subtraction angiography  ",12,D,jama,"1. A 64-year-old woman presented with diminution of vision, progressive redness, and dull aching pain in the right eye for 8 months.  
2. There was no history of trauma.  
3. Her medical history was unremarkable.  
4. On examination, her best-corrected visual acuity measured 20/60 OD and 20/25 OS.  
5. The anterior segment showed dilated corkscrew conjunctival vessels (Figure 1), a shallow anterior chamber in the right eye, and nuclear cataract in both eyes.  
6. Pupillary reaction and color vision were normal in both eyes.  
7. Intraocular pressure was 16 mm Hg by Goldman applanation tonometry in both eyes.  
8. Gonioscopy revealed an occludable angle in the right eye without evidence of blood in the Schlemm canal.  
9. Both eyes’ extraocular movements were full and free in all directions of gaze.  
10. Dilated fundus examination showed a clear vitreous cavity in the right eye, 360° serous choroidal detachment partly obscuring the optic disc nasally (Figure 1), and the fundus in the left eye was unremarkable.  
11. Slitlamp photograph of the right eye showing corkscrew episcleral vessels (A) and ultra-wide field imaging of the right eye showing a large choroidal detachment nasally and shallow detachment all around (B).  
12. Magnetic resonance imaging with magnetic resonance angiography or digital subtraction angiography","What Would You Do Next?  
A: Ultrasound biomicroscopy  
B: Uveitis workup and steroids  
C: Thyroid profile  
D: Magnetic resonance imaging with magnetic resonance angiography or digital subtraction angiography",D,,,,,,,,,,,,,,,,,,,,,
ID1085,"### Step 1: Read excerpt
1. A 52-year-old male presents to the emergency department with sudden-onset shortness of breath and palpitations lasting 2 hours.
2. He works as a long-haul truck driver and recently completed a 1,000-mile (1,600 km) trip.
3. He has no significant medical history, takes no medications, and has no family history of clotting disorders.
4. Vital signs reveal a temperature of 36.7°C (98.0°F), heart rate of 88/min, respiratory rate of 24/min, blood pressure of 136/74 mm Hg, and oxygen saturation of 94% on room air.
5. Physical examination is notable only for minimal bibasilar rales.
6. A computed tomography pulmonary angiogram (CTPA) confirms a segmental pulmonary embolism (PE).

### Step 2: Answer QA Details
What is the most appropriate treatment for this patient?

A. Consult interventional radiologist for IVC filter placement  
B. IV heparin  
C. Inpatient admission for unfractionated heparin  
D. Outpatient anticoagulation with rivaroxaban  
E. Outpatient anticoagulation with warfarin and enoxaparin bridge  
F. Conservative management with aspirin therapy  
G. Outpatient anticoagulation with apixaban  
H. Immediate surgical thrombectomy  
J. Observation for 24 hours with serial troponin measurements  

### Step 3: Determine sentence relevance
1. A 52-year-old male presents to the emergency department with sudden-onset shortness of breath and palpitations lasting 2 hours.
2. He works as a long-haul truck driver and recently completed a 1,000-mile (1,600 km) trip.
3. He has no significant medical history, takes no medications, and has no family history of clotting disorders.
4. Vital signs reveal a temperature of 36.7°C (98.0°F), heart rate of 88/min, respiratory rate of 24/min, blood pressure of 136/74 mm Hg, and oxygen saturation of 94% on room air.
5. Physical examination is notable only for minimal bibasilar rales.
6. A computed tomography pulmonary angiogram (CTPA) confirms a segmental pulmonary embolism (PE).",6,D,medxpert,"1. A 52-year-old male presents to the emergency department with sudden-onset shortness of breath and palpitations lasting 2 hours.
2. He works as a long-haul truck driver and recently completed a 1,000-mile (1,600 km) trip.
3. He has no significant medical history, takes no medications, and has no family history of clotting disorders.
4. Vital signs reveal a temperature of 36.7°C (98.0°F), heart rate of 88/min, respiratory rate of 24/min, blood pressure of 136/74 mm Hg, and oxygen saturation of 94% on room air.
5. Physical examination is notable only for minimal bibasilar rales.
6. A computed tomography pulmonary angiogram (CTPA) confirms a segmental pulmonary embolism (PE).","What is the most appropriate treatment for this patient?

A. Consult interventional radiologist for IVC filter placement  
B. IV heparin  
C. Inpatient admission for unfractionated heparin  
D. Outpatient anticoagulation with rivaroxaban  
E. Outpatient anticoagulation with warfarin and enoxaparin bridge  
F. Conservative management with aspirin therapy  
G. Outpatient anticoagulation with apixaban  
H. Immediate surgical thrombectomy  
J. Observation for 24 hours with serial troponin measurements",G,Low Relevance,Low Relevance,Low Relevance,High Relevance,Low Relevance,High Relevance,,,,,,,,,,,,,,,
ID1123,"### Step 1: Read excerpt
1. A woman in her late 60s presented with progressive, painless blurring of vision in both eyes over the past 6 months.
2. Medical history was significant for Sjögren syndrome, for which she was taking hydroxychloroquine sulfate.
3. Ocular history was notable for neovascular age-related macular degeneration under good control with intravitreal injections in the right eye and intermediate dry age-related macular degeneration in the left eye.
4. Family history was negative for corneal disease.
5. On initial presentation to the clinic, the best-corrected visual acuity of the patient was 20/150 OD and 20/40 OS.
6. She was found to have bilateral, gray-white, irregular, poorly circumscribed, linear and nummular central and peripheral corneal opacities, confined primarily to the subepithelium and focally to the underlying anterior stroma (Figure 1A).
7. The epithelium itself and deeper corneal stroma were spared, and the remainder of her anterior segment and fundus examination results were within normal limits.
8. Anterior segment optical coherence tomography documented deposition of hyperreflective material in the subepithelium with trace deposition in the anterior stroma (Figure 1B).
9. Evaluation of the patient's children showed no evidence of corneal disease.
10. A, Right eye gray-white, irregular, linear and nummular central and peripheral corneal opacities.
11. The left eye had similar findings.
12. B, Hyperreflective deposits in the subepithelium (black arrowhead) with trace deposit in the anterior stroma (white arrowhead).

### Step 2: Answer QA Details
What Would You Do Next?

A: Begin oral acyclovir sodium  
B: Perform penetrating keratoplasty  
C: Initiate topical cyclosporine  
D: Perform superficial corneal biopsy  

### Step 3: Determine sentence relevance
1. A woman in her late 60s presented with progressive, painless blurring of vision in both eyes over the past 6 months.
2. Medical history was significant for Sjögren syndrome, for which she was taking hydroxychloroquine sulfate.
3. Ocular history was notable for neovascular age-related macular degeneration under good control with intravitreal injections in the right eye and intermediate dry age-related macular degeneration in the left eye.
4. Family history was negative for corneal disease.
5. On initial presentation to the clinic, the best-corrected visual acuity of the patient was 20/150 OD and 20/40 OS.
6. She was found to have bilateral, gray-white, irregular, poorly circumscribed, linear and nummular central and peripheral corneal opacities, confined primarily to the subepithelium and focally to the underlying anterior stroma (Figure 1A).
7. The epithelium itself and deeper corneal stroma were spared, and the remainder of her anterior segment and fundus examination results were within normal limits.
8. Anterior segment optical coherence tomography documented deposition of hyperreflective material in the subepithelium with trace deposition in the anterior stroma (Figure 1B).
9. Evaluation of the patient's children showed no evidence of corneal disease.
10. A, Right eye gray-white, irregular, linear and nummular central and peripheral corneal opacities.
11. The left eye had similar findings.
12. B, Hyperreflective deposits in the subepithelium (black arrowhead) with trace deposit in the anterior stroma (white arrowhead).",12,D,jama,"1. A woman in her late 60s presented with progressive, painless blurring of vision in both eyes over the past 6 months.
2. Medical history was significant for Sjögren syndrome, for which she was taking hydroxychloroquine sulfate.
3. Ocular history was notable for neovascular age-related macular degeneration under good control with intravitreal injections in the right eye and intermediate dry age-related macular degeneration in the left eye.
4. Family history was negative for corneal disease.
5. On initial presentation to the clinic, the best-corrected visual acuity of the patient was 20/150 OD and 20/40 OS.
6. She was found to have bilateral, gray-white, irregular, poorly circumscribed, linear and nummular central and peripheral corneal opacities, confined primarily to the subepithelium and focally to the underlying anterior stroma (Figure 1A).
7. The epithelium itself and deeper corneal stroma were spared, and the remainder of her anterior segment and fundus examination results were within normal limits.
8. Anterior segment optical coherence tomography documented deposition of hyperreflective material in the subepithelium with trace deposition in the anterior stroma (Figure 1B).
9. Evaluation of the patient's children showed no evidence of corneal disease.
10. A, Right eye gray-white, irregular, linear and nummular central and peripheral corneal opacities.
11. The left eye had similar findings.
12. B, Hyperreflective deposits in the subepithelium (black arrowhead) with trace deposit in the anterior stroma (white arrowhead).","What Would You Do Next?

A: Begin oral acyclovir sodium  
B: Perform penetrating keratoplasty  
C: Initiate topical cyclosporine  
D: Perform superficial corneal biopsy",D,Low Relevance,Low Relevance,Irrelevant,Low Relevance,Low Relevance,High Relevance,High Relevance,High Relevance,High Relevance,High Relevance,Low Relevance,High Relevance,,,,,,,,,
ID1141,"### Step 1: Read excerpt
1. A 46-year-old Thai immigrant presents to the hospital with persistent, sharp abdominal pain for the past 28 hours accompanied by multiple episodes of vomiting.  
2. Her medical history includes type II diabetes mellitus and hyperlipidemia, managed with atorvastatin and gemfibrozil.  
3. Physical examination reveals a temperature of 38.6°C (101.5°F), blood pressure of 119/72 mmHg, and pulse of 83/min.  
4. The patient exhibits right upper quadrant tenderness, scleral icterus, dry mucosal membranes, and delayed capillary refill.  
5. The abdomen is not distended.  
6. Given the laboratory findings below, which pathogen is the most likely cause of her condition?  
7. | **Laboratory Value** | **Result (U.S.  
8. conventional units)  Results (SI units)** | **Result (U.S.  
9. conventional units)  Results (SI units)** |  
| --- | --- | --- |  
| Hemoglobin | 13.5 g/dL | 135 g/L |  
| Leukocyte Count | 15,200/mm3 | 15.2\*109/L |  
| Neutrophils | 88% | 88% |  
| Eosinophils | 3% | 3% |  
| Lymphocytes | 7% | 7% |  
| Total Bilirubin | 5.1 mg/dL | 87.21 µmol/L |  
| Conjugated Bilirubin | 4.6 mg/dL | 78.66 µmol/L |  
| Aspartate Aminotransferase | 93 U/L | 93 U/L |  
| Alanine Aminotransferase | 85 U/L | 85 U/L |  
| Lipase\* | 38 U/L | 38 U/L |  

### Step 2: Answer QA Details
Given the laboratory findings below, which pathogen is the most likely cause of her condition?  
A. *Enterococcus faecalis*  
B. *Echinococcus granulosus*  
C. *Staphylococcus aureus*  
D. *Clonorchis sinensis*  
E. *Ascaris lumbricoides*  
F. *Opisthorchis viverrini*  
G. *Escherichia coli*  
H. Hepatitis C virus  
I. *Klebsiella pneumoniae*  
J. *Salmonella typhi*  

### Step 3: Determine sentence relevance
1. A 46-year-old Thai immigrant presents to the hospital with persistent, sharp abdominal pain for the past 28 hours accompanied by multiple episodes of vomiting.  
2. Her medical history includes type II diabetes mellitus and hyperlipidemia, managed with atorvastatin and gemfibrozil.  
3. Physical examination reveals a temperature of 38.6°C (101.5°F), blood pressure of 119/72 mmHg, and pulse of 83/min.  
4. The patient exhibits right upper quadrant tenderness, scleral icterus, dry mucosal membranes, and delayed capillary refill.  
5. The abdomen is not distended.  
6. Given the laboratory findings below, which pathogen is the most likely cause of her condition?  
7. | **Laboratory Value** | **Result (U.S.  
8. conventional units)  Results (SI units)** | **Result (U.S.  
9. conventional units)  Results (SI units)** |  
| --- | --- | --- |  
| Hemoglobin | 13.5 g/dL | 135 g/L |  
| Leukocyte Count | 15,200/mm3 | 15.2\*109/L |  
| Neutrophils | 88% | 88% |  
| Eosinophils | 3% | 3% |  
| Lymphocytes | 7% | 7% |  
| Total Bilirubin | 5.1 mg/dL | 87.21 µmol/L |  
| Conjugated Bilirubin | 4.6 mg/dL | 78.66 µmol/L |  
| Aspartate Aminotransferase | 93 U/L | 93 U/L |  
| Alanine Aminotransferase | 85 U/L | 85 U/L |  
| Lipase\* | 38 U/L | 38 U/L |  ",8,G,medxpert,"1. A 46-year-old Thai immigrant presents to the hospital with persistent, sharp abdominal pain for the past 28 hours accompanied by multiple episodes of vomiting.  
2. Her medical history includes type II diabetes mellitus and hyperlipidemia, managed with atorvastatin and gemfibrozil.  
3. Physical examination reveals a temperature of 38.6°C (101.5°F), blood pressure of 119/72 mmHg, and pulse of 83/min.  
4. The patient exhibits right upper quadrant tenderness, scleral icterus, dry mucosal membranes, and delayed capillary refill.  
5. The abdomen is not distended.  
6. Given the laboratory findings below, which pathogen is the most likely cause of her condition?  
7. | **Laboratory Value** | **Result (U.S.  
8. conventional units)  Results (SI units)** | **Result (U.S.  
9. conventional units)  Results (SI units)** |  
| --- | --- | --- |  
| Hemoglobin | 13.5 g/dL | 135 g/L |  
| Leukocyte Count | 15,200/mm3 | 15.2\*109/L |  
| Neutrophils | 88% | 88% |  
| Eosinophils | 3% | 3% |  
| Lymphocytes | 7% | 7% |  
| Total Bilirubin | 5.1 mg/dL | 87.21 µmol/L |  
| Conjugated Bilirubin | 4.6 mg/dL | 78.66 µmol/L |  
| Aspartate Aminotransferase | 93 U/L | 93 U/L |  
| Alanine Aminotransferase | 85 U/L | 85 U/L |  
| Lipase\* | 38 U/L | 38 U/L |","Given the laboratory findings below, which pathogen is the most likely cause of her condition?  
A. *Enterococcus faecalis*  
B. *Echinococcus granulosus*  
C. *Staphylococcus aureus*  
D. *Clonorchis sinensis*  
E. *Ascaris lumbricoides*  
F. *Opisthorchis viverrini*  
G. *Escherichia coli*  
H. Hepatitis C virus  
I. *Klebsiella pneumoniae*  
J. *Salmonella typhi*",G,,,,,,,,,,,,,,,,,,,,,
ID1151,"### Step 1: Read excerpt
1. A hospice patient, aged 72, is evaluated in the emergency department due to intolerable pain that has progressively worsened over several days.
2. His medical history is significant for pancreatic cancer, and he has explicitly stated his wishes against ""heroic measures"" including intubation and resuscitation.
3. His vital signs show: temperature 98.8°F (37.1°C), blood pressure 107/68 mmHg, heart rate 102/min, respiratory rate 22/min, and oxygen saturation 99% on room air.
4. The physical examination reveals significant abdominal pain on palpation in a visibly uncomfortable elderly male.
5. Laboratory results indicate renal failure, liver failure, and anemia.

### Step 2: Answer QA Details
What is the most appropriate next step in managing this patient's condition?

A. Tramadol and lidocaine patch  
B. Morphine  
C. Morphine and fentanyl patch  
D. Ketamine infusion  
E. Ketorolac and fentanyl  
F. Acetaminophen and gabapentin  
G. Hydromorphone and acetaminophen  
H. Oxycodone and corticosteroids  
I. Buprenorphine patch only  
J. Methadone and ibuprofen  

### Step 3: Determine sentence relevance
1. A hospice patient, aged 72, is evaluated in the emergency department due to intolerable pain that has progressively worsened over several days.
2. His medical history is significant for pancreatic cancer, and he has explicitly stated his wishes against ""heroic measures"" including intubation and resuscitation.
3. His vital signs show: temperature 98.8°F (37.1°C), blood pressure 107/68 mmHg, heart rate 102/min, respiratory rate 22/min, and oxygen saturation 99% on room air.
4. The physical examination reveals significant abdominal pain on palpation in a visibly uncomfortable elderly male.
5. Laboratory results indicate renal failure, liver failure, and anemia.",5,C,medxpert,"1. A hospice patient, aged 72, is evaluated in the emergency department due to intolerable pain that has progressively worsened over several days.
2. His medical history is significant for pancreatic cancer, and he has explicitly stated his wishes against ""heroic measures"" including intubation and resuscitation.
3. His vital signs show: temperature 98.8°F (37.1°C), blood pressure 107/68 mmHg, heart rate 102/min, respiratory rate 22/min, and oxygen saturation 99% on room air.
4. The physical examination reveals significant abdominal pain on palpation in a visibly uncomfortable elderly male.
5. Laboratory results indicate renal failure, liver failure, and anemia.","What is the most appropriate next step in managing this patient's condition?

A. Tramadol and lidocaine patch  
B. Morphine  
C. Morphine and fentanyl patch  
D. Ketamine infusion  
E. Ketorolac and fentanyl  
F. Acetaminophen and gabapentin  
G. Hydromorphone and acetaminophen  
H. Oxycodone and corticosteroids  
I. Buprenorphine patch only  
J. Methadone and ibuprofen",G,,,,,,,,,,,,,,,,,,,,,
ID1155,"**Step 1: Read excerpt**

1. A 27-year-old male medical student visits the school clinic with complaints of mild chest pain and mid-back pain.  
2. The symptoms began 3 days ago after he increased his daily study time to prepare for an upcoming cardiovascular exam.  
3. He describes the back pain as constant, sharp, and achy, and notes that the chest pain occurs after meals but resolves spontaneously.  
4. He has no significant medical history and takes no medications.  
5. Vital signs are normal.  
6. On examination, there is a tender, localized area of tissue congestion on the midline of the sternum at the level of the costal cartilage of rib 5, with the patient rating the pain as 10/10.  
7. Tenderness and hypertonicity are also noted in the paraspinal muscles from T2–T6.  
8. The student doctor begins treatment by positioning the patient supine with his arms dangling off the table and placing her thigh under the patient’s upper thoracic region.  
9. Using her thigh, she elevates the patient toward the dysfunction while monitoring with her hand, which reduces the pain to 6/10.  

**Step 2: Answer QA Details**

What is the next best step to optimize the treatment?

A. Apply sustained pressure to the tender point  
B. Perform myofascial release to the pectoralis muscles  
C. Forward bend the neck toward the chest  
D. Apply counterstrain technique to the affected area  
E. Extend the thoracic spine  
F. Apply high-velocity low-amplitude thrust  
G. Perform muscle energy technique to the thoracic region  
H. Perform bilateral rib raising technique  
I. Back off with the thigh to lower the patient back toward the table  
J. Sidebend thorax to either side for fine-tuning  

**Step 3: Determine sentence relevance**

1. A 27-year-old male medical student visits the school clinic with complaints of mild chest pain and mid-back pain.  
2. The symptoms began 3 days ago after he increased his daily study time to prepare for an upcoming cardiovascular exam.  
3. He describes the back pain as constant, sharp, and achy, and notes that the chest pain occurs after meals but resolves spontaneously.  
4. He has no significant medical history and takes no medications.  
5. Vital signs are normal.  
6. On examination, there is a tender, localized area of tissue congestion on the midline of the sternum at the level of the costal cartilage of rib 5, with the patient rating the pain as 10/10.  
7. Tenderness and hypertonicity are also noted in the paraspinal muscles from T2–T6.  
8. The student doctor begins treatment by positioning the patient supine with his arms dangling off the table and placing her thigh under the patient’s upper thoracic region.  
9. Using her thigh, she elevates the patient toward the dysfunction while monitoring with her hand, which reduces the pain to 6/10.  ",9,C,medxpert,"1. A 27-year-old male medical student visits the school clinic with complaints of mild chest pain and mid-back pain.  
2. The symptoms began 3 days ago after he increased his daily study time to prepare for an upcoming cardiovascular exam.  
3. He describes the back pain as constant, sharp, and achy, and notes that the chest pain occurs after meals but resolves spontaneously.  
4. He has no significant medical history and takes no medications.  
5. Vital signs are normal.  
6. On examination, there is a tender, localized area of tissue congestion on the midline of the sternum at the level of the costal cartilage of rib 5, with the patient rating the pain as 10/10.  
7. Tenderness and hypertonicity are also noted in the paraspinal muscles from T2–T6.  
8. The student doctor begins treatment by positioning the patient supine with his arms dangling off the table and placing her thigh under the patient’s upper thoracic region.  
9. Using her thigh, she elevates the patient toward the dysfunction while monitoring with her hand, which reduces the pain to 6/10.","What is the next best step to optimize the treatment?

A. Apply sustained pressure to the tender point  
B. Perform myofascial release to the pectoralis muscles  
C. Forward bend the neck toward the chest  
D. Apply counterstrain technique to the affected area  
E. Extend the thoracic spine  
F. Apply high-velocity low-amplitude thrust  
G. Perform muscle energy technique to the thoracic region  
H. Perform bilateral rib raising technique  
I. Back off with the thigh to lower the patient back toward the table  
J. Sidebend thorax to either side for fine-tuning",C,,,,,,,,,,,,,,,,,,,,,
ID1161,"### Step 1: Read excerpt
1. A 27-year-old Hispanic woman (G2P1) attends a routine prenatal visit at 26 weeks of gestation.
2. She has no symptoms, and her vital signs, physical examination, and gynecologic assessment align with the estimated gestational age.
3. An oral glucose tolerance test using a 75-g glucose load reveals glucose levels of 177 mg/dL at 1 hour and 167 mg/dL at 2 hours, with a fasting blood glucose level of 138 mg/dL (7.7 mmol/L) and an HbA1c of 7%.

### Step 2: Answer QA Details
What is the most appropriate next step in managing this patient?

A. Glyburide  
B. Metformin  
C. Continuous glucose monitoring without intervention  
D. Bariatric surgery  
E. Immediate induction of labor  
F. Initiate corticosteroid therapy for fetal lung maturity  
G. Insulin  
H. Repeat oral glucose tolerance test in 2 weeks  
I. Glucagon therapy  
J. Dietary and lifestyle modification  

### Step 3: Determine sentence relevance
1. A 27-year-old Hispanic woman (G2P1) attends a routine prenatal visit at 26 weeks of gestation.
2. She has no symptoms, and her vital signs, physical examination, and gynecologic assessment align with the estimated gestational age.
3. An oral glucose tolerance test using a 75-g glucose load reveals glucose levels of 177 mg/dL at 1 hour and 167 mg/dL at 2 hours, with a fasting blood glucose level of 138 mg/dL (7.7 mmol/L) and an HbA1c of 7%.",3,J,medxpert,"1. A 27-year-old Hispanic woman (G2P1) attends a routine prenatal visit at 26 weeks of gestation.
2. She has no symptoms, and her vital signs, physical examination, and gynecologic assessment align with the estimated gestational age.
3. An oral glucose tolerance test using a 75-g glucose load reveals glucose levels of 177 mg/dL at 1 hour and 167 mg/dL at 2 hours, with a fasting blood glucose level of 138 mg/dL (7.7 mmol/L) and an HbA1c of 7%.","What is the most appropriate next step in managing this patient?

A. Glyburide  
B. Metformin  
C. Continuous glucose monitoring without intervention  
D. Bariatric surgery  
E. Immediate induction of labor  
F. Initiate corticosteroid therapy for fetal lung maturity  
G. Insulin  
H. Repeat oral glucose tolerance test in 2 weeks  
I. Glucagon therapy  
J. Dietary and lifestyle modification",G,,,,,,,,,,,,,,,,,,,,,
ID1164,"### Step 1: Read excerpt
1. A 63-year-old woman with a medical history of type 2 diabetes, atrial fibrillation, hypothyroidism, and hypertension was referred for refractory hypomagnesemia.
2. Her blood pressure was 148/68 mm Hg, heart rate 96/min, and weight 106.4 kg.
3. Medications included liraglutide, metformin, apixaban, sotalol, metoprolol, levothyroxine, venlafaxine, lisinopril, ranitidine, and magnesium oxide (400 mg, 2 times/d).
4. Her prior serum magnesium levels ranged from 1.4 mg/dL to 1.6 mg/dL and a recent hemoglobin A1c level was 10.8%.
5. Following baseline blood testing (Table), the patient collected a 24-hour urine sample after discontinuing magnesium supplements for 24 hours.

### Step 2: Answer QA Details
What Would You Do Next?

A: Evaluate for alcoholism as the cause of hypomagnesemia.  
B: Improve glycemic control due to urinary magnesium loss from polyuria.  
C: Start insulin to promote magnesium reabsorption at the proximal convoluted tubule.  
D: Stop ranitidine due to concern for reduced gastrointestinal magnesium absorption.

### Step 3: Determine sentence relevance
1. A 63-year-old woman with a medical history of type 2 diabetes, atrial fibrillation, hypothyroidism, and hypertension was referred for refractory hypomagnesemia.
2. Her blood pressure was 148/68 mm Hg, heart rate 96/min, and weight 106.4 kg.
3. Medications included liraglutide, metformin, apixaban, sotalol, metoprolol, levothyroxine, venlafaxine, lisinopril, ranitidine, and magnesium oxide (400 mg, 2 times/d).
4. Her prior serum magnesium levels ranged from 1.4 mg/dL to 1.6 mg/dL and a recent hemoglobin A1c level was 10.8%.
5. Following baseline blood testing (Table), the patient collected a 24-hour urine sample after discontinuing magnesium supplements for 24 hours.",9,B,jama,"1. A 63-year-old woman with a medical history of type 2 diabetes, atrial fibrillation, hypothyroidism, and hypertension was referred for refractory hypomagnesemia.
2. Her blood pressure was 148/68 mm Hg, heart rate 96/min, and weight 106.4 kg.
3. Medications included liraglutide, metformin, apixaban, sotalol, metoprolol, levothyroxine, venlafaxine, lisinopril, ranitidine, and magnesium oxide (400 mg, 2 times/d).
4. Her prior serum magnesium levels ranged from 1.4 mg/dL to 1.6 mg/dL and a recent hemoglobin A1c level was 10.8%.
5. Following baseline blood testing (Table), the patient collected a 24-hour urine sample after discontinuing magnesium supplements for 24 hours.","What Would You Do Next?

A: Evaluate for alcoholism as the cause of hypomagnesemia.  
B: Improve glycemic control due to urinary magnesium loss from polyuria.  
C: Start insulin to promote magnesium reabsorption at the proximal convoluted tubule.  
D: Stop ranitidine due to concern for reduced gastrointestinal magnesium absorption.",B,High Relevance,Irrelevant,Low Relevance,High Relevance,Low Relevance,,,,,,,,,,,,,,,,
ID1172,"### Step 1: Read excerpt
1. A 39-year-old primigravida woman who is at 34 weeks' gestation, according to last menstrual period and first-trimester ultrasound, is seen for a routine prenatal visit.
2. She and the baby’s father both have constitutional short stature.
3. Her fundal height measures 30 cm.
4. An ultrasound is performed to estimate fetal weight by fetal abdominal circumference; it demonstrates a normal fetal anatomic survey and normal amniotic fluid index but places the fetal weight below the 10th percentile for gestational age.

### Step 2: Answer QA Details
Which one of the following next steps is most appropriate in this patient's evaluation?

A. Biophysical profile testing  
B. Maternal serum screening for PAPP-A  
C. Genetic amniocentesis  
D. Nonstress testing  
E. Middle cerebral artery Doppler assessment  
F. Umbilical artery Doppler flow velocimetry  
G. Repeat ultrasound in 2 weeks  
H. Daily fetal movement counts  
I. Immediate delivery by cesarean section  
J. Serial fundal height measurements only  

### Step 3: Determine sentence relevance
1. A 39-year-old primigravida woman who is at 34 weeks' gestation, according to last menstrual period and first-trimester ultrasound, is seen for a routine prenatal visit.
2. She and the baby’s father both have constitutional short stature.
3. Her fundal height measures 30 cm.
4. An ultrasound is performed to estimate fetal weight by fetal abdominal circumference; it demonstrates a normal fetal anatomic survey and normal amniotic fluid index but places the fetal weight below the 10th percentile for gestational age.",4,F,medxpert,"1. A 39-year-old primigravida woman who is at 34 weeks' gestation, according to last menstrual period and first-trimester ultrasound, is seen for a routine prenatal visit.
2. She and the baby’s father both have constitutional short stature.
3. Her fundal height measures 30 cm.
4. An ultrasound is performed to estimate fetal weight by fetal abdominal circumference; it demonstrates a normal fetal anatomic survey and normal amniotic fluid index but places the fetal weight below the 10th percentile for gestational age.","Which one of the following next steps is most appropriate in this patient's evaluation?

A. Biophysical profile testing  
B. Maternal serum screening for PAPP-A  
C. Genetic amniocentesis  
D. Nonstress testing  
E. Middle cerebral artery Doppler assessment  
F. Umbilical artery Doppler flow velocimetry  
G. Repeat ultrasound in 2 weeks  
H. Daily fetal movement counts  
I. Immediate delivery by cesarean section  
J. Serial fundal height measurements only",F,High Relevance,High Relevance,Low Relevance,High Relevance,,,,,,,,,,,,,,,,,
ID1179,"**Step 1: Read excerpt**

1. A 25-year-old male arrives at the emergency department with severe, crushing substernal chest pain that began 5 hours ago.
2. He reports no previous similar episodes.
3. His past medical history is significant for a hospitalization at age 9 due to a self-limiting febrile illness with negative cultures, accompanied by a generalized rash including oral involvement.
4. He denies medication use, smoking, or alcohol consumption, and has no family history of coronary disease.
5. The physical examination reveals diaphoresis and distress.
6. His vital signs show a heart rate of 100 beats per minute and blood pressure of 130/80 mm Hg.
7. The cardiac exam is remarkable for tachycardia.
8. Laboratory results show a troponin-T level of 0.06 ng/mL (normal range: 0-0.03), with normal glycated hemoglobin and lipid panels.
9. The toxicology screen is negative.
10. The ECG demonstrates sinus tachycardia with ST-segment elevations in leads V1-V3, II, aVF, and III.
11. The patient is scheduled for immediate cardiac catheterization with coronary angiography.

**Step 2: Answer QA Details**

What is the most likely finding expected on coronary angiography?

A. Coronary artery dissection  
B. Coronary artery ectasia  
C. Coronary artery thrombosis  
D. Spontaneous recanalization  
E. Coronary artery vasospasm  
F. Normal coronary arteries  
G. Coronary artery fistula  
H. Myocardial bridging  
I. Multiple coronary artery aneurysms  
J. Coronary microvascular dysfunction  

**Step 3: Determine sentence relevance**

1. A 25-year-old male arrives at the emergency department with severe, crushing substernal chest pain that began 5 hours ago.
2. He reports no previous similar episodes.
3. His past medical history is significant for a hospitalization at age 9 due to a self-limiting febrile illness with negative cultures, accompanied by a generalized rash including oral involvement.
4. He denies medication use, smoking, or alcohol consumption, and has no family history of coronary disease.
5. The physical examination reveals diaphoresis and distress.
6. His vital signs show a heart rate of 100 beats per minute and blood pressure of 130/80 mm Hg.
7. The cardiac exam is remarkable for tachycardia.
8. Laboratory results show a troponin-T level of 0.06 ng/mL (normal range: 0-0.03), with normal glycated hemoglobin and lipid panels.
9. The toxicology screen is negative.
10. The ECG demonstrates sinus tachycardia with ST-segment elevations in leads V1-V3, II, aVF, and III.
11. The patient is scheduled for immediate cardiac catheterization with coronary angiography.",11,C,medxpert,"1. A 25-year-old male arrives at the emergency department with severe, crushing substernal chest pain that began 5 hours ago.
2. He reports no previous similar episodes.
3. His past medical history is significant for a hospitalization at age 9 due to a self-limiting febrile illness with negative cultures, accompanied by a generalized rash including oral involvement.
4. He denies medication use, smoking, or alcohol consumption, and has no family history of coronary disease.
5. The physical examination reveals diaphoresis and distress.
6. His vital signs show a heart rate of 100 beats per minute and blood pressure of 130/80 mm Hg.
7. The cardiac exam is remarkable for tachycardia.
8. Laboratory results show a troponin-T level of 0.06 ng/mL (normal range: 0-0.03), with normal glycated hemoglobin and lipid panels.
9. The toxicology screen is negative.
10. The ECG demonstrates sinus tachycardia with ST-segment elevations in leads V1-V3, II, aVF, and III.
11. The patient is scheduled for immediate cardiac catheterization with coronary angiography.","What is the most likely finding expected on coronary angiography?

A. Coronary artery dissection  
B. Coronary artery ectasia  
C. Coronary artery thrombosis  
D. Spontaneous recanalization  
E. Coronary artery vasospasm  
F. Normal coronary arteries  
G. Coronary artery fistula  
H. Myocardial bridging  
I. Multiple coronary artery aneurysms  
J. Coronary microvascular dysfunction",I,Low Relevance,Low Relevance,High Relevance,Low Relevance,Low Relevance,Low Relevance,Low Relevance,Low Relevance,Low Relevance,High Relevance,Low Relevance,,,,,,,,,,
ID1190,"### Step 1: Read excerpt
1. A 26-year-old postpartum woman presents to the clinic with hip pain.
2. She reports gradual improvement in the pain since delivering her baby but continues to experience residual discomfort.
3. She describes the pain as dull and achy, rated 4/10, and notes that it worsens with walking.
4. On osteopathic structural examination, the standing flexion test is positive on the right.
5. Additionally, the left anterior superior iliac spine (ASIS) is more medial than the right, while the left posterior superior iliac spine (PSIS) is more lateral than the right.

### Step 2: Answer QA Details
What is the most accurate diagnosis?

A. Bilateral sacroiliac dysfunction  
B. Right superior innominate shear  
C. Right innominate posterior rotation  
D. Left superior innominate shear  
E. Left innominate outflare  
F. Left innominate inflare  
G. Sacral flexion dysfunction  
H. Right innominate outflare  
I. Right pubic shear  
J. Right sacral torsion  

### Step 3: Determine sentence relevance
1. A 26-year-old postpartum woman presents to the clinic with hip pain.
2. She reports gradual improvement in the pain since delivering her baby but continues to experience residual discomfort.
3. She describes the pain as dull and achy, rated 4/10, and notes that it worsens with walking.
4. On osteopathic structural examination, the standing flexion test is positive on the right.
5. Additionally, the left anterior superior iliac spine (ASIS) is more medial than the right, while the left posterior superior iliac spine (PSIS) is more lateral than the right.",5,H,medxpert,"1. A 26-year-old postpartum woman presents to the clinic with hip pain.
2. She reports gradual improvement in the pain since delivering her baby but continues to experience residual discomfort.
3. She describes the pain as dull and achy, rated 4/10, and notes that it worsens with walking.
4. On osteopathic structural examination, the standing flexion test is positive on the right.
5. Additionally, the left anterior superior iliac spine (ASIS) is more medial than the right, while the left posterior superior iliac spine (PSIS) is more lateral than the right.","What is the most accurate diagnosis?

A. Bilateral sacroiliac dysfunction  
B. Right superior innominate shear  
C. Right innominate posterior rotation  
D. Left superior innominate shear  
E. Left innominate outflare  
F. Left innominate inflare  
G. Sacral flexion dysfunction  
H. Right innominate outflare  
I. Right pubic shear  
J. Right sacral torsion",H,Low Relevance,Low Relevance,Low Relevance,High Relevance,High Relevance,,,,,,,,,,,,,,,,
ID1197,"**Step 1: Read excerpt**

1. A 28-year-old man presented with abdominal pain and diarrhea (10-12 Bristol type 7 stools per day; Bristol scale range, 1-7 [1, separate hard pieces; 7, watery stool]) after completing a course of azithromycin for pneumonia.  
2. He was diagnosed with Clostridium difficile infection (CDI) with a positive stool polymerase chain reaction (PCR) for the toxin B (tcdB) gene.  
3. Laboratory studies showed unremarkable results (Table 1).  
4. He was successfully treated with a 10-day course of oral metronidazole, and his bowel movement pattern returned to its baseline of 2 to 3 Bristol type 4 stools per day.  
5. Six weeks later, he presented with abdominal discomfort for 3 weeks relieved by bowel movements associated with increased stool frequency (4-5 Bristol type 4 stools per day).  
6. Vital signs and physical examination were unremarkable and a repeat stool test for C difficile toxin PCR was positive.  

**Step 2: Answer QA Details**

What Would You Do Next?

A: Diagnose recurrent Clostridium difficile infection (CDI) and prescribe metronidazole.  
B: Diagnose severe CDI and prescribe vancomycin.  
C: Diagnose postinfectious altered bowel habits with C difficile colonization and recommend a high-fiber diet.  
D: Diagnose refractory CDI and consider fecal microbiota transplantation.  

**Step 3: Determine sentence relevance**

1. A 28-year-old man presented with abdominal pain and diarrhea (10-12 Bristol type 7 stools per day; Bristol scale range, 1-7 [1, separate hard pieces; 7, watery stool]) after completing a course of azithromycin for pneumonia.  
2. He was diagnosed with Clostridium difficile infection (CDI) with a positive stool polymerase chain reaction (PCR) for the toxin B (tcdB) gene.  
3. Laboratory studies showed unremarkable results (Table 1).  
4. He was successfully treated with a 10-day course of oral metronidazole, and his bowel movement pattern returned to its baseline of 2 to 3 Bristol type 4 stools per day.  
5. Six weeks later, he presented with abdominal discomfort for 3 weeks relieved by bowel movements associated with increased stool frequency (4-5 Bristol type 4 stools per day).  
6. Vital signs and physical examination were unremarkable and a repeat stool test for C difficile toxin PCR was positive.  ",9,C,jama,"1. A 28-year-old man presented with abdominal pain and diarrhea (10-12 Bristol type 7 stools per day; Bristol scale range, 1-7 [1, separate hard pieces; 7, watery stool]) after completing a course of azithromycin for pneumonia.  
2. He was diagnosed with Clostridium difficile infection (CDI) with a positive stool polymerase chain reaction (PCR) for the toxin B (tcdB) gene.  
3. Laboratory studies showed unremarkable results (Table 1).  
4. He was successfully treated with a 10-day course of oral metronidazole, and his bowel movement pattern returned to its baseline of 2 to 3 Bristol type 4 stools per day.  
5. Six weeks later, he presented with abdominal discomfort for 3 weeks relieved by bowel movements associated with increased stool frequency (4-5 Bristol type 4 stools per day).  
6. Vital signs and physical examination were unremarkable and a repeat stool test for C difficile toxin PCR was positive.","What Would You Do Next?

A: Diagnose recurrent Clostridium difficile infection (CDI) and prescribe metronidazole.  
B: Diagnose severe CDI and prescribe vancomycin.  
C: Diagnose postinfectious altered bowel habits with C difficile colonization and recommend a high-fiber diet.  
D: Diagnose refractory CDI and consider fecal microbiota transplantation.",C,,,,,,,,,,,,,,,,,,,,,
ID1208,"### Step 1: Read excerpt
1. A 32-year-old female with obesity, hypertension, and type 2 diabetes seeks treatment for ongoing hyperglycemia.
2. Her glycated hemoglobin is 7.9% (normal: 4.3–5.6%), and she shows consistent elevated post-meal blood glucose levels without any hypoglycemic episodes.
3. Her current medications include metformin 1000 mg twice daily and lisinopril 5 mg daily, a regimen she has maintained for several years.
4. She has developed diabetes-related retinopathy and neuropathy, but her kidney function remains intact.
5. Her symptoms include early fullness after eating, post-meal nausea, and frequent vomiting of undigested food consumed hours earlier.
6. To manage these symptoms, she has adopted a pattern of eating small, frequent meals.
7. She also experiences tingling sensations in both legs.

### Step 2: Answer QA Details
Which of the following medication modifications would be most appropriate to improve her blood glucose control?

A. Add acarbose  
B. Add dapagliflozin  
C. Switch to dulaglutide  
D. Add semaglutide  
E. Add pioglitazone  
F. Replace metformin with glipizide  
G. Add sitagliptin  
H. Add glimepiride  
I. Add empagliflozin  
J. Add liraglutide  

### Step 3: Determine sentence relevance
1. A 32-year-old female with obesity, hypertension, and type 2 diabetes seeks treatment for ongoing hyperglycemia.
2. Her glycated hemoglobin is 7.9% (normal: 4.3–5.6%), and she shows consistent elevated post-meal blood glucose levels without any hypoglycemic episodes.
3. Her current medications include metformin 1000 mg twice daily and lisinopril 5 mg daily, a regimen she has maintained for several years.
4. She has developed diabetes-related retinopathy and neuropathy, but her kidney function remains intact.
5. Her symptoms include early fullness after eating, post-meal nausea, and frequent vomiting of undigested food consumed hours earlier.
6. To manage these symptoms, she has adopted a pattern of eating small, frequent meals.
7. She also experiences tingling sensations in both legs.",7,B,medxpert,"1. A 32-year-old female with obesity, hypertension, and type 2 diabetes seeks treatment for ongoing hyperglycemia.
2. Her glycated hemoglobin is 7.9% (normal: 4.3–5.6%), and she shows consistent elevated post-meal blood glucose levels without any hypoglycemic episodes.
3. Her current medications include metformin 1000 mg twice daily and lisinopril 5 mg daily, a regimen she has maintained for several years.
4. She has developed diabetes-related retinopathy and neuropathy, but her kidney function remains intact.
5. Her symptoms include early fullness after eating, post-meal nausea, and frequent vomiting of undigested food consumed hours earlier.
6. To manage these symptoms, she has adopted a pattern of eating small, frequent meals.
7. She also experiences tingling sensations in both legs.","Which of the following medication modifications would be most appropriate to improve her blood glucose control?

A. Add acarbose  
B. Add dapagliflozin  
C. Switch to dulaglutide  
D. Add semaglutide  
E. Add pioglitazone  
F. Replace metformin with glipizide  
G. Add sitagliptin  
H. Add glimepiride  
I. Add empagliflozin  
J. Add liraglutide",G,,,,,,,,,,,,,,,,,,,,,
ID1212,"**Step 1: Read excerpt**

1. A 51-year-old female with multiple comorbidities including HIV/AIDS, type 2 diabetes, hypertension, and a history of infectious mononucleosis presents with fatigue and weakness.
2. She has a daily consumption of one pack of cigarettes and one glass of wine.
3. Her vital signs are stable, but examination reveals bounding pulses, pallor, and an enlarged cervical lymph node.
4. After being diagnosed with diffuse bulky Burkitt lymphoma and starting chemotherapy, she develops decreased urinary output eight days into treatment.

**Step 2: Answer QA Details**

Which therapeutic intervention would be most effective in correcting these metabolic abnormalities?

A. Oral potassium binders to lower serum potassium  
B. Allopurinol to decrease uric acid production  
C. Intravenous saline with mannitol with the goal of a daily urinary output above 2.5 L/day  
D. Calcium gluconate to stabilize cardiac membranes  
E. Phosphate binders to reduce serum phosphorus  
F. Intravenous furosemide to promote diuresis  
G. Intravenous corticosteroids to reduce tumor burden  
H. Sodium bicarbonate infusion to alkalinize the urine  
I. Hemodialysis  
J. Intravenous recombinant uricase enzyme rasburicase  

**Step 3: Determine sentence relevance**

1. A 51-year-old female with multiple comorbidities including HIV/AIDS, type 2 diabetes, hypertension, and a history of infectious mononucleosis presents with fatigue and weakness.
2. She has a daily consumption of one pack of cigarettes and one glass of wine.
3. Her vital signs are stable, but examination reveals bounding pulses, pallor, and an enlarged cervical lymph node.
4. After being diagnosed with diffuse bulky Burkitt lymphoma and starting chemotherapy, she develops decreased urinary output eight days into treatment.",4,I,medxpert,"1. A 51-year-old female with multiple comorbidities including HIV/AIDS, type 2 diabetes, hypertension, and a history of infectious mononucleosis presents with fatigue and weakness.
2. She has a daily consumption of one pack of cigarettes and one glass of wine.
3. Her vital signs are stable, but examination reveals bounding pulses, pallor, and an enlarged cervical lymph node.
4. After being diagnosed with diffuse bulky Burkitt lymphoma and starting chemotherapy, she develops decreased urinary output eight days into treatment.","Which therapeutic intervention would be most effective in correcting these metabolic abnormalities?

A. Oral potassium binders to lower serum potassium  
B. Allopurinol to decrease uric acid production  
C. Intravenous saline with mannitol with the goal of a daily urinary output above 2.5 L/day  
D. Calcium gluconate to stabilize cardiac membranes  
E. Phosphate binders to reduce serum phosphorus  
F. Intravenous furosemide to promote diuresis  
G. Intravenous corticosteroids to reduce tumor burden  
H. Sodium bicarbonate infusion to alkalinize the urine  
I. Hemodialysis  
J. Intravenous recombinant uricase enzyme rasburicase",J,,,,,,,,,,,,,,,,,,,,,
ID1226,"### Step 1: Read excerpt
1. A 41-year-old woman comes to the doctor because of gradually progressive weakness in her right hand over the past few weeks.
2. She goes to the gym to lift weights 5 times a week.
3. With the dorsum of the right hand on a flat surface, the patient is unable to move her thumb to touch a pen held 2 cm above the interphalangeal joint of the thumb.
4. An MRI of the right arm shows compression of a nerve that passes through the pronator teres muscle.

### Step 2: Answer QA Details
Based on the examination findings, loss of innervation of which of the following muscles is most likely in this patient?

A. Abductor pollicis longus  
B. Palmaris brevis  
C. Adductor pollicis  
D. Extensor pollicis longus  
E. Flexor pollicis brevis  
F. Extensor pollicis brevis  
G. Abductor pollicis brevis  
H. Opponens pollicis  
I. First dorsal interosseous  
J. Flexor pollicis longus  

### Step 3: Determine sentence relevance
1. A 41-year-old woman comes to the doctor because of gradually progressive weakness in her right hand over the past few weeks.
2. She goes to the gym to lift weights 5 times a week.
3. With the dorsum of the right hand on a flat surface, the patient is unable to move her thumb to touch a pen held 2 cm above the interphalangeal joint of the thumb.
4. An MRI of the right arm shows compression of a nerve that passes through the pronator teres muscle.",4,G,medxpert,"1. A 41-year-old woman comes to the doctor because of gradually progressive weakness in her right hand over the past few weeks.
2. She goes to the gym to lift weights 5 times a week.
3. With the dorsum of the right hand on a flat surface, the patient is unable to move her thumb to touch a pen held 2 cm above the interphalangeal joint of the thumb.
4. An MRI of the right arm shows compression of a nerve that passes through the pronator teres muscle.","Based on the examination findings, loss of innervation of which of the following muscles is most likely in this patient?

A. Abductor pollicis longus  
B. Palmaris brevis  
C. Adductor pollicis  
D. Extensor pollicis longus  
E. Flexor pollicis brevis  
F. Extensor pollicis brevis  
G. Abductor pollicis brevis  
H. Opponens pollicis  
I. First dorsal interosseous  
J. Flexor pollicis longus",J,,,,,,,,,,,,,,,,,,,,,
ID1252,"**Step 1: Read excerpt**

1. Twelve hours after birth, a 2700-g (5-lb 15-oz) male newborn presents with three episodes of bilious vomiting.
2. He was delivered at 36 weeks' gestation to a 27-year-old mother whose pregnancy was complicated by polyhydramnios.
3. The mother has a history of smoking half a pack of cigarettes daily and intravenous cocaine use.
4. The newborn's vital signs are stable.
5. On examination, his upper abdomen is distended, and bowel sounds are hypoactive.
6. An abdominal x-ray reveals three gas shadows in the upper abdomen and a gasless distal abdomen.

**Step 2: Answer QA Details**

What is the most likely diagnosis?

A. Pyloric stenosis  
B. Malrotation with volvulus  
C. Ileal atresia  
D. Necrotizing enterocolitis  
E. Duodenal atresia  
F. Meconium ileus  
G. Jejunal atresia  
H. Intestinal malrotation  
I. Annular pancreas  
J. Midgut volvulus  

**Step 3: Determine sentence relevance**

1. Twelve hours after birth, a 2700-g (5-lb 15-oz) male newborn presents with three episodes of bilious vomiting.
2. He was delivered at 36 weeks' gestation to a 27-year-old mother whose pregnancy was complicated by polyhydramnios.
3. The mother has a history of smoking half a pack of cigarettes daily and intravenous cocaine use.
4. The newborn's vital signs are stable.
5. On examination, his upper abdomen is distended, and bowel sounds are hypoactive.
6. An abdominal x-ray reveals three gas shadows in the upper abdomen and a gasless distal abdomen.",6,G,medxpert,"1. Twelve hours after birth, a 2700-g (5-lb 15-oz) male newborn presents with three episodes of bilious vomiting.
2. He was delivered at 36 weeks' gestation to a 27-year-old mother whose pregnancy was complicated by polyhydramnios.
3. The mother has a history of smoking half a pack of cigarettes daily and intravenous cocaine use.
4. The newborn's vital signs are stable.
5. On examination, his upper abdomen is distended, and bowel sounds are hypoactive.
6. An abdominal x-ray reveals three gas shadows in the upper abdomen and a gasless distal abdomen.","What is the most likely diagnosis?

A. Pyloric stenosis  
B. Malrotation with volvulus  
C. Ileal atresia  
D. Necrotizing enterocolitis  
E. Duodenal atresia  
F. Meconium ileus  
G. Jejunal atresia  
H. Intestinal malrotation  
I. Annular pancreas  
J. Midgut volvulus",G,High Relevance,Low Relevance,High Relevance,Irrelevant,Low Relevance,High Relevance,,,,,,,,,,,,,,,
ID1275,"### Step 1: Read excerpt
1. A man in his late 30s with a history of proliferative diabetic retinopathy presented for evaluation of sudden-onset painless blurry vision of the right eye.
2. His ocular history included nonclearing vitreous hemorrhage in the right eye requiring pars plana vitrectomy, panretinal photocoagulation, multiple treatments with intravitreous bevacizumab, and cataract extraction with placement of an intraocular lens (IOL) into the capsular bag approximately 4 years ago.
3. At his routine follow-up visit 2 weeks prior, the proliferative diabetic retinopathy was quiescent, and his Snellen visual acuity was 20/20 OD with manifest refraction of −1.50 + 0.25 × 180.
4. Examination of the anterior segment at that time was unremarkable.
5. At his current visit, visual acuity with the previous correction had been reduced to 20/150.
6. Repeated manifest refraction of the right eye was −4.00 + 1.50 × 166, resulting in a visual acuity of 20/25.
7. Intraocular pressure of the right eye was 10 mm Hg by Goldmann applanation tonometry.
8. Evaluation of the posterior segment, including dilated fundus examination and optical coherence tomography (OCT) of the macula, showed stability compared with previous results.
9. Imaging of the anterior segment with OCT is shown in Figure 1.
10. The anterior chamber did not appear shallow, and there was no cell or flare.
11. Slitlamp photograph of the anterior segment (A) and optical coherence tomographic imaging of the lens–capsular bag complex (B) obtained at initial presentation (arrowheads show hyperdistention of the capsular bag with turbid fluid).
12. Perform posterior capsulotomy as part of pars plana vitrectomy

### Step 2: Answer QA Details
What Would You Do Next?

A: Perform posterior capsulotomy as part of pars plana vitrectomy  
B: Perform posterior capsulotomy with Nd:YAG laser  
C: Exchange the IOL  
D: Observe the patient  

### Step 3: Determine sentence relevance
1. A man in his late 30s with a history of proliferative diabetic retinopathy presented for evaluation of sudden-onset painless blurry vision of the right eye.
2. His ocular history included nonclearing vitreous hemorrhage in the right eye requiring pars plana vitrectomy, panretinal photocoagulation, multiple treatments with intravitreous bevacizumab, and cataract extraction with placement of an intraocular lens (IOL) into the capsular bag approximately 4 years ago.
3. At his routine follow-up visit 2 weeks prior, the proliferative diabetic retinopathy was quiescent, and his Snellen visual acuity was 20/20 OD with manifest refraction of −1.50 + 0.25 × 180.
4. Examination of the anterior segment at that time was unremarkable.
5. At his current visit, visual acuity with the previous correction had been reduced to 20/150.
6. Repeated manifest refraction of the right eye was −4.00 + 1.50 × 166, resulting in a visual acuity of 20/25.
7. Intraocular pressure of the right eye was 10 mm Hg by Goldmann applanation tonometry.
8. Evaluation of the posterior segment, including dilated fundus examination and optical coherence tomography (OCT) of the macula, showed stability compared with previous results.
9. Imaging of the anterior segment with OCT is shown in Figure 1.
10. The anterior chamber did not appear shallow, and there was no cell or flare.
11. Slitlamp photograph of the anterior segment (A) and optical coherence tomographic imaging of the lens–capsular bag complex (B) obtained at initial presentation (arrowheads show hyperdistention of the capsular bag with turbid fluid).
12. Perform posterior capsulotomy as part of pars plana vitrectomy",12,B,jama,"1. A man in his late 30s with a history of proliferative diabetic retinopathy presented for evaluation of sudden-onset painless blurry vision of the right eye.
2. His ocular history included nonclearing vitreous hemorrhage in the right eye requiring pars plana vitrectomy, panretinal photocoagulation, multiple treatments with intravitreous bevacizumab, and cataract extraction with placement of an intraocular lens (IOL) into the capsular bag approximately 4 years ago.
3. At his routine follow-up visit 2 weeks prior, the proliferative diabetic retinopathy was quiescent, and his Snellen visual acuity was 20/20 OD with manifest refraction of −1.50 + 0.25 × 180.
4. Examination of the anterior segment at that time was unremarkable.
5. At his current visit, visual acuity with the previous correction had been reduced to 20/150.
6. Repeated manifest refraction of the right eye was −4.00 + 1.50 × 166, resulting in a visual acuity of 20/25.
7. Intraocular pressure of the right eye was 10 mm Hg by Goldmann applanation tonometry.
8. Evaluation of the posterior segment, including dilated fundus examination and optical coherence tomography (OCT) of the macula, showed stability compared with previous results.
9. Imaging of the anterior segment with OCT is shown in Figure 1.
10. The anterior chamber did not appear shallow, and there was no cell or flare.
11. Slitlamp photograph of the anterior segment (A) and optical coherence tomographic imaging of the lens–capsular bag complex (B) obtained at initial presentation (arrowheads show hyperdistention of the capsular bag with turbid fluid).
12. Perform posterior capsulotomy as part of pars plana vitrectomy","What Would You Do Next?

A: Perform posterior capsulotomy as part of pars plana vitrectomy  
B: Perform posterior capsulotomy with Nd:YAG laser  
C: Exchange the IOL  
D: Observe the patient",B,Low Relevance,High Relevance,High Relevance,Low Relevance,Low Relevance,High Relevance,Irrelevant,High Relevance,Low Relevance,Low Relevance,High Relevance,Irrelevant,,,,,,,,,
ID1277,"**Step 1: Read excerpt**

1. A 5-year-old boy is brought to the physician because of a 2-day history of fever and painful swelling of the left ankle.
2. He has had recurrent cervical lymphadenitis and pneumonia since infancy.
3. Two years ago, a culture from an abscess in the cervical region grew Staphylococcus aureus.
4. His temperature is 38°C (100.4°F).
5. Examination shows a tender, erythematous, edematous left ankle; there is point tenderness over the medial malleolus.
6. A bone scan shows increased uptake in the left lower tibial metaphysis.
7. Culture of bone aspirate grows Serratia marcescens.
8. Nitroblue tetrazolium test shows no color change.

**Step 2: Answer QA Details**

Which of the following is the most likely mechanism for these findings?

A. Developmental arrest of maturation of B lymphocytes

B. Dysmorphogenesis of the third and fourth pharyngeal pouches

C. Impaired chemotaxis

D. Impaired phagocytic oxidative metabolism

**Step 3: Determine sentence relevance**

1. A 5-year-old boy is brought to the physician because of a 2-day history of fever and painful swelling of the left ankle.
2. He has had recurrent cervical lymphadenitis and pneumonia since infancy.
3. Two years ago, a culture from an abscess in the cervical region grew Staphylococcus aureus.
4. His temperature is 38°C (100.4°F).
5. Examination shows a tender, erythematous, edematous left ankle; there is point tenderness over the medial malleolus.
6. A bone scan shows increased uptake in the left lower tibial metaphysis.
7. Culture of bone aspirate grows Serratia marcescens.
8. Nitroblue tetrazolium test shows no color change.",8,D,mmlu,"1. A 5-year-old boy is brought to the physician because of a 2-day history of fever and painful swelling of the left ankle.
2. He has had recurrent cervical lymphadenitis and pneumonia since infancy.
3. Two years ago, a culture from an abscess in the cervical region grew Staphylococcus aureus.
4. His temperature is 38°C (100.4°F).
5. Examination shows a tender, erythematous, edematous left ankle; there is point tenderness over the medial malleolus.
6. A bone scan shows increased uptake in the left lower tibial metaphysis.
7. Culture of bone aspirate grows Serratia marcescens.
8. Nitroblue tetrazolium test shows no color change.","Which of the following is the most likely mechanism for these findings?

A. Developmental arrest of maturation of B lymphocytes

B. Dysmorphogenesis of the third and fourth pharyngeal pouches

C. Impaired chemotaxis

D. Impaired phagocytic oxidative metabolism",D,,,,,,,,,,,,,,,,,,,,,
ID1284,"### Step 1: Read excerpt
1. A 19-year-old woman presents to the emergency department with fever, headache, and nuchal rigidity.  
2. A lumbar puncture reveals elevated opening pressure, significantly increased white blood cell count, reduced glucose levels, and elevated protein levels.  
3. She is admitted, stabilized, and started on antibiotics.  
4. Two days later, she reports constipation and signs of urinary retention, though she is now afebrile and has a cranial rhythmic impulse (CRI) of 6.  

### Step 2: Answer QA Details
Which component of the primary respiratory mechanism is most likely responsible for these new symptoms?

A. Lumbar spine dysfunction  
B. Coccygeal segment dysfunction  
C. Cranial base compression  
D. Thoracic diaphragm restriction  
E. Sphenobasilar synchondrosis restriction  
F. Pelvic diaphragm dysfunction  
G. Peripheral nerves  
H. Sacrum  
I. Reciprocal tension membrane  
J. Autonomic imbalance due to vagus nerve involvement  

### Step 3: Determine sentence relevance
1. A 19-year-old woman presents to the emergency department with fever, headache, and nuchal rigidity.  
2. A lumbar puncture reveals elevated opening pressure, significantly increased white blood cell count, reduced glucose levels, and elevated protein levels.  
3. She is admitted, stabilized, and started on antibiotics.  
4. Two days later, she reports constipation and signs of urinary retention, though she is now afebrile and has a cranial rhythmic impulse (CRI) of 6.  ",4,H,medxpert,"1. A 19-year-old woman presents to the emergency department with fever, headache, and nuchal rigidity.  
2. A lumbar puncture reveals elevated opening pressure, significantly increased white blood cell count, reduced glucose levels, and elevated protein levels.  
3. She is admitted, stabilized, and started on antibiotics.  
4. Two days later, she reports constipation and signs of urinary retention, though she is now afebrile and has a cranial rhythmic impulse (CRI) of 6.","Which component of the primary respiratory mechanism is most likely responsible for these new symptoms?

A. Lumbar spine dysfunction  
B. Coccygeal segment dysfunction  
C. Cranial base compression  
D. Thoracic diaphragm restriction  
E. Sphenobasilar synchondrosis restriction  
F. Pelvic diaphragm dysfunction  
G. Peripheral nerves  
H. Sacrum  
I. Reciprocal tension membrane  
J. Autonomic imbalance due to vagus nerve involvement",H,Low Relevance,Low Relevance,Irrelevant,High Relevance,,,,,,,,,,,,,,,,,
ID1298,"**Step 1: Read excerpt**

1. A 67-year-old male patient is evaluated on the surgical floor following a renal transplant performed the previous day using a matched donor.
2. His recovery is progressing well.
3. His medical history includes intravenous drug use, diabetes mellitus, oral cold sores, hypertension, renal failure, and dyslipidemia.
4. Before the transplant, he was on dialysis and taking lisinopril, atorvastatin, insulin, and aspirin.
5. Cyclosporine has been initiated postoperatively.
6. Over the next few days, the patient remains stable with a temperature of 98.5°F (36.9°C), blood pressure of 121/76 mmHg, pulse of 70/min, and respirations of 13/min.

**Step 2: Answer QA Details**

Which of the following medications should be initiated for this patient?

A. Ganciclovir  
B. Azithromycin  
C. Penicillin  
D. Voriconazole  
E. Atovaquone  
F. Caspofungin  
G. Dapsone  
H. TMP-SMX  
I. Fluconazole  
J. Valacyclovir  

**Step 3: Determine sentence relevance**

1. A 67-year-old male patient is evaluated on the surgical floor following a renal transplant performed the previous day using a matched donor.
2. His recovery is progressing well.
3. His medical history includes intravenous drug use, diabetes mellitus, oral cold sores, hypertension, renal failure, and dyslipidemia.
4. Before the transplant, he was on dialysis and taking lisinopril, atorvastatin, insulin, and aspirin.
5. Cyclosporine has been initiated postoperatively.
6. Over the next few days, the patient remains stable with a temperature of 98.5°F (36.9°C), blood pressure of 121/76 mmHg, pulse of 70/min, and respirations of 13/min.",6,H,medxpert,"1. A 67-year-old male patient is evaluated on the surgical floor following a renal transplant performed the previous day using a matched donor.
2. His recovery is progressing well.
3. His medical history includes intravenous drug use, diabetes mellitus, oral cold sores, hypertension, renal failure, and dyslipidemia.
4. Before the transplant, he was on dialysis and taking lisinopril, atorvastatin, insulin, and aspirin.
5. Cyclosporine has been initiated postoperatively.
6. Over the next few days, the patient remains stable with a temperature of 98.5°F (36.9°C), blood pressure of 121/76 mmHg, pulse of 70/min, and respirations of 13/min.","Which of the following medications should be initiated for this patient?

A. Ganciclovir  
B. Azithromycin  
C. Penicillin  
D. Voriconazole  
E. Atovaquone  
F. Caspofungin  
G. Dapsone  
H. TMP-SMX  
I. Fluconazole  
J. Valacyclovir",H,High Relevance,Low Relevance,Low Relevance,Irrelevant,High Relevance,Low Relevance,,,,,,,,,,,,,,,
ID1311,"Step 1: Read excerpt
1. A 31-year-old pregnant woman, gravida 2, para 1, at 27 weeks of gestation presents to the emergency department with a 2-day history of fever and productive cough producing yellow-green sputum.
2. Her pregnancy has been uncomplicated so far.
3. She has a medical history of asthma, controlled with inhaled fluticasone and as-needed albuterol.
4. On examination, she appears uncomfortable.
5. Her temperature is 38.4°C (101.1°F), pulse is 93/min, respiratory rate is 30/min, and blood pressure is 122/71 mm Hg.
6. Oxygen saturation on room air is 97%.
7. Chest auscultation reveals rhonchi in the right middle lung field.
8. Fundal height measures 26 cm, and fetal heart rate is 155/min.
9. Laboratory findings are as follows:

| Hemoglobin | 12.8 g/dL |
| --- | --- |
| Leukocyte count | 13,100/mm3 |
| Platelet count | 250,000/mm3 |
| Serum |  |
| Na+ | 142 mEq/L |
| K+ | 4.1 mEq/L |
| Urea nitrogen | 10 mg/dL |
| Creatinine | 0.8 mg/dL |

Urinalysis reveals no abnormalities.
10. A chest x-ray shows an infiltrate in the right middle lobe.

Step 2: Answer QA Details
What is the most appropriate next step in management?

A. Outpatient treatment with levofloxacin  
B. Inpatient treatment with ampicillin-sulbactam and azithromycin  
C. Inpatient treatment with cefuroxime and azithromycin  
D. Outpatient treatment with doxycycline  
E. Inpatient treatment with amoxicillin-clavulanate  
F. Outpatient treatment with amoxicillin and azithromycin  
G. Outpatient treatment with clarithromycin  
H. Outpatient treatment with cefuroxime and erythromycin  
I. Inpatient treatment with ceftriaxone and azithromycin  
J. Inpatient treatment with piperacillin-tazobactam and vancomycin  

Step 3: Determine sentence relevance
1. A 31-year-old pregnant woman, gravida 2, para 1, at 27 weeks of gestation presents to the emergency department with a 2-day history of fever and productive cough producing yellow-green sputum.
2. Her pregnancy has been uncomplicated so far.
3. She has a medical history of asthma, controlled with inhaled fluticasone and as-needed albuterol.
4. On examination, she appears uncomfortable.
5. Her temperature is 38.4°C (101.1°F), pulse is 93/min, respiratory rate is 30/min, and blood pressure is 122/71 mm Hg.
6. Oxygen saturation on room air is 97%.
7. Chest auscultation reveals rhonchi in the right middle lung field.
8. Fundal height measures 26 cm, and fetal heart rate is 155/min.
9. Laboratory findings are as follows:

| Hemoglobin | 12.8 g/dL |
| --- | --- |
| Leukocyte count | 13,100/mm3 |
| Platelet count | 250,000/mm3 |
| Serum |  |
| Na+ | 142 mEq/L |
| K+ | 4.1 mEq/L |
| Urea nitrogen | 10 mg/dL |
| Creatinine | 0.8 mg/dL |

Urinalysis reveals no abnormalities.
10. A chest x-ray shows an infiltrate in the right middle lobe.",9,B,medxpert,"1. A 31-year-old pregnant woman, gravida 2, para 1, at 27 weeks of gestation presents to the emergency department with a 2-day history of fever and productive cough producing yellow-green sputum.
2. Her pregnancy has been uncomplicated so far.
3. She has a medical history of asthma, controlled with inhaled fluticasone and as-needed albuterol.
4. On examination, she appears uncomfortable.
5. Her temperature is 38.4°C (101.1°F), pulse is 93/min, respiratory rate is 30/min, and blood pressure is 122/71 mm Hg.
6. Oxygen saturation on room air is 97%.
7. Chest auscultation reveals rhonchi in the right middle lung field.
8. Fundal height measures 26 cm, and fetal heart rate is 155/min.
9. Laboratory findings are as follows:

| Hemoglobin | 12.8 g/dL |
| --- | --- |
| Leukocyte count | 13,100/mm3 |
| Platelet count | 250,000/mm3 |
| Serum |  |
| Na+ | 142 mEq/L |
| K+ | 4.1 mEq/L |
| Urea nitrogen | 10 mg/dL |
| Creatinine | 0.8 mg/dL |

Urinalysis reveals no abnormalities.
10. A chest x-ray shows an infiltrate in the right middle lobe.","What is the most appropriate next step in management?

A. Outpatient treatment with levofloxacin  
B. Inpatient treatment with ampicillin-sulbactam and azithromycin  
C. Inpatient treatment with cefuroxime and azithromycin  
D. Outpatient treatment with doxycycline  
E. Inpatient treatment with amoxicillin-clavulanate  
F. Outpatient treatment with amoxicillin and azithromycin  
G. Outpatient treatment with clarithromycin  
H. Outpatient treatment with cefuroxime and erythromycin  
I. Inpatient treatment with ceftriaxone and azithromycin  
J. Inpatient treatment with piperacillin-tazobactam and vancomycin",F,High Relevance,Low Relevance,High Relevance,Low Relevance,High Relevance,High Relevance,Low Relevance,Irrelevant,High Relevance,High Relevance,,,,,,,,,,,
ID1324,"**Step 1: Read excerpt**

1. A 20-year-old student shadowing in surgery loses consciousness, becoming pale and falling to the ground.
2. He experiences lightheadedness and blurred vision immediately before fainting, regains consciousness within 5 seconds, and recovers completely after brief rest.
3. During the episode, his heart exhibited decreased rate and contractility.

**Step 2: Answer QA Details**

Which of the following medications operates through the same cellular signaling pathway that was activated in this student's cardiac tissue?

A. Norepinephrine  
B. Epinephrine  
C. Digoxin  
D. Propranolol  
E. Atropine  
F. Clonidine  
G. Adenosine  
H. Verapamil  
I. Dobutamine  
J. Methacholine  

**Step 3: Determine sentence relevance**

1. A 20-year-old student shadowing in surgery loses consciousness, becoming pale and falling to the ground.
2. He experiences lightheadedness and blurred vision immediately before fainting, regains consciousness within 5 seconds, and recovers completely after brief rest.
3. During the episode, his heart exhibited decreased rate and contractility.",3,F,medxpert,"1. A 20-year-old student shadowing in surgery loses consciousness, becoming pale and falling to the ground.
2. He experiences lightheadedness and blurred vision immediately before fainting, regains consciousness within 5 seconds, and recovers completely after brief rest.
3. During the episode, his heart exhibited decreased rate and contractility.","Which of the following medications operates through the same cellular signaling pathway that was activated in this student's cardiac tissue?

A. Norepinephrine  
B. Epinephrine  
C. Digoxin  
D. Propranolol  
E. Atropine  
F. Clonidine  
G. Adenosine  
H. Verapamil  
I. Dobutamine  
J. Methacholine",F,,,,,,,,,,,,,,,,,,,,,
ID1328,"### Step 1: Read excerpt

1. During a recent hiking trip, a 17-year-old girl with up-to-date immunizations stepped on a wire, which went through her sneaker and punctured her right heel.
2. She was prescribed a 5-day course of amoxicillin-clavulanate.
3. Seven days after completing the antibiotics, she is unable to bear weight on her right foot and reports purulent drainage from her right heel.
4. On examination, the patient has a temperature of 38.7°C.
5. Her right heel is erythematous, and she has point tenderness over the puncture site.
6. In addition, pus is draining from the site of the wound.
7. Laboratory testing reveals a leukocyte count of 13,000 per mm3 (reference range, 4500–13,000) and an erythrocyte sedimentation rate of 30 mm/hr (1–25).
8. Radiographic findings reveal soft-tissue swelling and destructive changes of the calcaneus.

### Step 2: Answer QA Details

In addition to surgical debridement, which one of the following regimens, if any, should be initiated in this patient?

A. Vancomycin and ceftriaxone  
B. Vancomycin and metronidazole  
C. Doxycycline and rifampin  
D. Ampicillin-sulbactam and azithromycin  
E. Trimethoprim-sulfamethoxazole and ceftazidime  
F. Clindamycin and trimethoprim-sulfamethoxazole  
G. Clindamycin and ciprofloxacin  
H. Vancomycin and cefepime  
I. Cefazolin and gentamicin  
J. Daptomycin and piperacillin-tazobactam  

### Step 3: Determine sentence relevance

1. During a recent hiking trip, a 17-year-old girl with up-to-date immunizations stepped on a wire, which went through her sneaker and punctured her right heel.
2. She was prescribed a 5-day course of amoxicillin-clavulanate.
3. Seven days after completing the antibiotics, she is unable to bear weight on her right foot and reports purulent drainage from her right heel.
4. On examination, the patient has a temperature of 38.7°C.
5. Her right heel is erythematous, and she has point tenderness over the puncture site.
6. In addition, pus is draining from the site of the wound.
7. Laboratory testing reveals a leukocyte count of 13,000 per mm3 (reference range, 4500–13,000) and an erythrocyte sedimentation rate of 30 mm/hr (1–25).
8. Radiographic findings reveal soft-tissue swelling and destructive changes of the calcaneus.",8,H,medxpert,"1. During a recent hiking trip, a 17-year-old girl with up-to-date immunizations stepped on a wire, which went through her sneaker and punctured her right heel.
2. She was prescribed a 5-day course of amoxicillin-clavulanate.
3. Seven days after completing the antibiotics, she is unable to bear weight on her right foot and reports purulent drainage from her right heel.
4. On examination, the patient has a temperature of 38.7°C.
5. Her right heel is erythematous, and she has point tenderness over the puncture site.
6. In addition, pus is draining from the site of the wound.
7. Laboratory testing reveals a leukocyte count of 13,000 per mm3 (reference range, 4500–13,000) and an erythrocyte sedimentation rate of 30 mm/hr (1–25).
8. Radiographic findings reveal soft-tissue swelling and destructive changes of the calcaneus.","In addition to surgical debridement, which one of the following regimens, if any, should be initiated in this patient?

A. Vancomycin and ceftriaxone  
B. Vancomycin and metronidazole  
C. Doxycycline and rifampin  
D. Ampicillin-sulbactam and azithromycin  
E. Trimethoprim-sulfamethoxazole and ceftazidime  
F. Clindamycin and trimethoprim-sulfamethoxazole  
G. Clindamycin and ciprofloxacin  
H. Vancomycin and cefepime  
I. Cefazolin and gentamicin  
J. Daptomycin and piperacillin-tazobactam",H,High Relevance,Low Relevance,Low Relevance,Low Relevance,Low Relevance,Low Relevance,Low Relevance,High Relevance,,,,,,,,,,,,,
ID1354,"### Step 1: Read excerpt
1. A pregnant woman in her late 30s had normal findings on anatomic ultrasonography at 19 weeks’ gestation.  
2. Follow-up ultrasonography at 32 weeks’ gestation identified fetal hydrops.  
3. The fetal ultrasonogram showed a large left-sided hydrothorax, mediastinal shift, and ascites.  
4. After ruling out infectious causes, an ultrasonography-guided thoracoamniotic shunt was placed successfully at 32 weeks’ gestation.  
5. Results of follow-up ultrasonography on postoperative day 3 showed improvement in the fetal hydrothorax and resolution of hydrops and identified a feeding vessel originating from the descending aorta supplying a lung mass (Figure 1A).  
6. A, Feeding vessel (arrowhead) from descending aorta identified on ultrasonography at 32 weeks’ gestation.  
7. B, Feeding vessel (arrowhead) to lung mass (outlined) over left hemidiaphragm on computed tomography at age 9 months.  
8. Owing to premature rupture of membranes, the mother delivered at 33 weeks.  
9. The neonate showed no respiratory distress after birth, and the shunt was removed.  
10. On the day of birth, radiographic findings showed a left-sided pleural effusion.  
11. Ongoing pleural effusion caused respiratory distress, and on day 3 of life, a temporary thoracostomy tube was placed.  
12. During the following weeks, the thoracostomy tube output decreased, the tube was removed, and the patient was discharged home.  
13. At 9 months of age, follow-up computed tomography confirmed a lung mass with a feeding vessel (Figure 1B), and the patient returned for elective thoracoscopic resection.  

### Step 2: Answer QA Details
What Is Your Diagnosis?  
A: Teratoma  
B: Bronchopulmonary sequestration  
C: Congenital pulmonary airway malformation  
D: Carcinoma  

### Step 3: Determine sentence relevance
1. A pregnant woman in her late 30s had normal findings on anatomic ultrasonography at 19 weeks’ gestation.  
2. Follow-up ultrasonography at 32 weeks’ gestation identified fetal hydrops.  
3. The fetal ultrasonogram showed a large left-sided hydrothorax, mediastinal shift, and ascites.  
4. After ruling out infectious causes, an ultrasonography-guided thoracoamniotic shunt was placed successfully at 32 weeks’ gestation.  
5. Results of follow-up ultrasonography on postoperative day 3 showed improvement in the fetal hydrothorax and resolution of hydrops and identified a feeding vessel originating from the descending aorta supplying a lung mass (Figure 1A).  
6. A, Feeding vessel (arrowhead) from descending aorta identified on ultrasonography at 32 weeks’ gestation.  
7. B, Feeding vessel (arrowhead) to lung mass (outlined) over left hemidiaphragm on computed tomography at age 9 months.  
8. Owing to premature rupture of membranes, the mother delivered at 33 weeks.  
9. The neonate showed no respiratory distress after birth, and the shunt was removed.  
10. On the day of birth, radiographic findings showed a left-sided pleural effusion.  
11. Ongoing pleural effusion caused respiratory distress, and on day 3 of life, a temporary thoracostomy tube was placed.  
12. During the following weeks, the thoracostomy tube output decreased, the tube was removed, and the patient was discharged home.  
13. At 9 months of age, follow-up computed tomography confirmed a lung mass with a feeding vessel (Figure 1B), and the patient returned for elective thoracoscopic resection.  ",13,B,jama,"1. A pregnant woman in her late 30s had normal findings on anatomic ultrasonography at 19 weeks’ gestation.  
2. Follow-up ultrasonography at 32 weeks’ gestation identified fetal hydrops.  
3. The fetal ultrasonogram showed a large left-sided hydrothorax, mediastinal shift, and ascites.  
4. After ruling out infectious causes, an ultrasonography-guided thoracoamniotic shunt was placed successfully at 32 weeks’ gestation.  
5. Results of follow-up ultrasonography on postoperative day 3 showed improvement in the fetal hydrothorax and resolution of hydrops and identified a feeding vessel originating from the descending aorta supplying a lung mass (Figure 1A).  
6. A, Feeding vessel (arrowhead) from descending aorta identified on ultrasonography at 32 weeks’ gestation.  
7. B, Feeding vessel (arrowhead) to lung mass (outlined) over left hemidiaphragm on computed tomography at age 9 months.  
8. Owing to premature rupture of membranes, the mother delivered at 33 weeks.  
9. The neonate showed no respiratory distress after birth, and the shunt was removed.  
10. On the day of birth, radiographic findings showed a left-sided pleural effusion.  
11. Ongoing pleural effusion caused respiratory distress, and on day 3 of life, a temporary thoracostomy tube was placed.  
12. During the following weeks, the thoracostomy tube output decreased, the tube was removed, and the patient was discharged home.  
13. At 9 months of age, follow-up computed tomography confirmed a lung mass with a feeding vessel (Figure 1B), and the patient returned for elective thoracoscopic resection.","What Is Your Diagnosis?  
A: Teratoma  
B: Bronchopulmonary sequestration  
C: Congenital pulmonary airway malformation  
D: Carcinoma",B,Low Relevance,Low Relevance,Low Relevance,Irrelevant,High Relevance,High Relevance,High Relevance,Irrelevant,Irrelevant,Low Relevance,Irrelevant,Irrelevant,High Relevance,,,,,,,,
ID1392,"**Step 1: Read excerpt**

1. A 70-year-old female with hypertension is brought to the ICU presenting with hypotension and severe hematochezia.
2. Her colonoscopy from one month ago was unremarkable.
3. Current vital signs show tachycardia (120 bpm) and hypotension (92/65 mm Hg).
4. Her abdominal examination is benign, but rectal examination reveals abundant bright-red blood and clots.
5. Labs show:
- Hemoglobin: 6.0 g/dL (normal: 12.0-16.0)
- BUN: 7 mg/dL (normal: 10-20)
- Creatinine: 0.7 mg/dL (normal: 0.6-1.1)

After initial stabilization with fluids and blood products, an urgent upper endoscopy is performed and is negative.
6. The patient continues to have significant hematochezia and remains tachycardic.

**Step 2: Answer QA Details**

Which diagnostic test should be performed next?

A. Push enteroscopy  
B. Abdominal ultrasound  
C. Nuclear medicine bleeding scan  
D. Small bowel follow-through  
E. Double-balloon enteroscopy  
F. Exploratory laparotomy  
G. Contrast-enhanced CT enterography  
H. MR enterography  
I. Immediate colonoscopy after rapid colonic lavage  
J. Abdominal angiography  

**Step 3: Determine sentence relevance**

1. A 70-year-old female with hypertension is brought to the ICU presenting with hypotension and severe hematochezia.
2. Her colonoscopy from one month ago was unremarkable.
3. Current vital signs show tachycardia (120 bpm) and hypotension (92/65 mm Hg).
4. Her abdominal examination is benign, but rectal examination reveals abundant bright-red blood and clots.
5. Labs show:
- Hemoglobin: 6.0 g/dL (normal: 12.0-16.0)
- BUN: 7 mg/dL (normal: 10-20)
- Creatinine: 0.7 mg/dL (normal: 0.6-1.1)

After initial stabilization with fluids and blood products, an urgent upper endoscopy is performed and is negative.
6. The patient continues to have significant hematochezia and remains tachycardic.",5,J,medxpert,"1. A 70-year-old female with hypertension is brought to the ICU presenting with hypotension and severe hematochezia.
2. Her colonoscopy from one month ago was unremarkable.
3. Current vital signs show tachycardia (120 bpm) and hypotension (92/65 mm Hg).
4. Her abdominal examination is benign, but rectal examination reveals abundant bright-red blood and clots.
5. Labs show:
- Hemoglobin: 6.0 g/dL (normal: 12.0-16.0)
- BUN: 7 mg/dL (normal: 10-20)
- Creatinine: 0.7 mg/dL (normal: 0.6-1.1)

After initial stabilization with fluids and blood products, an urgent upper endoscopy is performed and is negative.
6. The patient continues to have significant hematochezia and remains tachycardic.","Which diagnostic test should be performed next?

A. Push enteroscopy  
B. Abdominal ultrasound  
C. Nuclear medicine bleeding scan  
D. Small bowel follow-through  
E. Double-balloon enteroscopy  
F. Exploratory laparotomy  
G. Contrast-enhanced CT enterography  
H. MR enterography  
I. Immediate colonoscopy after rapid colonic lavage  
J. Abdominal angiography",I,High Relevance,Low Relevance,High Relevance,High Relevance,High Relevance,High Relevance,,,,,,,,,,,,,,,
ID1395,"### Step 1: Read excerpt
1. A 27-year-old male is evaluated at a mountain base camp (elevation 4000 m/13,100 ft) with acute onset confusion, gait disturbance, and decreased mental status over the past 2 hours.
2. During his 5-day hiking expedition, the group ascended 1500 m (4900 ft) from base camp within 2 days.
3. On the third day, he was discovered in his tent with urinary incontinence and inability to answer basic questions.
4. The previous evening, he experienced headache, dizziness, and nausea.
5. Current examination reveals lethargy, temperature 37.5°C (99.5°F), heart rate 85/min, respiratory rate 20/min, and blood pressure 135/85 mm Hg.
6. Room air oxygen saturation is 89%.
7. Neurological findings include dysarthria and ataxia, with negative Kernig sign.

### Step 2: Answer QA Details
Given the limited medical resources available, which of the following medications would be most appropriate as the initial treatment?

A. Beta-agonist inhaler  
B. Aspirin  
C. Phenytoin  
D. Mannitol  
E. Furosemide  
F. Supplemental oxygen  
G. Nifedipine  
H. Hypertonic saline  
I. Acetazolamide  
J. Dexamethasone  

### Step 3: Determine sentence relevance
1. A 27-year-old male is evaluated at a mountain base camp (elevation 4000 m/13,100 ft) with acute onset confusion, gait disturbance, and decreased mental status over the past 2 hours.
2. During his 5-day hiking expedition, the group ascended 1500 m (4900 ft) from base camp within 2 days.
3. On the third day, he was discovered in his tent with urinary incontinence and inability to answer basic questions.
4. The previous evening, he experienced headache, dizziness, and nausea.
5. Current examination reveals lethargy, temperature 37.5°C (99.5°F), heart rate 85/min, respiratory rate 20/min, and blood pressure 135/85 mm Hg.
6. Room air oxygen saturation is 89%.
7. Neurological findings include dysarthria and ataxia, with negative Kernig sign.",7,J,medxpert,"1. A 27-year-old male is evaluated at a mountain base camp (elevation 4000 m/13,100 ft) with acute onset confusion, gait disturbance, and decreased mental status over the past 2 hours.
2. During his 5-day hiking expedition, the group ascended 1500 m (4900 ft) from base camp within 2 days.
3. On the third day, he was discovered in his tent with urinary incontinence and inability to answer basic questions.
4. The previous evening, he experienced headache, dizziness, and nausea.
5. Current examination reveals lethargy, temperature 37.5°C (99.5°F), heart rate 85/min, respiratory rate 20/min, and blood pressure 135/85 mm Hg.
6. Room air oxygen saturation is 89%.
7. Neurological findings include dysarthria and ataxia, with negative Kernig sign.","Given the limited medical resources available, which of the following medications would be most appropriate as the initial treatment?

A. Beta-agonist inhaler  
B. Aspirin  
C. Phenytoin  
D. Mannitol  
E. Furosemide  
F. Supplemental oxygen  
G. Nifedipine  
H. Hypertonic saline  
I. Acetazolamide  
J. Dexamethasone",J,High Relevance,High Relevance,High Relevance,High Relevance,Low Relevance,High Relevance,High Relevance,,,,,,,,,,,,,,
ID1396,"**Step 1: Read excerpt**

1. A 23-year-old female patient is admitted for scheduled surgery.  
2. During the procedure, she experiences significant blood loss requiring transfusion.  
3. Following blood administration, she develops acute dyspnea and requires immediate epinephrine treatment for an allergic reaction.  
4. Her medical history is unremarkable with no known allergies or chronic conditions.  

**Step 2: Answer QA Details**

Which serum immunoglobulin pattern would most likely be observed if her blood were analyzed?

A. Low IgE, high IgM, and normal IgG  
B. High IgG, high IgE, and low IgM  
C. High IgA, low IgE, and normal IgM  
D. High IgM, low IgA, and low IgE  
E. Normal IgE, low IgG, and high IgM  
F. Low IgG, low IgM, and normal IgA  
G. High IgE, normal IgA, and normal IgG  
H. Normal IgA, high IgE, and low IgM  
I. Low IgA, high IgG, and normal IgE  
J. Low IgA, normal IgG, and normal IgM  

**Step 3: Determine sentence relevance**

1. A 23-year-old female patient is admitted for scheduled surgery.  
2. During the procedure, she experiences significant blood loss requiring transfusion.  
3. Following blood administration, she develops acute dyspnea and requires immediate epinephrine treatment for an allergic reaction.  
4. Her medical history is unremarkable with no known allergies or chronic conditions.  ",4,J,medxpert,"1. A 23-year-old female patient is admitted for scheduled surgery.  
2. During the procedure, she experiences significant blood loss requiring transfusion.  
3. Following blood administration, she develops acute dyspnea and requires immediate epinephrine treatment for an allergic reaction.  
4. Her medical history is unremarkable with no known allergies or chronic conditions.","Which serum immunoglobulin pattern would most likely be observed if her blood were analyzed?

A. Low IgE, high IgM, and normal IgG  
B. High IgG, high IgE, and low IgM  
C. High IgA, low IgE, and normal IgM  
D. High IgM, low IgA, and low IgE  
E. Normal IgE, low IgG, and high IgM  
F. Low IgG, low IgM, and normal IgA  
G. High IgE, normal IgA, and normal IgG  
H. Normal IgA, high IgE, and low IgM  
I. Low IgA, high IgG, and normal IgE  
J. Low IgA, normal IgG, and normal IgM",J,Low Relevance,High Relevance,High Relevance,Low Relevance,,,,,,,,,,,,,,,,,
ID1423,"**Step 1: Read excerpt**

1. A 42-year-old woman comes to the clinic with a one-month history of low back pain.
2. She denies any recent trauma and works as a journalist, spending most of her time seated at a desk.
3. On examination in the prone position, there is a deep sacral sulcus on the right and a posterior inferior lateral angle (ILA) on the left.
4. During a seated forward bend test, the left posterior superior iliac spine (PSIS) moves superiorly.
5. L5 is noted to be flexed, rotated to the right, and sidebent to the right.

**Step 2: Answer QA Details**

What is the most likely diagnosis?

A. left-on-left sacral torsion  
B. right-on-left sacral torsion  
C. bilateral sacral flexion  
D. unilateral sacral flexion on the right  
E. unilateral sacral extension on the left  
F. left-on-right sacral torsion  
G. bilateral sacral extension  
H. sacral shear dysfunction on the right  
I. anterior sacral base dysfunction  
J. right-on-right sacral torsion  

**Step 3: Determine sentence relevance**

1. A 42-year-old woman comes to the clinic with a one-month history of low back pain.
2. She denies any recent trauma and works as a journalist, spending most of her time seated at a desk.
3. On examination in the prone position, there is a deep sacral sulcus on the right and a posterior inferior lateral angle (ILA) on the left.
4. During a seated forward bend test, the left posterior superior iliac spine (PSIS) moves superiorly.
5. L5 is noted to be flexed, rotated to the right, and sidebent to the right.",5,F,medxpert,"1. A 42-year-old woman comes to the clinic with a one-month history of low back pain.
2. She denies any recent trauma and works as a journalist, spending most of her time seated at a desk.
3. On examination in the prone position, there is a deep sacral sulcus on the right and a posterior inferior lateral angle (ILA) on the left.
4. During a seated forward bend test, the left posterior superior iliac spine (PSIS) moves superiorly.
5. L5 is noted to be flexed, rotated to the right, and sidebent to the right.","What is the most likely diagnosis?

A. left-on-left sacral torsion  
B. right-on-left sacral torsion  
C. bilateral sacral flexion  
D. unilateral sacral flexion on the right  
E. unilateral sacral extension on the left  
F. left-on-right sacral torsion  
G. bilateral sacral extension  
H. sacral shear dysfunction on the right  
I. anterior sacral base dysfunction  
J. right-on-right sacral torsion",J,,,,,,,,,,,,,,,,,,,,,
ID1429,"### Step 1: Read excerpt
1. A man in his 70s with a history of rheumatoid arthritis and a 50-pack-year smoking history presented with a worsening unproductive cough.
2. Chest radiography identified a right lung nodule, with complete workup revealing a T2aN0M0 right upper lobe non–small-cell lung cancer (NSCLC) measuring 4.3 × 2.9 cm.
3. A clinically significant cardiac history precluded the option of surgery.
4. He was treated with a definitive accelerated hypofractionated course of radiotherapy to a total of dose 60 Gy in 8 fractions.
5. Acute toxic effects were not observed, with the exception of minor fatigue that resolved 1 month after treatment.
6. A surveillance computed tomographic (CT) scan obtained at 3 months demonstrated that the right upper lobe tumor had decreased by 1 cm in all dimensions, and at this time the patient denied any new symptoms, including pain.
7. Approximately 5 months after treatment, he awakened with abrupt onset of severe right shoulder pain.
8. The pain was sharp, constant, and localized to his right scapula and ultimately progressed to the point of radiating down the extensor surface of his arm ending at his elbow.
9. He denied paresthesias, weakness, or any inciting events that could have led to its onset.
10. His primary care physician obtained a CT scan, followed 2 days later by a magnetic resonance image (MRI) of his right shoulder (Figure 1).

### Step 2: Answer QA Details
What Is Your Diagnosis?

A: Metastatic non–small-cell lung cancer  
B: Rib fracture  
C: Radiation-induced myositis  
D: Polymyalgia rheumatica  

### Step 3: Determine sentence relevance
1. A man in his 70s with a history of rheumatoid arthritis and a 50-pack-year smoking history presented with a worsening unproductive cough.
2. Chest radiography identified a right lung nodule, with complete workup revealing a T2aN0M0 right upper lobe non–small-cell lung cancer (NSCLC) measuring 4.3 × 2.9 cm.
3. A clinically significant cardiac history precluded the option of surgery.
4. He was treated with a definitive accelerated hypofractionated course of radiotherapy to a total of dose 60 Gy in 8 fractions.
5. Acute toxic effects were not observed, with the exception of minor fatigue that resolved 1 month after treatment.
6. A surveillance computed tomographic (CT) scan obtained at 3 months demonstrated that the right upper lobe tumor had decreased by 1 cm in all dimensions, and at this time the patient denied any new symptoms, including pain.
7. Approximately 5 months after treatment, he awakened with abrupt onset of severe right shoulder pain.
8. The pain was sharp, constant, and localized to his right scapula and ultimately progressed to the point of radiating down the extensor surface of his arm ending at his elbow.
9. He denied paresthesias, weakness, or any inciting events that could have led to its onset.
10. His primary care physician obtained a CT scan, followed 2 days later by a magnetic resonance image (MRI) of his right shoulder (Figure 1).",10,C,jama,"1. A man in his 70s with a history of rheumatoid arthritis and a 50-pack-year smoking history presented with a worsening unproductive cough.
2. Chest radiography identified a right lung nodule, with complete workup revealing a T2aN0M0 right upper lobe non–small-cell lung cancer (NSCLC) measuring 4.3 × 2.9 cm.
3. A clinically significant cardiac history precluded the option of surgery.
4. He was treated with a definitive accelerated hypofractionated course of radiotherapy to a total of dose 60 Gy in 8 fractions.
5. Acute toxic effects were not observed, with the exception of minor fatigue that resolved 1 month after treatment.
6. A surveillance computed tomographic (CT) scan obtained at 3 months demonstrated that the right upper lobe tumor had decreased by 1 cm in all dimensions, and at this time the patient denied any new symptoms, including pain.
7. Approximately 5 months after treatment, he awakened with abrupt onset of severe right shoulder pain.
8. The pain was sharp, constant, and localized to his right scapula and ultimately progressed to the point of radiating down the extensor surface of his arm ending at his elbow.
9. He denied paresthesias, weakness, or any inciting events that could have led to its onset.
10. His primary care physician obtained a CT scan, followed 2 days later by a magnetic resonance image (MRI) of his right shoulder (Figure 1).","What Is Your Diagnosis?

A: Metastatic non–small-cell lung cancer  
B: Rib fracture  
C: Radiation-induced myositis  
D: Polymyalgia rheumatica",C,Low Relevance,Low Relevance,Irrelevant,High Relevance,Low Relevance,Low Relevance,High Relevance,High Relevance,High Relevance,Low Relevance,,,,,,,,,,,
ID1449,"### Step 1: Read excerpt
1. A 76-year-old woman is brought to the emergency department by her son due to a 1-day history of upper abdominal pain, nausea, and shortness of breath.  
2. She was treated with coronary stent placement 3 days ago following an inferior wall myocardial infarction.  
3. Her medical history includes type 2 diabetes mellitus and recently diagnosed Alzheimer disease.  
4. She lives alone and has difficulty remembering to take her medications, which include aspirin, clopidogrel, atorvastatin, metoprolol, lisinopril, and metformin.  
5. She consumes 2–3 glasses of wine daily.  
6. On examination, she is alert and oriented to person and place but not to time.  
7. Her temperature is 36.9°C (98.4°F), pulse is 59/min, respirations are 17/min, and blood pressure is 145/77 mm Hg.  
8. Physical examination reveals no other abnormalities.

### Step 2: Answer QA Details
Which diagnostic test is most likely to confirm the diagnosis?

A. Chest radiography  
B. Serum lipase measurement  
C. Serial measurement of serum troponin concentration  
D. Arterial blood gas analysis  
E. Echocardiography  
F. CT angiography of the abdomen  
G. Complete blood count with differential  
H. 12-lead electrocardiogram with right-sided leads  
I. Serum lactate measurement  
J. D-dimer testing  

### Step 3: Determine sentence relevance
1. A 76-year-old woman is brought to the emergency department by her son due to a 1-day history of upper abdominal pain, nausea, and shortness of breath.  
2. She was treated with coronary stent placement 3 days ago following an inferior wall myocardial infarction.  
3. Her medical history includes type 2 diabetes mellitus and recently diagnosed Alzheimer disease.  
4. She lives alone and has difficulty remembering to take her medications, which include aspirin, clopidogrel, atorvastatin, metoprolol, lisinopril, and metformin.  
5. She consumes 2–3 glasses of wine daily.  
6. On examination, she is alert and oriented to person and place but not to time.  
7. Her temperature is 36.9°C (98.4°F), pulse is 59/min, respirations are 17/min, and blood pressure is 145/77 mm Hg.  
8. Physical examination reveals no other abnormalities.",8,C,medxpert,"1. A 76-year-old woman is brought to the emergency department by her son due to a 1-day history of upper abdominal pain, nausea, and shortness of breath.  
2. She was treated with coronary stent placement 3 days ago following an inferior wall myocardial infarction.  
3. Her medical history includes type 2 diabetes mellitus and recently diagnosed Alzheimer disease.  
4. She lives alone and has difficulty remembering to take her medications, which include aspirin, clopidogrel, atorvastatin, metoprolol, lisinopril, and metformin.  
5. She consumes 2–3 glasses of wine daily.  
6. On examination, she is alert and oriented to person and place but not to time.  
7. Her temperature is 36.9°C (98.4°F), pulse is 59/min, respirations are 17/min, and blood pressure is 145/77 mm Hg.  
8. Physical examination reveals no other abnormalities.","Which diagnostic test is most likely to confirm the diagnosis?

A. Chest radiography  
B. Serum lipase measurement  
C. Serial measurement of serum troponin concentration  
D. Arterial blood gas analysis  
E. Echocardiography  
F. CT angiography of the abdomen  
G. Complete blood count with differential  
H. 12-lead electrocardiogram with right-sided leads  
I. Serum lactate measurement  
J. D-dimer testing",H,,,,,,,,,,,,,,,,,,,,,
ID1463,"**Step 1: Read excerpt**

1. A 20-month-old girl with no significant medical history and up-to-date vaccinations is brought to the clinic by her parents due to a 3-day history of fever, tugging at her right ear, and reduced appetite.
2. On examination, her temperature is 38.9°C, and her right tympanic membrane appears erythematous and bulging.
3. Additionally, there is erythema, swelling, and tenderness in the postauricular area.
4. The remainder of the physical examination is unremarkable.

**Step 2: Answer QA Details**

What is the most appropriate next step in managing this patient?

A. Temporal bone CT with contrast  
B. Oral cefdinir for 7 days  
C. Watchful waiting with follow-up in 48-72 hours  
D. Oral amoxicillin-clavulanate twice daily for 14 days  
E. Oral amoxicillin alone for 10 days  
F. Topical antibiotic ear drops only  
G. Intravenous antibiotics  
H. Myringotomy with tympanostomy tube placement  
I. Intramuscular ceftriaxone single dose  
J. Oral azithromycin for 5 days  

**Step 3: Determine sentence relevance**

1. A 20-month-old girl with no significant medical history and up-to-date vaccinations is brought to the clinic by her parents due to a 3-day history of fever, tugging at her right ear, and reduced appetite.
2. On examination, her temperature is 38.9°C, and her right tympanic membrane appears erythematous and bulging.
3. Additionally, there is erythema, swelling, and tenderness in the postauricular area.
4. The remainder of the physical examination is unremarkable.",4,G,medxpert,"1. A 20-month-old girl with no significant medical history and up-to-date vaccinations is brought to the clinic by her parents due to a 3-day history of fever, tugging at her right ear, and reduced appetite.
2. On examination, her temperature is 38.9°C, and her right tympanic membrane appears erythematous and bulging.
3. Additionally, there is erythema, swelling, and tenderness in the postauricular area.
4. The remainder of the physical examination is unremarkable.","What is the most appropriate next step in managing this patient?

A. Temporal bone CT with contrast  
B. Oral cefdinir for 7 days  
C. Watchful waiting with follow-up in 48-72 hours  
D. Oral amoxicillin-clavulanate twice daily for 14 days  
E. Oral amoxicillin alone for 10 days  
F. Topical antibiotic ear drops only  
G. Intravenous antibiotics  
H. Myringotomy with tympanostomy tube placement  
I. Intramuscular ceftriaxone single dose  
J. Oral azithromycin for 5 days",G,High Relevance,High Relevance,High Relevance,Low Relevance,,,,,,,,,,,,,,,,,
ID1479,"### Step 1: Read excerpt
1. A 30-year-old woman comes to the physician because of a 2-day history of abdominal pain.
2. She has a history of recurrent upper respiratory tract infections, sinusitis, and pancreatitis.
3. She has thick nasal secretions.
4. She says that her sweat is salty and crystallizes on her skin.
5. Her vital signs are within normal limits.
6. Physical examination shows epigastric tenderness.
7. Genetic testing for the 36 most common mutations shows a detectable mutation (G551D) in one allele of the CFTR gene.

### Step 2: Answer QA Details
Which of the following best explains this patient's clinical phenotype?

A. Only one G551D allele is needed in CFTR

B. The patient is a CFTR obligate carrier

C. The patient's CFTR mutation is unrelated to her clinical phenotype

D. The second CFTR mutation was not detected by the testing obtained

### Step 3: Determine sentence relevance
1. A 30-year-old woman comes to the physician because of a 2-day history of abdominal pain.
2. She has a history of recurrent upper respiratory tract infections, sinusitis, and pancreatitis.
3. She has thick nasal secretions.
4. She says that her sweat is salty and crystallizes on her skin.
5. Her vital signs are within normal limits.
6. Physical examination shows epigastric tenderness.
7. Genetic testing for the 36 most common mutations shows a detectable mutation (G551D) in one allele of the CFTR gene.",7,D,mmlu,"1. A 30-year-old woman comes to the physician because of a 2-day history of abdominal pain.
2. She has a history of recurrent upper respiratory tract infections, sinusitis, and pancreatitis.
3. She has thick nasal secretions.
4. She says that her sweat is salty and crystallizes on her skin.
5. Her vital signs are within normal limits.
6. Physical examination shows epigastric tenderness.
7. Genetic testing for the 36 most common mutations shows a detectable mutation (G551D) in one allele of the CFTR gene.","Which of the following best explains this patient's clinical phenotype?

A. Only one G551D allele is needed in CFTR

B. The patient is a CFTR obligate carrier

C. The patient's CFTR mutation is unrelated to her clinical phenotype

D. The second CFTR mutation was not detected by the testing obtained",D,Low Relevance,High Relevance,High Relevance,High Relevance,Irrelevant,Low Relevance,High Relevance,,,,,,,,,,,,,,
ID1483,"### Step 1: Read excerpt
1. A 48-year-old male patient reports experiencing recurrent episodes of abdominal pain and diarrhea over the past year.
2. He describes his stools as watery, frothy, and bulky, with some episodes occurring without associated abdominal pain.
3. Additionally, he mentions three episodes of intense flushing over his head and neck without an identifiable cause.
4. Physical examination reveals no significant abnormalities.
5. Further diagnostic evaluation confirms the presence of metastasized carcinoid tumors.
6. The physician discusses the condition with the patient and recommends long-term treatment with octreotide.

### Step 2: Answer QA Details
Which of the following conditions is most likely to occur as a side effect of this medication?

A. Hypocortisolism  
B. Hypomagnesemia  
C. Hypocalcemia  
D. Hypophosphatemia  
E. Hypokalemia  
F. Hypothyroidism  
G. Hypogonadism  
H. Hyperglycemia  
I. Hyponatremia  
J. Hypoparathyroidism  

### Step 3: Determine sentence relevance
1. A 48-year-old male patient reports experiencing recurrent episodes of abdominal pain and diarrhea over the past year.
2. He describes his stools as watery, frothy, and bulky, with some episodes occurring without associated abdominal pain.
3. Additionally, he mentions three episodes of intense flushing over his head and neck without an identifiable cause.
4. Physical examination reveals no significant abnormalities.
5. Further diagnostic evaluation confirms the presence of metastasized carcinoid tumors.
6. The physician discusses the condition with the patient and recommends long-term treatment with octreotide.",6,F,medxpert,"1. A 48-year-old male patient reports experiencing recurrent episodes of abdominal pain and diarrhea over the past year.
2. He describes his stools as watery, frothy, and bulky, with some episodes occurring without associated abdominal pain.
3. Additionally, he mentions three episodes of intense flushing over his head and neck without an identifiable cause.
4. Physical examination reveals no significant abnormalities.
5. Further diagnostic evaluation confirms the presence of metastasized carcinoid tumors.
6. The physician discusses the condition with the patient and recommends long-term treatment with octreotide.","Which of the following conditions is most likely to occur as a side effect of this medication?

A. Hypocortisolism  
B. Hypomagnesemia  
C. Hypocalcemia  
D. Hypophosphatemia  
E. Hypokalemia  
F. Hypothyroidism  
G. Hypogonadism  
H. Hyperglycemia  
I. Hyponatremia  
J. Hypoparathyroidism",H,,,,,,,,,,,,,,,,,,,,,
ID1492,"**Step 1: Read excerpt**

1. A 42-year-old female presents to the ED with symptoms of recurring chest pressure accompanied by jaw pain radiation.
2. Her ECG demonstrates ST-segment elevation, while cardiac enzyme levels remain normal on both initial and follow-up testing hours later.
3. Her vital signs show a heart rate of 82/min and blood pressure of 128/76 mm Hg.
4. Upon cardiac examination, heart sounds are regular without any friction rub detected.

**Step 2: Answer QA Details**

Given this patient's suspected diagnosis, which therapeutic combination would be most appropriate?

A. Aspirin, clopidogrel, beta blockers, and nitrates  
B. Aspirin and beta blockers  
C. Aspirin and clopidogrel  
D. Beta blockers, nitrates, and aspirin  
E. Statins and beta blockers  
F. Calcium channel blockers and nitrates  
G. Low molecular weight heparin and nitrates  
H. ACE inhibitors and aspirin  
I. Nitrates only  
J. Coronary stenting with dual antiplatelet therapy  

**Step 3: Determine sentence relevance**

1. A 42-year-old female presents to the ED with symptoms of recurring chest pressure accompanied by jaw pain radiation.
2. Her ECG demonstrates ST-segment elevation, while cardiac enzyme levels remain normal on both initial and follow-up testing hours later.
3. Her vital signs show a heart rate of 82/min and blood pressure of 128/76 mm Hg.
4. Upon cardiac examination, heart sounds are regular without any friction rub detected.",4,F,medxpert,"1. A 42-year-old female presents to the ED with symptoms of recurring chest pressure accompanied by jaw pain radiation.
2. Her ECG demonstrates ST-segment elevation, while cardiac enzyme levels remain normal on both initial and follow-up testing hours later.
3. Her vital signs show a heart rate of 82/min and blood pressure of 128/76 mm Hg.
4. Upon cardiac examination, heart sounds are regular without any friction rub detected.","Given this patient's suspected diagnosis, which therapeutic combination would be most appropriate?

A. Aspirin, clopidogrel, beta blockers, and nitrates  
B. Aspirin and beta blockers  
C. Aspirin and clopidogrel  
D. Beta blockers, nitrates, and aspirin  
E. Statins and beta blockers  
F. Calcium channel blockers and nitrates  
G. Low molecular weight heparin and nitrates  
H. ACE inhibitors and aspirin  
I. Nitrates only  
J. Coronary stenting with dual antiplatelet therapy",F,Low Relevance,High Relevance,Irrelevant,Irrelevant,,,,,,,,,,,,,,,,,
ID1501,"### Step 1: Read excerpt
1. A 40-year-old male with a history of four episodes of calcium-containing kidney stones over the past 4 years presents for follow-up one week after passing an unrecovered stone.
2. His vital signs show blood pressure 124/76 mm Hg, heart rate 72/min, and weight 92 kg.
3. Laboratory studies reveal normal serum electrolytes, calcium, uric acid, and parathyroid hormone.
4. His 24-hour urine collection shows elevated sodium (190 mEq/24 hr), calcium (378 mg/24 hr), and oxalate (44 mg/24 hr), with low citrate (204 mg/24 hr) and alkaline pH (7.1).
5. Imaging reveals two 3-4 mm radiopaque stones in the left kidney.

### Step 2: Answer QA Details
Beyond lifestyle modifications including sodium restriction and increased fluid intake, which of the following is the most appropriate therapeutic intervention?

A. Start a low-calcium diet  
B. Initiate allopurinol  
C. Initiate bisphosphonate therapy  
D. Initiate furosemide  
E. Initiate potassium citrate  
F. Restrict dietary calcium  
G. Initiate acetazolamide  
H. Initiate sodium bicarbonate  
I. Recommend vitamin D supplementation  
J. Initiate chlorthalidone  

### Step 3: Determine sentence relevance
1. A 40-year-old male with a history of four episodes of calcium-containing kidney stones over the past 4 years presents for follow-up one week after passing an unrecovered stone.
2. His vital signs show blood pressure 124/76 mm Hg, heart rate 72/min, and weight 92 kg.
3. Laboratory studies reveal normal serum electrolytes, calcium, uric acid, and parathyroid hormone.
4. His 24-hour urine collection shows elevated sodium (190 mEq/24 hr), calcium (378 mg/24 hr), and oxalate (44 mg/24 hr), with low citrate (204 mg/24 hr) and alkaline pH (7.1).
5. Imaging reveals two 3-4 mm radiopaque stones in the left kidney.",5,J,medxpert,"1. A 40-year-old male with a history of four episodes of calcium-containing kidney stones over the past 4 years presents for follow-up one week after passing an unrecovered stone.
2. His vital signs show blood pressure 124/76 mm Hg, heart rate 72/min, and weight 92 kg.
3. Laboratory studies reveal normal serum electrolytes, calcium, uric acid, and parathyroid hormone.
4. His 24-hour urine collection shows elevated sodium (190 mEq/24 hr), calcium (378 mg/24 hr), and oxalate (44 mg/24 hr), with low citrate (204 mg/24 hr) and alkaline pH (7.1).
5. Imaging reveals two 3-4 mm radiopaque stones in the left kidney.","Beyond lifestyle modifications including sodium restriction and increased fluid intake, which of the following is the most appropriate therapeutic intervention?

A. Start a low-calcium diet  
B. Initiate allopurinol  
C. Initiate bisphosphonate therapy  
D. Initiate furosemide  
E. Initiate potassium citrate  
F. Restrict dietary calcium  
G. Initiate acetazolamide  
H. Initiate sodium bicarbonate  
I. Recommend vitamin D supplementation  
J. Initiate chlorthalidone",J,High Relevance,Irrelevant,High Relevance,High Relevance,Low Relevance,,,,,,,,,,,,,,,,
ID1557,"### Step 1: Read excerpt
1. A 72-year-old man seeks medical attention for urinary difficulties lasting 6 months, characterized by slow and intermittent urinary stream with terminal dribbling.
2. He reports no blood in urine or painful urination.
3. His medical history includes hypertension and hyperlipidemia, managed with lisinopril and atorvastatin.
4. Vital signs show: pulse 72/min, respiratory rate 14/min, blood pressure 140/92 mm Hg, and temperature 36.8°C (98.3°F).
5. The patient is alert and oriented.
6. Cardiac examination reveals a 2/6 systolic murmur at the left sternal border and an S3 gallop.
7. Digital rectal examination finds a symmetrically enlarged, non-tender prostate without nodules.
8. Stool occult blood test is negative.

### Step 2: Answer QA Details
Which posterior Chapman reflex point location would most likely correspond to this patient's condition?

A. Posterior iliac crest  
B. Inferior pubic ramus  
C. Coccyx  
D. Lateral femoral epicondyle  
E. Medial iliotibial band  
F. Sacroiliac joint  
G. Anterior superior iliac spine  
H. Ischial tuberosity  
I. Lateral sacral base  
J. Proximal left iliotibial band  

### Step 3: Determine sentence relevance
1. A 72-year-old man seeks medical attention for urinary difficulties lasting 6 months, characterized by slow and intermittent urinary stream with terminal dribbling.
2. He reports no blood in urine or painful urination.
3. His medical history includes hypertension and hyperlipidemia, managed with lisinopril and atorvastatin.
4. Vital signs show: pulse 72/min, respiratory rate 14/min, blood pressure 140/92 mm Hg, and temperature 36.8°C (98.3°F).
5. The patient is alert and oriented.
6. Cardiac examination reveals a 2/6 systolic murmur at the left sternal border and an S3 gallop.
7. Digital rectal examination finds a symmetrically enlarged, non-tender prostate without nodules.
8. Stool occult blood test is negative.",8,I,medxpert,"1. A 72-year-old man seeks medical attention for urinary difficulties lasting 6 months, characterized by slow and intermittent urinary stream with terminal dribbling.
2. He reports no blood in urine or painful urination.
3. His medical history includes hypertension and hyperlipidemia, managed with lisinopril and atorvastatin.
4. Vital signs show: pulse 72/min, respiratory rate 14/min, blood pressure 140/92 mm Hg, and temperature 36.8°C (98.3°F).
5. The patient is alert and oriented.
6. Cardiac examination reveals a 2/6 systolic murmur at the left sternal border and an S3 gallop.
7. Digital rectal examination finds a symmetrically enlarged, non-tender prostate without nodules.
8. Stool occult blood test is negative.","Which posterior Chapman reflex point location would most likely correspond to this patient's condition?

A. Posterior iliac crest  
B. Inferior pubic ramus  
C. Coccyx  
D. Lateral femoral epicondyle  
E. Medial iliotibial band  
F. Sacroiliac joint  
G. Anterior superior iliac spine  
H. Ischial tuberosity  
I. Lateral sacral base  
J. Proximal left iliotibial band",I,High Relevance,Low Relevance,Irrelevant,Irrelevant,Irrelevant,Irrelevant,High Relevance,Irrelevant,,,,,,,,,,,,,
ID1559,"### Step 1: Read excerpt
1. A 50-year-old male presents to the emergency department with acute abdominal pain.  
2. He reports several months of meal-associated abdominal discomfort, for which he has been using over-the-counter antacids, but notes a significant worsening of epigastric pain radiating to the right shoulder in the past hour, accompanied by nausea and vomiting.  
3. He denies fever, chills, or cough.  
4. His medical history includes hypertension managed with amlodipine, and he has no history of surgeries.  
5. He works as a carpenter and denies smoking, alcohol use, or illicit drug use.  
6. On examination, his temperature is 101.0°F (38.3°C), blood pressure is 110/60 mmHg, pulse is 110/min, and respirations are 22/min.  
7. Physical examination reveals diffuse abdominal rigidity, rebound tenderness, and hypoactive bowel sounds.  

### Step 2: Answer QA Details
Which of the following is the most appropriate next diagnostic step?

A. Blood cultures and broad-spectrum antibiotics  
B. Serum lipase and amylase testing  
D. Diagnostic peritoneal lavage  
G. Exploratory laparotomy  
H. Admission and serial abdominal exams  
I. Abdominal ultrasound  
J. Chest radiograph  

### Step 3: Determine sentence relevance
1. A 50-year-old male presents to the emergency department with acute abdominal pain.  
2. He reports several months of meal-associated abdominal discomfort, for which he has been using over-the-counter antacids, but notes a significant worsening of epigastric pain radiating to the right shoulder in the past hour, accompanied by nausea and vomiting.  
3. He denies fever, chills, or cough.  
4. His medical history includes hypertension managed with amlodipine, and he has no history of surgeries.  
5. He works as a carpenter and denies smoking, alcohol use, or illicit drug use.  
6. On examination, his temperature is 101.0°F (38.3°C), blood pressure is 110/60 mmHg, pulse is 110/min, and respirations are 22/min.  
7. Physical examination reveals diffuse abdominal rigidity, rebound tenderness, and hypoactive bowel sounds.",7,J,medxpert,"1. A 50-year-old male presents to the emergency department with acute abdominal pain.  
2. He reports several months of meal-associated abdominal discomfort, for which he has been using over-the-counter antacids, but notes a significant worsening of epigastric pain radiating to the right shoulder in the past hour, accompanied by nausea and vomiting.  
3. He denies fever, chills, or cough.  
4. His medical history includes hypertension managed with amlodipine, and he has no history of surgeries.  
5. He works as a carpenter and denies smoking, alcohol use, or illicit drug use.  
6. On examination, his temperature is 101.0°F (38.3°C), blood pressure is 110/60 mmHg, pulse is 110/min, and respirations are 22/min.  
7. Physical examination reveals diffuse abdominal rigidity, rebound tenderness, and hypoactive bowel sounds.","Which of the following is the most appropriate next diagnostic step?

A. Blood cultures and broad-spectrum antibiotics  
B. Serum lipase and amylase testing  
D. Diagnostic peritoneal lavage  
G. Exploratory laparotomy  
H. Admission and serial abdominal exams  
I. Abdominal ultrasound  
J. Chest radiograph",J,Low Relevance,High Relevance,Irrelevant,Low Relevance,Irrelevant,High Relevance,High Relevance,,,,,,,,,,,,,,
ID1572,"**Step 1: Read excerpt**

1. A 52-year-old Caucasian woman presents to the emergency department with dizziness, confusion, headache, and tinnitus.
2. Her vital signs include a respiratory rate of 26/min, blood pressure of 100/70 mmHg, and pulse of 100/min, regular.
3. She has a history of rheumatoid arthritis and has been on long-term medication for its treatment.
4. Her husband states that her symptoms began two hours ago after she ingested a large number of her medication during an episode of anger.
5. She has also experienced two episodes of vomiting since taking the pills.

**Step 2: Answer QA Details**

Which of the following should be administered to accelerate the excretion of the ingested medication?

A. Whole bowel irrigation  
B. Calcium gluconate  
C. Vitamin K administration  
D. Hemodialysis  
E. Acetylcysteine  
F. Sodium bicarbonate  
G. Multiple-dose activated charcoal  
H. Gastric lavage  
I. Forced alkaline diuresis  
J. Activated charcoal  

**Step 3: Determine sentence relevance**

1. A 52-year-old Caucasian woman presents to the emergency department with dizziness, confusion, headache, and tinnitus.
2. Her vital signs include a respiratory rate of 26/min, blood pressure of 100/70 mmHg, and pulse of 100/min, regular.
3. She has a history of rheumatoid arthritis and has been on long-term medication for its treatment.
4. Her husband states that her symptoms began two hours ago after she ingested a large number of her medication during an episode of anger.
5. She has also experienced two episodes of vomiting since taking the pills.",5,F,medxpert,"1. A 52-year-old Caucasian woman presents to the emergency department with dizziness, confusion, headache, and tinnitus.
2. Her vital signs include a respiratory rate of 26/min, blood pressure of 100/70 mmHg, and pulse of 100/min, regular.
3. She has a history of rheumatoid arthritis and has been on long-term medication for its treatment.
4. Her husband states that her symptoms began two hours ago after she ingested a large number of her medication during an episode of anger.
5. She has also experienced two episodes of vomiting since taking the pills.","Which of the following should be administered to accelerate the excretion of the ingested medication?

A. Whole bowel irrigation  
B. Calcium gluconate  
C. Vitamin K administration  
D. Hemodialysis  
E. Acetylcysteine  
F. Sodium bicarbonate  
G. Multiple-dose activated charcoal  
H. Gastric lavage  
I. Forced alkaline diuresis  
J. Activated charcoal",F,High Relevance,High Relevance,High Relevance,High Relevance,Low Relevance,,,,,,,,,,,,,,,,
ID1578,"### Step 1: Read excerpt
1. A 67-year-old male presents to the emergency department with a 2-week history of worsening shortness of breath, facial swelling, and a sensation of head fullness, particularly upon waking.
2. His medical history includes stage IV non-Hodgkin lymphoma diagnosed 8 months ago.
3. Vital signs are as follows: temperature 37.5 °C (99.5 °F), blood pressure 105/70 mmHg, heart rate 114 beats/min, respiratory rate 22 breaths/min, and oxygen saturation 88% on room air.
4. On examination, he is in distress with noticeable facial and upper extremity edema, distended neck veins, and no respiratory stridor.
5. Lung auscultation reveals clear fields.
6. Nontender cervical and axillary lymphadenopathy is observed.
7. A portable chest x-ray shows markedly enlarged mediastinal lymph nodes.

### Step 2: Answer QA Details
What is the most appropriate next step in management?

A. Central line placement and immediate chemotherapy administration  
B. Immediate thoracentesis to relieve pressure on the lungs  
C. Emergent tracheostomy and mechanical ventilation  
D. Anticoagulation therapy for suspected superior vena cava thrombosis  
E. Bronchoscopy with biopsy to confirm the diagnosis  
F. Broad-spectrum antibiotics and fluid resuscitation  
G. IV placement and high-dose glucocorticoid therapy  
H. Supplemental oxygen and elevation of the head of the bed  
I. Urethral catheter placement and diuretic therapy  
J. Endotracheal intubation and initiation of positive pressure ventilation  

### Step 3: Determine sentence relevance
1. A 67-year-old male presents to the emergency department with a 2-week history of worsening shortness of breath, facial swelling, and a sensation of head fullness, particularly upon waking.
2. His medical history includes stage IV non-Hodgkin lymphoma diagnosed 8 months ago.
3. Vital signs are as follows: temperature 37.5 °C (99.5 °F), blood pressure 105/70 mmHg, heart rate 114 beats/min, respiratory rate 22 breaths/min, and oxygen saturation 88% on room air.
4. On examination, he is in distress with noticeable facial and upper extremity edema, distended neck veins, and no respiratory stridor.
5. Lung auscultation reveals clear fields.
6. Nontender cervical and axillary lymphadenopathy is observed.
7. A portable chest x-ray shows markedly enlarged mediastinal lymph nodes.",7,H,medxpert,"1. A 67-year-old male presents to the emergency department with a 2-week history of worsening shortness of breath, facial swelling, and a sensation of head fullness, particularly upon waking.
2. His medical history includes stage IV non-Hodgkin lymphoma diagnosed 8 months ago.
3. Vital signs are as follows: temperature 37.5 °C (99.5 °F), blood pressure 105/70 mmHg, heart rate 114 beats/min, respiratory rate 22 breaths/min, and oxygen saturation 88% on room air.
4. On examination, he is in distress with noticeable facial and upper extremity edema, distended neck veins, and no respiratory stridor.
5. Lung auscultation reveals clear fields.
6. Nontender cervical and axillary lymphadenopathy is observed.
7. A portable chest x-ray shows markedly enlarged mediastinal lymph nodes.","What is the most appropriate next step in management?

A. Central line placement and immediate chemotherapy administration  
B. Immediate thoracentesis to relieve pressure on the lungs  
C. Emergent tracheostomy and mechanical ventilation  
D. Anticoagulation therapy for suspected superior vena cava thrombosis  
E. Bronchoscopy with biopsy to confirm the diagnosis  
F. Broad-spectrum antibiotics and fluid resuscitation  
G. IV placement and high-dose glucocorticoid therapy  
H. Supplemental oxygen and elevation of the head of the bed  
I. Urethral catheter placement and diuretic therapy  
J. Endotracheal intubation and initiation of positive pressure ventilation",G,High Relevance,High Relevance,High Relevance,High Relevance,Low Relevance,Low Relevance,High Relevance,,,,,,,,,,,,,,
ID1580,"**Step 1: Read excerpt**

1. A 59-year-old man comes to the primary care clinic complaining of generalized fatigue and a vague sense of feeling “unwell” without a clear cause.  
2. His medical history is unremarkable.  
3. During triage, his vital signs are recorded as follows: temperature 98.9 ºF, blood pressure 160/90 mmHg, pulse 80/min, and respiratory rate 16/min.  
4. The nurse observes and documents an unusually wide pulse pressure during this visit.  

**Step 2: Answer QA Details**

Which of the following pathological conditions is most likely to cause a widened pulse pressure?

A. Patent ductus arteriosus  
B. Hyperthyroidism  
C. Hemolytic anemia  
D. Pericardial fluid  
E. Cardiogenic shock  
F. Severe anemia  
G. Valve calcification  
H. High-output heart failure  
I. Arteriovenous fistula  
J. Aortic regurgitation  

**Step 3: Determine sentence relevance**

1. A 59-year-old man comes to the primary care clinic complaining of generalized fatigue and a vague sense of feeling “unwell” without a clear cause.  
2. His medical history is unremarkable.  
3. During triage, his vital signs are recorded as follows: temperature 98.9 ºF, blood pressure 160/90 mmHg, pulse 80/min, and respiratory rate 16/min.  
4. The nurse observes and documents an unusually wide pulse pressure during this visit.  ",4,C,medxpert,"1. A 59-year-old man comes to the primary care clinic complaining of generalized fatigue and a vague sense of feeling “unwell” without a clear cause.  
2. His medical history is unremarkable.  
3. During triage, his vital signs are recorded as follows: temperature 98.9 ºF, blood pressure 160/90 mmHg, pulse 80/min, and respiratory rate 16/min.  
4. The nurse observes and documents an unusually wide pulse pressure during this visit.","Which of the following pathological conditions is most likely to cause a widened pulse pressure?

A. Patent ductus arteriosus  
B. Hyperthyroidism  
C. Hemolytic anemia  
D. Pericardial fluid  
E. Cardiogenic shock  
F. Severe anemia  
G. Valve calcification  
H. High-output heart failure  
I. Arteriovenous fistula  
J. Aortic regurgitation",J,Low Relevance,Irrelevant,High Relevance,High Relevance,,,,,,,,,,,,,,,,,
ID1588,"### Step 1: Read excerpt
1. A 65-year-old woman was referred with a 6-week history of blurry vision, ocular pain, and subconjunctival yellow discoloration in the left eye.
2. Suspicious retinal detachment and intraocular mass were identified, which raised concerns for choroidal melanoma.
3. No symptoms or signs were reported in the right eye.
4. Her ocular history included bilateral cataract surgery 5 years prior.
5. Review of systems yielded negative results, including for ocular trauma, jaundice, and cutaneous melanoma.
6. She had no history of tobacco use.
7. On examination of the left eye, visual acuity was hand motion, and intraocular pressure was 8 mm Hg.
8. The anterior segment showed diffuse conjunctival chemosis of yellow hue, low-grade aqueous reaction, and pseudophakia (Figure 1A).
9. On the fundus evaluation, large pockets of subretinal fluid suggested choroidal effusion based on marked fluid shifting with head position.
10. B-scan ultrasonography confirmed 4-quadrant choroidal hemorrhage and partially mobile serous retinal detachment.
11. B-scans also exhibited a solid lesion from the 6- to 10-o’clock meridians with irregular shape and variable internal reflectivity, measuring 5.8 mm in height.
12. Magnetic resonance imaging was requested to delineate the mass from the surrounding clot (Figure 1B).
13. In the interim, she received oral steroids aiming to contain the abundant exudation and topical atropine for pain, evolving with minimal clinical improvement on these features.
14. Coloration changes in the left eye associated with choroidal hemorrhage and an intraocular solid lesion.
15. B, The arrowhead indicates the lesion and the asterisk, the adjacent clot.

### Step 2: Answer QA Details
What Would You Do Next?

A: Investigate liver dysfunction and biliary tract obstruction  
B: Drain the hemorrhage with scleral windows  
C: Treat with plaque brachytherapy  
D: Rule out an occult systemic neoplasm  

### Step 3: Determine sentence relevance
1. A 65-year-old woman was referred with a 6-week history of blurry vision, ocular pain, and subconjunctival yellow discoloration in the left eye.
2. Suspicious retinal detachment and intraocular mass were identified, which raised concerns for choroidal melanoma.
3. No symptoms or signs were reported in the right eye.
4. Her ocular history included bilateral cataract surgery 5 years prior.
5. Review of systems yielded negative results, including for ocular trauma, jaundice, and cutaneous melanoma.
6. She had no history of tobacco use.
7. On examination of the left eye, visual acuity was hand motion, and intraocular pressure was 8 mm Hg.
8. The anterior segment showed diffuse conjunctival chemosis of yellow hue, low-grade aqueous reaction, and pseudophakia (Figure 1A).
9. On the fundus evaluation, large pockets of subretinal fluid suggested choroidal effusion based on marked fluid shifting with head position.
10. B-scan ultrasonography confirmed 4-quadrant choroidal hemorrhage and partially mobile serous retinal detachment.
11. B-scans also exhibited a solid lesion from the 6- to 10-o’clock meridians with irregular shape and variable internal reflectivity, measuring 5.8 mm in height.
12. Magnetic resonance imaging was requested to delineate the mass from the surrounding clot (Figure 1B).
13. In the interim, she received oral steroids aiming to contain the abundant exudation and topical atropine for pain, evolving with minimal clinical improvement on these features.
14. Coloration changes in the left eye associated with choroidal hemorrhage and an intraocular solid lesion.
15. B, The arrowhead indicates the lesion and the asterisk, the adjacent clot.",15,D,jama,"1. A 65-year-old woman was referred with a 6-week history of blurry vision, ocular pain, and subconjunctival yellow discoloration in the left eye.
2. Suspicious retinal detachment and intraocular mass were identified, which raised concerns for choroidal melanoma.
3. No symptoms or signs were reported in the right eye.
4. Her ocular history included bilateral cataract surgery 5 years prior.
5. Review of systems yielded negative results, including for ocular trauma, jaundice, and cutaneous melanoma.
6. She had no history of tobacco use.
7. On examination of the left eye, visual acuity was hand motion, and intraocular pressure was 8 mm Hg.
8. The anterior segment showed diffuse conjunctival chemosis of yellow hue, low-grade aqueous reaction, and pseudophakia (Figure 1A).
9. On the fundus evaluation, large pockets of subretinal fluid suggested choroidal effusion based on marked fluid shifting with head position.
10. B-scan ultrasonography confirmed 4-quadrant choroidal hemorrhage and partially mobile serous retinal detachment.
11. B-scans also exhibited a solid lesion from the 6- to 10-o’clock meridians with irregular shape and variable internal reflectivity, measuring 5.8 mm in height.
12. Magnetic resonance imaging was requested to delineate the mass from the surrounding clot (Figure 1B).
13. In the interim, she received oral steroids aiming to contain the abundant exudation and topical atropine for pain, evolving with minimal clinical improvement on these features.
14. Coloration changes in the left eye associated with choroidal hemorrhage and an intraocular solid lesion.
15. B, The arrowhead indicates the lesion and the asterisk, the adjacent clot.","What Would You Do Next?

A: Investigate liver dysfunction and biliary tract obstruction  
B: Drain the hemorrhage with scleral windows  
C: Treat with plaque brachytherapy  
D: Rule out an occult systemic neoplasm",C,,,,,,,,,,,,,,,,,,,,,
ID1591,"### Step 1: Read excerpt
1. A young boy aged 6 is evaluated by a physician due to academic difficulties lasting one year.  
2. His history reveals early speech problems, sensory sensitivities (refusing to wear shoes), repetitive hand movements, and heightened sound sensitivity.  
3. According to his teacher, he plays in isolation, arranging toy trucks in lines.  
4. His medical record notes functional constipation treated with polyethylene glycol as needed.  
5. Growth parameters show height at 60th percentile, weight at 55th percentile, and head circumference at 88th percentile.  
6. During examination, he shows some ability to engage with objects the physician indicates but uses gestures rather than speech and avoids direct verbal responses.  
7. Both hearing and vision are normal.  

### Step 2: Answer QA Details
Which of these clinical features is the strongest predictor of an unfavorable prognosis?

A. Nonverbal communication skills  
B. Limited eye contact  
C. Normal growth parameters  
D. Macrocephaly  
E. Repetitive behaviors  
F. Functional constipation  
G. Sensory hyperreactivity  
H. Delayed diagnosis  
I. Speech impairment  
J. Fixated interests  

### Step 3: Determine sentence relevance
1. A young boy aged 6 is evaluated by a physician due to academic difficulties lasting one year.  
2. His history reveals early speech problems, sensory sensitivities (refusing to wear shoes), repetitive hand movements, and heightened sound sensitivity.  
3. According to his teacher, he plays in isolation, arranging toy trucks in lines.  
4. His medical record notes functional constipation treated with polyethylene glycol as needed.  
5. Growth parameters show height at 60th percentile, weight at 55th percentile, and head circumference at 88th percentile.  
6. During examination, he shows some ability to engage with objects the physician indicates but uses gestures rather than speech and avoids direct verbal responses.  
7. Both hearing and vision are normal.  ",7,I,medxpert,"1. A young boy aged 6 is evaluated by a physician due to academic difficulties lasting one year.  
2. His history reveals early speech problems, sensory sensitivities (refusing to wear shoes), repetitive hand movements, and heightened sound sensitivity.  
3. According to his teacher, he plays in isolation, arranging toy trucks in lines.  
4. His medical record notes functional constipation treated with polyethylene glycol as needed.  
5. Growth parameters show height at 60th percentile, weight at 55th percentile, and head circumference at 88th percentile.  
6. During examination, he shows some ability to engage with objects the physician indicates but uses gestures rather than speech and avoids direct verbal responses.  
7. Both hearing and vision are normal.","Which of these clinical features is the strongest predictor of an unfavorable prognosis?

A. Nonverbal communication skills  
B. Limited eye contact  
C. Normal growth parameters  
D. Macrocephaly  
E. Repetitive behaviors  
F. Functional constipation  
G. Sensory hyperreactivity  
H. Delayed diagnosis  
I. Speech impairment  
J. Fixated interests",I,Low Relevance,High Relevance,Low Relevance,Low Relevance,Low Relevance,High Relevance,Low Relevance,,,,,,,,,,,,,,
ID1593,"### Step 1: Read excerpt
1. An 18-year-old female cross-country runner presents to the clinic with a 2-week history of bilateral foot pain.
2. She reports that the pain started the morning after a competition, improves with rest, but worsens with activity as the day progresses.
3. Rest and ice have not alleviated her symptoms.
4. Her vital signs are normal, and her BMI is 22 kg/m².
5. On physical examination, there is diffuse tenderness over the plantar surfaces of the proximal metatarsals bilaterally, without point tenderness.
6. There is no evidence of pes planus, calcaneal pain, or Achilles tendon tenderness.
7. Fibular head motion is unremarkable.
8. Bilateral foot radiographs are negative.

### Step 2: Answer QA Details
What is the most likely cause of this patient’s pain?

A. Sesamoiditis  
B. Morton's neuroma  
C. Lateral longitudinal arch somatic dysfunction  
D. Plantar fasciitis  
E. Metatarsal stress fractures  
F. Tarsal tunnel syndrome  
G. Peroneal tendinopathy  
H. Flexor hallucis longus tendinitis  
I. Medial tibial stress syndrome  
J. Transverse arch somatic dysfunction  

### Step 3: Determine sentence relevance
1. An 18-year-old female cross-country runner presents to the clinic with a 2-week history of bilateral foot pain.
2. She reports that the pain started the morning after a competition, improves with rest, but worsens with activity as the day progresses.
3. Rest and ice have not alleviated her symptoms.
4. Her vital signs are normal, and her BMI is 22 kg/m².
5. On physical examination, there is diffuse tenderness over the plantar surfaces of the proximal metatarsals bilaterally, without point tenderness.
6. There is no evidence of pes planus, calcaneal pain, or Achilles tendon tenderness.
7. Fibular head motion is unremarkable.
8. Bilateral foot radiographs are negative.",8,J,medxpert,"1. An 18-year-old female cross-country runner presents to the clinic with a 2-week history of bilateral foot pain.
2. She reports that the pain started the morning after a competition, improves with rest, but worsens with activity as the day progresses.
3. Rest and ice have not alleviated her symptoms.
4. Her vital signs are normal, and her BMI is 22 kg/m².
5. On physical examination, there is diffuse tenderness over the plantar surfaces of the proximal metatarsals bilaterally, without point tenderness.
6. There is no evidence of pes planus, calcaneal pain, or Achilles tendon tenderness.
7. Fibular head motion is unremarkable.
8. Bilateral foot radiographs are negative.","What is the most likely cause of this patient’s pain?

A. Sesamoiditis  
B. Morton's neuroma  
C. Lateral longitudinal arch somatic dysfunction  
D. Plantar fasciitis  
E. Metatarsal stress fractures  
F. Tarsal tunnel syndrome  
G. Peroneal tendinopathy  
H. Flexor hallucis longus tendinitis  
I. Medial tibial stress syndrome  
J. Transverse arch somatic dysfunction",J,,,,,,,,,,,,,,,,,,,,,
ID1614,"**Step 1: Read excerpt**

1. A mother brings her 4-week-old son for a routine well-child check.  
2. The infant is alert, responsive to stimuli and his mother's voice, feeding appropriately, voiding normally, and meeting expected developmental milestones.  
3. The mother's only concern is that she notices her son's head appears ""somewhat flat."" While her labor was prolonged, there were no other complications during delivery.  
4. Physical examination reveals a normal fontanel and intact cranial nerves II-XII, with no evidence of oral clefting.  
5. However, the child's head shows increased width (transverse diameter) and decreased length (anteroposterior diameter).  

**Step 2: Answer QA Details**

Which cranial dysfunction best explains these findings?

A. Craniosynostosis  
B. Sphenobasilar synchondrosis dysfunction  
C. Lateral strain  
D. Cranial compression  
E. Superior vertical strain  
F. Plagiocephaly  
G. Occipital restriction  
H. Cranial torsion  
I. Cranial flexion  
J. Inferior vertical strain  

**Step 3: Determine sentence relevance**

1. A mother brings her 4-week-old son for a routine well-child check.  
2. The infant is alert, responsive to stimuli and his mother's voice, feeding appropriately, voiding normally, and meeting expected developmental milestones.  
3. The mother's only concern is that she notices her son's head appears ""somewhat flat."" While her labor was prolonged, there were no other complications during delivery.  
4. Physical examination reveals a normal fontanel and intact cranial nerves II-XII, with no evidence of oral clefting.  
5. However, the child's head shows increased width (transverse diameter) and decreased length (anteroposterior diameter).  ",5,I,medxpert,"1. A mother brings her 4-week-old son for a routine well-child check.  
2. The infant is alert, responsive to stimuli and his mother's voice, feeding appropriately, voiding normally, and meeting expected developmental milestones.  
3. The mother's only concern is that she notices her son's head appears ""somewhat flat."" While her labor was prolonged, there were no other complications during delivery.  
4. Physical examination reveals a normal fontanel and intact cranial nerves II-XII, with no evidence of oral clefting.  
5. However, the child's head shows increased width (transverse diameter) and decreased length (anteroposterior diameter).","Which cranial dysfunction best explains these findings?

A. Craniosynostosis  
B. Sphenobasilar synchondrosis dysfunction  
C. Lateral strain  
D. Cranial compression  
E. Superior vertical strain  
F. Plagiocephaly  
G. Occipital restriction  
H. Cranial torsion  
I. Cranial flexion  
J. Inferior vertical strain",I,Low Relevance,Low Relevance,High Relevance,High Relevance,High Relevance,,,,,,,,,,,,,,,,
ID1625,"### Step 1: Read excerpt
1. A 65-year-old male with gastric cancer presents for routine follow-up.
2. He reports feeling well, with no complaints of bleeding, bruising, leg swelling, or pain.
3. He has no personal or family history of venous thromboembolism (VTE) or arterial thrombosis.
4. His physical examination and vital signs are normal, and lower extremity venous Doppler ultrasonography shows no evidence of deep vein thrombosis.
5. His physician is considering enoxaparin therapy.
6. Given his laboratory results below, what is the most appropriate recommendation regarding enoxaparin use?

### Step 2: Answer QA Details
Given his laboratory results below, what is the most appropriate recommendation regarding enoxaparin use?

A. Enoxaparin should not be given because it is contraindicated in patients with this level of thrombocytopenia.  
B. Enoxaparin should be used to treat microvascular thrombosis.  
C. Enoxaparin should be given to prevent potential thrombosis.  
D. Prophylactic enoxaparin should be started due to the prolonged PT.  
E. Enoxaparin is indicated due to the combination of cancer and mild thrombocytopenia.  
F. Therapeutic enoxaparin is needed due to the high thrombotic risk in gastric cancer.  
G. Enoxaparin should be given to treat acute disseminated intravascular coagulation in this patient.  
H. No treatment is necessary given the lack of signs and symptoms of thrombosis.  
I. Enoxaparin should be started at a reduced dose due to the patient's cancer status.  
J. Enoxaparin should be given due to the elevated D-dimer level indicating occult thrombosis.

### Step 3: Determine sentence relevance
1. A 65-year-old male with gastric cancer presents for routine follow-up.
2. He reports feeling well, with no complaints of bleeding, bruising, leg swelling, or pain.
3. He has no personal or family history of venous thromboembolism (VTE) or arterial thrombosis.
4. His physical examination and vital signs are normal, and lower extremity venous Doppler ultrasonography shows no evidence of deep vein thrombosis.
5. His physician is considering enoxaparin therapy.
6. Given his laboratory results below, what is the most appropriate recommendation regarding enoxaparin use?",6,H,medxpert,"1. A 65-year-old male with gastric cancer presents for routine follow-up.
2. He reports feeling well, with no complaints of bleeding, bruising, leg swelling, or pain.
3. He has no personal or family history of venous thromboembolism (VTE) or arterial thrombosis.
4. His physical examination and vital signs are normal, and lower extremity venous Doppler ultrasonography shows no evidence of deep vein thrombosis.
5. His physician is considering enoxaparin therapy.
6. Given his laboratory results below, what is the most appropriate recommendation regarding enoxaparin use?","Given his laboratory results below, what is the most appropriate recommendation regarding enoxaparin use?

A. Enoxaparin should not be given because it is contraindicated in patients with this level of thrombocytopenia.  
B. Enoxaparin should be used to treat microvascular thrombosis.  
C. Enoxaparin should be given to prevent potential thrombosis.  
D. Prophylactic enoxaparin should be started due to the prolonged PT.  
E. Enoxaparin is indicated due to the combination of cancer and mild thrombocytopenia.  
F. Therapeutic enoxaparin is needed due to the high thrombotic risk in gastric cancer.  
G. Enoxaparin should be given to treat acute disseminated intravascular coagulation in this patient.  
H. No treatment is necessary given the lack of signs and symptoms of thrombosis.  
I. Enoxaparin should be started at a reduced dose due to the patient's cancer status.  
J. Enoxaparin should be given due to the elevated D-dimer level indicating occult thrombosis.",H,Low Relevance,High Relevance,Low Relevance,High Relevance,Low Relevance,Irrelevant,,,,,,,,,,,,,,,
ID1654,"### Step 1: Read excerpt
1. A 72-year-old female presents to the emergency department with severe abdominal pain and a 5-day history of bloody diarrhea that has progressively worsened.
2. In the past 24 hours, she has developed fevers and chills.
3. Her medical history includes ulcerative colitis, hypertension, and hypothyroidism, with current medications being hydrochlorothiazide, levothyroxine, and sulfasalazine.
4. Vital signs show:
- Temperature: 39.1°C (102.4°F)
- Pulse: 120/min
- Blood pressure: 90/60 mmHg
- Respirations: 20/min

The patient is oriented to person and place but not time.
5. Physical examination reveals dry mucous membranes, an unremarkable cardiopulmonary exam, and a distended, tender abdomen without rebound tenderness.
6. Bowel sounds are hyperactive.

Laboratory findings:
- Na+: 142 mEq/L
- Cl-: 107 mEq/L
- K+: 3.3 mEq/L
- HCO3-: 20 mEq/L
- BUN: 15 mg/dL
- Glucose: 92 mg/dL
- Creatinine: 1.2 mg/dL
- Calcium: 10.1 mg/dL
- Hemoglobin: 11.2 g/dL
- Hematocrit: 30%
- Leukocytes: 14,600/mm^3 with normal differential
- Platelets: 405,000/mm^3

### Step 2: Answer QA Details
What is the most appropriate next step in management?

A. Flexible sigmoidoscopy  
B. Colonoscopy with biopsy  
C. Abdominal ultrasound  
D. Measurement of fecal calprotectin  
E. Colectomy  
F. Stool culture and sensitivity  
G. Intravenous corticosteroids  
H. Empiric broad-spectrum antibiotics  
I. CT scan of the abdomen and pelvis  
J. Plain abdominal radiograph  

### Step 3: Determine sentence relevance
1. A 72-year-old female presents to the emergency department with severe abdominal pain and a 5-day history of bloody diarrhea that has progressively worsened.
2. In the past 24 hours, she has developed fevers and chills.
3. Her medical history includes ulcerative colitis, hypertension, and hypothyroidism, with current medications being hydrochlorothiazide, levothyroxine, and sulfasalazine.
4. Vital signs show:
- Temperature: 39.1°C (102.4°F)
- Pulse: 120/min
- Blood pressure: 90/60 mmHg
- Respirations: 20/min

The patient is oriented to person and place but not time.
5. Physical examination reveals dry mucous membranes, an unremarkable cardiopulmonary exam, and a distended, tender abdomen without rebound tenderness.
6. Bowel sounds are hyperactive.

Laboratory findings:
- Na+: 142 mEq/L
- Cl-: 107 mEq/L
- K+: 3.3 mEq/L
- HCO3-: 20 mEq/L
- BUN: 15 mg/dL
- Glucose: 92 mg/dL
- Creatinine: 1.2 mg/dL
- Calcium: 10.1 mg/dL
- Hemoglobin: 11.2 g/dL
- Hematocrit: 30%
- Leukocytes: 14,600/mm^3 with normal differential
- Platelets: 405,000/mm^3",4,J,medxpert,"1. A 72-year-old female presents to the emergency department with severe abdominal pain and a 5-day history of bloody diarrhea that has progressively worsened.
2. In the past 24 hours, she has developed fevers and chills.
3. Her medical history includes ulcerative colitis, hypertension, and hypothyroidism, with current medications being hydrochlorothiazide, levothyroxine, and sulfasalazine.
4. Vital signs show:
- Temperature: 39.1°C (102.4°F)
- Pulse: 120/min
- Blood pressure: 90/60 mmHg
- Respirations: 20/min

The patient is oriented to person and place but not time.
5. Physical examination reveals dry mucous membranes, an unremarkable cardiopulmonary exam, and a distended, tender abdomen without rebound tenderness.
6. Bowel sounds are hyperactive.

Laboratory findings:
- Na+: 142 mEq/L
- Cl-: 107 mEq/L
- K+: 3.3 mEq/L
- HCO3-: 20 mEq/L
- BUN: 15 mg/dL
- Glucose: 92 mg/dL
- Creatinine: 1.2 mg/dL
- Calcium: 10.1 mg/dL
- Hemoglobin: 11.2 g/dL
- Hematocrit: 30%
- Leukocytes: 14,600/mm^3 with normal differential
- Platelets: 405,000/mm^3","What is the most appropriate next step in management?

A. Flexible sigmoidoscopy  
B. Colonoscopy with biopsy  
C. Abdominal ultrasound  
D. Measurement of fecal calprotectin  
E. Colectomy  
F. Stool culture and sensitivity  
G. Intravenous corticosteroids  
H. Empiric broad-spectrum antibiotics  
I. CT scan of the abdomen and pelvis  
J. Plain abdominal radiograph",J,High Relevance,High Relevance,High Relevance,High Relevance,High Relevance,Low Relevance,High Relevance,,,,,,,,,,,,,,
ID1664,"### Step 1: Read excerpt
1. A woman in her 60s presented with a 1-month history of painless, blurred vision in the left eye.
2. Her medical history was significant for Waldenström macroglobulinemia (WM), and recent laboratory test results showed active WM with bone marrow involvement.
3. Results of the eye examination showed best-corrected visual acuity of 20/20 OD and 20/40 OS.
4. Anterior segment examination results showed a relatively shallow anterior chamber in the left eye.
5. Results of a dilated fundus examination showed a choroidal detachment in the left eye extending circumferentially from the 2-o’clock to the 5-o’clock position and extending posteriorly up to 3 to 4 disc diameters temporal to the macula (Figure, A).
6. There was vitreous hemorrhage with a poor view of the posterior pole (Figure, A).
7. A, Ultra-widefield fundus photograph of the left eye showing posterior vitreous hemorrhage (white arrowhead) and a choroidal detachment temporally (yellow arrowheads).
8. B, Anterior segment spectral domain optical coherence tomography of the left eye showing the narrow angle from suprachoroidal effusion.
9. Results of fundus fluorescein angiography of the left eye showed hypofluorescence corresponding to vitreous hemorrhage.
10. Tortuosity of the temporal vessels was prominent, with diffuse peripheral vascular leakage temporally.
11. Choroidal folds were observed 3 disc diameters temporal to the macula, extending to the periphery.
12. Peripheral capillary nonperfusion, vascular reorganization, neovascularization, and choroidal detachment were noted.
13. Anterior segment spectral domain optical coherence tomographic results showed a shallow anterior chamber and 360° narrow angles in the left eye (Figure, B).
14. Results of B-scan ultrasonography confirmed choroidal detachment in the left eye and revealed a small area of suprachoroidal effusion in the right eye in the superotemporal periphery.
15. Treat with combined systemic chemotherapy and pars plana vitrectomy

### Step 2: Answer QA Details
What Would You Do Next?

A: Observe the patient  
B: Perform pars plana vitrectomy  
C: Treat with systemic chemotherapy  
D: Treat with combined systemic chemotherapy and pars plana vitrectomy  

### Step 3: Determine sentence relevance
1. A woman in her 60s presented with a 1-month history of painless, blurred vision in the left eye.
2. Her medical history was significant for Waldenström macroglobulinemia (WM), and recent laboratory test results showed active WM with bone marrow involvement.
3. Results of the eye examination showed best-corrected visual acuity of 20/20 OD and 20/40 OS.
4. Anterior segment examination results showed a relatively shallow anterior chamber in the left eye.
5. Results of a dilated fundus examination showed a choroidal detachment in the left eye extending circumferentially from the 2-o’clock to the 5-o’clock position and extending posteriorly up to 3 to 4 disc diameters temporal to the macula (Figure, A).
6. There was vitreous hemorrhage with a poor view of the posterior pole (Figure, A).
7. A, Ultra-widefield fundus photograph of the left eye showing posterior vitreous hemorrhage (white arrowhead) and a choroidal detachment temporally (yellow arrowheads).
8. B, Anterior segment spectral domain optical coherence tomography of the left eye showing the narrow angle from suprachoroidal effusion.
9. Results of fundus fluorescein angiography of the left eye showed hypofluorescence corresponding to vitreous hemorrhage.
10. Tortuosity of the temporal vessels was prominent, with diffuse peripheral vascular leakage temporally.
11. Choroidal folds were observed 3 disc diameters temporal to the macula, extending to the periphery.
12. Peripheral capillary nonperfusion, vascular reorganization, neovascularization, and choroidal detachment were noted.
13. Anterior segment spectral domain optical coherence tomographic results showed a shallow anterior chamber and 360° narrow angles in the left eye (Figure, B).
14. Results of B-scan ultrasonography confirmed choroidal detachment in the left eye and revealed a small area of suprachoroidal effusion in the right eye in the superotemporal periphery.
15. Treat with combined systemic chemotherapy and pars plana vitrectomy",15,D,jama,"1. A woman in her 60s presented with a 1-month history of painless, blurred vision in the left eye.
2. Her medical history was significant for Waldenström macroglobulinemia (WM), and recent laboratory test results showed active WM with bone marrow involvement.
3. Results of the eye examination showed best-corrected visual acuity of 20/20 OD and 20/40 OS.
4. Anterior segment examination results showed a relatively shallow anterior chamber in the left eye.
5. Results of a dilated fundus examination showed a choroidal detachment in the left eye extending circumferentially from the 2-o’clock to the 5-o’clock position and extending posteriorly up to 3 to 4 disc diameters temporal to the macula (Figure, A).
6. There was vitreous hemorrhage with a poor view of the posterior pole (Figure, A).
7. A, Ultra-widefield fundus photograph of the left eye showing posterior vitreous hemorrhage (white arrowhead) and a choroidal detachment temporally (yellow arrowheads).
8. B, Anterior segment spectral domain optical coherence tomography of the left eye showing the narrow angle from suprachoroidal effusion.
9. Results of fundus fluorescein angiography of the left eye showed hypofluorescence corresponding to vitreous hemorrhage.
10. Tortuosity of the temporal vessels was prominent, with diffuse peripheral vascular leakage temporally.
11. Choroidal folds were observed 3 disc diameters temporal to the macula, extending to the periphery.
12. Peripheral capillary nonperfusion, vascular reorganization, neovascularization, and choroidal detachment were noted.
13. Anterior segment spectral domain optical coherence tomographic results showed a shallow anterior chamber and 360° narrow angles in the left eye (Figure, B).
14. Results of B-scan ultrasonography confirmed choroidal detachment in the left eye and revealed a small area of suprachoroidal effusion in the right eye in the superotemporal periphery.
15. Treat with combined systemic chemotherapy and pars plana vitrectomy","What Would You Do Next?

A: Observe the patient  
B: Perform pars plana vitrectomy  
C: Treat with systemic chemotherapy  
D: Treat with combined systemic chemotherapy and pars plana vitrectomy",C,,,,,,,,,,,,,,,,,,,,,
ID1667,"### Step 1: Read excerpt
1. A 47-year-old male visits his primary care physician reporting a seven-month history of fatigue.
2. His symptoms include morning headaches, poor concentration at work, and excessive daytime drowsiness.
3. He has experienced a 25-pound weight gain over the past year and recently began taking daily post-work walks for weight management.
4. He has no remarkable medical history.
5. His vital signs show: temperature 36.1°C (97°F), heart rate 84/min, respiratory rate 15/min, and blood pressure 138/82 mmHg.
6. His BMI is 36, and physical examination reveals a neck circumference of 42 cm with normal thyroid.
7. His skin is warm and slightly moist without edema.
8. Heart and lung examinations are normal.
9. His abdomen is non-tender, and he demonstrates full muscle strength in all extremities.

### Step 2: Answer QA Details
What is the most appropriate next step in diagnostic testing?

A. Complete blood count, basic metabolic panel, and thyroid-stimulating hormone  
B. Thyroxine  
C. Creatine kinase level  
D. Serum iron studies and vitamin B12 level  
E. Brain MRI with contrast  
F. Polysomnography  
G. Hemoglobin A1C and fasting glucose  
H. Morning cortisol  
J. 24-hour ambulatory blood pressure monitoring  

### Step 3: Determine sentence relevance
1. A 47-year-old male visits his primary care physician reporting a seven-month history of fatigue.
2. His symptoms include morning headaches, poor concentration at work, and excessive daytime drowsiness.
3. He has experienced a 25-pound weight gain over the past year and recently began taking daily post-work walks for weight management.
4. He has no remarkable medical history.
5. His vital signs show: temperature 36.1°C (97°F), heart rate 84/min, respiratory rate 15/min, and blood pressure 138/82 mmHg.
6. His BMI is 36, and physical examination reveals a neck circumference of 42 cm with normal thyroid.
7. His skin is warm and slightly moist without edema.
8. Heart and lung examinations are normal.
9. His abdomen is non-tender, and he demonstrates full muscle strength in all extremities.",9,A,medxpert,"1. A 47-year-old male visits his primary care physician reporting a seven-month history of fatigue.
2. His symptoms include morning headaches, poor concentration at work, and excessive daytime drowsiness.
3. He has experienced a 25-pound weight gain over the past year and recently began taking daily post-work walks for weight management.
4. He has no remarkable medical history.
5. His vital signs show: temperature 36.1°C (97°F), heart rate 84/min, respiratory rate 15/min, and blood pressure 138/82 mmHg.
6. His BMI is 36, and physical examination reveals a neck circumference of 42 cm with normal thyroid.
7. His skin is warm and slightly moist without edema.
8. Heart and lung examinations are normal.
9. His abdomen is non-tender, and he demonstrates full muscle strength in all extremities.","What is the most appropriate next step in diagnostic testing?

A. Complete blood count, basic metabolic panel, and thyroid-stimulating hormone  
B. Thyroxine  
C. Creatine kinase level  
D. Serum iron studies and vitamin B12 level  
E. Brain MRI with contrast  
F. Polysomnography  
G. Hemoglobin A1C and fasting glucose  
H. Morning cortisol  
J. 24-hour ambulatory blood pressure monitoring",F,Low Relevance,High Relevance,High Relevance,Low Relevance,Low Relevance,High Relevance,Irrelevant,Irrelevant,Irrelevant,,,,,,,,,,,,
ID1672,"### Step 1: Read excerpt

1. A 72-year-old woman was treated with a total postoperative radiotherapy dose of 55.86 Gy (to convert to rad, divide by 0.01) in 21 fractions after lumpectomy of a cT1bN0M0 mammary carcinoma.
2. Two months after the last dose of radiation she developed pruritic pustules and papules on the skin of the ipsilateral right breast.
3. She mentioned that she had a cold sore once several years ago.
4. Levoceterizine gave some relief of the itch.
5. Physical examination findings showed pustules surrounding the areola on the right breast with an increasing number in the submammary fold (Figure 1).

### Step 2: Answer QA Details

What Is Your Diagnosis?

A: Bacterial folliculitis  
B: Herpes infection  
C: Pityrosporum folliculitis  
D: Reaction to radiotherapy  

### Step 3: Determine sentence relevance

1. A 72-year-old woman was treated with a total postoperative radiotherapy dose of 55.86 Gy (to convert to rad, divide by 0.01) in 21 fractions after lumpectomy of a cT1bN0M0 mammary carcinoma.
2. Two months after the last dose of radiation she developed pruritic pustules and papules on the skin of the ipsilateral right breast.
3. She mentioned that she had a cold sore once several years ago.
4. Levoceterizine gave some relief of the itch.
5. Physical examination findings showed pustules surrounding the areola on the right breast with an increasing number in the submammary fold (Figure 1).",5,D,jama,"1. A 72-year-old woman was treated with a total postoperative radiotherapy dose of 55.86 Gy (to convert to rad, divide by 0.01) in 21 fractions after lumpectomy of a cT1bN0M0 mammary carcinoma.
2. Two months after the last dose of radiation she developed pruritic pustules and papules on the skin of the ipsilateral right breast.
3. She mentioned that she had a cold sore once several years ago.
4. Levoceterizine gave some relief of the itch.
5. Physical examination findings showed pustules surrounding the areola on the right breast with an increasing number in the submammary fold (Figure 1).","What Is Your Diagnosis?

A: Bacterial folliculitis  
B: Herpes infection  
C: Pityrosporum folliculitis  
D: Reaction to radiotherapy",D,High Relevance,High Relevance,Irrelevant,Low Relevance,High Relevance,,,,,,,,,,,,,,,,
ID1684,"### Step 1: Read excerpt
1. A 24-year-old G1P0000 woman attends her first prenatal visit at approximately 8 weeks of gestation.
2. She reports no significant symptoms other than increased fatigue and occasional nausea.
3. The patient recently immigrated from Africa and works as a babysitter for neighborhood children, one of whom recently had the flu and another with chickenpox.
4. She has no immunization records and does not recall receiving any vaccines.
5. She is sexually active only with her husband, has no history of sexually transmitted infections or intravenous drug use, and her husband has no medical issues.
6. Her temperature is 98.7°F (37.1°C), blood pressure is 122/76 mmHg, pulse is 66/min, and respirations are 12/min.
7. Physical examination is unremarkable.

### Step 2: Answer QA Details
Which of the following vaccines should be administered to this patient at this time?

A. Tetanus/Diphtheria/Pertussis vaccine  
B. Rabies vaccine  
D. Live-attenuated influenza vaccine  
E. Varicella vaccine  
G. Intramuscular flu vaccine  
H. Pneumococcal conjugate vaccine  
I. Hepatitis A vaccine  
J. Hepatitis B vaccine  

### Step 3: Determine sentence relevance
1. A 24-year-old G1P0000 woman attends her first prenatal visit at approximately 8 weeks of gestation.
2. She reports no significant symptoms other than increased fatigue and occasional nausea.
3. The patient recently immigrated from Africa and works as a babysitter for neighborhood children, one of whom recently had the flu and another with chickenpox.
4. She has no immunization records and does not recall receiving any vaccines.
5. She is sexually active only with her husband, has no history of sexually transmitted infections or intravenous drug use, and her husband has no medical issues.
6. Her temperature is 98.7°F (37.1°C), blood pressure is 122/76 mmHg, pulse is 66/min, and respirations are 12/min.
7. Physical examination is unremarkable.",7,G,medxpert,"1. A 24-year-old G1P0000 woman attends her first prenatal visit at approximately 8 weeks of gestation.
2. She reports no significant symptoms other than increased fatigue and occasional nausea.
3. The patient recently immigrated from Africa and works as a babysitter for neighborhood children, one of whom recently had the flu and another with chickenpox.
4. She has no immunization records and does not recall receiving any vaccines.
5. She is sexually active only with her husband, has no history of sexually transmitted infections or intravenous drug use, and her husband has no medical issues.
6. Her temperature is 98.7°F (37.1°C), blood pressure is 122/76 mmHg, pulse is 66/min, and respirations are 12/min.
7. Physical examination is unremarkable.","Which of the following vaccines should be administered to this patient at this time?

A. Tetanus/Diphtheria/Pertussis vaccine  
B. Rabies vaccine  
D. Live-attenuated influenza vaccine  
E. Varicella vaccine  
G. Intramuscular flu vaccine  
H. Pneumococcal conjugate vaccine  
I. Hepatitis A vaccine  
J. Hepatitis B vaccine",G,High Relevance,Low Relevance,High Relevance,High Relevance,Low Relevance,Irrelevant,Irrelevant,,,,,,,,,,,,,,
ID1687,"### Step 1: Read excerpt
1. A 16-year-old girl visits the primary care clinic with complaints of generalized fatigue, low-grade fever, and neck swellings.
2. After further evaluation, she is diagnosed with a rare type of lymphoma.
3. Public health officials observe a higher incidence of this lymphoma among young individuals in certain areas of a small community located near a power plant suspected of contaminating the drinking water supply.
4. To investigate whether exposure to the contaminated water is associated with an increased risk of developing this rare lymphoma, local physicians and epidemiologists plan a research study.

### Step 2: Answer QA Details
Which subset of individuals from the population would be most appropriate to include in the control group for this study?

A. Individuals from an unaffected community with no exposure to the contaminated water  
B. Individuals with no history of cancer from a neighboring community  
C. Individuals without lymphoma that were not exposed to the contaminated water  
D. Individuals without lymphoma but with other chronic diseases  
E. Individuals without lymphoma from the local outpatient clinic  
F. Individuals with lymphoma from a region unaffected by the water contamination  
G. Individuals without lymphoma who have lived in the community for less than one year  
H. Individuals without lymphoma that were exposed to the contaminated water  
I. Individuals without lymphoma matched by age and gender to the cases  
J. Individuals with lymphoma without exposure to the contaminated water  

### Step 3: Determine sentence relevance
1. A 16-year-old girl visits the primary care clinic with complaints of generalized fatigue, low-grade fever, and neck swellings.
2. After further evaluation, she is diagnosed with a rare type of lymphoma.
3. Public health officials observe a higher incidence of this lymphoma among young individuals in certain areas of a small community located near a power plant suspected of contaminating the drinking water supply.
4. To investigate whether exposure to the contaminated water is associated with an increased risk of developing this rare lymphoma, local physicians and epidemiologists plan a research study.",4,E,medxpert,"1. A 16-year-old girl visits the primary care clinic with complaints of generalized fatigue, low-grade fever, and neck swellings.
2. After further evaluation, she is diagnosed with a rare type of lymphoma.
3. Public health officials observe a higher incidence of this lymphoma among young individuals in certain areas of a small community located near a power plant suspected of contaminating the drinking water supply.
4. To investigate whether exposure to the contaminated water is associated with an increased risk of developing this rare lymphoma, local physicians and epidemiologists plan a research study.","Which subset of individuals from the population would be most appropriate to include in the control group for this study?

A. Individuals from an unaffected community with no exposure to the contaminated water  
B. Individuals with no history of cancer from a neighboring community  
C. Individuals without lymphoma that were not exposed to the contaminated water  
D. Individuals without lymphoma but with other chronic diseases  
E. Individuals without lymphoma from the local outpatient clinic  
F. Individuals with lymphoma from a region unaffected by the water contamination  
G. Individuals without lymphoma who have lived in the community for less than one year  
H. Individuals without lymphoma that were exposed to the contaminated water  
I. Individuals without lymphoma matched by age and gender to the cases  
J. Individuals with lymphoma without exposure to the contaminated water",I,,,,,,,,,,,,,,,,,,,,,
ID1691,"**Step 1: Read excerpt**

1. A 14-year-old girl with no notable medical history reports having intermittent mild pain in her upper right abdomen for the past 2 months.  
2. Her father notes that her appetite has been diminished but that her abdominal discomfort does not seem to be associated with eating meals.  
3. She is an avid basketball player and has also been reporting pain in her right lower chest while playing.  
4. She passes one regular bowel movement every day and has had no vomiting.  
5. She reports no dysphagia, odynophagia, fever, cough, dyspnea, pleurisy, night sweats, sick contacts, or recent travel.  
6. She has not yet started menstruating and does not report fatigue or lethargy.  
7. She has taken no medications recently and denies any toxic ingestions.  
8. Her immunizations are up to date.  
9. Her BMI has been consistently at the 75th percentile.  
10. She is in the ninth grade and has always performed well in classes.  
11. Physical examination is unremarkable.  
12. The abdomen is soft and nontender with no organomegaly.  
13. Laboratory testing yields the following results:  

|  | Patient value | Reference range |  
| --- | --- | --- |  
| Leukocyte count (per mm3) | 9000 | 4500–13,500 |  
| Hemoglobin (g/dL) | 13 | 12–16 |  
| Hematocrit (%) | 38.5 | 36.0–46.0 |  
| Platelet count (per mm3) | 220,000 | 150,000–450,000 |  
| Mean corpuscular volume (μm3) | 85 | 78–102 |  
| Erythrocyte sedimentation rate (mm/hour) | 4 | 0–20 |  
| C-reactive protein (mg/liter) | 1 | 0–5 |  
| Alanine aminotransferase (U/liter) | 255 | 5–30 |  
| Aspartate aminotransferase (U/liter) | 334 | 13–35 |  
| Total bilirubin (mg/dL) | 0.9 | <1.5 |  
| Direct bilirubin (mg/dL) | 0.1 | 0.2 |  
| Gamma-glutamyltransferase (U/liter) | 22 | 5–24 |  
| Alkaline phosphatase (U/liter) | 160 | 100–320 |  
| Total protein (g/dL) | 7.0 | 6–8 |  
| Albumin (g/dL) | 4.5 | 3.6–5.2 |  
| Prothrombin time | 13 | 11–14 |  
| International normalized ratio | 1.1 | — |  
| Total immunoglobulin G (mg/dL) | 1100 | 509–1580 |  
| Ferritin (ng/mL) | 110 | 7–140 |  
| Serum ceruloplasmin (mg/dL) | 19 | 20.8–43.2 |  

Testing is negative for anti-smooth muscle antibodies, anti-liver-kidney microsomal antibodies, hepatitis B antibodies, and hepatitis C antibodies.  
14. The alpha1-antitrypsin phenotype is MM (normal).  
15. Slit-lamp examination reveals copper deposition into the Descemet membrane.  

**Step 2: Answer QA Details**

Which one of the following next steps is most appropriate for this patient?

A. Initiation of zinc acetate therapy without further testing  
B. Testing for Kayser-Fleischer rings via slit-lamp examination  
C. Abdominal ultrasound to evaluate for hepatomegaly  
D. MRI of the brain to evaluate for basal ganglia changes  
E. Liver biopsy  
F. Measurement of 24-hour urinary copper excretion  
G. Serum free copper measurement  
H. Referral for liver transplantation evaluation  
I. Measurement of serum alpha-fetoprotein  
J. Genetic testing for common mutations in the ATP7B gene  

**Step 3: Determine sentence relevance**

1. A 14-year-old girl with no notable medical history reports having intermittent mild pain in her upper right abdomen for the past 2 months.  
2. Her father notes that her appetite has been diminished but that her abdominal discomfort does not seem to be associated with eating meals.  
3. She is an avid basketball player and has also been reporting pain in her right lower chest while playing.  
4. She passes one regular bowel movement every day and has had no vomiting.  
5. She reports no dysphagia, odynophagia, fever, cough, dyspnea, pleurisy, night sweats, sick contacts, or recent travel.  
6. She has not yet started menstruating and does not report fatigue or lethargy.  
7. She has taken no medications recently and denies any toxic ingestions.  
8. Her immunizations are up to date.  
9. Her BMI has been consistently at the 75th percentile.  
10. She is in the ninth grade and has always performed well in classes.  
11. Physical examination is unremarkable.  
12. The abdomen is soft and nontender with no organomegaly.  
13. Laboratory testing yields the following results:  

|  | Patient value | Reference range |  
| --- | --- | --- |  
| Leukocyte count (per mm3) | 9000 | 4500–13,500 |  
| Hemoglobin (g/dL) | 13 | 12–16 |  
| Hematocrit (%) | 38.5 | 36.0–46.0 |  
| Platelet count (per mm3) | 220,000 | 150,000–450,000 |  
| Mean corpuscular volume (μm3) | 85 | 78–102 |  
| Erythrocyte sedimentation rate (mm/hour) | 4 | 0–20 |  
| C-reactive protein (mg/liter) | 1 | 0–5 |  
| Alanine aminotransferase (U/liter) | 255 | 5–30 |  
| Aspartate aminotransferase (U/liter) | 334 | 13–35 |  
| Total bilirubin (mg/dL) | 0.9 | <1.5 |  
| Direct bilirubin (mg/dL) | 0.1 | 0.2 |  
| Gamma-glutamyltransferase (U/liter) | 22 | 5–24 |  
| Alkaline phosphatase (U/liter) | 160 | 100–320 |  
| Total protein (g/dL) | 7.0 | 6–8 |  
| Albumin (g/dL) | 4.5 | 3.6–5.2 |  
| Prothrombin time | 13 | 11–14 |  
| International normalized ratio | 1.1 | — |  
| Total immunoglobulin G (mg/dL) | 1100 | 509–1580 |  
| Ferritin (ng/mL) | 110 | 7–140 |  
| Serum ceruloplasmin (mg/dL) | 19 | 20.8–43.2 |  

Testing is negative for anti-smooth muscle antibodies, anti-liver-kidney microsomal antibodies, hepatitis B antibodies, and hepatitis C antibodies.  
14. The alpha1-antitrypsin phenotype is MM (normal).  
15. Slit-lamp examination reveals copper deposition into the Descemet membrane.  ",13,F,medxpert,"1. A 14-year-old girl with no notable medical history reports having intermittent mild pain in her upper right abdomen for the past 2 months.  
2. Her father notes that her appetite has been diminished but that her abdominal discomfort does not seem to be associated with eating meals.  
3. She is an avid basketball player and has also been reporting pain in her right lower chest while playing.  
4. She passes one regular bowel movement every day and has had no vomiting.  
5. She reports no dysphagia, odynophagia, fever, cough, dyspnea, pleurisy, night sweats, sick contacts, or recent travel.  
6. She has not yet started menstruating and does not report fatigue or lethargy.  
7. She has taken no medications recently and denies any toxic ingestions.  
8. Her immunizations are up to date.  
9. Her BMI has been consistently at the 75th percentile.  
10. She is in the ninth grade and has always performed well in classes.  
11. Physical examination is unremarkable.  
12. The abdomen is soft and nontender with no organomegaly.  
13. Laboratory testing yields the following results:  

|  | Patient value | Reference range |  
| --- | --- | --- |  
| Leukocyte count (per mm3) | 9000 | 4500–13,500 |  
| Hemoglobin (g/dL) | 13 | 12–16 |  
| Hematocrit (%) | 38.5 | 36.0–46.0 |  
| Platelet count (per mm3) | 220,000 | 150,000–450,000 |  
| Mean corpuscular volume (μm3) | 85 | 78–102 |  
| Erythrocyte sedimentation rate (mm/hour) | 4 | 0–20 |  
| C-reactive protein (mg/liter) | 1 | 0–5 |  
| Alanine aminotransferase (U/liter) | 255 | 5–30 |  
| Aspartate aminotransferase (U/liter) | 334 | 13–35 |  
| Total bilirubin (mg/dL) | 0.9 | <1.5 |  
| Direct bilirubin (mg/dL) | 0.1 | 0.2 |  
| Gamma-glutamyltransferase (U/liter) | 22 | 5–24 |  
| Alkaline phosphatase (U/liter) | 160 | 100–320 |  
| Total protein (g/dL) | 7.0 | 6–8 |  
| Albumin (g/dL) | 4.5 | 3.6–5.2 |  
| Prothrombin time | 13 | 11–14 |  
| International normalized ratio | 1.1 | — |  
| Total immunoglobulin G (mg/dL) | 1100 | 509–1580 |  
| Ferritin (ng/mL) | 110 | 7–140 |  
| Serum ceruloplasmin (mg/dL) | 19 | 20.8–43.2 |  

Testing is negative for anti-smooth muscle antibodies, anti-liver-kidney microsomal antibodies, hepatitis B antibodies, and hepatitis C antibodies.  
14. The alpha1-antitrypsin phenotype is MM (normal).  
15. Slit-lamp examination reveals copper deposition into the Descemet membrane.","Which one of the following next steps is most appropriate for this patient?

A. Initiation of zinc acetate therapy without further testing  
B. Testing for Kayser-Fleischer rings via slit-lamp examination  
C. Abdominal ultrasound to evaluate for hepatomegaly  
D. MRI of the brain to evaluate for basal ganglia changes  
E. Liver biopsy  
F. Measurement of 24-hour urinary copper excretion  
G. Serum free copper measurement  
H. Referral for liver transplantation evaluation  
I. Measurement of serum alpha-fetoprotein  
J. Genetic testing for common mutations in the ATP7B gene",A,Low Relevance,Low Relevance,Irrelevant,Irrelevant,Irrelevant,Irrelevant,Low Relevance,Irrelevant,Irrelevant,Irrelevant,Low Relevance,Low Relevance,High Relevance,Low Relevance,High Relevance,,,,,,
ID1696,"### Step 1: Read excerpt

1. A 49-year-old woman presents with facial discomfort and nasal congestion lasting 10 days.
2. Her medical history is notable for chronic nasal congestion and anosmia, which have progressively worsened over the past few years.
3. She is otherwise healthy, without allergies, and is not on any medications.
4. On examination, her vital signs are normal, and she is afebrile.
5. There is no tenderness over the sinuses on palpation.
6. Anterior rhinoscopy reveals bilateral lobulated masses with pale mucosa in both nasal cavities.

### Step 2: Answer QA Details

What is the most appropriate next step in managing this patient?

A. MRI with contrast of the sinuses  
B. CT of the sinuses  
C. Oral antibiotic therapy  
D. Allergy testing  
E. Nasal decongestant spray  
F. Referral to ENT specialist  
G. Saline nasal irrigation  
H. Oral antihistamine therapy  
I. Endoscopic biopsy of the masses  
J. Intranasal glucocorticoid spray  

### Step 3: Determine sentence relevance

1. A 49-year-old woman presents with facial discomfort and nasal congestion lasting 10 days.
2. Her medical history is notable for chronic nasal congestion and anosmia, which have progressively worsened over the past few years.
3. She is otherwise healthy, without allergies, and is not on any medications.
4. On examination, her vital signs are normal, and she is afebrile.
5. There is no tenderness over the sinuses on palpation.
6. Anterior rhinoscopy reveals bilateral lobulated masses with pale mucosa in both nasal cavities.",6,J,medxpert,"1. A 49-year-old woman presents with facial discomfort and nasal congestion lasting 10 days.
2. Her medical history is notable for chronic nasal congestion and anosmia, which have progressively worsened over the past few years.
3. She is otherwise healthy, without allergies, and is not on any medications.
4. On examination, her vital signs are normal, and she is afebrile.
5. There is no tenderness over the sinuses on palpation.
6. Anterior rhinoscopy reveals bilateral lobulated masses with pale mucosa in both nasal cavities.","What is the most appropriate next step in managing this patient?

A. MRI with contrast of the sinuses  
B. CT of the sinuses  
C. Oral antibiotic therapy  
D. Allergy testing  
E. Nasal decongestant spray  
F. Referral to ENT specialist  
G. Saline nasal irrigation  
H. Oral antihistamine therapy  
I. Endoscopic biopsy of the masses  
J. Intranasal glucocorticoid spray",J,,,,,,,,,,,,,,,,,,,,,
ID1741,"**Step 1: Read excerpt**

1. A patient with advanced melanoma (stage IV with liver, lung, and lymph node metastases) presents for evaluation of severe lower back pain that began one week ago.  
2. The pain is described as a significant midline lower back ache with sharp bilateral radiation to the lower extremities, accompanied by new difficulty standing from seated position.  
3. Current treatment includes oxycodone and combination immunotherapy with pembrolizumab and ipilimumab.  
4. On examination, vital signs show: temperature 98.4°F, pulse 94/min, blood pressure 132/86 mm Hg, and oxygen saturation 97% on room air.  
5. The lower back is tender to light touch.  
6. The patient moves all extremities spontaneously, with 3+/5 strength in both lower extremities.  
7. Lower extremity sensation and reflexes are intact.  
8. Spinal MRI reveals a new T12 lytic lesion with vertebral body collapse, bone fragment retropulsion into the spinal cord, epidural extension, and cord compression.  

**Step 2: Answer QA Details**

After emergency administration of dexamethasone, what is the most appropriate next step in management?

A. Discontinue immunotherapy  
B. Vancomycin plus piperacillin-tazobactam  
C. Increase oxycodone dosage  
D. MRI with contrast  
E. Urgent vertebroplasty  
F. Neurosurgical consultation  
G. Continue dexamethasone  
H. Physical therapy evaluation  
I. Palliative care consultation  
J. Radiation-oncology consultation  

**Step 3: Determine sentence relevance**

1. A patient with advanced melanoma (stage IV with liver, lung, and lymph node metastases) presents for evaluation of severe lower back pain that began one week ago.  
2. The pain is described as a significant midline lower back ache with sharp bilateral radiation to the lower extremities, accompanied by new difficulty standing from seated position.  
3. Current treatment includes oxycodone and combination immunotherapy with pembrolizumab and ipilimumab.  
4. On examination, vital signs show: temperature 98.4°F, pulse 94/min, blood pressure 132/86 mm Hg, and oxygen saturation 97% on room air.  
5. The lower back is tender to light touch.  
6. The patient moves all extremities spontaneously, with 3+/5 strength in both lower extremities.  
7. Lower extremity sensation and reflexes are intact.  
8. Spinal MRI reveals a new T12 lytic lesion with vertebral body collapse, bone fragment retropulsion into the spinal cord, epidural extension, and cord compression.  ",8,F,medxpert,"1. A patient with advanced melanoma (stage IV with liver, lung, and lymph node metastases) presents for evaluation of severe lower back pain that began one week ago.  
2. The pain is described as a significant midline lower back ache with sharp bilateral radiation to the lower extremities, accompanied by new difficulty standing from seated position.  
3. Current treatment includes oxycodone and combination immunotherapy with pembrolizumab and ipilimumab.  
4. On examination, vital signs show: temperature 98.4°F, pulse 94/min, blood pressure 132/86 mm Hg, and oxygen saturation 97% on room air.  
5. The lower back is tender to light touch.  
6. The patient moves all extremities spontaneously, with 3+/5 strength in both lower extremities.  
7. Lower extremity sensation and reflexes are intact.  
8. Spinal MRI reveals a new T12 lytic lesion with vertebral body collapse, bone fragment retropulsion into the spinal cord, epidural extension, and cord compression.","After emergency administration of dexamethasone, what is the most appropriate next step in management?

A. Discontinue immunotherapy  
B. Vancomycin plus piperacillin-tazobactam  
C. Increase oxycodone dosage  
D. MRI with contrast  
E. Urgent vertebroplasty  
F. Neurosurgical consultation  
G. Continue dexamethasone  
H. Physical therapy evaluation  
I. Palliative care consultation  
J. Radiation-oncology consultation",F,High Relevance,High Relevance,Low Relevance,Irrelevant,Low Relevance,High Relevance,Low Relevance,High Relevance,,,,,,,,,,,,,
ID1750,"### Step 1: Read excerpt
1. A 16-year-old boy with no significant medical history is planning to travel to India with his family in 10 days for the birth of his niece.
2. His immunization records indicate that he has not received the hepatitis A vaccine.
3. He has lived in the United States his entire life.

### Step 2: Answer QA Details
What is the most appropriate strategy to prevent hepatitis A virus infection in this traveler?

A. Administer immunoglobulin only, as there is insufficient time for vaccine response  
B. Recommend strict dietary precautions only, as vaccination timing is suboptimal  
C. Complete the full two-dose hepatitis A vaccine series before departure  
D. Delay travel until full vaccination series can be completed  
E. Administer an accelerated vaccine schedule with doses 0, 7, and 21 days  
F. Provide education on safe food practices without additional prophylaxis or testing  
G. Administer combined hepatitis A and B vaccine series  
H. Administer the first dose of hepatitis A vaccine, and administer immunoglobulin the day before departure  
I. Administer the first dose of hepatitis A vaccine now  
J. No intervention needed as risk is minimal for short-term travel  

### Step 3: Determine sentence relevance
1. A 16-year-old boy with no significant medical history is planning to travel to India with his family in 10 days for the birth of his niece.
2. His immunization records indicate that he has not received the hepatitis A vaccine.
3. He has lived in the United States his entire life.",3,I,medxpert,"1. A 16-year-old boy with no significant medical history is planning to travel to India with his family in 10 days for the birth of his niece.
2. His immunization records indicate that he has not received the hepatitis A vaccine.
3. He has lived in the United States his entire life.","What is the most appropriate strategy to prevent hepatitis A virus infection in this traveler?

A. Administer immunoglobulin only, as there is insufficient time for vaccine response  
B. Recommend strict dietary precautions only, as vaccination timing is suboptimal  
C. Complete the full two-dose hepatitis A vaccine series before departure  
D. Delay travel until full vaccination series can be completed  
E. Administer an accelerated vaccine schedule with doses 0, 7, and 21 days  
F. Provide education on safe food practices without additional prophylaxis or testing  
G. Administer combined hepatitis A and B vaccine series  
H. Administer the first dose of hepatitis A vaccine, and administer immunoglobulin the day before departure  
I. Administer the first dose of hepatitis A vaccine now  
J. No intervention needed as risk is minimal for short-term travel",I,High Relevance,High Relevance,Low Relevance,,,,,,,,,,,,,,,,,,
ID1751,"### Step 1: Read excerpt
1. A 34-year-old woman presents to the clinic with complaints of right shoulder pain and mild shortness of breath.  
2. Her medical history includes asthma, but she reports no relief from her symptoms after using her albuterol inhaler.  
3. She denies chest or abdominal pain.  
4. Vital signs are within normal limits.  
5. On physical examination, breath sounds are clear bilaterally without wheezing.  
6. Rib motion palpation reveals that the right first rib does not move with the rest of the ribs during exhalation.  
7. Both shoulders have a full range of motion.  

### Step 2: Answer QA Details
If seated high-velocity/low-amplitude (HVLA) technique is used for treatment, what is the correct patient positioning and direction of the activating force?

A. Neck is extended and sidebent right, force of thrust posterior to anterior only  
B. Neck is rotated left with neutral sidebending, force of thrust caudad and medial  
C. Neck is sidebent and rotated left, force of thrust caudad only  
D. Neck is neutral, force of thrust anterior to posterior and cephalad  
E. Neck is sidebent right with neutral rotation, force of thrust posterior to anterior only  
F. Neck is neutral with slight flexion, force of thrust cephalad and lateral  
G. Neck is sidebent and rotated right, force of thrust posterior to anterior and caudad  
H. Neck is sidebent right and rotated left, force of thrust posterior to anterior and caudad  
I. Neck is flexed and rotated right, force of thrust lateral to medial and caudad  
J. Neck is sidebent left and rotated right, force of thrust anterior to posterior and caudad  

### Step 3: Determine sentence relevance
1. A 34-year-old woman presents to the clinic with complaints of right shoulder pain and mild shortness of breath.  
2. Her medical history includes asthma, but she reports no relief from her symptoms after using her albuterol inhaler.  
3. She denies chest or abdominal pain.  
4. Vital signs are within normal limits.  
5. On physical examination, breath sounds are clear bilaterally without wheezing.  
6. Rib motion palpation reveals that the right first rib does not move with the rest of the ribs during exhalation.  
7. Both shoulders have a full range of motion.  ",7,H,medxpert,"1. A 34-year-old woman presents to the clinic with complaints of right shoulder pain and mild shortness of breath.  
2. Her medical history includes asthma, but she reports no relief from her symptoms after using her albuterol inhaler.  
3. She denies chest or abdominal pain.  
4. Vital signs are within normal limits.  
5. On physical examination, breath sounds are clear bilaterally without wheezing.  
6. Rib motion palpation reveals that the right first rib does not move with the rest of the ribs during exhalation.  
7. Both shoulders have a full range of motion.","If seated high-velocity/low-amplitude (HVLA) technique is used for treatment, what is the correct patient positioning and direction of the activating force?

A. Neck is extended and sidebent right, force of thrust posterior to anterior only  
B. Neck is rotated left with neutral sidebending, force of thrust caudad and medial  
C. Neck is sidebent and rotated left, force of thrust caudad only  
D. Neck is neutral, force of thrust anterior to posterior and cephalad  
E. Neck is sidebent right with neutral rotation, force of thrust posterior to anterior only  
F. Neck is neutral with slight flexion, force of thrust cephalad and lateral  
G. Neck is sidebent and rotated right, force of thrust posterior to anterior and caudad  
H. Neck is sidebent right and rotated left, force of thrust posterior to anterior and caudad  
I. Neck is flexed and rotated right, force of thrust lateral to medial and caudad  
J. Neck is sidebent left and rotated right, force of thrust anterior to posterior and caudad",H,,,,,,,,,,,,,,,,,,,,,
ID1757,"### Step 1: Read excerpt
1. A 70-year-old woman presents 3 months after being hospitalized for a pelvic fracture that required surgical repair and was complicated by a segmental pulmonary embolism.  
2. She had no prior history of venous thromboembolism and was initially treated with unfractionated heparin in the hospital due to concerns about postoperative bleeding.  
3. She was subsequently transitioned to rivaroxaban at a dose of 15 mg twice daily for 21 days, followed by 20 mg daily.  
4. Since discharge, she has adhered perfectly to her rivaroxaban regimen without experiencing any bleeding complications.  
5. She currently has no complaints of chest pain, shortness of breath, or lower-extremity edema.  

### Step 2: Answer QA Details
What is the most appropriate next step in her management?

A. Discontinue the rivaroxaban if a chest CT scan shows resolution of the pulmonary embolism  
B. Perform a D-dimer test to guide the decision on whether to continue anticoagulation  
C. Continue rivaroxaban indefinitely due to the risk of recurrent pulmonary embolism  
D. Discontinue rivaroxaban and start low-dose aspirin for secondary prevention  
E. Switch to aspirin for long-term prevention of recurrent venous thromboembolism  
F. Transition to warfarin for long-term anticoagulation management  
G. Reduce the rivaroxaban dose to 10 mg daily for extended anticoagulation  
H. Continue the rivaroxaban at the current dose for a total of 6 months of anticoagulation  
I. Perform a thrombophilia workup before discontinuing rivaroxaban  
J. Discontinue the rivaroxaban without further testing  

### Step 3: Determine sentence relevance
1. A 70-year-old woman presents 3 months after being hospitalized for a pelvic fracture that required surgical repair and was complicated by a segmental pulmonary embolism.  
2. She had no prior history of venous thromboembolism and was initially treated with unfractionated heparin in the hospital due to concerns about postoperative bleeding.  
3. She was subsequently transitioned to rivaroxaban at a dose of 15 mg twice daily for 21 days, followed by 20 mg daily.  
4. Since discharge, she has adhered perfectly to her rivaroxaban regimen without experiencing any bleeding complications.  
5. She currently has no complaints of chest pain, shortness of breath, or lower-extremity edema.  ",5,J,medxpert,"1. A 70-year-old woman presents 3 months after being hospitalized for a pelvic fracture that required surgical repair and was complicated by a segmental pulmonary embolism.  
2. She had no prior history of venous thromboembolism and was initially treated with unfractionated heparin in the hospital due to concerns about postoperative bleeding.  
3. She was subsequently transitioned to rivaroxaban at a dose of 15 mg twice daily for 21 days, followed by 20 mg daily.  
4. Since discharge, she has adhered perfectly to her rivaroxaban regimen without experiencing any bleeding complications.  
5. She currently has no complaints of chest pain, shortness of breath, or lower-extremity edema.","What is the most appropriate next step in her management?

A. Discontinue the rivaroxaban if a chest CT scan shows resolution of the pulmonary embolism  
B. Perform a D-dimer test to guide the decision on whether to continue anticoagulation  
C. Continue rivaroxaban indefinitely due to the risk of recurrent pulmonary embolism  
D. Discontinue rivaroxaban and start low-dose aspirin for secondary prevention  
E. Switch to aspirin for long-term prevention of recurrent venous thromboembolism  
F. Transition to warfarin for long-term anticoagulation management  
G. Reduce the rivaroxaban dose to 10 mg daily for extended anticoagulation  
H. Continue the rivaroxaban at the current dose for a total of 6 months of anticoagulation  
I. Perform a thrombophilia workup before discontinuing rivaroxaban  
J. Discontinue the rivaroxaban without further testing",J,High Relevance,High Relevance,High Relevance,Low Relevance,Low Relevance,,,,,,,,,,,,,,,,
ID1767,"### Step 1: Read excerpt

1. A 2.5-year-old male is evaluated for constipation that began 6 months ago.
2. Previously, he had daily soft bowel movements, but now passes hard stools every 3-4 days with straining and occasional blood on toilet paper.
3. Despite 4 months of polyethylene glycol treatment, he continues having hard stools every 2-3 days with intermittent bloating.
4. His diet is diverse and includes fruits, vegetables, whole grains, meats, and 14 ounces of low-fat milk daily.
5. The patient was born full-term with normal meconium passage.
6. Family history includes paternal Crohn disease and type 1 diabetes in a maternal cousin.
7. Physical examination reveals a happy child with normal vital signs, though his weight has decreased from the 40th to 25th percentile over 4 months while maintaining height at the 45th percentile.
8. His abdomen is mildly distended with palpable stool in the left lower quadrant.
9. Digital rectal examination shows normal tone with hard stool present.
10. Neurological examination, including deep-tendon reflexes, is normal, and his back shows no abnormalities.

### Step 2: Answer QA Details

What is the most appropriate next step in evaluating this patient?

A. Request genetic testing for cystic fibrosis  
B. Obtain stool culture and ova/parasite testing  
C. Reassure the family without performing additional testing  
D. Obtain an abdominal radiograph  
F. Measure levels of tissue transglutaminase immunoglobulin A antibody and total IgA  
G. Request Hirschsprung disease biopsy  
H. Order MR enterography  
I. Order thyroid function tests and serum calcium  
J. Perform colonoscopy with biopsy  

### Step 3: Determine sentence relevance

1. A 2.5-year-old male is evaluated for constipation that began 6 months ago.
2. Previously, he had daily soft bowel movements, but now passes hard stools every 3-4 days with straining and occasional blood on toilet paper.
3. Despite 4 months of polyethylene glycol treatment, he continues having hard stools every 2-3 days with intermittent bloating.
4. His diet is diverse and includes fruits, vegetables, whole grains, meats, and 14 ounces of low-fat milk daily.
5. The patient was born full-term with normal meconium passage.
6. Family history includes paternal Crohn disease and type 1 diabetes in a maternal cousin.
7. Physical examination reveals a happy child with normal vital signs, though his weight has decreased from the 40th to 25th percentile over 4 months while maintaining height at the 45th percentile.
8. His abdomen is mildly distended with palpable stool in the left lower quadrant.
9. Digital rectal examination shows normal tone with hard stool present.
10. Neurological examination, including deep-tendon reflexes, is normal, and his back shows no abnormalities.",10,F,medxpert,"1. A 2.5-year-old male is evaluated for constipation that began 6 months ago.
2. Previously, he had daily soft bowel movements, but now passes hard stools every 3-4 days with straining and occasional blood on toilet paper.
3. Despite 4 months of polyethylene glycol treatment, he continues having hard stools every 2-3 days with intermittent bloating.
4. His diet is diverse and includes fruits, vegetables, whole grains, meats, and 14 ounces of low-fat milk daily.
5. The patient was born full-term with normal meconium passage.
6. Family history includes paternal Crohn disease and type 1 diabetes in a maternal cousin.
7. Physical examination reveals a happy child with normal vital signs, though his weight has decreased from the 40th to 25th percentile over 4 months while maintaining height at the 45th percentile.
8. His abdomen is mildly distended with palpable stool in the left lower quadrant.
9. Digital rectal examination shows normal tone with hard stool present.
10. Neurological examination, including deep-tendon reflexes, is normal, and his back shows no abnormalities.","What is the most appropriate next step in evaluating this patient?

A. Request genetic testing for cystic fibrosis  
B. Obtain stool culture and ova/parasite testing  
C. Reassure the family without performing additional testing  
D. Obtain an abdominal radiograph  
F. Measure levels of tissue transglutaminase immunoglobulin A antibody and total IgA  
G. Request Hirschsprung disease biopsy  
H. Order MR enterography  
I. Order thyroid function tests and serum calcium  
J. Perform colonoscopy with biopsy",F,High Relevance,High Relevance,High Relevance,Low Relevance,High Relevance,Low Relevance,High Relevance,Low Relevance,High Relevance,High Relevance,,,,,,,,,,,
ID1769,"### Step 1: Read excerpt
1. Two brothers in their late teens presented with bilateral eyelid swelling and irritation that had lasted 1 year.
2. There was no history of associated eyelid pain or bleeding.
3. The older brother had an extensive medical history, including dysphonia, oral mucosal lesions, alopecia, recurrent parotitis, vocal cord swelling, and recurrent vesicular eruptions on his face, trunk, and perineum.
4. He had seen several medical specialists and had been comprehensively evaluated for these concerns yet remained undiagnosed since birth.
5. Two skin biopsies were performed at 2 and 6 years of age, but the findings were considered unremarkable.
6. Findings from ophthalmological examination of the older sibling showed confluent waxy nodular lesions extending from the lashes to the mucocutaneous junction on all 4 eyelids, impairing eyelid closure bilaterally.
7. Focal trichiasis was associated with superficial punctate keratitis.
8. There were no other corneal findings.
9. There were no lesions on the conjunctiva or iris bilaterally.
10. The lenses were clear and no abnormalities were visualized using funduscopy.
11. Findings from the remainder of the ocular examination were unremarkable.
12. Clinical appearance of eyelid margin nodules in the older brother.
13. Waxy nodular lesions are present along the upper and lower eyelids of the patient’s left eye.
14. The younger brother had similar, although less severe, ocular and systemic findings, including eyelid nodules, facial scarring, hyperkeratosis, oral mucosal lesions, and dysphonia.
15. The patients’ parents denied consanguinity.

### Step 2: Answer QA Details
What Would You Do Next?

A: Administer hyperfocal cryotherapy to the eyelid nodules  
B: Start D-penicillamine therapy  
C: Perform an eyelid nodule biopsy  
D: Assess for enlarged tongue with decreased motility  

### Step 3: Determine sentence relevance
1. Two brothers in their late teens presented with bilateral eyelid swelling and irritation that had lasted 1 year.
2. There was no history of associated eyelid pain or bleeding.
3. The older brother had an extensive medical history, including dysphonia, oral mucosal lesions, alopecia, recurrent parotitis, vocal cord swelling, and recurrent vesicular eruptions on his face, trunk, and perineum.
4. He had seen several medical specialists and had been comprehensively evaluated for these concerns yet remained undiagnosed since birth.
5. Two skin biopsies were performed at 2 and 6 years of age, but the findings were considered unremarkable.
6. Findings from ophthalmological examination of the older sibling showed confluent waxy nodular lesions extending from the lashes to the mucocutaneous junction on all 4 eyelids, impairing eyelid closure bilaterally.
7. Focal trichiasis was associated with superficial punctate keratitis.
8. There were no other corneal findings.
9. There were no lesions on the conjunctiva or iris bilaterally.
10. The lenses were clear and no abnormalities were visualized using funduscopy.
11. Findings from the remainder of the ocular examination were unremarkable.
12. Clinical appearance of eyelid margin nodules in the older brother.
13. Waxy nodular lesions are present along the upper and lower eyelids of the patient’s left eye.
14. The younger brother had similar, although less severe, ocular and systemic findings, including eyelid nodules, facial scarring, hyperkeratosis, oral mucosal lesions, and dysphonia.
15. The patients’ parents denied consanguinity.",15,C,jama,"1. Two brothers in their late teens presented with bilateral eyelid swelling and irritation that had lasted 1 year.
2. There was no history of associated eyelid pain or bleeding.
3. The older brother had an extensive medical history, including dysphonia, oral mucosal lesions, alopecia, recurrent parotitis, vocal cord swelling, and recurrent vesicular eruptions on his face, trunk, and perineum.
4. He had seen several medical specialists and had been comprehensively evaluated for these concerns yet remained undiagnosed since birth.
5. Two skin biopsies were performed at 2 and 6 years of age, but the findings were considered unremarkable.
6. Findings from ophthalmological examination of the older sibling showed confluent waxy nodular lesions extending from the lashes to the mucocutaneous junction on all 4 eyelids, impairing eyelid closure bilaterally.
7. Focal trichiasis was associated with superficial punctate keratitis.
8. There were no other corneal findings.
9. There were no lesions on the conjunctiva or iris bilaterally.
10. The lenses were clear and no abnormalities were visualized using funduscopy.
11. Findings from the remainder of the ocular examination were unremarkable.
12. Clinical appearance of eyelid margin nodules in the older brother.
13. Waxy nodular lesions are present along the upper and lower eyelids of the patient’s left eye.
14. The younger brother had similar, although less severe, ocular and systemic findings, including eyelid nodules, facial scarring, hyperkeratosis, oral mucosal lesions, and dysphonia.
15. The patients’ parents denied consanguinity.","What Would You Do Next?

A: Administer hyperfocal cryotherapy to the eyelid nodules  
B: Start D-penicillamine therapy  
C: Perform an eyelid nodule biopsy  
D: Assess for enlarged tongue with decreased motility",D,Low Relevance,Irrelevant,High Relevance,Low Relevance,Low Relevance,High Relevance,Low Relevance,Irrelevant,Irrelevant,Irrelevant,Irrelevant,Low Relevance,High Relevance,High Relevance,Low Relevance,,,,,,
ID1775,"**Step 1: Read excerpt**

1. A 35-year-old male presents with fever and productive cough lasting one week.
2. His examination reveals left basilar crackles, with vital signs showing temperature 38.6°C (101.5°F), pulse 106/min, respirations 18/min, and oxygen saturation 96% on room air.
3. Chest X-ray confirms community-acquired pneumonia.

**Step 2: Answer QA Details**

What would be the expected rate of this patient's cranial rhythmic impulse?

A. 5 cycles/minute  
B. 18 cycles/minute  
C. 6 cycles/minute  
D. 20 cycles/minute  
E. 4 cycles/minute  
F. 8 cycles/minute  
G. 22 cycles/minute  
H. 15 cycles/minute  
I. 12 cycles/minute  
J. 10 cycles/minute  

**Step 3: Determine sentence relevance**

1. A 35-year-old male presents with fever and productive cough lasting one week.
2. His examination reveals left basilar crackles, with vital signs showing temperature 38.6°C (101.5°F), pulse 106/min, respirations 18/min, and oxygen saturation 96% on room air.
3. Chest X-ray confirms community-acquired pneumonia.",3,G,medxpert,"1. A 35-year-old male presents with fever and productive cough lasting one week.
2. His examination reveals left basilar crackles, with vital signs showing temperature 38.6°C (101.5°F), pulse 106/min, respirations 18/min, and oxygen saturation 96% on room air.
3. Chest X-ray confirms community-acquired pneumonia.","What would be the expected rate of this patient's cranial rhythmic impulse?

A. 5 cycles/minute  
B. 18 cycles/minute  
C. 6 cycles/minute  
D. 20 cycles/minute  
E. 4 cycles/minute  
F. 8 cycles/minute  
G. 22 cycles/minute  
H. 15 cycles/minute  
I. 12 cycles/minute  
J. 10 cycles/minute",H,High Relevance,High Relevance,Low Relevance,,,,,,,,,,,,,,,,,,
ID1778,"### Step 1: Read excerpt
1. A 22-year-old woman is brought to the emergency department by her roommate due to unusual behavior.
2. They had attended a party where alcohol and recreational drugs were consumed, but the roommate is unsure what substances the patient may have taken or ingested.
3. The patient is otherwise healthy and does not use any medications.
4. She appears anxious, with a temperature of 37.5°C (99.5°F), pulse of 110/min, respiratory rate of 16/min, and blood pressure of 145/82 mmHg.
5. Physical examination reveals dry mucous membranes and bilateral conjunctival injection.
6. Her breath sounds are normal, and the abdomen is soft and nontender.

### Step 2: Answer QA Details
Which of the following is the most likely finding on further evaluation?

A. Orthostatic hypotension  
B. Decreased appetite  
C. Enhanced sensory perception  
D. Tactile hallucinations  
E. Hyperreflexia  
F. Metabolic acidosis  
G. Memory impairment  
H. Decreased pain threshold  
I. Impaired reaction time  
J. Decreased pupillary response  

### Step 3: Determine sentence relevance
1. A 22-year-old woman is brought to the emergency department by her roommate due to unusual behavior.
2. They had attended a party where alcohol and recreational drugs were consumed, but the roommate is unsure what substances the patient may have taken or ingested.
3. The patient is otherwise healthy and does not use any medications.
4. She appears anxious, with a temperature of 37.5°C (99.5°F), pulse of 110/min, respiratory rate of 16/min, and blood pressure of 145/82 mmHg.
5. Physical examination reveals dry mucous membranes and bilateral conjunctival injection.
6. Her breath sounds are normal, and the abdomen is soft and nontender.",6,I,medxpert,"1. A 22-year-old woman is brought to the emergency department by her roommate due to unusual behavior.
2. They had attended a party where alcohol and recreational drugs were consumed, but the roommate is unsure what substances the patient may have taken or ingested.
3. The patient is otherwise healthy and does not use any medications.
4. She appears anxious, with a temperature of 37.5°C (99.5°F), pulse of 110/min, respiratory rate of 16/min, and blood pressure of 145/82 mmHg.
5. Physical examination reveals dry mucous membranes and bilateral conjunctival injection.
6. Her breath sounds are normal, and the abdomen is soft and nontender.","Which of the following is the most likely finding on further evaluation?

A. Orthostatic hypotension  
B. Decreased appetite  
C. Enhanced sensory perception  
D. Tactile hallucinations  
E. Hyperreflexia  
F. Metabolic acidosis  
G. Memory impairment  
H. Decreased pain threshold  
I. Impaired reaction time  
J. Decreased pupillary response",I,Low Relevance,Low Relevance,Irrelevant,High Relevance,High Relevance,Irrelevant,,,,,,,,,,,,,,,
ID1783,"**Step 1: Read excerpt**

1. An 8-year-old girl is brought to the physician because of a progressive swelling of her neck for the past 6 months.  
2. She has no pain, dyspnea, or dysphagia.  
3. She is at the 60th percentile for height and the 55th percentile for weight.  
4. Vital signs are within normal limits.  
5. Examination shows a 3-cm cystic, nontender swelling in the midline of the neck.  
6. The swelling moves upwards with protrusion of the tongue.  
7. There is no cervical lymphadenopathy.  
8. Her serum thyroid-stimulating hormone level is 2.1 μU/mL.  

**Step 2: Answer QA Details**

Which of the following is the most appropriate next step in management?

A. Excision of the cyst  
B. Thyroid scintigraphy  
C. Observation and follow-up in 6 months  
D. MRI of the neck  
E. Thyroid hormone replacement therapy  
F. Radioactive iodine uptake test  
G. Empiric antibiotic therapy  
H. Fine needle aspiration biopsy  
I. CT scan with contrast  
J. Ultrasonography of the neck  

**Step 3: Determine sentence relevance**

1. An 8-year-old girl is brought to the physician because of a progressive swelling of her neck for the past 6 months.  
2. She has no pain, dyspnea, or dysphagia.  
3. She is at the 60th percentile for height and the 55th percentile for weight.  
4. Vital signs are within normal limits.  
5. Examination shows a 3-cm cystic, nontender swelling in the midline of the neck.  
6. The swelling moves upwards with protrusion of the tongue.  
7. There is no cervical lymphadenopathy.  
8. Her serum thyroid-stimulating hormone level is 2.1 μU/mL.  ",8,J,medxpert,"1. An 8-year-old girl is brought to the physician because of a progressive swelling of her neck for the past 6 months.  
2. She has no pain, dyspnea, or dysphagia.  
3. She is at the 60th percentile for height and the 55th percentile for weight.  
4. Vital signs are within normal limits.  
5. Examination shows a 3-cm cystic, nontender swelling in the midline of the neck.  
6. The swelling moves upwards with protrusion of the tongue.  
7. There is no cervical lymphadenopathy.  
8. Her serum thyroid-stimulating hormone level is 2.1 μU/mL.","Which of the following is the most appropriate next step in management?

A. Excision of the cyst  
B. Thyroid scintigraphy  
C. Observation and follow-up in 6 months  
D. MRI of the neck  
E. Thyroid hormone replacement therapy  
F. Radioactive iodine uptake test  
G. Empiric antibiotic therapy  
H. Fine needle aspiration biopsy  
I. CT scan with contrast  
J. Ultrasonography of the neck",J,High Relevance,Low Relevance,Irrelevant,Low Relevance,High Relevance,High Relevance,Low Relevance,Low Relevance,,,,,,,,,,,,,
ID1791,"### Step 1: Read excerpt
1. A 47-year old woman with a history of adult-onset asthma and waxing and waning bilateral swelling of the upper eyelids presented with greater swelling of the left than right upper eyelids with yellow lesions (Figure 1A).
2. Previous episodes had been treated successfully with oral prednisone, and the patient had numerous recurrences within the past 10 years.
3. According to the patient’s report, a biopsy was performed several years ago at an outside institution, and the diagnosis was xanthelasma.
4. She denied visual changes.A, External photograph demonstrating bilateral periorbital swelling greater in the left than right eyelids, with associated yellow lesions.
5. B, Axial computed tomographic scan with contrast demonstrating enlargement and homogeneous enhancement of the left lacrimal gland and left lateral rectus muscle and bilateral preseptal soft tissues.Visual acuity was 20/40 OU  and improved to 20/25 OU with pinhole testing.
6. Intraocular pressures were normal, extraocular motility was full, and the pupils were round and reactive without an afferent pupillary defect.
7. Results of the examination revealed yellow lesions on both eyelids, palpebral swelling greater in the left than the right eye, erythema, ptosis, an S-shaped deformity of the left upper eyelid, and a palpable mass of the left superolateral orbit (Figure 1A).
8. Hertel exophthalmometry showed 2 mm of relative proptosis in the left eye.
9. Results of slitlamp and dilated fundus examinations were unremarkable.
10. A computed tomographic scan showed preseptal soft tissue swelling in both eyes and an extraconal left lacrimal gland mass extending behind the globe (Figure 1B).
11. We contacted the outside institution, and no reports of histopathologic examination of the biopsy specimen were found.

### Step 2: Answer QA Details
What Would You Do Next?

A: Oral antibiotic treatment  
B: Surgical debulking  
C: Oral corticosteroid treatment and biopsy  
D: Corticosteroid-sparing immunosuppressive therapy  

### Step 3: Determine sentence relevance
1. A 47-year old woman with a history of adult-onset asthma and waxing and waning bilateral swelling of the upper eyelids presented with greater swelling of the left than right upper eyelids with yellow lesions (Figure 1A).
2. Previous episodes had been treated successfully with oral prednisone, and the patient had numerous recurrences within the past 10 years.
3. According to the patient’s report, a biopsy was performed several years ago at an outside institution, and the diagnosis was xanthelasma.
4. She denied visual changes.A, External photograph demonstrating bilateral periorbital swelling greater in the left than right eyelids, with associated yellow lesions.
5. B, Axial computed tomographic scan with contrast demonstrating enlargement and homogeneous enhancement of the left lacrimal gland and left lateral rectus muscle and bilateral preseptal soft tissues.Visual acuity was 20/40 OU  and improved to 20/25 OU with pinhole testing.
6. Intraocular pressures were normal, extraocular motility was full, and the pupils were round and reactive without an afferent pupillary defect.
7. Results of the examination revealed yellow lesions on both eyelids, palpebral swelling greater in the left than the right eye, erythema, ptosis, an S-shaped deformity of the left upper eyelid, and a palpable mass of the left superolateral orbit (Figure 1A).
8. Hertel exophthalmometry showed 2 mm of relative proptosis in the left eye.
9. Results of slitlamp and dilated fundus examinations were unremarkable.
10. A computed tomographic scan showed preseptal soft tissue swelling in both eyes and an extraconal left lacrimal gland mass extending behind the globe (Figure 1B).
11. We contacted the outside institution, and no reports of histopathologic examination of the biopsy specimen were found.",11,C,jama,"1. A 47-year old woman with a history of adult-onset asthma and waxing and waning bilateral swelling of the upper eyelids presented with greater swelling of the left than right upper eyelids with yellow lesions (Figure 1A).
2. Previous episodes had been treated successfully with oral prednisone, and the patient had numerous recurrences within the past 10 years.
3. According to the patient’s report, a biopsy was performed several years ago at an outside institution, and the diagnosis was xanthelasma.
4. She denied visual changes.A, External photograph demonstrating bilateral periorbital swelling greater in the left than right eyelids, with associated yellow lesions.
5. B, Axial computed tomographic scan with contrast demonstrating enlargement and homogeneous enhancement of the left lacrimal gland and left lateral rectus muscle and bilateral preseptal soft tissues.Visual acuity was 20/40 OU  and improved to 20/25 OU with pinhole testing.
6. Intraocular pressures were normal, extraocular motility was full, and the pupils were round and reactive without an afferent pupillary defect.
7. Results of the examination revealed yellow lesions on both eyelids, palpebral swelling greater in the left than the right eye, erythema, ptosis, an S-shaped deformity of the left upper eyelid, and a palpable mass of the left superolateral orbit (Figure 1A).
8. Hertel exophthalmometry showed 2 mm of relative proptosis in the left eye.
9. Results of slitlamp and dilated fundus examinations were unremarkable.
10. A computed tomographic scan showed preseptal soft tissue swelling in both eyes and an extraconal left lacrimal gland mass extending behind the globe (Figure 1B).
11. We contacted the outside institution, and no reports of histopathologic examination of the biopsy specimen were found.","What Would You Do Next?

A: Oral antibiotic treatment  
B: Surgical debulking  
C: Oral corticosteroid treatment and biopsy  
D: Corticosteroid-sparing immunosuppressive therapy",C,Low Relevance,Low Relevance,Low Relevance,Low Relevance,High Relevance,Low Relevance,High Relevance,Low Relevance,Low Relevance,High Relevance,High Relevance,,,,,,,,,,
ID1825,"**Step 1: Read excerpt**

1. A 15-year-old male presents to the emergency department with sudden-onset abdominal pain that started in the periumbilical region and later shifted to the right lower quadrant.  
2. He has been vomiting and has had a fever for the past 4 hours.  
3. He and his father consent to participate in a research study evaluating a new diagnostic test measuring ""serum protein Y"" for appendicitis.  
4. The study involves recruiting patients with abdominal pain, measuring ""serum protein Y"" levels using point-of-care technology, and determining the presence of appendicitis through expert review of clinical, laboratory, imaging, and histopathologic findings.  
5. The patient and his father are informed that the study will not benefit him directly but may help future patients.  
6. During evaluation, an abdominal CT scan shows mild thickening of the appendix with surrounding inflammation, and the patient is scheduled for urgent surgical exploration.  
7. As part of the study, a research assistant collects a fingerstick blood sample and performs the ""serum protein Y"" test, which yields a very low result, hypothesized to suggest low risk for appendicitis.  
8. The result is entered into the study database for future analysis.  

**Step 2: Answer QA Details**

At this stage, who should the research assistant notify about the experimental test result?

A. The emergency department physician and the surgeon  
B. The surgeon performing the appendectomy  
C. The patient’s insurance provider  
D. The research assistant’s supervisor  
E. The principal investigator of the study, the surgeon, and the patient  
G. The patient and his father  
H. No one else  
I. The patient’s primary care physician  
J. The principal investigator of the study  

**Step 3: Determine sentence relevance**

1. A 15-year-old male presents to the emergency department with sudden-onset abdominal pain that started in the periumbilical region and later shifted to the right lower quadrant.  
2. He has been vomiting and has had a fever for the past 4 hours.  
3. He and his father consent to participate in a research study evaluating a new diagnostic test measuring ""serum protein Y"" for appendicitis.  
4. The study involves recruiting patients with abdominal pain, measuring ""serum protein Y"" levels using point-of-care technology, and determining the presence of appendicitis through expert review of clinical, laboratory, imaging, and histopathologic findings.  
5. The patient and his father are informed that the study will not benefit him directly but may help future patients.  
6. During evaluation, an abdominal CT scan shows mild thickening of the appendix with surrounding inflammation, and the patient is scheduled for urgent surgical exploration.  
7. As part of the study, a research assistant collects a fingerstick blood sample and performs the ""serum protein Y"" test, which yields a very low result, hypothesized to suggest low risk for appendicitis.  
8. The result is entered into the study database for future analysis.  ",8,H,medxpert,"1. A 15-year-old male presents to the emergency department with sudden-onset abdominal pain that started in the periumbilical region and later shifted to the right lower quadrant.  
2. He has been vomiting and has had a fever for the past 4 hours.  
3. He and his father consent to participate in a research study evaluating a new diagnostic test measuring ""serum protein Y"" for appendicitis.  
4. The study involves recruiting patients with abdominal pain, measuring ""serum protein Y"" levels using point-of-care technology, and determining the presence of appendicitis through expert review of clinical, laboratory, imaging, and histopathologic findings.  
5. The patient and his father are informed that the study will not benefit him directly but may help future patients.  
6. During evaluation, an abdominal CT scan shows mild thickening of the appendix with surrounding inflammation, and the patient is scheduled for urgent surgical exploration.  
7. As part of the study, a research assistant collects a fingerstick blood sample and performs the ""serum protein Y"" test, which yields a very low result, hypothesized to suggest low risk for appendicitis.  
8. The result is entered into the study database for future analysis.","At this stage, who should the research assistant notify about the experimental test result?

A. The emergency department physician and the surgeon  
B. The surgeon performing the appendectomy  
C. The patient’s insurance provider  
D. The research assistant’s supervisor  
E. The principal investigator of the study, the surgeon, and the patient  
G. The patient and his father  
H. No one else  
I. The patient’s primary care physician  
J. The principal investigator of the study",J,,,,,,,,,,,,,,,,,,,,,
ID1830,"### Step 1: Read excerpt

1. A 37-year-old female patient presents with a history of severe episodic headaches that significantly impact her work and family life.
2. Her headache pattern includes occasional monthly episodes and longer headache-free intervals of 3-4 months.
3. The headaches can occur unilaterally or bilaterally, reaching 7/10 in intensity, and drive her to seek a dark, quiet environment.
4. She experiences prompt onset of vomiting with these headaches, and approximately one-third of episodes are preceded by visual symptoms including shimmering lights and progressive scotomas that resolve within 30 minutes.
5. A combination over-the-counter migraine medication (acetaminophen 250 mg, aspirin 250 mg, and caffeine 65 mg) provides no relief.
6. She regularly exercises by jogging five miles multiple times weekly.
7. Her family history is significant for her father's myocardial infarction at age 65, and her sister experiences similar headaches.
8. During her latest episode, her blood pressure was 138/85 mm Hg at work.
9. Current vital signs show blood pressure of 118/75 mm Hg and heart rate of 62 beats per minute.
10. Both general physical and neurological examinations reveal no abnormalities.

### Step 2: Answer QA Details

Which of the following represents the most appropriate treatment option?

A. Daily verapamil prophylaxis  
B. Daily topiramate prophylaxis  
C. Oral frovatriptan for menstrual migraine prophylaxis  
D. Daily amitriptyline prophylaxis  
E. Daily propranolol prophylaxis  
F. Oral rizatriptan with naproxen at headache onset  
G. Daily valproate prophylaxis  
H. Botulinum toxin injections every 12 weeks  
I. Subcutaneous sumatriptan at headache onset  
J. Oral eletriptan at headache onset  

### Step 3: Determine sentence relevance

1. A 37-year-old female patient presents with a history of severe episodic headaches that significantly impact her work and family life.
2. Her headache pattern includes occasional monthly episodes and longer headache-free intervals of 3-4 months.
3. The headaches can occur unilaterally or bilaterally, reaching 7/10 in intensity, and drive her to seek a dark, quiet environment.
4. She experiences prompt onset of vomiting with these headaches, and approximately one-third of episodes are preceded by visual symptoms including shimmering lights and progressive scotomas that resolve within 30 minutes.
5. A combination over-the-counter migraine medication (acetaminophen 250 mg, aspirin 250 mg, and caffeine 65 mg) provides no relief.
6. She regularly exercises by jogging five miles multiple times weekly.
7. Her family history is significant for her father's myocardial infarction at age 65, and her sister experiences similar headaches.
8. During her latest episode, her blood pressure was 138/85 mm Hg at work.
9. Current vital signs show blood pressure of 118/75 mm Hg and heart rate of 62 beats per minute.
10. Both general physical and neurological examinations reveal no abnormalities.",10,I,medxpert,"1. A 37-year-old female patient presents with a history of severe episodic headaches that significantly impact her work and family life.
2. Her headache pattern includes occasional monthly episodes and longer headache-free intervals of 3-4 months.
3. The headaches can occur unilaterally or bilaterally, reaching 7/10 in intensity, and drive her to seek a dark, quiet environment.
4. She experiences prompt onset of vomiting with these headaches, and approximately one-third of episodes are preceded by visual symptoms including shimmering lights and progressive scotomas that resolve within 30 minutes.
5. A combination over-the-counter migraine medication (acetaminophen 250 mg, aspirin 250 mg, and caffeine 65 mg) provides no relief.
6. She regularly exercises by jogging five miles multiple times weekly.
7. Her family history is significant for her father's myocardial infarction at age 65, and her sister experiences similar headaches.
8. During her latest episode, her blood pressure was 138/85 mm Hg at work.
9. Current vital signs show blood pressure of 118/75 mm Hg and heart rate of 62 beats per minute.
10. Both general physical and neurological examinations reveal no abnormalities.","Which of the following represents the most appropriate treatment option?

A. Daily verapamil prophylaxis  
B. Daily topiramate prophylaxis  
C. Oral frovatriptan for menstrual migraine prophylaxis  
D. Daily amitriptyline prophylaxis  
E. Daily propranolol prophylaxis  
F. Oral rizatriptan with naproxen at headache onset  
G. Daily valproate prophylaxis  
H. Botulinum toxin injections every 12 weeks  
I. Subcutaneous sumatriptan at headache onset  
J. Oral eletriptan at headache onset",I,,,,,,,,,,,,,,,,,,,,,
ID1834,"**Step 1: Read excerpt**

1. A 54-year-old female patient seeks medical attention for progressive lower abdominal pain and constipation lasting five days.
2. She denies experiencing nausea, vomiting, or weight loss.
3. Her medical history includes hypertension managed with lisinopril.

**Step 2: Answer QA Details**

Which spinal level is most likely to demonstrate a sympathetic viscerosomatic reflex associated with this patient's condition?

A. T7  
B. T8  
C. T3  
D. T6  
E. T12  
F. L4  
G. L2  
H. C4  
I. L1  
J. T10  

**Step 3: Determine sentence relevance**

1. A 54-year-old female patient seeks medical attention for progressive lower abdominal pain and constipation lasting five days.
2. She denies experiencing nausea, vomiting, or weight loss.
3. Her medical history includes hypertension managed with lisinopril.",3,E,medxpert,"1. A 54-year-old female patient seeks medical attention for progressive lower abdominal pain and constipation lasting five days.
2. She denies experiencing nausea, vomiting, or weight loss.
3. Her medical history includes hypertension managed with lisinopril.","Which spinal level is most likely to demonstrate a sympathetic viscerosomatic reflex associated with this patient's condition?

A. T7  
B. T8  
C. T3  
D. T6  
E. T12  
F. L4  
G. L2  
H. C4  
I. L1  
J. T10",G,High Relevance,Low Relevance,Irrelevant,,,,,,,,,,,,,,,,,,
ID1860,"**Step 1: Read excerpt**

1. A 38-year-old woman developed acute painless blurred vision in her right eye 3 weeks after receiving a single injection of corticosteroid in her deltoid for stenosing tenosynovitis.  
2. Her medical history was significant for stage II breast carcinoma with positive lymph nodes, which was diagnosed and treated 5 years prior.  
3. Subsequent annual metastatic surveillance test results had been negative for recurrence.  
4. Visual acuity was 20/60 OD and 20/20 OS.  
5. Ophthalmoscopy of the right eye revealed a 6 × 6-mm circumscribed serous macular detachment with turbid subretinal fluid.  
6. Similar lesions were present in the nasal and inferior midperiphery (Figure, A and B).  
7. The left eye was unremarkable.  
8. Fluorescein angiography (FA) showed hyperfluorescent pinpoint hot spots with interspersed hypofluorescent patches in the areas of the lesions (Figure, C-F).  
9. Notably absent on FA were retinal pigment epithelium (RPE) leakage, a smokestack pattern of subretinal leakage, or RPE gutter defects.  
10. B-scan ultrasonography demonstrated choroidal thickening nasal to the optic disc (Figure, G); vascularity could not be assessed.  
11. Optical coherence tomography (OCT) showed a localized serous macular detachment with a focal area of choriocapillaris infiltration and thickening near the nasal edge of the detachment (Figure, H).  
12. Fundus photograph (A-B) of the right eye demonstrates a serous macular detachment with yellowish choroidal discoloration.  
13. A, Similar yellowish choroidal lesions (arrowheads) were present in the nasal and inferior midperiphery.  
14. B, The enlarged image demonstrates the extent of serous macular detachment (arrowheads).  
15. C, Wide-angle fluorescein angiography in the late venous phase of the right eye shows an area between the disc and fovea with scattered hyperfluorescent hotspots.  
16. Magnified views of the macular lesion (D), nasal lesion (E), and inferior lesion (F).  
17. G, B-scan ultrasonography of the right eye shows a subtle nonspecific choroidal thickening with medium internal reflectivity.  
18. The arrowhead points to the choroidal infiltration by the metastatic tumor.  
19. H, Spectral-domain optical coherence tomography of the right eye demonstrates serous macular detachment with localized subtle choroidal vascular attenuation, infiltration, and thickening (arrowheads).  
20. Blood tests to consider diagnosis of syphilitic chorioretinitis  

**Step 2: Answer QA Details**

What Would You Do Next?

A: Consider managing as multifocal central serous chorioretinopathy  
B: Consider a diagnosis of choroidal metastasis  
C: Obtain workup for Vogt-Koyanagi-Harada syndrome  
D: Blood tests to consider diagnosis of syphilitic chorioretinitis  

**Step 3: Determine sentence relevance**

1. A 38-year-old woman developed acute painless blurred vision in her right eye 3 weeks after receiving a single injection of corticosteroid in her deltoid for stenosing tenosynovitis.  
2. Her medical history was significant for stage II breast carcinoma with positive lymph nodes, which was diagnosed and treated 5 years prior.  
3. Subsequent annual metastatic surveillance test results had been negative for recurrence.  
4. Visual acuity was 20/60 OD and 20/20 OS.  
5. Ophthalmoscopy of the right eye revealed a 6 × 6-mm circumscribed serous macular detachment with turbid subretinal fluid.  
6. Similar lesions were present in the nasal and inferior midperiphery (Figure, A and B).  
7. The left eye was unremarkable.  
8. Fluorescein angiography (FA) showed hyperfluorescent pinpoint hot spots with interspersed hypofluorescent patches in the areas of the lesions (Figure, C-F).  
9. Notably absent on FA were retinal pigment epithelium (RPE) leakage, a smokestack pattern of subretinal leakage, or RPE gutter defects.  
10. B-scan ultrasonography demonstrated choroidal thickening nasal to the optic disc (Figure, G); vascularity could not be assessed.  
11. Optical coherence tomography (OCT) showed a localized serous macular detachment with a focal area of choriocapillaris infiltration and thickening near the nasal edge of the detachment (Figure, H).  
12. Fundus photograph (A-B) of the right eye demonstrates a serous macular detachment with yellowish choroidal discoloration.  
13. A, Similar yellowish choroidal lesions (arrowheads) were present in the nasal and inferior midperiphery.  
14. B, The enlarged image demonstrates the extent of serous macular detachment (arrowheads).  
15. C, Wide-angle fluorescein angiography in the late venous phase of the right eye shows an area between the disc and fovea with scattered hyperfluorescent hotspots.  
16. Magnified views of the macular lesion (D), nasal lesion (E), and inferior lesion (F).  
17. G, B-scan ultrasonography of the right eye shows a subtle nonspecific choroidal thickening with medium internal reflectivity.  
18. The arrowhead points to the choroidal infiltration by the metastatic tumor.  
19. H, Spectral-domain optical coherence tomography of the right eye demonstrates serous macular detachment with localized subtle choroidal vascular attenuation, infiltration, and thickening (arrowheads).  
20. Blood tests to consider diagnosis of syphilitic chorioretinitis  ",20,B,jama,"1. A 38-year-old woman developed acute painless blurred vision in her right eye 3 weeks after receiving a single injection of corticosteroid in her deltoid for stenosing tenosynovitis.  
2. Her medical history was significant for stage II breast carcinoma with positive lymph nodes, which was diagnosed and treated 5 years prior.  
3. Subsequent annual metastatic surveillance test results had been negative for recurrence.  
4. Visual acuity was 20/60 OD and 20/20 OS.  
5. Ophthalmoscopy of the right eye revealed a 6 × 6-mm circumscribed serous macular detachment with turbid subretinal fluid.  
6. Similar lesions were present in the nasal and inferior midperiphery (Figure, A and B).  
7. The left eye was unremarkable.  
8. Fluorescein angiography (FA) showed hyperfluorescent pinpoint hot spots with interspersed hypofluorescent patches in the areas of the lesions (Figure, C-F).  
9. Notably absent on FA were retinal pigment epithelium (RPE) leakage, a smokestack pattern of subretinal leakage, or RPE gutter defects.  
10. B-scan ultrasonography demonstrated choroidal thickening nasal to the optic disc (Figure, G); vascularity could not be assessed.  
11. Optical coherence tomography (OCT) showed a localized serous macular detachment with a focal area of choriocapillaris infiltration and thickening near the nasal edge of the detachment (Figure, H).  
12. Fundus photograph (A-B) of the right eye demonstrates a serous macular detachment with yellowish choroidal discoloration.  
13. A, Similar yellowish choroidal lesions (arrowheads) were present in the nasal and inferior midperiphery.  
14. B, The enlarged image demonstrates the extent of serous macular detachment (arrowheads).  
15. C, Wide-angle fluorescein angiography in the late venous phase of the right eye shows an area between the disc and fovea with scattered hyperfluorescent hotspots.  
16. Magnified views of the macular lesion (D), nasal lesion (E), and inferior lesion (F).  
17. G, B-scan ultrasonography of the right eye shows a subtle nonspecific choroidal thickening with medium internal reflectivity.  
18. The arrowhead points to the choroidal infiltration by the metastatic tumor.  
19. H, Spectral-domain optical coherence tomography of the right eye demonstrates serous macular detachment with localized subtle choroidal vascular attenuation, infiltration, and thickening (arrowheads).  
20. Blood tests to consider diagnosis of syphilitic chorioretinitis","What Would You Do Next?

A: Consider managing as multifocal central serous chorioretinopathy  
B: Consider a diagnosis of choroidal metastasis  
C: Obtain workup for Vogt-Koyanagi-Harada syndrome  
D: Blood tests to consider diagnosis of syphilitic chorioretinitis",B,Low Relevance,High Relevance,Low Relevance,Low Relevance,High Relevance,High Relevance,Low Relevance,Low Relevance,High Relevance,High Relevance,High Relevance,High Relevance,High Relevance,Low Relevance,Low Relevance,Irrelevant,High Relevance,High Relevance,High Relevance,Irrelevant,
ID1871,"**Step 1: Read excerpt**

1. A 64-year-old male comes for a routine follow-up visit with his primary care physician.
2. His medical history includes type 2 diabetes mellitus, hypertension, chronic atrial fibrillation, and ischemic cardiomyopathy.
3. During his previous visit three months ago, he had hyperkalemia, leading to discontinuation of lisinopril and spironolactone.
4. His current medications are coumadin, aspirin, metformin, glyburide, metoprolol, furosemide, and amlodipine.
5. His vital signs show: temperature 37°C (98.6°F), blood pressure 154/92 mm Hg, heart rate 80/min, and respiratory rate 16/min.
6. Physical examination reveals elevated jugular venous pressure, an S3 heart sound, and 1+ pitting pedal edema.

Current laboratory results show:

- Sodium: 138 mEq/L
- Potassium: 5.7 mEq/L
- Chloride: 112 mEq/L
- Bicarbonate: 18 mEq/L
- BUN: 29 mg/dL
- Creatinine: 2.1 mg/dL

**Step 2: Answer QA Details**

What is the most probable cause of this patient's acid-base and electrolyte disturbances?

A. Prerenal azotemia  
B. Chronic renal failure  
C. Furosemide  
D. Renal tubular acidosis  
E. Metabolic acidosis from heart failure  
F. Acute kidney injury  
G. Diabetic ketoacidosis  
H. Drug-induced hyperkalemia  
I. Cardiorenal syndrome  
J. Type 4 RTA from hyporeninemic hypoaldosteronism  

**Step 3: Determine sentence relevance**

1. A 64-year-old male comes for a routine follow-up visit with his primary care physician.
2. His medical history includes type 2 diabetes mellitus, hypertension, chronic atrial fibrillation, and ischemic cardiomyopathy.
3. During his previous visit three months ago, he had hyperkalemia, leading to discontinuation of lisinopril and spironolactone.
4. His current medications are coumadin, aspirin, metformin, glyburide, metoprolol, furosemide, and amlodipine.
5. His vital signs show: temperature 37°C (98.6°F), blood pressure 154/92 mm Hg, heart rate 80/min, and respiratory rate 16/min.
6. Physical examination reveals elevated jugular venous pressure, an S3 heart sound, and 1+ pitting pedal edema.

Current laboratory results show:

- Sodium: 138 mEq/L
- Potassium: 5.7 mEq/L
- Chloride: 112 mEq/L
- Bicarbonate: 18 mEq/L
- BUN: 29 mg/dL
- Creatinine: 2.1 mg/dL",6,D,medxpert,"1. A 64-year-old male comes for a routine follow-up visit with his primary care physician.
2. His medical history includes type 2 diabetes mellitus, hypertension, chronic atrial fibrillation, and ischemic cardiomyopathy.
3. During his previous visit three months ago, he had hyperkalemia, leading to discontinuation of lisinopril and spironolactone.
4. His current medications are coumadin, aspirin, metformin, glyburide, metoprolol, furosemide, and amlodipine.
5. His vital signs show: temperature 37°C (98.6°F), blood pressure 154/92 mm Hg, heart rate 80/min, and respiratory rate 16/min.
6. Physical examination reveals elevated jugular venous pressure, an S3 heart sound, and 1+ pitting pedal edema.

Current laboratory results show:

- Sodium: 138 mEq/L
- Potassium: 5.7 mEq/L
- Chloride: 112 mEq/L
- Bicarbonate: 18 mEq/L
- BUN: 29 mg/dL
- Creatinine: 2.1 mg/dL","What is the most probable cause of this patient's acid-base and electrolyte disturbances?

A. Prerenal azotemia  
B. Chronic renal failure  
C. Furosemide  
D. Renal tubular acidosis  
E. Metabolic acidosis from heart failure  
F. Acute kidney injury  
G. Diabetic ketoacidosis  
H. Drug-induced hyperkalemia  
I. Cardiorenal syndrome  
J. Type 4 RTA from hyporeninemic hypoaldosteronism",J,Low Relevance,High Relevance,High Relevance,High Relevance,Irrelevant,Low Relevance,Low Relevance,Low Relevance,High Relevance,High Relevance,High Relevance,Low Relevance,Low Relevance,,,,,,,,
ID1890,"### Step 1: Read excerpt
1. A 65-year-old male with a history of radical prostatectomy for prostate cancer presents to the emergency department following a ground-level fall.
2. He reports low back pain with posterior leg radiation starting the day before the fall.
3. His vital signs show temperature 99.4°F (37.4°C), blood pressure 132/78 mmHg, pulse 92/min, and respirations 18/min.
4. Neurological examination reveals decreased foot sensation, bilateral ankle dorsiflexion weakness (2/5), diminished lower extremity reflexes, and a post-void residual volume of 300 mL.
5. The patient has no history of smoking, intravenous drug use, or current medications.

### Step 2: Answer QA Details
What is the most appropriate initial management step?

A. Intravenous antibiotics  
B. Physical therapy referral  
C. Observation and follow-up in 24 hours  
E. Computed tomography scan of the spine  
F. Lumbar puncture  
G. Epidural steroid injection  
H. Surgical consultation for decompression  
J. Dexamethasone  

### Step 3: Determine sentence relevance
1. A 65-year-old male with a history of radical prostatectomy for prostate cancer presents to the emergency department following a ground-level fall.
2. He reports low back pain with posterior leg radiation starting the day before the fall.
3. His vital signs show temperature 99.4°F (37.4°C), blood pressure 132/78 mmHg, pulse 92/min, and respirations 18/min.
4. Neurological examination reveals decreased foot sensation, bilateral ankle dorsiflexion weakness (2/5), diminished lower extremity reflexes, and a post-void residual volume of 300 mL.
5. The patient has no history of smoking, intravenous drug use, or current medications.",5,J,medxpert,"1. A 65-year-old male with a history of radical prostatectomy for prostate cancer presents to the emergency department following a ground-level fall.
2. He reports low back pain with posterior leg radiation starting the day before the fall.
3. His vital signs show temperature 99.4°F (37.4°C), blood pressure 132/78 mmHg, pulse 92/min, and respirations 18/min.
4. Neurological examination reveals decreased foot sensation, bilateral ankle dorsiflexion weakness (2/5), diminished lower extremity reflexes, and a post-void residual volume of 300 mL.
5. The patient has no history of smoking, intravenous drug use, or current medications.","What is the most appropriate initial management step?

A. Intravenous antibiotics  
B. Physical therapy referral  
C. Observation and follow-up in 24 hours  
E. Computed tomography scan of the spine  
F. Lumbar puncture  
G. Epidural steroid injection  
H. Surgical consultation for decompression  
J. Dexamethasone",J,High Relevance,High Relevance,Low Relevance,High Relevance,Low Relevance,,,,,,,,,,,,,,,,
ID1892,"### Step 1: Read excerpt
1. A 6-year-old female presents to the emergency department with a one-week history of left eye swelling and pain.
2. According to the parent, the condition began as an insect bite on her lower eyelid that has progressively enlarged.
3. Today, the patient developed fever and pain with ocular movement, prompting the visit.
4. She is otherwise healthy with no significant past medical history.
5. Her vital signs show temperature 38.3°C (101°F), blood pressure 108/65 mmHg, heart rate 117/min, respiratory rate 20/min, and oxygen saturation 99% on room air.
6. Physical examination reveals periorbital soft tissue swelling with erythema, tenderness, and pain on extraocular movement.
7. The patient reports blurred vision, though visual acuity testing is normal.
8. Neurological examination is unremarkable.

### Step 2: Answer QA Details
What is the most appropriate initial management step?

A. Topical erythromycin ointment and discharge  
B. Surgical consultation  
C. Oral trimethoprim-sulfamethoxazole and close follow-up  
F. Oral amoxicillin-clavulanic acid and discharge home  
G. Immediate ophthalmology consultation and admission  
H. Intravenous vancomycin and ceftriaxone  
I. Intravenous clindamycin monotherapy  
J. Intravenous dexamethasone and antihistamines  

### Step 3: Determine sentence relevance
1. A 6-year-old female presents to the emergency department with a one-week history of left eye swelling and pain.
2. According to the parent, the condition began as an insect bite on her lower eyelid that has progressively enlarged.
3. Today, the patient developed fever and pain with ocular movement, prompting the visit.
4. She is otherwise healthy with no significant past medical history.
5. Her vital signs show temperature 38.3°C (101°F), blood pressure 108/65 mmHg, heart rate 117/min, respiratory rate 20/min, and oxygen saturation 99% on room air.
6. Physical examination reveals periorbital soft tissue swelling with erythema, tenderness, and pain on extraocular movement.
7. The patient reports blurred vision, though visual acuity testing is normal.
8. Neurological examination is unremarkable.",8,H,medxpert,"1. A 6-year-old female presents to the emergency department with a one-week history of left eye swelling and pain.
2. According to the parent, the condition began as an insect bite on her lower eyelid that has progressively enlarged.
3. Today, the patient developed fever and pain with ocular movement, prompting the visit.
4. She is otherwise healthy with no significant past medical history.
5. Her vital signs show temperature 38.3°C (101°F), blood pressure 108/65 mmHg, heart rate 117/min, respiratory rate 20/min, and oxygen saturation 99% on room air.
6. Physical examination reveals periorbital soft tissue swelling with erythema, tenderness, and pain on extraocular movement.
7. The patient reports blurred vision, though visual acuity testing is normal.
8. Neurological examination is unremarkable.","What is the most appropriate initial management step?

A. Topical erythromycin ointment and discharge  
B. Surgical consultation  
C. Oral trimethoprim-sulfamethoxazole and close follow-up  
F. Oral amoxicillin-clavulanic acid and discharge home  
G. Immediate ophthalmology consultation and admission  
H. Intravenous vancomycin and ceftriaxone  
I. Intravenous clindamycin monotherapy  
J. Intravenous dexamethasone and antihistamines",H,,,,,,,,,,,,,,,,,,,,,
ID1896,"### Step 1: Read excerpt
1. A 32-year-old male seeks emergency care for arm pain following a recent open radius fracture that occurred during a fall from a ladder at home.
2. After undergoing open reduction and internal fixation and cast placement, he has experienced progressive arm pain.
3. His medical history includes hypertension and asthma, with current medications including albuterol, fluticasone, loratadine, and lisinopril.
4. Vital signs show temperature 99.5°F (37.5°C), blood pressure 150/95 mmHg, pulse 90/min, respirations 19/min, and oxygen saturation 99% on room air.
5. Upon cast removal and examination, his left arm shows tenderness to palpation, severe pain with passive movement of wrist and fingers, palpable radial and ulnar pulses, and a firm, tender forearm without bruising.

### Step 2: Answer QA Details
What is the most appropriate next step in management?

A. Administration of IV antibiotics  
B. Doppler ultrasound of the arm  
C. Radiography  
D. Immediate MRI of the forearm  
E. Surgical hardware removal  
F. CT angiography of the arm  
G. Compartment pressure measurement  
H. Replace the cast with a sling  
I. Pain management and observation  
J. Emergency fasciotomy  

### Step 3: Determine sentence relevance
1. A 32-year-old male seeks emergency care for arm pain following a recent open radius fracture that occurred during a fall from a ladder at home.
2. After undergoing open reduction and internal fixation and cast placement, he has experienced progressive arm pain.
3. His medical history includes hypertension and asthma, with current medications including albuterol, fluticasone, loratadine, and lisinopril.
4. Vital signs show temperature 99.5°F (37.5°C), blood pressure 150/95 mmHg, pulse 90/min, respirations 19/min, and oxygen saturation 99% on room air.
5. Upon cast removal and examination, his left arm shows tenderness to palpation, severe pain with passive movement of wrist and fingers, palpable radial and ulnar pulses, and a firm, tender forearm without bruising.",5,J,medxpert,"1. A 32-year-old male seeks emergency care for arm pain following a recent open radius fracture that occurred during a fall from a ladder at home.
2. After undergoing open reduction and internal fixation and cast placement, he has experienced progressive arm pain.
3. His medical history includes hypertension and asthma, with current medications including albuterol, fluticasone, loratadine, and lisinopril.
4. Vital signs show temperature 99.5°F (37.5°C), blood pressure 150/95 mmHg, pulse 90/min, respirations 19/min, and oxygen saturation 99% on room air.
5. Upon cast removal and examination, his left arm shows tenderness to palpation, severe pain with passive movement of wrist and fingers, palpable radial and ulnar pulses, and a firm, tender forearm without bruising.","What is the most appropriate next step in management?

A. Administration of IV antibiotics  
B. Doppler ultrasound of the arm  
C. Radiography  
D. Immediate MRI of the forearm  
E. Surgical hardware removal  
F. CT angiography of the arm  
G. Compartment pressure measurement  
H. Replace the cast with a sling  
I. Pain management and observation  
J. Emergency fasciotomy",J,,,,,,,,,,,,,,,,,,,,,
ID1905,"### Step 1: Read excerpt
1. A 63-year-old female presents with a 3-month history of progressively worsening pain in her right calf.
2. She notes that the pain begins after walking for approximately 10 minutes and resolves with rest.
3. Her medical history includes hypertension and hyperlipidemia, and she takes lisinopril and simvastatin daily.
4. She has a 34-year history of smoking two packs of cigarettes per day.
5. Her pulse is 78/min, and her blood pressure is 142/96 mm Hg.
6. On examination, femoral and popliteal pulses are 2+ bilaterally, left pedal pulses are 1+, and right pedal pulses are absent.
7. The remainder of the physical examination is unremarkable.
8. An ankle-brachial index (ABI) is 0.65 in the right leg and 0.9 in the left leg.

### Step 2: Answer QA Details
Which of the following complications is this patient most at risk of developing?

A. Aortic dissection  
C. Pulmonary embolism  
D. Aortic aneurysm rupture  
E. Renal artery stenosis leading to worsening hypertension  
F. Critical limb ischemia requiring amputation  
G. Acute myocardial infarction  
H. Chronic venous insufficiency  
I. Deep vein thrombosis  
J. Deep vein thrombosis in the affected limb  

### Step 3: Determine sentence relevance
1. A 63-year-old female presents with a 3-month history of progressively worsening pain in her right calf.
2. She notes that the pain begins after walking for approximately 10 minutes and resolves with rest.
3. Her medical history includes hypertension and hyperlipidemia, and she takes lisinopril and simvastatin daily.
4. She has a 34-year history of smoking two packs of cigarettes per day.
5. Her pulse is 78/min, and her blood pressure is 142/96 mm Hg.
6. On examination, femoral and popliteal pulses are 2+ bilaterally, left pedal pulses are 1+, and right pedal pulses are absent.
7. The remainder of the physical examination is unremarkable.
8. An ankle-brachial index (ABI) is 0.65 in the right leg and 0.9 in the left leg.",8,G,medxpert,"1. A 63-year-old female presents with a 3-month history of progressively worsening pain in her right calf.
2. She notes that the pain begins after walking for approximately 10 minutes and resolves with rest.
3. Her medical history includes hypertension and hyperlipidemia, and she takes lisinopril and simvastatin daily.
4. She has a 34-year history of smoking two packs of cigarettes per day.
5. Her pulse is 78/min, and her blood pressure is 142/96 mm Hg.
6. On examination, femoral and popliteal pulses are 2+ bilaterally, left pedal pulses are 1+, and right pedal pulses are absent.
7. The remainder of the physical examination is unremarkable.
8. An ankle-brachial index (ABI) is 0.65 in the right leg and 0.9 in the left leg.","Which of the following complications is this patient most at risk of developing?

A. Aortic dissection  
C. Pulmonary embolism  
D. Aortic aneurysm rupture  
E. Renal artery stenosis leading to worsening hypertension  
F. Critical limb ischemia requiring amputation  
G. Acute myocardial infarction  
H. Chronic venous insufficiency  
I. Deep vein thrombosis  
J. Deep vein thrombosis in the affected limb",G,High Relevance,High Relevance,Low Relevance,Low Relevance,Low Relevance,High Relevance,Irrelevant,High Relevance,,,,,,,,,,,,,
ID1910,"**Step 1: Read excerpt**

1. An 18-year-old male with multiple stab wounds arrives at a rural emergency department.
2. His medical history includes obesity, diabetes, recurrent upper respiratory infections, heart failure, and a 10 pack-year smoking history.
3. Initially, he maintains his airway and demonstrates adequate oxygenation and ventilation.
4. His initial vital signs show: temperature 97.6°F (36.4°C), blood pressure 74/34 mmHg, heart rate 180/min, respiratory rate 24/min, and oxygen saturation 98% on room air.
5. After initiating whole blood transfusion and contacting the on-call surgeon, the patient develops dyspnea during the secondary survey.
6. His updated vitals show: blood pressure 54/14 mmHg, heart rate 200/min, respiratory rate 24/min, and oxygen saturation 90% on room air.
7. Lung examination reveals bilateral wheezing.
8. The patient subsequently experiences cardiac arrest and is pronounced dead after 30 minutes of resuscitation efforts.

**Step 2: Answer QA Details**

Which underlying condition most likely contributed to the patient's acute decompensation during resuscitation?

A. Pulmonary embolism  
B. Hyperkalemia due to hemolysis  
C. Tension pneumothorax  
D. Heart failure  
E. Anaphylaxis secondary to blood transfusion  
F. IgA deficiency  
G. Hypocalcemia from citrate toxicity  
H. Persistent intraabdominal bleeding  
I. Congenital long QT syndrome  
J. Transfusion-related acute lung injury  

**Step 3: Determine sentence relevance**

1. An 18-year-old male with multiple stab wounds arrives at a rural emergency department.
2. His medical history includes obesity, diabetes, recurrent upper respiratory infections, heart failure, and a 10 pack-year smoking history.
3. Initially, he maintains his airway and demonstrates adequate oxygenation and ventilation.
4. His initial vital signs show: temperature 97.6°F (36.4°C), blood pressure 74/34 mmHg, heart rate 180/min, respiratory rate 24/min, and oxygen saturation 98% on room air.
5. After initiating whole blood transfusion and contacting the on-call surgeon, the patient develops dyspnea during the secondary survey.
6. His updated vitals show: blood pressure 54/14 mmHg, heart rate 200/min, respiratory rate 24/min, and oxygen saturation 90% on room air.
7. Lung examination reveals bilateral wheezing.
8. The patient subsequently experiences cardiac arrest and is pronounced dead after 30 minutes of resuscitation efforts.",8,F,medxpert,"1. An 18-year-old male with multiple stab wounds arrives at a rural emergency department.
2. His medical history includes obesity, diabetes, recurrent upper respiratory infections, heart failure, and a 10 pack-year smoking history.
3. Initially, he maintains his airway and demonstrates adequate oxygenation and ventilation.
4. His initial vital signs show: temperature 97.6°F (36.4°C), blood pressure 74/34 mmHg, heart rate 180/min, respiratory rate 24/min, and oxygen saturation 98% on room air.
5. After initiating whole blood transfusion and contacting the on-call surgeon, the patient develops dyspnea during the secondary survey.
6. His updated vitals show: blood pressure 54/14 mmHg, heart rate 200/min, respiratory rate 24/min, and oxygen saturation 90% on room air.
7. Lung examination reveals bilateral wheezing.
8. The patient subsequently experiences cardiac arrest and is pronounced dead after 30 minutes of resuscitation efforts.","Which underlying condition most likely contributed to the patient's acute decompensation during resuscitation?

A. Pulmonary embolism  
B. Hyperkalemia due to hemolysis  
C. Tension pneumothorax  
D. Heart failure  
E. Anaphylaxis secondary to blood transfusion  
F. IgA deficiency  
G. Hypocalcemia from citrate toxicity  
H. Persistent intraabdominal bleeding  
I. Congenital long QT syndrome  
J. Transfusion-related acute lung injury",F,Low Relevance,High Relevance,Low Relevance,Low Relevance,High Relevance,High Relevance,High Relevance,Low Relevance,,,,,,,,,,,,,
ID1915,"**Step 1: Read excerpt**

1. A 43-year-old woman with obesity is being assessed for stage 3B chronic kidney disease.
2. She has a 26-year history of type 1 diabetes managed with insulin and hypertension treated with hydrochlorothiazide 25 mg daily and lisinopril 40 mg daily.
3. Her blood pressure is currently 140/84 mm Hg.
4. Laboratory results show a serum creatinine level of 1.7 mg/dL (reference range, 0.6–1.1) and a serum potassium level of 4.9 mEq/L (3.5–5.0).
5. Proteinuria is confirmed with an albumin-to-creatinine ratio of 760 mg/g (<30).

**Step 2: Answer QA Details**

Which of the following management strategies is the most appropriate for this patient?

A. Replace hydrochlorothiazide with dapagliflozin  
B. Add hydralazine to current therapy  
C. Add losartan to current therapy  
D. Increase lisinopril dosage beyond 40 mg daily  
E. Add metoprolol to current therapy  
F. Replace hydrochlorothiazide with canagliflozin  
G. Add amlodipine to current therapy  
H. Replace lisinopril with spironolactone  
I. Replace hydrochlorothiazide with furosemide  
J. Initiate sodium bicarbonate therapy  

**Step 3: Determine sentence relevance**

1. A 43-year-old woman with obesity is being assessed for stage 3B chronic kidney disease.
2. She has a 26-year history of type 1 diabetes managed with insulin and hypertension treated with hydrochlorothiazide 25 mg daily and lisinopril 40 mg daily.
3. Her blood pressure is currently 140/84 mm Hg.
4. Laboratory results show a serum creatinine level of 1.7 mg/dL (reference range, 0.6–1.1) and a serum potassium level of 4.9 mEq/L (3.5–5.0).
5. Proteinuria is confirmed with an albumin-to-creatinine ratio of 760 mg/g (<30).",5,G,medxpert,"1. A 43-year-old woman with obesity is being assessed for stage 3B chronic kidney disease.
2. She has a 26-year history of type 1 diabetes managed with insulin and hypertension treated with hydrochlorothiazide 25 mg daily and lisinopril 40 mg daily.
3. Her blood pressure is currently 140/84 mm Hg.
4. Laboratory results show a serum creatinine level of 1.7 mg/dL (reference range, 0.6–1.1) and a serum potassium level of 4.9 mEq/L (3.5–5.0).
5. Proteinuria is confirmed with an albumin-to-creatinine ratio of 760 mg/g (<30).","Which of the following management strategies is the most appropriate for this patient?

A. Replace hydrochlorothiazide with dapagliflozin  
B. Add hydralazine to current therapy  
C. Add losartan to current therapy  
D. Increase lisinopril dosage beyond 40 mg daily  
E. Add metoprolol to current therapy  
F. Replace hydrochlorothiazide with canagliflozin  
G. Add amlodipine to current therapy  
H. Replace lisinopril with spironolactone  
I. Replace hydrochlorothiazide with furosemide  
J. Initiate sodium bicarbonate therapy",G,High Relevance,High Relevance,High Relevance,High Relevance,High Relevance,,,,,,,,,,,,,,,,
ID1924,"**Step 1: Read excerpt**

1. A 65-year-old male is referred to a neurologist by his primary care physician due to progressive bilateral leg pain over the past six months, which is more severe in the left leg.
2. He describes the pain as ""burning"" and rates it as 5/10 at its worst.
3. The pain worsens when walking downhill but improves with activities like riding a stationary bike.
4. His medical history includes hypertension, diabetes mellitus, a prior myocardial infarction, and a distal radius fracture from a fall last year.
5. His medications include aspirin, atorvastatin, metformin, glyburide, enalapril, and metoprolol.
6. He has a 30-pack-year smoking history and drinks 2-3 glasses of wine with dinner daily.
7. On examination, his temperature is 99°F (37.2°C), blood pressure is 145/85 mmHg, pulse is 91/min, and respirations are 18/min.
8. He appears well and is not in acute distress.
9. A straight leg raise test is negative, and a Valsalva maneuver does not exacerbate his pain.

**Step 2: Answer QA Details**

Which diagnostic test would be most appropriate to confirm the suspected diagnosis?

A. Computed tomography of the lumbar spine  
B. Ankle-brachial index  
C. Computerized tomography myelography  
D. Doppler ultrasonography of the lower extremities  
E. Electromyography and nerve conduction studies  
F. Magnetic resonance imaging  
G. X-ray of the lumbosacral spine  
I. Myelography  

**Step 3: Determine sentence relevance**

1. A 65-year-old male is referred to a neurologist by his primary care physician due to progressive bilateral leg pain over the past six months, which is more severe in the left leg.
2. He describes the pain as ""burning"" and rates it as 5/10 at its worst.
3. The pain worsens when walking downhill but improves with activities like riding a stationary bike.
4. His medical history includes hypertension, diabetes mellitus, a prior myocardial infarction, and a distal radius fracture from a fall last year.
5. His medications include aspirin, atorvastatin, metformin, glyburide, enalapril, and metoprolol.
6. He has a 30-pack-year smoking history and drinks 2-3 glasses of wine with dinner daily.
7. On examination, his temperature is 99°F (37.2°C), blood pressure is 145/85 mmHg, pulse is 91/min, and respirations are 18/min.
8. He appears well and is not in acute distress.
9. A straight leg raise test is negative, and a Valsalva maneuver does not exacerbate his pain.",9,F,medxpert,"1. A 65-year-old male is referred to a neurologist by his primary care physician due to progressive bilateral leg pain over the past six months, which is more severe in the left leg.
2. He describes the pain as ""burning"" and rates it as 5/10 at its worst.
3. The pain worsens when walking downhill but improves with activities like riding a stationary bike.
4. His medical history includes hypertension, diabetes mellitus, a prior myocardial infarction, and a distal radius fracture from a fall last year.
5. His medications include aspirin, atorvastatin, metformin, glyburide, enalapril, and metoprolol.
6. He has a 30-pack-year smoking history and drinks 2-3 glasses of wine with dinner daily.
7. On examination, his temperature is 99°F (37.2°C), blood pressure is 145/85 mmHg, pulse is 91/min, and respirations are 18/min.
8. He appears well and is not in acute distress.
9. A straight leg raise test is negative, and a Valsalva maneuver does not exacerbate his pain.","Which diagnostic test would be most appropriate to confirm the suspected diagnosis?

A. Computed tomography of the lumbar spine  
B. Ankle-brachial index  
C. Computerized tomography myelography  
D. Doppler ultrasonography of the lower extremities  
E. Electromyography and nerve conduction studies  
F. Magnetic resonance imaging  
G. X-ray of the lumbosacral spine  
I. Myelography",F,High Relevance,Low Relevance,High Relevance,Low Relevance,Low Relevance,Low Relevance,Irrelevant,Irrelevant,High Relevance,,,,,,,,,,,,
ID1948,"### Step 1: Read excerpt
1. A 55-year-old male comes to his primary care doctor for a routine wellness visit.
2. He reports feeling generally well without specific concerns.
3. His history reveals frequent alcohol consumption, high sodium dietary intake, a sedentary lifestyle, and class I obesity.
4. His vital signs show: temperature 97.5°F (36.4°C), blood pressure 167/108 mmHg, pulse 90/min, respiratory rate 15/min, and oxygen saturation 99% on room air.
5. Previous blood pressure readings from his last two visits were 159/100 mmHg and 162/99 mmHg.
6. The physician plans to address his blood pressure management.

### Step 2: Answer QA Details
Which intervention would be most effective in treating this patient's hypertension?

A. Alcohol cessation  
B. Calcium channel blocker monotherapy  
C. Stress reduction techniques  
D. ACE inhibitor initiation  
E. Regular aerobic exercise  
F. Combination antihypertensive therapy  
G. Sodium restriction  
H. Weight loss  
I. Thiazide diuretic therapy  
J. DASH diet  

### Step 3: Determine sentence relevance
1. A 55-year-old male comes to his primary care doctor for a routine wellness visit.
2. He reports feeling generally well without specific concerns.
3. His history reveals frequent alcohol consumption, high sodium dietary intake, a sedentary lifestyle, and class I obesity.
4. His vital signs show: temperature 97.5°F (36.4°C), blood pressure 167/108 mmHg, pulse 90/min, respiratory rate 15/min, and oxygen saturation 99% on room air.
5. Previous blood pressure readings from his last two visits were 159/100 mmHg and 162/99 mmHg.
6. The physician plans to address his blood pressure management.",6,H,medxpert,"1. A 55-year-old male comes to his primary care doctor for a routine wellness visit.
2. He reports feeling generally well without specific concerns.
3. His history reveals frequent alcohol consumption, high sodium dietary intake, a sedentary lifestyle, and class I obesity.
4. His vital signs show: temperature 97.5°F (36.4°C), blood pressure 167/108 mmHg, pulse 90/min, respiratory rate 15/min, and oxygen saturation 99% on room air.
5. Previous blood pressure readings from his last two visits were 159/100 mmHg and 162/99 mmHg.
6. The physician plans to address his blood pressure management.","Which intervention would be most effective in treating this patient's hypertension?

A. Alcohol cessation  
B. Calcium channel blocker monotherapy  
C. Stress reduction techniques  
D. ACE inhibitor initiation  
E. Regular aerobic exercise  
F. Combination antihypertensive therapy  
G. Sodium restriction  
H. Weight loss  
I. Thiazide diuretic therapy  
J. DASH diet",F,,,,,,,,,,,,,,,,,,,,,
ID1956,"### Step 1: Read excerpt

1. A 54-year-old Cambodian woman presented for evaluation of a left orbital mass, which had been incidentally found on computed tomography for sinusitis.
2. She was asymptomatic except for 2 years of progressive, painless, left-sided proptosis.
3. Her physical examination findings were unremarkable except for resistance to retropulsion of the left globe and 5 mm of left-sided proptosis by Hertel exophthalmometry.
4. Magnetic resonance imaging (MRI) revealed a superonasal orbital mass that was T1 isointense to brain parenchyma and heterogeneously T2 hyperintense (Figure 1A), with a small cystic component and avid peripheral contrast enhancement (Figure 1B).
5. Bony remodeling without destruction was noted, as well as displacement of the superior oblique and superior rectus muscles.
6. The interpreting radiologist thought that the mass did not have the typical appearance of a vascular malformation or of a schwannoma and that other neoplastic and chronic infectious causes, including a parasitic origin, should be considered.Axial T2-weighted magnetic resonance image (MRI) shows a heterogeneously hyperintense mass with a cystic component (A), with contrast enhancement on the periphery on a coronal T1-weighted, fat-suppressed, postcontrast section (B).

### Step 2: Answer QA Details

What Would You Do Next?

A: Observe and perform another MRI in 6 months  
B: Empirically treat with an antiparasitic agent  
C: Perform a biopsy of the mass  
D: Perform whole-body positron emission tomography  

### Step 3: Determine sentence relevance

1. A 54-year-old Cambodian woman presented for evaluation of a left orbital mass, which had been incidentally found on computed tomography for sinusitis.
2. She was asymptomatic except for 2 years of progressive, painless, left-sided proptosis.
3. Her physical examination findings were unremarkable except for resistance to retropulsion of the left globe and 5 mm of left-sided proptosis by Hertel exophthalmometry.
4. Magnetic resonance imaging (MRI) revealed a superonasal orbital mass that was T1 isointense to brain parenchyma and heterogeneously T2 hyperintense (Figure 1A), with a small cystic component and avid peripheral contrast enhancement (Figure 1B).
5. Bony remodeling without destruction was noted, as well as displacement of the superior oblique and superior rectus muscles.
6. The interpreting radiologist thought that the mass did not have the typical appearance of a vascular malformation or of a schwannoma and that other neoplastic and chronic infectious causes, including a parasitic origin, should be considered.Axial T2-weighted magnetic resonance image (MRI) shows a heterogeneously hyperintense mass with a cystic component (A), with contrast enhancement on the periphery on a coronal T1-weighted, fat-suppressed, postcontrast section (B).",6,C,jama,"1. A 54-year-old Cambodian woman presented for evaluation of a left orbital mass, which had been incidentally found on computed tomography for sinusitis.
2. She was asymptomatic except for 2 years of progressive, painless, left-sided proptosis.
3. Her physical examination findings were unremarkable except for resistance to retropulsion of the left globe and 5 mm of left-sided proptosis by Hertel exophthalmometry.
4. Magnetic resonance imaging (MRI) revealed a superonasal orbital mass that was T1 isointense to brain parenchyma and heterogeneously T2 hyperintense (Figure 1A), with a small cystic component and avid peripheral contrast enhancement (Figure 1B).
5. Bony remodeling without destruction was noted, as well as displacement of the superior oblique and superior rectus muscles.
6. The interpreting radiologist thought that the mass did not have the typical appearance of a vascular malformation or of a schwannoma and that other neoplastic and chronic infectious causes, including a parasitic origin, should be considered.Axial T2-weighted magnetic resonance image (MRI) shows a heterogeneously hyperintense mass with a cystic component (A), with contrast enhancement on the periphery on a coronal T1-weighted, fat-suppressed, postcontrast section (B).","What Would You Do Next?

A: Observe and perform another MRI in 6 months  
B: Empirically treat with an antiparasitic agent  
C: Perform a biopsy of the mass  
D: Perform whole-body positron emission tomography",C,,,,,,,,,,,,,,,,,,,,,
ID1958,"### Step 1: Read excerpt
1. A one-day-old male neonate, born at 39 weeks’ gestation via uncomplicated spontaneous vaginal delivery, presents with two episodes of green vomiting since birth.
2. He passed meconium within 4 hours of life and has been exclusively breastfed.
3. His temperature is 36.9°C, heart rate 175 beats per minute, respiratory rate 33 breaths per minute, blood pressure 88/60 mm Hg, and oxygen saturation 99% on room air.
4. Physical examination reveals a soft, nondistended abdomen with normoactive bowel sounds and a patent anus.
5. Abdominal radiographs show mild intestinal dilatation without other abnormalities.

### Step 2: Answer QA Details
What is the most appropriate next step in managing this patient?

A. Initiate empiric antibiotics for suspected sepsis  
B. Administer a trial of nasogastric decompression  
D. Begin parenteral nutrition for suspected intestinal obstruction  
E. Obtain a plain chest X-ray to rule out congenital diaphragmatic hernia  
F. Consult pediatric surgery for possible exploratory laparotomy  
G. Obtain an upper gastrointestinal contrast series  
H. Order a sweat chloride test to evaluate for cystic fibrosis  
I. Perform a barium enema  
J. Perform serial abdominal examinations  

### Step 3: Determine sentence relevance
1. A one-day-old male neonate, born at 39 weeks’ gestation via uncomplicated spontaneous vaginal delivery, presents with two episodes of green vomiting since birth.
2. He passed meconium within 4 hours of life and has been exclusively breastfed.
3. His temperature is 36.9°C, heart rate 175 beats per minute, respiratory rate 33 breaths per minute, blood pressure 88/60 mm Hg, and oxygen saturation 99% on room air.
4. Physical examination reveals a soft, nondistended abdomen with normoactive bowel sounds and a patent anus.
5. Abdominal radiographs show mild intestinal dilatation without other abnormalities.",5,G,medxpert,"1. A one-day-old male neonate, born at 39 weeks’ gestation via uncomplicated spontaneous vaginal delivery, presents with two episodes of green vomiting since birth.
2. He passed meconium within 4 hours of life and has been exclusively breastfed.
3. His temperature is 36.9°C, heart rate 175 beats per minute, respiratory rate 33 breaths per minute, blood pressure 88/60 mm Hg, and oxygen saturation 99% on room air.
4. Physical examination reveals a soft, nondistended abdomen with normoactive bowel sounds and a patent anus.
5. Abdominal radiographs show mild intestinal dilatation without other abnormalities.","What is the most appropriate next step in managing this patient?

A. Initiate empiric antibiotics for suspected sepsis  
B. Administer a trial of nasogastric decompression  
D. Begin parenteral nutrition for suspected intestinal obstruction  
E. Obtain a plain chest X-ray to rule out congenital diaphragmatic hernia  
F. Consult pediatric surgery for possible exploratory laparotomy  
G. Obtain an upper gastrointestinal contrast series  
H. Order a sweat chloride test to evaluate for cystic fibrosis  
I. Perform a barium enema  
J. Perform serial abdominal examinations",G,High Relevance,Low Relevance,High Relevance,High Relevance,High Relevance,,,,,,,,,,,,,,,,
ID1979,"**Step 1: Read excerpt**

1. A 16-year-old boy is brought to the pediatrician by his parents due to concerning behavioral changes.
2. He reports experiencing mood swings, irritability, aggressive thoughts towards authority figures, and feelings of invulnerability, though he hasn't acted on these impulses.
3. He denies depression and suicidal/homicidal thoughts, claiming to feel ""excellent."" When asked to explain his behavior, he struggles to provide clear reasons.
4. His daily routine includes several hours of weightlifting.
5. On physical examination, he appears very muscular and physically fit, with prominent acne on his upper body and face.

**Step 2: Answer QA Details**

What is the most appropriate next step in management?

A. Treatment with antipsychotics  
B. Implementation of cognitive behavioral therapy  
C. Referral to sports medicine specialist for exercise modification  
D. Regular monitoring with monthly testosterone levels  
E. Outpatient counseling with weekly follow-up  
F. Admission to hospital for monitoring and tapering of culprit drug dose.  
G. Referral to adolescent psychiatrist for comprehensive evaluation  
H. Stopping immediately or monitoring the taper off of the drug.  
I. Prescription of mood stabilizers  
J. Family therapy sessions with behavioral modification  

**Step 3: Determine sentence relevance**

1. A 16-year-old boy is brought to the pediatrician by his parents due to concerning behavioral changes.
2. He reports experiencing mood swings, irritability, aggressive thoughts towards authority figures, and feelings of invulnerability, though he hasn't acted on these impulses.
3. He denies depression and suicidal/homicidal thoughts, claiming to feel ""excellent."" When asked to explain his behavior, he struggles to provide clear reasons.
4. His daily routine includes several hours of weightlifting.
5. On physical examination, he appears very muscular and physically fit, with prominent acne on his upper body and face.",5,H,medxpert,"1. A 16-year-old boy is brought to the pediatrician by his parents due to concerning behavioral changes.
2. He reports experiencing mood swings, irritability, aggressive thoughts towards authority figures, and feelings of invulnerability, though he hasn't acted on these impulses.
3. He denies depression and suicidal/homicidal thoughts, claiming to feel ""excellent."" When asked to explain his behavior, he struggles to provide clear reasons.
4. His daily routine includes several hours of weightlifting.
5. On physical examination, he appears very muscular and physically fit, with prominent acne on his upper body and face.","What is the most appropriate next step in management?

A. Treatment with antipsychotics  
B. Implementation of cognitive behavioral therapy  
C. Referral to sports medicine specialist for exercise modification  
D. Regular monitoring with monthly testosterone levels  
E. Outpatient counseling with weekly follow-up  
F. Admission to hospital for monitoring and tapering of culprit drug dose.  
G. Referral to adolescent psychiatrist for comprehensive evaluation  
H. Stopping immediately or monitoring the taper off of the drug.  
I. Prescription of mood stabilizers  
J. Family therapy sessions with behavioral modification",H,High Relevance,High Relevance,High Relevance,High Relevance,High Relevance,,,,,,,,,,,,,,,,
ID1980,"**Step 1: Read excerpt**

1. A 25-year-old woman, gravida 1, para 0, at 39 weeks of gestation presents to the obstetrics unit of the hospital for planned C-section.
2. Her pregnancy has been uncomplicated, and she takes a prenatal vitamin every day.
3. She has had no recent illnesses or sick contacts.
4. Temperature is 37.0 ºC (98.6 ºF), pulse is 96/min, respiratory rate is 18/min, and blood pressure is 108/60 mmHg.
5. On physical exam, the patient is well-appearing with a gravid abdomen.
6. Fetal heart tracings are reassuring.
7. She is not currently in labor and amniotic membranes are intact.
8. The patient’s urine culture was negative at the initial prenatal appointment but vaginal-rectal culture at 37 weeks was positive for group B *streptococcus* (GBS).

**Step 2: Answer QA Details**

Which of the following is the most appropriate next step in management?

A. Cefazolin for GBS prophylaxis due to planned C-section  
B. Observation without antibiotic intervention  
C. Urine culture  
D. Vaginal-rectal culture  
E. Postoperative antibiotics for GBS prophylaxis  
F. Intrapartum penicillin prophylaxis  
G. Standard preoperative antibiotics plus group B streptococcal treatment  
H. Repeat vaginal-rectal culture at delivery  
I. Standard preoperative antibiotics  
J. No intrapartum antibiotics  

**Step 3: Determine sentence relevance**

1. A 25-year-old woman, gravida 1, para 0, at 39 weeks of gestation presents to the obstetrics unit of the hospital for planned C-section.
2. Her pregnancy has been uncomplicated, and she takes a prenatal vitamin every day.
3. She has had no recent illnesses or sick contacts.
4. Temperature is 37.0 ºC (98.6 ºF), pulse is 96/min, respiratory rate is 18/min, and blood pressure is 108/60 mmHg.
5. On physical exam, the patient is well-appearing with a gravid abdomen.
6. Fetal heart tracings are reassuring.
7. She is not currently in labor and amniotic membranes are intact.
8. The patient’s urine culture was negative at the initial prenatal appointment but vaginal-rectal culture at 37 weeks was positive for group B *streptococcus* (GBS).",8,I,medxpert,"1. A 25-year-old woman, gravida 1, para 0, at 39 weeks of gestation presents to the obstetrics unit of the hospital for planned C-section.
2. Her pregnancy has been uncomplicated, and she takes a prenatal vitamin every day.
3. She has had no recent illnesses or sick contacts.
4. Temperature is 37.0 ºC (98.6 ºF), pulse is 96/min, respiratory rate is 18/min, and blood pressure is 108/60 mmHg.
5. On physical exam, the patient is well-appearing with a gravid abdomen.
6. Fetal heart tracings are reassuring.
7. She is not currently in labor and amniotic membranes are intact.
8. The patient’s urine culture was negative at the initial prenatal appointment but vaginal-rectal culture at 37 weeks was positive for group B *streptococcus* (GBS).","Which of the following is the most appropriate next step in management?

A. Cefazolin for GBS prophylaxis due to planned C-section  
B. Observation without antibiotic intervention  
C. Urine culture  
D. Vaginal-rectal culture  
E. Postoperative antibiotics for GBS prophylaxis  
F. Intrapartum penicillin prophylaxis  
G. Standard preoperative antibiotics plus group B streptococcal treatment  
H. Repeat vaginal-rectal culture at delivery  
I. Standard preoperative antibiotics  
J. No intrapartum antibiotics",I,High Relevance,Low Relevance,Irrelevant,Irrelevant,Irrelevant,Irrelevant,High Relevance,High Relevance,,,,,,,,,,,,,
ID1987,"### Step 1: Read excerpt
1. A 23-year-old man with no prior medical issues presents to the emergency department with facial swelling.
2. He reports a mild cough for the past 3 weeks and has experienced four to five episodes of fever, with a maximum temperature of 38.9°C.
3. Over the past 2 weeks, he has noticed swollen lymph nodes in his neck.
4. Yesterday, he developed progressive swelling under both eyes, followed by worsening facial swelling, which is more prominent in the morning.
5. He denies nasal congestion, sore throat, or runny nose.
6. He is eating and drinking well, with normal urine output.
7. He takes no medications and has no allergies.
8. On examination, the patient appears tired but is awake and interactive.
9. His vitals include a temperature of 38.6°C, heart rate of 95 bpm, respiratory rate of 28 breaths per minute, blood pressure of 110/69 mm Hg, and oxygen saturation of 97% on room air while supine.
10. Physical findings include moderate bilateral periorbital and facial swelling, bilateral jugular venous distention, and diffuse cervical, supraclavicular, and axillary lymphadenopathy.
11. Breath sounds are slightly diminished over the posterior right lung fields, but the cardiac, abdominal, musculoskeletal, and neurologic examinations are normal.
12. A chest radiograph reveals significant mediastinal widening and hilar fullness.
13. The patient’s SARS-CoV-2 test is negative, and he is up to date on Covid-19 vaccinations.
14. The patient is placed upright, laboratory tests are ordered, and continuous cardiopulmonary monitoring is initiated.

### Step 2: Answer QA Details
What is the most appropriate next step in management?

A. Administer dexamethasone  
B. Perform an emergent thoracentesis  
C. Administer bronchodilators  
D. Administer intravenous diuretics  
E. Obtain a PET-CT scan  
F. Refer for a lymph node biopsy  
G. Initiate empiric chemotherapy  
H. Obtain a chest CT with contrast  
I. Perform a mediastinoscopy  
J. Intubate  

### Step 3: Determine sentence relevance
1. A 23-year-old man with no prior medical issues presents to the emergency department with facial swelling.
2. He reports a mild cough for the past 3 weeks and has experienced four to five episodes of fever, with a maximum temperature of 38.9°C.
3. Over the past 2 weeks, he has noticed swollen lymph nodes in his neck.
4. Yesterday, he developed progressive swelling under both eyes, followed by worsening facial swelling, which is more prominent in the morning.
5. He denies nasal congestion, sore throat, or runny nose.
6. He is eating and drinking well, with normal urine output.
7. He takes no medications and has no allergies.
8. On examination, the patient appears tired but is awake and interactive.
9. His vitals include a temperature of 38.6°C, heart rate of 95 bpm, respiratory rate of 28 breaths per minute, blood pressure of 110/69 mm Hg, and oxygen saturation of 97% on room air while supine.
10. Physical findings include moderate bilateral periorbital and facial swelling, bilateral jugular venous distention, and diffuse cervical, supraclavicular, and axillary lymphadenopathy.
11. Breath sounds are slightly diminished over the posterior right lung fields, but the cardiac, abdominal, musculoskeletal, and neurologic examinations are normal.
12. A chest radiograph reveals significant mediastinal widening and hilar fullness.
13. The patient’s SARS-CoV-2 test is negative, and he is up to date on Covid-19 vaccinations.
14. The patient is placed upright, laboratory tests are ordered, and continuous cardiopulmonary monitoring is initiated.",14,H,medxpert,"1. A 23-year-old man with no prior medical issues presents to the emergency department with facial swelling.
2. He reports a mild cough for the past 3 weeks and has experienced four to five episodes of fever, with a maximum temperature of 38.9°C.
3. Over the past 2 weeks, he has noticed swollen lymph nodes in his neck.
4. Yesterday, he developed progressive swelling under both eyes, followed by worsening facial swelling, which is more prominent in the morning.
5. He denies nasal congestion, sore throat, or runny nose.
6. He is eating and drinking well, with normal urine output.
7. He takes no medications and has no allergies.
8. On examination, the patient appears tired but is awake and interactive.
9. His vitals include a temperature of 38.6°C, heart rate of 95 bpm, respiratory rate of 28 breaths per minute, blood pressure of 110/69 mm Hg, and oxygen saturation of 97% on room air while supine.
10. Physical findings include moderate bilateral periorbital and facial swelling, bilateral jugular venous distention, and diffuse cervical, supraclavicular, and axillary lymphadenopathy.
11. Breath sounds are slightly diminished over the posterior right lung fields, but the cardiac, abdominal, musculoskeletal, and neurologic examinations are normal.
12. A chest radiograph reveals significant mediastinal widening and hilar fullness.
13. The patient’s SARS-CoV-2 test is negative, and he is up to date on Covid-19 vaccinations.
14. The patient is placed upright, laboratory tests are ordered, and continuous cardiopulmonary monitoring is initiated.","What is the most appropriate next step in management?

A. Administer dexamethasone  
B. Perform an emergent thoracentesis  
C. Administer bronchodilators  
D. Administer intravenous diuretics  
E. Obtain a PET-CT scan  
F. Refer for a lymph node biopsy  
G. Initiate empiric chemotherapy  
H. Obtain a chest CT with contrast  
I. Perform a mediastinoscopy  
J. Intubate",H,High Relevance,Low Relevance,High Relevance,High Relevance,Low Relevance,Irrelevant,Irrelevant,Low Relevance,High Relevance,High Relevance,Low Relevance,High Relevance,Irrelevant,Low Relevance,,,,,,,
ID1994,"**Step 1: Read excerpt**

1. An 84-year-old woman with a 5-year history of Alzheimer disease is brought in by her family for evaluation of worsening symptoms, including memory loss, wandering, and a decline in her ability to perform daily activities.  
2. She has been on donepezil for the past year, which initially provided noticeable improvement in her symptoms.  
3. However, her family is now uncertain if the medication is still benefiting her.  

**Step 2: Answer QA Details**

If the patient and her family wish to continue pharmacologic treatment, which of the following is the most appropriate next step in her drug therapy?

B. Start antipsychotic medication alongside donepezil  
C. Increase donepezil dosage  
D. Add rivastigmine to donepezil  
E. Continue donepezil  
F. Discontinue all medications and start cognitive behavioral therapy  
G. Replace donepezil with memantine  
H. Replace donepezil with a non-pharmacological intervention  
I. Switch to combination memantine/donepezil therapy  
J. Discontinue donepezil without adding a replacement  

**Step 3: Determine sentence relevance**

1. An 84-year-old woman with a 5-year history of Alzheimer disease is brought in by her family for evaluation of worsening symptoms, including memory loss, wandering, and a decline in her ability to perform daily activities.  
2. She has been on donepezil for the past year, which initially provided noticeable improvement in her symptoms.  
3. However, her family is now uncertain if the medication is still benefiting her.  ",3,E,medxpert,"1. An 84-year-old woman with a 5-year history of Alzheimer disease is brought in by her family for evaluation of worsening symptoms, including memory loss, wandering, and a decline in her ability to perform daily activities.  
2. She has been on donepezil for the past year, which initially provided noticeable improvement in her symptoms.  
3. However, her family is now uncertain if the medication is still benefiting her.","If the patient and her family wish to continue pharmacologic treatment, which of the following is the most appropriate next step in her drug therapy?

B. Start antipsychotic medication alongside donepezil  
C. Increase donepezil dosage  
D. Add rivastigmine to donepezil  
E. Continue donepezil  
F. Discontinue all medications and start cognitive behavioral therapy  
G. Replace donepezil with memantine  
H. Replace donepezil with a non-pharmacological intervention  
I. Switch to combination memantine/donepezil therapy  
J. Discontinue donepezil without adding a replacement",I,,,,,,,,,,,,,,,,,,,,,
