QA_ID,Origin,data_source,Raw_Response,Extracted_Answer
Merge Q1,ID0002,,"<unused94>thought
The patient is a 60-year-old woman presenting with progressive left-sided ptosis over 9 months. The ptosis is worse at night and with fatigue. Examination reveals left upper eyelid ptosis with a significantly reduced margin-to-reflex distance (MRD) on the left (0.5 mm) compared to the right (3.5 mm). Levator function is intact, and there is no fatigability on sustained upgaze. There is mild fullness in the left superior sulcus and mildly increased left-sided resistance to retropulsion.

Let's analyze the findings:
",
Merge Q2,ID0003,,"<unused94>thought
The user wants me to identify the essential component for culturing the most likely causative organism based on the provided clinical information.

1.  **Analyze the clinical information:**
    *   Patient has bilateral multifocal opacities on chest X-ray.
    *   Chest auscultation is unremarkable.
    *   Sputum culture and Gram stain are negative.

2.  **Interpret the findings:**
    *   Bilateral multifocal opacities suggest a diffuse lung process, possibly pneumonia.
    *   Unremarkable auscultation despite radiographic findings can occur in certain types of pneumonia",
Merge Q3,ID0007,,Answer: A,A
Merge Q4,ID0009,,Answer: D,D
Merge Q5,ID0010,,Answer: H,H
Merge Q6,ID0013,,Answer: B,B
Merge Q7,ID0015,,"<unused94>thought
The user wants me to identify the most likely diagnosis based on the provided clinical case summary and images (although the images are described, not shown).

Here's a breakdown of the information:
- **Patient:** 60-year-old man.
- **History:** IgA kappa multiple myeloma diagnosed 2 years ago, currently in remission (""free of disease"").
- **Presenting Complaint:** Indolent, erythematous papule on the glans penis for 2 weeks.
- **Physical Exam:** Shiny, tense, erythematous, hemispherical papule, 5 mm diameter,",
Merge Q8,ID0016,,"<unused94>thought
The patient presents with acute unilateral vision loss, pain, and signs of inflammation in the right eye. The slitlamp examination reveals anterior uveitis (conjunctival hyperemia, keratic precipitates, anterior chamber cells). The dilated fundus examination shows significant posterior segment inflammation (vitritis, optic nerve swelling, retinal hemorrhages, perivascular sheathing, macular edema/whitening, subretinal fluid). Fluorescein angiography confirms vascular leakage and peripheral ischemia. This constellation of findings, particularly the severe panuveitis with optic nerve swelling, retinal hemorrhages, and macular edema, is highly suggestive of acute retinal necrosis (ARN",
Merge Q9,ID0017,,"<unused94>thought
The user wants me to identify the diagnosis based on the provided clinical information and CT findings.

1.  **Analyze the clinical information:**
    *   Patient has a right-sided grade IV renal injury.
    *   The injury involves a known renal cyst.
    *   There is active arterial extravasation seen on CT (Figure A).
    *   A follow-up CT (Figure B) shows a large right-sided retroperitoneal hematoma.
    *   The grade IV renal laceration displaces abdominal viscera to the left.
    *   There is a contrast",
Merge Q10,ID0018,,"<unused94>thought
The patient is a 74-year-old man presenting with severe, progressive pain, redness, and decreased visual acuity in the left eye for 2 months. His history is significant for recent left eye strabismus surgery (3 months ago) complicated by a nonhealing conjunctival epithelial defect and subsequent scleral thinning. He also has a history of significant blood glucose elevation after taking oral prednisone. Examination reveals marked inferior redness, scleral thinning (greatest inferonasally), an overlying epithelial defect, scleral tenderness, anterior chamber inflammation (16-25 cells/HPF), iris neovascularization,",
Merge Q11,ID0021,,"<unused94>thought
The user wants me to analyze a clinical case and choose the most appropriate next step from the given options.

**Case Summary Analysis:**
- **Patient:** Male (implied by ""He"")
- **Presentation:** 2-day history of painful, left-sided vesicular rash around eyelid and forehead.
- **Examination Findings:**
    - Vesicles on erythematous bases in V1 distribution (ophthalmic division of the trigeminal nerve).
    - Left upper eyelid edema and erythema.
    - Left-sided conjunctivitis.
    - Dendritic keratitis (Figure).
    ",
Merge Q12,ID0024,,Answer: B,B
Merge Q13,ID0025,,"<unused94>thought
The user wants me to identify the next step in a Facilitated Positional Release (FPR) technique for a specific somatic dysfunction.

1.  **Identify the Somatic Dysfunction:** The dysfunction is T6 extended, rotated left, sidebent left.
2.  **Understand FPR:** FPR involves taking the patient into a position of *maximum* ease (often the opposite of the dysfunction) and then applying a small activating force into the dysfunction. The patient then actively moves *away* from the activating force, into a position of *greater* ease. This active movement is key.
3.  **",
Merge Q14,ID0027,,Answer: D,D
Merge Q15,ID0028,,Answer: D,D
Merge Q16,ID0029,,Answer: A,A
Merge Q17,ID0030,,"<unused94>thought
The user wants me to identify the most likely diagnosis for a 48-year-old man with a history of rectal adenocarcinoma who developed a subglottic mass.

Here's a breakdown of the case and reasoning:

1.  **Patient History:** 48-year-old male with a history of rectal adenocarcinoma (diagnosed 9 years ago). This is a significant risk factor for metastatic disease.
2.  **Previous Treatment:** Received extensive treatment for the primary tumor (neoadjuvant chemoradiotherapy, surgery, adjuvant chemotherapy) and subsequent lung metastases (local interventions, 4",
Merge Q18,ID0032,,Answer: D,D
Merge Q19,ID0034,,Answer: A,A
Merge Q20,ID0039,,Answer: B,B
Merge Q21,ID0041,,"<unused94>thought
The patient is a middle-aged Hispanic man with a history of multiple sexual partners presenting with bilateral visual symptoms including blurry vision, altered color perception, and paracentral scotomas, along with facial tingling and pulsatile tinnitus. Examination reveals decreased visual acuity, anterior vitreous cells, optic disc edema and hyperemia, and large, pale-yellowish placoid lesions in the macula of both eyes. Optical coherence tomography (OCT) shows disruption of the ellipsoid and interdigitation zones, hyperreflective nodules overlying the retinal pigment epithelium (RPE), and punctate choroidal hyperreflectivity.

This clinical presentation is highly",
Merge Q22,ID0042,,"<unused94>thought
The user wants me to identify the most likely underlying cause of the patient's symptoms based on the provided case summary.

**Case Summary Analysis:**

*   **Recurrent infections:** Bilateral otitis media (3 episodes since birth). This suggests an immune deficiency.
*   **Delayed umbilical cord separation:** Occurred at 8 weeks (normal is usually within 2 weeks). This is a classic sign of Leukocyte Adhesion Deficiency (LAD).
*   **Leukocytosis:** High white blood cell count (41,300/mm3) with a marked neutrophilia (9",
Merge Q23,ID0043,,Answer: D,D
Merge Q24,ID0044,,"<unused94>thought
The user wants me to analyze a clinical case and choose the most appropriate next step from the given options.

**Case Summary Analysis:**
- **Patient Presentation:** Left eye discomfort, foreign-body sensation, preceded by a week of malaise.
- **Clinical Findings:**
    - Ulceration on the left upper eyelid margin (8mm x 2mm).
    - Mild madarosis (loss of eyelashes) in the ulcerated area.
    - Tender, enlarged ipsilateral preauricular lymph node.
- **Biopsy Findings (Figure 1B):**
    - Necrotic",
Merge Q25,ID0045,,"<unused94>thought
The user wants me to analyze a clinical scenario and choose the most accurate statement regarding surgical vs. nonoperative management for a burst fracture with spinal cord injury.

**Patient Information:**
*   **Diagnosis:** Burst fracture (implied by vertebral retropulsion and canal stenosis)
*   **Neurologic Status:** ASIA E (Complete motor and sensory loss below the level of injury)
*   **Imaging:** MRI shows mild vertebral retropulsion, 10% central canal stenosis, no posterior ligament complex injury.

**Question:** Compare surgical decompression/fixation vs. nonoperative management (bracing",
Merge Q26,ID0046,,"<unused94>thought
The user wants me to identify the most likely abnormal lab value in a patient presenting with lymphadenopathy, hepatosplenomegaly, peripheral neuropathy, and bruising.

1.  **Analyze the patient's symptoms:**
    *   Lymphadenopathy (posterior/anterior chain, inguinal): Suggests a systemic process, possibly infectious, inflammatory, or malignant.
    *   Hepatosplenomegaly: Also points to a systemic process, often involving the reticuloendothelial system (e.g., infection, hematologic malignancy, storage disease).
    *   Peripheral neuropathy (decreased sensation",
Merge Q27,ID0047,,"<unused94>thought
The patient presents with bilateral painless vision loss, photophobia, anterior chamber inflammation (cells), and significant posterior segment findings including disc edema, flame hemorrhages, and vitreous haze. The patient has risk factors for infectious diseases, including intravenous drug abuse and multiple sexual partners. The clinical picture is highly suggestive of infectious endophthalmitis or posterior uveitis, possibly related to systemic infection.

Let's analyze the options:

A: Obtain HIV and syphilis serology results. Given the patient's risk factors (IV drug abuse, multiple sexual partners) and the presentation suggestive of an infectious or inflammatory process affecting the eyes",
Merge Q28,ID0048,,Answer: C,C
Merge Q29,ID0049,,"<unused94>thought
The user wants me to analyze a patient case and choose the most appropriate next step from the given options.

**Patient Information:**
*   **Visual Acuity:** 20/20 OD (right eye), 20/200 OS (left eye). Significant vision loss in the left eye.
*   **Fundus Findings (Left Eye - Figure 1A):** Not described, but implied to be abnormal given the vision loss.
*   **Development:** Macular edema with exudates in the left eye developed 1 week after initial presentation (Figure 1B). This",
Merge Q30,ID0052,,Answer: C,C
Merge Q31,ID0053,,Answer: G,G
Merge Q32,ID0054,,"<unused94>thought
The user wants me to analyze a clinical case summary and choose the most appropriate next step from the given options.

**Case Summary Analysis:**
*   **Patient:** Female (age not specified, but likely adult given the presentation).
*   **Symptoms:**
    *   Initial symptoms (onset 1 week prior to first mention): Fever, rash (initially unspecified).
    *   1 week after onset: Persistent fever (up to 39.6°C), rash spread to palms/soles, some pustules.
    *   Later (around 3 weeks after onset): Persistent",
Merge Q33,ID0055,,"<unused94>thought
The user wants me to analyze a patient case and determine the most likely cause of their presentation based on the provided information and a head CT (Figure A, which is not provided but implied to show relevant findings).

**Patient Information:**
1. Skiing accident, collision with a tree.
2. Brief loss of consciousness (~30 seconds).
3. Gradual somnolence during transport.
4. Difficult to arouse, GCS of 7 (indicating significant impairment of consciousness).

**Clinical Reasoning:**
*   **Mechanism:** High-impact trauma (skiing collision with a tree). This",
Merge Q34,ID0056,,Answer: D,D
Merge Q35,ID0057,,Answer: B,B
Merge Q36,ID0059,,Answer: B,B
Merge Q37,ID0060,,"<unused94>thought
The user wants me to analyze a clinical case and choose the best next step from the provided options.

**Case Summary:**
- 36-year-old healthy man
- 5-day history of exquisitely tender rash at the base of the left thumb
- Afebrile
- Physical exam: Several vesicles with purulent fluid on an erythematous base at the base of the left thumb.

**Analysis:**
- The location (base of thumb) and appearance (vesicles with purulent fluid on an erythematous base) are highly suggestive of **herpetic whitlow**. This is a",A
Merge Q38,ID0062,,Answer: B,B
Merge Q39,ID0063,,"<unused94>thought
The user wants me to identify the most probable diagnosis and spinal motion pattern based on the provided physical examination findings.

1.  **Analyze the findings:**
    *   Enhanced thoracic kyphosis: Increased forward curvature of the thoracic spine.
    *   Posterior positioning of the right scapula in neutral stance: Suggests the right shoulder is higher or more posterior than the left, often associated with a curve convexity on the right.
    *   Group dysfunction from T3-T9: Indicates a segment of the thoracic spine is not moving properly.
    *   Prominent right-sided rib cage",
Merge Q40,ID0064,,"<unused94>thought
The user wants me to identify the most likely location where the infectious agent causing the patient's rash began to proliferate.

1.  **Analyze the patient presentation:**
    *   24-year-old man.
    *   2-day history of red, itchy rash on buttocks and legs.
    *   Returned from a Caribbean cruise 4 days ago.
    *   Swam in a ship's pool and used a hot tub.
    *   Physical examination shows a rash (image not provided, but the context strongly suggests a specific type of rash).

2.  ",
Merge Q41,ID0067,,Answer: A,A
Merge Q42,ID0069,,"<unused94>thought
The user wants me to analyze a clinical case and choose the most appropriate next step from the given options.

**Case Summary:**
- 5-year-old girl
- Congenital left blepharoptosis (droopy eyelid)
- Left eye twitches during feeding/mealtimes since infancy
- Asymmetric eyelid measurements (palpebral fissure height, MRD1) confirming ptosis
- Left upper eyelid elevation with *lateral* jaw thrust, but not with other jaw movements or mouth opening/closing.

**Analysis:**
- The congenital ptosis is the primary issue.
- The",
Merge Q43,ID0071,,"<unused94>thought
The user wants me to act as a clinical reasoning assistant and provide the most likely diagnosis based on a patient case summary and a multiple-choice question. However, the user has not provided the patient case summary.

Since I lack the necessary information (the case summary), I cannot determine the most likely diagnosis. I need the clinical details to reason through the options.

Therefore, I must inform the user that I cannot answer the question without the case summary. However, the instructions explicitly state: ""Respond only in the following format: Answer: <LETTER>"". This is a conflicting instruction.

Given the strict format requirement",
Merge Q44,ID0072,,"<unused94>thought
The user wants me to analyze a clinical case and choose the most appropriate next step from the given options.

**Case Summary:**
*   **Patient:** Man in late 20s.
*   **History:** Alport syndrome.
*   **Presenting Problem:** Bilateral retina problem, referred after right-sided herpes zoster ophthalmicus (HZO).
*   **Fundus Exam (Figure A):** Poor foveal light reflex, irregular red discoloration in the fovea, subtle flecking in both eyes.
*   **SD-OCT (Figure B):**",
Merge Q45,ID0073,,Answer: D,D
Merge Q46,ID0074,,"<unused94>thought
The user wants me to identify the most likely type of ovarian mass based on the provided clinical information.

1.  **Analyze the patient's presentation:**
    *   40-year-old woman.
    *   Symptoms: Increased facial hair growth (hirsutism), temporal balding, clitoral enlargement (virilization) for 6 months.
    *   Lab findings: Increased serum testosterone. Normal androstenedione, DHEA, and urinary 17-ketosteroids.
    *   Imaging: 12-cm ovarian mass.

2.  **",
Merge Q47,ID0076,,Answer: B,B
Merge Q48,ID0078,,"<unused94>thought
The user wants me to analyze a clinical case and choose the most appropriate next step in management from the given options.

**Case Summary:**
- 3-day-old boy
- Failure to pass meconium
- 2 episodes of green vomiting (bilious vomiting)
- Abdomen: firm, non-tender, distended, hypoactive bowel sounds
- Digital rectal exam: failed to relieve obstruction
- Abdominal radiograph (Figure A - not provided, but the clinical picture strongly suggests distal bowel obstruction)

**Clinical Picture Analysis:**
- **Age:** Neonate (3 days",
Merge Q49,ID0079,,Answer: B,B
Merge Q50,ID0081,,Answer: A,A
Merge Q51,ID0082,,"<unused94>thought
The user wants me to identify the most likely cause of the patient's symptoms based on the provided case summary and ECG.

**Patient Information:**
*   **Symptoms:** Visual changes (yellow tint to objects - xanthopsia).
*   **History:** Heart failure with reduced ejection fraction (HFrEF), obesity, diabetes, hypertension, acute coronary syndrome (ACS), atrial fibrillation (AFib), peripheral vascular disease (PVD).
*   **Vitals:** T 98.5°F, BP 153/91 mmHg, P 40/min, RR ",
Merge Q52,ID0085,,"<unused94>thought
The user wants me to identify the physical exam finding most strongly associated with spontaneous bacterial peritonitis (SBP) from the given options.

1.  **Analyze the condition:** Spontaneous bacterial peritonitis (SBP) is an infection of the ascitic fluid, typically occurring in patients with cirrhosis and ascites. It presents with abdominal pain, fever, and altered mental status. The key is the presence of ascites.

2.  **Evaluate the options:**
    *   A. Pain that improves with movement: This is not typical of SBP. Pain often worsens with movement or palpation.
    ",
Merge Q53,ID0086,,Answer: C,C
Merge Q54,ID0088,,Answer: B,B
Merge Q55,ID0089,,Answer: B,B
Merge Q56,ID0092,,"<unused94>thought
The user wants me to identify the best initial therapy for a patient presenting with symptoms suggestive of Clostridioides difficile infection (CDI) while on intravenous ceftriaxone for acute cellulitis.

1.  **Analyze the patient's presentation:**
    *   Patient is on IV ceftriaxone (a broad-spectrum antibiotic).
    *   Develops severe watery diarrhea on day 5 of antibiotic therapy.
    *   Has fever (38.2 °C).
    *   Has abdominal tenderness.
    *   Has leukocytosis (WBC 14",
Merge Q57,ID0093,,Answer: C,C
Merge Q58,ID0094,,Answer: D,D
Merge Q59,ID0096,,Answer: B,B
Merge Q60,ID0097,,Answer: D,D
Merge Q61,ID0098,,Answer: C,C
Merge Q62,ID0099,,"<unused94>thought
The user wants me to analyze a patient case and choose the best intervention to alleviate dyspnea from the given options.

**Patient Information:**
*   **Symptoms:** Worsening dyspnea (rest and activity) for 1 week.
*   **Medication:** Furosemide 40 mg daily for 5 days, no relief.
*   **Physical Exam:**
    *   Lungs: Diminished air entry, bilateral crackles at bases (clear with cough), expiratory wheezing.
    *   Heart: 3/6 holosystolic murmur",
Merge Q63,ID0101,,"<unused94>thought
The user wants me to identify the most appropriate treatment for a patient based on the provided clinical information.

1.  **Analyze the patient's history:**
    *   Recent missionary trip to South America (12 months ago).
    *   Ate a local delicacy.
    *   History of fevers and eyelid swelling during the trip.
    *   These symptoms (fever, eyelid swelling) and geographic location (South America) are suggestive of Chagas disease (American trypanosomiasis), which is transmitted by triatomine bugs (kissing bugs) often found in endemic areas.",
Merge Q64,ID0102,,"<unused94>thought
The user wants me to identify the most likely cause of respiratory distress in a newborn based on the provided clinical information and chest radiograph (Figure A, which is not provided but implied to be relevant).

1.  **Analyze the patient's presentation:**
    *   **Age:** Newborn (implied by ""Upon delivery"", ""Apgar scores"", ""neonatal"").
    *   **Initial state:** Strong respiratory effort, strong cry, good Apgar scores (7 at 1 min, 8 at 5 min). This suggests the initial transition was relatively good.
    *   ",
Merge Q65,ID0106,,"<unused94>thought
The user wants me to identify the most likely antibody associated with the patient's symptoms and physical findings.

1.  **Analyze the patient presentation:**
    *   25-year-old woman.
    *   Joint pain (general aching, all day).
    *   Muscle pain.
    *   Hand pain.
    *   Occasional dysphagia (trouble swallowing).
    *   Physical exam: Healthy appearance, sunburn, mild hand edema, and findings in Figure A (which is not provided, but the description suggests potential skin changes or joint findings).

2.  ",
Merge Q66,ID0108,,"<unused94>thought
The user wants me to analyze the provided clinical information and choose the most likely diagnosis from the given options.

**Clinical Information Breakdown:**

*   **Normal Labs:** Renal, liver function, coagulation, electrolytes, total protein, albumin, CEA, CA 19-9, CA 125, β2 microglobulin are all normal. This rules out significant systemic inflammation, liver dysfunction, or widespread malignancy markers (though these can be normal in some cancers).
*   **CT Scan (14):** Thickened gallbladder wall infiltrating the liver parenchyma, 3 perihepatic lymph nodes. This suggests",
Merge Q67,ID0109,,Answer: A,A
Merge Q68,ID0110,,Answer: B,B
Merge Q69,ID0111,,Answer: D,D
Merge Q70,ID0112,,Answer: A,A
Merge Q71,ID0113,,Answer: D,D
Merge Q72,ID0115,,Answer: B,B
Merge Q73,ID0116,,"<unused94>thought
The user wants me to analyze a clinical case and choose the most appropriate next step from the given options.

**Case Summary:**
- 5-year-old girl with nystagmus.
- History: Esophageal atresia, small bowel obstruction, mild cognitive impairment, low tone, increased reflexes.
- Ocular History: Eye movement abnormalities since birth.
- Exam:
    - Visual acuity: 20/150 OU, poor improvement with correction (mild myopia/astigmatism).
    - Nystagmus: Alternating vertical and torsional nystagmus",
Merge Q74,ID0117,,"<unused94>thought
The user wants me to identify the most likely diagnosis for a 57-year-old man presenting with symptoms of hypocalcemia (cramping, numbness/tingling, hyperreflexia, positive Chvostek and Trousseau signs) and a low serum calcium level (6.5 mg/dL). He also has a history of chronic heavy alcohol use.

Let's analyze the options:

A. **Hypomagnesemia:** Chronic alcoholism is a common cause of hypomagnesemia. Magnesium is essential for both the secretion of parathyroid hormone (PTH) and the action of PTH",
Merge Q75,ID0119,,"<unused94>thought
The user wants me to act as a clinical reasoning assistant and choose the best course of action for a patient with a supratherapeutic INR.

1.  **Analyze the case:** The patient is on warfarin with a target INR of 2.0-3.0. His current POC INR is 3.7, which is above the therapeutic range.
2.  **Evaluate the options:**
    *   **A: Continue current dosing and recheck in 1 week.** This is inappropriate. An INR of 3.7 is elevated and carries an increased risk of bleeding. Continuing the same dose",
Merge Q76,ID0122,,Answer: D,D
Merge Q77,ID0124,,"<unused94>thought
The user wants me to analyze a patient case and choose the most appropriate next step from the given options.

**Patient Information:**
*   History: Well-controlled type 2 diabetes, Diffuse Large B-cell Lymphoma (diagnosed 3 years ago).
*   Recent Treatment: Chemotherapy, relapse, additional chemotherapy, autologous bone marrow transplant (3 months ago).
*   Current Presentation: Right eye examination shows signs of inflammation and vascular compromise.
    *   1+ anterior chamber inflammation
    *   Iris neovascularization
    *   Keratic precipitates
    *   Vit",
Merge Q78,ID0125,,Answer: A,A
Merge Q79,ID0127,,"<unused94>thought
The user wants me to analyze a clinical case and choose the most appropriate next step from the given options.

**Case Summary:**
- 73-year-old African American woman
- Widespread, scaly, pruritic rash for 2 months
- History: Hypertension, diabetes, pulmonary sarcoidosis, acid reflux
- Medications: Amlodipine, carvedilol, repaglinide, hydroxychloroquine, pantoprazole
- Failed topical triamcinolone (0.1%) for 2 weeks
- Physical Exam: Annular, coalescing, scaly patches with",
Merge Q80,ID0129,,Answer: A,A
Merge Q81,ID0130,,"<unused94>thought
The user wants me to interpret the provided laboratory values and mixing study results to determine the presence and type of a clotting factor inhibitor.

1.  **Analyze the Table:**
    *   **PT (Prothrombin Time):** Measures the extrinsic and common pathways (Factors VII, X, V, II, I). The patient's PT is prolonged (22.5 seconds, normal range 11.0-13.5 seconds).
    *   **aPTT (Activated Partial Thromboplastin Time):** Measures the intrinsic and common pathways (Factors XII, XI, IX, VIII",
Merge Q82,ID0133,,Answer: D,D
Merge Q83,ID0135,,Answer: B,B
Merge Q84,ID0136,,Answer: B,B
Merge Q85,ID0137,,"<unused94>thought
The user wants me to identify the most appropriate treatment for a 59-year-old male presenting with nausea, dizziness (spinning sensation), worsening hearing loss (right side), and delayed horizontal nystagmus.

1.  **Analyze the symptoms:**
    *   Nausea and dizziness (spinning) suggest vertigo.
    *   Uncertain onset, ongoing ""for a while,"" progressive unsteadiness to spinning.
    *   Symptoms worsen when not lying down (suggests positional component or worsening with movement).
    *   Worsening hearing loss, particularly on the right side.
",
Merge Q86,ID0140,,Answer: J,J
Merge Q87,ID0141,,"<unused94>thought
The user wants me to act as a clinical reasoning assistant and choose the most appropriate next step for a patient with hyponatremia (serum sodium of 128 mEq/L).

1.  **Analyze the patient's condition:** The patient has hyponatremia (serum sodium < 135 mEq/L), specifically 128 mEq/L. This is mild to moderate hyponatremia.
2.  **Evaluate the options:**
    *   **A. Limit intake of free water to 1500 mL daily:** This is",
Merge Q88,ID0142,,"<unused94>thought
The user wants me to identify the most likely diagnosis based on the provided clinical information.

1.  **Analyze the patient information:**
    *   History of desmoplastic melanoma on the left arm, 1 mm Breslow thickness.
    *   Left axillary sentinel lymph node biopsy (SLNB) performed 3 weeks prior.
    *   Physical exam: 2 indurated, mobile subcutaneous nodules on the left arm, 5 cm distal to the surgical scar. Larger nodule is 15 mm, smaller is 4 mm.
    *   Histopathology (Figure B):",
Merge Q89,ID0144,,"<unused94>thought
The user wants me to analyze a patient case and choose the most appropriate next step from the given options.

**Patient Information:**
*   55-year-old man
*   Presents with chest pressure and diaphoresis.
*   Describes crushing chest pressure.
*   Given aspirin.
*   ECG performed in triage (Figure A - not provided, but implied changes occur).
*   Vitals: T 97.9°F, BP 155/99 mmHg, P 110/min, RR 22/min, SpO",
Merge Q90,ID0146,,"<unused94>thought
The user wants me to identify the most likely diagnosis based on the provided clinical information.

1.  **Patient Presentation:** Asymptomatic cystic lesion in the right iliac fossa.
2.  **Follow-up:** 15 months later, CT scan shows a progressive 16-mm cystic lesion in close relation to the cecum.

Let's analyze the options:

*   **A: Mucocele of the appendix:** This is a cystic dilation of the appendix, often due to obstruction. It typically presents as a cystic mass in the right iliac fossa, often near the cec",
Merge Q91,ID0147,,Answer: B,B
Merge Q92,ID0148,,"<unused94>thought
The user wants me to identify the most appropriate next step in managing a 34-year-old pregnant woman at 20 weeks gestation diagnosed with ERBB2-positive, ER-positive, PR-negative infiltrating lobular carcinoma of the breast.

1.  **Analyze the patient:** 34-year-old primigravida, 20 weeks gestation.
2.  **Diagnosis:** Infiltrating lobular carcinoma (3 cm, firm, nonmobile, nontender, no axillary nodes).
3.  **Receptor status:** ER+, PR-, HER2 (",
Merge Q93,ID0149,,Answer: B,B
Merge Q94,ID0150,,Answer: C,C
Merge Q95,ID0151,,Answer: J,J
Merge Q96,ID0152,,"<unused94>thought
The user wants me to identify the most likely cardiac finding in a patient with a blood pressure of 180/120 mmHg.

1.  **Analyze the patient's vital signs:**
    *   Temperature: 99.5°F (37.5°C) - Slightly elevated, but not significantly concerning in isolation.
    *   Pulse: 96/min - Mildly tachycardic.
    *   Blood Pressure: 180/120 mmHg - Significantly elevated (Hypertensive urgency/emergency).
    *   Respirations",
Merge Q97,ID0153,,Answer: D,D
Merge Q98,ID0154,,Answer: A,A
Merge Q99,ID0155,,Answer: C,C
Merge Q100,ID0157,,Answer: C,C
Merge Q101,ID0161,,"<unused94>thought
The user wants me to identify the most likely diagnosis based on the provided patient case summary.

1.  **Analyze the patient's presentation:**
    *   50-year-old man.
    *   Post-operative (robotic cystectomy for bladder cancer).
    *   Sudden onset of ophthalmoplegia (inability to move eyes), bilateral ptosis (inability to open eyes), headache, facial numbness immediately post-op.
    *   Known pre-existing sellar mass (pituitary macroadenoma) compressing optic chiasm and pons.
    *",
Merge Q102,ID0162,,Answer: A,A
Merge Q103,ID0163,,Answer: A,A
Merge Q104,ID0164,,Answer: B,B
Merge Q105,ID0165,,Answer: J,J
Merge Q106,ID0166,,Answer: C,C
Merge Q107,ID0168,,Answer: B,B
Merge Q108,ID0169,,Answer: B,B
Merge Q109,ID0170,,"<unused94>thought
The user wants me to identify the most likely echocardiographic finding based on the provided clinical signs.

1.  **Analyze the clinical signs:**
    *   **Right parasternal heave:** Suggests right ventricular hypertrophy or enlargement. This indicates increased pressure or volume load on the right ventricle.
    *   **Loud, pronounced S2:** The second heart sound (S2) is composed of aortic (A2) and pulmonic (P2) valve closure. A loud P2 component is often associated with pulmonary hypertension. A pronounced S2 could also suggest abnormalities in the great vessels.
    *",
Merge Q110,ID0172,,Answer: D,D
Merge Q111,ID0177,,Answer: B,B
Merge Q112,ID0182,,Answer: B,B
Merge Q113,ID0184,,Answer: C,C
Merge Q114,ID0185,,Answer: B,B
Merge Q115,ID0186,,Answer: C,C
Merge Q116,ID0189,,Answer: A,A
Merge Q117,ID0190,,Answer: A,A
Merge Q118,ID0191,,Answer: D,D
Merge Q119,ID0192,,Answer: C,C
Merge Q120,ID0193,,Answer: A,A
Merge Q121,ID0195,,Answer: B,B
Merge Q122,ID0198,,"<unused94>thought
The user wants me to identify the most likely diagnosis based on the provided patient case summary and lab results.

**Patient Information:**
*   57-year-old immigrant from Nigeria
*   Sudden, severe pain and swelling in lower extremity
*   Physical exam: Anasarca (generalized edema), asymmetric lower extremity swelling

**Laboratory Results:**
*   Na+: 137 mEq/L (Normal range: 135-145 mEq/L) - Normal
*   K+: 5.5 mEq/L (Normal range: 3.",
Merge Q123,ID0199,,"<unused94>thought
The user wants me to analyze a clinical case and choose the most appropriate next step from the given options.

**Case Summary Analysis:**

*   **Patient History:** 14 years ago: Pituitary adenoma resection + radiation. Immediate post-op: Right CNIII palsy (ptosis, adduction deficit). 4 years ago: Intermittent right esotropia (CNVI palsy).
*   **Current Presentation:**
    *   Right upper eyelid ptosis (3 mm).
    *   Anisocoria (OD 3mm, OS 4.5mm) - *not*",
Merge Q124,ID0200,,"<unused94>thought
The patient is a 41-year-old woman with heavy menstrual bleeding (HMB), dysmenorrhea, and deep dyspareunia. Her uterus is enlarged (10-week size), boggy, smooth, and mildly tender. These symptoms and findings are highly suggestive of adenomyosis. Adenomyosis is characterized by the presence of endometrial glands and stroma within the myometrium.

Let's analyze the ultrasound findings described in the options and see which one best fits adenomyosis:

A. Multiple hyperechoic foci with posterior shadowing in the myometrium: This description is",
Merge Q125,ID0202,,Answer: D,D
Merge Q126,ID0206,,"<unused94>thought
The user wants me to analyze a patient case and choose the most appropriate next step from the given options.

**Patient Case Summary:**
- Elevated alkaline phosphatase (ALP)
- Normal total bilirubin
- Slightly elevated ALT
- Normal AST
- CT abdomen (single phase): Multiple hypoattenuating liver masses with rim enhancement, small bowel intussusception, normal liver contour, no portal hypertension.
- Elevated AFP (1252 ng/mL)
- Normal CA 19-9 and CEA
- CT abdomen (triple phase): No small bowel abnormalities, but a 3.3",
Merge Q127,ID0207,,"<unused94>thought
The user wants me to identify the most likely location of the damaged structure based on the provided clinical information.

1.  **Analyze the symptoms:**
    *   Radiating pain and tingling from the left lateral thigh to the medial leg and foot. This pattern suggests involvement of the sciatic nerve or its branches.
    *   Pain aggravated by certain positions.
    *   Positive straight leg test on the left: Indicates nerve root irritation, often associated with lumbar disc herniation.
    *   Diminished left patellar reflex (1+ vs 2+): The patellar reflex is primarily mediated by",
Merge Q128,ID0209,,Answer: D,D
Merge Q129,ID0211,,"<unused94>thought
The user wants me to identify the correct muscle energy technique (MET) for a posterior radial head dysfunction on the right side.

1.  **Identify the dysfunction:** Posterior radial head dysfunction on the right. This means the radial head is restricted in its posterior movement.
2.  **Understand the goal of MET:** To correct the dysfunction by using the patient's muscle contraction against a counterforce to move the joint into a more normal position.
3.  **Determine the direction of movement needed:** To correct a *posterior* radial head dysfunction, we need to move the radial head *anteriorly*.
",
Merge Q130,ID0213,,Answer: C,C
Merge Q131,ID0215,,"<unused94>thought
The user wants me to analyze a clinical case and choose the most appropriate next step from the given options.

**Case Summary:**
- Patient experienced eye pain and blurred vision immediately after metal eye shield removal during laser epilation (800nm diode laser).
- Examination (6 weeks later):
    - VA 20/20 OU
    - Left eye: AC pigment and flare, iris irregularities (decreased reactivity, peripupillary transillumination defects, posterior synechiae).
    - After cycloplegia: Posterior concavity of iris and iris-lens touch (reverse",
Merge Q132,ID0216,,Answer: I,I
Merge Q133,ID0217,,Answer: C,C
Merge Q134,ID0219,,"<unused94>thought
The user wants me to identify the most likely diagnosis based on the provided clinical case summary and pathology findings.

**Patient Information:**
*   75-year-old man
*   History of Myelodysplastic Syndrome (MDS) with isolated deletion 5q (del5q)

**Clinical Presentation:**
*   Multiple nonhealing skin ulcers on chest and upper extremities
*   Developed 1 month prior
*   Started as small pustules, rapidly became painful ulcers
*   Worsened despite vancomycin and debridement
*   Physical exam: Multiple cutaneous ulcers (",
Merge Q135,ID0220,,"<unused94>thought
The user wants me to identify the most likely location of a fracture based on the provided clinical findings.

1.  **Analyze the symptoms:**
    *   Intact ocular, facial, and lingual movements (cranial nerves V, VII, XII seem largely okay, though subtle deficits are possible).
    *   Present gag reflex (CN IX, X seem okay).
    *   Absent pinprick sensation on the right side of the face (anterior to the ear, down the mandible to the chin). This points to a deficit in the mandibular division of the trigeminal nerve (CN V3",
Merge Q136,ID0221,,"<unused94>thought
The user wants me to analyze a clinical case and choose the most likely associated finding from the given options.

**Case Summary:**
*   **Patient:** 23-year-old woman
*   **Symptoms:** 7-day abdominal pain, bloody diarrhea, 12-pound unintentional weight loss, intermittent loose stools.
*   **Family History:** Father with CAD, Mother with Primary Sclerosing Cholangitis (PSC).
*   **Colonoscopy:** Figure A (not provided, but I need to infer based on other information).
*   **Labs:** Positive p-AN",
Merge Q137,ID0222,,"<unused94>thought
The user wants me to identify the most likely diagnosis based on the provided clinical case summary.

Here's a breakdown of the key findings and how they relate to the options:

*   **Patient:** 61-year-old man
*   **Symptoms:** 3-month history of rapidly growing, itchy cutaneous nodules (widespread, symmetrical, on back, buttocks, limb extensors).
*   **Physical Exam:** Numerous erythematous skin nodules, prominent generalized lymphadenopathy (cervical, axillary, inguinal, up to 5x2 cm).
*   **Labs:**",
Merge Q138,ID0229,,"<unused94>thought
The patient is a pregnant woman at 23 weeks' gestation presenting with acute left flank pain radiating to the groin, nausea, vomiting, and increased urinary frequency. Physical examination reveals left flank tenderness and hematuria. Urinalysis shows significant hematuria (3+ blood, many RBCs) but is negative for signs of infection (negative nitrite and leukocyte esterase). These symptoms and findings are highly suggestive of nephrolithiasis (kidney stones).

Given the patient is pregnant, imaging choices must consider fetal radiation exposure.

Let's evaluate the options:

A. Renal ultrasound: Ultrasound is the preferred initial",
Merge Q139,ID0230,,"<unused94>thought
The user wants me to identify the most likely diagnosis based on the provided clinical and histological information.

1.  **Clinical Presentation:** A 70-year-old woman with a 4-year history of an enlarged, variegated plaque in the left axilla. Recent change to a dark brown color.
2.  **Histology (B):** Intraepidermal neoplasm with pagetoid cells (cells extending down into the epidermis), round, pale, vacuolated cytoplasm, and large pleomorphic nuclei.
3.  **Immunohistochemistry (C):** Positive staining for EMA (Epit",
Merge Q140,ID0232,,"<unused94>thought
The user wants me to analyze a clinical case and choose the most appropriate next step from the given options.

**Case Summary:**
- 67-year-old woman, history of peripheral T-cell lymphoma, status post allogeneic SCT 8 months ago.
- Recurrence 1 year ago.
- Developed graft-vs-host disease (GVHD) 2 months ago, treated with high-dose prednisone, rituximab, IVIG.
- Current immunosuppression: Prednisone 40mg/d, tacrolimus.
- Prophylaxis: Levoflox",
Merge Q141,ID0233,,Answer: A,A
Merge Q142,ID0235,,"<unused94>thought
The patient is a 76-year-old nursing home resident presenting with watery diarrhea, abdominal cramping, fever, tachycardia, hypotension, leukocytosis, and acute kidney injury (elevated creatinine). She recently completed a course of levofloxacin, a risk factor for Clostridioides difficile infection (CDI). The clinical presentation (watery diarrhea, fever, leukocytosis, abdominal cramping) and recent antibiotic use are highly suggestive of CDI. The patient's vital signs (hypotension, tachycardia) and laboratory findings (leukocytosis > 15,000, creatinine > 1.",
Merge Q143,ID0236,,Answer: C,C
Merge Q144,ID0237,,Answer: A,A
Merge Q145,ID0238,,Answer: D,D
Merge Q146,ID0240,,"<unused94>thought
The user wants me to analyze a patient case and choose the most appropriate next step from the given options.

**Patient Information:**
*   61-year-old woman
*   History of hypertension
*   Presents with exertional left calf discomfort (claudication) for 6 months.
*   Pain occurs when climbing stairs (2 flights), relieved by rest (15 seconds).
*   Physical exam: Lower extremities warm, pulses 2+ bilaterally (femoral, popliteal, dorsalis pedis, posterior tibial).
*   Exercise treadmill ABI test results are provided",
Merge Q147,ID0241,,Answer: A,A
Merge Q148,ID0242,,Answer: G,G
Merge Q149,ID0243,,Answer: C,C
Merge Q150,ID0244,,Answer: C,C
Merge Q151,ID0246,,"<unused94>thought
The user wants me to identify the most likely diagnosis based on the provided clinical information and histopathology findings.

**Patient Information:**
*   Kidney transplant recipient (6 months ago).
*   Recent hospitalization for acute cellular transplant rejection (1 month ago).
*   Immunosuppressed (corticosteroids, belatacept, mycophenolate mofetil, tacrolimus).
*   Presents with tender, round perianal ulcers (1 cm, 3 cm) with a clean base.
*   Another small ulcer in the intergluteal cleft.
*   Bi",
Merge Q152,ID0247,,Answer: C,C
Merge Q153,ID0248,,"<unused94>thought
The user wants me to identify the most probable diagnosis based on the provided clinical findings.

**Clinical Findings:**
1.  **Dark, paste-like debris in both ears, greater in the right ear.** This strongly suggests cerumen (earwax) impaction, and the description points to a significant amount, especially on the right.
2.  **Weber test lateralizes to the right.** This means the sound is perceived louder in the right ear. Lateralization to the affected ear in the Weber test typically indicates conductive hearing loss in that ear or sensorineural hearing loss in the opposite ear.
3",
Merge Q154,ID0249,,Answer: C,C
Merge Q155,ID0251,,"<unused94>thought
The user wants me to identify the most appropriate initial diagnostic study for a patient presenting with weight loss, anorexia, and nausea, who is taking furosemide and digoxin.

1.  **Analyze the patient's symptoms:**
    *   Weight loss (3.5 kg / 7 lb over 3 months) - Significant, unintentional weight loss is a red flag.
    *   Anorexia (""Nothing tastes good to me"") - Loss of appetite.
    *   Nausea (""a little bit of nausea most of the time"") - Persistent nausea.

2.  **Consider the patient",
Merge Q156,ID0253,,Answer: D,D
Merge Q157,ID0254,,Answer: D,D
Merge Q158,ID0256,,Answer: D,D
Merge Q159,ID0257,,Answer: A,A
Merge Q160,ID0258,,Answer: C,C
Merge Q161,ID0262,,"<unused94>thought
The patient is a 72-year-old female with a history of hypertension presenting with a neck swelling. The swelling is located in the anterior triangle, specifically at the base of the neck to the right of the trachea, measures 2-3 cm, and moves with swallowing, suggesting it is related to the thyroid gland or structures closely associated with it. The patient's TSH level is suppressed (0.03 μU/mL, reference range 0.5–4.7 μU/mL), indicating hyperthyroidism or exogenous thyroid hormone intake. Calcium, phosphorus, and albumin levels are",
Merge Q162,ID0265,,Answer: A,A
Merge Q163,ID0268,,Answer: C,C
Merge Q164,ID0270,,"<unused94>thought
The user wants me to identify the most likely underlying cause of the patient's symptoms based on the provided case summary.

Here's a breakdown of the patient's presentation:
1.  **Cognitive Decline:** Worsening memory (reported by daughter), disorientation (oriented only to self, doesn't know date/day), impaired recall (0/3 words), impaired naming (unable to name 2 objects), impaired visuospatial skills (unable to draw interlocking pentagons), impaired calculation/attention (unable to count backwards by sevens). This points towards dementia.
2.  **Functional",
Merge Q165,ID0275,,"<unused94>thought
The user wants me to identify the most likely additional physical examination finding based on the provided patient case summary.

**Case Summary Analysis:**
*   **Mechanism:** Jump landing on right foot with partially flexed knee.
*   **Symptoms:** Heard a ""pop"", developed swelling.
*   **Physical Exam:** Large effusion, unable to bear weight, unable to extend the knee.
*   **X-ray:** Large effusion, low-lying patella (patella baja).

**Differential Diagnosis based on the summary:**
*   **Patellar tendon rupture:** The mechanism (jumping, landing),",
Merge Q166,ID0277,,Answer: B,B
Merge Q167,ID0278,,Answer: C,C
Merge Q168,ID0280,,"<unused94>thought
The user wants me to act as a clinical reasoning assistant and choose the best next step for a patient presenting with hematuria, based on a provided case summary and results table (which are missing in the prompt).

Since the case summary and table are missing, I cannot perform the clinical reasoning. I need that information to determine the most appropriate next step.

However, the prompt asks me to select the *single most appropriate answer* from the given options, even without the case details. This implies I should choose the most logical *initial* step in evaluating hematuria in a general sense, or perhaps the most common or",
Merge Q169,ID0281,,"<unused94>thought
The user wants me to identify the most likely laboratory result explaining the amenorrhea in a 15-year-old girl based on the provided clinical case.

**Patient Information:**
*   **Age:** 15 years old
*   **Presenting Complaint:** Amenorrhea (absent menstrual periods) for 7 months.
*   **Symptoms:** Cold intolerance, thinning hair. No fevers, night sweats, skin changes, GI complaints.
*   **History:** Highly active in track (running), swims 2 hours 3x/week. Eliminated gluten and processed sugars. Weight",
Merge Q170,ID0283,,"<unused94>thought
The user wants me to analyze a clinical case and choose the most appropriate next step from the given options.

**Case Summary:**
- 35-year-old woman
- Painless ptosis of the left upper eyelid
- Intermittent diplopia in all gazes
- Left eye has smaller vertical palpebral fissure (7 mm vs 10 mm OD)
- Left eye has smaller margin-to-reflex distance (MRD) (2 mm vs 4 mm OD)
- Phenylephrine test: MRD in the left eye remained 2 mm (4 mm OS initially,",
Merge Q171,ID0284,,"<unused94>thought
The patient is a 74-year-old woman presenting with a 6-month history of activity-induced right-arm pain, achiness, and muscle fatigue. The pain resolves with rest. She has a history of hyperlipidemia. She recently experienced transient vision loss in her right eye (amaurosis fugax). Physical examination reveals a significant blood pressure difference between the right arm (106/74 mmHg) and the left arm (132/86 mmHg), with lower pressure in the right arm. A diminished radial pulse is noted in the right arm. Laboratory tests show an elevated",
Merge Q172,ID0286,,Answer: C,C
Merge Q173,ID0287,,Answer: C,C
Merge Q174,ID0289,,Answer: B,B
Merge Q175,ID0291,,"<unused94>thought
The user wants me to identify the most likely additional finding in a patient with a cranial rhythmic impulse (CRI) of 6 cycles per minute and decreased amplitude.

1.  **Analyze the given information:**
    *   Cranial Rhythmic Impulse (CRI): 6 cycles per minute. Normal is typically 10-14 cycles per minute. This is slow.
    *   Amplitude: Moderate decrease. This indicates reduced movement or restriction.

2.  **Interpret the findings:** A slow CRI (6 cycles/min) with decreased amplitude suggests a significant restriction in the cranios",
Merge Q176,ID0292,,"<unused94>thought
The patient is a 24-year-old primigravida at 31 weeks' gestation presenting with elevated blood pressure (145/92 mm Hg) and proteinuria (1+ on dipstick, 325 mg/24 hours, urine protein-to-creatinine ratio 0.35). This meets the criteria for preeclampsia without severe features.

Preeclampsia is defined as new-onset hypertension (systolic BP ≥ 140 mm Hg or diastolic BP ≥ 90 mm Hg on two occasions at least 4 hours apart after 2",
Merge Q177,ID0293,,"<unused94>thought
The user wants me to identify the most appropriate endotracheal tube (ETT) size for a 13-month-old boy requiring intubation for bronchiolitis and impending respiratory failure.

1.  **Identify the patient's age:** 13 months old.
2.  **Determine the typical ETT size for this age:** For infants and young children, ETT size is often estimated based on age.
    *   Neonates (<1 month): 2.5-3.5 mm uncuffed
    *   Infants (1-12 months): 3.",
Merge Q178,ID0295,,Answer: A,A
Merge Q179,ID0296,,Answer: B,B
Merge Q180,ID0297,,Answer: A,A
Merge Q181,ID0298,,Answer: A,A
Merge Q182,ID0300,,Answer: C,C
Merge Q183,ID0301,,"<unused94>thought
The user wants me to identify the most likely diagnosis based on the provided clinical presentation and histopathology findings.

**Clinical Presentation:**
*   **Patient:** Man in his 40s.
*   **History:** 5-year history of mildly pruritic poikilodermatous patches and thin plaques.
*   **Location:** Bilateral axilla and groin initially, now expanding to flanks.
*   **Examination:** Hypopigmented and hyperpigmented reticulated patches, thin atrophic plaques.
*   **Extent:** >10% total body surface area (T",
Merge Q184,ID0302,,Answer: C,C
Merge Q185,ID0303,,Answer: F,F
Merge Q186,ID0304,,Answer: I,I
Merge Q187,ID0305,,Answer: B,B
Merge Q188,ID0307,,"<unused94>thought
The user wants me to analyze a patient case and determine which lab test is most likely to be abnormal based on the provided information.

**Patient Information:**
*   34-year-old woman
*   Symptoms: 3-4 weeks of leg swelling, 9 kg (20 lb) weight gain.
*   Medication: Ibuprofen 800 mg TID for Achilles tendinitis (diagnosed 1 month ago).
*   Vitals: Temp 37.2°C, Pulse 88/min, Resp 16/min, BP 14",
Merge Q189,ID0309,,Answer: B,B
Merge Q190,ID0310,,"<unused94>thought
The patient presents with bilateral, painless vision loss, vitreous cells, asteroid hyalosis, and multilobulated serous retinal detachments. Imaging shows choroidal and ciliary body thickening, subretinal fluid, and abnormal fundus autofluorescence. Laboratory tests show elevated ACE and ANA, but negative lysozyme, syphilis, and TB tests. CT scan reveals mediastinal lymphadenopathy and diffuse scleral thickening. The differential diagnosis includes VKH syndrome, lymphoproliferative disorder, and sarcoidosis.

Let's analyze the options:

A: Perform a diagnostic vitrectomy in the right eye",
Merge Q191,ID0313,,Answer: A,A
Merge Q192,ID0314,,Answer: C,C
Merge Q193,ID0315,,Answer: C,C
Merge Q194,ID0317,,"<unused94>thought
The user wants me to identify the most appropriate combination of diagnostic tests for a 26-year-old female with a history of three pregnancy losses over two years. This is a case of recurrent pregnancy loss (RPL), typically defined as two or three consecutive pregnancy losses before 20 weeks of gestation.

I need to consider the common causes of RPL and the standard workup recommended for such cases.

Common causes of RPL include:
1.  **Genetic factors:** Parental chromosomal abnormalities (balanced translocations, inversions), fetal aneuploidy (though less likely to be the sole cause after multiple losses unless",
Merge Q195,ID0320,,"<unused94>thought
The user wants me to analyze a clinical case and choose the most appropriate next step from the given options.

**Case Summary:**
- 56-year-old woman
- Incidental finding of a 9-mm pituitary adenoma on MRI for migraines.
- Pituitary-protocol MRI confirms a 9-mm lesion confined to the sella (no suprasellar extension or stalk involvement).
- Postmenopausal (age 51).
- No symptoms of hyperprolactinemia (vaginal bleeding, hot flashes, breast tenderness, galactorrhea).
- Fasting serum",
Merge Q196,ID0321,,Answer: B,B
Merge Q197,ID0323,,Answer: C,C
Merge Q198,ID0324,,"<unused94>thought
The user wants me to identify the most likely diagnosis based on the provided patient case summary.

Here's a breakdown of the key information:
1.  **Patient:** Man in his 50s.
2.  **History:** Hypertension, resected pulmonary tumor 10 years ago (immunohistochemistry positive for chromogranin A, suggesting a neuroendocrine tumor like a carcinoid).
3.  **Current Presentation:**
    *   Generalized phymatous facial changes (thickening of skin).
    *   Pustular lesions.
    *   Diffuse erythema",
Merge Q199,ID0325,,Answer: C,C
Merge Q200,ID0326,,Answer: B,B
Merge Q201,ID0327,,"<unused94>thought
The user wants me to determine the ventilation-perfusion (V/Q) ratio at the lung apex during exercise (running two miles).

1.  **Understand V/Q ratio:** V/Q ratio represents the balance between ventilation (airflow, V) and perfusion (blood flow, Q) in different parts of the lung.
2.  **Normal V/Q distribution:** In a resting, upright individual, V/Q ratio is not uniform throughout the lung.
    *   **Apex (top):** Ventilation is lower due to less lung compliance and gravity. Perfusion is significantly lower due to",
Merge Q202,ID0328,,Answer: B,B
Merge Q203,ID0330,,Answer: A,A
Merge Q204,ID0331,,Answer: B,B
Merge Q205,ID0332,,Answer: B,B
Merge Q206,ID0334,,"<unused94>thought
The user wants me to analyze a clinical case and choose the most appropriate next step from the given options.

**Case Summary:**
- Patient presents with abnormal liver function tests (elevated ALT, AST, ALP, bilirubin; low albumin).
- Hepatitis A, B, C, anti-smooth muscle, and antimitochondrial antibodies are negative.
- Antinuclear antibody (ANA) is positive (1:640).
- Liver biopsy suggests autoimmune hepatitis (AIH).
- Treatment with prednisone and azathioprine was initiated.
- Shortly after starting treatment, the patient developed fever and",
Merge Q207,ID0336,,"<unused94>thought
The user wants me to identify the most appropriate treatment setup for a somatic dysfunction located at a discrete, non-radiating tender point just medial to the right anterior superior iliac spine (ASIS).

1.  **Identify the location:** The tender point is medial to the right ASIS. This area corresponds to the inguinal ligament and potentially the structures underneath, including the iliopsoas muscle origin, the anterior inferior iliac spine (AIIS), or the hip joint capsule.
2.  **Consider the nature of the dysfunction:** It's described as a ""discrete, non-radiating tender point",
Merge Q208,ID0337,,Answer: B,B
Merge Q209,ID0339,,Answer: B,B
Merge Q210,ID0342,,"<unused94>thought
The user wants me to identify the most likely diagnosis based on the provided clinical case summary.

**Patient Information:**
*   40-year-old man, Scandinavian descent
*   Enlarging, nonpainful upper extremity nodules (9 months)
*   Yam-size (4-6 cm), nontender, nonulcerated, boggy subcutaneous nodules in a sporotrichoid pattern on forearms
*   Large nodules on trunk and abdomen
*   Lab results:
    *   Fasting glucose: 122.0 mg/dL (High)
    *   ",
Merge Q211,ID0345,,Answer: A,A
Merge Q212,ID0349,,Answer: C,C
Merge Q213,ID0351,,Answer: B,B
Merge Q214,ID0352,,Answer: A,A
Merge Q215,ID0353,,"<unused94>thought
The user wants me to identify the most accurate statement regarding the condition described in the patient case.

**Patient Case Summary:**
*   8-year-old boy
*   Hearing loss (not responding when called, failed whisper test, bilateral sensorineural hearing loss on audiogram)
*   Family history: 2 maternal uncles with deafness in their 30s, one with kidney disease/dialysis.
*   Urinalysis: Hematuria (++), 4-10 RBCs/HPF.

**Analysis of the Case:**
The combination of bilateral sensorineural hearing",
Merge Q216,ID0356,,"<unused94>thought
The patient is a 68-year-old woman with a history of uterine carcinoma treated 30 years ago, presenting with abdominal pain, distention, pelvic ascites, and an enhancing lesion at the base of the cecum. Her CA-125 is normal, but CEA is elevated. Two attempts at paracentesis were nondiagnostic (acellular).

The differential diagnosis for these findings includes recurrent uterine carcinoma, primary colorectal cancer (given the cecal lesion and elevated CEA), peritoneal carcinomatosis from another primary (e.g., ovarian, gastric, pancreatic), or possibly an infectious/inflammatory",
Merge Q217,ID0357,,"<unused94>thought
The user wants me to identify the mechanism of action of the most likely causative agent for the patient's symptoms.

1.  **Analyze the patient case:**
    *   History of asthma treated with inhaled budesonide (glucocorticoid) and formoterol (LABA).
    *   Currently taking ciprofloxacin (antibiotic) for UTI.
    *   Presented with an asthma exacerbation, treated successfully with oxygen, albuterol (SABA), and systemic glucocorticoids.
    *   Discharged with an *additional* asthma medication.
    *   Two days later, returns",
Merge Q218,ID0359,,Answer: B,B
Merge Q219,ID0360,,"<unused94>thought
The user wants me to analyze a clinical case and choose the most appropriate management option from the given choices.

**Case Summary Analysis:**
- **Symptoms:** Sore throat, fever (40.0°C), tachycardia (130/min), change in voice, odynophagia (pain with swallowing).
- **Physical Exam Findings:** Oropharyngeal erythema and edema, anterior displacement of the right soft palate, uvula deviated to the left, trismus (difficulty opening the mouth).

**Differential Diagnosis based on findings:**
- The combination of severe sore throat, fever, odynoph",
Merge Q220,ID0362,,Answer: B,B
Merge Q221,ID0363,,Answer: A,A
Merge Q222,ID0364,,Answer: B,B
Merge Q223,ID0365,,Answer: B,B
Merge Q224,ID0366,,Answer: D,D
Merge Q225,ID0367,,Answer: I,I
Merge Q226,ID0368,,"<unused94>thought
The user wants me to analyze a clinical case and choose the most appropriate next step from the given options.

**Case Summary:**
- 12-year-old boy
- Initial presentation: Fever, headache, unilateral red eye, periorbital edema.
- Initial assessment: Concern for orbital cellulitis, but ophthalmology found hemorrhagic conjunctivitis without orbital signs. CT showed mild preseptal edema.
- 3 days later: Fever persists, prominent submandibular lymphadenopathy, ipsilateral granulomatous conjunctivitis.
- Labs: Elevated CRP (9.47 mg/dL),",
Merge Q227,ID0371,,"<unused94>thought
The patient is a 37-year-old woman presenting 6 weeks postpartum with symptoms suggestive of mastitis, specifically a breast abscess. She reports right breast pain and redness starting 5 days ago, followed by fever and body aches over the past 2 days. She has difficulty with breastfeeding, and her infant is receiving both breast milk and formula. Physical examination reveals fever (100.6°F), erythema on the right breast, and a tender, fluctuant 2x2 cm mass.

The clinical presentation (fever, localized breast pain, erythema, and a fluctuant mass",
Merge Q228,ID0373,,"<unused94>thought
The user wants me to identify the most likely diagnosis based on the provided clinical case summary and images.

1.  **Analyze the patient presentation:**
    *   Age: 80s (elderly)
    *   Symptoms: Purpura, ecchymoses (bruising), anorexia, weight loss (constitutional symptoms) - duration 1 year.
    *   Progression: Purpura/ecchymoses started periorbital and spread.
    *   Physical Exam: Waxy yellow papules and plaques with purpura in specific locations (periocular, neck, axillary, trunk",
Merge Q229,ID0376,,"<unused94>thought
The user wants me to identify which medication should be avoided in a patient with arthritis who is currently taking methotrexate, folic acid, prednisolone, aspirin, and clopidogrel.

1.  **Analyze the patient's current medications:**
    *   Methotrexate: DMARD for arthritis.
    *   Folic acid: Used to mitigate methotrexate side effects.
    *   Prednisolone: Corticosteroid for arthritis.
    *   Aspirin: Antiplatelet agent (post-angioplasty).
    *   Clopidogrel: Antiplatelet",
Merge Q230,ID0377,,Answer: D,D
Merge Q231,ID0379,,Answer: C,C
Merge Q232,ID0382,,Answer: C,C
Merge Q233,ID0385,,Answer: C,C
Merge Q234,ID0387,,"<unused94>thought
The user wants me to identify the most likely diagnosis based on the provided clinical case summary.

**Case Summary Analysis:**

*   **Patient:** 81-year-old woman.
*   **Presenting Lesion:** 30 cm wide, easily bleeding, violaceous cutaneous lesion on the left scapular region. Superinfected necrotic center, surrounded by satellite telangiectatic papules.
*   **History:** Started 5 months ago as a rapidly expanding, itchy, painful 3 cm nodule (Figure B).
*   **Systemic Symptoms:** Decreased appetite, 7",
Merge Q235,ID0388,,Answer: B,B
Merge Q236,ID0389,,"<unused94>thought
The user wants me to analyze a clinical case and choose the most appropriate next step from the given options.

**Case Summary:**
- 60-year-old African American woman
- 1-day history of new floaters in the right eye
- Ophthalmoscopy: Vitreous hemorrhage (right eye), salmon-patch intraretinal hemorrhages (both eyes, temporal periphery)
- Fluorescein angiography: Peripheral retinal capillary nonperfusion, neovascularization elsewhere (NVE) in a sea fan pattern (both eyes)

**Analysis:**
- The patient presents with symptoms",
Merge Q237,ID0391,,"<unused94>thought
The user wants me to identify the medication that could worsen the symptoms of a 4-year-old girl presenting with episodes suggestive of absence seizures.

1.  **Analyze the clinical presentation:**
    *   4-year-old girl, developmentally normal.
    *   Episodes of behavioral arrest and staring.
    *   Unresponsive during episodes.
    *   Immediate return to baseline.
    *   Multiple episodes daily, lasting up to 10 seconds.
    *   This clinical picture is highly characteristic of **childhood absence epilepsy (CAE)**.

2.  **",
Merge Q238,ID0393,,Answer: B,B
Merge Q239,ID0395,,Answer: A,A
Merge Q240,ID0396,,Answer: B,B
Merge Q241,ID0397,,Answer: J,J
Merge Q242,ID0399,,Answer: C,C
Merge Q243,ID0400,,Answer: B,B
Merge Q244,ID0402,,Answer: B,B
Merge Q245,ID0403,,Answer: B,B
Merge Q246,ID0404,,"<unused94>thought
The user wants me to analyze a clinical case and choose the most likely diagnosis from the given options.

**Case Summary:**
- 56-year-old man
- 3-week history of worsening neck and shoulder pain
- No recent trauma
- Paresthesia and pain radiating down the right arm (radiculopathy symptoms)
- No weakness
- Cervical midline spine tenderness on examination
- Plain radiograph: Tracheal deviation
- CT chest (Figure 1A) and MRI cervical/thoracic spine (Figure 1B) were performed (images not provided, but the",
Merge Q247,ID0405,,"<unused94>thought
The patient is a woman in her early 60s presenting with bilateral progressive painless blurring of vision, metamorphopsia, and reduced visual acuity. Ophthalmoscopy reveals bilateral swollen, hyperemic optic discs and multifocal yellowish choroidal lesions. Fundus fluorescein angiography shows early hypofluorescence with late staining and leakage from the optic discs. Systemic examination is largely normal except for coarse crepitations in the right lung. Laboratory tests show elevated ESR and CRP. Chest radiograph shows consolidation in the right lower zone. Three days after presentation, she develops acute binocular horizontal diplopia and disorientation.

The initial presentation",
Merge Q248,ID0406,,Answer: D,D
Merge Q249,ID0407,,"<unused94>thought
The patient presents with symptoms of hypoglycemia (palpitations, sweating, tremor) confirmed by a low glucose level (40 mg/dL initially, 55 mg/dL after IV placement). The symptoms resolve with glucose administration. This clinical picture is consistent with hypoglycemia. The laboratory results show inappropriately high insulin (25 μU/mL) and C-peptide (2.9 ng/mL) levels in the context of hypoglycemia (glucose 55 mg/dL). This pattern strongly suggests endogenous hyperinsulinism.

The patient's history is significant for gastric bypass surgery 14 months ago. Gast",
Merge Q250,ID0409,,"<unused94>thought
The user wants me to identify the most appropriate test to confirm the diagnosis based on the provided patient case summary.

1.  **Analyze the patient's symptoms and signs:**
    *   Shortness of breath (SOB) with exertion (dyspnea on exertion).
    *   Orthopnea (SOB when lying down).
    *   Paroxysmal nocturnal dyspnea (PND - awakened by SOB).
    *   Elevated jugular venous pressure (JVP = 15 cm H2O, normal is <8 cm H2O).
    *   ",
Merge Q251,ID0412,,Answer: B,B
Merge Q252,ID0415,,Answer: B,B
Merge Q253,ID0416,,"<unused94>thought
The user wants me to identify the most likely diagnosis based on the provided clinical findings.

1.  **Analyze the findings:**
    *   **Location:** Right side, medial to the scapula's medial border. This points towards the thoracic spine, specifically the mid-thoracic region (around T4-T6).
    *   **Finding 1:** Prominent transverse process on the right side with sharp tenderness during anterior motion testing. This suggests a restriction or dysfunction on the right side, likely involving the zygapophyseal joint or associated structures. ""Anterior motion testing"" likely refers to",
Merge Q254,ID0417,,Answer: D,D
Merge Q255,ID0418,,Answer: A,A
Merge Q256,ID0421,,"<unused94>thought
The user wants me to identify the most likely diagnosis based on the provided clinical case summary.

**Case Summary Analysis:**

*   **Patient:** 70-year-old woman, long-term tobacco use.
*   **Initial Presentation (2 weeks):** Bilateral ptosis, binocular horizontal diplopia, moderate exotropia, severe bilateral ptosis, impaired bilateral adduction and vertical ductions, impaired convergence. This points towards an ophthalmoplegia/neuromuscular junction disorder.
*   **Neurological Exam:** Full strength, normal sensation/reflexes, slightly wide-based/",
Merge Q257,ID0422,,"<unused94>thought
The user wants me to analyze a clinical case and choose the most appropriate next step from the given options.

**Case Summary:**
- Patient presents with left-sided blepharoptosis (drooping eyelid).
- Palpable mass in the upper eyelid laterally.
- Eyelid eversion shows a yellow nodular lesion on the tarsal conjunctiva.
- Incisional biopsy performed.
- Histopathology: Amorphous acellular proteinaceous deposits.
- Special stains: Congo red positive.
- Polarized microscopy: Apple-green birefringence.

**Analysis:**
- The clinical presentation (ey",
Merge Q258,ID0425,,"<unused94>thought
The user wants me to identify the most appropriate next diagnostic step for a 67-year-old male presenting with symptoms suggestive of a pulmonary embolism (PE).

**Patient Information:**
*   **Age:** 67 years old
*   **Symptoms:** Sudden-onset pleuritic chest pain, shortness of breath
*   **Medical History:** Prostate cancer, Type 2 Diabetes, Chronic Renal Insufficiency (Cr 2.6, eGFR 24), Hypertension
*   **Recent Event:** Surgery for pathologic hip fracture (recent immobility, major surgery - risk factors for",
Merge Q259,ID0426,,Answer: A,A
Merge Q260,ID0428,,"<unused94>thought
The user wants me to identify the most appropriate initial step in managing a 40-year-old male with AIDS (CD4 count 30), presenting with odynophagia, GERD symptoms, hematemesis, and occult blood in stool.

1.  **Analyze the patient's presentation:**
    *   Age: 40 years old
    *   Symptoms: Odynophagia (painful swallowing), GERD symptoms (gastroesophageal reflux), hematemesis (vomiting blood), positive fecal occult blood.
    *   Past Medical History: AIDS, CD",
Merge Q261,ID0429,,Answer: B,B
Merge Q262,ID0431,,Answer: C,C
Merge Q263,ID0433,,Answer: E,E
Merge Q264,ID0435,,Answer: I,I
Merge Q265,ID0437,,Answer: C,C
Merge Q266,ID0438,,Answer: B,B
Merge Q267,ID0440,,"<unused94>thought
The user wants me to identify the most appropriate treatment for a patient presenting with symptoms suggestive of acute otitis media (AOM).

1.  **Analyze the patient presentation:**
    *   Frequent pulling at the right ear (symptom of ear pain/discomfort).
    *   Right tympanic membrane (TM) is red, bulging, and has limited mobility (classic signs of AOM).

2.  **Identify the diagnosis:** The signs and symptoms strongly suggest Acute Otitis Media (AOM) in the right ear.

3.  **Evaluate the treatment options:**
    *",
Merge Q268,ID0442,,Answer: D,D
Merge Q269,ID0444,,Answer: B,B
Merge Q270,ID0446,,Answer: C,C
Merge Q271,ID0447,,Answer: D,D
Merge Q272,ID0449,,Answer: C,C
Merge Q273,ID0451,,"<unused94>thought
The patient is a 35-year-old man presenting with a recent seizure, a 6-year history of progressive bilateral vision loss, a family history of kidney failure (sibling in 30s, parent in 40s), mild cognitive impairment, retinal vasculitis on fluorescein angiography, diffuse leukoencephalopathy with ring-enhancing lesions on brain MRI, and kidney insufficiency with significant proteinuria.

This clinical picture strongly suggests a systemic inflammatory or autoimmune disease affecting the central nervous system (CNS), eyes, and kidneys. The combination of neurological symptoms (seizure, cognitive impairment, leukoencephalopathy",
Merge Q274,ID0453,,"<unused94>thought
The user wants me to identify the most likely diagnosis based on the provided clinical information.

1.  **Analyze the patient's presentation:**
    *   Annular patches of violaceous erythema forming an irregular net-like pattern on trunk and extremities (livedo reticularis).
    *   History of multiple strokes (5 in 6 years).
    *   History of Raynaud syndrome (2 years).
    *   Negative antiphospholipid antibody and lupus anticoagulant tests.
    *   No evidence of thrombophilia.
    *   MRI findings: Acute dot-like diffusion anomalies in medial",
Merge Q275,ID0455,,"<unused94>thought
The user wants me to analyze a patient case and choose the most appropriate intervention from the given options.

**Patient Information:**
*   Age: 75 years old
*   History: Smoker
*   Condition: Asymptomatic ascending thoracic aortic aneurysm (TAA)
*   Recent CT: Aneurysm diameter increased from 4.8 cm to 5.0 cm over 1 year.
*   Echocardiography: Moderate calcific aortic stenosis (AS) with Aortic Valve Area (AVA) = 1.2 cm², Mean Gradient = 27 mm Hg",
Merge Q276,ID0458,,"<unused94>thought
The user wants me to identify the most likely cause of intoxication in a 4-year-old girl presenting with vomiting, abdominal pain, confusion, and radiopaque objects in the stomach.

1.  **Analyze the patient's presentation:**
    *   Age: 4 years old (important for common ingestions).
    *   Symptoms: Vomiting (bloody), abdominal pain, confusion, minimally responsive.
    *   Vital signs: Tachycardia (140/min), slightly elevated temperature (100°F), normal BP (100/60), normal",
Merge Q277,ID0459,,"<unused94>thought
The user wants me to identify the correct initial positioning for a direct muscle energy technique to treat a somatic dysfunction in C5.

1.  **Analyze the finding:** The patient has a restriction in *left translation* of C5. This means the left side of C5 is restricted in its movement towards the left.
2.  **Understand the goal of direct muscle energy:** The goal is to facilitate the restricted motion. In this case, we want to facilitate *left translation*.
3.  **Recall the mechanics of cervical translation:**
    *   Left translation occurs with left sidebending and right rotation",
Merge Q278,ID0460,,Answer: C,C
Merge Q279,ID0461,,Answer: B,B
Merge Q280,ID0462,,"<unused94>thought
The user wants me to identify the most likely diagnosis based on the provided clinical case summary.

1.  **Analyze the patient's background:** 60s female, history of AML, post-allogeneic BMT, AML relapse with blast crisis (high WBC, high blasts). This indicates a high risk for complications related to leukemia and its treatment.
2.  **Analyze the presenting symptoms:** 5-day history of new, tender lesions on the scalp.
3.  **Analyze the physical exam findings:** Tender purpuric papules and plaques with central necrosis and hemorrhagic crusting on",
Merge Q281,ID0463,,Answer: A,A
Merge Q282,ID0465,,"<unused94>thought
The user wants me to analyze a clinical case and choose the most appropriate next step from the given options.

**Case Summary:**
- 36-year-old healthy G3P3 woman.
- History: Asthma, elective C-section 11 days ago.
- Presentation: 3 days of exertional chest pain.
- Labs: Troponin I elevated (0.12 ng/mL).
- ECG: Normal sinus rhythm, diffuse ST depressions, no Q waves or ST elevation.
- Echo: LVEF 53%, apical akinesis, no valvular",
Merge Q283,ID0466,,"<unused94>thought
The user wants me to identify the most likely diagnosis based on the provided patient case summary.

Here's a breakdown of the key findings and how they relate to the options:

*   **Patient Presentation:**
    *   Progressive difficulty making palms touch (""prayer sign"") over 6 months.
    *   Inability to fully clench fists for 2 months.
    *   Inability to squat for 10 days.
    *   No skin changes (erythema, edema, sclerotic plaques, sclerodactyly).
    *   No Raynaud phenomenon.
",
Merge Q284,ID0467,,Answer: C,C
Merge Q285,ID0468,,"<unused94>thought
The user wants me to identify the earliest factor contributing to the patient's presentation, based on the provided case summary snippets.

1.  **Analyze the case summary:**
    *   Patient has hypertension, glaucoma, and osteoarthritis (requiring a cane).
    *   A CT head without contrast was performed (Figure A is mentioned but not shown).
    *   The question asks for the *earliest* factor in the *progression* towards the patient's *presentation*.

2.  **Infer the presentation:** The CT head scan is likely related to the patient's current presentation.",
Merge Q286,ID0469,,"<unused94>thought
The patient is a 48-year-old woman with diet-controlled diabetes presenting with a constellation of symptoms including arthralgias, purpuric rash, foot paresthesias, and bilateral eye pain and redness. Physical examination reveals scleral injection and joint tenderness. The rash consists of hemorrhagic vesicles and violaceous papules. A skin biopsy shows leukocytoclastic vasculitis (LCV). Direct immunofluorescence (DIF) is negative.

The clinical presentation suggests a systemic vasculitis. The key features are:
1.  **Age and Gender:** 48-year-old woman",
Merge Q287,ID0470,,"<unused94>thought
The user wants me to identify the most likely diagnosis for a 2-day-old boy presenting with bilious vomiting, abdominal distension, and failure to pass stool, along with specific physical findings and a digital rectal exam result. I need to analyze the provided information and choose the best option from the multiple-choice answers.

1.  **Patient Presentation:**
    *   Age: 2 days old
    *   Symptom 1: Vomiting (bright green/bilious)
    *   Symptom 2: No stool passed since birth
    *   Symptom",
Merge Q288,ID0471,,"<unused94>thought
The user wants me to identify the most likely diagnosis based on the provided clinical case summary and histological findings.

**Case Summary:**
- 50s male
- Chronic, painful, nonhealing ulcer on the right forearm for 3 months.
- History: Type 2 diabetes, allogenic bone marrow transplant (BMT) 1 year ago for myelodysplastic syndrome, complicated by pancytopenia and chronic graft-vs-host disease (GVHD).
- Physical Exam: Isolated, slightly erythematous, edematous plaque with a prominent central eschar on the right forearm.
-",
Merge Q289,ID0472,,"<unused94>thought
The user wants me to identify the most likely diagnosis based on the provided clinical case summary and image descriptions.

**Patient Information:**
*   40s male
*   Newly diagnosed AML arising from myelodysplasia
*   Symptoms: Fever, cough, abdominal pain, dysphagia, 1 month of neutropenia
*   Physical Exam: Ill-appearing, diaphoretic, thin. Multiple erythematous to violaceous, tender, edematous, targetoid nodules and plaques with central dusky appearance on left forearm and right upper thigh.
*   Labs:
    *   WBC:",
Merge Q290,ID0473,,Answer: A,A
Merge Q291,ID0476,,"<unused94>thought
The patient presents with fever, weakness, fatigue, confusion, jaundice, and recent travel to Sierra Leone. Laboratory findings show anemia (Hgb 9.5 g/dL), thrombocytopenia (platelets 25 x 10^3/μL), elevated bilirubin (23.9 mg/dL), elevated liver enzymes (AST 252 U/L, ALT 100 U/L), hyponatremia (Na 132 mEq/L), elevated BUN (40 mg/dL) and creatinine (1.5 mg/dL), and markedly elevated lactate",
Merge Q292,ID0477,,Answer: A,A
Merge Q293,ID0478,,"<unused94>thought
The user wants me to analyze a clinical case snippet and choose the most appropriate next step from the given options.

**Case Summary Analysis:**
*   **Patient:** Male, 5 days after initial ED visit (presumably for sinusitis).
*   **Presenting Symptom:** Painless horizontal diplopia.
*   **Imaging:**
    *   Repeat CT: No orbital/petromastoid infection.
    *   MRI Brain/Orbits: No intracranial lesions, no extraocular muscle myositis.
*   **CSF:** Normal (opening pressure, cell count, glucose, protein).",
Merge Q294,ID0479,,"<unused94>thought
The user wants me to identify the most likely diagnosis for a 66-year-old woman with a history of HCC treated with nivolumab, presenting with epigastric pain and endoscopic findings of gastritis.

1.  **Analyze the patient's history:**
    *   66-year-old woman.
    *   Chronic hepatitis B infection.
    *   Hepatocellular carcinoma (HCC) diagnosed 1.5 years ago.
    *   Metastatic disease (lung nodules) at diagnosis.
    *   Treated with nivolumab (an immune checkpoint inhibitor",
Merge Q295,ID0483,,"<unused94>thought
The user wants me to analyze a clinical case and choose the most appropriate next step from the given options.

**Case Summary:**
- 95-year-old woman
- Symptoms:
    - 24 hours abdominal pain
    - 2 weeks diarrhea
    - 3 months intermittent abdominal bloating and anorexia
- Physical Exam: Purpuric macules and small thumbprint-like patches on the upper abdomen and central chest.

**Differential Diagnosis based on symptoms and signs:**
- **Abdominal pain, diarrhea, bloating, anorexia:** Suggests a gastrointestinal issue. Could be infectious",
Merge Q296,ID0484,,"<unused94>thought
The user wants me to identify the most likely diagnosis based on the provided clinical case summary and images.

**Case Summary Analysis:**
*   **Patient:** Man in late 60s.
*   **History:** Recurrent IgG-κ multiple myeloma (10 years), recently started ixazomib, lenalidomide, dexamethasone (1 month ago).
*   **Symptoms:** 10-day history of fever (up to 38.5°C) and tender lesions on neck and trunk.
*   **Physical Exam:** Annular erythematous plaques (up to",
Merge Q297,ID0487,,"<unused94>thought
The user wants me to analyze a patient case snippet and choose the most appropriate next step from the given options.

**Patient Information:**
- Cold to the touch
- BP: 85/55 mmHg (hypotensive)
- HR: 36/min (bradycardic)
- RR: 14/min (normal)
- SpO2: 100% on room air (normal oxygenation)
- Temperature: Undetectable (hypothermic)
- ECG: Figure 1 (not provided, but the clinical picture strongly suggests severe brady",
Merge Q298,ID0488,,Answer: C,C
Merge Q299,ID0490,,Answer: B,B
Merge Q300,ID0491,,Answer: A,A
Merge Q301,ID0492,,Answer: C,C
Merge Q302,ID0494,,Answer: D,D
Merge Q303,ID0495,,Answer: B,B
Merge Q304,ID0496,,"<unused94>thought
The user wants me to analyze a patient case and select the most likely positive finding from the given options.

**Patient Information:**
*   27-year-old woman
*   Symptoms: Pain in hands, shoulders, knees. Pain with activity (opening jars, walking, brushing teeth).
*   Lab Results:
    *   Hemoglobin: 9 g/dL (Low - Anemia)
    *   Hematocrit: 33% (Low - Anemia)
    *   Leukocyte count: 2,500/mm^3 (Low - Leuk",
Merge Q305,ID0498,,Answer: B,B
Merge Q306,ID0500,,Answer: B,B
Merge Q307,ID0502,,"<unused94>thought
The user wants me to identify the most likely diagnosis based on the provided patient case summary.

Here's a breakdown of the key findings and how they relate to the options:

*   **Patient:** 47-year-old woman
*   **Symptoms:** 7-month history of painful, erythematous plaques on lower legs, progressing from one leg to both. Tenderness and pruritus. Intermittent fever (3 months), unresponsive to antibiotics.
*   **Physical Exam:** Ill-defined, indurated erythematous-violaceous plaques on lower extremities with substantial edema.
*   ",
Merge Q308,ID0503,,"<unused94>thought
The user wants me to analyze a clinical case and choose the most appropriate next step in management from the given options.

**Case Summary:**
- 77-year-old man
- Acutely obtunded, unable to provide history
- PMH: Hypothyroidism, depression, diabetes
- Vitals: T 88.0°F (31.1°C), BP 92/62 mmHg, P 35/min, RR 9/min, SpO2 92% RA
- Physical Exam: Cold to touch, moves all extremities to",
Merge Q309,ID0504,,Answer: I,I
Merge Q310,ID0506,,Answer: D,D
Merge Q311,ID0508,,"<unused94>thought
The patient presents with symptoms and signs suggestive of cholangitis (fever, tachycardia, hypertension, tachypnea, right upper quadrant pain, jaundice, positive Murphy sign) and elevated liver enzymes (AST, ALT, ALP, bilirubin) and lipase. The patient's history includes uncontrolled type 2 diabetes mellitus and immigration from Micronesia, a region where parasitic infections are endemic. Imaging (MRCP and ERCP) revealed a linear filling defect in the common bile duct and numerous worms within the biliary trees. This clinical picture is highly suggestive of biliary ascariasis, an infection caused by the roundworm Ascar",
Merge Q312,ID0509,,Answer: C,C
Merge Q313,ID0510,,Answer: B,B
Merge Q314,ID0511,,"<unused94>thought
The user wants me to identify the most likely diagnosis based on the provided clinical information and biopsy findings.

**Patient Information:**
*   50s woman
*   History: Nasal-type NK/T-cell lymphoma (diagnosed 2 years ago, treated with pembrolizumab, methotrexate, ifosfamide, etoposide, dexamethasone, pegaspargase)
*   History: Chronic pulmonary coccidiomycosis (treated with fluconazole)
*   Current Presentation: Fever, hypotension, rash
*   Biopsy: Punch biopsy of rash lesion (Figure B-",
Merge Q315,ID0513,,Answer: A,A
Merge Q316,ID0514,,"<unused94>thought
The patient presents with jaundice, splenomegaly, and a significant drop in hemoglobin (from 13.2 g/dL to 7.1 g/dL) one week after a laparoscopic appendectomy. Laboratory findings show evidence of hemolysis: elevated reticulocyte count (9%), elevated lactate dehydrogenase (LDH) (480 U/L), low haptoglobin (10 mg/dL), and elevated indirect bilirubin (2.7 mg/dL). The peripheral blood smear confirms reticulocytosis and shows microspherocytes. The leukocyte and platelet counts are normal, and the D-dimer is",
Merge Q317,ID0517,,"<unused94>thought
The user wants me to analyze a patient case and choose the most likely diagnosis from the given options.

**Patient Information:**
*   **Age:** 69-year-old man
*   **Symptoms:** Shortness of breath, worsening right shoulder pain, hemoptysis, 18-pound weight loss.
*   **History:** Senior shipyard worker (occupational exposure risk), frequent domestic/international travel, 30-pack-year smoking history.
*   **Physical Exam:** Right pupillary constriction (miosis), paresthesias in right 4th and 5",
Merge Q318,ID0519,,Answer: G,G
Merge Q319,ID0520,,"<unused94>thought
The user wants me to identify the nerve roots responsible for referred pain in a patient with elevated amylase and GGT levels, suggesting pancreatitis.

1.  **Analyze the clinical information:** Elevated serum amylase and GGT strongly suggest pancreatitis.
2.  **Recall the innervation of the pancreas:** The pancreas receives autonomic innervation from the celiac plexus and superior mesenteric plexus. These plexuses are derived from splanchnic nerves originating from thoracic spinal cord segments.
3.  **Identify the specific spinal cord segments:** The celiac plexus arises primarily from T6-T10 spinal segments, while the superior",
Merge Q320,ID0521,,Answer: H,H
Merge Q321,ID0522,,Answer: C,C
Merge Q322,ID0523,,"<unused94>thought
The user wants me to identify the most appropriate action for a physician treating a patient with low back pain who has a history of prostate cancer with metastatic lesions to the spine. The patient requests HVLA osteopathic manipulative treatment (OMT).

1.  **Analyze the patient's condition:** The patient has low back pain. Crucially, they have a history of prostate cancer with *metastatic lesions to the spine*. This is a major red flag. Metastatic lesions in the spine can cause instability, pathological fractures, and spinal cord compression.
2.  **Evaluate the requested treatment:** The patient requests HVLA",
Merge Q323,ID0524,,Answer: B,B
Merge Q324,ID0525,,"Answer: B
",B
Merge Q325,ID0526,,"<unused94>thought
The user wants me to identify the most likely diagnosis based on the provided patient case summary and lab results.

**Patient Information:**
*   57-year-old man
*   Symptoms: Malaise, weakness, night sweats (several days), headache, blurry vision (today), 10-pound weight loss (past month).
*   Physical Exam: Visual acuity 20/100 (normally 20/20), mild ataxia, otherwise nonfocal neurological exam.

**Laboratory Results:**
*   Hemoglobin: 10 g/dL (Low - An",
Merge Q326,ID0528,,Answer: B,B
Merge Q327,ID0529,,Answer: B,B
Merge Q328,ID0532,,"<unused94>thought
The user wants me to identify the most appropriate initial treatment for a child presenting with symptoms of dehydration due to diarrhea.

1.  **Analyze the patient's presentation:**
    *   Age: Not explicitly stated, but likely an infant or young child (mentioned ""diaper"", ""breast milk or formula"" as an option).
    *   Symptoms: Watery diarrhea (6-10/day for 4 days), decreased activity, decreased urine output (last wet diaper 12 hours ago), refusal to eat, thirst, diminished tears, dry lips.
    *   Vitals: T",
Merge Q329,ID0533,,Answer: C,C
Merge Q330,ID0534,,"<unused94>thought
The patient presents with progressive bilateral vision loss, ear pain, hearing loss, headaches, optic disc edema, elevated inflammatory markers (CRP, ESR, WBC), and CSF pleocytosis with elevated protein. Imaging shows pachymeningeal enhancement, mastoiditis, and optic nerve enhancement. This clinical picture is highly suggestive of an inflammatory or infectious process affecting the central nervous system, orbits, and ears.

Let's analyze the options:

A: Quantiferon gold test is used to screen for latent or active tuberculosis. While tuberculosis can cause meningitis and optic nerve involvement, the specific findings of pachymeningeal enhancement and",
Merge Q331,ID0535,,Answer: C,C
Merge Q332,ID0536,,Answer: G,G
Merge Q333,ID0539,,Answer: C,C
Merge Q334,ID0541,,"<unused94>thought
The user wants me to analyze a clinical case and choose the most appropriate next step from the given options.

**Case Summary:**
- 60s female
- History: Bilateral proliferative diabetic retinopathy (PDR), recent vitreous hemorrhage (VH) in the left eye (OS).
- Presentation: Acute onset redness, irritation, blurred vision in OS.
- Onset: 1 day after rubbing OS with hands after handling milky latex from a plant.
- Visual Acuity: OD 20/40, OS 20/200.
- Anterior Segment Exam (",
Merge Q335,ID0542,,Answer: D,D
Merge Q336,ID0543,,Answer: D,D
Merge Q337,ID0546,,Answer: D,D
Merge Q338,ID0551,,Answer: C,C
Merge Q339,ID0552,,"<unused94>thought
The user wants me to analyze a patient case summary and choose the most appropriate next step from the given options.

**Case Summary Analysis:**
*   **Patient:** Left eye findings.
*   **Findings:**
    *   Clear media.
    *   Multiple patchy, yellow choroidal lesions with obliterated vasculature (fundus).
    *   Diffuse ciliochoroidal thickening (2.9 mm) on ultrasound.
    *   Generalized, undulating choroidal infiltration (""seasick pattern"") with retinal draping (OCT).
    *   Faint conjunctival thickening at the limbus (anterior",
Merge Q340,ID0553,,Answer: D,D
Merge Q341,ID0554,,Answer: A,A
Merge Q342,ID0555,,Answer: D,D
Merge Q343,ID0559,,Answer: C,C
Merge Q344,ID0561,,Answer: D,D
Merge Q345,ID0564,,Answer: D,D
Merge Q346,ID0566,,Answer: B,B
Merge Q347,ID0567,,Answer: D,D
Merge Q348,ID0568,,Answer: C,C
Merge Q349,ID0569,,Answer: B,B
Merge Q350,ID0572,,"<unused94>thought
The user wants me to analyze a clinical case and choose the best multiple-choice option.

**Case Summary:**
*   **Patient:** 3-year-old male
*   **Presenting Symptoms:**
    *   Walking funny for 1 month
    *   Limping on the right leg for 1 week
    *   Bluish skin nodules (3-4, 0.5-1 cm, well-defined, non-tender) on the back for 2 months
*   **Examination:**
    *   Generally well
    *   Limping on",
Merge Q351,ID0574,,"<unused94>thought
The user wants me to identify the most accurate diagnosis based on the provided osteopathic structural examination findings.

1.  **Analyze the findings:**
    *   Left midthoracic paraspinal muscles are hypertonic. This suggests muscle guarding or spasm on the left side.
    *   Transverse processes from T2 to T8 are more anterior on the left side. This indicates a left-sided somatic dysfunction.
    *   These findings remain consistent during both flexion and extension movements. This means the dysfunction is not primarily related to motion restriction (like flexion or extension) but rather a positional fault.",
Merge Q352,ID0575,,Answer: C,C
Merge Q353,ID0576,,Answer: C,C
Merge Q354,ID0577,,Answer: C,C
Merge Q355,ID0578,,"<unused94>thought
The user wants me to analyze a clinical case and choose the most appropriate next step in management from the given options.

**Case Summary:**
- 27-year-old man
- Previously healthy
- 3 nontender lesions on penis for 4 weeks
- Sexually active with multiple partners (male and female), inconsistent condom use
- Examination: 3 sessile, flesh-colored lesions, 10 mm diameter on penile shaft
- Acetic acid application: Lesions turn white (acetowhitening)

**Differential Diagnosis based on presentation:**
1.  **Condyl",
Merge Q356,ID0581,,Answer: C,C
Merge Q357,ID0584,,"<unused94>thought
The user wants me to analyze a patient case and choose the most appropriate next step from the given options.

**Patient Case Summary:**
- Intermittent abdominal pain episodes over 2 years, lasting about 1 week each.
- Abdominal exam: No rigidity or guarding.
- Point of maximal tenderness (PMT) in the left lower quadrant (LLQ), about 1 cm in size.
- Pain increases with head lifting and abdominal muscle tensing (suggests peritoneal irritation localized to the PMT).
- Cold hypoesthesia with alcohol gauze on the PMT area.
- Severe pain with",
Merge Q358,ID0585,,Answer: A,A
Merge Q359,ID0586,,"<unused94>thought
The user wants me to act as a clinical reasoning assistant and choose the most appropriate next step for a patient based on the provided case summary.

**Case Summary Analysis:**
*   **Patient:** Full-term newborn.
*   **Presentation:** Numerous hypopigmented skin macules (ash-leaf spots) at birth.
*   **Ophthalmologic Findings:**
    *   Flat, hypopigmented iris lesion (Lisch nodule-like, but in the iris, not typically Lisch nodules).
    *   Well-demarcated hypopigmented retinal lesion protruding into",
Merge Q360,ID0587,,Answer: E,E
Merge Q361,ID0589,,Answer: C,C
Merge Q362,ID0590,,"<unused94>thought
The user wants me to analyze a clinical case and choose the most appropriate next step from the given options.

**Case Summary:**
- 71-year-old woman with non-Hodgkin lymphoma on maintenance obinutuzumab (anti-CD20 monoclonal antibody).
- Underwent pars plana vitrectomy (PPV) for vitreomacular traction.
- POD1 exam was unremarkable.
- POD3 presented with painless central scotoma and worsening floaters.
- Visual acuity: 20/400 OD.
- IOP: Normal.
- Fundus exam",
Merge Q363,ID0591,,Answer: G,G
Merge Q364,ID0592,,"<unused94>thought
The user wants me to analyze a clinical case and choose the most appropriate next step from the given options.

**Case Summary:**
- 51-year-old man with acute promyelocytic leukemia (APL).
- Started ATRA and arsenic trioxide induction therapy 2 weeks ago.
- Presents with sudden bilateral vision loss.
- Visual acuity: Count fingers at 3 ft bilaterally.
- Fundus exam: Bilateral choroidal effusions, diffuse serous retinal detachments (RD) involving the macula, no vitritis, white centered intraretinal hemorrhages (Roth",
Merge Q365,ID0594,,Answer: G,G
Merge Q366,ID0595,,Answer: J,J
Merge Q367,ID0596,,Answer: A,A
Merge Q368,ID0598,,"<unused94>thought
The user wants me to identify the most likely finding on a peripheral blood smear for a patient presenting with fatigue, dark urine, conjunctival icterus, and flank tenderness after starting trimethoprim-sulfamethoxazole (TMP-SMX).

1.  **Analyze the patient's presentation:**
    *   26-year-old man.
    *   Symptoms: Fatigue, dark urine (suggests bilirubinuria or hemoglobinuria/myoglobinuria), conjunctival icterus (jaundice, indicates hyperbilirubinemia).
    *   Physical exam: Bilateral flank tenderness (suggests",
Merge Q369,ID0599,,Answer: C,C
Merge Q370,ID0600,,Answer: D,D
Merge Q371,ID0601,,Answer: D,D
Merge Q372,ID0602,,"<unused94>thought
The patient presents with a 2-month history of worsening right eye pain and redness, along with nasal congestion. He has a history of sinusitis. Initial treatment for presumed conjunctivitis was ineffective. Examination reveals a raised, nonmobile, engorged perilimbal nodule in the inferotemporal sclera that is tender and does not blanch with phenylephrine, suggesting it is not a simple vessel engorgement. Ultrasound shows a noncystic, regular, dome-shaped lesion in the sclera without intraocular involvement. Importantly, the patient also has a right-sided intranasal mass and elevated inflammatory markers (ESR and",
Merge Q373,ID0603,,Answer: C,C
Merge Q374,ID0604,,Answer: C,C
Merge Q375,ID0605,,"<unused94>thought
The user wants me to analyze a patient case summary and choose the most appropriate next step from the given options.

**Patient Case Summary:**
- 38 weeks gestation
- Uncomplicated pregnancy
- History of mild asthma (controlled with rescue albuterol)
- History of open myomectomy (large submucosal uterine leiomyoma removed 2 years ago)

**Question:** What is the most appropriate next step in managing this patient?

**Analysis of Options:**

*   **A. Perform a biophysical profile to assess fetal well-being:** The pregnancy is described as uncomplicated at ",
Merge Q376,ID0607,,Answer: A,A
Merge Q377,ID0609,,"<unused94>thought
The user wants me to analyze a patient case and choose the most appropriate next step from the given options.

**Patient Information:**
*   74-year-old white man of British descent
*   History: Atrial fibrillation treated with warfarin
*   Presentation: Multiple dark skin lesions (neck, chest, abdomen, upper extremities) and dark red lesions in the mouth (soft palate) for 4 months.
*   Symptoms: 15.8 kg weight loss in recent months. Denies fevers or night sweats.
*   Physical Exam:
    *   Numerous slightly raised erythemat",
Merge Q378,ID0613,,"<unused94>thought
The user wants me to analyze a patient case and ECG to determine the most likely diagnosis from the given options.

**Patient Information:**
*   50-year-old man
*   Chest pain: dull, started 30 mins ago, worsening, worse with exertion
*   Shortness of breath
*   Syncope (fainted) shortly after pain started

**ECG Findings (Figure A - not provided, but I need to infer typical findings based on the likely diagnosis):**
*   The symptoms (chest pain worse with exertion, shortness of breath, syncope) are highly suggestive",
Merge Q379,ID0614,,Answer: A,A
Merge Q380,ID0616,,"<unused94>thought
The user wants me to identify the most likely gene mutation in a patient based on the provided clinical information.

Here's a breakdown of the relevant information:
1.  **Patient:** Female (implied by ovarian cancer).
2.  **Age:** Not explicitly stated, but likely young adult or middle-aged given the history and presentation.
3.  **History:**
    *   Osteosarcoma at age 13.
    *   Mother with breast cancer at age 52.
    *   Grandfather with bronchioloalveolar carcinoma (a type of lung cancer)",
Merge Q381,ID0617,,Answer: D,D
Merge Q382,ID0618,,Answer: A,A
Merge Q383,ID0619,,Answer: C,C
Merge Q384,ID0621,,Answer: C,C
Merge Q385,ID0622,,"<unused94>thought
The patient is a 27-year-old nurse presenting with symptoms of hypoglycemia (nervousness, dizziness, palpitations, excess perspiration) that improve with glucose intake (orange juice, soft drinks). Her serum glucose is confirmed to be low at 30 mg/dL, and her symptoms resolve with intravenous glucose administration. This clinical picture is consistent with hypoglycemia. The key is to determine the cause of the hypoglycemia.

The patient is a nurse, which might suggest potential access to medications like insulin or sulfonylureas, but this is not explicitly stated. However, the symptoms are classic for hypoglycemia. The question",
Merge Q386,ID0623,,Answer: A,A
Merge Q387,ID0625,,Answer: I,I
Merge Q388,ID0626,,Answer: A,A
Merge Q389,ID0627,,"<unused94>thought
The patient is a 63-year-old male presenting with acute lower gastrointestinal bleeding (LGIB), evidenced by 8-9 episodes of red, watery stools over two days and frank blood on rectal exam. He is hemodynamically unstable, as indicated by tachycardia (pulse 110/min initially, worsening to 123/min) and hypotension (BP 86/58 mm Hg, worsening to 80/54 mm Hg) despite initial fluid resuscitation with 0.9% saline. His hemoglobin is low at 9.8 g/dL, suggesting",
Merge Q390,ID0628,,Answer: C,C
Merge Q391,ID0629,,"<unused94>thought
The user wants me to identify the most likely diagnosis based on the provided clinical case summary.

**Case Summary Analysis:**

*   **Patient:** 13-year-old boy.
*   **Presenting Symptoms:** Acute-onset, transient (60 min) left hemibody weakness and dysarthria (2 episodes in 24h). No altered sensorium.
*   **Past History:** Longstanding gait imbalance, clumsiness, walking on the outside of feet. No motor delays.
*   **Physical Exam:**
    *   Mild-to-moderate dysarthria",
Merge Q392,ID0631,,Answer: A,A
Merge Q393,ID0633,,"<unused94>thought
The user wants me to identify the most likely diagnosis based on the provided clinical case summary and imaging findings (implied by the mention of CT scans).

**Patient Information:**
*   34-year-old female
*   Jehovah's Witness (relevant for blood transfusion considerations, but not directly for diagnosis)
*   3-day history: colicky lower abdominal pain, nausea, constipation, one small bloody bowel movement.
*   History: 2 years of waxing/waning generalized abdominal pain, SBO 11 months ago (managed conservatively).
*   Labs: Lact",
Merge Q394,ID0634,,Answer: B,B
Merge Q395,ID0635,,Answer: D,D
Merge Q396,ID0636,,Answer: C,C
Merge Q397,ID0639,,Answer: A,A
Merge Q398,ID0641,,Answer: J,J
Merge Q399,ID0642,,"<unused94>thought
The user wants me to identify the most likely diagnosis based on the provided clinical case summary and pathology findings.

**Clinical Presentation:**
*   30s male, no prior medical history.
*   2-year history of waxing and waning pruritic papules.
*   Locations: Left popliteus, contralateral popliteus, groin, penis (multiple sites, appearing at different times).
*   New violaceous ulcerated lesions on the right lateral proximal calf despite doxycycline treatment.

**Pathology Findings:**
*   Biopsy of ulcerated lesion.
*   Histology: V-",
Merge Q400,ID0643,,Answer: C,C
Merge Q401,ID0647,,Answer: C,C
Merge Q402,ID0648,,"<unused94>thought
The patient is a man in his 50s presenting with a 4-week history of intermittent blurry vision in the right eye. He also has a history of a skin rash on his upper arms and trunk for 2 months. Examination reveals a barely perceptible right relative afferent pupillary defect (RAPD), grade IV optic nerve head edema with peripapillary flame hemorrhages in the right eye, and marked elevation of the peripapillary retinal nerve fiber layer on the right. Visual field testing is normal, and the left eye is normal.

The key findings are unilateral optic disc edema (papilled",
Merge Q403,ID0651,,Answer: A,A
Merge Q404,ID0652,,Answer: A,A
Merge Q405,ID0653,,"<unused94>thought
The user wants me to analyze a patient case and choose the most appropriate next step in management from the given options.

**Patient Case Summary:**
- 3 months post-cadaveric renal transplant.
- Immediate kidney function post-transplant.
- Immunosuppression: Cyclosporine and corticosteroids.
- Labs: Leukocyte count 2700/mm3 (low, normal range typically 4,000-11,000/mm3), Serum creatinine 1.6 mg/dL (elevated, indicating some kidney dysfunction, though baseline is unknown",
Merge Q406,ID0654,,Answer: C,C
Merge Q407,ID0655,,Answer: E,E
Merge Q408,ID0656,,Answer: A,A
Merge Q409,ID0658,,Answer: H,H
Merge Q410,ID0659,,Answer: D,D
Merge Q411,ID0660,,Answer: C,C
Merge Q412,ID0661,,Answer: C,C
Merge Q413,ID0662,,Answer: A,A
Merge Q414,ID0664,,Answer: B,B
Merge Q415,ID0665,,Answer: C,C
Merge Q416,ID0668,,Answer: E,E
Merge Q417,ID0669,,"<unused94>thought
The user wants me to analyze a patient case and choose the most appropriate next step from the given options.

**Patient Information:**
*   Adolescent boy
*   Significant medical history: Coarctation of the aorta, aortic stenosis, cerebellar hemorrhage, hydrocephalus (VP shunt), scoliosis (hemivertebrae), congenital diaphragmatic/umbilical hernia, hearing loss. This constellation of findings is highly suggestive of a genetic syndrome.
*   Ocular findings:
    *   Bilateral posterior embryotoxon (prominent Schwalbe's line)
    *   Iris stromal",
Merge Q418,ID0670,,"<unused94>thought
The user wants me to analyze a clinical case summary and select the most likely diagnosis from the provided options.

**Case Summary Analysis:**

*   **MRI Brain (Figure 1A):** Shows an unspecified abnormality.
*   **Follow-up MRI Brain (Figure 1B):** Shows persistent enhancement and bilateral optic nerve enhancement. This suggests inflammation or infiltration affecting the brain and optic nerves.
*   **CT Chest/Abdomen/Pelvis:** Reveals infiltrative soft tissue in the pericardium, intra-atrial septum, and retroperitoneum. This indicates a systemic process involving multiple organs",
Merge Q419,ID0671,,Answer: A,A
Merge Q420,ID0672,,Answer: B,B
Merge Q421,ID0673,,Answer: B,B
Merge Q422,ID0675,,"<unused94>thought
The user wants me to analyze a patient case and choose the most appropriate next step from the given options.

**Patient Case Summary:**
- 28-year-old male.
- Presents with multiple acneiform papules and pustules starting on the neckline, progressing to face, torso, and limbs.
- Symptoms started 3 days after taking a single ibuprofen pill for a headache.
- Physical exam: Clusters of 1 mm pustules on an erythematous base over face, neck, chest, back, and arms.
- Labs:
    - Normal Hb (13.1 g",G
Merge Q423,ID0676,,"<unused94>thought
The user wants me to identify the most likely diagnosis based on the provided patient case summary.

Here's a breakdown of the key findings and how they relate to the options:

*   **Patient History:** Atrial fibrillation, lung adenocarcinoma (lobectomy 8 years ago).
*   **Physical Exam:** Irregular rhythm (consistent with AFib), increased pulmonic closure sound (suggests pulmonary hypertension), JVD (suggests right heart strain/failure), bibasilar coarse crackles (suggests fluid overload/pulmonary congestion), pretibial edema (suggests fluid overload/right heart failure).",
Merge Q424,ID0679,,"<unused94>thought
The user wants me to analyze a clinical case and choose the most appropriate next diagnostic step from the given options.

**Case Summary:**
- 3-week-old boy
- Sudden onset vomiting (this morning)
- No interest in feeding
- Vomitus: green (bilious), no blood
- Abdomen: soft, distended
- Bowel sounds: hypoactive
- Abdominal radiograph (Figure A) is available (although not shown to me, I must infer its likely findings based on the clinical picture).

**Clinical Picture Analysis:**
- **Age:** Neonate (",
Merge Q425,ID0680,,Answer: A,A
Merge Q426,ID0682,,Answer: C,C
Merge Q427,ID0683,,"<unused94>thought
The user wants me to identify the most likely diagnosis based on the provided clinical case summary and images.

1.  **Analyze the clinical presentation:**
    *   Patient: Man in his 20s.
    *   Lesion location: Right calf.
    *   Appearance: Large, verrucous (wartlike) plaque.
    *   History: Started as a small, bluish plaque in youth, gradually enlarged, developed wartlike features.
    *   Symptoms: Minor local pain, pruritus, recurrent infections, oozing, bleeding after minimal trauma.
    *   Physical",
Merge Q428,ID0684,,Answer: E,E
Merge Q429,ID0691,,"<unused94>thought
The patient is a 70-year-old woman with multiple comorbidities (hypertension, atrial fibrillation, congestive heart failure, gallstones) presenting with nausea, vomiting, and abdominal pain. She is hemodynamically unstable (hypotensive with tachycardia) and has signs of systemic inflammation (leukocytosis with neutrophilia, elevated CRP). Her abdomen is distended and tender. Laboratory tests show hypokalemia and acute kidney injury (AKI) with a significantly elevated creatinine level compared to baseline. A nasogastric tube drained biliary fluid, suggesting a possible biliary-enteric fistula. An abdominal CT scan confirms a thickened",
Merge Q430,ID0692,,"<unused94>thought
The user wants me to analyze a clinical case and choose the most appropriate next step from the given options.

**Case Summary:**
- Pregnant woman, 30s, 20 weeks gestation.
- 4-week history of bilateral decreased vision.
- Fundus exam: Bilateral hyperemic discs, macular edema, subretinal fluid, numerous flame-shaped hemorrhages in 4 quadrants.
- No microaneurysms, exudates, or neovascularization.
- OCT: Subretinal fluid and macular edema (CMT 1095 μm).
",
Merge Q431,ID0693,,Answer: D,D
Merge Q432,ID0695,,Answer: D,D
Merge Q433,ID0696,,"<unused94>thought
The user wants me to identify the primary underlying cause of a toe ulcer in a 76-year-old man based on his history and physical examination findings.

1.  **Analyze the patient's presentation:**
    *   Age: 76 years old (older age is a risk factor for vascular disease).
    *   History: Hypertension, 40-pack-year smoking history (quit 5 years ago). Both are major risk factors for peripheral artery disease (PAD).
    *   Symptoms: Painless ulcer at the base of the first toe (left foot). Night pain",
Merge Q434,ID0697,,Answer: A,A
Merge Q435,ID0698,,Answer: C,C
Merge Q436,ID0699,,Answer: C,C
Merge Q437,ID0700,,Answer: A,A
Merge Q438,ID0701,,Answer: G,G
Merge Q439,ID0702,,"<unused94>thought
The user wants me to identify the correct diagnosis of somatic dysfunction based on the provided clinical findings.

1.  **Analyze the findings:**
    *   Tender vertebral segment at the level of the iliac crest. The iliac crest is typically at the L4 level.
    *   Posterior right transverse process. This indicates a dysfunction involving the right transverse process of a lumbar vertebra.
    *   Asymmetry worsens on extension. This suggests a flexion sidebend (F) or extension rotation (ER) component.

2.  **Break down the options:**
    *   **L**",
Merge Q440,ID0703,,Answer: B,B
Merge Q441,ID0708,,"<unused94>thought
The patient presents with symptoms suggestive of posterior uveitis (worsening blurriness, photopsia, floaters, eye redness) in the left eye, with decreased visual acuity (20/30 OS) and elevated intraocular pressure (26 mm Hg OS). Examination reveals vitreous haze and cells, and multifocal chorioretinal scars extending from the optic nerve into the macula. Indocyanine green angiography (ICGA) findings show loss of choriocapillaris and prominent choroidal vessels in confluent lesions, and blockage of fluorescence in mottled lesions. Importantly, the patient has a positive",
Merge Q442,ID0709,,Answer: B,B
Merge Q443,ID0710,,"<unused94>thought
The user wants me to identify the most likely diagnosis based on the provided patient case summary.

Here's a breakdown of the key information and how it points towards the correct answer:

1.  **Patient Profile:** Young man (20s).
2.  **Symptoms:** Right upper quadrant pain, weight loss, anorexia, abdominal distension (2 months).
3.  **Physical Exam:** Distended abdomen, palpable *left* abdominal mass, *right* spermatic cord nodule.
4.  **Labs:** Elevated LDH (818 U/L), normal β-h",
Merge Q444,ID0711,,"<unused94>thought
The user wants me to identify the most likely cause of the patient's rash based on the provided clinical information.

1.  **Analyze the patient's history:**
    *   Unprotected intercourse with 12 partners: High risk for sexually transmitted infections (STIs).
    *   Asthma, IV drug abuse, depression: Relevant medical history, but IV drug abuse might suggest skin infections or allergic reactions to substances, but the link to the rash *after sex* is less direct. Asthma and depression are less likely to be directly related to this specific rash presentation.
2.  **Analyze",
Merge Q445,ID0712,,Answer: A,A
Merge Q446,ID0713,,Answer: B,B
Merge Q447,ID0715,,Answer: C,C
Merge Q448,ID0716,,"<unused94>thought
The user wants me to act as a clinical reasoning assistant and choose the most appropriate next step for a patient presenting with bilateral iris lesions and progressive visual obscuration in one eye.

1.  **Analyze the patient presentation:**
    *   30s male.
    *   Long-standing bilateral iris lesions.
    *   Progressive visual obscuration in the left eye.
    *   Slitlamp: Multiple brown masses at the pupillary margin, encroaching on the central visual axis.
    *   CT scan of chest, abdomen, and pelvis has already been performed (implied by",
Merge Q449,ID0717,,Answer: J,J
Merge Q450,ID0718,,Answer: B,B
Merge Q451,ID0719,,Answer: C,C
Merge Q452,ID0721,,Answer: A,A
Merge Q453,ID0723,,Answer: A,A
Merge Q454,ID0726,,Answer: C,C
Merge Q455,ID0728,,"<unused94>thought
The user wants me to analyze a clinical case and choose the most appropriate next step in management from the given options.

**Case Summary:**
- Patient: 2-week-old boy
- Presenting complaint: Abnormal feet
- Examination finding: Figure A (I need to assume what Figure A shows based on the context of the question and options, which relate to foot deformities in infants). The options suggest a condition treatable with botulinum toxin, reassurance, serial casting, or surgical pinning. Common foot deformities in newborns include clubfoot (talipes equinovarus), metatarsus adductus",
Merge Q456,ID0731,,Answer: C,C
Merge Q457,ID0732,,"<unused94>thought
The user wants me to act as a clinical reasoning assistant and answer a multiple-choice question based on a patient case summary.

**Case Summary:**
- 2-month-old girl
- Follow-up visit
- Mother asks about delaying 2-month vaccines due to medical history.
- The medical history mentioned is Neonatal Respiratory Distress Syndrome (NRDS).

**Question:**
Which is the correct vaccination plan for this infant?

**Vaccines listed:**
- DTaP
- HAV
- HBV
- HiB
- PCV 13

**Options:**
",
Merge Q458,ID0733,,"<unused94>thought
The user wants me to analyze a clinical case and choose the best next step from the given options.

**Case Summary:**
- 68-year-old woman
- Flank bulge noticed 1 year ago after forceful coughing.
- Palpation: Mass extends from costal margins to ASIS, no medial fascial edge palpable.
- CT scan: Abdominal contents (liver, ascending colon, omentum) protruding through a 12-cm defect.
- Previous surgery: Right thoracotomy with primary closure and mesh placement.

**Question:** What Would You Do Next?",
Merge Q459,ID0734,,"<unused94>thought
The patient is a 62-year-old woman with a history of chronic angle-closure glaucoma, status post bilateral peripheral iridotomies. She presents with worsening visual acuity in the left eye (OS) for 2 months. Her best-corrected visual acuity is 20/20 in the right eye (OD) and 20/80 in the left eye (OS). Intraocular pressure (IOP) is 11 mm Hg bilaterally without medication, which is within the normal range. Slitlamp examination shows patent iridotomies and open angles. Gonioscopy",
Merge Q460,ID0735,,Answer: B,B
Merge Q461,ID0737,,"<unused94>thought
The user wants me to identify the most appropriate next step in managing a patient diagnosed with secondary syphilis.

1.  **Analyze the case:** The patient presents with classic signs of secondary syphilis:
    *   Widespread, symmetric, reddish-brown papular rash (trunk, extremities, palms).
    *   Generalized non-tender lymphadenopathy.
    *   Patchy scalp alopecia.
    *   Condylomata lata (flat, broad-based, wartlike papules in the anogenital region).
    *   Positive RPR (non-treponemal test) and FTA",
Merge Q462,ID0739,,Answer: C,C
Merge Q463,ID0740,,"<unused94>thought
The user wants me to analyze a clinical case and choose the most appropriate next step from the given options.

**Case Summary:**
- 82-year-old male
- History of bilateral nuclear sclerotic cataracts
- Right eye (OD) underwent phacoemulsification cataract extraction 8 weeks ago.
- Presents with blurred vision in the right eye, no improvement post-op.
- Best-corrected visual acuity (BCVA): 20/80 OD, 20/20 OS.
- Slitlamp exam OD: Grade 2-3 diffuse central corneal",
Merge Q464,ID0743,,Answer: B,B
Merge Q465,ID0744,,Answer: A,A
Merge Q466,ID0745,,Answer: D,D
Merge Q467,ID0746,,Answer: C,C
Merge Q468,ID0747,,"<unused94>thought
The patient is a woman in her early 50s with hypothyroidism presenting with painless neck lumps, right eye achiness, and decreased visual acuity. Imaging revealed a nasal polyp, enlarged submandibular lymph nodes, and a soft tissue mass in the right lacrimal gland region. An incisional biopsy of the lacrimal gland lesion showed chronic inflammatory infiltrate with T cells, B cells, and plasma cells, but no lymphoproliferative process. Examination confirmed a firm, fixed mass in the right lacrimal gland.

The differential diagnosis for a lacrimal gland mass includes inflammatory conditions (e.g.,",
Merge Q469,ID0752,,Answer: A,A
Merge Q470,ID0753,,Answer: F,F
Merge Q471,ID0754,,Answer: B,B
Merge Q472,ID0756,,Answer: B,B
Merge Q473,ID0757,,"<unused94>thought
The user wants me to identify the most likely infectious agent causing the patient's symptoms based on the provided clinical information.

1.  **Analyze the patient's history:**
    *   Kidney transplant 6 weeks ago (recent transplant).
    *   Received monoclonal anti-CD3 therapy immediately post-op (T-cell depleting therapy, increasing infection risk).
    *   Current immunosuppression: azathioprine, cyclosporine, prednisone (standard post-transplant immunosuppression).
    *   Serum studies: Urea nitrogen and creatinine tripled (indicates acute kidney injury/graft",
Merge Q474,ID0758,,Answer: D,D
Merge Q475,ID0759,,Answer: B,B
Merge Q476,ID0761,,Answer: H,H
Merge Q477,ID0762,,Answer: C,C
Merge Q478,ID0764,,"<unused94>thought
The user wants me to identify the mechanism of action of the most appropriate treatment for a patient presenting with symptoms suggestive of gout.

1.  **Analyze the patient presentation:**
    *   61-year-old female.
    *   Acute onset of severe pain, warmth, swelling, and redness in the right knee (monoarthritis).
    *   History of a similar episode in the left toe (podagra) two years ago.
    *   Physical exam confirms inflammation of the right knee.
    *   Arthrocentesis results:
        *   Turbid fluid (suggests",
Merge Q479,ID0765,,"<unused94>thought
The user wants me to identify the most likely adverse effect of a medication that promotes cholesterol consumption by the liver for bile salt synthesis, given a patient's lipid profile.

1.  **Identify the medication class:** The description ""promotes cholesterol consumption by the liver for bile salt synthesis"" points to **bile acid sequestrants** (also known as bile acid-binding resins). Examples include cholestyramine, colestipol, and colesevelam. These drugs bind bile acids in the intestine, preventing their reabsorption. The liver then increases its uptake of cholesterol from the blood to synthesize more bile acids,",
Merge Q480,ID0766,,Answer: D,D
Merge Q481,ID0769,,Answer: B,B
Merge Q482,ID0770,,Answer: E,E
Merge Q483,ID0773,,Answer: D,D
Merge Q484,ID0775,,"<unused94>thought
The user wants me to analyze a patient case and choose the most likely diagnosis from the provided options.

**Case Summary Analysis:**
- Patient developed right upper extremity pain and swelling the day after an unspecified event (likely related to the previous context, which isn't provided but implied by the numbering starting at 6).
- Physical exam:
    - Tense and tender swelling, worse in the upper arm.
    - Significant motor impairment.
    - Intact sensation (touch and pinprick).
    - Absent right radial pulse.
    - Biphasic Doppler signals present in radial",
Merge Q485,ID0776,,Answer: C,C
Merge Q486,ID0777,,"<unused94>thought
The user wants me to identify the symptom that suggests a severe complication based on the provided patient case summary.

**Patient Case Summary Analysis:**
*   **CD4 count:** 121 cells/mm3 (severely immunocompromised, consistent with advanced HIV/AIDS)
*   **Viral load:** 50,000 (high)
*   **Physical Exam:**
    *   Exquisite tenderness over the right maxillary sinus (suggests sinusitis)
    *   Black eschar over nares and palate (highly suggestive of mucormycosis, a fungal infection, especially in",
Merge Q487,ID0778,,Answer: G,G
Merge Q488,ID0779,,"<unused94>thought
The user wants me to identify the most likely diagnosis based on the provided patient case summary. I need to analyze the symptoms, lab results, and imaging findings to differentiate between the given options.

**Patient Information:**
*   42-year-old African American male
*   7-month history of:
    *   Fatigue
    *   Exertional dyspnea
    *   Arthralgias
    *   Hand swelling (symmetric MCPs and IPs, preventing fist formation)
    *   Tender ulcerations (dorsal MCPs, palmar IP creases -",
Merge Q489,ID0780,,Answer: D,D
Merge Q490,ID0781,,Answer: C,C
Merge Q491,ID0782,,"<unused94>thought
The user wants me to identify the most likely diagnosis based on the provided clinical information.

1.  **Analyze the patient's symptoms:**
    *   Symptoms prominent after activity.
    *   Reliably triggered by straining (urination).
    *   Terminated by lying supine.
    *   Urinary retention requiring self-catheterization for 1 week.
    *   These symptoms suggest a condition exacerbated by increased intra-abdominal/intrathecal pressure and relieved by reducing pressure on the spinal cord.

2.  **Analyze the neurological examination findings:**
    *",
Merge Q492,ID0783,,"<unused94>thought
The user wants me to identify the most likely diagnosis based on the provided clinical and pathological findings.

1.  **Analyze the clinical presentation:**
    *   Patient: Man in his 60s.
    *   Location: Right upper eyelid.
    *   Duration: 1 year.
    *   Symptoms: Pruritic (itchy).
    *   Appearance: 4x2 cm erythematous, violaceous, indurated, scaly plaque with some papules.

2.  **Analyze the histopathology:**
    *   Perifollicular lymphocytic",
Merge Q493,ID0784,,"<unused94>thought
The user wants me to analyze a clinical case and choose the most appropriate next step in management from the given options.

**Case Summary Analysis:**
*   **Patient:** 49-year-old man
*   **Symptoms:**
    *   Generalized weakness (3 months)
    *   Chronic cough (duration not specified, but likely related to weight loss)
    *   Unintentional weight loss (20 lbs over 6 months)
*   **History:** Moved from India 7 years ago (relevant for endemic diseases like TB).
*   **Physical Exam:**
    *",
Merge Q494,ID0785,,Answer: C,C
Merge Q495,ID0786,,"<unused94>thought
The user wants me to identify the most likely cardiac anomaly in a patient based on the provided clinical findings.

1.  **Analyze the patient's presentation:**
    *   Height: 132 cm (short stature)
    *   Weight: 49 kg
    *   Physical exam findings:
        *   Webbed neck
        *   Broad chest with widely spaced nipples
        *   Early systolic ejection click on cardiac auscultation

2.  **Synthesize the findings:** The combination of short stature, webbed neck, and broad chest with widely spaced nipples strongly suggests",
Merge Q496,ID0788,,"<unused94>thought
The user wants me to analyze a clinical case and choose the best management step from the given options.

**Case Summary:**
- 30-year-old male
- Laceration over the 4th MCP joint of the right hand
- Caused by a dog bite (closed fist) yesterday
- Occupation: Mailman
- Tetanus vaccine: 3 years ago
- Examination: Figure A (not provided, but the description implies a wound over the MCP joint)

**Question:** What is the most appropriate next step in management?

**Options:**
A. Clind",
Merge Q497,ID0789,,Answer: A,A
Merge Q498,ID0790,,"<unused94>thought
The user wants me to analyze a patient case and choose the most appropriate next step in management from the given options.

**Patient Information:**
*   57-year-old man
*   Presents with shortness of breath (SOB)
*   History: Obesity, diabetes, diabetic nephropathy, hypertension, 40-pack-year smoking history
*   Vitals: T 99.5°F (37.5°C), BP 130/87 mmHg, P 120/min (tachycardia), RR 15/min",
Merge Q499,ID0792,,"<unused94>thought
The user wants me to identify the most appropriate breast cancer screening approach for a 39-year-old female patient who hasn't had medical care in 20 years.

1.  **Analyze the patient profile:** 39-year-old female, no recent medical care. This means she hasn't had routine screenings.
2.  **Consider standard breast cancer screening guidelines:**
    *   The USPSTF (United States Preventive Services Task Force) recommends biennial screening mammography for women aged 50 to 74 years (Grade B recommendation).
    *   For",
Merge Q500,ID0796,,"<unused94>thought
The user wants me to identify the most likely diagnosis based on the provided clinical scenario and radiographic image (Figure A, which is not provided but implied).

1.  **Analyze the patient presentation:**
    *   27-year-old man.
    *   Mechanism: Landing off a ski jump (high-energy trauma).
    *   Symptoms: Pain in the right leg and knee, swelling over the right leg and knee.
    *   Physical Exam: Pain with passive motion of the foot at the ankle.

2.  **Consider the differential diagnoses (the options provided):**
",
Merge Q501,ID0797,,"<unused94>thought
The user wants me to identify the most likely diagnosis based on the provided patient case summary.

Here's a breakdown of the key information:

*   **Patient:** 50s White man.
*   **History:** Recurrent respiratory infections, diarrhea, painful oral erosions (2 years).
*   **Current Presentation:** Mediastinal mass found on chest X-ray (for pneumonia).
*   **Physical Exam:** Whitish, edematous, lacy patches with erosions on tongue and buccal mucosa. Skin and nails are normal.
*   **Lab/Imaging:**
",
Merge Q502,ID0798,,"<unused94>thought
The user wants me to identify the cardiac defect most commonly associated with Patent Ductus Arteriosus (PDA) in the context of Congenital Rubella Syndrome (CRS).

1.  **Analyze the case:** The case describes an infant with symptoms suggestive of CRS (maternal illness during pregnancy with fever, rash, eye pain, sore throat) and confirmed rubella virus in the infant's nasopharynx. The infant also has a confirmed PDA and another cardiac abnormality.
2.  **Recall CRS cardiac manifestations:** Congenital Rubella Syndrome is known to cause various cardiac defects. The most common ones",
Merge Q503,ID0799,,Answer: D,D
Merge Q504,ID0800,,Answer: B,B
Merge Q505,ID0801,,Answer: B,B
Merge Q506,ID0802,,Answer: B,B
Merge Q507,ID0803,,"<unused94>thought
The user wants me to analyze a clinical case and choose the most appropriate next step from the given options.

**Case Summary:**
- 54-year-old man
- 3-day history of right ptosis and double vision (diplopia)
- Initial horizontal diplopia, worse at the end of the day, resolved with complete right ptosis.
- Current findings: Complete limitation of elevation in the right eye, limitation of abduction in the left eye.
- Bilateral reduced orbicularis oculi strength.

**Analysis:**
- The patient presents with ptosis and diplopia,",
Merge Q508,ID0805,,"<unused94>thought
The user wants me to identify the most likely type of pulmonary malignancy to develop in a scar tissue in the lung, specifically in the peripheral region of the left lower lobe, following a pulmonary abscess.

1.  **Analyze the patient history:** The patient had a pulmonary abscess in the peripheral left lower lobe six weeks ago, treated with drainage. A current chest x-ray shows residual scar tissue in the same location.
2.  **Identify the key factor:** The key factor is the presence of a lung scar.
3.  **Recall associations between lung scars and malignancy:** Certain types of lung cancer are known",
Merge Q509,ID0809,,"<unused94>thought
The user wants me to analyze a patient case and choose the most appropriate next step from the given options.

**Patient Information:**
*   18-year-old woman
*   Referred for chest pain and atrial fibrillation (AF).
*   History of 3 episodes of AF at age 17, treated with cardioversion.
*   Currently on flecainide and warfarin.
*   Symptoms: Intermittent, nonexertional, atypical chest pain; exertional dyspnea; declining exercise capacity (peak VO2 65% predicted).
*   ECG:",
Merge Q510,ID0810,,Answer: C,C
Merge Q511,ID0811,,Answer: A,A
Merge Q512,ID0813,,"<unused94>thought
The user wants me to identify the most likely histological finding on a deltoid muscle biopsy based on the provided clinical case summary.

**Case Summary Analysis:**
*   **Patient:** Female (implied by ""She"")
*   **Symptoms:** Difficulty with proximal muscle strength (stair climbing, rising from seated, overhead arm movements).
*   **Physical Exam:** Normal vitals, significant proximal muscle weakness (hip flexion 2/5, shoulder abduction 3/5), needs arm support to stand.
*   **Labs:** Elevated leukocytes, ESR, and CK.

**Differential Diagnosis based",
Merge Q513,ID0814,,Answer: C,C
Merge Q514,ID0815,,Answer: G,G
Merge Q515,ID0816,,Answer: A,A
Merge Q516,ID0819,,Answer: C,C
Merge Q517,ID0821,,"<unused94>thought
The user wants me to identify the sphenobasilar synchondrosis (SBS) somatic dysfunction that explains the cranial vault hold testing findings.

1.  **Analyze the findings:**
    *   Asymmetry of the cranium.
    *   Left side: Index and little fingers separate and move downward.
    *   Right side: Index and little fingers converge and move upward.

2.  **Understand Cranial Vault Hold Testing:** This test assesses the mobility of the cranial bones, particularly the sphenoid and occiput, and the SBS. The movement of the fingers indicates the direction of",
Merge Q518,ID0824,,"<unused94>thought
The user wants me to analyze a clinical case and choose the most appropriate next step in management from the given options.

**Case Summary:**
- 38-year-old man
- Symptoms: Nasal congestion (1 week), blurry vision, diplopia (this morning)
- History: IV drug use, HIV (CD4: 47/mm^3 - severely immunocompromised), hypertension, hyperlipidemia, diabetes mellitus, seasonal allergies
- Physical Exam: Injected conjunctiva, rhinorrhea
- Imaging: Brain MRI (Figure A - not provided, but the clinical picture strongly suggests a",A
Merge Q519,ID0825,,"<unused94>thought
The user wants me to analyze a patient case and ECG to determine the most likely diagnosis from the given options.

**Patient Information:**
*   55-year-old man
*   Symptoms: Lightheadedness followed by fainting (syncope) while carrying boxes upstairs (exertion).
*   History: Hypertension (untreated).
*   Vitals: T 36.7°C, BP 152/93 mmHg, P 86/min, RR 15/min, SpO2 98% RA.
*   ECG:",
Merge Q520,ID0826,,Answer: C,C
Merge Q521,ID0827,,Answer: C,C
Merge Q522,ID0828,,Answer: E,E
Merge Q523,ID0830,,"<unused94>thought
The user wants me to analyze a clinical case and choose the most likely diagnosis from the given options.

**Case Summary:**
- 66-year-old woman
- Tonic-clonic seizure
- Worsening headaches and intermittent nausea for 5 months
- Papilledema on fundoscopy
- Otherwise normal physical exam
- CT scan findings in Figure A (I need to assume what Figure A shows, as it's not provided. Based on the symptoms and age, a brain tumor is highly likely. Papilledema suggests increased intracranial pressure. A seizure is a common presentation of brain tumors",
Merge Q524,ID0831,,"<unused94>thought
The patient is a 6-year-old boy presenting with a 2-week history of fever, right thigh pain, and limp. Physical examination reveals swelling, tenderness, warmth, and erythema over the right upper thigh with limited range of motion due to pain and an antalgic gait. Laboratory findings show leukocytosis (12,300/mm3) and elevated ESR (40 mm/h). X-rays are unremarkable. MRI of the right lower extremity shows findings suggestive of osteomyelitis: increased T2 and decreased T1 signals over the right femur, periosteal elevation, multiple",
Merge Q525,ID0832,,Answer: D,D
Merge Q526,ID0833,,Answer: A,A
Merge Q527,ID0834,,Answer: C,C
Merge Q528,ID0835,,Answer: A,A
Merge Q529,ID0836,,"<unused94>thought
The user wants me to identify the most appropriate treatment for a patient presenting with symptoms suggestive of a specific infection.

1.  **Analyze the patient's presentation:**
    *   **Symptoms:** Increasing difficulty chewing, progressive left jaw pain (over 1 week), inability to close mouth (trismus) after eating.
    *   **Vitals:** Fever (100.8°F), tachycardia (105/min). BP and RR are relatively normal.
    *   **Physical Exam:** Bluish hue (cyanosis) on the lower left face, non-tender 3",
Merge Q530,ID0837,,Answer: C,C
Merge Q531,ID0840,,Answer: A,A
Merge Q532,ID0841,,Answer: D,D
Merge Q533,ID0842,,Answer: C,C
Merge Q534,ID0843,,Answer: F,F
Merge Q535,ID0844,,Answer: A,A
Merge Q536,ID0845,,Answer: C,C
Merge Q537,ID0846,,"<unused94>thought
The user wants me to analyze a clinical case and choose the most appropriate next step from the given options.

**Case Summary:**
- 3-year-old girl, no prior medical history.
- Presents with 1 day of abnormal gait and bilateral mydriasis (dilated pupils).
- Examination findings:
    - Pupils: Fixed and dilated (8 mm initially), later sluggish but reactive.
    - Extraocular movements: Intact initially, later new-onset ophthalmoplegia (unable to move eyes in any direction, including doll's head maneuver).
    - Fundus: Normal",
Merge Q538,ID0847,,"<unused94>thought
The user wants me to identify the most likely diagnosis based on the provided clinical case summary and histopathology findings.

1.  **Analyze the clinical presentation:**
    *   41-year-old man.
    *   7-month history of episodic back/abdominal pain, nausea, vomiting, flushing. These symptoms suggest potential autonomic dysfunction or release of vasoactive substances.
    *   Intense flushing and vomiting *after* noncontrast abdominal ultrasound. This is a key clue, suggesting a possible reaction triggered by the procedure or stress.
    *   Contrast-enhanced MRI shows a 5-",
Merge Q539,ID0850,,Answer: B,B
Merge Q540,ID0851,,"<unused94>thought
The user wants me to analyze a patient case summary and choose the most appropriate next step from the given options.

**Patient Case Summary Analysis:**
*   **Vital Signs:** Pulse 120/min (tachycardia), Respirations 28/min (tachypnea), Blood Pressure 70/40 mm Hg (hypotension). These indicate shock, likely hemorrhagic shock given the context.
*   **Physical Exam:**
    *   Breath sounds: Normal on the right, decreased on the left. This suggests a problem in the left hemithorax, such as pneum",
Merge Q541,ID0852,,Answer: D,D
Merge Q542,ID0853,,"<unused94>thought
The user wants me to analyze a clinical case and choose the most appropriate next step in management from the given options.

**Case Summary:**
- 4-year-old boy
- Worsening seizure activity, described as ""suddenly drops"" when running (suggests possible atonic or myoclonic seizures, or syncope).
- Lack of response to voice commands noted by daycare.
- Family history: Cousin died suddenly at a young age.
- Physical exam: Lack of response to auditory stimulation.
- ECG Figure A (not provided, but implied to be abnormal).
- Patient",
Merge Q543,ID0854,,Answer: C,C
Merge Q544,ID0855,,Answer: D,D
Merge Q545,ID0856,,"<unused94>thought
The user wants me to identify the mechanism of action of a drug likely prescribed for recurrent gout attacks, given the patient's presentation and subsequent side effect.

1.  **Analyze the patient presentation:** A 52-year-old woman with risk factors (obesity, hypertension, IBD, alcohol use) presents with classic symptoms of acute gout (severe pain, warmth, swelling, erythema of the first MTP joint).
2.  **Identify the likely diagnosis:** Acute gouty arthritis.
3.  **Determine the treatment goal:** The patient was started on a drug to *prevent recurrence",
Merge Q546,ID0858,,Answer: B,B
Merge Q547,ID0859,,Answer: B,B
Merge Q548,ID0860,,Answer: D,D
Merge Q549,ID0861,,"<unused94>thought
The user wants me to analyze a clinical case and choose the most appropriate next step in management from the given options.

**Case Summary:**
- 56-year-old man from prison.
- Symptoms: 1 month of fevers, chills, cough, night sweats.
- Gradual weight loss over the past year.
- Physical Exam: Faint inspiratory crackles in the right upper lobe.
- Chest Radiograph: Figure A (not provided, but the clinical picture strongly suggests a specific diagnosis).

**Clinical Reasoning:**
1.  **Patient Demographics & Risk Factors",
Merge Q550,ID0862,,Answer: B,B
Merge Q551,ID0864,,Answer: A,A
Merge Q552,ID0866,,"<unused94>thought
The user wants me to analyze a clinical case and choose the most appropriate next step from the given options.

**Case Summary Analysis:**

*   **Patient:** Man in his 30s.
*   **History:** Stab injury to the left orbit 15 years ago.
*   **Presenting Complaint:** Proptotic left eye (bulging).
*   **Key Findings:**
    *   Pulsatile proptosis (left eye) - 14 mm difference.
    *   Palpable thrill and audible bruit over the left eye.
    *   Chemosis",
Merge Q553,ID0867,,Answer: B,B
Merge Q554,ID0869,,Answer: B,B
Merge Q555,ID0870,,"<unused94>thought
The user wants me to identify the most appropriate next step in management for a patient presenting with fatigue, dark urine, anemia, elevated creatinine, positive ANA, and schistocytes on peripheral smear.

1.  **Analyze the clinical presentation:**
    *   Severe fatigue and dark urine suggest hemolysis and/or kidney injury.
    *   4-day history indicates an acute or subacute process.

2.  **Analyze the laboratory findings:**
    *   **Hematocrit 23%:** Severe anemia.
    *   **Leukocyte count 9000/mm3:** Normal",
Merge Q556,ID0871,,Answer: C,C
Merge Q557,ID0872,,"<unused94>thought
The user wants me to analyze a clinical case and choose the most appropriate next step from the given options.

**Case Summary:**
- 75-year-old male
- 6-month history of bilateral shoulder pain (worse on right)
- Upper arm stiffness and aching
- Limited active and passive range of motion (ROM) in both shoulders, especially external rotation and abduction
- Crepitus during movement
- Elevated ESR (25 mm/hr, normal < 17 mm/hr)

**Differential Diagnosis based on symptoms:**
1.  **Adhesive Capsul",
Merge Q558,ID0876,,"<unused94>thought
The user wants me to identify the most likely diagnosis based on the provided patient case summary.

**Patient Information:**
*   30-year-old man
*   Progressive quadriplegia (2 months)
*   Weakness started in right lower limb, spread to upper limb and contralateral side.
*   Urinary retention (1 month later)
*   Cranial nerves intact
*   Quadriplegia (MRC 0/5)
*   Decreased tendon reflexes
*   Bilateral positive Babinski sign (suggests upper motor neuron involvement)
*   Impaired",
Merge Q559,ID0878,,Answer: C,C
Merge Q560,ID0879,,Answer: C,C
Merge Q561,ID0880,,Answer: I,I
Merge Q562,ID0883,,Answer: G,G
Merge Q563,ID0884,,Answer: C,C
Merge Q564,ID0885,,Answer: A,A
Merge Q565,ID0887,,Answer: B,B
Merge Q566,ID0889,,"<unused94>thought
The user wants me to identify the most likely diagnosis based on the provided clinical case summary.

1.  **Analyze the patient's presentation:**
    *   Lower abdominal pain, localized to the right lower quadrant (RLQ).
    *   Anorexia and nonbloody, nonbilious emesis.
    *   Voluntary guarding and focal RLQ tenderness.
    *   Mild leukocytosis (WBC 14 x 10^3/μL).
    *   Normal urinalysis.
    *   Initial abdominal ultrasound: Appendix not visualized, no secondary signs",
Merge Q567,ID0893,,Answer: D,D
Merge Q568,ID0894,,Answer: B,B
Merge Q569,ID0895,,"<unused94>thought
The user wants me to analyze a clinical case and choose the most appropriate next step from the given options.

**Case Summary:**
- 53-year-old woman with stage IV renal cell carcinoma.
- Treated with pembrolizumab (PD-1 inhibitor) for 20 months.
- Developed a diffuse, pruritic eruption, resistant to topical/oral corticosteroids.
- Pembrolizumab stopped after 1 month of rash.
- Rash persisted for 5 months despite high-dose prednisone (80mg/d).
- Biopsy (while on steroids) showed spongiotic dermatitis",
Merge Q570,ID0899,,Answer: B,B
Merge Q571,ID0900,,"<unused94>thought
The user wants me to identify the most likely diagnosis based on the provided clinical case summary.

**Patient Information:**
* 69-year-old man
* History of relapsed acute myeloid leukemia (AML) monocytic type
* 2 months post-allogeneic stem cell transplantation (SCT)
* Presented with intermittent fever and fatigue

**Clinical Course:**
* Initial workup (imaging, cultures, serology, PCR) for infection was negative.
* Recurrent fever led to multiple ED visits and readmission.
* Physical exam: 2 nonpruritic, soft",
Merge Q572,ID0901,,Answer: D,D
Merge Q573,ID0902,,Answer: D,D
Merge Q574,ID0904,,Answer: A,A
Merge Q575,ID0905,,"<unused94>thought
The user wants me to analyze a clinical case and choose the most appropriate next step from the given options.

**Case Summary:**
- Patient: African American woman, early to mid-60s.
- Symptoms: Flashes and floaters in the left eye for 2 weeks.
- History: Bilateral posterior vitreous detachment (PVD) diagnosed previously, retinal exam normal at that time.
- Current Exam (Left Eye):
    - Anterior Segment: Trace keratic precipitates (KPs), 1+ cell.
    - Posterior Segment: 1+ vitreous cell.
",
Merge Q576,ID0907,,"<unused94>thought
The user wants me to identify the next best step in managing a patient presenting with a painful abdominal mass, ecchymoses, and a history of DVT on apixaban.

1.  **Analyze the patient presentation:**
    *   History: Hypercholesterolemia, recent DVT on apixaban (an anticoagulant).
    *   Vitals: T 37.0°C, BP 102/63 mmHg (slightly low), HR 109/min (tachycardic), Hb 10.3 g/dL (anemic).
",
Merge Q577,ID0908,,Answer: B,B
Merge Q578,ID0909,,Answer: A,A
Merge Q579,ID0910,,Answer: A,A
Merge Q580,ID0911,,"<unused94>thought
The user wants me to analyze a patient case and choose the most appropriate management option from the given choices.

**Patient Information:**
*   **History:** 14-year history of cold- and exercise-induced asthma.
*   **Current Symptoms:** Increased asthma activity in the past month. Using albuterol inhaler 1-2 times daily for wheezing and chest tightness. Feels well otherwise, physically active.
*   **Physical Exam:** Scattered rhonchi and wheezes with forced expiration. No other abnormalities.

**Analysis:**
The patient has a known history of asthma.",
Merge Q581,ID0912,,Answer: B,B
Merge Q582,ID0915,,Answer: D,D
Merge Q583,ID0916,,"<unused94>thought
The user wants me to analyze a patient case summary and choose the most appropriate next step from the given options.

**Patient Case Summary Analysis:**

*   **Cardiac Exam:** Prominent P2 suggests pulmonary hypertension.
*   **Echocardiogram:** Dilated right atrium and ventricle are signs of right heart strain, often secondary to pulmonary hypertension or increased pulmonary vascular resistance.
*   **Duplex Ultrasound:** Nonocclusive thrombus in left femoral and popliteal veins indicates deep vein thrombosis (DVT). This is a potential source of pulmonary emboli.
*   **Right Heart Catheterization",
Merge Q584,ID0918,,"<unused94>thought
The user wants me to identify the most appropriate antibiotic for a 3-year-old boy with chronic granulomatous disease (CGD) presenting with symptoms suggestive of lymphadenitis.

1.  **Analyze the patient's condition:**
    *   3-year-old boy.
    *   Chronic Granulomatous Disease (CGD): This is a primary immunodeficiency affecting phagocytes (neutrophils, macrophages), impairing their ability to kill certain bacteria and fungi, particularly catalase-positive organisms.
    *   Symptoms: 3 weeks of fever, warm, red lumps under arms (",
Merge Q585,ID0919,,Answer: D,D
Merge Q586,ID0922,,"<unused94>thought
The user wants me to analyze a patient case snippet and choose the most likely finding from the provided options.

**Patient Information:**
*   Fatigues easily
*   Trouble participating in sports
*   Conjunctival pallor
*   Unilateral clear middle ear effusion

**Analysis:**
1.  **Fatigue and Pallor:** These are classic signs of anemia.
2.  **Trouble participating in sports:** This could be due to fatigue/anemia or other underlying conditions.
3.  **Unilateral clear middle ear effusion:** This suggests Eustachian tube dysfunction, which",
Merge Q587,ID0923,,"<unused94>thought
The user wants me to identify the most likely cause of the patient's symptoms based on the provided case summary and image (which is not provided, but the description mentions a finding in Figure A).

Here's a breakdown of the clinical presentation:
1.  **Patient:** 27-year-old man
2.  **Presenting Complaint:** Altered mental status (gradual onset over several days)
3.  **Associated Symptoms:** Diarrhea, nausea, vomiting, abdominal pain (for the past week)
4.  **History:** Depression, multiple suicide attempts (raises",
Merge Q588,ID0924,,Answer: B,B
Merge Q589,ID0925,,Answer: A,A
Merge Q590,ID0926,,"<unused94>thought
The user wants me to identify the sacral somatic dysfunction based on the provided clinical findings.

1.  **Analyze the findings:**
    *   **Mechanism:** Fall backward, landing on buttocks. This suggests a potential posterior impact or compression force on the sacrum.
    *   **Pain:** Left buttock and posterior thigh, aggravated by lumbar flexion/extension. This points towards sacral or SI joint involvement, likely on the left side.
    *   **Seated Flexion Test:** Left posterior superior iliac spine (PSIS) is elevated. This is a key finding. In seated flexion",
Merge Q591,ID0927,,"<unused94>thought
The user wants me to analyze a clinical case and choose the most appropriate next step from the given options.

**Case Summary Analysis:**
*   **Patient:** 60s, history of hypertension.
*   **Symptoms:** New-onset fluctuating diplopia, worsening right upper eyelid ptosis.
*   **Previous Treatment:** Right ptosis repair < 1 year ago, no improvement.
*   **Exam Findings:**
    *   MRD1: 0 mm OD (right eye), 4 mm OS (left eye).
    *   No fatigability in extended upgaze",
Merge Q592,ID0928,,"<unused94>thought
The user wants me to analyze a clinical case summary and choose the most likely finding from the given options.

**Case Summary Analysis:**
- **Patient:** Neonate (newborn)
- **History:**
    - Born at 38 weeks gestation (term).
    - Apgar scores: 8 at 1 minute, 9 at 5 minutes (good scores, indicating good initial adaptation).
    - Normal vital signs initially.
    - Attempts nursing at 15 minutes.
    - **Key Symptoms during nursing:**
        - Dusky blue discoloration (cyanosis)",
Merge Q593,ID0934,,Answer: G,G
Merge Q594,ID0935,,Answer: A,A
Merge Q595,ID0937,,"<unused94>thought
The user wants me to analyze a patient case summary and choose the most appropriate next step from the given options.

**Patient Case Summary Analysis:**

*   **Symptoms:**
    *   Progressive exertional dyspnea (shortness of breath with activity)
    *   Bilateral lower extremity edema (swelling)
    *   Thickened, brittle, discolored fingernails and toenails (onycholysis/nail changes)
    *   Yellow discoloration and thickening of nails (Figure 1A)
    *   Partially nonpitting edema (Figure 1B)
*",
Merge Q596,ID0939,,Answer: A,A
Merge Q597,ID0941,,Answer: C,C
Merge Q598,ID0942,,Answer: A,A
Merge Q599,ID0944,,Answer: B,B
Merge Q600,ID0948,,Answer: G,G
Merge Q601,ID0949,,Answer: C,C
Merge Q602,ID0951,,Answer: B,B
Merge Q603,ID0953,,"<unused94>thought
The user wants me to analyze a patient case and choose the most appropriate next step from the given options.

**Patient Information:**
*   Age: 29 years old
*   Ethnicity: Hispanic
*   Gravida 3, Para 3 (meaning she has been pregnant 3 times and delivered 3 times)
*   Chief Complaint: Recurrent low back pain for the past year, recurring every 2-3 months.
*   Height: 165 cm (5 ft 5 in)
*   Weight: 100 kg (220 lb",
Merge Q604,ID0954,,"<unused94>thought
The patient presents with bilateral anterior uveitis unresponsive to topical steroids, along with a history of recurrent gingivitis and persistent reactive lymphadenopathy. The uveitis is severe, characterized by marked hyperemia, corneal edema, deep anterior chambers, significant cells (3+ OD, 4+ OS), and mixed hypopyon and hyphema. Importantly, infectious causes (bacterial, fungal, TB, syphilis) and common inflammatory conditions like sarcoidosis and HLA-B27 associated uveitis have been ruled out. The presence of iris nodules is also noted. The persistent lymphadenopathy, particularly in the head and neck",
Merge Q605,ID0957,,Answer: J,J
Merge Q606,ID0961,,"<unused94>thought
The user wants me to analyze a patient case and choose the most appropriate next step from the given options.

**Patient Information:**
*   39-year-old woman
*   Acute onset headache, right hemiparesis, numbness, fever
*   CT brain: Ring-enhanced lesion with surrounding edema in the left frontoparietal lobe (suggestive of abscess, tumor, or other inflammatory process)
*   Physical exam: Multiple red papules on tongue, trunk, limbs (Figure 1 - not provided, but described)
*   History: Recurrent epistaxis since childhood

",
Merge Q607,ID0962,,Answer: C,C
Merge Q608,ID0963,,Answer: D,D
Merge Q609,ID0965,,"<unused94>thought
The user wants me to identify the most appropriate next step in managing a patient presenting with diabetic ketoacidosis (DKA).

1.  **Analyze the patient's presentation:**
    *   History: Unconscious, history of diabetes (unspecified).
    *   Vitals: Tachycardia (110/min), tachypnea (24/min), normothermic (36.7°C), hypotensive (90/60 mm Hg).
    *   Exam: Heavy breathing (Kussmaul respirations likely), altered mental status (nonsensical responses),",
Merge Q610,ID0967,,"<unused94>thought
The user wants me to analyze a clinical case and choose the most appropriate management from the given options.

**Case Summary:**
- 33-year-old man
- Slammed finger in car door 5 hours ago
- Physical exam shows a finding in Figure A (I need to infer what Figure A likely shows based on the context of a finger slammed in a door). A common injury from this mechanism is a subungual hematoma.
- Radiograph shows a smooth cortex without disruption (ruling out a fracture).

**Analysis:**
- The mechanism (finger slammed in a door)",
Merge Q611,ID0968,,Answer: A,A
Merge Q612,ID0969,,"<unused94>thought
The user wants me to identify the most likely diagnosis based on the provided patient case summary and MRI findings (although the MRI image is not provided, the description implies it shows relevant findings).

Here's a breakdown of the clinical information:

*   **Patient:** 60-year-old man with advanced melanoma.
*   **Treatment:** Receiving ipilimumab (an immune checkpoint inhibitor).
*   **Symptoms:** Headaches, fatigue, poor appetite, nausea, rash.
*   **Physical Exam:** Mild rash on chest/extremities.
*   **Lab Findings:**
    ",
Merge Q613,ID0970,,"<unused94>thought
The user wants me to identify the most likely diagnosis based on the provided clinical scenario and fundoscopic image (Figure A, which is not provided but described implicitly by the context).

1.  **Analyze the patient presentation:**
    *   Age: 71-year-old woman (older age increases risk for several eye conditions).
    *   Symptom: Sudden, painless vision loss in the right eye.
    *   Onset: Woke up this morning with the symptom.
    *   Fundoscopic exam: Figure A shows findings (I need to infer what these findings might be based",
Merge Q614,ID0972,,Answer: C,C
Merge Q615,ID0973,,Answer: D,D
Merge Q616,ID0974,,Answer: A,A
Merge Q617,ID0976,,Answer: B,B
Merge Q618,ID0977,,"<unused94>thought
The user wants me to analyze a clinical case and choose the most appropriate next step from the given options.

**Case Summary:**
- 54-year-old woman, otherwise healthy.
- Initial presentation: Erythematous, vermiform lesion on the right lower eyelid, pruritic and painful.
- Resolution after 1 month.
- Subsequent development: Redness and swelling of the inner right conjunctiva (nasal side).
- History: Recent immigration from rural Moldova (1 month ago), exposure to farm animals (dogs, cats).
- Slit-lamp findings: Diffuse",
Merge Q619,ID0979,,Answer: A,A
Merge Q620,ID0981,,Answer: C,C
Merge Q621,ID0982,,"<unused94>thought
The user wants me to analyze a clinical case and choose the most appropriate next step from the given options.

**Case Summary:**
- 39-year-old woman
- Presents with left pupil dilation noticed in the mirror.
- Denies double vision, ptosis, headache, weakness.
- Visual acuity 20/20 OU.
- No ptosis, full extraocular movements.
- Anisocoria: Left pupil larger than right, more pronounced in bright light.
- Pupillary measurements:
    - Right: 6 mm (dark), 3 mm (",
Merge Q622,ID0987,,Answer: C,C
Merge Q623,ID0990,,Answer: C,C
Merge Q624,ID0991,,Answer: C,C
Merge Q625,ID0992,,Answer: B,B
Merge Q626,ID0993,,Answer: C,C
Merge Q627,ID0994,,Answer: C,C
Merge Q628,ID0996,,Answer: C,C
Merge Q629,ID0998,,Answer: B,B
Merge Q630,ID0999,,Answer: D,D
Merge Q631,ID1001,,"<unused94>thought
The user wants me to identify the most likely diagnosis based on the provided clinical case summary.

**Case Summary Analysis:**
* **Patient:** 28-year-old woman
* **Presentation:** Sudden, diffuse, painful enlargement of upper quadrants of left breast, edema, palpable axillary lymph nodes. No signs of inflammation/infection (redness, warmth, fever - although pain is present).
* **Physical Exam:** 6-cm hard mass, no nipple discharge/retraction, left axillary lymph nodes palpable.
* **Biopsy/FNA:** Granulomatous inflammation (epithel",
Merge Q632,ID1002,,Answer: C,C
Merge Q633,ID1005,,Answer: C,C
Merge Q634,ID1006,,Answer: C,C
Merge Q635,ID1009,,"<unused94>thought
The patient presents with symptoms suggestive of pulmonary toxicity (dyspnea, nonproductive cough, bilateral interstitial opacities on chest radiograph) developing over one month. She has a history of nonischemic cardiomyopathy and ventricular tachycardia, and was started on amiodarone several months ago. Amiodarone is a known cause of pulmonary toxicity, which can manifest as interstitial pneumonitis or fibrosis. The clinical presentation (worsening dyspnea, cough, crackles, interstitial opacities) is highly suspicious for amiodarone-induced pulmonary toxicity (AIPT).

Let's analyze the options:",
Merge Q636,ID1011,,"<unused94>thought
The user wants me to analyze the provided patient case summary and select the best interpretation from the multiple-choice options.

**Case Summary Analysis:**
*   **Initial Diagnosis:** Implied Chronic Lymphocytic Leukemia (CLL) based on the context of cytogenetics and IgHV status.
*   **Initial Cytogenetics:** del(13)(q14) in 63% of cells. This is generally considered a favorable prognostic marker in CLL.
*   **Relapse:** Occurred 2.5 years later.
*   **Cytogenetics at Relapse:** Complex karyotype with a",A
Merge Q637,ID1013,,Answer: D,D
Merge Q638,ID1014,,Answer: B,B
Merge Q639,ID1015,,Answer: B,B
Merge Q640,ID1016,,Answer: A,A
Merge Q641,ID1017,,Answer: D,D
Merge Q642,ID1019,,"<unused94>thought
The user wants me to analyze a clinical case and choose the most appropriate next step from the given options.

**Case Summary:**
- 54-year-old woman
- History: Lobular breast carcinoma in situ (treated), Chromophobe kidney cell carcinoma (treated)
- Presentation: Asymptomatic, amelanotic choroidal mass in the left eye, suspicious for metastasis.
- Findings:
    - Dilated fundus exam: Subretinal mass (3x2 mm) inferior to the optic disc in the left eye.
    - Color fundus photography: Amelanotic",
Merge Q643,ID1020,,Answer: A,A
Merge Q644,ID1021,,"<unused94>thought
The user wants me to identify the most likely diagnosis based on the provided patient case summary.

Here's a breakdown of the key findings and how they relate to the options:

1.  **Patient Presentation:**
    *   Immunocompromised (likely due to chemotherapy for AML).
    *   Febrile neutropenia (WBC 150/μL, ANC 130/μL).
    *   Painful necrotic skin lesions (dusky, purpuric, pink papulonodules with eschar).
    *   Nonproductive cough.
    ",
Merge Q645,ID1022,,Answer: D,D
Merge Q646,ID1024,,"<unused94>thought
The user wants me to analyze a clinical scenario and choose the most appropriate next step in management from the given options.

**Patient Information:**
- Young child (implied by ""pediatrician"")
- Mother concerned about vision, noticed squinting while watching TV.
- Figure A shows a photograph of his eyes (not provided, but the description implies an eye abnormality).
- Left eye wanders when focusing on a light.
- Left eye refocuses on the light when the right eye is covered.

**Analysis:**
1.  **Squinting:** This can be a sign of refractive error",
Merge Q647,ID1025,,Answer: A,A
Merge Q648,ID1026,,Answer: D,D
Merge Q649,ID1028,,"<unused94>thought
The user wants me to analyze a clinical case and choose the most appropriate next step in management from the given options.

**Case Summary:**
- 4-week-old boy
- Vomiting and regurgitating breastmilk through the nose after most feedings for 1 week.
- Blood-streaked stools for 1 week.
- Initially gained weight well (surpassed birth weight by 2 weeks), but now falling off the growth curve (1 SD).
- Physical exam: Figure A shows a rash on the face and back (likely eczema or similar).
- Digital rectal exam: Small amount",
Merge Q650,ID1029,,Answer: C,C
Merge Q651,ID1031,,"<unused94>thought
The user wants me to identify the most appropriate next step in managing a pregnant patient who has developed somnolence while hospitalized for preeclampsia with severe features.

1.  **Analyze the patient's initial presentation:**
    *   37 weeks gestation (term)
    *   Headache and abdominal pain (symptoms of preeclampsia)
    *   Hypertension (BP 157/105 mmHg)
    *   Thrombocytopenia (Platelets 117,000/mm³)
    *   Elevated creatinine (2.2 mg/dL",
Merge Q652,ID1032,,Answer: C,C
Merge Q653,ID1035,,"<unused94>thought
The user wants me to analyze a patient case summary and choose the most appropriate next step from the given options.

**Patient Presentation:**
- Diffuse erosions with grouped papules and vesicles on bilateral extremities, elbow/knee extensors, chest, back, buttocks, face, and scalp.
- Extensive excoriations.
- Superficial honey-colored crusts.
- Possible burrows on wrists.

**Analysis of Findings:**
- **Grouped papules and vesicles:** Suggestive of viral infections (like herpes simplex, varicella zoster) or certain dermatoses (like dermatitis herpet",
Merge Q654,ID1037,,Answer: B,B
Merge Q655,ID1038,,Answer: A,A
Merge Q656,ID1040,,Answer: B,B
Merge Q657,ID1044,,Answer: C,C
Merge Q658,ID1047,,Answer: D,D
Merge Q659,ID1048,,Answer: B,B
Merge Q660,ID1049,,"<unused94>thought
The user wants me to analyze a patient case summary and choose the most appropriate next step from the given options.

**Case Summary Analysis:**
- A patient presents with a lesion initially thought to be a bug bite.
- The lesion enlarged and developed central clearing.
- Examination shows a 2.0-cm annular lesion with central clearing and peripheral flaking (consistent with erythema migrans, the characteristic rash of early Lyme disease).
- Lyme serology was ordered.
- Doxycycline (appropriate antibiotic for Lyme disease) was prescribed for 14 days based on the serology results (although",
Merge Q661,ID1051,,Answer: C,C
Merge Q662,ID1055,,Answer: C,C
Merge Q663,ID1058,,Answer: H,H
Merge Q664,ID1059,,Answer: C,C
Merge Q665,ID1060,,Answer: A,A
Merge Q666,ID1062,,"<unused94>thought
The user wants me to identify the most appropriate immediate management for a 56-year-old male presenting with acute severe anal pain and a palpable perianal mass, suggestive of a thrombosed external hemorrhoid.

1.  **Analyze the patient presentation:**
    *   Age: 56-year-old male
    *   Symptom: Severe anal pain
    *   Onset: Acute (2 hours ago)
    *   Physical Exam: Palpable perianal mass, no skin tag, no mucosal prolapse.

2.  **Formulate a differential diagnosis",
Merge Q667,ID1063,,Answer: G1,G
Merge Q668,ID1064,,Answer: A,A
Merge Q669,ID1065,,Answer: D,D
Merge Q670,ID1066,,Answer: C,C
Merge Q671,ID1067,,Answer: A,A
Merge Q672,ID1068,,Answer: A,A
Merge Q673,ID1070,,Answer: B,B
Merge Q674,ID1071,,Answer: D,D
Merge Q675,ID1072,,Answer: H,H
Merge Q676,ID1073,,Answer: C,C
Merge Q677,ID1074,,"<unused94>thought
The user wants me to identify the most appropriate initial antibiotic regimen for a 3-week-old infant presenting with symptoms suggestive of meningitis.

1.  **Analyze the patient presentation:**
    *   Age: 3 weeks old (neonate/young infant). This age group is crucial for determining likely pathogens and antibiotic choices.
    *   Symptoms: Fever (39.0°C), persistent irritability, lethargy, irritability when roused, cries when picked up and during neck flexion (suggestive of meningeal irritation). These are classic signs of meningitis in an infant.
    *   Duration:",
Merge Q678,ID1075,,"<unused94>thought
The user wants me to identify the most likely diagnosis based on the provided patient case summary.

**Patient Information:**
*   34-year-old man
*   Symptoms: Headache, double vision, seizures (tonic head/eye deviation left, tonic-clonic, postictal confusion), altered consciousness (1 week)
*   Duration: 1 month for headache/double vision/seizures
*   Examination Findings:
    *   Confused
    *   Facial flushing
    *   Grade III clubbing (fingers and toes)
    *   Right ptosis
",
Merge Q679,ID1076,,Answer: B,B
Merge Q680,ID1077,,"<unused94>thought
The patient is a 64-year-old man with a significant smoking history (80 pack-years) and coronary artery disease. He presents with subacute neurological symptoms including gait instability, falls, vertigo, double vision, right eye heterotropia (suggesting right CN IV palsy), left ptosis (suggesting left CN III palsy or Horner's syndrome, but CN III palsy is less likely given the other findings), flattening of the right nasolabial fold (suggesting right facial nerve palsy, CN VII), restricted upgaze (Parinaud's syndrome, often associated with dorsal midbrain",
Merge Q681,ID1079,,Answer: C,C
Merge Q682,ID1080,,Answer: B,B
Merge Q683,ID1081,,Answer: B,B
Merge Q684,ID1082,,"<unused94>thought
The user wants me to act as a clinical reasoning assistant and choose the most appropriate pharmacotherapy from the given options based on a patient case summary (which is missing).

Since the case summary is missing, I cannot determine the most appropriate pharmacotherapy. I need the patient's symptoms, diagnosis, medical history, and other relevant information to make a clinical decision.

However, the user has provided a specific format for the response: ""Answer: <LETTER>"". I must adhere to this format.

Without the case summary, I cannot logically deduce the correct answer. I will have to make an arbitrary choice or indicate",
Merge Q685,ID1084,,"<unused94>thought
The patient is a 23-year-old woman presenting with a 1-month history of worsening pain, dynamic color changes, and ulcerations involving the fingertips of both hands. She also reports hair loss, dry eyes and mouth, and mild esophageal dysphagia. Physical examination reveals edema, purple discoloration, distal pitting scars, and ischemic ulcers on the fingertips. CTA of the upper extremities is normal, ruling out large vessel occlusion. Laboratory tests show a high positive ANA with a specific pattern, and positive anti-Ro52, anti-Ro60, and anti-Scl-70 antibodies.

",
Merge Q686,ID1085,,Answer: D,D
Merge Q687,ID1087,,Answer: B,B
Merge Q688,ID1088,,"<unused94>thought
The user wants me to identify the most appropriate next diagnostic step for a 5-year-old girl presenting with recurrent injuries, joint hypermobility, chest pain with exertion, and a family history suggestive of connective tissue disorders.

1.  **Analyze the patient's presentation:**
    *   **Age:** 5 years old.
    *   **Symptoms:** Recurrent injuries since walking (delayed walking at 14 months), clumsiness, exertional chest pain (started 3 months ago with soccer), post-exertion joint pain/swelling (knees, ankles).
    *",
Merge Q689,ID1089,,"<unused94>thought
The user wants me to identify the most likely diagnosis based on the provided patient case summary and CT findings.

**Patient Information:**
*   78-year-old male
*   History: DVT, PE, on warfarin for 20 years
*   Presentation: 1 day of severe abdominal pain after eating
*   Vitals: Afebrile, normal HR, hypotensive
*   Exam: Soft, diffusely tender abdomen, no rebound/guarding
*   Labs:
    *   Creatinine: 1.7 mg/dL (elevated)
    *",
Merge Q690,ID1090,,"<unused94>thought
The user wants me to analyze a clinical case and choose the most appropriate next step from the given options.

**Case Summary:**
- 65-year-old woman with stage IV breast cancer (metastases to lungs and liver).
- Presents with new onset ""multiple green spots"" in both eyes for 3 days.
- Visual acuity is 20/20 OU (good).
- Fundus exam: Multifocal, hypopigmented, cream-colored spots in the posterior pole OU.
- Fundus autofluorescence (FAF): Hyperautofluorescent lesions.
-",
Merge Q691,ID1093,,Answer: C,C
Merge Q692,ID1098,,Answer: D,D
Merge Q693,ID1099,,Answer: B,B
Merge Q694,ID1101,,Answer: B,B
Merge Q695,ID1102,,Answer: B,B
Merge Q696,ID1108,,"<unused94>thought
The user wants me to analyze a clinical case and choose the most appropriate next step from the given options.

**Case Summary:**
- 47-year-old male
- 6 weeks post-op L4-5 posterior lumbar decompression and fusion with instrumentation.
- Complaint: Pain in the wound region.
- Labs: Elevated ESR (78 mm/h) and WBC (11,200/mm3).
- MRI: Fluid collection dorsal to the thecal sac.

**Analysis:**
- The patient is 6 weeks post-spinal surgery.
- He",
Merge Q697,ID1110,,"<unused94>thought
The user wants me to act as a clinical reasoning assistant and choose the best next step for a patient presenting with a specific skin lesion.

**Patient Information:**
- Lesion started as a hyperpigmented macule 3 years ago.
- Gradually increased in size.
- Developed into a pink nodule.
- Physical exam: 1-cm, well-circumscribed, symmetrical, pinkish, dome-shaped nodule with central erosions on the left cheek.

**Differential Diagnosis based on description:**
1.  **Keratoacanthoma (KA):** Rapid growth, dome",
Merge Q698,ID1112,,Answer: A,A
Merge Q699,ID1113,,Answer: C,C
Merge Q700,ID1114,,Answer: C,C
Merge Q701,ID1116,,Answer: B,B
Merge Q702,ID1117,,Answer: B,B
Merge Q703,ID1118,,Answer: A,A
Merge Q704,ID1119,,Answer: B,B
Merge Q705,ID1121,,Answer: C,C
Merge Q706,ID1123,,"<unused94>thought
The user wants me to analyze a patient case summary and choose the most appropriate next step from the given options.

**Patient Information:**
*   **History:** Sjögren syndrome, taking hydroxychloroquine sulfate.
*   **Findings:** Bilateral, gray-white, irregular, poorly circumscribed, linear and nummular central and peripheral corneal opacities.
*   **Location:** Confined primarily to the subepithelium, focally to the underlying anterior stroma.
*   **Spared:** Epithelium, deeper stroma, rest of anterior segment, fundus.
*   ",
Merge Q707,ID1125,,Answer: J,J
Merge Q708,ID1127,,Answer: B,B
Merge Q709,ID1129,,Answer: C,C
Merge Q710,ID1130,,Answer: A,A
Merge Q711,ID1131,,Answer: A,A
Merge Q712,ID1132,,Answer: B,B
Merge Q713,ID1135,,Answer: B,B
Merge Q714,ID1137,,Answer: B,B
Merge Q715,ID1138,,"<unused94>thought
The user wants me to identify the most likely diagnosis based on the provided patient case summary.

1.  **Analyze the patient's history:**
    *   Recent hospitalization with peripheral IV catheter.
    *   Developed a painful ulceration at the IV site a few days after discharge.
    *   Between hospitalizations, she cleaned a fish tank, played with a cat, and gardened with cacti.

2.  **Analyze the physical examination findings:**
    *   Ulcerated plaque on the right forearm (site of IV).
    *   Tender, red nodules (1-",
Merge Q716,ID1139,,Answer: B,B
Merge Q717,ID1140,,Answer: C,C
Merge Q718,ID1141,,"<unused94>thought
The user wants me to identify the most likely pathogen causing the patient's condition based on the provided clinical presentation and lab results.

**Clinical Presentation:**
*   Right upper quadrant (RUQ) tenderness: Suggests liver or biliary tract involvement.
*   Scleral icterus: Indicates jaundice, likely due to elevated bilirubin.
*   Dry mucosal membranes and delayed capillary refill: Signs of dehydration.

**Laboratory Findings:**
*   Hemoglobin: 13.5 g/dL (Normal range typically ~12-16 g/dL for females, ~13.5-",
Merge Q719,ID1142,,"<unused94>thought
The user wants me to identify the most appropriate treatment for a patient presenting with specific symptoms and medical history.

1.  **Analyze the patient's presentation:**
    *   **Symptoms:** Headache (constant, worse lying down/bright lights), low-grade fever, night sweats, cough, malaise, poor appetite, unintentional weight loss (12 lbs in 2 months).
    *   **History:** Intravenous drug use (IVDU), no recent medical care (2 years).
    *   **Physical Exam:** Pain on passive neck flexion (suggests meningeal irritation/inflammation).
    ",
Merge Q720,ID1146,,"<unused94>thought
The user wants me to analyze a clinical case and choose the most appropriate next step from the given options.

**Case Summary:**
- 16-year-old girl
- Acute left shoulder pain, left chest pain, shortness of breath
- History of intermittent left shoulder/chest pain for 4 months after a dance recital (suggests possible trauma or musculoskeletal origin initially, but now acute worsening)
- Physical exam: Tenderness over left 5th rib, reduced left chest expansion
- Chest X-ray: Left lower lobe opacification obscuring the left hemidiaphragm, bl",
Merge Q721,ID1147,,Answer: J,J
Merge Q722,ID1148,,Answer: B,B
Merge Q723,ID1149,,Answer: D,D
Merge Q724,ID1150,,Answer: A,A
Merge Q725,ID1151,,Answer: B,B
Merge Q726,ID1152,,Answer: C,C
Merge Q727,ID1153,,"<unused94>thought
The user wants me to analyze a patient case and choose the most appropriate next step in management from the given options.

**Patient Case Summary:**
- Headache and fever for 2 days.
- Acute onset of confusion and difficulty answering questions this morning.
- Rash developed this morning.
- Vital signs: Temp 104°F (40°C), Pulse 120/min, BP 105/60 mmHg, RR 22/min.
- Physical exam: Positive Brudzinski's sign (flexion of neck causes flexion of hips and knees",
Merge Q728,ID1154,,Answer: F,F
Merge Q729,ID1155,,"<unused94>thought
The user wants me to identify the next best step in treating a patient with localized sternal pain and paraspinal muscle tenderness, based on the provided case summary.

1.  **Analyze the case:**
    *   Patient has severe (10/10) localized tenderness on the sternum (midline, rib 5 level).
    *   Also has tenderness and hypertonicity in paraspinal muscles (T2-T6).
    *   Initial treatment involved positioning (supine, arms dangling, thigh under upper thoracic region) and gentle elevation towards the dysfunction.
    *",
Merge Q730,ID1157,,Answer: C,C
Merge Q731,ID1158,,Answer: C,C
Merge Q732,ID1160,,Answer: A,A
Merge Q733,ID1161,,Answer: G,G
Merge Q734,ID1162,,"<unused94>thought
The patient is an 80-year-old man with a history of hypertension, GERD, and stage 4 CKD presenting with acute kidney injury (AKI) characterized by anuria progressing to oliguria, significant elevation in BUN and creatinine compared to baseline, hyperkalemia, hypocalcemia, hyperphosphatemia, and massive proteinuria (spot urine protein/creatinine ratio > 11,000 mg/g). Renal ultrasound ruled out post-renal obstruction (no hydronephrosis). Urinalysis showed minimal albuminuria but a very high protein/creatinine ratio, suggesting glomerular",
Merge Q735,ID1163,,Answer: D,D
Merge Q736,ID1164,,Answer: B,B
Merge Q737,ID1166,,Answer: A,A
Merge Q738,ID1167,,"<unused94>thought
The user wants me to analyze a clinical case and choose the most appropriate next step from the given options.

**Case Summary:**
- 54-year-old man
- New-onset pancytopenia (low WBC, low Hgb, low platelets)
- History of Roux-en-Y gastric bypass (RYGB) 12 years ago
- Labs:
    - WBC: 1.7 x 10^3/μL (low)
    - ANC: 0.17 x 10^3/μL (severe neutropenia)",
Merge Q739,ID1170,,Answer: C,C
Merge Q740,ID1171,,Answer: B,B
Merge Q741,ID1172,,"<unused94>thought
The user wants me to identify the most appropriate next step in evaluating a pregnant patient with a fundal height of 30 cm at an unspecified gestational age (but likely later in pregnancy given the fundal height measurement) and an ultrasound showing fetal weight below the 10th percentile, but otherwise normal anatomy and amniotic fluid.

1.  **Analyze the patient's presentation:**
    *   Fundal height = 30 cm. This measurement alone is not very informative without knowing the gestational age. However, it suggests the uterus is larger than expected for early pregnancy but potentially small for later pregnancy.",
Merge Q742,ID1174,,Answer: D,D
Merge Q743,ID1175,,"<unused94>thought
The user wants me to analyze a clinical case description and choose the most appropriate next step from the given options.

**Case Summary Analysis:**
- Patient presents with lesions on the eyelid margins (medial lower and upper) described as slightly raised, dome-shaped, umbilicated nodules (~3 mm).
- A vesicular lesion is present on the caruncle.
- Global conjunctival hyperemia, especially nasal and around lesions.
- Skin lesions are dome-shaped, round, pinkish-white papules with surrounding erythema.

**Differential Diagnosis based on description:**
- **Molluscum Cont",
Merge Q744,ID1176,,Answer: B,B
Merge Q745,ID1178,,Answer: C,C
Merge Q746,ID1179,,Answer: C,C
Merge Q747,ID1180,,Answer: D,D
Merge Q748,ID1181,,Answer: D,D
Merge Q749,ID1182,,Answer: B,B
Merge Q750,ID1183,,"<unused94>thought
The user wants me to identify the most likely diagnosis based on the provided clinical case summary and histopathological findings.

Here's a breakdown of the key information:

*   **Patient:** Late 40s female.
*   **History:** 3-year history of nonhealing ulcers in groin and axillae.
*   **Lesion Progression:** Started as itchy, weepy, reddish papules/plaques -> ulcers with pain and pus.
*   **Lymph Nodes:** Multiple mobile, firm, nonmatted, nontender cervical and inguinal nodes.
*   **Systemic Findings",
Merge Q751,ID1184,,Answer: C,C
Merge Q752,ID1185,,Answer: A,A
Merge Q753,ID1187,,Answer: D,D
Merge Q754,ID1189,,"<unused94>thought
The user wants me to identify the most likely additional finding in a patient presenting with lateral knee pain aggravated by full extension, tenderness over the lateral aspect of the knee, and limited anterior glide of the left fibular head.

1.  **Analyze the given information:**
    *   Lateral knee pain.
    *   Aggravated by full knee extension.
    *   Tenderness over the lateral aspect of the knee.
    *   Limited anterior glide of the left fibular head.
    *   No improvement with ibuprofen or icing (suggests it might not be simple inflammation or acute injury).",
Merge Q755,ID1190,,"<unused94>thought
The user wants me to identify the most accurate diagnosis based on the provided osteopathic structural examination findings.

1.  **Analyze the findings:**
    *   Standing flexion test positive on the right: This suggests a restriction or dysfunction in the right sacroiliac (SI) joint or related structures when the patient flexes forward.
    *   Left ASIS more medial than the right: This indicates the left innominate bone is shifted medially relative to the right.
    *   Left PSIS more lateral than the right: This indicates the left innominate bone is shifted laterally relative to the right",
Merge Q756,ID1193,,"<unused94>thought
The user wants me to analyze a patient case snippet and choose the most appropriate next step from the given options.

**Patient Information:**
- BMI: 20 (normal range)
- Vital signs: Normal
- Physical exam findings: Darkening of palmar creases and buccal mucosa (hyperpigmentation).
- Morning laboratory tests: Results are in a table (not provided, but implied to be relevant).

**Analysis of Findings:**
- Hyperpigmentation (darkening of palmar creases and buccal mucosa) is a classic sign of increased ACTH (adrenocorticotropic hormone) levels",
Merge Q757,ID1194,,"<unused94>thought
The user wants me to identify the anatomical space involved in a newborn's scalp swelling based on the provided clinical scenario.

1.  **Analyze the clinical presentation:**
    *   9-hour-old female newborn.
    *   Diffuse scalp swelling, not present at birth, appeared after delivery.
    *   Delivered at 38 weeks.
    *   Prolonged second stage of labor requiring vacuum-assisted vaginal delivery.
    *   Physical exam: 4x5 cm ecchymotic swelling over bilateral parietal bones.
    *   Head circumference stable over 12",
Merge Q758,ID1197,,Answer: C,C
Merge Q759,ID1198,,"<unused94>thought
The user wants me to identify the most likely diagnosis based on the provided clinical information.

1.  **Analyze the clinical presentation:**
    *   History of surgery (implied, as there's a complication mentioned).
    *   Complication: Right carotid blowout requiring ligation (Nov 5, 2005). This suggests a previous procedure near the carotid artery, likely involving the neck or upper chest.
    *   Signs of right arm ischemia: Coolness below the elbow, cyanotic fingers, absent radial and brachial pulses. This indicates compromised blood flow to the right arm.
    ",
Merge Q760,ID1199,,Answer: A,A
Merge Q761,ID1200,,"<unused94>thought
The patient is a 27-year-old woman presenting with signs of hyperandrogenism (hirsutism on face and abdomen, acne) and menstrual irregularities (oligomenorrhea/amenorrhea). She also has mild clitoromegaly, which is another sign of significant androgen excess. A pelvic exam reveals a large left adnexal mass. Laboratory tests show a normal DHEAS level, an elevated testosterone level, and a mildly elevated 17-hydroxyprogesterone level. An ultrasound (Figure A, not provided but described in the context of the question) likely shows the adnexal mass",
Merge Q762,ID1201,,Answer: C,C
Merge Q763,ID1202,,"<unused94>thought
The user wants me to identify the most appropriate preventative measure for the condition described in the case summary.

1.  **Analyze the case summary:**
    *   Patient: 4-day-old girl.
    *   Symptoms: Bilateral purulent eye discharge, eyelid edema, eye redness.
    *   Onset: Discharge started 4 days ago, edema/redness 1 day ago, thick yellow-white discharge this morning.
    *   Figure A (not provided, but described): Shows the eye condition.
    *   Clinical picture: This presentation in a neonate (",
Merge Q764,ID1204,,Answer: C,C
Merge Q765,ID1206,,Answer: A,A
Merge Q766,ID1207,,Answer: A,A
Merge Q767,ID1208,,"<unused94>thought
The user wants me to identify the most appropriate medication modification for a 32-year-old female with poorly controlled type 2 diabetes (HbA1c 7.9%) despite being on metformin, who also presents with symptoms suggestive of gastroparesis (early fullness, post-meal nausea, vomiting undigested food).

1.  **Analyze the patient's condition:**
    *   Type 2 Diabetes, poorly controlled (HbA1c 7.9%).
    *   Obesity, Hypertension (relevant comorbidities).
    *   Current medication: Metformin 1",
Merge Q768,ID1209,,Answer: D,D
Merge Q769,ID1212,,"<unused94>thought
The user wants me to identify the most effective therapeutic intervention for a patient with Burkitt lymphoma who developed decreased urinary output eight days into chemotherapy. This clinical scenario strongly suggests Tumor Lysis Syndrome (TLS).

1.  **Analyze the patient's condition:**
    *   Diagnosis: Diffuse bulky Burkitt lymphoma (a highly aggressive lymphoma).
    *   Treatment: Chemotherapy initiated.
    *   Complication: Decreased urinary output 8 days into treatment.
    *   Likely diagnosis: Tumor Lysis Syndrome (TLS). Burkitt lymphoma is highly sensitive to chemotherapy, leading to rapid cell",
Merge Q770,ID1214,,"<unused94>thought
The user wants me to analyze a clinical case and choose the best next step from the provided options.

**Case Summary Analysis:**
*   **Patient:** Post-cataract surgery (5 weeks ago) complicated by endophthalmitis.
*   **Initial Presentation:** Hypopyon (2mm), dense vitreous haze, no retinal view.
*   **Initial Treatment:** Vitreous tap, intravitreal vancomycin, ceftazidime, dexamethasone.
*   **Culture Result:** *Staphylococcus caprae* (susceptible to vancomycin).
*   ",
Merge Q771,ID1215,,"<unused94>thought
The user wants me to identify the most likely diagnosis based on the provided clinical and histological findings.

1.  **Analyze the clinical presentation:**
    *   Asymptomatic skin eruption for 8 months.
    *   Numerous 5- to 10-mm nontender papules.
    *   Papules have a characteristic appearance: porcelain-white atrophic center and an erythematous halo.
    *   Scattered atrophic white scars are also present.

2.  **Analyze the histological findings:**
    *   **Thigh biopsy:** Hyperkeratosis, wedge-shaped",
Merge Q772,ID1216,,Answer: B,B
Merge Q773,ID1217,,Answer: D,D
Merge Q774,ID1218,,"<unused94>thought
The user wants me to identify the most likely cause of the patient's presentation based on the provided clinical information.

**Patient Information:**
*   **Symptoms:** Numbness in lips and feet (paresthesias).
*   **History:** Medullary thyroid cancer, status post total thyroidectomy.
*   **Physical Exam:** Pupils equal, round, reactive to light, but opacified (this might be a distractor or related to another condition, but not directly relevant to the primary issue suggested by other findings).
*   **Labs:**
    *   Na+: 13",
Merge Q775,ID1219,,Answer: B,B
Merge Q776,ID1221,,"<unused94>thought
The user wants me to analyze a clinical case and choose the most appropriate next step in management from the given options.

**Case Summary:**
- 2-year-old boy
- Uncontrollable coughing for 3 hours
- Appears uncomfortable, continuous coughing, drooling
- Chest radiograph (Figures A and B) performed (images not provided, but the clinical presentation is highly suggestive)

**Clinical Reasoning:**
1.  **Patient Profile:** A 2-year-old child is in a high-risk age group for foreign body aspiration (FBA).
2.  ",
Merge Q777,ID1223,,"<unused94>thought
The user wants me to identify the most likely property of the infectious agent causing the patient's symptoms based on the provided clinical finding.

1.  **Analyze the clinical finding:** ""Chest examination shows intercostal retractions along with bilateral, diffuse wheezes and expiratory rhonchi.""
    *   Intercostal retractions indicate increased work of breathing, often due to airway obstruction or lung disease.
    *   Bilateral, diffuse wheezes suggest widespread narrowing of the airways (bronchioles).
    *   Expiratory rhonchi suggest secretions or obstruction in the larger airways (",
Merge Q778,ID1224,,"<unused94>thought
The user wants me to analyze a patient case summary and select the most appropriate next step from the given options.

**Patient Case Summary Analysis:**

*   **Symptoms:** Difficulty seeing at night (nyctalopia), no other visual complaints.
*   **Visual Fields:** Peripheral constriction in both eyes.
*   **Fundus Examination:**
    *   Poor foveal light reflex.
    *   Annular pattern of outer retinal hypopigmentation near temporal arcades.
    *   Inferotemporal clumped pigment deposits.
*   **SD-OCT:**
    *   Outer retinal",
Merge Q779,ID1226,,"<unused94>thought
The user wants me to identify the muscle most likely affected based on the provided clinical scenario.

1.  **Analyze the patient's symptoms:** Gradually progressive weakness in the right hand, specifically affecting thumb movement.
2.  **Analyze the examination finding:** Inability to move the thumb to touch a pen held 2 cm above the interphalangeal joint of the thumb when the dorsum of the hand is on a flat surface. This movement is thumb extension, specifically extension of the interphalangeal (IP) joint.
3.  **Analyze the MRI finding:** Compression of a nerve passing through",
Merge Q780,ID1227,,Answer: C,C
Merge Q781,ID1228,,Answer: B,B
Merge Q782,ID1229,,Answer: A,A
Merge Q783,ID1230,,Answer: C,C
Merge Q784,ID1232,,"<unused94>thought
The user wants me to identify the most likely cause of a 6-week-old girl's symptoms: blood-streaked, loose stools and regurgitation, without apparent distress, and a physical exam finding shown in Figure A (which is not provided, but I must infer its likely content based on the symptoms and options).

1.  **Analyze the patient's presentation:**
    *   Age: 6 weeks old (infant)
    *   Symptoms:
        *   Blood-streaked diapers (stools) for 2 days.
        *   Looser stools for",
Merge Q785,ID1233,,Answer: C,C
Merge Q786,ID1234,,Answer: B,B
Merge Q787,ID1236,,Answer: A,A
Merge Q788,ID1239,,Answer: D,D
Merge Q789,ID1240,,Answer: D,D
Merge Q790,ID1242,,"<unused94>thought
The user wants me to identify the most likely diagnosis based on the provided clinical case summary and histopathology findings.

1.  **Analyze the clinical presentation:**
    *   Patient received immunotherapy (ipilimumab and nivolumab) for melanoma.
    *   Four weeks later, developed acute abdominal pain and rapidly rising LDH.
    *   Admitted to the hospital.
    *   Over the next 3 days, serum creatinine (sCr) rose from baseline ~1 mg/dL.
    *   Differential diagnoses included contrast-induced nephropathy (CIN) and immune checkpoint inhibitor (",
Merge Q791,ID1244,,"<unused94>thought
The patient is an elderly man presenting with a constellation of symptoms including progressive vision loss, gait changes, memory loss, and weight loss over 3 months. The vision loss is significant, progressing from 20/50 OD and 20/30 OS to hand motion OU. Ophthalmic examination reveals a right homonymous hemianopia, left inferotemporal visual field loss, and right nasal paracentral visual field loss. Neurologic examination shows sensory deficits (decreased vibration and proprioception in feet), ataxia (positive Romberg, inability to tandem walk), and cognitive impairment (MMSE 6/",
Merge Q792,ID1245,,Answer: B,B
Merge Q793,ID1246,,"<unused94>thought
The user wants me to analyze a patient case and choose the most likely finding from the given options.

**Patient Case Summary:**
- Intermittent abdominal pain (every few months, lasts several days)
- Blood in stool during episodes
- 10-pound weight loss over the past year
- Thin appearance on physical exam
- Conjunctival pallor (suggests anemia)
- Figure A (not provided, but likely shows a relevant physical finding)
- Abdominal CT shows disease affecting the terminal ileum

**Analysis:**
1.  **Symptoms:** The combination of intermittent abdominal pain",
Merge Q794,ID1247,,Answer: B,B
Merge Q795,ID1248,,Answer: D,D
Merge Q796,ID1249,,Answer: C,C
Merge Q797,ID1251,,"<unused94>thought
The patient presents with symptoms and signs highly suggestive of Cushing's syndrome, which is characterized by excessive cortisol production. The key features include unintentional weight gain (central obesity), decreased libido, oily skin, insomnia, hypertension (150/90 mmHg), hyperglycemia (glucose 240 mg/dL), thin and easily bruisable skin, abdominal stretch marks (striae), hyperpigmentation, and proximal muscle weakness.

The hyperpigmentation is a crucial clue. It suggests that the excess cortisol production is driven by excessive adrenocorticotropic hormone (ACTH), as ACTH and melanocyte-stimulating hormone",
Merge Q798,ID1252,,Answer: E,E
Merge Q799,ID1254,,Answer: E,E
Merge Q800,ID1255,,Answer: B,B
Merge Q801,ID1256,,"<unused94>thought
The user wants me to analyze a patient case and choose the most appropriate next step from the given options.

**Patient Information:**
*   Diagnosed with Crohn disease 3 years ago.
*   Current symptoms: ~7 nonbloody, mildly painful bowel movements daily.
*   Current medication: Topical budesonide.
*   Examination finding: Appears pale.

**Analysis:**
1.  **Disease Activity:** The patient has active Crohn disease, indicated by 7 bowel movements daily, even if nonbloody and mildly painful. This suggests moderate activity.
2.  **Current",
Merge Q802,ID1258,,"<unused94>thought
The user wants me to calculate the relative risk (RR) of death from a specific type of cancer based on the provided data.

1.  **Identify the exposed group:** Individuals who received Drug X (n = 200).
2.  **Identify the unexposed group:** Individuals who did not receive Drug X (n = 400).
3.  **Identify the number of events (deaths from cancer) in the exposed group:** 100.
4.  **Identify the number of events (deaths from cancer) in the unexposed group:** 100",
Merge Q803,ID1260,,Answer: C,C
Merge Q804,ID1261,,Answer: B,B
Merge Q805,ID1262,,Answer: B,B
Merge Q806,ID1264,,Answer: C,C
Merge Q807,ID1266,,Answer: D,D
Merge Q808,ID1267,,"<unused94>thought
The user wants me to identify the diagnosis based on the provided clinical case summary and images.

**Case Summary Analysis:**
*   **Patient:** 4-year-old girl with acute lymphocytic leukemia (ALL).
*   **Treatment:** Receiving chemotherapy (vincristine, daunorubicin, methotrexate).
*   **Presentation:** Painful lesion on the left triceps.
*   **Physical Exam:** Tender, indurated, gray-violet plaque.
*   **Labs:** Leukopenia (WBC 0.4 K/μL) and severe neutropenia (Neutroph",
Merge Q809,ID1268,,Answer: D,D
Merge Q810,ID1269,,Answer: C,C
Merge Q811,ID1270,,Answer: D,D
Merge Q812,ID1271,,Answer: D,D
Merge Q813,ID1272,,Answer: A,A
Merge Q814,ID1273,,Answer: C,C
Merge Q815,ID1275,,Answer: B,B
Merge Q816,ID1276,,Answer: B,B
Merge Q817,ID1277,,Answer: D,D
Merge Q818,ID1278,,Answer: C,C
Merge Q819,ID1279,,Answer: C,C
Merge Q820,ID1280,,Answer: A,A
Merge Q821,ID1281,,Answer: B,B
Merge Q822,ID1284,,Answer: B,B
Merge Q823,ID1285,,"<unused94>thought
The user wants me to analyze a clinical case and choose the most appropriate next step from the given options.

**Case Summary:**
- 41-year-old woman
- 8-pack-year smoking history
- Progressive cough and dyspnea for 4 years
- Productive cough (yellow-green sputum), partially responsive to antibiotics
- PFTs: Severe obstruction (FEV1 28% predicted), reduced FVC (47% predicted), FEV1/FVC 48%, reduced DLCO (23.75% predicted) - consistent with",
Merge Q824,ID1286,,Answer: C,C
Merge Q825,ID1287,,Answer: D,D
Merge Q826,ID1288,,"<unused94>thought
The patient presents with a rash on his right foot, fever, diaphoresis, and headaches. He has a history of recent trauma to the right ankle (fractures 6 weeks ago). The rash is described as erythema without warmth, nontender purpura, and petechiae. The erythema fades with elevation, suggesting a dependent rubor, which can be seen in inflammatory conditions or venous insufficiency. The laboratory findings show mild thrombocytopenia (platelet count 118,000/μL), elevated C-reactive protein (CRP) (7 mg/dL), and slightly prolonged prothrombin",
Merge Q827,ID1289,,Answer: C,C
Merge Q828,ID1290,,Answer: A,A
Merge Q829,ID1291,,Answer: J,J
Merge Q830,ID1294,,Answer: E,E
Merge Q831,ID1296,,Answer: A,A
Merge Q832,ID1297,,Answer: B,B
Merge Q833,ID1298,,"<unused94>thought
The user wants me to identify the appropriate prophylactic medication to initiate in a patient who has started cyclosporine postoperatively.

1.  **Identify the key information:** The patient is postoperative and has started cyclosporine.
2.  **Understand the implication of cyclosporine:** Cyclosporine is an immunosuppressant drug commonly used to prevent organ transplant rejection.
3.  **Consider the risks associated with immunosuppression:** Immunosuppression increases the risk of opportunistic infections, including fungal, viral, and bacterial infections.
4.  **Evaluate the options in the context of post-transplant prophylaxis:**
    *",
Merge Q834,ID1299,,Answer: C,C
Merge Q835,ID1301,,Answer: B,B
Merge Q836,ID1302,,"<unused94>thought
The patient is a 67-year-old woman presenting with easy bruising for 4 months. Her history is significant for lung cancer treated with radiation therapy 6 months ago. Physical examination reveals multiple ecchymoses but is otherwise normal. Laboratory findings show a normal hemoglobin concentration (13 g/dL) and leukocyte count (5000/mm3), but a significantly low platelet count (thrombocytopenia) of 35,000/mm3. A serum antiplatelet antibody assay is negative, ruling out immune thrombocytopenic purpura (ITP) as the primary cause",
Merge Q837,ID1303,,Answer: A,A
Merge Q838,ID1307,,Answer: A,A
Merge Q839,ID1308,,"<unused94>thought
The user wants me to identify the most likely diagnosis based on the provided patient case summary and select the corresponding multiple-choice answer.

**Patient History:**
*   History of breast cancer (diagnosed 2017).
*   Metastatic disease to liver and spine (2020).
*   Surgery (C7-T4 stabilization) for T2 metastasis with cord compression (Nov 2020).
*   Stereotactic body radiation therapy (SBRT) to T2-T3 (35 Gy/5 fractions, Jan 2021",
Merge Q840,ID1309,,"<unused94>thought
The user wants me to identify the most likely diagnosis based on the provided clinical finding.

1.  **Analyze the finding:** ""right posterior transverse process lateral to the T2 spinous process, which becomes more prominent when the spine is extended.""
2.  **Break down the finding:**
    *   **Location:** Right side, posterior transverse process, lateral to the T2 spinous process. This points towards a rib issue related to T2.
    *   **Movement:** Becomes more prominent with extension. This suggests the rib is *not* fully seated in the costovertebral joint",
Merge Q841,ID1310,,Answer: D,D
Merge Q842,ID1311,,"<unused94>thought
The user wants me to identify the most appropriate next step in managing a pregnant woman presenting with symptoms suggestive of pneumonia.

**Patient Information:**
*   31-year-old pregnant woman
*   Gravida 2, Para 1
*   27 weeks gestation
*   Symptoms: 2-day history of fever (38.4°C), productive cough (yellow-green sputum)
*   Vitals: T 38.4°C, P 93/min, RR 30/min, BP 122/71 mm Hg
",
Merge Q843,ID1312,,Answer: D,D
Merge Q844,ID1313,,Answer: D,D
Merge Q845,ID1314,,"<unused94>thought
The user wants me to analyze a clinical case and choose the most likely diagnosis from the provided options.

**Case Summary Analysis:**
* **Patient:** Woman in her 50s
* **Presentation:** Acute, severe, left flank pain.
* **Vitals/Exam:** Hypotensive (BP 79/45 mmHg), conjunctival pallor (suggests anemia), left renal angle tenderness.
* **Labs:** Low hemoglobin (7.6 g/dL), significant drop from baseline (10.6 g/dL one month prior). This indicates acute blood loss.
* **",
Merge Q846,ID1315,,"<unused94>thought
The user wants me to identify the most likely cause of the patient's symptoms based on the provided clinical information and imaging findings.

1.  **Analyze the patient presentation:**
    *   Age: Neonate (implied by feeding history and symptoms).
    *   Symptoms: Sudden onset vomiting (bright green/bilious), poor feeding, abdominal distension, firm abdomen, hypoactive bowel sounds.
    *   Key symptom: Bilious vomiting in a neonate is a surgical emergency until proven otherwise.

2.  **Analyze the imaging findings (described, not shown):**
    *",
Merge Q847,ID1316,,Answer: C,C
Merge Q848,ID1318,,"<unused94>thought
The patient is an 80-year-old woman presenting with acute onset of bilateral horizontal diplopia, left upper eyelid ptosis, and a history of left-sided facial pain (trigeminal neuralgia). Examination reveals left eye abduction deficit with esotropia, left upper eyelid ptosis, left pupil smaller than the right (anisocoria, worse in the dark), reduced sensation in the left V1-V3 distribution, mild flattening of the nasolabial fold, and decreased corneal sensation on the left.

This constellation of symptoms and signs points towards a lesion affecting multiple cranial nerves on the left side,",
Merge Q849,ID1320,,"<unused94>thought
The user wants me to analyze a clinical case and choose the most appropriate next step from the given options.

**Case Summary:**
- 28-year-old woman
- 5-day history of bilateral blurry vision, eye redness, discharge, photophobia, pain.
- History: Leber congenital amaurosis (LCA) treated with voretigene neparvovec (Luxturna) 8 years ago. Acute myeloid leukemia (AML) diagnosed 6 months ago, treated with chemotherapy (cytarabine, idarubicin).
- Labs: Anemia, neutropenia",
Merge Q850,ID1321,,Answer: B,B
Merge Q851,ID1324,,"<unused94>thought
The user wants me to identify the medication that acts on the same cellular signaling pathway as the one activated in the patient's cardiac tissue, which exhibited decreased rate and contractility.

1.  **Analyze the patient's symptoms:** The patient experienced an episode with decreased heart rate and decreased contractility. This suggests a parasympathetic (vagal) stimulation or a blockage of sympathetic stimulation.

2.  **Identify the relevant signaling pathway:** Decreased heart rate and contractility are primarily mediated by the parasympathetic nervous system via the vagus nerve, which releases acetylcholine (ACh). ACh acts on muscarinic",
Merge Q852,ID1328,,"<unused94>thought
The user wants me to identify the most appropriate antibiotic regimen for a 17-year-old girl with a puncture wound to the heel that has progressed to osteomyelitis, likely caused by Pseudomonas aeruginosa.

Here's a breakdown of the clinical presentation and reasoning:

1.  **Patient Profile:** 17-year-old girl.
2.  **Mechanism of Injury:** Puncture wound to the heel from a wire during a hiking trip. This suggests potential contamination with soil/environmental organisms.
3.  **Timeline:**
    *   Initial injury.
    *   Antibiotics were",
Merge Q853,ID1329,,Answer: D,D
Merge Q854,ID1330,,"<unused94>thought
The user wants me to analyze a clinical scenario and determine the risk of hemophilia for a fetus based on the provided information.

1.  **Identify the disease:** Hemophilia is an X-linked recessive disorder.
2.  **Identify the mother's status:** The mother is the patient. Her father had classic hemophilia. This means her father had the genotype XhY (where 'h' represents the hemophilia allele). Since she inherited one X chromosome from her father and one from her mother, she must have inherited the Xh chromosome from her father. Therefore, the mother is a carrier (",
Merge Q855,ID1331,,Answer: B,B
Merge Q856,ID1332,,Answer: B,B
Merge Q857,ID1333,,Answer: B,B
Merge Q858,ID1334,,Answer: C,C
Merge Q859,ID1335,,Answer: D,D
Merge Q860,ID1336,,"<unused94>thought
The user wants me to identify the most likely complication for a patient based on the provided clinical findings.

1.  **Analyze the findings:**
    *   Grade 3/6 systolic murmur at the left sternal border (3rd/4th intercostal spaces): This location and timing are suggestive of several possibilities, including aortic stenosis, hypertrophic cardiomyopathy (HOCM), or ventricular septal defect (VSD). However, given the other findings, HOCM is a strong consideration.
    *   Weak femoral pulses, strong brachial pulses, radiofemoral delay: This classic triad strongly suggests",
Merge Q861,ID1337,,"<unused94>thought
The user wants me to analyze a patient case summary and select the most likely diagnosis from the given options.

**Case Summary Analysis:**

*   **ECG:** ST elevation in leads II, III, and aVF indicates an inferior wall myocardial infarction (MI).
*   **Day 2:** Abdominal pain develops.
*   **Labs:**
    *   Lipase: 272 U/L (Elevated - normal range typically < 160 U/L, though varies by lab). This suggests pancreatic injury.
    *   Creatinine: 1.6 mg",
Merge Q862,ID1338,,Answer: D,D
Merge Q863,ID1339,,"<unused94>thought
The user wants me to analyze a clinical case and choose the most appropriate next step from the given options.

**Case Summary:**
- 2-year-old boy
- 30-minute history of respiratory distress
- Runny nose since yesterday
- Woke from nap with barking cough and heavy breathing
- Unknown past medical history and medications
- Vital signs: T 38.7°C, P 110/min, RR 28/min (labored), BP 85/50 mmHg
- O2 sat 89% on room air",
Merge Q864,ID1340,,Answer: G,G
Merge Q865,ID1343,,Answer: B,B
Merge Q866,ID1345,,Answer: A,A
Merge Q867,ID1346,,Answer: C,C
Merge Q868,ID1347,,Answer: B,B
Merge Q869,ID1348,,Answer: C,C
Merge Q870,ID1349,,Answer: B,B
Merge Q871,ID1350,,Answer: A,A
Merge Q872,ID1352,,Answer: A,A
Merge Q873,ID1353,,Answer: C,C
Merge Q874,ID1354,,Answer: B,B
Merge Q875,ID1355,,Answer: A,A
Merge Q876,ID1356,,"<unused94>thought
The user wants me to identify the best adjustment during setup to isolate a dysfunction at the L3 transverse process, based on the provided clinical findings.

1.  **Analyze the findings:**
    *   Tenderness and warmth over the lumbar region, especially around L3.
    *   Exquisite tenderness of soft tissue around L3.
    *   Anterior pressure on the right transverse process (TP) reveals a woody end-feel that resolves with flexion at that level. This suggests a posterior rotation (PR) dysfunction of the right L3 TP.
    *   The patient is positioned for direct",
Merge Q877,ID1357,,"<unused94>thought
The user wants me to identify the most appropriate initial treatment for a 9-year-old female presenting with symptoms suggestive of a urinary tract infection (UTI), specifically pyelonephritis given the fever and flank pain.

1.  **Analyze the patient presentation:**
    *   Age: 9 years old (child)
    *   Symptoms: Fever (38.5°C), nausea, left-sided back pain (suggests flank involvement/pyelonephritis).
    *   Duration: 2 days.
    *   Vital signs: Tachycardia (HR 1",
Merge Q878,ID1359,,Answer: A,A
Merge Q879,ID1360,,Answer: B,B
Merge Q880,ID1362,,"<unused94>thought
The user wants me to analyze a clinical case and choose the most appropriate next step in management from the given options.

**Case Summary:**
- 53-year-old man
- Non-tender mass in the right anterior neck
- Slowly enlarging over 1 year
- Ultrasound: 1x2 cm hypoechogenic nodule with microcalcifications in the right thyroid lobe
- Biopsy performed (pathology results in Figure A - *Note: Figure A is not provided, but the question implies a diagnosis was made based on it*)

**Analysis of Ultrasound Findings:**
- Hyp",
Merge Q881,ID1366,,Answer: B,B
Merge Q882,ID1368,,Answer: D,D
Merge Q883,ID1369,,Answer: A,A
Merge Q884,ID1371,,Answer: C,C
Merge Q885,ID1373,,Answer: C,C
Merge Q886,ID1374,,Answer: A,A
Merge Q887,ID1376,,"<unused94>thought
The user wants me to identify the most likely diagnosis based on the provided clinical case summary.

Here's a breakdown of the key information:
- **Patient Presentation:** Hypochromic microcytic anemia for 1 year.
- **Investigation:** Capsule endoscopy was performed (implied by the mention of the capsule).
- **Patient Claim:** Did not pass the capsule.
- **Lab Results:** Low hemoglobin (8.1 g/dL), otherwise normal (no leukocytosis).
- **Imaging (CT):** Small-bowel obstruction, transition zone in mid-jejunum.
",
Merge Q888,ID1377,,Answer: C,C
Merge Q889,ID1378,,"<unused94>thought
The user wants me to identify the most appropriate next step in managing a 71-year-old man with a history of myasthenia gravis presenting with acute respiratory failure.

1.  **Analyze the patient's presentation:**
    *   Age: 71 years old
    *   Symptoms: Cyanosis, weak/shallow respirations, poor grip strength, progressive difficulty breathing, hypophonia, weak upper extremities.
    *   History: Myasthenia gravis (MG), frequent UTIs.
    *   Vitals: T 37.2°C, BP ",
Merge Q890,ID1380,,Answer: C,C
Merge Q891,ID1381,,"<unused94>thought
The user wants me to analyze a clinical case and choose the most appropriate next step from the given options.

**Case Summary:**
- 18-month-old girl
- Unremarkable medical history
- Referred for intraocular mass near the optic nerve
- Left leukocoria (white reflex)
- Examination under anesthesia: Whitish mass obscuring the left optic nerve, pigmented crescent surrounding it.
- Ultrasonography: Elevated retinal mass overlying excavated optic nerve head, small focus of hyperechogenicity (calcium) at optic nerve head.
- Fluorescein angiography: No vessels within",
Merge Q892,ID1382,,"<unused94>thought
The user wants me to identify the most likely diagnosis based on the provided clinical case summary and imaging findings.

**Patient Information:**
*   70s male
*   History of pancreatic adenocarcinoma, status post-Whipple procedure (pancreaticoduodenectomy) 2 years ago.
*   Presents with 1-day history of waxing and waning sharp abdominal pain radiating to the back.
*   Abdomen: Soft, non-distended, mildly tender diffusely (worse epigastrium), no rebound/guarding/masses.
*   Labs: Lipase 28",
Merge Q893,ID1383,,Answer: A,A
Merge Q894,ID1384,,Answer: A,A
Merge Q895,ID1385,,Answer: B,B
Merge Q896,ID1387,,Answer: C,C
Merge Q897,ID1388,,Answer: A,A
Merge Q898,ID1389,,Answer: A,A
Merge Q899,ID1391,,"<unused94>thought
The user wants me to analyze a clinical case and choose the most appropriate next step from the given options.

**Case Summary:**
- 72-year-old man
- 23-year history of Polycythemia Vera (PV)
- 2-week history of left upper quadrant (LUQ) pain
- 1-month history of 6.75 kg (15 lb) weight loss and increasing fatigue
- Splenomegaly: palpable 6 cm below left costal margin (increased from 1 month prior)
- Labs:
    - Hem",
Merge Q900,ID1392,,Answer: I,I
Merge Q901,ID1394,,Answer: C,C
Merge Q902,ID1395,,Answer: F,F
Merge Q903,ID1396,,"<unused94>thought
The user wants me to identify the immunoglobulin pattern most likely associated with an acute allergic reaction to a blood transfusion.

1.  **Analyze the clinical scenario:** The patient developed acute dyspnea (difficulty breathing) after blood administration, requiring epinephrine. This strongly suggests an acute allergic reaction, likely an anaphylactic reaction, to the transfused blood product.
2.  **Identify the key immunoglobulin involved in allergic reactions:** Allergic reactions, particularly immediate hypersensitivity reactions (Type I), are primarily mediated by Immunoglobulin E (IgE). IgE antibodies bind to mast cells and basophils. When an allergen (",
Merge Q904,ID1397,,Answer: B,B
Merge Q905,ID1398,,Answer: C,C
Merge Q906,ID1399,,Answer: E,E
Merge Q907,ID1401,,"<unused94>thought
The user wants me to act as a clinical reasoning assistant and choose the most appropriate next step for a 25-year-old woman with poor vision, photophobia, fair skin, white hair, blue eyes, congenital nystagmus, and a history of melanoma.

1.  **Analyze the patient's presentation:**
    *   **Ocular findings:** Poor vision (20/60 bilaterally), photophobia since childhood, congenital horizontal nystagmus (pendular), blue irides that appear reddish-pink on retroillumination.
    *   **Cutaneous findings:**",
Merge Q908,ID1402,,Answer: C,C
Merge Q909,ID1403,,Answer: B,B
Merge Q910,ID1405,,Answer: B,B
Merge Q911,ID1409,,"<unused94>thought
The user wants me to identify the most likely diagnosis based on the provided clinical information.

**Patient Information:**
- Difficulty turning head to the left.
- No injury reported, suspects awkward sleeping position.
- Vertebrae C4 to C6 resist right translation.
- During neck flexion from neutral, C5 rotates further to the right.

**Analysis of Findings:**
- **Difficulty turning head to the left:** This suggests a restriction in left rotation or right lateral flexion.
- **Resist right translation (C4-C6):** This indicates a restriction in the right lateral flexion of",
Merge Q912,ID1411,,Answer: D,D
Merge Q913,ID1413,,Answer: C,C
Merge Q914,ID1414,,Answer: B,B
Merge Q915,ID1416,,Answer: B,B
Merge Q916,ID1418,,Answer: D,D
Merge Q917,ID1419,,Answer: B,B
Merge Q918,ID1421,,Answer: D,D
Merge Q919,ID1422,,Answer: A,A
Merge Q920,ID1423,,Answer: B,B
Merge Q921,ID1425,,"<unused94>thought
The user wants me to identify the most appropriate antibiotic for a 26-year-old woman with HIV presenting with symptoms suggestive of cellulitis (pain, redness, swelling, tenderness, fever) in her left lower leg.

Key information:
- **Patient:** 26-year-old woman with HIV.
- **Presentation:** 4-day history of left lower leg pain, redness, swelling, tenderness. Fever (38.3°C).
- **Diagnosis:** Likely cellulitis.
- **Allergies:** Rash with erythromycin, anaphylaxis to penicillin.

Goal",
Merge Q922,ID1426,,Answer: D,D
Merge Q923,ID1428,,Answer: A,A
Merge Q924,ID1429,,Answer: C,C
Merge Q925,ID1430,,Answer: C,C
Merge Q926,ID1431,,Answer: B,B
Merge Q927,ID1432,,Answer: C,C
Merge Q928,ID1434,,"<unused94>thought
The user wants me to identify the most likely mechanism responsible for the endoscopic findings in a patient with anemia and a duodenal lesion, given their medication history and lab results.

1.  **Analyze the patient's presentation:**
    *   Low hemoglobin (7.2 g/dL) indicates anemia.
    *   Positive heme occult stool test indicates gastrointestinal bleeding.
    *   Leukocyte count is slightly elevated (11,000/mm^3) with a neutrophilic predominance (56% segs + 2% bands = 58%), suggesting inflammation or infection",
Merge Q929,ID1438,,"<unused94>thought
The user wants me to identify the most likely diagnosis based on the provided patient case summary.

Here's a breakdown of the patient's presentation and how it relates to the options:

1.  **Patient Presentation:**
    *   63-year-old male.
    *   History: Hypertension, lumbar stenosis, hip arthroplasty.
    *   Symptoms:
        *   Bilateral vision loss (progressive, severe).
        *   Bilateral hearing loss (absent bone conduction).
        *   Painful paresthesias in feet (1 year duration).",
Merge Q930,ID1439,,Answer: B,B
Merge Q931,ID1442,,Answer: A,A
Merge Q932,ID1445,,Answer: A,A
Merge Q933,ID1446,,Answer: C,C
Merge Q934,ID1448,,"<unused94>thought
The user wants me to identify the most likely intervention to restore stable ventilation in a child who underwent MPA replacement with a valved conduit and is experiencing difficult ventilation postoperatively.

1.  **Analyze the patient's condition:** The child has undergone surgery involving the main pulmonary artery (MPA) and a valved conduit. Postoperatively, the child is experiencing severe respiratory distress, difficult ventilation, desaturations, high peak pressures, poor tidal volumes, and requires bag-valve-mask ventilation. This suggests a significant ventilation/perfusion mismatch or obstruction.

2.  **Consider the surgery:** Replacement of the",
Merge Q935,ID1449,,"<unused94>thought
The patient is a 76-year-old woman presenting with upper abdominal pain, nausea, and shortness of breath one day after coronary stent placement for an inferior wall myocardial infarction (MI). This clinical presentation, particularly the upper abdominal pain and shortness of breath in the context of a recent inferior MI, raises suspicion for a complication related to the MI or its treatment.

Let's analyze the potential diagnoses and the utility of each diagnostic test:

1.  **Inferior Wall MI Complication:** Inferior MIs can involve the right ventricle (RV). RV infarction can lead to RV failure, causing symptoms like",
Merge Q936,ID1450,,"<unused94>thought
The user wants me to identify the most likely diagnosis based on the provided clinical case summary.

Here's a breakdown of the key findings:
- **Patient:** 43-year-old woman
- **Symptoms:** Weight loss, heartburn, progressive dysphagia to solids.
- **Esophagram:** 2.7-cm filling defect at GE junction, suggestive of extrinsic compression.
- **CT:** 2.5-cm low-attenuation ovoid lesion at GE junction.
- **Endoscopy:** Mobile, smooth-surfaced polypoid subepithelial lesion at posterolateral",
Merge Q937,ID1452,,Answer: B,B
Merge Q938,ID1453,,Answer: D,D
Merge Q939,ID1454,,Answer: B,B
Merge Q940,ID1457,,"<unused94>thought
The user wants me to identify the most appropriate prophylaxis for a patient presenting with symptoms suggestive of acute angle-closure glaucoma.

Here's a breakdown of the clinical reasoning:

1.  **Analyze the patient's symptoms:**
    *   Constant pain on the right side.
    *   Pain located around the right eye and upper forehead.
    *   Difficulty seeing out of the right eye.
    *   Excessive tearing from the right eye.
    *   Physical exam findings: Minimally responsive right pupil, firm globe (suggesting increased intraocular pressure).
    *   Figure",
Merge Q941,ID1458,,"<unused94>thought
The user wants me to identify the most likely diagnosis based on the provided clinical case summary and pathology findings.

**Patient Information:**
*   50s white man
*   History of MDS-EB-2 (RAEB-2)
*   2-month history of nonpruritic, infiltrative skin lesions (chest, back, face)
*   Physical exam: Multiple dark brown cutaneous papules (3.0-5.0 cm), no hepatosplenomegaly or lymphadenopathy.

**Pathology Findings:**
*   Skin lesion biopsy: Monomorphous small",
Merge Q942,ID1459,,Answer: A,A
Merge Q943,ID1460,,Answer: D,D
Merge Q944,ID1462,,"<unused94>thought
The user wants me to identify the most appropriate therapeutic intervention for a patient presenting with specific symptoms and vital signs.

1.  **Analyze the patient's presentation:**
    *   Temperature: 31°C (87.8°F) - This is hypothermia (moderate).
    *   Heart rate: 106/min - Tachycardia, which can be seen in hypothermia as a compensatory mechanism, but also in other conditions.
    *   Breathing rate: 14/min - Normal.
    *   Blood pressure: 14",
Merge Q945,ID1463,,"<unused94>thought
The user wants me to identify the most appropriate next step in managing a 20-month-old girl presenting with symptoms suggestive of acute otitis media (AOM) and possible mastoiditis.

1.  **Analyze the patient presentation:**
    *   Age: 20 months old (toddler)
    *   Symptoms: Fever (38.9°C), right ear tugging, reduced appetite for 3 days.
    *   Physical Exam: Erythematous and bulging right tympanic membrane (consistent with AOM). Erythema, swelling, and tenderness in",
Merge Q946,ID1464,,Answer: C,C
Merge Q947,ID1466,,Answer: D,D
Merge Q948,ID1467,,Answer: D,D
Merge Q949,ID1468,,Answer: D,D
Merge Q950,ID1469,,Answer: C,C
Merge Q951,ID1474,,Answer: B,B
Merge Q952,ID1475,,Answer: C,C
Merge Q953,ID1476,,Answer: C,C
Merge Q954,ID1477,,Answer: B,B
Merge Q955,ID1479,,Answer: D,D
Merge Q956,ID1480,,Answer: D,D
Merge Q957,ID1481,,"<unused94>thought
The user wants me to identify the most likely diagnosis based on the provided clinical case summary and images.

**Case Summary Analysis:**

*   **Patient:** Middle-aged man.
*   **Presenting Complaint:** Painful, nonhealing foot ulcer (1 year duration).
*   **History of Ulcer:** Started as a blister, ruptured, progressed.
*   **Associated Symptoms:** Multiple hypopigmented asymptomatic lesions on face and scalp.
*   **Previous Diagnosis/Treatment:** Multibacillary leprosy suspected, treated with standard MDT (rifampicin, dapsone, cl",
Merge Q958,ID1483,,Answer: H,H
Merge Q959,ID1485,,Answer: A,A
Merge Q960,ID1486,,"<unused94>thought
The user wants me to identify the most likely diagnosis based on the provided clinical case and histopathology findings.

**Clinical Information:**
*   **Patient:** Man in his 60s.
*   **Presentation:** Painless, rapidly enlarging ulcer on the left leg.
*   **Timing:** Appeared 1 week after severe sepsis (neutropenic fever, multidrug-resistant Pseudomonas aeruginosa) requiring ICU admission.
*   **Medical History:**
    *   Heart transplant (ischemic cardiomyopathy) in his 50s.
    *   Long-term immunosuppression (cyclos",
Merge Q961,ID1488,,Answer: D,D
Merge Q962,ID1489,,"<unused94>thought
The user wants me to identify the most appropriate next step in managing a patient based on the provided clinical information.

1.  **Analyze the patient presentation:**
    *   **History:** Heroin and cocaine use, heavy alcohol consumption (5-8 drinks/day).
    *   **Vitals:** Fever (103°F), hypotension (92/59 mmHg), tachycardia (110/min), normal respirations (20/min), normal oxygen saturation (96% RA).
    *   **Physical Exam:**
        *   Cardiopulmonary: Systolic",
Merge Q963,ID1490,,"<unused94>thought
The user wants me to analyze a patient case snippet and choose the most appropriate next step in management based on the provided information and a figure (which is not provided, but I can infer its likely content).

1.  **Analyze the patient information:**
    *   Patient experiences itchy, burning sweat stains under the breasts.
    *   Symptoms improve with showering/changing shirts.
    *   Cardiac auscultation reveals a finding ""below her breasts"" (Figure A).

2.  **Interpret the symptoms:** Itchy, burning rash in the skin folds (under the breasts), exacerbated by sweat and",
Merge Q964,ID1491,,Answer: B,B
Merge Q965,ID1492,,Answer: A,A
Merge Q966,ID1494,,Answer: C,C
Merge Q967,ID1495,,"<unused94>thought
The user wants me to analyze a patient case and select the most likely diagnosis from the given options.

**Patient Information:**
*   Age: 72 years old
*   History: Type 2 Diabetes Mellitus, Hypertension, Hyperlipidemia (all risk factors for vascular disease)
*   Presenting Complaint: Cognitive decline (worsening ability to organize, plan, impulse control) over the last month.
*   Functional Status: Able to complete ADLs without assistance.
*   Neurological Findings: Left-sided weakness (upper and lower extremities, 4/5 strength) and pron",
Merge Q968,ID1496,,Answer: A,A
Merge Q969,ID1500,,Answer: C,C
Merge Q970,ID1501,,"<unused94>thought
The user wants me to identify the most appropriate therapeutic intervention for a patient with recurrent calcium-containing kidney stones based on the provided clinical information.

**Patient Information:**
*   40-year-old male
*   History of 4 calcium-containing kidney stones in 4 years (recurrent nephrolithiasis)
*   Passed an unrecovered stone 1 week ago.
*   Normal serum electrolytes, calcium, uric acid, and PTH.
*   24-hour urine:
    *   Sodium: 190 mEq/24 hr (High, normal <",
Merge Q971,ID1504,,Answer: D,D
Merge Q972,ID1505,,Answer: D,D
Merge Q973,ID1506,,Answer: D,D
Merge Q974,ID1507,,Answer: C,C
Merge Q975,ID1508,,Answer: B,B
Merge Q976,ID1510,,"<unused94>thought
The user wants me to analyze a patient case and choose the most appropriate next step from the given options.

**Patient Case Summary:**
- A 45-year-old woman presents with daily heartburn for 6 months.
- She has tried lifestyle modifications (weight loss, elevating head of bed, avoiding trigger foods) without improvement.
- She was prescribed esomeprazole 40 mg daily (PPI) but her heartburn did not improve.
- Famotidine (H2 blocker) was added at bedtime, but heartburn persisted.
- EGD with biopsies was normal.
- Es",
Merge Q977,ID1513,,Answer: D,D
Merge Q978,ID1514,,"<unused94>thought
The user wants me to identify the most likely diagnosis based on the provided clinical case summary and images (described in the text).

Here's a breakdown of the key information:
1.  **Location:** Medial aspect of the first metatarsophalangeal joint (base of the great toe).
2.  **Onset/Duration:** Started 1 year ago.
3.  **Symptoms:** Tender red nodule, enlarges and becomes painful monthly, drains clear-to-yellow material upon manipulation.
4.  **Physical Exam:** Erythematous papulonodule, no",
Merge Q979,ID1515,,Answer: A,A
Merge Q980,ID1517,,Answer: B,B
Merge Q981,ID1518,,Answer: C,C
Merge Q982,ID1520,,Answer: A,A
Merge Q983,ID1524,,Answer: C,C
Merge Q984,ID1525,,Answer: A,A
Merge Q985,ID1526,,Answer: B,B
Merge Q986,ID1529,,"<unused94>thought
The user wants me to identify the most likely diagnosis based on the provided patient case summary and CT findings.

**Patient Information:**
*   Age: Early 50s
*   History: PCOS, Diabetes, Stroke, CAD (CABG 6 years ago)
*   Symptoms: 12 hours of sudden-onset, constant, right lower quadrant (RLQ) abdominal pain, vomiting, melena.
*   Physical Exam: RLQ tenderness, rebound, voluntary guarding.
*   Labs:
    *   Leukocytosis (23,600/µL)",
Merge Q987,ID1530,,Answer: A,A
Merge Q988,ID1531,,Answer: C,C
Merge Q989,ID1532,,Answer: B,B
Merge Q990,ID1533,,Answer: B,B
Merge Q991,ID1534,,Answer: C,C
Merge Q992,ID1536,,Answer: A,A
Merge Q993,ID1538,,"<unused94>thought
The user wants me to analyze a patient case summary and choose the most appropriate next step from the given options.

**Patient Case Summary Analysis:**

*   **Symptoms:**
    *   Vesiculobullous lesions on palms and soles (6 days prior)
    *   Erythema, vesicles, erosions on face, trunk, limbs (3 days later)
    *   Erosions on lips and oral mucosa
    *   Eyelid swelling
    *   Blisters on anal mucosa
    *   Bilateral exudative conjunctivitis
    *   White exudates on",
Merge Q994,ID1539,,Answer: D,D
Merge Q995,ID1540,,"<unused94>thought
The user wants me to identify the most likely diagnosis based on the provided patient case summary.

**Patient Information:**
*   25-year-old woman, previously healthy.
*   Symptoms: Headache, dysarthria, double vision, dizziness for 1 week.
*   Travel history: Northeastern Brazil 2 months prior.
*   Neurological exam: Mild right hemiparesis, hyperreflexia, hemiataxia.
*   MRI Brain: T2/FLAIR hyperintense lesion with heterogeneous gadolinium enhancement in the pons.
*   Blood tests:
    *",
Merge Q996,ID1541,,"<unused94>thought
The user wants me to analyze a patient case and choose the most appropriate management for the elevated troponin level.

**Patient Information:**
*   **Symptoms:** Severe nausea, vomiting, diarrhea (3 days), confusion (today).
*   **Vitals:** T 99.0°F (37.2°C), BP 100/60 mmHg, P 105/min, RR 22/min.
*   **Exam:** Confused, dry mucous membranes.
*   **Labs:**
    *   Na+: 147 m",
Merge Q997,ID1543,,Answer: D,D
Merge Q998,ID1544,,Answer: C,C
Merge Q999,ID1545,,Answer: A,A
Merge Q1000,ID1550,,Answer: B,B
Merge Q1001,ID1551,,"<unused94>thought
The patient is an 82-year-old woman presenting with chronic diarrhea (2 months) and a characteristic rash (2 weeks). The diarrhea is postprandial and nonbloody. The rash is described as pruritic, scaly, erythematous, brawny, peeling, and involves the extremities and neck, with ruptured bullae noted on the lower extremities. Laboratory findings show low total protein (4.8 g/dL) and severely low albumin (1.8 g/dL), suggesting significant protein loss or malnutrition. Inflammatory markers (CRP, ESR) are relatively normal. Importantly, serum",
Merge Q1002,ID1552,,Answer: D,D
Merge Q1003,ID1553,,Answer: A,A
Merge Q1004,ID1555,,Answer: C,C
Merge Q1005,ID1557,,"<unused94>thought
The user wants me to identify the posterior Chapman reflex point associated with prostate enlargement based on the provided patient case.

1.  **Analyze the patient's condition:** The patient presents with symptoms of benign prostatic hyperplasia (BPH) - slow/intermittent stream, terminal dribbling, and a symmetrically enlarged, non-tender prostate on DRE.
2.  **Recall Chapman reflex points:** Chapman reflex points are specific areas on the body that are believed to correspond to internal organs. Pressure on these points may elicit tenderness or pain when the associated organ is diseased.
3.  **Identify the Chapman point for",
Merge Q1006,ID1558,,Answer: A,A
Merge Q1007,ID1559,,Answer: G,G
Merge Q1008,ID1560,,"<unused94>thought
The user wants me to analyze a patient case and choose the most appropriate next step from the given options.

**Patient Case Summary Analysis:**

*   **History:**
    *   3 months ago: Pneumatic retinopexy for macula-on superotemporal RD.
    *   1 month ago (2 months post-pneumatic retinopexy): Vitrectomy with gas for macula-on inferonasal RD.
*   **Current Findings (within 2 months of vitrectomy):**
    *   Yellowish subfoveal precipitates (suggestive of inflammation or debris).",
Merge Q1009,ID1561,,Answer: C,C
Merge Q1010,ID1565,,Answer: B,B
Merge Q1011,ID1566,,"<unused94>thought
The user wants me to analyze a clinical case and choose the most appropriate next step in management from the given options.

**Case Summary:**
- 82-year-old man
- History of atrial fibrillation (AFib)
- Sudden-onset, painless vision loss in the right eye (2 days ago)
- Medications: Aspirin, carvedilol
- Physical exam: Right eye vision 20/800
- Fundoscopic exam (Figure A - not provided, but the description strongly suggests a specific diagnosis)

**Analysis:**
1.  **Patient Profile:** Elderly",
Merge Q1012,ID1567,,Answer: A,A
Merge Q1013,ID1569,,Answer: C,C
Merge Q1014,ID1570,,Answer: A,A
Merge Q1015,ID1571,,Answer: C,C
Merge Q1016,ID1572,,"<unused94>thought
The user wants me to identify the best method to accelerate the excretion of a medication ingested in an overdose, given the patient's history of rheumatoid arthritis and the timing of the ingestion.

1.  **Identify the likely medication:** The patient has rheumatoid arthritis and is on long-term medication. Common medications for rheumatoid arthritis include NSAIDs, DMARDs (like methotrexate, sulfasalazine, hydroxychloroquine, leflunomide), and biologics. The question asks about accelerating *excretion*. This implies the drug is primarily eliminated by the kidneys or potentially the liver, and we want to enhance renal clearance",
Merge Q1017,ID1573,,Answer: C,C
Merge Q1018,ID1574,,Answer: C,C
Merge Q1019,ID1575,,"<unused94>thought
The user wants me to analyze a clinical case and choose the most appropriate next step from the given options.

**Case Summary:**
- 11-year-old boy, previously healthy.
- Presents with impaired vision after fever and vomiting.
- Ophthalmologic exam: Bilateral mydriasis, reduced pupillary light/accommodation response.
- Positive response to dilute norepinephrine (0.1%) -> supersensitive dilatation -> tonic pupils.
- Progressive generalized autonomic dysfunction over 2 weeks: reduced food intake, weight loss, constipation, urinary retention, anhidrosis, xerostomia, xerophthalmia",
Merge Q1020,ID1578,,"<unused94>thought
The user wants me to identify the most appropriate next step in managing a patient presenting with symptoms suggestive of Superior Vena Cava (SVC) syndrome.

1.  **Analyze the patient presentation:**
    *   67-year-old male.
    *   Symptoms: Worsening shortness of breath (2 weeks), facial swelling, head fullness (worse on waking). These are classic symptoms of SVC obstruction.
    *   History: Stage IV non-Hodgkin lymphoma (NHL) diagnosed 8 months ago. Malignancy, especially lymphoma, is a common cause of SVC syndrome.
",
Merge Q1021,ID1580,,Answer: J,J
Merge Q1022,ID1581,,Answer: D,D
Merge Q1023,ID1582,,"<unused94>thought
The user wants me to identify the most appropriate next step in managing a patient in active labor with arrest of dilation.

1.  **Analyze the patient's situation:**
    *   31-year-old G4P3 at 39 weeks gestation.
    *   Spontaneous rupture of membranes (SROM).
    *   Active labor (contractions every 3 minutes).
    *   Cervical exam: 8 cm dilated, 100% effaced, -1 station.
    *   One hour later: No change in cervical dilation (arrest of",
Merge Q1024,ID1583,,Answer: A,A
Merge Q1025,ID1584,,"<unused94>thought
The user wants me to analyze a clinical case and choose the most appropriate next step from the given options.

**Case Summary:**
- 77-year-old man
- Painless, progressive blurring of vision in the left eye (OS)
- Best-corrected visual acuity (BCVA): 20/40 OS
- Vision waxed and waned over months
- History: Cataract surgery OS, YAG capsulotomy OS 2 months prior
- Slitlamp: Grayish, lusterless corneal opacity abutting nasal limbus, extending into visual axis. No conjunctival erythe",
Merge Q1026,ID1585,,Answer: B,B
Merge Q1027,ID1586,,Answer: D,D
Merge Q1028,ID1587,,Answer: A,A
Merge Q1029,ID1588,,Answer: D,D
Merge Q1030,ID1590,,Answer: D,D
Merge Q1031,ID1591,,Answer: A,A
Merge Q1032,ID1593,,Answer: E,E
Merge Q1033,ID1594,,"<unused94>thought
The user wants me to analyze a clinical case and choose the best next step from the provided options.

**Case Summary:**
*   **Patient:** Mid-30s, deceased donor kidney transplant recipient.
*   **History:** CMV colitis, CMV viremia (resistant to foscarnet and ganciclovir due to UL97 and UL54 mutations).
*   **Current Presentation:** New-onset bilateral floaters.
*   **Current Treatment:** Systemic immunosuppression, recently stopped maribavir (due to resistance concerns), transitioned to systemic cidofovir and CMV immune",
Merge Q1034,ID1596,,"<unused94>thought
The user wants me to identify the most likely structure damaged based on the provided clinical scenario.

**Patient Information:**
* 63-year-old woman
* 4 hours post-elective left hemicolectomy for colon carcinoma at the splenic flexure.
* Progressive decline in blood pressure since surgery.
* Vital signs: T 35.8°C, P 130/min, R 20/min, BP 80/50 mm Hg.
* ECG: Sinus tachycardia.
* Urine output: 10 mL in 2 hours",
Merge Q1035,ID1599,,Answer: B,B
Merge Q1036,ID1601,,Answer: C,C
Merge Q1037,ID1602,,Answer: C,C
Merge Q1038,ID1605,,Answer: B,B
Merge Q1039,ID1607,,Answer: C,C
Merge Q1040,ID1610,,"<unused94>thought
The user wants me to analyze a clinical case and choose the most appropriate next step from the given options.

**Case Summary Analysis:**
*   **Patient:** Male with high myopia, history of traumatic retinal detachment (OD), and LASIK (OS) 8 months ago.
*   **Presenting Problem:** Decreased vision in the left eye (OS).
*   **History:** Episode of elevated IOP (OS) 3 months ago, treated with travoprost and acetazolamide, resolved.
*   **Current Findings (Initial):**
    *   IOP: OD 1",
Merge Q1041,ID1612,,"<unused94>thought
The patient is a 63-year-old man with a significant smoking history and alcohol dependence presenting with left eye pain and redness. He also reports systemic symptoms including unintentional weight loss, night sweats, and cough. Examination reveals scleral hyperemia, dilated scleral vessels, scleral thinning, and a conjunctival epithelial defect in the left eye. Laboratory tests show positive proteinase 3–ANCA and positive QuantiFERON-TB gold (QFT). Chest CT shows tiny, scattered solid pulmonary nodules.

The clinical presentation suggests a systemic inflammatory process affecting the eye and lungs. The positive ANCA test,",
Merge Q1042,ID1613,,Answer: D,D
Merge Q1043,ID1614,,Answer: F,F
Merge Q1044,ID1617,,"<unused94>thought
The user wants me to identify the Chapman reflex point associated with the patient's condition.

1.  **Analyze the patient's presentation:**
    *   23-year-old woman
    *   Sudden onset abdominal pain, nausea, vomiting (4 hours ago)
    *   Pain started after intercourse
    *   Right adnexal tenderness on pelvic exam

2.  **Formulate a differential diagnosis:** The symptoms (sudden onset abdominal pain, nausea, vomiting, right adnexal tenderness, especially after intercourse) strongly suggest a gynecological issue, most likely ovarian torsion or",
Merge Q1045,ID1618,,"<unused94>thought
The user wants me to analyze a patient case snippet and choose the most appropriate next step from the given options.

**Case Summary Analysis:**
*   **Patient:** Male (implied by ""He"")
*   **Chief Complaint:** Painful oral ulcers.
*   **History:**
    *   Ulcers resolve within 2 weeks.
    *   Ulcers recur on *different* mucosal surfaces.
    *   Previous treatments (anesthetic rinses, fluconazole) were ineffective.
*   **Examination:** Intraoral ulcer on the left lateral tongue with a pseudomembrane",
Merge Q1046,ID1622,,"<unused94>thought
The user wants me to identify the most likely causal organism for the patient's symptoms based on the provided case summary.

1.  **Analyze the patient's symptoms and signs:**
    *   Duration: 9 days
    *   Symptoms: Nasal congestion, purulent nasal discharge, sore throat, nonproductive cough.
    *   Temperature: 38.5°C (101.3°F) - Fever.
    *   Examination findings: Congested nasal mucosa, purulent discharge (left), tenderness over left cheek, no transillumination over left maxillary sinus",
Merge Q1047,ID1625,,"<unused94>thought
The user wants me to analyze a patient case summary (which is missing) and laboratory results (also missing) to determine the most appropriate recommendation regarding enoxaparin use.

Since the case summary and lab results are not provided, I cannot perform the clinical reasoning required to answer the question. I need the patient's clinical context, including diagnosis (e.g., type of cancer, stage, recent surgery, immobility), signs/symptoms of thrombosis, and specific lab values (platelet count, PT/INR, aPTT, D-dimer, etc.).

However, I can analyze",
Merge Q1048,ID1629,,"<unused94>thought
The user wants me to identify the most likely accumulated substance in a patient's cells based on the provided clinical information.

1.  **Analyze the patient's presentation:**
    *   Age: 6 months old (implied by developmental milestones).
    *   Developmental history: Previously appropriate at 4 months, now regressing.
    *   Motor skills: Started rolling back-to-front, now struggles when placed on back. Can roll front-to-back but *cannot* roll back-to-front. Cannot sit without support. No bouncing when standing. This suggests motor",
Merge Q1049,ID1632,,"<unused94>thought
The user wants me to analyze a patient case summary snippet and choose the most appropriate answer from the multiple-choice options regarding pulmonary function tests (PFTs).

**Patient Case Summary Snippet:**
- Physical exam: poor air movement bilaterally and tachycardia.

**Analysis of the Snippet:**
- **Poor air movement bilaterally:** This suggests an obstruction to airflow. This could be due to bronchoconstriction (like in asthma or COPD exacerbation), mucus plugging, or airway collapse.
- **Tachycardia:** This is a non-specific finding but can be associated with respiratory distress, hypoxia,",
Merge Q1050,ID1633,,Answer: D,D
Merge Q1051,ID1634,,"<unused94>thought
The user wants me to identify the most likely diagnosis based on the provided clinical information and synovial fluid analysis.

1.  **Analyze the patient presentation:**
    *   Sudden onset, sharp, severe (10/10) pain in the right knee.
    *   Erythematous (red) and edematous (swollen) right knee on physical exam.
    *   This suggests an acute inflammatory process in the knee joint.

2.  **Analyze the synovial fluid results:**
    *   Leukocyte count: 20,000/mm",
Merge Q1052,ID1636,,Answer: B,B
Merge Q1053,ID1637,,Answer: D,D
Merge Q1054,ID1638,,Answer: D,D
Merge Q1055,ID1640,,Answer: B,B
Merge Q1056,ID1641,,Answer: D,D
Merge Q1057,ID1645,,Answer: D,D
Merge Q1058,ID1646,,Answer: I,I
Merge Q1059,ID1650,,Answer: B,B
Merge Q1060,ID1651,,Answer: B,B
Merge Q1061,ID1652,,"<unused94>thought
The user wants me to identify the most likely diagnosis based on the provided clinical case summary.

**Case Summary Analysis:**
* **Patient:** 29-year-old man
* **Presentation:** 2-month history of rapidly growing, widespread, asymptomatic skin nodules.
* **Physical Exam:** Numerous erythematous, indurated nodules on head, neck, torso, extremities. No ulceration or scarring.
* **Labs:** Normal CBC with differential (WBC 6060/μL, Neutrophils 3070/μL).
* **Biopsies",
Merge Q1062,ID1653,,Answer: B,B
Merge Q1063,ID1654,,"<unused94>thought
The patient is a 72-year-old female with a history of ulcerative colitis (UC) presenting with severe abdominal pain, worsening bloody diarrhea for 5 days, fever, chills, tachycardia, hypotension, and altered mental status (disoriented to time). This clinical presentation is highly suggestive of toxic megacolon, a life-threatening complication of inflammatory bowel disease (IBD), particularly UC. Toxic megacolon is characterized by colonic dilation (typically >6 cm on imaging) along with signs of systemic toxicity (fever, tachycardia, leukocytosis, altered mental status).

Let's analyze the options",
Merge Q1064,ID1655,,Answer: B,B
Merge Q1065,ID1656,,"<unused94>thought
The user wants me to identify the condition with the same inheritance pattern as the patient described.

1.  **Analyze the patient's presentation:**
    *   Height below the 5th percentile (short stature).
    *   Weight above the 75th percentile (obesity/overweight).
    *   Hypoplastic 4th and 5th digits bilaterally (brachydactyly).
    *   Below-average intelligence (intellectual disability).

2.  **Identify the likely patient disorder:** This constellation of features (short stature, obesity, brachydact",
Merge Q1066,ID1659,,Answer: B,B
Merge Q1067,ID1660,,Answer: C,C
Merge Q1068,ID1662,,"<unused94>thought
The user wants me to identify the cellular process or enzyme targeted by the most effective antibiotic for the described patient's condition.

1.  **Analyze the patient presentation:**
    *   25-year-old man.
    *   6-day history of fever, severe muscle pain (myalgia), diffuse painful swelling of neck, underarms, and groin (lymphadenopathy).
    *   Symptoms started after a camping trip in New Mexico (potential exposure to ticks, fleas, or other vectors).
    *   Vital signs: Fever (39.2°C), tachycardia (1",
Merge Q1069,ID1663,,Answer: B,B
Merge Q1070,ID1664,,"<unused94>thought
The user wants me to analyze a patient case summary and choose the most appropriate next step from the given options.

**Patient Case Summary Analysis:**
*   **Diagnosis:** Waldenström macroglobulinemia (WM) with active disease and bone marrow involvement.
*   **Ocular Findings:**
    *   Left eye: Choroidal detachment (circumferential, 2-5 o'clock, extending 3-4 disc diameters temporal to macula).
    *   Left eye: Vitreous hemorrhage (poor view of posterior pole).
    *   Left eye: Peripheral capillary nonperfusion",
Merge Q1071,ID1666,,"<unused94>thought
The user wants me to act as a clinical reasoning assistant and answer a multiple-choice question based on a patient case summary.

However, the user has not provided the patient case summary. I need the case summary to determine the most appropriate treatment.

Since I cannot answer without the case summary, I must inform the user that the necessary information is missing.

**Constraint Checklist & Confidence Score:**
1. Act as MedGemma? Yes.
2. Act as a clinical reasoning assistant? Yes.
3. Receive patient case summary? No (Missing).
4. Receive multiple-choice question? Yes",
Merge Q1072,ID1667,,Answer: F,F
Merge Q1073,ID1668,,Answer: C,C
Merge Q1074,ID1671,,Answer: B,B
Merge Q1075,ID1672,,Answer: D,D
Merge Q1076,ID1673,,Answer: A,A
Merge Q1077,ID1674,,Answer: C,C
Merge Q1078,ID1676,,"<unused94>thought
The user wants me to identify the most likely Chapman reflex point based on the provided clinical scenario.

1.  **Analyze the clinical scenario:** The patient presents with symptoms suggestive of acute maxillary sinusitis:
    *   Fever (38.1°C)
    *   Purulent nasal drainage
    *   Maxillary sinus tenderness on percussion
    *   Erythematous, mildly swollen nasal turbinates

2.  **Understand Chapman Reflex Points:** Chapman reflex points are specific areas on the body surface that are believed to correspond to internal organs or structures. Tenderness or changes in texture",
Merge Q1079,ID1678,,"<unused94>thought
The user wants me to analyze a patient case summary and select the most appropriate next step from the given options.

**Patient Case Summary Analysis:**

*   **Symptoms:** Fatigue, muscle stiffness, joint pain, unintentional weight loss (10 lbs). These are systemic symptoms, suggesting a possible underlying systemic inflammatory or autoimmune condition.
*   **Ocular Findings (Left Eye):**
    *   Bilateral microaneurysms and dot hemorrhages (suggestive of diabetic retinopathy or other microvascular disease).
    *   Bilateral macular edema.
    *   Serous neurosensory detachment (",
Merge Q1080,ID1679,,Answer: D,D
Merge Q1081,ID1680,,"<unused94>thought
The user wants me to identify the most likely diagnosis based on the provided clinical case summary.

**Case Summary Analysis:**

*   **Patient:** 71-year-old man
*   **Presentation:** 6-week history of rapidly progressing rash and swelling on the left chest wall.
*   **Skin Examination:**
    *   Large (19x10 cm) pink/purplish, deep-infiltrated papule on the left breast.
    *   Similar smaller (15x7 cm) papule under the left clavicle.
*   **Bi",
Merge Q1082,ID1683,,Answer: C,C
Merge Q1083,ID1684,,Answer: J,J
Merge Q1084,ID1685,,Answer: B,B
Merge Q1085,ID1687,,Answer: C,C
Merge Q1086,ID1688,,"<unused94>thought
The user wants me to act as a clinical reasoning assistant and answer a multiple-choice question based on a patient case summary (which is missing).

Since the case summary is missing, I cannot determine the most appropriate health maintenance recommendation. I need the patient's age, sex, medical history, current health status, and any relevant screening guidelines to answer this question accurately.

However, the user has provided a specific format for the response: ""Answer: <LETTER>"". I must adhere to this format.

Without the case summary, I cannot logically deduce the correct answer. I will have to make an assumption or",
Merge Q1087,ID1689,,"<unused94>thought
The user wants me to analyze a patient case and choose the most appropriate next step from the given options.

**Patient Case Summary:**
- History: Glaucoma, breast cancer with brain metastasis (treated with CyberKnife and WBRT).
- Recent Event: Abroad, received 2 inferior periocular steroid injections for elevated IOP (55 mmHg).
- Presentation:
    - VA: 20/20 OD, 20/50 OS
    - IOP: 18 OD, 20 OS (controlled)
    - Left eye: Afferent pupillary defect",
Merge Q1088,ID1691,,"<unused94>thought
The user wants me to analyze a patient case and select the most appropriate next step from the given options.

**Patient Information:**
- Laboratory results show elevated ALT (255 U/L) and AST (334 U/L), indicating liver injury.
- Other liver function tests (bilirubin, GGT, ALP, total protein, albumin, PT/INR) are within or near normal limits.
- Hematology results are normal.
- Inflammatory markers (ESR, CRP) are normal.
- Immunoglobulin G is normal.
- Ferritin is slightly elevated (1",
Merge Q1089,ID1692,,"<unused94>thought
The user wants me to analyze a patient case summary and choose the most appropriate next step from the given options.

**Patient Case Summary Analysis:**

*   **Visual Acuity:** OD 20/15 (good), OS 20/60 (poor).
*   **Anterior Chamber (OS):** 3+ cell, 1+ flare, nongranulomatous KPs, clear lens. This indicates significant anterior uveitis in the left eye.
*   **Fundus Examination (OS):**
    *   2+ vitritis (inflammation in the vitreous).",
Merge Q1090,ID1693,,Answer: C,C
Merge Q1091,ID1694,,Answer: J,J
Merge Q1092,ID1695,,"<unused94>thought
The user wants me to analyze a clinical case and choose the most appropriate next step from the given options.

**Case Summary:**
- Patient: Chinese woman
- Complaint: Painless, gradually declining vision for 2 years, no redness.
- History: Pars plana vitrectomy (PPV) for left eye (LE) due to vitreous opacity 6 months ago.
- Examination:
    - Best-corrected visual acuity (BCVA): 0.1 (20/200) OU (both eyes).
    - Dilated fundus exam: Bilateral vitreous opacity",
Merge Q1093,ID1696,,"<unused94>thought
The user wants me to identify the most appropriate next step in managing a patient presenting with chronic nasal congestion, anosmia, and bilateral lobulated masses with pale mucosa found on anterior rhinoscopy.

1.  **Analyze the patient presentation:**
    *   Chronic nasal congestion and anosmia (loss of smell) worsening over years.
    *   Bilateral lobulated masses with pale mucosa in both nasal cavities.

2.  **Interpret the findings:**
    *   Chronic symptoms suggest a long-standing process.
    *   Anosmia often points towards obstruction or damage to the olfactory epithelium.
",
Merge Q1094,ID1697,,Answer: B,B
Merge Q1095,ID1698,,Answer: G,G
Merge Q1096,ID1699,,Answer: D,D
Merge Q1097,ID1700,,Answer: C,C
Merge Q1098,ID1701,,"<unused94>thought
The user wants me to analyze a patient case and choose the most appropriate next step from the given options.

**Patient Information:**
*   **Symptom:** Light-headedness upon standing, requiring 1-2 minutes to steady herself. This strongly suggests orthostatic hypotension.
*   **Medications:** Glyburide (sulfonylurea for diabetes), diuretic, β-blocker, ACE inhibitor. Several of these medications can contribute to hypotension or orthostatic hypotension.
*   **Pulse:** 55/min (bradycardia). This could be due to the β-blocker or underlying",
Merge Q1099,ID1702,,Answer: D,D
Merge Q1100,ID1704,,Answer: C,C
Merge Q1101,ID1706,,"<unused94>thought
The user wants me to analyze a non-stress test (NST) result shown in Figure A (which is not provided, but I must assume it shows a reactive or non-reactive pattern) and determine the most likely cause based on the provided options.

1.  **Analyze the scenario:** A 32-year-old pregnant woman (G1P0) at 32 weeks gestation is undergoing an NST.
2.  **Analyze the question:** The question asks for the *most likely* explanation for the NST results shown in Figure A. Since Figure A is missing, I have to infer",
Merge Q1102,ID1710,,Answer: B,B
Merge Q1103,ID1711,,Answer: B,B
Merge Q1104,ID1712,,Answer: C,C
Merge Q1105,ID1713,,Answer: C,C
Merge Q1106,ID1714,,"<unused94>thought
The user wants me to identify the most likely diagnosis based on the provided clinical case summary and biopsy results.

**Patient Information:**
*   72-year-old man
*   History: Atrial fibrillation, Type 2 DM, CKD, HTN, CHF
*   Medications: Amiodarone, furosemide, nifedipine, insulin glargine, allopurinol
*   Presentation: 2-month history of scaly erythematous papules on both forearms.
*   Physical Exam: Numerous red to violaceous scaly papules, symmetrically distributed on",
Merge Q1107,ID1715,,Answer: D,D
Merge Q1108,ID1716,,Answer: C,C
Merge Q1109,ID1717,,Answer: G,G
Merge Q1110,ID1718,,Answer: C,C
Merge Q1111,ID1722,,Answer: A,A
Merge Q1112,ID1724,,Answer: G,G
Merge Q1113,ID1725,,Answer: D,D
Merge Q1114,ID1727,,Answer: J,J
Merge Q1115,ID1728,,Answer: C,C
Merge Q1116,ID1732,,Answer: A,A
Merge Q1117,ID1734,,"<unused94>thought
The user wants me to identify the most likely diagnosis based on the provided clinical case summary.

1.  **Analyze the patient presentation:**
    *   Rapidly growing lesion over the past year.
    *   Increasingly painful and bleeds easily (friable).
    *   Physical exam: 8x6x4 cm, multilobulated, purplish, fungating, friable lesion on the back.
    *   Palpable, hard mass in the left axilla (suggests lymph node involvement).
    *   Biopsy: Immunohistochemistry strongly positive for S-",
Merge Q1118,ID1738,,Answer: A,A
Merge Q1119,ID1741,,Answer: F,F
Merge Q1120,ID1742,,Answer: D,D
Merge Q1121,ID1743,,Answer: A,A
Merge Q1122,ID1744,,Answer: A,A
Merge Q1123,ID1746,,"<unused94>thought
The user wants me to analyze a clinical scenario and choose the best description of the observed finding.

1.  **Analyze the finding:** The key finding is a ""hump on the right side"" observed during the forward Adam's bend test.
2.  **Understand the Adam's bend test:** This test is used to screen for scoliosis. The patient bends forward at the waist, and the examiner looks for asymmetry in the rib cage or lumbar spine. A hump indicates a structural curve.
3.  **Interpret the hump:** A hump on the *right* side during the forward bend test",
Merge Q1124,ID1747,,"<unused94>thought
The user wants me to act as a clinical reasoning assistant and choose the most appropriate next step for a 9-month-old girl presenting with left periocular edema, erythema, fever, and poor oral intake 3 days after intra-arterial chemotherapy (IAC) for retinoblastoma.

**Patient Information:**
*   Age: 9 months old
*   Presentation: Left periocular edema and erythema, fever (40.2°C), poor oral intake.
*   History: Received IAC (melphalan, carboplatin, topotecan) + IV dexamethasone ",
Merge Q1125,ID1749,,"<unused94>thought
The user wants me to identify the most likely portal of entry for a pathogen causing meningitis, given the symptoms and CSF findings.

1.  **Analyze the symptoms:** Fever, headache, stiff neck, and vomiting are classic signs of meningitis. The onset is acute (2 days after returning from summer camp).
2.  **Analyze the CSF findings:** Cysts and trophozoites in the CSF strongly suggest a parasitic infection, specifically *Naegleria fowleri*, which causes primary amebic meningoencephalitis (PAM).
3.  **Consider the pathogen:** *Naegleria f",F
Merge Q1126,ID1750,,Answer: H,H
Merge Q1127,ID1751,,"<unused94>thought
The user wants me to identify the correct patient positioning and direction of thrust for an HVLA technique to address a restricted right first rib.

1.  **Identify the restriction:** The right first rib is restricted on exhalation, meaning it's likely stuck in a relatively elevated and/or medially rotated position.
2.  **Goal of HVLA:** The goal is to mobilize the restricted rib, typically by moving it into the direction of its restriction (often caudad and medially for the first rib) and then applying a thrust to move it out of that restriction.
3.  **First Rib",
Merge Q1128,ID1755,,Answer: A,A
Merge Q1129,ID1756,,Answer: B,B
Merge Q1130,ID1757,,Answer: H,H
Merge Q1131,ID1758,,Answer: C,C
Merge Q1132,ID1761,,"<unused94>thought
The patient presents with a rapidly progressive, severe soft tissue infection following a methergine injection. Key features include:
- Painful swelling at injection site initially.
- Development of fever, hypotension, tachycardia (shock).
- Progression to a deep ulcer with a dusky violaceous border and pustules.
- Marked leukocytosis with neutrophilia, elevated lactate, and significantly elevated procalcitonin.
- Histology showing ulceration and extensive neutrophilic inflammation.
- Negative cultures (bacterial, mycobacterial, fungal) despite multiple attempts.

This clinical picture is highly suggestive of necrotizing fasciitis",
Merge Q1133,ID1762,,Answer: B,B
Merge Q1134,ID1765,,Answer: D,D
Merge Q1135,ID1766,,Answer: B,B
Merge Q1136,ID1767,,Answer: F,F
Merge Q1137,ID1768,,Answer: C,C
Merge Q1138,ID1769,,Answer: C,C
Merge Q1139,ID1772,,Answer: E,E
Merge Q1140,ID1773,,"<unused94>thought
The user wants me to identify the most likely cancer type causing the patient's symptoms based on the provided clinical information.

**Patient Information:**
*   82-year-old woman
*   Acute onset (several days) of disorientation and failure to recognize spouse (altered mental status).
*   Normal cognition one week prior.
*   Significant smoking history (60 pack-years).
*   Possible asbestos exposure (steel mill manager).
*   Neurological exam otherwise unremarkable.
*   Labs:
    *   Sodium: 139 (Normal)
    *   B",B
Merge Q1141,ID1774,,Answer: B,B
Merge Q1142,ID1775,,"<unused94>thought
The user wants me to determine the expected rate of cranial rhythmic impulse (CRI) for a patient.
The CRI is a subtle pulsation of the cerebrospinal fluid (CSF) within the cranium.
The normal rate of CRI is typically described as being around 6-10 cycles per minute in adults.
The question asks for the *expected* rate.
Looking at the options:
A. 5 cycles/minute - Slightly below the typical range.
B. 18 cycles/minute - Significantly above the typical range.
C. 6 cycles/minute - At the lower end of",
Merge Q1143,ID1776,,Answer: B,B
Merge Q1144,ID1777,,Answer: D,D
Merge Q1145,ID1778,,"<unused94>thought
The user wants me to identify the most likely finding in a patient presenting with symptoms suggestive of substance use, specifically after attending a party with alcohol and recreational drugs.

Here's a breakdown of the patient's presentation:
- **History:** Attended a party with alcohol and recreational drugs (unknown substances).
- **Symptoms:** Anxious.
- **Vitals:** Temp 37.5°C (slightly elevated), Pulse 110/min (tachycardia), RR 16/min (normal), BP 145/82 mmHg (hypertension).
-",
Merge Q1146,ID1779,,Answer: A,A
Merge Q1147,ID1783,,Answer: J,J
Merge Q1148,ID1786,,"<unused94>thought
The user wants me to analyze a patient case and choose the most appropriate next step in management from the given options.

**Patient Information:**
- Temperature: 97.6°F (36.4°C) - Normal
- Blood Pressure: 74/34 mmHg - Hypotensive (Shock)
- Pulse: 180/min - Tachycardic
- Respirations: 32/min - Tachypneic
- Oxygen Saturation: 98% on room air - Normal
- Physical Exam: Jugular venous distension (JVD",
Merge Q1149,ID1787,,Answer: B,B
Merge Q1150,ID1788,,Answer: D,D
Merge Q1151,ID1789,,"<unused94>thought
The patient is a 16-year-old girl presenting with primary amenorrhea (absence of menstruation by age 15 or within 5 years of thelarche). She has undergone normal pubertal development, including thelarche (breast development) at age 13 and pubarche (pubic hair development), reaching Tanner stage IV for both. Her growth spurt also occurred at age 13. This indicates that she has experienced adrenarche and gonadarche.

Her laboratory results show normal electrolytes, renal function, liver function, calcium, and magnesium. Her FSH level is within the normal range (",
Merge Q1152,ID1790,,Answer: B,B
Merge Q1153,ID1791,,"<unused94>thought
The user wants me to analyze a clinical case and choose the most appropriate next step from the given options.

**Case Summary:**
- 47-year-old woman
- History: Adult-onset asthma, recurrent waxing/waning bilateral upper eyelid swelling (treated with prednisone).
- Current presentation: Increased left > right upper eyelid swelling, yellow lesions on eyelids, erythema, ptosis, S-shaped left upper eyelid deformity, palpable left superolateral orbital mass.
- Visual acuity: 20/40 OU, improves to 20/25 OU with pinhole (suggest",
Merge Q1154,ID1792,,Answer: C,C
Merge Q1155,ID1793,,Answer: B,B
Merge Q1156,ID1795,,Answer: A,A
Merge Q1157,ID1797,,Answer: D,D
Merge Q1158,ID1798,,"<unused94>thought
The user wants me to analyze a clinical case and choose the most appropriate next step from the given options.

**Case Summary:**
- 43-year-old male with a history of self-mutilation.
- Presents with right thigh pain and shaking chills for 3 days.
- Intentionally burned his right thigh with a lighter 6 days ago (multiple times).
- Soaked the thigh in hot water and massaged it this morning, resulting in drainage of ""greenish fluid"".
- Vital signs: Temp 39.2°C (fever), Pulse 1",
Merge Q1159,ID1799,,"<unused94>thought
The user wants me to analyze a clinical case and choose the most appropriate next step from the given options.

**Case Summary:**
- 50s healthy woman
- Sudden, painless blurred vision in the right eye (OD)
- Described as a ""black lace"" over vision
- Onset 8 days prior
- Best-corrected visual acuity (BCVA): OD 20/200, OS 20/20
- Right relative afferent pupillary defect (RAPD)
- Dilated fundus exam OD: Clear vitreous, tortuous veins,",
Merge Q1160,ID1800,,Answer: A,A
Merge Q1161,ID1802,,"<unused94>thought
The user wants me to identify the most likely diagnosis based on the provided clinical case summary and histopathology findings (implied by the reference to a figure, although the figure itself is not shown).

1.  **Analyze the patient presentation:**
    *   Age: 40s woman
    *   History: Relapsed grade 2 follicular lymphoma
    *   Treatment: Idelalisib 150 mg BID for 5 months
    *   Symptoms: 3 days of vomiting, cramping abdominal pain, diarrhea (initially watery, 10-12/day, progressed",
Merge Q1162,ID1807,,"<unused94>thought
The user wants me to identify the most likely diagnosis based on the provided patient case summary and histopathology findings.

Here's a breakdown of the relevant information:
1.  **Patient History:** Liver transplant recipient (3 years ago), immunosuppressed (tacrolimus, mycophenolate), history of posttransplantation lymphoproliferative disorder (pPTLD) in the stomach (treated with chemotherapy and lenalidomide).
2.  **Current Presentation:** Skin lesions around the OLT scar - confluent, indurated, violaceous papules and plaques in an annular pattern with central sparing.
",
Merge Q1163,ID1808,,Answer: B,B
Merge Q1164,ID1809,,Answer: C,C
Merge Q1165,ID1811,,Answer: C,C
Merge Q1166,ID1812,,"<unused94>thought
The user wants me to analyze a patient case and select the most likely associated finding from the given options.

**Patient Information:**
*   History: Bipolar disorder (takes lithium), chronic lower back pain (sees pain specialist).
*   Vitals: Temp 100.5°F (38.1°C), BP 102/78 mmHg, Pulse 127/min, RR 19/min, SpO2 99% RA.
*   ECG: Figure A (not provided, but the question implies it's relevant).",
Merge Q1167,ID1817,,Answer: C,C
Merge Q1168,ID1818,,Answer: B,B
Merge Q1169,ID1819,,Answer: C,C
Merge Q1170,ID1820,,Answer: B,B
Merge Q1171,ID1821,,"<unused94>thought
The user wants me to identify the most likely underlying cause of the patient's muscle spasms based on the provided clinical case summary and lab results.

1.  **Analyze the patient's presentation:**
    *   33-year-old woman.
    *   Chief complaint: Muscle spasms (""twitching"") in upper and lower extremities for 3 days, interfering with marathon training.
    *   Associated symptom: Fatigue for the past month.
    *   Physical exam: Thin, thinning hair.

2.  **Analyze the lab results:**
    *   **CBC:**
        ",
Merge Q1172,ID1822,,"<unused94>thought
The user wants me to analyze a patient case and choose the most appropriate next step from the given options.

**Patient Information:**
*   **Age:** 14 years old
*   **Presenting Complaint:** Lack of pubertal development (voice unchanged, shorter than peers).
*   **Physical Exam Findings:**
    *   No facial hair or acne.
    *   Height: 60 inches (5 feet)
    *   Arm span: 50 inches (Arm span > Height, suggesting potential underlying issue, but not definitive)
    *   No pubic hair (",
Merge Q1173,ID1823,,"<unused94>thought
The user wants me to identify the most likely diagnosis based on the provided clinical case summary and images.

**Case Summary Analysis:**
*   **Patient:** 70s woman with recurrent primary peritoneal carcinoma.
*   **Treatment:** Receiving pembrolizumab and ipilimumab (immunotherapy).
*   **Presentation:** Pruritic rash for 2 weeks, started 2 months after initiating immunotherapy.
*   **Initial Lesion:** Erythematous papule on the right arm.
*   **Progression:** Enlarged and spread to both legs.
*   **Physical Exam",
Merge Q1174,ID1824,,Answer: A,A
Merge Q1175,ID1825,,Answer: J,J
Merge Q1176,ID1826,,Answer: A,A
Merge Q1177,ID1827,,Answer: D,D
Merge Q1178,ID1829,,Answer: C,C
Merge Q1179,ID1830,,"<unused94>thought
The user wants me to identify the most appropriate treatment option for a 37-year-old female patient presenting with severe episodic headaches consistent with migraine with aura.

Here's a breakdown of the patient's presentation:
- **Age/Sex:** 37-year-old female
- **Symptoms:** Severe episodic headaches (7/10 intensity), unilateral or bilateral, photophobia/phonophobia (seeks dark, quiet environment), nausea/vomiting (prompt onset).
- **Frequency:** Occasional monthly episodes, headache-free intervals of 3-4 months.
- **",
Merge Q1180,ID1831,,Answer: D,D
Merge Q1181,ID1833,,Answer: A,A
Merge Q1182,ID1834,,"<unused94>thought
The user wants me to identify the spinal level associated with a sympathetic viscerosomatic reflex related to the patient's symptoms.

1.  **Analyze the patient's symptoms:** The patient presents with progressive lower abdominal pain and constipation.
2.  **Identify the affected organ system:** Lower abdominal pain and constipation point towards issues with the large intestine (colon), particularly the descending colon, sigmoid colon, and rectum.
3.  **Recall the dermatome/viscerosomatic reflex map:** Sympathetic nerve fibers from visceral organs often enter the spinal cord at specific levels and can cause referred pain or reflex",
Merge Q1183,ID1835,,Answer: B,B
Merge Q1184,ID1836,,"<unused94>thought
The user wants me to identify the most likely diagnosis based on the provided clinical case summary.

**Case Summary Analysis:**
*   **Patient:** Elderly woman (80s)
*   **History:** Nonischemic cardiomyopathy, chronic kidney disease (CKD)
*   **Presentation:** Purpuric lesions (dusky macules/patches) on face (nose, cheeks, forehead, ear), elbows, knees, feet. Reticulated purpura on knees, feet, extensor arms. Skin sloughing on elbows and knees.
*   **Labs:** Hypercalcemia (11",
Merge Q1185,ID1837,,"<unused94>thought
The patient is a 68-year-old woman presenting with progressive left eye redness, discomfort, raised IOP, intermittent visual blurring, eyelid swelling, conjunctival chemosis, dilated and tortuous bulbar blood vessels, a left-sided nonspecific dull headache for 2 months, and a left-sided pulsatile tinnitus (""whooshing"" noise). The symptoms are progressive and unresponsive to initial treatment (topical antibiotics/lubricants). The raised IOP is persistent despite topical β-blocker treatment. The combination of unilateral eye symptoms (redness, discomfort, raised IOP, chemosis, dilated/tortuous",
Merge Q1186,ID1838,,"<unused94>thought
The user wants me to identify the most likely cause of the patient's symptoms based on the provided case summary and lab results.

**Case Summary Analysis:**
*   **Symptoms:** The patient experiences symptoms that improve with eating. This suggests hypoglycemia (low blood sugar) as the underlying issue, as eating raises blood glucose levels.
*   **Family History:** The patient lives with her mother who has diabetes and takes several medications, including metformin, insulin, lisinopril, amlodipine, and glyburide. Glyburide is a sulfonylurea, a medication known to cause hypoglycemia. This raises",
Merge Q1187,ID1840,,"<unused94>thought
The user wants me to identify the best parameter from the provided options that supports a recommendation (which is not explicitly stated, but implied to be related to the patient's condition).

1.  **Analyze the patient data:**
    *   Initial state: Serum K 4.2, Na 140, Cl 102, Cr 1.4, BUN 64. Urine output 700 ml (catheterized).
    *   After 8 hours: Serum K 4.0, Na 142, Cl 110, Cr ",
Merge Q1188,ID1841,,"<unused94>thought
The patient is a 67-year-old man presenting with left shoulder pain, stiffness, reduced range of motion, numbness, and paresthesias in the left upper extremity for 2 months. He has a history of thoracolumbar scoliosis, poor mobility, and frequent falls. Physical examination reveals tenderness, limited range of motion (abduction and flexion limited to 120°), left scapular muscle atrophy, and reduced pain and temperature sensation in the proximal left arm and dorsal shoulder. A radiograph of the left shoulder shows complete absence of the left humeral head and a well-demarc",
Merge Q1189,ID1842,,Answer: B,B
Merge Q1190,ID1843,,Answer: D,D
Merge Q1191,ID1845,,Answer: B,B
Merge Q1192,ID1846,,Answer: B,B
Merge Q1193,ID1847,,Answer: C,C
Merge Q1194,ID1848,,"<unused94>thought
The patient is a 66-year-old man with multiple myeloma who underwent autologous HSCT. He developed fever on posttransplant day 10, which persisted despite empirical cefepime. On day 14, he developed a characteristic rash (pruritic, confluent, erythematous, blanching morbilliform macules and papules on trunk and extremities). His WBC count and ANC recovered around day 10, coinciding with the onset of fever. Extensive infectious workup (blood, urine, sputum, viral cultures, CMV, EBV, HHV-6, adenovirus, parvovirus",
Merge Q1195,ID1849,,"<unused94>thought
The user wants me to identify the most likely pathogens causing the patient's condition based on the provided clinical information and select the corresponding antimicrobial treatment option.

1.  **Analyze the patient information:**
    *   Young female (implied by ""started college 4 months ago"").
    *   Frequent unprotected sex with different partners (high risk for STIs).
    *   Bimanual examination reveals uterine tenderness (suggests Pelvic Inflammatory Disease - PID).

2.  **Consider the implications:**
    *   PID is an infection of the upper female reproductive tract (uterus, fall",
Merge Q1196,ID1850,,Answer: A,A
Merge Q1197,ID1851,,Answer: B,B
Merge Q1198,ID1852,,Answer: C,C
Merge Q1199,ID1855,,"<unused94>thought
The user wants me to analyze a patient case and choose the most appropriate next step from the given options.

**Patient Information:**
*   Diagnosis: Nonproliferative diabetic retinopathy (NPDR) with macular edema (DME) in both eyes.
*   Previous Treatment: 3 intravitreal bevacizumab (anti-VEGF) injections and 2 intravitreal triamcinolone acetonide (steroid) injections at 4-week intervals.
*   Treatment Response: Minimal resolution of edema.
*   Blood Analysis:
    *   Hemoglobin: 8 g",G
Merge Q1200,ID1856,,Answer: C,C
Merge Q1201,ID1858,,"<unused94>thought
The user wants me to analyze a patient case and determine the best next step for managing their hyperkalemia.

**Patient Information:**
*   **History:** CAD, HTN, Stage 3 CKD, Type 2 DM
*   **Medications:** Metoprolol 50mg BID, Atorvastatin 80mg daily, Torsemide 40mg daily, Lisinopril 20mg daily, Aspirin 81mg daily, Insulin
*   **Labs (2 weeks ago vs. Today):**
    *   Na: 136",
Merge Q1202,ID1859,,Answer: B,B
Merge Q1203,ID1860,,Answer: B,B
Merge Q1204,ID1862,,Answer: D,D
Merge Q1205,ID1863,,Answer: B,B
Merge Q1206,ID1865,,Answer: D,D
Merge Q1207,ID1866,,"<unused94>thought
The user wants me to analyze a clinical case and choose the most likely histological finding from the given options.

**Case Summary:**
- 45-year-old woman
- History of systemic sclerosis (scleroderma)
- 3-week history of progressive shortness of breath and nonproductive cough
- Physical exam: Crackles in both lower lung fields
- Pulmonary function tests (PFTs):
    - Total lung capacity (TLC): 80% of predicted (Normal or slightly reduced, but not severely restrictive)
    - Diffusing capacity for carbon monoxide (DLCO):",
Merge Q1208,ID1868,,"<unused94>thought
The user wants me to identify the most likely diagnosis based on the provided clinical description and histological findings.

**Clinical Presentation:**
*   **Patient:** Woman in her 50s
*   **Symptoms:** Mildly pruritic coalescent yellowish papules around the umbilicus.
*   **Duration:** 4-5 years.
*   **Location:** Periumbilical.
*   **Appearance:** Yellowish papules, coalescent.

**Histological Findings:**
*   **Biopsy:** 4-mm punch biopsy from a papule.
*   **Microsc",
Merge Q1209,ID1870,,Answer: B,B
Merge Q1210,ID1871,,"<unused94>thought
The user wants me to identify the most probable cause of the patient's acid-base and electrolyte disturbances based on the provided clinical case summary.

**Patient Information:**
*   **Age:** 72 years old
*   **History:** Type 2 DM, HTN, chronic atrial fibrillation, ischemic cardiomyopathy.
*   **Previous issue:** Hyperkalemia 3 months ago, leading to discontinuation of lisinopril and spironolactone.
*   **Current Medications:** Coumadin, aspirin, metformin, glyburide, metoprolol, furosemide, amlodipine.
",
Merge Q1211,ID1873,,Answer: D,D
Merge Q1212,ID1874,,Answer: A,A
Merge Q1213,ID1875,,Answer: D,D
Merge Q1214,ID1876,,Answer: C,C
Merge Q1215,ID1879,,Answer: B,B
Merge Q1216,ID1880,,"<unused94>thought
The user wants me to identify the space affected by the patient's condition based on the provided head CT image (Figure A).

1.  **Analyze the image (Figure A):** The image shows a head CT scan. There is a crescent-shaped collection of blood (hyperdense, white area) overlying the surface of the brain, extending from the outer edge towards the midline. This collection appears to be compressing the brain tissue underneath. The shape and location are characteristic of a subdural hematoma.

2.  **Recall brain layers:** The layers surrounding the brain, from outermost to innermost, are:",
Merge Q1217,ID1881,,"<unused94>thought
The user wants me to identify the property of the infecting organism that best explains recurrent urethritis caused by gram-negative diplococci.

1.  **Identify the likely organism:** Gram-negative diplococci in urethral exudate, especially with recurrent urethritis, strongly suggests *Neisseria gonorrhoeae*.
2.  **Analyze the question:** The question asks for the property of the organism that explains *reinfection*. This implies the host's immune system is not providing lasting protection.
3.  **Evaluate the options:**
    *   **A. Antigenic variation:** *Neiss",
Merge Q1218,ID1882,,Answer: A,A
Merge Q1219,ID1886,,"<unused94>thought
The user wants me to analyze a clinical case and choose the most accurate statement from the given options.

**Case Summary:**
- 25-year-old woman
- Heavy menstrual bleeding (menorrhagia)
- Lower abdominal pain for several years
- Pain starts 1 week before menstruation
- Transvaginal ultrasound: cystic ovarian lesion with low-level homogeneous echoes

**Analysis of the Case:**
- The patient's age (25) and symptoms (heavy menstrual bleeding, cyclical lower abdominal pain starting before menstruation) are highly suggestive of endometriosis.
- The ultrasound finding of a cystic",
Merge Q1220,ID1887,,Answer: C,C
Merge Q1221,ID1888,,"<unused94>thought
The user wants me to identify the most likely histopathologic finding in the ovary based on the provided clinical presentation.

**Clinical Presentation Analysis:**

*   **Patient:** Likely female (due to pelvic exam).
*   **Symptoms/Signs:**
    *   Abdominal distension/pain (diffuse tenderness, positive fluid wave - ascites).
    *   Right adnexal fullness (suggests a mass or enlargement in the right ovary/fallopian tube area).
    *   Diminished breath sounds in the right lower lung (suggests pleural effusion, possibly due to ascites tracking",
Merge Q1222,ID1889,,Answer: C,C
Merge Q1223,ID1890,,Answer: E,E
Merge Q1224,ID1892,,Answer: G,G
Merge Q1225,ID1893,,"<unused94>thought
The user wants me to analyze a patient case and choose the most appropriate next step from the given options.

**Patient Case Summary:**

*   **Patient:** Female with hypogammaglobulinemia and history of pulmonary Mycobacterium avium complex (MAC) infection.
*   **Ocular History:**
    *   Right Eye (OD): Uncomplicated trabeculectomy 3 months ago, treated with mitomycin C.
    *   Left Eye (OS): No prior surgery.
*   **Medical History:** Pulmonary MAC infection secondary to hypogammaglobulinemia.
*   **Current",
Merge Q1226,ID1895,,Answer: B,B
Merge Q1227,ID1896,,Answer: G,G
Merge Q1228,ID1898,,Answer: C,C
Merge Q1229,ID1899,,Answer: D,D
Merge Q1230,ID1900,,"<unused94>thought
The user wants me to analyze a clinical case and choose the most appropriate next step from the given options.

**Case Summary:**
- 7-week-old infant
- 4-week history of worsening, widespread papulopustulovesicular eruption, starting on the chest.
- Fussiness and restlessness at night.
- Contact with a babysitter who had pruritus, especially at night, and left 3 weeks ago.
- Physical exam: Disseminated, edematous, pin-sized papulopustulovesicles and coalescing, crusted nodules. Some lesions",
Merge Q1231,ID1902,,Answer: B,B
Merge Q1232,ID1903,,Answer: B,B
Merge Q1233,ID1904,,"<unused94>thought
The user wants me to analyze a clinical case and choose the most appropriate next step from the given options.

**Case Summary:**
- 58-year-old woman
- History: IV heroin use, chronic inactive HBV infection (low DNA, normal LFTs, no cirrhosis)
- Presentation: Sudden onset painless jaundice, 8 days of malaise
- Last IV drug use: 9 days prior to presentation
- Exam: Scleral icterus, otherwise normal
- Labs:
    - Negative: HCV RNA, anti-HAV IgM, HIV antibody
    - Positive: Elevated bilirubin",
Merge Q1234,ID1905,,Answer: F,F
Merge Q1235,ID1908,,Answer: A,A
Merge Q1236,ID1909,,"<unused94>thought
The user wants me to analyze a clinical case summary and choose the most appropriate next step from the given options.

**Case Summary Analysis:**
- **Patient:** Not specified, but the findings are from the left eye.
- **Findings:**
    - Slitlamp: Round, pigmented lesion (3x3 mm) in the anterior chamber, mobile (gravitational shifting).
    - AS-OCT: Lesion in the anterior chamber angle, abutting corneal endothelium, resting on iris stroma. No internal fluid level, no solid component.
    - UBM: Lesion is cystic, 1",
Merge Q1237,ID1910,,Answer: E,E
Merge Q1238,ID1911,,Answer: D,D
Merge Q1239,ID1912,,Answer: D,D
Merge Q1240,ID1913,,Answer: G,G
Merge Q1241,ID1915,,Answer: A,A
Merge Q1242,ID1917,,"<unused94>thought
The user wants me to analyze a clinical case and choose the most appropriate next step from the given options.

**Case Summary Analysis:**

*   **Patient:** Teenager, no significant past medical history.
*   **Symptoms:** Personality changes, headache, decreased vision (bilateral), hearing loss, vertigo (1 month).
*   **Exam Findings:** Alert but confused/disoriented, gait imbalance, ataxia.
*   **Imaging:**
    *   CT Head: Normal
    *   MRI Brain: Multifocal punctate areas of restricted diffusion (suggests inflammation/ischemia).
*",
Merge Q1243,ID1918,,"<unused94>thought
The user wants me to identify the most likely diagnosis based on the provided patient case summary and clinical findings.

**Patient Information:**
*   70-year-old woman
*   History: Hyperthyroidism, hypertension, neuropathy
*   Medications: Levofloxacin (recently started), propylthiouracil (PTU), amlodipine, pravastatin, solifenacin, gabapentin
*   Symptoms: 6-day history of painful lesions on both ears, starting on the left.
*   Physical Exam: Localized retiform purpura on right earlobe and bilateral",
Merge Q1244,ID1919,,Answer: C,C
Merge Q1245,ID1923,,"<unused94>thought
The user wants me to identify the most likely predisposing factor for a patient presenting with infective endocarditis (IE).

Here's a breakdown of the case information:
1.  **Symptoms:** Fever, chills, fatigue, shortness of breath (suggestive of heart failure).
2.  **Physical Exam:** Grade 3/6 mid-diastolic murmur at the left sternal border (suggests aortic regurgitation, possibly due to valve damage), crackles at lung bases (suggests pulmonary edema/heart failure).
3.  **Echocardiography:** 12 mm",
Merge Q1246,ID1924,,Answer: F,F
Merge Q1247,ID1925,,Answer: C,C
Merge Q1248,ID1927,,Answer: B,B
Merge Q1249,ID1928,,Answer: A,A
Merge Q1250,ID1929,,Answer: A,A
Merge Q1251,ID1931,,"<unused94>thought
The user wants me to act as a clinical reasoning assistant and choose the best next step for a patient presenting with symptoms suggestive of peritonitis.

1.  **Analyze the case:**
    *   Patient: 62-year-old woman on peritoneal dialysis (PD).
    *   History: Kidney failure (IgA nephropathy), PD.
    *   Presentation: 1-day history of severe abdominal pain, cloudy PD fluid.
    *   Recent event: Broke aseptic technique 7 days ago (leaking PD catheter connection).
    *   Exam: Diffuse abdominal tenderness",
Merge Q1252,ID1932,,"<unused94>thought
The user wants me to identify the diagnosis based on the provided clinical case summary and histopathology findings.

1.  **Analyze the clinical presentation:**
    *   40s man, otherwise healthy.
    *   3-month history of an asymptomatic scalp nodule.
    *   Physical exam: 2x1.5 cm, skin-colored, firm, nontender, freely mobile nodule on the right occipital scalp with normal overlying skin.

2.  **Analyze the histopathology findings:**
    *   Nodular lesion in the dermis, unremarkable epidermis.
    ",
Merge Q1253,ID1933,,Answer: C,C
Merge Q1254,ID1934,,"<unused94>thought
The user wants me to act as a clinical reasoning assistant and choose the best next step for a 4-year-old girl presenting with leukocoria (white pupil) in the left eye, with poor vision in that eye.

1.  **Analyze the case:**
    *   Patient: 4-year-old girl.
    *   Presenting symptom: Leukocoria (white pupillary reflection) in the left eye for 2 months.
    *   Examination findings:
        *   Right eye visual acuity: 6/7.5 (good).
        *   ",
Merge Q1255,ID1937,,"<unused94>thought
The user wants me to analyze a patient case and choose the most appropriate next step from the given options.

**Patient Information:**
*   52-year-old man
*   History: Severe primary open-angle glaucoma (POAG) OU, elevated IOP with topical corticosteroids.
*   Left Eye (OS): Baerveldt tube shunt 2 years ago, IOP previously 8-14 mmHg. Current IOP 19-23 mmHg (above target).
*   Medications (OU):
    *   Timolol BID
    *   Brinzolamide-br",
Merge Q1256,ID1938,,"<unused94>thought
The user wants me to analyze a patient case and determine which treatment option is contraindicated.

**Patient Information:**
*   Sick for a week with diarrhea.
*   Staying home from work.
*   Vitals: T 97.5°F (36.4°C), BP 62/32 mmHg, P 185/min, RR 25/min, SpO2 98% RA.
*   Profuse, bloody diarrhea in the ED.
*   ECG provided (Figure A - not shown, but the clinical picture is",
Merge Q1257,ID1940,,"<unused94>thought
The user wants me to analyze a clinical case and choose the most appropriate next step from the given options.

**Case Summary:**
- 73-year-old man
- 2-3 week history of herpes zoster (shingles) in left T11-T12 dermatomes.
- Developed a painful, progressive bulge in the left flank.
- Bulge is more prominent on standing, coughing, straining.
- Physical exam: Reducible protrusion in the left flank, overlying skin has red to light brown macules (consistent with resolving shingles).
- CT abdomen: Convex",
Merge Q1258,ID1941,,Answer: C,C
Merge Q1259,ID1944,,Answer: A,A
Merge Q1260,ID1945,,Answer: A,A
Merge Q1261,ID1946,,"<unused94>thought
The patient presents with symptoms suggestive of an overdose, specifically nausea, dizziness, confusion, hyperthermia (39.0°C), tachycardia (120/min), tachypnea (10/min - although this is actually bradypnea, which is concerning), hypotension (100/75 mm Hg), dilated pupils, and dry, flushed skin. He has a history of major depressive disorder and admitted to ingesting a handful of pills 5 hours ago. His medications include ramipril, metoprolol, acetaminophen, and nortriptyline.

Nortriptyline is a tricyclic",
Merge Q1262,ID1947,,Answer: G,G
Merge Q1263,ID1948,,Answer: F,F
Merge Q1264,ID1949,,"<unused94>thought
The user wants me to identify the most likely diagnosis based on the provided clinical presentation and histopathology findings.

**Clinical Presentation:**
*   70s woman
*   3-month history of episodic fever
*   Painless cutaneous lesions on lower limbs
*   Physical exam: Indurated plaques with multiple telangiectasias on legs.

**Histopathology:**
*   Skin biopsy shows large round cells proliferating within dermal blood vessels.
*   Cells have scanty cytoplasm and prominent nucleoli.
*   These cells fill the vessel lumen.

**Differential Diagnosis Analysis:**

*   **",
Merge Q1265,ID1951,,Answer: C,C
Merge Q1266,ID1952,,"<unused94>thought
The user wants me to identify the most likely diagnosis for a patient presenting with a rapidly growing nodular lesion on the hand, given their history of chronic renal failure, renal transplant, multiple skin cancer surgeries, and immunosuppressive medication use.

1.  **Analyze the patient's presentation:**
    *   **Lesion:** 2 x 2.5 cm nodular lesion on the dorsal hand.
    *   **Growth:** Rapid growth over 2 weeks.
    *   **History:** Chronic renal failure, renal transplant 5 years ago, multiple skin cancer surgeries.
    *   **",
Merge Q1267,ID1953,,"<unused94>thought
The user wants me to identify the most likely diagnosis based on the provided clinical and histological findings.

1.  **Analyze the clinical presentation:**
    *   ""Coalescing annular, arcuate, and serpiginous red scaling plaques"" - Describes the morphology of the rash.
    *   ""Concentric pattern"" - Key feature of the rash pattern.
    *   ""Diffusely involving the chest, back, and abdomen with extension to proximal extremities"" - Describes the distribution.
    *   This clinical description strongly suggests Erythema Gyratum Repens (EGR).

2.  ",
Merge Q1268,ID1955,,Answer: A,A
Merge Q1269,ID1956,,Answer: C,C
Merge Q1270,ID1957,,"<unused94>thought
The user wants me to identify the correct statement about the condition described in the case summary.

**Case Summary Analysis:**
*   **Patient:** Male infant.
*   **Symptoms:** Multiple infections between 6-12 months (pneumonia requiring hospitalization at 8 months, 3 episodes of otitis media).
*   **Family History:** Male cousins with similar severe infections, one died at age 2 from pneumonia. This suggests a possible X-linked or autosomal recessive inheritance pattern, as it affects males in the family.

**Differential Diagnosis based on symptoms and family history:**
The pattern of",
Merge Q1271,ID1958,,Answer: G,G
Merge Q1272,ID1959,,"<unused94>thought
The user wants me to identify the most likely diagnosis based on the provided patient case summary and clinical findings.

**Patient Information:**
*   History: Myelodysplastic syndrome (MDS) -> Acute Myeloid Leukemia (AML) 4 months ago. Prostate cancer (treated 5 years ago). Colonic adenocarcinoma (treated 6 years ago).
*   Presenting Symptom: Acute onset blurred vision in the left eye, 3 days prior to presentation. No pain, photophobia, diplopia, vision loss, or floaters.
*   Slitlamp Exam (Right Eye):",
Merge Q1273,ID1962,,"<unused94>thought
The user wants me to identify the most likely pathogenic mechanism for a newborn presenting with bilious emesis, abdominal distension, decreased bowel sounds, and failure to pass meconium, with an abdominal radiograph showing three distinct gastric bubbles.

1.  **Analyze the clinical presentation:**
    *   Newborn female, 36 weeks gestation (late preterm).
    *   Bilious emesis at 3 hours of life: Suggests obstruction distal to the ampulla of Vater.
    *   Abdominal distension: Indicates bowel obstruction.
    *   Decreased bowel sounds: Consistent with",
Merge Q1274,ID1963,,"<unused94>thought
The user wants me to identify the most likely diagnosis based on the provided patient information.

1.  **Analyze the patient's symptoms and signs:**
    *   Pain: 7/10 severity, non-radiating, not relieved by rest.
    *   Location: Not explicitly stated, but the tests performed (hip flexion, dorsiflexion, strength testing, reflexes) suggest lower back/hip/leg involvement.
    *   History: First episode, denies red flags (fever, night sweats, weight loss, incontinence).
    *   Physical Exam:
        *",
Merge Q1275,ID1965,,"<unused94>thought
The user wants me to identify the most likely diagnosis based on the provided clinical case summary.

Here's a breakdown of the case:
1.  **Initial Diagnosis:** Patient has metastatic (N3, bone, brain) poorly differentiated lung adenocarcinoma with ROS1 rearrangement.
2.  **Initial Treatment:** Started on crizotinib (a TKI targeting ROS1).
3.  **New Symptom:** 3 weeks after starting crizotinib, developed dry cough, no fever/sputum.
4.  **Initial Findings:** Mild crackles, new consolidation on chest X",
Merge Q1276,ID1966,,Answer: A,A
Merge Q1277,ID1969,,Answer: A,A
Merge Q1278,ID1970,,Answer: B,B
Merge Q1279,ID1972,,Answer: B,B
Merge Q1280,ID1974,,Answer: C,C
Merge Q1281,ID1975,,"<unused94>thought
The user wants me to identify the correct initial setup for muscle energy treatment based on the provided clinical findings.

**Clinical Findings:**
*   Right transverse process of L5 is notably posterior.
*   This posterior position does not change with flexion or extension.
*   Right inferior lateral angle (ILA) is superior to the left.
*   Spring test is negative.

**Analysis of Findings:**
*   **Posterior Right L5 TP:** This indicates a posterior rotation of the L5 vertebra on the left, or a left rotation of the L5 vertebra.
*   **ILA Height Difference",
Merge Q1282,ID1976,,Answer: C,C
Merge Q1283,ID1977,,Answer: C,C
Merge Q1284,ID1979,,"<unused94>thought
The user wants me to identify the most appropriate next step in managing a patient presenting with mood swings, irritability, aggression, feelings of invulnerability, and physical changes (muscularity, acne), who also reports feeling ""excellent"" and struggles to explain his behavior. This clinical picture, especially in the context of potential substance use (implied by the need to taper or stop a drug), strongly suggests anabolic steroid abuse.

1.  **Analyze the patient's symptoms:**
    *   Mood swings, irritability, aggression, aggressive thoughts (especially towards authority figures) - These are common psychological side effects of anabolic steroid",
Merge Q1285,ID1980,,Answer: G,G
Merge Q1286,ID1981,,Answer: B,B
Merge Q1287,ID1983,,Answer: A,A
Merge Q1288,ID1984,,Answer: C,C
Merge Q1289,ID1986,,Answer: C,C
Merge Q1290,ID1987,,"<unused94>thought
The patient is a young man presenting with facial swelling, cervical lymphadenopathy, and signs of superior vena cava (SVC) syndrome (facial swelling worse in the morning, bilateral jugular venous distention). He also has fever and tachypnea. The chest radiograph shows mediastinal widening and hilar fullness, suggesting a mediastinal mass. SVC syndrome is often caused by malignancy, particularly lymphoma or lung cancer, compressing the SVC. The patient's age and lymphadenopathy raise suspicion for lymphoma.

Let's analyze the options:

A. Administer dexamethasone: Corticosteroids like dexamethasone can help",
Merge Q1291,ID1989,,Answer: B,B
Merge Q1292,ID1990,,Answer: C,C
Merge Q1293,ID1991,,"<unused94>thought
The user wants me to analyze a clinical case and choose the most appropriate next step from the given options.

**Case Summary:**
- 67-year-old woman
- Presented with increasing dyspnea and chest wall tenderness.
- History of choking on food 2 hours prior, requiring Heimlich maneuver, successful dislodgement of ham.
- On arrival: dyspneic, respiratory distress.
- O2 sat 80% on room air, improved to 99% on nasal cannula O2.
- Chest radiograph and CT scan performed (image not provided,",
Merge Q1294,ID1993,,Answer: D,D
Merge Q1295,ID1994,,Answer: C,C
Merge Q1296,ID1995,,Answer: D,D
Merge Q1297,ID1996,,Answer: D,D
Merge Q1298,ID1997,,Answer: C,C
Merge Q1299,ID1998,,"<unused94>thought
The user wants me to identify the structure in Figure A that is most likely to change in response to another infectious illness.

1.  **Analyze the case summary:** The patient had bacterial pneumonia 6 weeks ago and is now presenting for a 4-week follow-up. This means the follow-up chest radiograph (Figure A) was taken 2 weeks after the initial hospitalization for pneumonia. The question asks about changes in response to *another* infectious illness.
2.  **Analyze Figure A (Implicit):** Although the image is not provided, I need to infer what structures are typically labeled on",
Merge Q1300,ID1999,,Answer: C,C
